logCPM	PValue	FDR	log2FoldChange
SLC1A3	4.11556119051499	3.24844524259646e-192	1.18607232697682e-188	6.8199
DCLK1	5.89077934436678	3.10175813979057e-174	9.43761610000277e-171	3.2479
AKAP12	6.51231171088981	2.78699368861379e-87	2.54396783896667e-84	2.0102
GFRA1	3.06763996610583	2.22383195583671e-84	1.84537619026159e-81	5.4217
MYH10	4.17624869435953	3.04148401558791e-75	2.22101328754292e-72	2.5292
ARL15	2.69060879609041	4.24146222588283e-66	2.49781078695861e-63	4.229
FN1	7.14970912215459	7.65539145921838e-64	4.36740082748409e-61	1.6046
PHLDB2	7.30997845716734	4.59206010742615e-63	2.54038331276278e-60	1.5572
SLC26A2	7.12808980412549	2.7423490856056e-56	1.1642866257399e-53	1.5373
KCTD12	2.40439709031163	3.63870014240184e-56	1.50972976817473e-53	4.3557
TNC	3.56406711565521	4.40324589360094e-52	1.64052361293018e-49	2.3525
FGF2	3.67941592909758	6.96935669233174e-49	2.49475638774918e-46	2.2578
RAB3B	4.44917037340709	2.10752581923877e-48	7.3990367992352e-46	1.8203
ITGA2	7.55776946612003	5.61051187016121e-47	1.89676860558635e-44	1.3367
FAM171A1	4.04524478526662	1.36183040754524e-46	4.52028653093562e-44	2.0264
ZNF462	3.63075473758777	5.33494970705608e-46	1.67922141124165e-43	2.3361
MYH15	4.59979627547634	1.00389914329986e-42	3.00445619017743e-40	1.8448
COL27A1	3.01741945791622	2.82824509738882e-41	8.06756914030162e-39	3.1771
C1S	5.4070821769995	3.06809471323724e-37	8.00159101212273e-35	1.3811
CYR61	7.72142979905969	4.61379832908697e-36	1.12306003061082e-33	1.5159
FHL1	2.32720230870517	1.15486927862558e-35	2.73809007150502e-33	2.9966
OLR1	5.05130570591658	1.85922115813653e-35	4.29644828644816e-33	1.4491
COL6A2	5.13201185278396	1.05782951496003e-34	2.41396695313879e-32	1.4188
BCAT1	7.20321706668792	1.6011666837436e-34	3.52179505764135e-32	1.0956
CACNG6	4.09791346734936	1.4082813510971e-33	2.98948655181729e-31	1.7726
KIAA1549L	4.40948323069958	2.50380147509557e-33	5.2539539918787e-31	1.4621
TRPC4	3.07621188314467	6.0296607201162e-32	1.23682568658923e-29	2.0483
TLE4	1.2878328464111	1.20600312906027e-31	2.44631034712492e-29	5.0494
ETS1	6.21645975011759	3.27016163259954e-31	6.56044733678432e-29	1.109
THBD	3.116324956837	1.4042891940514e-30	2.61599015577575e-28	2.1892
NAV3	4.41812903076852	4.09639746031666e-29	7.19075308034048e-27	1.4722
SOCS2	4.66603055841644	5.63578012267994e-29	9.61558896445281e-27	1.2842
KCNQ5	2.0850205799417	1.08112397011262e-28	1.77810803588973e-26	2.9164
GFOD1	2.96684706307895	2.98783507779596e-27	4.58369051934816e-25	1.906
MAP7D3	6.26073163080736	3.48026542750102e-27	5.29464380370489e-25	1.2614
BIRC3	4.50003328651679	5.20583626728998e-27	7.78997925374147e-25	1.3027
RPL22L1	7.16243081237147	6.32493253660306e-27	9.3876397063598e-25	1.2115
ADGRG6	6.07831160079488	6.6531802642113e-27	9.79519829866463e-25	1.0744
IGFN1	5.61242143302916	9.65780832320821e-27	1.38829093502747e-24	2.0303
ANKRD33B	6.1659782517408	1.27877289644096e-26	1.82384984354892e-24	1.0455
HDGFRP3	4.60308471918137	2.03711274713294e-26	2.81738865997417e-24	1.648
ANKRD1	4.74825383523271	2.07055566088829e-26	2.8421100861035e-24	1.4052
SPOCK1	5.56633195461208	3.58616456115409e-26	4.88574777824098e-24	1.0549
FAM198B	3.38826706572959	5.730182987657e-26	7.69192798696076e-24	1.6386
COL13A1	2.36224159042649	2.06217798319158e-25	2.68908009008182e-23	2.4688
ATP11A	7.0108199688073	3.52824551279952e-25	4.44218276425297e-23	0.9706
HLA-DQB1	2.15689509754114	6.6593356977258e-25	8.21438057416771e-23	2.4257
CARD11	6.57368441781196	8.57583394562561e-25	1.02327074844014e-22	1.0042
ZBTB41	6.04445575145709	1.74736927411127e-24	2.0448700941138e-22	1.1
ABCC4	5.96768121851472	2.1910664546634e-24	2.54777765581752e-22	1.0221
LOXL2	6.32135055946624	2.3378883649978e-24	2.70129683489873e-22	0.9497
SMURF2	7.12679425234103	3.02932015429202e-24	3.45645429604719e-22	0.9326
NFIX	4.69065230290361	6.66455156038959e-24	7.55169459231189e-22	1.1762
MPP6	5.89925585517607	4.99656599762901e-23	5.39747389661036e-21	0.9761
TNFSF15	1.66942868778874	1.43950107396088e-22	1.484719299787e-20	2.9747
KIRREL	6.45213133406704	2.40458304987099e-22	2.43878156435804e-20	0.9048
TMEM52B	2.95065855938396	2.86430586451155e-22	2.88899269958689e-20	2.1017
ADD2	3.11426725661312	4.54656805018406e-22	4.51098621326958e-20	1.618
OLFM2	2.67547658237909	5.22462363971395e-22	5.15571509008746e-20	1.9584
PTX3	1.53471134134704	5.79907138360994e-22	5.6918197408163e-20	3.151
IL6ST	7.39949534013955	9.31779672078508e-22	9.04817536886449e-20	1.0043
TSPAN9	3.96368336054065	1.16741101654458e-21	1.11582489623235e-19	1.3479
DSE	6.15287273547969	2.28467407092512e-21	2.13892358147738e-19	0.9011
FAM101B	2.22167579132076	2.65803111342193e-21	2.47576612278729e-19	2.3459
EGFR	8.59572971577705	4.15024950718255e-21	3.80738467352385e-19	0.8838
SPARC	6.3867570123987	5.8156133059114e-21	5.20440375062346e-19	0.9028
SYTL3	3.18227656931612	6.67693066375078e-21	5.86029068256895e-19	1.5313
SLC2A3	4.74219236186962	1.0695942166064e-20	9.12453832633946e-19	1.0554
PDP1	5.67356182545334	1.37866140910217e-20	1.16522419835969e-18	0.9114
TGM2	9.58120528021881	1.67360703100408e-20	1.40798939898665e-18	0.8955
ZAK	7.0705275024073	2.4682873053682e-20	2.02067502452027e-18	0.8526
NEDD4L	6.72790759251207	2.86532273879793e-20	2.33523803212031e-18	0.8529
AKT3	2.92869659598926	3.00911164436622e-20	2.4415263190911e-18	1.7792
TCF7L1	2.77705078035929	5.96234682196747e-20	4.71206076111854e-18	1.9282
FAM20C	4.79556345813296	6.71642469348858e-20	5.28513143122101e-18	1.0791
CTGF	4.1988715511408	6.80251788135803e-20	5.32990413914473e-18	1.3354
IPO5	8.51886193680469	7.13909278043758e-20	5.54601182126249e-18	0.8117
COL5A1	6.09866516974893	8.72905388055961e-20	6.723949689599e-18	0.8991
GPR176	3.62011541153705	9.62140845319299e-20	7.34930680843059e-18	1.5452
LCP1	9.05077096447689	9.86414491055294e-20	7.47219209489853e-18	0.8192
IL27RA	3.76298045641047	1.63051426963742e-19	1.210027175061e-17	1.2883
NOG	4.30626299911603	1.76011763294295e-19	1.28530830028026e-17	1.0877
FLI1	2.84942747401588	1.92777166506404e-19	1.40212747081311e-17	1.6174
PROCR	3.88087932192283	2.20091715772062e-19	1.59444220759316e-17	1.2296
FAM196B	1.58311920364022	2.40024176879876e-19	1.73196892218143e-17	2.7495
SLC7A2	3.66658621742617	6.55132644416096e-19	4.56492425819093e-17	1.247
GAL	4.24669255376656	6.93288020055409e-19	4.79419170232256e-17	1.0999
NEK3	1.71023811456617	7.57397046376716e-19	5.21775112402012e-17	2.634
DDX21	8.93800593922214	8.59426664843131e-19	5.87628958553415e-17	0.8564
PAK1IP1	6.2689848928924	1.00619356408602e-18	6.82865044831017e-17	0.8327
UBASH3B	7.4738923484401	1.09837793674525e-18	7.42666207897087e-17	0.7936
SLIT2	4.05102583634852	1.13181328924452e-18	7.62449572267454e-17	1.1256
CD83	3.54809036745019	2.46270061444537e-18	1.62307084539042e-16	1.3276
TOP1	7.92262998088127	2.47632778466664e-18	1.62618129629044e-16	0.8058
NUAK1	4.77928105601718	2.82593045399472e-18	1.84250665600456e-16	0.9945
TMEM2	7.10476524420575	3.19984828822111e-18	2.06418481801289e-16	0.7751
AMOTL1	6.91982765849311	3.45392054879445e-18	2.22023850488702e-16	0.7876
GYG2	1.91452120092122	3.69582225653037e-18	2.35912346556708e-16	2.1898
PRKAR2B	3.68116156018601	1.54698752961294e-17	9.41393478020461e-16	1.3646
GRIN2D	2.77926279471135	1.58002249866166e-17	9.58302017792933e-16	1.6016
OGFRL1	6.16213097240058	1.87678608044762e-17	1.13077909850336e-15	0.8641
TAF4B	3.08340194862282	2.3311778132971e-17	1.39078373070431e-15	1.4629
ZNHIT6	5.96991473335834	2.83266542083119e-17	1.67899804943812e-15	0.8167
WWC2	6.22396764227163	3.80431008234311e-17	2.19783179947012e-15	0.834
ZNF121	4.6741897090014	3.84789515879014e-17	2.21599918040608e-15	0.954
AFAP1L1	5.08106422421011	5.63085998489865e-17	3.19245279143819e-15	0.8836
ANXA6	4.81696322683428	1.66400039192704e-16	9.12251986637239e-15	0.9058
TUBB6	6.36855437971088	2.61995265380997e-16	1.41928355038442e-14	0.7816
LNPEP	4.11337767505528	3.22425382343742e-16	1.73634152804347e-14	1.0357
SLAIN1	2.16639661853488	4.21214180010226e-16	2.23537385763566e-14	2.015
KLHL5	7.41699240048237	4.29768878948622e-16	2.27416250843074e-14	0.7676
ARHGAP22	2.94488805277089	6.04986005481845e-16	3.1556070045933e-14	1.3813
DEGS1	5.53907332272082	6.22386644645716e-16	3.21877920245105e-14	0.809
XAGE2	0.298021285886093	6.54569490934687e-16	3.37565554421007e-14	4.6657
SNX18	4.46320194163904	9.78091114182941e-16	4.96152639736382e-14	0.9733
CACNG8	3.76351362909332	1.15041193881224e-15	5.79646077732122e-14	1.6416
TMEM156	4.73868887304404	1.26936864956909e-15	6.36637199630037e-14	1.0261
COL4A1	5.07442508927728	1.40553308112823e-15	7.01076828663303e-14	1.0349
ABL2	5.81941824040119	1.51831221438417e-15	7.51173652731637e-14	0.7721
FGD6	5.43262825378738	1.71538928996252e-15	8.46382348042048e-14	0.7983
PDP2	5.29259400067669	1.79208936146792e-15	8.81843217869498e-14	0.8038
SRGN	6.63352466527965	2.0885791706601e-15	1.02222791795096e-13	0.7844
JPH1	2.57184354192998	2.49457506025818e-15	1.21119580585301e-13	1.6245
CCDC88A	5.23511494199189	5.71191512803527e-15	2.70146949682414e-13	0.8015
ERBB2IP	8.17996007868076	5.78952957649748e-15	2.73110211753328e-13	0.6905
FGFR1	3.43924121473414	6.25078994190197e-15	2.93353267813271e-13	1.2006
AFAP1	6.96182109771685	6.46255084921132e-15	3.02513662315902e-13	0.7349
IGF2BP1	6.20862837177807	7.58895498445031e-15	3.51634421817576e-13	0.7626
CCBE1	3.34373495339656	8.34112923001496e-15	3.8453448288675e-13	1.2285
KIAA0226L	0.0473232585684962	8.41880981620629e-15	3.87138015125093e-13	5.7984
GFPT2	4.83456482213551	9.4851743956885e-15	4.35078753185149e-13	0.8939
EFNB3	1.24733986986615	9.77219296398604e-15	4.47120688597817e-13	2.4628
MYCBP2	6.77262618776028	1.02884477484891e-14	4.69564755241043e-13	0.7425
WDR3	6.6182982082521	1.03741310433529e-14	4.72294604307858e-13	0.7046
DLC1	3.40008774361057	1.0759396547639e-14	4.86282618405384e-13	1.3545
PPARGC1B	3.30147205670814	1.38255172181146e-14	6.14108618817273e-13	1.2069
TOX2	3.95061622444755	1.55246761861602e-14	6.86243313449251e-13	0.9929
FAT1	7.52951012959251	1.66707068338482e-14	7.35121797001771e-13	0.752
SLC7A1	7.06299884937188	1.70011466739574e-14	7.47886587180162e-13	0.7088
RASAL2	6.73278680212854	1.94326632017075e-14	8.52794950505703e-13	0.7366
BAMBI	3.28830347740978	2.44317405047647e-14	1.06196632060711e-12	1.2455
CHD1	6.78164482273537	2.57902208034121e-14	1.11306447041865e-12	0.6948
MBNL2	6.44649323410337	2.61202133497603e-14	1.12200144685464e-12	0.7198
NUFIP1	4.69204615873445	2.78019092672739e-14	1.18864556342706e-12	0.8437
LRP6	6.76267631120432	3.01307442125457e-14	1.28220714765556e-12	0.7286
SUPT20H	5.55346227033169	3.12037731258244e-14	1.3217078472971e-12	0.7753
HS6ST2	5.98008847410727	3.75092753593247e-14	1.5741823700226e-12	0.8304
NUP153	7.76346539159134	3.82908399858875e-14	1.60301198836503e-12	0.6784
CDCA7	6.76431539739681	3.95741541849846e-14	1.64946520274219e-12	0.7558
PTAR1	6.63090721244325	4.19898960119776e-14	1.74616752071677e-12	0.7974
MSI2	4.19171627652273	4.28156575455079e-14	1.77646055488817e-12	0.9352
MIR100HG	3.92119637606984	4.46070287122729e-14	1.84241157504809e-12	1.0539
ZSCAN12	6.02194442509622	4.55477088879567e-14	1.87701799877774e-12	0.7236
MICAL2	5.55829767400551	4.59856541176326e-14	1.89079752606194e-12	0.772
PRR5L	2.36576175701528	5.04702287298289e-14	2.06588451948824e-12	1.6305
CCDC144B	4.40669992691457	5.57601675381918e-14	2.27731010867389e-12	0.8928
ERC1	6.28790616341176	6.95723324257058e-14	2.8224722239193e-12	0.7042
PROSER2	5.88260765986881	7.32368210159136e-14	2.95798983289053e-12	0.7546
TXLNG	6.37630530871681	7.92250596813225e-14	3.19278739413294e-12	0.706
NUFIP2	7.94886163208238	8.88794638617851e-14	3.54275871672653e-12	0.6661
ZBTB18	6.05663572854755	9.18952550444893e-14	3.65498861893725e-12	0.7417
CUL4A	7.46376356825708	9.68809722931575e-14	3.81999790536476e-12	0.6606
DCBLD2	7.94483549429185	1.02352882820117e-13	4.01839619089045e-12	0.7173
KIAA0754	4.78499729985406	1.31790432861649e-13	5.12999177467433e-12	0.8066
TP53I11	0.76145870490593	1.33579252188428e-13	5.16657378803378e-12	3.1405
NFAT5	6.34717940453564	1.44516367921902e-13	5.57778184520559e-12	0.6941
MTCL1	5.15903507929029	1.51866392934608e-13	5.84909888062069e-12	0.7596
PROSER1	6.03355583956093	1.66331777805036e-13	6.33935894699112e-12	0.79
PRTG	4.53692158659032	1.72088281094212e-13	6.54509095761654e-12	0.896
DNMBP	5.21618143557398	2.00829301651949e-13	7.59076548852585e-12	0.8091
NFKB2	4.37760478553907	2.13890990404167e-13	8.0677560347489e-12	1.066
RAP2A	5.66017582422338	2.40573140510632e-13	8.99980174828298e-12	0.7164
DIS3	6.0176549297534	2.52491408969831e-13	9.4263459348737e-12	0.7231
ATP13A3	8.93284402061137	3.57384411868366e-13	1.32073073341476e-11	0.7463
FAT3	2.79904508500035	3.69134203636816e-13	1.36139677203913e-11	1.3428
Mar-04	5.84418492692616	3.87352826388542e-13	1.4228396777765e-11	0.7888
GJC1	6.38804816182432	4.12800492004674e-13	1.51023763167081e-11	0.6889
KIF2A	6.59598993262435	4.36881585075812e-13	1.59195812717446e-11	0.7076
MSI1	1.10170564118495	4.83079297885543e-13	1.74290428106689e-11	2.4216
SERPINE1	6.40062837745555	5.06373316562045e-13	1.81261789552092e-11	0.6737
RNF169	5.87756901656617	7.40965176748543e-13	2.62661364402357e-11	0.7409
BEND7	1.8222356051034	7.67198755003682e-13	2.71433730064868e-11	1.8887
GXYLT1	5.36576068857975	8.10023345997187e-13	2.84928443247103e-11	0.7212
DOCK10	5.62145253770793	9.35148676531933e-13	3.2705123062772e-11	0.709
MB21D2	3.73878359058542	9.39698304153313e-13	3.28014000776728e-11	0.9562
HSPH1	8.82323822052953	9.98994640040371e-13	3.48046682224752e-11	0.6405
KANK4	2.98684014676196	1.06960042488280e-12	3.71935721079247e-11	1.239
KMT2A	7.22671115911603	1.08009742882082e-12	3.74871837653096e-11	0.6522
SEMA6B	2.99148491676604	1.32595063770717e-12	4.55010429360565e-11	1.3409
BTAF1	5.73409037752066	1.365353681141e-12	4.66777093687456e-11	0.7448
FERMT2	4.54181398151353	1.45320133291428e-12	4.95881187545479e-11	0.832
FOXN2	4.48460406462515	1.69641599573182e-12	5.73514267001482e-11	0.853
HIP1	6.22400565531189	1.70322510016732e-12	5.74751893320787e-11	0.684
CHD7	4.8354942703163	2.06035176924391e-12	6.86382881374394e-11	0.7772
LEF1	2.41519737088424	2.12726780764918e-12	7.07384355126476e-11	1.4743
PRKD3	6.07761882421354	2.19483505081346e-12	7.2588602695019e-11	0.6731
ZC3H12C	5.08849107755897	2.22746000591354e-12	7.34016423609344e-11	0.7763
CLINT1	7.8469124013044	2.37518735743177e-12	7.81286854004944e-11	0.7227
CPM	2.28845074401153	2.50857100580042e-12	8.23677559026844e-11	1.5208
NUPL1	6.49037976427473	2.87138755311979e-12	9.34403764166753e-11	0.7172
TJP1	4.09064698262969	2.97627120857213e-12	9.65094266140191e-11	0.9736
RIF1	7.19338739136786	3.05515244390802e-12	9.88916010921716e-11	0.6824
PUS7L	5.03941916029425	3.1475924141514e-12	1.01523758149731e-10	0.8095
ELL2	5.8471996626591	3.95921827192182e-12	1.26584043383896e-10	0.668
LOC100506178	3.03941842965969	4.01342584976886e-12	1.28092836212203e-10	1.2132
SPG20	6.58878427693626	4.20164809093258e-12	1.33632905136002e-10	0.6663
TAOK1	7.19030771163469	4.21076095220871e-12	1.33689829466995e-10	0.7654
ITGAM	0.582840238534916	5.41892536257439e-12	1.7056534727441e-10	2.8003
NOC3L	5.70712088895235	6.61760023854335e-12	2.07070676349866e-10	0.7209
CDK8	4.98776239003884	6.71092003069285e-12	2.09426591590305e-10	0.722
ADRBK2	2.12187576435051	7.03403594764847e-12	2.19135427065308e-10	2.0272
HIVEP3	4.27300791112681	7.30875243953505e-12	2.27305936177431e-10	0.901
ICAM1	4.14328361172944	9.08591866903613e-12	2.80664181424575e-10	0.8584
PDS5B	6.1429526839499	9.4302060460941e-12	2.89828016123727e-10	0.6488
UBLCP1	5.99512625556345	9.88522294965513e-12	3.03301899443536e-10	0.6777
ZNF678	3.79640463762718	1.07311042236708e-11	3.28425210667257e-10	0.8959
SFRP1	6.30789823037622	1.07580124878955e-11	3.28425210667257e-10	0.6681
LRCH1	4.16354031252536	1.0931495306744e-11	3.33164237595858e-10	0.8331
GPSM1	2.4600187930789	1.09556432178519e-11	3.33343704308506e-10	1.3391
DUSP5	4.19849433371796	1.20380255157682e-11	3.64454716112545e-10	0.8286
SCML2	2.19395181531257	1.22839133665928e-11	3.70669623835568e-10	1.5007
PXDN	7.41471511558308	1.24463135396983e-11	3.74950330001208e-10	0.618
DLG1	7.96159742386383	1.25308721990515e-11	3.76875787258459e-10	0.6274
H2AFY2	0.973702765081184	1.30924936849986e-11	3.93119349857457e-10	2.4145
KISS1	2.21105641026549	1.36318706491613e-11	4.08642743138076e-10	1.8962
ITSN2	5.22226780040577	1.40076108381887e-11	4.17166302548078e-10	0.6978
SLC16A7	3.42100058568145	1.43163865516989e-11	4.24975533150918e-10	1.1143
PIK3C2A	7.08687066241797	1.55448383745006e-11	4.59201568551591e-10	0.6495
KPNA3	6.87039503557498	1.7258438836685e-11	5.07359193884898e-10	0.6086
U2SURP	8.0934099828039	1.9564389344148e-11	5.72383801068534e-10	0.6673
NAA15	7.39770206015882	2.02614749064327e-11	5.91829577426935e-10	0.6019
STMN3	4.92591499779505	2.22157358727533e-11	6.46842861392319e-10	0.8612
CDK6	7.19278445526668	2.26833357569321e-11	6.59406015252471e-10	0.6131
TEX15	3.98635636692141	2.28922031627561e-11	6.63365176094088e-10	0.9305
GAN	3.55342600767704	2.3047406634691e-11	6.66804208435687e-10	0.9855
Aug-02	7.1428749141805	2.44875551333051e-11	7.0623192182246e-10	0.6543
LONRF3	3.55327702997187	2.48337119912087e-11	7.13959442695286e-10	0.9494
FRMD4A	4.96545065810314	2.76997980412568e-11	7.90136739126851e-10	0.7187
WAPAL	6.23893956020677	3.75122933544002e-11	1.0584612480339e-09	0.6245
ZC3H13	7.55135707564675	4.61626259874292e-11	1.29189717406154e-09	0.7987
CBL	6.25559994413192	4.62099504087524e-11	1.29189717406154e-09	0.7171
ELOVL2	2.36411140093883	4.87714162112203e-11	1.36142350818354e-09	1.3405
SLC8A1	4.50500750101635	5.41426929579914e-11	1.49761970097135e-09	0.7661
NUAK2	3.43334816740764	5.62830880347824e-11	1.55446906983811e-09	0.9966
ACSL4	7.45324966102844	6.41038292978908e-11	1.76246913804562e-09	0.6354
RSF1	7.1009396291309	6.56387061922456e-11	1.80195521841449e-09	0.6117
INHBA	5.39874192135033	6.89500385305329e-11	1.88435913684642e-09	0.8411
S100A9	2.27299943923164	8.31925946041319e-11	2.25335906096889e-09	1.6045
COL12A1	5.8705874370683	9.32626015598673e-11	2.52237341344731e-09	0.7251
UTP20	6.37553259377481	9.45152368962314e-11	2.55247065795503e-09	0.6199
HDAC9	3.97876230029081	9.53885385784456e-11	2.57224986748612e-09	0.8441
FKBP5	5.20331008856483	1.02410692866713e-10	2.75753629642288e-09	0.7439
POP1	5.94532966718526	1.02641613874887e-10	2.75968380397634e-09	0.6216
BEX2	0.82256125292086	1.09352636525456e-10	2.93148565698785e-09	2.3731
KDM6A	4.36569266295934	1.09695356680693e-10	2.93636133660224e-09	0.7646
PROS1	0.596120256379167	1.12686958715668e-10	3.00762151800182e-09	2.5813
NBN	7.08795397347057	1.19000289061458e-10	3.15765883300289e-09	0.6192
RAP1GAP2	4.66841662774091	1.20502196181193e-10	3.19287096296641e-09	0.7368
CD44	9.98671021911695	1.2740149637767e-10	3.3707850983634e-09	0.6108
NKX2-5	2.4533836128938	1.28809680895971e-10	3.40311075895346e-09	1.4156
BMP6	0.0863620925151585	1.36461443225105e-10	3.59486307001085e-09	4.416
NUDCD1	6.41847686275479	1.52458276372769e-10	4.00471696900903e-09	0.5942
HEG1	5.61253341400285	1.65083241887032e-10	4.31153027738149e-09	0.7177
ITGAV	6.5014785927271	1.717874787414e-10	4.47382626519687e-09	0.7432
CHD9	5.53409853980546	1.77941775854171e-10	4.62091758178341e-09	0.6386
ABHD13	4.77816375005538	1.78647890963307e-10	4.63266462702575e-09	0.8664
SIX4	5.60920994068127	1.79326686924491e-10	4.63709347945255e-09	0.6373
C10orf2	4.76242452044398	1.80330615723369e-10	4.65645787927274e-09	0.7177
SGTB	4.30070333188522	1.95837813599402e-10	5.04261653747628e-09	0.776
KIAA1324L	3.75873036534286	2.17806822898988e-10	5.58466482983698e-09	0.8628
HMGA2	6.69459141385219	2.25207645312511e-10	5.74216588383407e-09	0.7481
FUT9	5.35390251143908	2.46810453137006e-10	6.2580161562072e-09	0.6411
C12orf75	1.44360252634256	2.69142567417876e-10	6.79594289181291e-09	1.951
ZNF853	4.69972162052304	2.91038669190628e-10	7.3285544065436e-09	0.7755
DNAJC3	5.59822735490691	3.01936997812183e-10	7.58206579375407e-09	0.6875
TRIM14	5.66675623793639	3.03860296765591e-10	7.61988128812175e-09	0.6555
BAZ1B	8.35273864967506	3.10135641536908e-10	7.76657924814512e-09	0.5901
ATRX	7.32675465828613	3.11977441005541e-10	7.80200022328379e-09	0.5596
NLN	7.18063568986102	3.18034148869093e-10	7.9317369149647e-09	0.6169
AKAP11	5.92505610270284	3.19338186944032e-10	7.95339418942734e-09	0.6363
CDK12	7.40742736104976	3.20829133472971e-10	7.97964122708796e-09	0.5707
ZNF714	4.39358264164843	3.22652213700681e-10	8.01406641267978e-09	0.7558
PLEKHG4B	0.0248213215424937	3.36917915690725e-10	8.33438139410553e-09	3.3273
LIG4	4.55808252922654	3.44439165460878e-10	8.50890582497129e-09	0.8863
MAK16	5.13170302814204	3.4918933610728e-10	8.61459529726285e-09	0.7235
RFC1	7.12176190957	3.73778601068256e-10	9.17164266277163e-09	0.5582
FAM126A	6.30618343591318	4.04449542530642e-10	9.88437864583589e-09	0.7726
PPM1H	4.69247997837492	4.23020825539389e-10	1.02968909213961e-08	0.7422
SPIRE1	5.19407900479239	4.3435209259716e-10	1.05586308954111e-08	0.6373
PHLPP2	4.10707703682238	4.40023132635359e-10	1.06680774361104e-08	0.7693
BMP7	0.381949853767072	4.40706555047128e-10	1.06704759535018e-08	2.8154
PABPC4L	1.63759988329332	5.00879203853875e-10	1.20770124737961e-08	1.6739
SLC25A15	4.44636577645591	5.2602745829409e-10	1.26191291440432e-08	0.7145
LOC441666	4.09916206630282	5.48294032162837e-10	1.31016437842471e-08	0.9039
COL26A1	0.745706923092767	6.05944834624188e-10	1.44038136730458e-08	2.281
RNF219	4.88897394180913	6.29838754074409e-10	1.4952322879561e-08	0.798
PALM	0.97628448122446	6.33227893935214e-10	1.50132577034822e-08	2.2414
WDR43	7.29075234469941	6.77318468877733e-10	1.59756149455193e-08	0.5945
MCOLN2	-0.13227235158654	7.10192969227823e-10	1.67078387193597e-08	3.7434
SLC7A11-AS1	2.29522072579676	7.11406294781792e-10	1.67148433945127e-08	1.365
CD22	3.66338809626624	7.17015918357963e-10	1.68249904955565e-08	0.9356
FAM43A	4.552129368115	8.00261801493346e-10	1.86647824744211e-08	0.7312
SLC7A11	9.24255363218529	8.03998026615284e-10	1.87216683340416e-08	0.6548
SMCHD1	7.56575949139024	8.07187811448262e-10	1.87720008736299e-08	0.5554
MOB1B	5.6011702849347	8.0833480134544e-10	1.87747584393923e-08	0.6663
PWWP2A	5.26917219617997	9.17686453575157e-10	2.12335664087048e-08	0.6215
C18orf25	5.48057398477381	9.22900622817311e-10	2.13271819875352e-08	0.6293
NFE2L3	7.20455556335394	9.40918416699744e-10	2.16886447162507e-08	0.6309
GRAMD1B	3.00384536539598	1.06245606535914e-09	2.43670828256238e-08	1.041
XPOT	8.00064180678083	1.11538908600402e-09	2.54850352366576e-08	0.5744
UBXN7	6.16252620390162	1.11942234872172e-09	2.55452179978297e-08	0.7098
APLN	1.267751591257	1.13987347579099e-09	2.59729430749804e-08	2.1505
ADGRV1	1.32813680947851	1.15479890150503e-09	2.62540582140421e-08	1.9247
SETX	6.31376638936833	1.1848123049399e-09	2.6902902287292e-08	0.5712
SLC44A5	-0.10834895936237	1.20257801036329e-09	2.72723778350214e-08	3.7731
VPS13A	6.97002457939268	1.27429705078269e-09	2.88272205193169e-08	0.5691
GALNT14	2.98623124917903	1.30873620013156e-09	2.95696634524775e-08	1.0466
SLC16A1	7.41577523755867	1.47472637245359e-09	3.30338707429605e-08	0.541
ITPR2	5.46656520278936	1.48027842161787e-09	3.31176015503136e-08	0.6122
SH2B3	3.68422660110895	1.49216599428453e-09	3.33426957058241e-08	0.9047
GPR161	3.33199555934176	1.68852390212745e-09	3.75465193145417e-08	1.0008
RELB	2.15946140461058	1.79059642885247e-09	3.96712723363236e-08	1.4656
EPDR1	3.45937141574265	1.80765866485194e-09	4.00007473764085e-08	0.9388
RBM26	6.70631839387457	1.84864415699221e-09	4.08581691647092e-08	0.7299
PLCXD2	1.84412411923198	1.85187591565198e-09	4.08801048562787e-08	1.5108
HOOK3	5.16971019301882	1.8636625319025e-09	4.10612185554145e-08	0.6713
TSR1	6.77675961607789	1.86457877861736e-09	4.10612185554145e-08	0.5854
MFHAS1	4.61784249231463	1.8836881501137e-09	4.13822032111621e-08	0.7442
CHAMP1	5.38267130200657	1.90175577479396e-09	4.16788156358206e-08	0.6525
NLK	5.22270586572278	1.9087870546972e-09	4.17327143359905e-08	0.6348
KIFC3	4.94060399650647	1.96365442744109e-09	4.27276224402438e-08	0.6269
ZNF117	4.6865382988155	2.25352620152567e-09	4.86292840839866e-08	0.6569
AMER1	4.64234146427519	2.26793622572453e-09	4.88824601379305e-08	0.7255
FIGN	3.71942044944168	2.44164289231601e-09	5.23791217886264e-08	0.8485
ANKRD17	6.86669299832853	2.71707506565037e-09	5.79473392505994e-08	0.5722
SH3KBP1	7.35134417620599	2.78311052721027e-09	5.9217326089453e-08	0.6816
ZNF354C	3.68165096564575	2.79363468059263e-09	5.9372054399184e-08	0.8369
STAT5B	4.56656288247639	2.80198685648474e-09	5.9480316339518e-08	0.7865
PAWR	7.68064193550074	2.84948094225946e-09	6.04182625805908e-08	0.6954
EIF2AK2	7.06385051810118	3.09000569222098e-09	6.49897971396155e-08	0.5389
PURA	5.23748578670491	3.31121660938314e-09	6.94822648516076e-08	0.5994
MECP2	6.5215271733975	3.37952693535267e-09	7.07530318025211e-08	0.5728
CDK17	4.95104137067167	3.6329232955106e-09	7.57107850260747e-08	0.7203
STC2	6.62942754603885	3.78344709651569e-09	7.85786236564169e-08	0.5461
KCTD15	4.63790708946459	3.83856602039153e-09	7.95424077959906e-08	0.6749
KDM1B	5.36675623585611	4.08015877214576e-09	8.42617404347205e-08	0.6034
SYDE2	3.8569599443073	4.26156579056015e-09	8.79086384999617e-08	0.9076
LRP3	2.38247994646441	4.33054645735113e-09	8.92307631212214e-08	1.2244
HEATR1	6.55478109083851	4.40772892412561e-09	9.06165531968886e-08	0.5822
SLC25A37	5.69158913284623	4.51550014375331e-09	9.25196078836818e-08	0.5712
POLR3G	4.26699017109063	4.81063963408264e-09	9.80167825444338e-08	0.7727
SLFN12	4.18465672842821	4.92857024857188e-09	1.0019596710237e-07	0.7121
LRRC58	7.20268233743806	4.96456050086863e-09	1.00815368747339e-07	0.5387
PPAT	5.75752945063362	5.05417498628857e-09	1.02521131721871e-07	0.5794
ASXL2	6.24609315000688	5.07821187684403e-09	1.02894379604511e-07	0.5869
EBF4	1.07772800532688	5.24512345181989e-09	1.06040945444545e-07	2.0563
GREB1L	3.088789357965	5.38057493057239e-09	1.08659044173152e-07	0.9929
TTBK2	5.06527582242507	5.76593396295875e-09	1.1592829342266e-07	0.6218
RNF138	4.74135468099667	6.46101417449039e-09	1.29333634615676e-07	0.6605
MALT1	5.70185450517036	6.47808713262447e-09	1.2953336110974e-07	0.6371
ZNF518B	4.8715165117281	6.62319085602234e-09	1.31713477415625e-07	0.6749
ZBED6	3.80948428474197	6.72210454992977e-09	1.33389935503824e-07	0.8397
CHORDC1	7.23751047937998	6.88197389792939e-09	1.36414023323126e-07	0.6895
NAV1	5.99066770976484	7.23109695361833e-09	1.43023733461816e-07	0.585
LINC00942	6.26055600956331	7.65252160257503e-09	1.51031820947686e-07	0.6807
NOLC1	7.74368559363968	8.01842770800958e-09	1.57834231531927e-07	0.6068
APBB2	5.47364669805282	8.02312482809096e-09	1.57834231531927e-07	0.6017
PARP8	4.22913183096932	8.15149489991515e-09	1.60014721390162e-07	0.7089
F2RL2	2.88397114726293	8.44551432131417e-09	1.65253279153174e-07	1.0601
ATP8	9.9062122884881	8.71049652933695e-09	1.70255700898903e-07	0.7127
RBM12B	5.85924668759823	8.76677000237823e-09	1.7117235632451e-07	0.7239
FANCB	3.97514229230415	8.95815742048019e-09	1.74535882463486e-07	0.7704
UAP1	5.95770096476003	9.33807204043182e-09	1.81550418711526e-07	0.551
RNF6	6.22159515709993	9.52319905584493e-09	1.84756133861323e-07	0.6394
NT5E	6.99300604111453	1.00549860201533e-08	1.94659411223667e-07	0.5279
NRG1	2.25716962163971	1.02793333541132e-08	1.98581491759461e-07	1.2619
AZIN1	7.83242509959864	1.05234957758928e-08	2.02868995654382e-07	0.5446
GPR180	4.8539027670361	1.0755975733158e-08	2.07131954625035e-07	0.7463
PRRC2C	8.31394955349599	1.09610449864057e-08	2.1032730485226e-07	0.5941
MED1	6.37568448360495	1.09679882898418e-08	2.1032730485226e-07	0.5452
RBMS2	6.67336570927651	1.10924387441829e-08	2.11823809324061e-07	0.5734
CD274	2.94999947230139	1.13371909030288e-08	2.16271428553493e-07	0.964
ANKRD11	7.85798420886504	1.18423479401206e-08	2.24267535264358e-07	0.6584
HELZ	6.03099875930427	1.26087002899383e-08	2.37548433945421e-07	0.5488
PPFIBP1	6.09373717410132	1.31568186075287e-08	2.46855992290898e-07	0.5572
EXPH5	6.04597200747494	1.33280936186216e-08	2.49636440907912e-07	0.5468
GNAO1	1.26983086040168	1.33625893342784e-08	2.49946138203469e-07	1.8619
LYAR	6.40297123892301	1.38075019463044e-08	2.57740036331016e-07	0.7974
CEBPZ	6.12648389239544	1.40206165607297e-08	2.60917814406403e-07	0.6308
C10orf12	3.84547802560242	1.41798358366e-08	2.63160081970148e-07	0.7432
WDFY2	5.02060785937557	1.45538756247984e-08	2.69468106902962e-07	0.5931
PACSIN1	2.94502404209488	1.5459224960125e-08	2.84786691091869e-07	1.0617
ARL4C	6.96245127976259	1.56248946689764e-08	2.87548464795195e-07	0.5366
STK4	6.84198175258976	1.60433017049186e-08	2.94358307462306e-07	0.5222
DUSP9	1.55702409178533	1.6905964822462e-08	3.09563985756135e-07	1.6061
FZD2	6.37551094151685	1.75245692411166e-08	3.20569675416658e-07	0.5673
HMGB1	9.75568235258371	1.8154516540167e-08	3.31428853957288e-07	0.5243
FBXL3	5.18011536769084	1.86092738699705e-08	3.39391512257924e-07	0.593
CAMSAP2	6.98015300380049	1.89160662016507e-08	3.4464241973786e-07	0.5382
TUBGCP3	5.60279628191166	1.95440115858336e-08	3.55728290639061e-07	0.6199
ZNF532	4.81110747711377	2.19721533555287e-08	3.97545720176939e-07	0.6544
PNO1	6.56577572136287	2.2083740262399e-08	3.99169071515203e-07	0.5148
TBC1D14	5.04322433722428	2.23037842370721e-08	4.02747660763589e-07	0.5825
TM6SF1	1.57735594175933	2.40004580977834e-08	4.32102922123406e-07	1.5688
ARGLU1	7.04681795411991	2.52279069642334e-08	4.53754354225659e-07	0.5937
FOSL1	6.92502111165534	2.52710932940384e-08	4.54083739346422e-07	0.7965
TPM1	7.549689324734	2.57431219790779e-08	4.61656615766254e-07	0.5466
ZZZ3	6.2298128155102	2.62801869947336e-08	4.69903128086049e-07	0.5194
TAB3	6.81584306347224	2.70594490501612e-08	4.83363309060414e-07	0.5374
ABCE1	7.75138283709099	2.84843123841885e-08	5.0782188172436e-07	0.5325
MPDZ	5.06071705922687	2.86730111175124e-08	5.10687308254933e-07	0.5889
LINC00472	3.3900689414331	2.88962289215221e-08	5.14161359835583e-07	0.8172
ARHGAP31	1.03472053670857	2.90535793448234e-08	5.15754149149822e-07	1.8828
SCARF2	1.22637582798999	2.90987496507623e-08	5.15754149149822e-07	1.695
IGF2BP3	7.84137197222842	2.93187634571847e-08	5.19149704824795e-07	0.5498
ABI2	5.7839059644449	3.00373883565996e-08	5.30844687161745e-07	0.5386
TCHH	0.239290032828681	3.01153401981681e-08	5.31707592512338e-07	2.7981
MRPS31	4.88590485822598	3.04669663050205e-08	5.37027347285471e-07	0.6105
ENG	5.32483649705668	3.04754782968749e-08	5.37027347285471e-07	0.6497
USPL1	4.85240780079609	3.07528182231187e-08	5.40870375222789e-07	0.6101
NTSR1	2.0187703918724	3.16217007400974e-08	5.55082469914634e-07	1.2526
USP10	6.92054649189784	3.17415704016276e-08	5.56651401779168e-07	0.5317
DHX33	6.42777821133459	3.23143520171813e-08	5.6615240923768e-07	0.5158
NAT10	6.60064024349729	3.25073760274026e-08	5.68443157812511e-07	0.5166
ANAPC1	6.52957206735036	3.25735519821977e-08	5.69055277499523e-07	0.5134
PHACTR2	5.26029842863995	3.33411513429034e-08	5.81246445139394e-07	0.5864
TRIM33	6.41139545720178	3.39029778005617e-08	5.89459774025766e-07	0.5152
KBTBD6	3.90648600994718	3.44412222962067e-08	5.9824829137921e-07	0.8897
NXPE3	5.22114541653006	3.45393587490539e-08	5.99382636238334e-07	0.5801
RNF182	0.430319927841092	3.49345917574277e-08	6.05665628797341e-07	2.4838
CYTH1	5.29148320794706	3.52135505506222e-08	6.09344624504416e-07	0.5883
ITGA1	2.85435296027968	3.59824463308331e-08	6.21471655833197e-07	1.0636
BCAP29	5.95448427418953	3.63005831915454e-08	6.26373768189842e-07	0.5645
GOLIM4	6.59032261061443	3.80928139418322e-08	6.54207348374496e-07	0.6289
CCDC86	6.21792303646119	3.82505339509362e-08	6.56298635158168e-07	0.6133
SLC16A9	-0.131807053042054	3.97947057853053e-08	6.80236094397504e-07	3.4064
CHML	7.76148287535581	4.06094204104595e-08	6.92865027115279e-07	0.5323
PCNX	6.14943612261734	4.26406457723723e-08	7.24811572830939e-07	0.5227
PRKCI	7.34654122247592	4.29576483143665e-08	7.28166042364972e-07	0.499
SENP6	6.67065673810664	4.39083568453803e-08	7.43519363493927e-07	0.5063
SSX2	1.76337766649306	4.48582848831551e-08	7.5756970289258e-07	1.4126
RBM27	6.39122834813	4.67496107265615e-08	7.88780862684018e-07	0.5114
EIF3J	8.14322570480693	4.71212591752086e-08	7.93759118167119e-07	0.5197
PGAP1	3.73439421371742	4.74658204941526e-08	7.98650708701613e-07	0.7801
AIF1L	7.31357559158195	4.81920442186026e-08	8.0789160629459e-07	0.4853
DGKH	4.93174307150022	4.8721353824377e-08	8.16015628823695e-07	0.6099
HOMER2	4.12678712423284	4.93710735238058e-08	8.25383075321061e-07	0.8032
HLA-B	1.52371227654519	5.10457061933124e-08	8.52598730343194e-07	1.492
N4BP2L2	5.46817090271365	5.15480761726741e-08	8.60202631269048e-07	0.5702
PELI1	4.83472676248254	5.19324092204638e-08	8.6582471482081e-07	0.7274
NOTCH2	7.64018901440142	5.25888051865021e-08	8.75968273252538e-07	0.5177
SESN3	1.04769690517667	5.45604716755972e-08	9.0550542809973e-07	1.8351
PANK3	5.94790526998518	5.68250428558473e-08	9.39672085485823e-07	0.6379
LSM6	5.88728258860324	5.71132635569111e-08	9.43583474656081e-07	0.6013
TET3	5.77679685450903	5.95198133629441e-08	9.81566136182392e-07	0.5535
DEK	9.45954197230139	5.97990718615587e-08	9.85281458397668e-07	0.5319
ASAP1	7.82950056701491	6.20681090795773e-08	1.01990585000609e-06	0.5455
ADORA1	3.66131269487811	6.31483796068162e-08	1.03579228939985e-06	0.8822
TNIP1	6.69652740499412	6.52120646591896e-08	1.06772327571136e-06	0.5203
ZBTB43	4.46228205920943	6.87027902087794e-08	1.12085624490749e-06	0.6709
USP12	6.14907725397746	7.31047968517442e-08	1.18842490768071e-06	0.5097
LHFP	2.3706572783599	7.34999996068812e-08	1.19272532695398e-06	1.1709
GEMIN5	6.2085473178618	7.45120599296227e-08	1.20807474784653e-06	0.5097
FRMD6	6.25796032735433	7.67495975813908e-08	1.24324813970352e-06	0.5844
TTC7B	1.83434600186959	8.18755441762386e-08	1.32276100396585e-06	1.3638
SMC5	7.10528540877207	8.62991454770158e-08	1.38811740402501e-06	0.5505
EPGN	2.5742000709635	8.64343427914751e-08	1.3890364102123e-06	1.0665
SCRN1	7.39217160370726	8.67774278022583e-08	1.39332341421111e-06	0.4886
POLR1B	5.97079113551574	8.94166828964843e-08	1.43317907195629e-06	0.5264
FUBP1	7.40323422312792	9.40980579300755e-08	1.504250565299e-06	0.5628
DKC1	8.21529991062522	9.4513908984519e-08	1.50957648505807e-06	0.506
ARSI	2.79822261022589	9.50456327008205e-08	1.51541752889623e-06	1.0873
TAF1	6.17409924625826	9.60659272599313e-08	1.53034866322627e-06	0.5069
ANKRD12	5.40859397107429	9.66624137232474e-08	1.53842560745243e-06	0.5345
RFX7	5.82269846064899	9.67414875851988e-08	1.53842560745243e-06	0.552
MAN1A2	6.74061864788552	9.70917331823242e-08	1.54265159353917e-06	0.5171
BRCA2	5.63333364507007	1.01586364971939e-07	1.61126036396848e-06	0.5984
PTPN11	8.29226875881203	1.01918214660282e-07	1.61371979777806e-06	0.4717
RPF2	6.60998401073433	1.05255866093759e-07	1.66368059862136e-06	0.5225
CKAP2	7.76349876840222	1.08988412674334e-07	1.7182145611249e-06	0.5012
ST6GALNAC3	-0.781617535720521	1.11278385385929e-07	1.74978312110725e-06	3.9131
RIOK1	5.7348181193373	1.12093310222503e-07	1.76108044012222e-06	0.5941
EML4	6.95843087913533	1.14374581362288e-07	1.79102841163357e-06	0.4699
NUDT21	8.22560641396401	1.14501136910434e-07	1.79120201836923e-06	0.5419
ATP2B1	6.34619000495935	1.1490146234787e-07	1.79592559642355e-06	0.5327
CBX1	8.16421305682602	1.16590675591471e-07	1.81610868054429e-06	0.601
GPC4	4.11942072598567	1.23892724504168e-07	1.92505071257593e-06	0.7036
ADAM19	4.31702145252504	1.2656642710805e-07	1.96312378358926e-06	0.6497
ARNTL2	7.62745688922788	1.28203349221445e-07	1.98682541883421e-06	0.4739
KIAA2018	4.91637080322863	1.28606397396182e-07	1.99138116273511e-06	0.5769
ZNF91	4.86147414507379	1.29197259332602e-07	1.9988348867593e-06	0.569
DOCK1	5.08519116150209	1.38722684966662e-07	2.13714880738513e-06	0.5898
PAK2	8.04061156163902	1.39299246748401e-07	2.14422179480506e-06	0.4682
DICER1	5.58567844974453	1.42851748765161e-07	2.19705267519527e-06	0.5467
RBP7	0.649837978063138	1.44359997897687e-07	2.21651482053841e-06	1.9882
TPP2	6.49775900427114	1.4521733606068e-07	2.22593424611568e-06	0.4894
MB21D1	5.27443215094787	1.48638316990622e-07	2.27455248531501e-06	0.5484
PLEKHA8	5.63574129659067	1.5877379602071e-07	2.42033224722654e-06	0.5332
DDAH1	6.71362464400206	1.58827674856343e-07	2.42033224722654e-06	0.4825
DNAJB6	7.77974701055037	1.60028363906949e-07	2.43659533902023e-06	0.4601
ADGRL1	5.28692551844505	1.62369647864285e-07	2.46812680383879e-06	0.5398
LHX2	1.15038272984919	1.6638537130987e-07	2.52496370626183e-06	1.8361
SYNM	4.22033575751348	1.70550911352995e-07	2.58602777214309e-06	0.6764
SYNCRIP	8.80838514699421	1.71421870248882e-07	2.59707689897394e-06	0.5436
CAMK1D	3.74123595944477	1.73440482144538e-07	2.62113364406514e-06	0.8298
EXOSC8	6.33018477273458	1.8850252267652e-07	2.83935813034864e-06	0.5083
ZKSCAN8	5.9023587420861	1.89169848920556e-07	2.84706080947541e-06	0.5
RABEP1	6.78410677630112	1.90716954595017e-07	2.86798082626576e-06	0.4869
SMC3	7.12377018187406	1.92015561353106e-07	2.88513258276733e-06	0.562
BCORL1	4.80844341660362	1.92407936030577e-07	2.88865072382747e-06	0.5561
WDR36	6.05539762630467	1.94271880732116e-07	2.91184520085839e-06	0.5808
PPWD1	5.90748600929718	1.96047753036262e-07	2.93364572084427e-06	0.5518
PPP1R12A	6.89026628206681	1.97184025260027e-07	2.94823224008768e-06	0.4832
IPO7	8.3064160179069	2.09378921761682e-07	3.11542699011924e-06	0.4781
MIB1	6.37105121034248	2.09390278093575e-07	3.11542699011924e-06	0.5454
OLFML3	0.294543238400469	2.16023944193976e-07	3.2010820821471e-06	2.6909
ZFP36L2	6.15467195843081	2.25289720567488e-07	3.33297337008108e-06	0.4952
MPP7	1.10941615723763	2.26352282632515e-07	3.34598159654996e-06	1.6312
ZNF469	4.59100692724622	2.30023362881586e-07	3.39200849173363e-06	0.5748
TMEM170B	4.43216711508208	2.31385480045584e-07	3.40659139009047e-06	0.6234
UCK2	6.65045898773958	2.32054539385873e-07	3.4136886954299e-06	0.4739
CDC27	7.11606600325648	2.36897921500598e-07	3.47933101763066e-06	0.4573
SPRY2	4.01607494058598	2.37677448690648e-07	3.4851722918044e-06	0.6838
FAM208B	7.11044807187927	2.38357265529391e-07	3.492335665734e-06	0.5268
COG5	5.46076121553389	2.48865769941568e-07	3.64045953209396e-06	0.5243
SYT7	2.79747798329953	2.4959640978442e-07	3.64822422499949e-06	1.0156
B4GALNT4	3.15656256904791	2.53899991598575e-07	3.70519444174547e-06	1.0062
SEC14L1	6.52866988691447	2.58785187753136e-07	3.7644481176265e-06	0.4758
STK17A	5.97680754700083	2.67892230806179e-07	3.89382210636752e-06	0.5109
ZNF254	4.73198134881008	2.68271755614439e-07	3.89623641248783e-06	0.5718
MED4	5.61881835939597	2.68590499377517e-07	3.89776483039424e-06	0.5106
SEC23IP	5.66053127863351	2.71692680719753e-07	3.93652506287286e-06	0.5087
DENND5B	4.29140905323293	2.82013016515525e-07	4.08281493220255e-06	0.6172
BMP2K	4.80095078691143	2.85688639029468e-07	4.12947885520345e-06	0.661
ROCK2	7.06435901306191	3.00315207627445e-07	4.3101843006656e-06	0.4673
ZDHHC23	5.22109389433234	3.07937306965747e-07	4.41264009102565e-06	0.5516
WNT10B	-0.109519855525301	3.1076683605576e-07	4.4496936149286e-06	2.9075
RFC3	6.06738739507018	3.12538437238617e-07	4.47155306444216e-06	0.5321
SSX2IP	6.02381903066116	3.1329553484617e-07	4.47887492885801e-06	0.4868
BORA	5.44615408476235	3.14202441951959e-07	4.48832533667837e-06	0.5318
KIF20B	7.04397733696174	3.18763697441503e-07	4.54281815807345e-06	0.4832
NEU3	3.31400429780027	3.19651743287885e-07	4.55192061268613e-06	0.7762
NSD1	7.10280403373255	3.19903117188243e-07	4.55194957707604e-06	0.4641
TMEM38B	5.33994477241985	3.24370903729631e-07	4.60833869143046e-06	0.6483
UFM1	6.2020647607539	3.30207997974806e-07	4.68397607694487e-06	0.4857
ENAH	8.3617532009109	3.43177265582389e-07	4.8491053873623e-06	0.5145
PRRX2	0.608709507140108	3.59439058759676e-07	5.05540790193887e-06	2.005
PFKM	5.72594836341772	3.62529553396877e-07	5.09494959723894e-06	0.5443
RRAS2	5.48707271613812	3.87792478782744e-07	5.44161375300368e-06	0.5556
ZNF37A	4.08614689247578	4.07363519317201e-07	5.69871908709182e-06	0.6785
TEX10	5.77466645225834	4.21573014974448e-07	5.87947819814632e-06	0.5371
E2F3	5.9558134445077	4.32629992822842e-07	6.01530323608058e-06	0.4889
ZFR	7.43686238347823	4.56641516933729e-07	6.32987663868045e-06	0.4849
ZHX3	5.24547150821179	4.60572300564743e-07	6.37609561028384e-06	0.5258
MGA	6.23860019836253	4.60674304884114e-07	6.37609561028384e-06	0.5048
VGF	2.57962187054824	4.61548647185137e-07	6.38335765379687e-06	0.9562
VGLL3	5.50162055859392	4.66594849735214e-07	6.44826311640127e-06	0.6106
MTMR6	5.29326772764053	4.68189391341469e-07	6.45563861656334e-06	0.6275
KAT6A	5.77369040241531	4.7060925392259e-07	6.48410757706475e-06	0.551
ZBTB11	5.77463826294152	4.71479408088986e-07	6.49119764258863e-06	0.4985
BMS1	7.28080429282756	4.87520087112623e-07	6.69688992500229e-06	0.4954
SLCO2A1	1.31522108641545	4.89390863455109e-07	6.71753353626802e-06	1.533
MAFF	5.01457607368551	4.92698664850219e-07	6.75278290203124e-06	0.5433
PRKD1	0.970517906979887	5.09436991877217e-07	6.97172543006782e-06	1.6051
ATP10D	5.47446908027013	5.15617426271897e-07	7.05102002548295e-06	0.4961
PPRC1	5.65288586727818	5.20716689247407e-07	7.1154220650454e-06	0.4886
ZNF107	5.14000420972025	5.21455299938982e-07	7.12018545675846e-06	0.5376
ADGRL2	5.36262026300292	5.24203553026151e-07	7.14997531246126e-06	0.5081
IRS2	6.09788515448587	5.30068660895436e-07	7.2170421399822e-06	0.5155
PRPF38B	7.0209762256483	5.30130012583048e-07	7.2170421399822e-06	0.4829
TRIML2	0.259427216333211	5.41733498034033e-07	7.35854668162895e-06	2.2432
SKIV2L2	6.76841039599784	5.62735039855343e-07	7.62679353199639e-06	0.4562
TSC22D1	6.60694333477564	5.7678664938501e-07	7.79986449716499e-06	0.4542
CTNNAL1	7.27558897569136	5.80886788370529e-07	7.84580616925376e-06	0.5015
POLR1A	6.1580128982119	5.81473255203787e-07	7.84580616925376e-06	0.4991
OTUD4	6.6969904928325	5.88116267899229e-07	7.92957945846996e-06	0.4664
AHCTF1P1	3.92217563671227	5.93522258439596e-07	7.99656261998026e-06	0.7044
UTP14C	4.7383054548533	5.93982561187055e-07	7.99686256418206e-06	0.5498
SORCS2	4.44419342057605	6.19004355252448e-07	8.32759285887155e-06	0.6195
HSPA4	8.39103888513118	6.20064199686404e-07	8.33570841640279e-06	0.4476
SMAD5	6.27740703200984	6.27544057927859e-07	8.43005468839662e-06	0.5889
IL7R	-0.743679941452804	6.31548530963254e-07	8.47761028034203e-06	3.952
EPSTI1	2.91576401457178	6.36418081314802e-07	8.5366998475261e-06	0.8602
HAGLR	-1.16067424376802	6.86161938229768e-07	9.18370406475267e-06	6.5887
PRNP	8.08143617048978	6.94355312583642e-07	9.27975884811637e-06	0.4704
SH3GL3	0.109656442538187	6.96968610096705e-07	9.30787047982841e-06	3.172
HSPA4L	5.03813519110408	7.05788202797866e-07	9.41188417113063e-06	0.5129
LAMP3	3.10375037261871	7.26633765821444e-07	9.67304068373711e-06	0.8362
GTPBP4	7.39497997683841	7.26961646477175e-07	9.67304068373711e-06	0.534
WHSC1L1	6.08258483897566	7.35877840543527e-07	9.76321646581586e-06	0.4714
LIMA1	7.50298829063149	7.3811236705953e-07	9.7857511786774e-06	0.4375
AEBP2	6.29771350551429	7.69408794646784e-07	1.01858788651716e-05	0.5567
ZNF800	5.59980037319577	7.85990063875955e-07	1.03903219450539e-05	0.5025
SMARCA1	7.63585824708733	7.98203402141145e-07	1.05289026802664e-05	0.441
CAPRIN2	5.3678795845762	8.026859956539e-07	1.05727529124514e-05	0.504
DDX46	8.11230407296862	8.1459622064384e-07	1.07141704640302e-05	0.5103
TIPARP	5.35883223575735	8.20319336178598e-07	1.07691798243578e-05	0.511
PHIP	6.900758841711	8.24194093730104e-07	1.08092581717937e-05	0.4887
IPO8	7.42244385991321	8.24882194212522e-07	1.08105163945038e-05	0.4364
LARP4	7.15837679755246	8.62912425937628e-07	1.12846198050984e-05	0.4846
QSER1	7.69692938364205	8.69419496356475e-07	1.13615764677765e-05	0.4472
PCID2	5.94188971347733	8.89350055928202e-07	1.16054143109544e-05	0.5917
FARP2	4.87701032142791	8.92661878865574e-07	1.16320023273161e-05	0.5277
POLA1	6.32355697321375	9.17148240907887e-07	1.19340401183281e-05	0.459
SMIM13	6.12685690531096	9.31766503072444e-07	1.20983849787273e-05	0.5729
MARS2	3.71121286834589	9.61866107547237e-07	1.24803323805134e-05	0.6569
MCL1	7.7483910156163	9.63941244526448e-07	1.24983745455077e-05	0.4389
TWIST2	2.62575662704111	9.66357763371368e-07	1.25208142853852e-05	0.9772
CORO2B	1.55266022134305	9.72272658599636e-07	1.25885174860957e-05	1.317
MLKL	4.65436586631713	1.00259711207338e-06	1.29261390381438e-05	0.5653
MYO1B	7.32439933762504	1.02636311248834e-06	1.32232074675986e-05	0.4431
LSM11	3.2998683557115	1.04439076389411e-06	1.34459786922784e-05	0.828
ADGRA3	6.31133321929468	1.04883912448615e-06	1.34937329504011e-05	0.4538
SLC4A7	5.66617689915652	1.06302691648199e-06	1.36570157546061e-05	0.5824
NIPA1	5.36073500006297	1.0889516585301e-06	1.39508080548249e-05	0.4993
SERTAD4	5.35826333447516	1.1200849436603e-06	1.43195173189513e-05	0.5252
FYN	5.30882233287571	1.12907228360288e-06	1.44243132326482e-05	0.4945
IL6	0.844507407525743	1.13106994642243e-06	1.4435717002094e-05	1.6625
ZNF697	2.98813535840634	1.13154639734863e-06	1.4435717002094e-05	0.8098
ARL5B	5.84918270924316	1.14691140948799e-06	1.46215186393944e-05	0.5057
ATP11C	5.48105554140673	1.16271399230863e-06	1.48023058881356e-05	0.4838
NOP16	6.33183783122462	1.16809709352233e-06	1.4860474243445e-05	0.4738
APOL6	5.2754651499574	1.1715346106433e-06	1.48938271949193e-05	0.5515
NUP160	7.05368898259982	1.17284648630995e-06	1.49001290564192e-05	0.4647
MAP3K7	6.48335605211568	1.20073345299644e-06	1.52015186670618e-05	0.4766
CCDC71L	4.45699056807007	1.21622250363408e-06	1.53656456929715e-05	0.5618
STOX2	3.35764771728156	1.2218486011274e-06	1.54260498355338e-05	0.725
BBX	7.31358975914117	1.23082720523105e-06	1.55286672140277e-05	0.4487
VWA8	5.2284698140676	1.23643849907518e-06	1.55671870614597e-05	0.5097
PNPT1	6.50177953576852	1.2463583677854e-06	1.56812669622952e-05	0.4666
UTP15	5.35317083332531	1.26772587979226e-06	1.59171964659474e-05	0.4981
GPATCH8	6.23038137056729	1.27102894731986e-06	1.59477006613549e-05	0.5329
BRSK2	2.03541751700728	1.27569451663232e-06	1.59952466316206e-05	1.1451
PLAGL2	5.5855117950261	1.28338430131641e-06	1.60687300901701e-05	0.4914
SLK	6.95556199330023	1.28467953578609e-06	1.60687300901701e-05	0.4439
GPR63	2.92611318717002	1.29473019581142e-06	1.61783671832535e-05	0.8371
COBLL1	3.41881469273676	1.30436032591327e-06	1.62875527427309e-05	0.7142
YEATS2	6.37574119361047	1.31112706111845e-06	1.63608582554877e-05	0.4734
PRRG1	5.58703578666361	1.33120616815147e-06	1.66000681733424e-05	0.4771
ENTPD1	3.95876812679474	1.35095730284487e-06	1.68119131020696e-05	0.6317
ANP32E	7.90909944743512	1.38309334619297e-06	1.71767021279584e-05	0.4515
MYSM1	5.72181691999153	1.3977134728e-06	1.73346855702696e-05	0.4832
RBM24	2.03977730597335	1.40316332899223e-06	1.73904614623775e-05	1.4217
SREK1	7.12565206943761	1.40471764685606e-06	1.73979140848061e-05	0.4446
HS2ST1	6.59608285195965	1.41788770999865e-06	1.75469928796267e-05	0.5057
SEL1L	5.15552146436184	1.4664286442056e-06	1.81253360383327e-05	0.5209
KLHL42	5.87989178002792	1.4724807527872e-06	1.81878272144e-05	0.4847
MTDH	7.95422954405585	1.51053036887449e-06	1.86200151344852e-05	0.4373
SLC38A1	8.09678682996955	1.51390892443058e-06	1.86490697195713e-05	0.4373
KRAS	6.82210708584862	1.53749502191703e-06	1.89268436413468e-05	0.4456
ZNF736	4.71681505052398	1.55495545508732e-06	1.91205617944266e-05	0.5335
GTF2F2	6.41345833024613	1.55563300762206e-06	1.91205617944266e-05	0.473
PIBF1	4.32900151471102	1.55637351153143e-06	1.91205617944266e-05	0.5844
MKLN1	6.84952482368206	1.56806094848322e-06	1.92511907703494e-05	0.4497
TOP2A	9.59128074224179	1.60858655678624e-06	1.96957452586785e-05	0.4342
SLCO4A1	4.4793284620311	1.61762852296454e-06	1.97799238548162e-05	0.5789
ONECUT2	2.12287559109125	1.66282759089285e-06	2.03054050162808e-05	1.0789
ADARB1	3.64744524890539	1.6780321531506e-06	2.04750380044373e-05	0.6667
DNAH17	2.28240398325613	1.67896208877315e-06	2.04750380044373e-05	1.0455
SLC47A2	3.34495378915975	1.68964038261869e-06	2.05915052236894e-05	0.7215
RFTN1	0.781689488692094	1.69407086800635e-06	2.06317263284349e-05	1.7079
HACD2	5.32139915682512	1.69738424767974e-06	2.06582978837609e-05	0.5237
ZNF614	4.51592528239954	1.75172376427332e-06	2.12912576834712e-05	0.5613
PSME3	7.60232863192364	1.75455744865605e-06	2.1311510833443e-05	0.4306
LYPD6	0.904399533438828	1.78609854289975e-06	2.16514043819242e-05	1.6152
AEN	4.7556143145743	1.81649366436127e-06	2.20052477349564e-05	0.566
KCNMA1	1.47570181807513	1.83069785667754e-06	2.21626127795127e-05	1.3534
OTUD6B	6.01520009791057	1.86736509032062e-06	2.25765676085385e-05	0.6265
TBC1D12	3.08979901928425	1.91895874774546e-06	2.31237695701922e-05	0.8277
HIPK3	6.57003429976475	1.92673415629458e-06	2.32021495760646e-05	0.5104
ZBTB10	3.74289794287013	1.93967416758174e-06	2.33425785124405e-05	0.6454
FER	3.61487981183013	1.96403858104459e-06	2.36202162948287e-05	0.6669
IPO11	5.07982523416031	1.97979529685519e-06	2.37627501245157e-05	0.544
TFAM	7.61776836188932	1.9963832405801e-06	2.39303824294355e-05	0.4292
ZFC3H1	6.25439681525703	2.04187085509601e-06	2.44435372659887e-05	0.4491
TRPC1	1.98021498635174	2.09095342384212e-06	2.49819670848572e-05	1.0911
FEM1B	6.24795818327385	2.09780916078482e-06	2.50474846561724e-05	0.4631
NCOR1	7.66911036444494	2.10899372021226e-06	2.51645682066634e-05	0.4353
PAXIP1	4.83043004413777	2.11461877867053e-06	2.52152060244345e-05	0.5371
SMARCE1	7.1218279750424	2.13381858415997e-06	2.54275405172483e-05	0.4611
YOD1	5.29109628341115	2.14053396651327e-06	2.54909250441397e-05	0.5376
YTHDF3	5.70112843220373	2.15911482046809e-06	2.56954368725329e-05	0.4773
EIF5B	8.79543451303176	2.17640867233211e-06	2.58843757147198e-05	0.5729
FAM169A	3.78916986761069	2.1790924751898e-06	2.58994220228288e-05	0.7039
DNAJC7	6.63093963077318	2.23494519554041e-06	2.65114746522325e-05	0.5146
FAM65A	5.55663737175689	2.32989662476374e-06	2.75661651209895e-05	0.5179
AHCTF1	7.31323661338422	2.35179915005766e-06	2.78072832146714e-05	0.4162
WDR75	5.84221760542003	2.36374835623311e-06	2.79304789588295e-05	0.5797
RBPJ	6.76891579001372	2.3935763886259e-06	2.82646381311477e-05	0.4431
TSPAN14	7.59252129259737	2.40153892379898e-06	2.83403326392206e-05	0.4322
POM121	6.28891306206966	2.40658135941356e-06	2.83814917942209e-05	0.5376
DIAPH3	6.78177302158245	2.43934894733636e-06	2.87493572514994e-05	0.459
KIAA1033	5.91032704317359	2.46328689783376e-06	2.90127520044214e-05	0.4574
GATA5	0.637510186741181	2.46624884254329e-06	2.9028909651496e-05	2.0298
MAP9	4.96731877981791	2.47967500651885e-06	2.91681359014228e-05	0.5261
SALL2	3.65879047861442	2.4995581748485e-06	2.9364178918941e-05	0.6538
LY6K	3.26468278284848	2.50766692887265e-06	2.94215729135598e-05	0.7556
ADAM17	6.19799376504625	2.51076673636402e-06	2.94390221830839e-05	0.4464
GPALPP1	5.53036503715415	2.5558725205579e-06	2.99294475531142e-05	0.5097
MFAP2	1.70784847395125	2.65931792850129e-06	3.09620587389793e-05	1.185
SCML1	4.75745340130092	2.66221596041277e-06	3.09760449797932e-05	0.5415
GPR89A	3.66077054304064	2.66914944264787e-06	3.10198392221224e-05	0.7179
XRCC2	5.80884901318398	2.66937814515526e-06	3.10198392221224e-05	0.501
Sep-07	8.5221690952411	2.74434839051053e-06	3.17898630819545e-05	0.4234
TCOF1	8.06819081936877	2.84790966800232e-06	3.29268137422738e-05	0.4551
ZNF609	6.10055719658393	2.87540459310894e-06	3.32026478505989e-05	0.4434
IFRD1	6.88682253452577	2.88128794643566e-06	3.32495529393991e-05	0.4268
C16orf52	4.35301922126046	2.8948409677454e-06	3.3379052369709e-05	0.5936
C7orf31	0.240352020319924	2.91799211524746e-06	3.35670220894503e-05	2.4676
BICD1	5.36872509164253	2.93096916210681e-06	3.36950711734395e-05	0.4912
MAG	2.1873607239589	2.95950759883135e-06	3.40017436905382e-05	1.0027
ADNP2	4.84436478726439	3.01745123334668e-06	3.46021292185785e-05	0.5008
CNOT6L	4.84481566049151	3.08045347855343e-06	3.52581559275683e-05	0.4947
LINC00623	3.19507041161197	3.1351589339683e-06	3.58169346048344e-05	0.7785
TRIM13	4.13816327914486	3.14536048140884e-06	3.59070721585652e-05	0.5728
MCFD2	8.28910620406104	3.14698266069809e-06	3.59070721585652e-05	0.4177
DGKE	4.61718391751927	3.15378069629273e-06	3.5962161393829e-05	0.5633
LMX1B	-1.26067208512978	3.17202176973187e-06	3.61475839127497e-05	6.4513
UBE3A	6.76094354219232	3.204367093136e-06	3.64706519029245e-05	0.4226
EGR3	-0.451159646375469	3.22099191976422e-06	3.66370270948384e-05	2.7104
LCOR	5.29690624950136	3.27075574441626e-06	3.71798984246969e-05	0.4887
PHAX	5.78781901139156	3.39881116068938e-06	3.85395630742518e-05	0.5573
ZNF106	7.383097542889	3.43275948226013e-06	3.8876214086936e-05	0.44
PTPRM	4.84325255564656	3.50192328140191e-06	3.96349109890101e-05	0.5075
PHF6	7.09178819490975	3.52779103396243e-06	3.98782372235406e-05	0.5032
LARP1	8.71754745787269	3.60359367655463e-06	4.06595835347227e-05	0.4543
KIAA1524	7.30450887583936	3.67634354188402e-06	4.1454804015216e-05	0.4381
DNAJC10	8.3773070309321	3.68499735634625e-06	4.15267356404056e-05	0.41
MIS12	5.32890306314847	3.78559888806621e-06	4.25815731981126e-05	0.4779
TGFBR1	5.24263366882369	3.80996030347244e-06	4.28028524924263e-05	0.4891
RASA3	3.9034720412255	3.92606549011536e-06	4.39180463158983e-05	0.5977
GTF3C4	5.94355009886201	3.9573765442286e-06	4.42411917890003e-05	0.5148
PHC3	6.80919224179271	3.96483244105918e-06	4.42974180195694e-05	0.4202
BOP1	6.16882655288124	3.96885580283669e-06	4.43152486462303e-05	0.4536
NMT2	4.09118047861534	3.99857192303538e-06	4.46197610189082e-05	0.5838
DEPDC7	1.46311676007061	4.02167574936343e-06	4.48501603423206e-05	1.2787
MDN1	7.02264547747234	4.17506619214021e-06	4.64472933599706e-05	0.4706
TM9SF3	7.81557125414456	4.2324123220681e-06	4.7056589130131e-05	0.406
AGTPBP1	5.17631638759386	4.28624339742131e-06	4.75681820445736e-05	0.4829
GIGYF2	7.44464206686066	4.29083803671931e-06	4.75902425263352e-05	0.4596
NFKB1	4.80052490546007	4.39320168572235e-06	4.85780072529056e-05	0.5393
ASH1L	6.34294655749497	4.39864402652451e-06	4.8608744157525e-05	0.4258
XPO4	5.67495025688777	4.40719723872249e-06	4.86738008409666e-05	0.5236
RTN4RL1	-0.421216775758273	4.44645960080756e-06	4.90184580146998e-05	3.0254
MINA	5.50309957762081	4.6918838494415e-06	5.15683513277568e-05	0.4558
MCOLN3	3.48711044891753	4.72873699329256e-06	5.18797010514116e-05	0.6775
NPAS2	5.55126669660392	4.79557219934908e-06	5.25182759875926e-05	0.4638
ATP7B	0.204419293734786	4.85613780859274e-06	5.30542500500713e-05	2.301
SGMS1	5.40189475314572	4.95235432959098e-06	5.40407535212271e-05	0.5784
TCEA1	6.60727399383362	4.98215426815859e-06	5.43334577774811e-05	0.478
NOP14	6.39756791517578	5.07379940858904e-06	5.52998698526576e-05	0.4706
CCDC144CP	1.39612135457868	5.10350581893404e-06	5.55904547914438e-05	1.4382
SPATA5	4.97803304581265	5.14547322516346e-06	5.59807861731729e-05	0.4902
ZNF148	6.42287159332465	5.29944057204717e-06	5.75187794787712e-05	0.46
DCUN1D5	6.38406215540436	5.43560163070132e-06	5.88566686655299e-05	0.431
AFF4	6.92338837607416	5.54760585138106e-06	5.9927273622966e-05	0.416
NR2F2	7.45115103370847	5.75359071697863e-06	6.20056388011581e-05	0.4676
NOL11	6.80992626003613	5.79669361712663e-06	6.23519365551664e-05	0.4126
CLOCK	5.93609311873276	5.79908135055827e-06	6.23519365551664e-05	0.4443
KDELC1	3.03525380018892	5.99793338169547e-06	6.43728817261802e-05	0.8025
ZFP36L1	8.05573420154003	6.11329444637014e-06	6.54954832235524e-05	0.5121
CTIF	4.04138267402178	6.12502635913971e-06	6.55826869281258e-05	0.5646
BCCIP	6.57449615446202	6.17926116044792e-06	6.61246141530699e-05	0.478
OSBPL6	2.94392670963597	6.20232600073676e-06	6.63325503628883e-05	0.8106
TCERG1	7.55795526500646	6.20844776669676e-06	6.63591466210867e-05	0.4211
ARHGEF28	6.05295791206257	6.22251132070676e-06	6.64705480812304e-05	0.4308
MID2	1.27430900492772	6.27096943464782e-06	6.69098877842961e-05	1.4212
CRY1	5.26595772320199	6.42087102506306e-06	6.84293178246067e-05	0.5741
MYNN	5.29612704631073	6.48200459919404e-06	6.90002775293798e-05	0.4862
ANKRD6	1.63169652010539	6.53517173203975e-06	6.94447585216052e-05	1.1644
CHST11	6.27886503876033	6.56230328300232e-06	6.96925007181445e-05	0.426
MTAP	5.89481457246961	6.83527377773731e-06	7.24229588429323e-05	0.4617
FAM91A1	6.94049015041147	6.84958614123066e-06	7.24927915550402e-05	0.4743
SLC2A13	2.30588673314677	6.85591641863621e-06	7.2515417229793e-05	0.9769
MYBBP1A	6.09459110462874	6.86327031868194e-06	7.25511655691126e-05	0.446
PREPL	6.08660587227859	6.95365841105384e-06	7.34216240325037e-05	0.4379
FAS	3.43039258006853	7.03651157124408e-06	7.42535001414057e-05	0.6519
HOOK1	6.1540516632174	7.07925491105755e-06	7.46182896398769e-05	0.451
PRPF4B	7.18798290118761	7.11695397764209e-06	7.49723668873825e-05	0.4515
TAF2	5.93009374590521	7.13521017421256e-06	7.51213361824824e-05	0.4548
CFAP97	6.72450640470517	7.19924180240618e-06	7.56645701466478e-05	0.4609
BOD1L1	6.63177316726038	7.27858322443127e-06	7.64544392089858e-05	0.4992
EML1	2.49351928356776	7.383199426022e-06	7.74196948428821e-05	0.8996
LRRC8C	4.34776052238255	7.39646985806408e-06	7.75143247582192e-05	0.5363
CDV3	8.93889657240129	7.42189620298077e-06	7.76915923633125e-05	0.4062
G3BP2	7.57406568677914	7.49720670163895e-06	7.83900375401608e-05	0.4097
RAP1B	6.80692877233149	7.52088450626492e-06	7.85925973362177e-05	0.4689
TRIM44	7.85602049980147	7.57757577674111e-06	7.90944673414441e-05	0.3961
DOCK4	1.47654446204015	7.63734725125149e-06	7.96728065250556e-05	1.3016
GNAZ	1.47874359048399	7.69642350573569e-06	8.01516871196296e-05	1.2226
ZNF280C	3.87241030390451	7.76030774576504e-06	8.07709111782706e-05	0.5749
ZNF451	5.3326684907282	7.86885210152803e-06	8.18399516914149e-05	0.4587
LOC101927746	3.37387287171597	7.96594634158054e-06	8.27225918156395e-05	0.751
BIVM	3.10276319108444	8.00723181802818e-06	8.31040500681765e-05	0.7464
ARL13B	5.27457013978586	8.03340519281512e-06	8.32810023850271e-05	0.6593
SLC5A6	5.87834011443651	8.18417766001526e-06	8.47477863648545e-05	0.5111
PPID	6.39824620415509	8.42895522109255e-06	8.70356371698335e-05	0.51
ZSCAN23	3.86658357591982	8.6781764919585e-06	8.93563395584853e-05	0.5758
SCG2	2.38375434092369	8.84493174487957e-06	9.091952361178e-05	0.8894
DPYD	5.23107914879478	8.88277611425363e-06	9.12058271888719e-05	0.5024
NOM1	6.23078696563472	9.24698403109396e-06	9.47322898269648e-05	0.4396
CNOT7	6.9793476013581	9.43060691542376e-06	9.63970659843092e-05	0.3974
CRIM1	7.86515703655555	9.4603857975521e-06	9.66473436598271e-05	0.4465
BRPF3	5.87967653907988	9.66837089488413e-06	9.8441594566093e-05	0.4305
CACNA2D1	3.17529497167877	9.80907861505225e-06	9.98185837215127e-05	0.9005
SMC1A	8.89729998885346	1.00172418859362e-05	0.000101823367410719	0.4406
CDC16	5.95928814782592	1.01365740899389e-05	0.000102921744486053	0.4394
PLXND1	5.77950117153777	1.01635193938123e-05	0.000103137971124757	0.4273
GADD45A	5.93510349319327	1.01760972712089e-05	0.00010316416559527	0.484
FABP5	4.911337584242	1.01774026203485e-05	0.00010316416559527	0.6265
TWISTNB	5.8320578351155	1.02031138120857e-05	0.000103367394979709	0.4415
AK5	-0.111455200004171	1.02944910240578e-05	0.00010394702883584	2.1589
MARS	7.0280741221542	1.03418624564511e-05	0.000104309967406061	0.418
RAB29	3.7573251974611	1.04399830289538e-05	0.000105241485464705	0.6444
GCFC2	4.61134316791186	1.06094471444711e-05	0.000106795093009094	0.5009
ASCC3	6.25978907108641	1.06116508938703e-05	0.000106795093009094	0.4177
PRPF40A	7.96739498749069	1.06842841692784e-05	0.000107466827434901	0.4176
RNGTT	5.40696032716875	1.09582968726564e-05	0.000109920147091877	0.463
DDX18	7.85908614329315	1.10911803174195e-05	0.000111191975768704	0.3926
TEAD1	7.32486662835099	1.11357787022541e-05	0.000111577813385483	0.3938
GBP1	3.35769271687944	1.11583427834006e-05	0.000111742570407987	0.6797
HYOU1	7.49527448371288	1.12449591280126e-05	0.000112548231272477	0.4498
POLR3B	5.05966674010677	1.14295026431055e-05	0.000114269989185397	0.4847
SPAG9	6.5617241447352	1.1493457965538e-05	0.000114846507180549	0.4229
TAF1B	4.54598715271474	1.1574302223928e-05	0.000115527862985254	0.5347
TRPM7	6.2421257307551	1.15829910998392e-05	0.000115551412851729	0.4098
SRP72	7.38726616924488	1.16970775419489e-05	0.000116498552976443	0.4139
MRPS5	6.62923544671367	1.19171583575197e-05	0.000118561113337809	0.5818
B4GALT6	3.48638443919804	1.21449185048067e-05	0.000120629832548287	0.6774
EBNA1BP2	8.47527897585002	1.21568650419472e-05	0.000120682832085801	0.4022
ZBTB21	4.54138042754647	1.22317258246291e-05	0.000121294072055638	0.5326
NUDT15	5.81903635603841	1.22477104052055e-05	0.000121386645579496	0.4552
WBP4	4.62722584701914	1.23439556276619e-05	0.000122274147552141	0.5863
NRCAM	6.66702893398307	1.23582375371598e-05	0.000122349232363551	0.4263
NIP7	6.20926565657085	1.26907453859961e-05	0.000125505009624456	0.4138
LOC105376204	-0.673878464111951	1.27629242302772e-05	0.000126150484433102	3.0367
HMG20A	5.55494780519446	1.28864254204118e-05	0.000127164639175696	0.4307
WNK1	8.04186057943693	1.31463142142495e-05	0.000129519218723874	0.4067
HLA-A	2.53430132835179	1.32488762331178e-05	0.000130388940437627	0.8374
ZNF737	3.72588824041454	1.3347941468667e-05	0.000131293113928871	0.5924
SBNO1	6.63650168894091	1.33776961634412e-05	0.00013144414486533	0.4068
NF1	6.84696674291784	1.34652219789486e-05	0.000132232970655022	0.41
EVC	3.96851266292692	1.38498921375187e-05	0.000135781958998748	0.5804
ARL5A	6.03308692816551	1.38563644618026e-05	0.000135781958998748	0.4927
PLXNA2	4.58400116246658	1.40386560589142e-05	0.000137420753357393	0.5206
SPDL1	6.88369381174792	1.41219578279362e-05	0.000138162091161202	0.3988
FAM135A	4.3057099402	1.43099678453696e-05	0.000139851591533762	0.534
BPTF	6.88471106237598	1.43346266930608e-05	0.000140017627024354	0.4027
EIF3A	8.49500919415438	1.43463092741756e-05	0.000140056803267032	0.4377
ECD	5.71178606452283	1.44673756698217e-05	0.00014116323368694	0.4586
HBEGF	3.91107136854944	1.45067434957336e-05	0.000141471746398564	0.5795
NCAPD3	6.83065211498908	1.4530094694991e-05	0.000141623816738791	0.4014
HIPK1	5.68603228413996	1.46202507489558e-05	0.0001423505587589	0.558
RAPGEF6	5.22997054767702	1.4906552911881e-05	0.000144983500244699	0.4591
LYSMD3	4.66322389555979	1.50306578706679e-05	0.000145957281961124	0.5445
SCAF11	7.42496693032714	1.51165952189917e-05	0.000146635792942568	0.4031
C1QL1	0.969341167745655	1.58549414475901e-05	0.000153390466914258	1.3779
TTN	5.61742620146003	1.59331264631032e-05	0.000153983672160091	0.4715
PHF14	6.83674158898893	1.61885904689557e-05	0.000156121979715402	0.4222
LUC7L3	7.99267510085993	1.64077761070132e-05	0.000158068791878434	0.4446
PKN3	2.78314592960496	1.6511701992875e-05	0.000158986092606501	0.7694
SYNGR1	2.88001702185341	1.6581541825635e-05	0.000159570085721021	0.7584
CEP83	5.04914637535255	1.66511529443012e-05	0.000160075538784183	0.5412
MEX3A	4.46745239207116	1.67350854529443e-05	0.00016071316150918	0.5021
APLF	2.44091804615932	1.67676733926458e-05	0.000160941453972735	0.8468
OXTR	2.41267393833153	1.67984693863698e-05	0.00016115231587891	0.8508
ANO6	6.59640439310227	1.68652229530606e-05	0.000161707725961699	0.4041
ASNS	5.6813706334486	1.68989087593256e-05	0.000161945657905642	0.4194
ZNF12	5.60732750940312	1.71739531598937e-05	0.000164236610207972	0.4232
NUP54	5.48577175170428	1.7212066618093e-05	0.000164420551758825	0.4269
ACTN1	8.60686405252064	1.72160370829123e-05	0.000164420551758825	0.4097
RLIM	6.50639358339573	1.72202067792985e-05	0.000164420551758825	0.4471
AHRR	2.44331616543802	1.72753038949944e-05	0.000164752165591948	0.9787
OSBPL8	6.89809488092041	1.7354674024242e-05	0.000165358522435575	0.4975
N4BP3	1.13881173188721	1.75351462426095e-05	0.000166903873725276	1.3636
LINC01446	3.17718881547917	1.75985446734956e-05	0.000167245721790389	0.7716
NAA25	6.09626754443677	1.76641351144296e-05	0.000167781712096268	0.4221
DMXL1	5.18361439339328	1.78401741641776e-05	0.00016936568878899	0.4408
RRP15	6.30733048972612	1.80937933751669e-05	0.000171684143376844	0.4346
MTX3	5.92417052517412	1.82770223023445e-05	0.000173062924871163	0.4257
CHPT1	3.3217494786439	1.83904228438464e-05	0.000173956248413088	0.6415
TRAF2	5.10082980322665	1.84274987557569e-05	0.000174216684249144	0.4865
SERTAD2	6.13693260447347	1.84927567379254e-05	0.000174562444161099	0.4066
MIEF1	6.28029846798794	1.85439000287897e-05	0.000174683921014234	0.4015
SHPRH	3.72869682436473	1.86051754889255e-05	0.000175080455528775	0.5891
CPVL	-0.543230822295839	1.87839921605619e-05	0.00017667210761629	2.5782
EEA1	5.43756874501682	1.90196490662514e-05	0.000178796453838046	0.4951
RPL7L1	7.72837612573984	1.90691849266104e-05	0.000179169861050025	0.3776
DENND5A	4.35744999513246	1.9379480748097e-05	0.000181898097962601	0.5283
SARS	7.22958780234427	1.94736414098512e-05	0.000182687974089539	0.3997
PTPN1	7.0688361184718	2.03602322506654e-05	0.000190223336728837	0.3779
COL6A1	6.19747939514716	2.07232947440178e-05	0.000193121219421536	0.5059
PIKFYVE	4.95445856367183	2.09804352896167e-05	0.000195218566079125	0.5213
RBM25	7.80582869832454	2.10901052605301e-05	0.000196039186169164	0.4109
CD2AP	7.11060296611125	2.1130270119978e-05	0.000196312575730442	0.4611
TCF12	5.90155695244458	2.12065000705723e-05	0.000196862969519087	0.4437
PDCD11	5.47202877054426	2.12110791544721e-05	0.000196862969519087	0.4901
SLC23A2	5.4229734372062	2.1232823795393e-05	0.000196964650004418	0.4521
TMEM194A	6.13037174939569	2.1324093362197e-05	0.000197610481431608	0.4131
PTPN14	6.31871480925828	2.14682850329694e-05	0.000198644202514896	0.4151
MRC2	1.72252097773297	2.16542690873276e-05	0.000200263594963654	1.112
TNFRSF10B	5.20695234664957	2.17523451118676e-05	0.000200967010304785	0.4529
TDG	5.67999646855637	2.19711603805124e-05	0.000202783369012454	0.4156
TMEM131	6.30806484772594	2.21138532368038e-05	0.000203791269404891	0.3947
PKP2	7.24307839714108	2.2232830595939e-05	0.000204779879422464	0.3865
LRIG3	3.29870739293158	2.24224415681963e-05	0.000206218686785386	0.6683
TOP1MT	5.80556628087329	2.26753323135074e-05	0.000208334608311722	0.5032
RPAP3	6.43240036949402	2.27338664000741e-05	0.00020876733651899	0.495
DNAJB14	5.07961714939677	2.35511704796543e-05	0.000215670811699257	0.4917
RAB20	4.4630594794414	2.3556507368992e-05	0.000215670811699257	0.5344
UBR5	7.43519658253992	2.3606410213874e-05	0.000216019360834327	0.4083
NHLRC2	4.65185618985701	2.37406074937001e-05	0.000217138542287069	0.6169
SRFBP1	4.23832607304613	2.45205938692751e-05	0.000223935948813149	0.5666
CCDC102A	2.98887164550713	2.47868115523193e-05	0.000226140945376882	0.7844
ASPH	9.53925669024014	2.54627693018701e-05	0.000231728971273649	0.394
ASUN	6.81301113859819	2.57204864072777e-05	0.000233862997289461	0.4681
CEP152	5.44149867653061	2.57243520255233e-05	0.000233862997289461	0.4469
HKDC1	7.99834478138546	2.58195056012737e-05	0.000234391295005894	0.4046
HAUS6	5.93358272016274	2.63624287702693e-05	0.000239082215414822	0.4183
ELMOD1	-1.42473971942109	2.65765216388031e-05	0.000240665168173605	6.2181
GJA3	-0.365913486886724	2.67347146921208e-05	0.00024161829278186	2.3472
ZNF281	5.22496193623118	2.69755400105503e-05	0.000243542530745232	0.4528
MPP5	7.38988660986372	2.72219363803324e-05	0.000245414158300913	0.3865
IL6R	1.89239082070439	2.72941376202657e-05	0.000245943621123184	1.0295
ZNF704	4.95249322802892	2.75679465976888e-05	0.00024816589402732	0.5104
FUBP3	7.33404276923218	2.76988699347616e-05	0.000249221571970925	0.4996
REST	5.61568116620783	2.77818555788701e-05	0.000249845101205839	0.4271
LATS1	4.9252805160127	2.8026146356056e-05	0.000251546375553667	0.4419
GSPT1	8.33193974182512	2.85660375934597e-05	0.000256014522487089	0.3804
ALKBH8	3.6003774025552	2.91638868485255e-05	0.000260988195248373	0.5845
BIN1	6.58843309269001	2.93330753357424e-05	0.000262373651802702	0.3848
SEC62	7.93176636978296	2.95916733215025e-05	0.000264557095081954	0.4638
PALD1	4.00264388335114	2.96700642893472e-05	0.000265128092837162	0.5898
SOCS5	5.44974641416332	3.04247065429236e-05	0.000271472845868824	0.4478
EIF2AK4	6.61577154881808	3.07419729964808e-05	0.000273902127390802	0.4204
LAMC3	-0.134931316342469	3.08317004106584e-05	0.000274567572047307	2.3096
JMJD1C	6.31684469711495	3.10187583568685e-05	0.000276098709196973	0.3909
HEATR3	4.63422929387556	3.12198106921631e-05	0.000277482407008827	0.4574
SMC6	6.34868555528351	3.13907322042495e-05	0.000278825202212919	0.4833
BAZ1A	6.08710266960986	3.19599552785168e-05	0.000283096042486464	0.4891
BARX2	5.26374382538323	3.22292408375181e-05	0.000285204566519501	0.436
NCBP1	6.89756139495623	3.23727221117462e-05	0.000286335472321725	0.3706
CCNJL	5.14604306807476	3.26076529404964e-05	0.000288273758877338	0.4576
ARID2	5.41769922782936	3.27977059239368e-05	0.000289813610526326	0.4749
CDC42EP1	6.20358938994155	3.30752218594414e-05	0.000291842073593989	0.4362
LTV1	6.19811584804346	3.4126587613013e-05	0.000299238704833412	0.4111
ST3GAL2	3.5887963750753	3.42501273723659e-05	0.000300177784594293	0.6048
TNPO1	8.66791897490685	3.43315818224227e-05	0.000300747292586444	0.4079
CEP350	6.15676197162951	3.48802864777029e-05	0.000305407438818678	0.4127
CCNC	7.08517807706283	3.53045973395712e-05	0.000308826415443801	0.3662
COX10-AS1	3.76050422344971	3.54055182290494e-05	0.000309560891182723	0.5616
AADACP1	2.55434493504336	3.58421501443771e-05	0.000313078609108014	0.8102
SLC25A12	5.52216540891571	3.6375835982111e-05	0.000317588360444485	0.467
ZNF24	6.04288713473758	3.68126914793355e-05	0.000321095018500989	0.3928
CIRH1A	4.93151344457197	3.68302458775784e-05	0.000321095018500989	0.46
KIAA0020	6.50574647758929	3.73198635891867e-05	0.000324898154355838	0.485
DDX47	7.75183270636782	3.76661786878992e-05	0.000327600647034916	0.3936
KBTBD7	2.20359530832972	3.80562018488998e-05	0.000330363300500958	0.8927
KCNMB3	3.58959973553994	3.80871813691157e-05	0.000330475087012631	0.6761
CNTNAP3B	-1.48373819426738	3.91587574489983e-05	0.000338325734022202	6.133
AMIGO1	2.96466850843945	3.9278333965509e-05	0.000338977707009596	0.7325
WIPF2	6.05143482165029	3.92899226573349e-05	0.000338977707009596	0.419
PI3	1.68509266299833	3.98488463623036e-05	0.000343475230967995	1.0389
REL	4.23461965095396	3.99534936372031e-05	0.000344214714412827	0.6114
PPP1R9B	5.71749716567209	4.02171070493277e-05	0.000345995997310333	0.4144
ZNF486	3.89821459493184	4.0945602484825e-05	0.000351435316860821	0.5334
ESF1	5.93781418027934	4.2348365964528e-05	0.00036296327185372	0.4334
IGF2BP2	7.16063931491161	4.38135171793943e-05	0.00037464148460282	0.3926
SBNO2	3.11693156559903	4.41021181728529e-05	0.000376932710376219	0.9923
LAT2	2.33124141528879	4.4248716907135e-05	0.000378008692492586	0.8301
KLHL15	3.60580471464912	4.45562905654767e-05	0.000380108483218496	0.6121
PAICS	8.49606341048089	4.46200776494816e-05	0.000380445438169196	0.3772
ATAD5	5.47085799621281	4.46589928788665e-05	0.000380445438169196	0.4175
CTPS1	7.64037154941862	4.48048119525823e-05	0.000381331770166127	0.3844
RAD51AP1	6.28921811001807	4.49050651368187e-05	0.000381829002858762	0.4013
ZNF805	3.92318467188809	4.5102530031059e-05	0.000383158145588081	0.5229
KCNJ12	2.0560163169416	4.51505642137134e-05	0.000383380790830489	0.9756
NDST1	7.41305643054987	4.52213549701667e-05	0.000383803373470648	0.3834
FBXO30	5.49974117437086	4.57335098827761e-05	0.000387609543370455	0.4218
SMG1	8.031833578979	4.59879296171709e-05	0.000389404287147993	0.4058
ME2	6.18419186682869	4.6188386247643e-05	0.000390920342761692	0.3996
RRP12	5.61049194981952	4.63608081209377e-05	0.000392016170938323	0.4234
NOL8	6.56233328165484	4.68222654100331e-05	0.000395551724815162	0.3883
TTLL7	1.99900092331905	4.71933568782838e-05	0.000398502277136887	0.9133
DCTN4	5.95724948489985	4.75406760176959e-05	0.000401064039454277	0.3884
PHF20	6.28411917625835	4.79777208497009e-05	0.000404377318482059	0.3816
SRSF1	8.90272733728609	4.84369767622133e-05	0.000407871516499523	0.3624
API5	7.81145683694774	4.90880371685833e-05	0.000412782683809147	0.364
KIAA1644	2.88214823111378	4.97312147922446e-05	0.00041761410176965	0.6883
SFXN1	6.37147315569539	5.0319866062247e-05	0.000422168876301646	0.3839
RBM28	6.26780661475108	5.08541732658411e-05	0.000426354038059438	0.4571
PAPD5	5.05311657789662	5.0919746631068e-05	0.000426613535794758	0.4803
UTP18	6.2165334105592	5.12786416267591e-05	0.000429029734893728	0.4207
QKI	6.12082640154103	5.16783764506204e-05	0.000431978223664161	0.4685
B3GALTL	4.35642777547322	5.18305676756602e-05	0.000432853999765257	0.4837
RPGRIP1	1.07278769286145	5.19450633463657e-05	0.000433611831939301	1.4006
FAM107B	7.71514863041162	5.20582786341666e-05	0.000434358288274838	0.3709
SENP1	5.4344041475931	5.21988761106805e-05	0.000435332426805201	0.4395
TAF5	3.89803628894143	5.23010933624803e-05	0.000435985735354083	0.5982
SBDSP1	6.12514859815313	5.30234001598545e-05	0.000441402276934931	0.4891
ZFPM2	2.38358111094865	5.39844906967867e-05	0.000448789099344508	0.833
ISOC1	4.63991903158634	5.43936083089445e-05	0.000451573312090992	0.5028
CARS	1.30738260162422	5.44282493332471e-05	0.000451627524851752	3.4779
HLTF	6.2812090105663	5.44496155893244e-05	0.000451627524851752	0.389
TNS3	7.05684618089978	5.48764264932607e-05	0.000454754444875609	0.3587
TENM1	3.57713990389502	5.5097479743658e-05	0.000456379124410264	0.6199
BCAR3	6.08027699249492	5.5162057409146e-05	0.000456706811819216	0.3938
PHF3	7.32617448171567	5.5227337606977e-05	0.000456832929475746	0.3588
RC3H2	5.404058168269	5.54770972462186e-05	0.000458691072158953	0.4522
LEMD3	5.55681472169676	5.55335865394759e-05	0.000458950274271015	0.5022
SETD7	6.89268464156606	5.59149903221801e-05	0.000461475616329892	0.3684
GNA13	5.91571553322223	5.64553439901285e-05	0.000465514345024294	0.4395
ITGBL1	6.3204011153341	5.69819359335204e-05	0.00046922066865239	0.414
ETF1	7.74088633766668	5.72008351511145e-05	0.000470598669003491	0.3599
HNRNPH3	8.70708007155888	5.74430119061381e-05	0.000472378209620927	0.4778
ZNF92	4.20630053347644	5.77337725969277e-05	0.000474341922830564	0.4911
CYTH3	6.91136530017665	5.79461114412729e-05	0.000475622813481582	0.3619
LMNB2	8.17878729397744	5.82292729144844e-05	0.000477338844331759	0.3613
TBC1D30	3.45482126349687	5.83366247687944e-05	0.000478004228805705	0.5825
FNDC3A	6.44821339693488	6.00050582995075e-05	0.000491014049446799	0.4427
UGGT2	5.0567254514943	6.09666373229747e-05	0.000498400946396646	0.4582
ZNF675	4.00881981103334	6.19226437127553e-05	0.000505120546747123	0.6216
PRKRIR	7.27922409069712	6.20887913433596e-05	0.000506249653758094	0.359
HSD3B1	-1.54524386670557	6.21901856327331e-05	0.000506850012906775	6.0421
ROCK1	6.21333709113859	6.22719762051026e-05	0.000507290137260309	0.3958
INHBB	6.78673395935151	6.26504054569945e-05	0.000510145317583806	0.3605
CTDSPL2	5.94181184133095	6.31511240741422e-05	0.000513885363247174	0.5161
CKAP5	8.70079548300025	6.31941630417345e-05	0.000513885363247174	0.3689
CCNT1	5.98293652692611	6.32477309659961e-05	0.000514091975296182	0.4185
HSP90AB1	11.3659525309813	6.39068024811493e-05	0.00051875615211021	0.4036
MYO5A	4.68034679257961	6.394607957178e-05	0.000518844279405518	0.4648
SCFD2	3.48710227477964	6.40089350000647e-05	0.000519123552803724	0.5747
PDE9A	2.5721622935939	6.4789128854105e-05	0.000524465797716232	1.0555
HMCN1	1.79301105476637	6.48112861332066e-05	0.000524465797716232	1.0829
SASH1	4.76648789964306	6.48983164044513e-05	0.000524937378945353	0.4551
DTNBP1	3.47736152860413	6.49841410449332e-05	0.000525398794914216	0.6712
RPE	5.78253647424358	6.59347727613155e-05	0.000532612925456007	0.3987
YES1	8.20038095489066	6.60014884972579e-05	0.000532916043346281	0.3652
KIAA1958	4.71469230845267	6.65825404698464e-05	0.000537369964110308	0.5523
ASRGL1	2.90046501413886	6.66883411413559e-05	0.000537986016737337	0.7392
GAS2L3	5.29619282918961	6.68605320719799e-05	0.000538898840400029	0.4446
NPNT	-0.312684046321536	6.70735515588858e-05	0.000540138843078526	2.4348
PPIG	6.59545388188083	6.73129558202197e-05	0.000541827743145472	0.4056
USP36	5.547903686618	6.76805732186e-05	0.000544546736306197	0.4427
CHD3	8.32035220983057	6.82839599675617e-05	0.000548676044528084	0.3927
ASAP2	6.68891055557278	6.83508422910054e-05	0.000548971833200438	0.3819
NEXN	4.06912477364243	6.94713564738155e-05	0.000556991253309607	0.493
BRWD3	5.81737575748503	6.9627105100482e-05	0.000557994921296927	0.4522
SWAP70	5.35053370618511	6.98432052931056e-05	0.000559235770101288	0.397
FAM63B	5.39908131382756	7.03972032831322e-05	0.000562930943117329	0.485
NCL	10.9101548634162	7.07648669514309e-05	0.000565128351297166	0.489
LMBR1	6.46929300206251	7.09765690253981e-05	0.000566323533272582	0.4022
ZNF22	6.16583572043534	7.10692222296755e-05	0.000566815081269094	0.3742
DGKD	5.74176085266946	7.1585984714821e-05	0.000570438121760704	0.4113
EIF4H	9.33791346330185	7.40547352443651e-05	0.000589595833676899	0.4003
SLC26A10	3.00076946598962	7.4222937386073e-05	0.000590677395344442	0.66
CAP2	4.39958829142797	7.46657614181461e-05	0.000593425398541435	0.603
UHMK1	7.56886317705085	7.51419027643077e-05	0.000596690116078818	0.4051
CCT2	8.10072119433578	7.58835320368989e-05	0.000601532679490068	0.3564
ZDHHC17	5.02001532048051	7.59395289795217e-05	0.000601715295594682	0.4225
NDFIP2	6.0769392723939	7.62835542818768e-05	0.000604178987839455	0.4008
TBK1	5.53003370839003	7.66777792161847e-05	0.000606818125886904	0.42
MED12L	2.2661260427203	7.66832502421717e-05	0.000606818125886904	0.8241
R3HDM1	6.70142130248266	7.68836079021431e-05	0.000608140011205166	0.4111
CSTF2T	5.70631712598551	7.74321846651909e-05	0.000612213929513957	0.4149
TRAM2	7.09647353741314	7.76772496150428e-05	0.000613885657563732	0.3485
MICAL3	5.21651498857381	7.80868649496988e-05	0.000616117681229201	0.417
NAA16	4.14013599356787	7.84704301161654e-05	0.000618547570034852	0.5039
ARHGAP18	5.35241017903992	7.89173913948405e-05	0.000621802286277172	0.3961
TMEM170A	5.34158851268426	7.9096264818848e-05	0.000622942800057329	0.4104
SACS	3.50291630191055	7.91985597389621e-05	0.000623479476754848	0.6064
ZNF273	3.10838115244255	7.96482880622687e-05	0.000626749632269301	0.6583
SMARCD1	6.11309796632382	8.03503186941883e-05	0.000632001472676045	0.3828
CYCS	9.05273638254593	8.03912891193031e-05	0.000632051410061153	0.3923
INTS8	6.08321302176107	8.09778656418968e-05	0.000635841683939126	0.3907
ZBTB39	3.57258367236548	8.12325895508929e-05	0.000637567564420077	0.5566
ROBO1	5.01701178578358	8.15158540063251e-05	0.000639515870536945	0.4128
C17orf85	6.39518979064149	8.18272430711787e-05	0.000641132253007484	0.3666
CENPE	7.09688192147397	8.19525198418554e-05	0.000641838353596273	0.3833
SYDE1	2.32953500027896	8.20484640127091e-05	0.000642314219132083	0.7941
GDF11	4.78389605799435	8.21885032857991e-05	0.000643134726097534	0.4963
KPNB1	9.26054394594935	8.3670280725921e-05	0.000654169012819021	0.4301
RRS1	5.83536257982821	8.41208994550927e-05	0.000657129285602127	0.4885
TRIP12	7.85762602295023	8.50111906738223e-05	0.000662949293866424	0.3514
APC	5.29564806425571	8.51197081732533e-05	0.000663512123147272	0.4284
CHRNA5	4.34229550259077	8.51725216340411e-05	0.000663640441720467	0.4605
GARS	7.73330052947903	8.54087531233667e-05	0.000665197183029088	0.3573
RBPMS2	2.55135392550074	8.70831469187589e-05	0.000677357760824237	0.8916
UTP23	5.00418889672392	8.71185375994362e-05	0.000677357760824237	0.417
PSIP1	7.36409519680201	8.8315315891745e-05	0.000686078471029658	0.4977
SUCLA2	5.91636986687575	8.9206588531018e-05	0.00069220586928672	0.4138
COA7	4.68534881094717	8.92178138930572e-05	0.00069220586928672	0.4301
N4BP2	4.90163193770141	8.98742143047538e-05	0.000696233710644182	0.4603
ANKRD13A	5.82683535492808	8.98895078871789e-05	0.000696233710644182	0.389
EFTUD2	7.21695294077212	9.09221786498569e-05	0.00070354875667248	0.4181
BCL2L1	7.14398849730525	9.09495544339972e-05	0.00070354875667248	0.347
STARD13	3.95404000414591	9.24244048720427e-05	0.00071374785759053	0.4985
NFKBIE	3.2763298723072	9.27660203626198e-05	0.000716083073040164	0.6448
HOXB13	-1.06887215004779	9.29716205962258e-05	0.000717187156890255	2.9262
SYNPO	1.16654825902312	9.41408117917704e-05	0.000724684984480638	1.1796
NAF1	5.11397630520004	9.41550558980259e-05	0.000724684984480638	0.4314
IDH3A	6.50661663323741	9.52038946622963e-05	0.000732115543788914	0.3718
RBM33	6.35781460434305	9.53423933468418e-05	0.00073287188755366	0.373
MITD1	5.41803294930343	9.56532425895704e-05	0.000734951850469359	0.4421
COG6	4.61450771170039	9.64883522075675e-05	0.000741056524148654	0.5075
CREB5	2.57791051574297	9.7570505444841e-05	0.00074858373643325	0.738
MPRIP	8.79467966692182	9.75914380319421e-05	0.00074858373643325	0.3529
NARS2	5.46831825226095	9.78854134377906e-05	0.000750208273602143	0.403
THAP4	6.42473735460601	9.80600525837745e-05	0.00075123135542148	0.3582
CEP290	5.7041805574779	9.82829555711407e-05	0.000752623169843433	0.4309
RAG1	0.327438636180025	9.85667768065021e-05	0.000754480116301678	1.5995
KIAA1429	6.78147941856764	9.90348274831968e-05	0.000757427654182338	0.3499
GUF1	5.74209243212377	9.95868402224559e-05	0.00076101186902518	0.4049
DHX9	8.50076011829367	9.98841371754849e-05	0.000762770463805357	0.3502
EHD4	5.5015827963786	9.99005356572419e-05	0.000762770463805357	0.4474
MAGI3	4.95495329068897	0.000100633934478604	0.000767086892626885	0.4099
ANP32A	8.31119260307376	0.000100942809293285	0.000769062921618628	0.3566
DIP2B	6.11575008970731	0.000101243271856614	0.00077076612636128	0.3921
ZNF467	1.81414934443627	0.000101397637588114	0.000771619538061114	0.9327
ZDBF2	4.31296801851132	0.000101534407197537	0.000772338390749267	0.4916
ERCC6	4.69637068836689	0.000101844239939686	0.000774050143355085	0.4302
FBLN1	6.89300810360991	0.000102762652147896	0.000780705358972949	0.3482
ZNF827	4.76860887101818	0.000105110578555477	0.000797215921108762	0.4472
CCDC69	0.0218444867255816	0.000105430216540515	0.000799308153307158	1.7856
BFAR	2.45949848881007	0.000106522792436792	0.00080725616385474	2.8313
POGK	5.38713136853839	0.000106865911326451	0.000809520363973318	0.3961
PANX1	5.54309281341809	0.000107261060233224	0.000811839931848152	0.3864
CASC5	6.34432679837901	0.000107622678538657	0.000813565059793674	0.3747
TFAP2A	5.11783498164525	0.000108041637202644	0.000816251973739266	0.4048
CTR9	5.64956873588027	0.000108139224076058	0.000816251973739266	0.385
BMPR2	5.83394277469312	0.000108154402316597	0.000816251973739266	0.403
STK24	7.35053448422817	0.000108156963435324	0.000816251973739266	0.3511
PUM2	7.19954728392948	0.000109150031983354	0.000822726252637533	0.3631
APOBEC3G	2.22382368348639	0.00011107172351946	0.000835486355406373	0.8142
BEND3P3	2.12937116458086	0.000111845105625003	0.000840748895634437	0.9426
SLC9A6	5.25810593368002	0.000112262951833423	0.000843404299864598	0.4211
UBAP2L	7.56512286878414	0.000112675934062966	0.000846158721618063	0.4726
HOMER1	4.78508967719903	0.000113582343334749	0.000851084679833291	0.539
MYC	6.89125697168392	0.000113611599734538	0.000851084679833291	0.3944
CCDC186	4.78169425912239	0.000113845476186833	0.000852486879928968	0.4478
KIF3A	5.13204237161962	0.000113972828844202	0.000853090595891658	0.432
RSBN1L	5.06496403312104	0.000116899347662232	0.000872317763235047	0.4395
MAP7	6.27553659198072	0.000117802039698856	0.000878151913737166	0.4772
SAMD8	5.59283983970461	0.000117875393744351	0.000878340076815052	0.3786
VDR	4.84698342803868	0.000118477215936593	0.000882464322373907	0.4439
ZNF391	3.10953440129405	0.000119488935485641	0.000888549900703001	0.6667
TOX	1.3009619443307	0.000119668639570121	0.000889523894133603	1.277
SART3	6.34752144674769	0.000120829612611936	0.000897594363866441	0.4084
LRCH3	5.20480986503429	0.00012147147494139	0.000901823199076863	0.4316
RLF	5.46763198409881	0.000121602989288714	0.000902432590428768	0.3966
STIP1	9.18540916171113	0.000121751160718124	0.000903165050820835	0.3497
ATXN1L	5.95281117464264	0.000121822227813099	0.000903325179104766	0.4001
THOC2	7.8134875521313	0.000122660558148713	0.000908803226283647	0.3643
SP4	4.17419041196719	0.00012286128843203	0.000909921169012224	0.5359
CDC5L	6.80081007423229	0.000124440643426008	0.000920497725439711	0.3881
USP15	5.37808623197749	0.00012479802134791	0.00092171622976873	0.3865
E2F4	6.13100922859848	0.000125428692165074	0.000925556266841386	0.3602
SEC63	7.37217540590423	0.000127206605442222	0.000937538873214859	0.3409
GNG4	4.17505647961033	0.000128137206928908	0.000943255181328286	0.5106
RANBP2	7.68302897530146	0.000128971223206395	0.000948629593414965	0.3628
ZNF415	4.03359363282653	0.00012904527715791	0.000948792017637858	0.4988
STAG2	8.01823582042272	0.000130547604034787	0.000959065214993589	0.3878
GGH	4.49352762220237	0.000132040221295526	0.000968861045004474	0.4345
SLC29A4	2.73485196231491	0.000132269902257569	0.000970156422504695	0.7928
FSD1L	3.28741904348085	0.000132376015304747	0.000970544793334721	0.5977
ADRB2	2.7743281202048	0.000133536391839278	0.000978266600889991	0.782
SEC24A	5.10824373149653	0.000133891615641482	0.000980475465363376	0.432
FAM102B	5.88846840078492	0.000135850415651393	0.000994420684896486	0.431
PTK2B	4.62826460572992	0.000136300550034085	0.000996916202492891	0.424
LRFN1	2.46775384566725	0.000137907857165797	0.00100716722925149	0.7418
DIMT1	5.77087297919395	0.000139452449064702	0.00101711702362174	0.3717
MEX3C	5.23929693997202	0.000139708114323709	0.00101857481433452	0.5442
SC5D	5.12426512710535	0.000140865662121816	0.00102619454417234	0.3915
PRKCQ	2.90571234792879	0.000143621404571212	0.0010458525575796	0.6433
PSMD3	7.74114757058428	0.000143883171430859	0.00104734097992096	0.3696
PHLDA1	7.07415328277848	0.000144152959276243	0.00104888657813754	0.3524
PTPN12	7.49820406599388	0.000144697610182564	0.00105201098028391	0.4347
SNRNP48	5.73782227940704	0.000145664360680021	0.00105762323738922	0.4065
FAM83B	4.44310865619897	0.000145701273117545	0.00105762323738922	0.4666
PDSS1	3.80235985961973	0.000146092001497407	0.00105961683724142	0.5715
EP400	6.4670591150871	0.000146662017651448	0.00106332875069294	0.3613
CLMP	3.33704657036439	0.000147375953610316	0.0010680807499444	0.5953
SEMA7A	4.06044846416094	0.000147875506764146	0.0010710457083112	0.5475
DNMT1	7.4444608210317	0.000150534029996123	0.00108670716433971	0.3744
DYNC2H1	4.31151139755877	0.000150600850448043	0.00108670716433971	0.4497
CHRNB1	5.13473876188071	0.000150784495137569	0.00108760242719536	0.3949
CSGALNACT2	4.30149209019013	0.00015258080509226	0.00109969016098077	0.4547
PDHA1	7.03155094039556	0.000152657551213315	0.00109980909824399	0.4611
SLC25A30	4.73178250675589	0.000153021044433524	0.00110155843342998	0.4325
ZNF681	3.45933284733261	0.00015310620166968	0.00110173701918868	0.5912
STXBP5	3.42842350782027	0.000153597491120569	0.00110483679980185	0.564
CCT6A	10.2115119604038	0.000156098933039288	0.00112018165155867	0.3483
PLK2	8.46410826828284	0.000156867020893164	0.00112436762207522	0.3347
CREB1	5.50178998106687	0.000157034422333103	0.00112512575122179	0.4568
PRIMPOL	4.30589765023972	0.000157691920179911	0.00112939336791073	0.4468
LRIF1	4.84520962808515	0.000157836856224781	0.00112998809695671	0.4223
SLC25A32	5.7786870200786	0.000158361147558691	0.00113285309946374	0.4062
GNG7	1.56982573427452	0.000159291767339676	0.00113882042266033	1.2407
KIAA1598	6.28627086304434	0.000159925142499983	0.00114269800449303	0.3528
LYPD6B	2.35610820536935	0.000161111458290437	0.00115027406435284	0.8012
KLF10	5.56480965199534	0.00016306730058014	0.00116332811230599	0.4407
CHERP	5.62351113988472	0.000167231307933696	0.00119117235959327	0.3783
KDM5A	6.16438985035958	0.000169638867258173	0.00120737901000593	0.4132
KIF21A	5.56254666799642	0.0001712858473592	0.00121767695848503	0.3689
PSMD12	7.39838917094757	0.000171462163182624	0.00121782787145445	0.3522
KIF14	6.8570098844855	0.000171507200783819	0.00121782787145445	0.3583
LRRC3	-0.607675847621657	0.000173963026485547	0.00123333116029707	2.2302
ATAD2	7.81845271177855	0.000174008252773056	0.00123333116029707	0.3435
STXBP6	4.56342993997321	0.000174063167273781	0.00123333116029707	0.4582
NDUFAF4	5.58325812666059	0.000174095880810996	0.00123333116029707	0.3824
OGT	7.47634670278309	0.000174268168333978	0.00123407280104931	0.3339
GABBR2	1.42609811496359	0.000176597108037761	0.00125008018780045	1.1994
TAF3	4.5413783377463	0.000177022160194871	0.00125211799942563	0.4788
RAPGEF5	3.7072834608262	0.000177997743095735	0.00125804366935956	0.5156
MPP2	3.04721146560748	0.000180798712838677	0.001275371445743	0.6565
RB1	5.82936849946896	0.000181184160620638	0.0012771034889152	0.4434
SMC2	7.56547446498882	0.000181425336166848	0.00127830989465919	0.3388
POLR1D	6.69128712679682	0.000184187274697696	0.00129527075765837	0.345
STRN	6.49952549329402	0.000184333565795321	0.00129580037626468	0.3821
DUSP16	5.40024228491099	0.000185146639899832	0.0013006218448016	0.395
OPA1	8.16336217204187	0.000185161928935109	0.0013006218448016	0.3337
MTHFD2	6.95084448027188	0.000187343191257846	0.00131392135981684	0.3372
TTYH2	1.56326553453319	0.000187675901692781	0.0013154469639952	1.1382
PIGK	5.48471948352433	0.000188665252222271	0.00132065676555589	0.42
OSMR	6.46785758620348	0.000190072912920134	0.00132949084224903	0.3542
NEK1	4.76913618401614	0.000190718138137837	0.00133298251525434	0.4022
SLC41A1	5.61502306298214	0.000193119904443428	0.00134873640991554	0.409
FGD1	4.97492093351443	0.000194445996020017	0.00135747843340016	0.425
RALGAPB	6.4595701627376	0.000196553508934792	0.00137061912112817	0.3442
SSH1	6.48992103654829	0.000198562420862996	0.00138357082262399	0.3586
METTL8	5.07737141639091	0.00019956766977239	0.00138916433405391	0.4025
MTSS1L	5.80919762940173	0.000199660974855769	0.00138916433405391	0.3627
JADE3	4.31775592616865	0.000200257642159868	0.00139272514867449	0.4377
NPPB	-0.981108073591282	0.000200670835501155	0.00139506731641625	2.6038
EHD3	2.28249534303134	0.000203536755333261	0.00141391438560275	0.8232
ACTR2	9.25061191319569	0.000203702130680093	0.00141452495157694	0.3625
GPATCH4	6.35912847085526	0.000203880866166768	0.00141522779191654	0.6739
BNIP3	5.60514701857917	0.000204198709761285	0.00141670156359982	0.4073
TMEM184C	5.38521550836134	0.000204651627570403	0.00141842069587141	0.3806
PDZD8	4.72418247137905	0.000205412412251893	0.00142315331995087	0.4625
MYBL1	4.11497456606701	0.00020936340824636	0.00144887732408853	0.5464
BIRC6	6.70885006115551	0.000209660716980415	0.00144969942212409	0.4011
NBPF8	3.88806569785719	0.000209720430205396	0.00144969942212409	0.5312
ZBTB24	4.55471052488079	0.00021046363342687	0.00145318611643001	0.5046
ZNF708	3.21025345239632	0.000220098193554119	0.00151626891378264	0.5996
SMCR8	5.6754545071227	0.000220847949954521	0.00151971359757623	0.3875
CEP170	1.58891090488109	0.000224117000815457	0.00153930773773024	1.8798
APBB1	0.142155510736777	0.000226316569257804	0.00155091414728622	1.6253
CSNK1G3	5.77963324758844	0.000226964763107201	0.00155418931556079	0.3569
SLC39A14	6.04533825264584	0.000230252598493866	0.00157434136258578	0.4138
CSPP1	4.45612919091934	0.000231017896169314	0.00157898267033583	0.5052
HRASLS	-1.2102326250688	0.000233133833001871	0.00159225262075651	4.1911
RP2	4.59988666180512	0.000234762538779637	0.00160217753568638	0.5658
ZNF286A	5.43303932695507	0.000236558359803921	0.00161322727552498	0.3694
SMG1P2	2.93089496380474	0.00023799477334313	0.00162144523585104	0.9114
MCMBP	6.54240685726396	0.000238029865911524	0.00162144523585104	0.3557
NUP50	7.05682978974562	0.000239097026501258	0.00162750011775054	0.3561
ITGA3	8.15828144121257	0.000239323255804365	0.00162788703308522	0.333
USP8	6.21355203748231	0.000239332208413712	0.00162788703308522	0.3471
MAP3K14	6.21385285099362	0.000239998883140654	0.00163181363523865	0.3558
LIF	4.73121359209468	0.000241247630946408	0.00163969350355831	0.3969
RBM12	6.78339650406667	0.000242015394623376	0.00164429960708759	0.3513
ARHGEF35	3.33843330024487	0.000243045475777098	0.00165068385631945	0.6447
TGS1	4.78238999290637	0.000243558211208828	0.00165300106763172	0.4257
ALG11	2.84562548069679	0.000243567751529871	0.00165300106763172	0.788
ISG20L2	5.27712947607325	0.000244552737839849	0.00165906903827733	0.3712
SNX13	6.1337968174748	0.00024502568879591	0.00166166009459812	0.3564
ATP8B1	5.55475858450299	0.000245642309978434	0.00166500932920719	0.3653
STAM	5.76934540036549	0.000245701968278055	0.00166500932920719	0.3905
Sep-11	6.72088958153725	0.000246922079102298	0.00167203615582031	0.3319
FOXF2	-0.394183428425659	0.000247475450674582	0.00167454107765573	2.0942
BNC2	2.76057468877419	0.000249453010980892	0.0016866719142471	0.6658
MICALCL	0.35922546435196	0.000251605579609171	0.00169933831348317	1.4716
SNX14	6.60449982122404	0.000254152843569646	0.00171337308427159	0.3331
VEZT	5.91703651476034	0.000255834330003398	0.00172216501789898	0.3729
SEH1L	7.14731107873377	0.000259656460989484	0.00174660587760649	0.3373
GAPVD1	6.60085912999063	0.000260190425889695	0.00174890884206269	0.3654
SRPK2	6.10421518415779	0.000262839490281466	0.00176411681418325	0.3686
CBFA2T3	0.162195843078473	0.000264291858139396	0.001772561411533	1.5482
WBSCR22	6.59454736761662	0.000264495953016495	0.00177327878012087	0.381
MLLT4	6.85740900401946	0.000266545765874222	0.00178505485962751	0.3411
SH3BP2	5.2080794270288	0.000266545768369006	0.00178505485962751	0.3728
SOX9	5.95046638787323	0.000267882951783587	0.00179269470958987	0.4218
DHX16	0.442949521470701	0.000269040350346382	0.00179912111205991	3.8547
SRF	5.60976003275174	0.000269252708233146	0.00179988188996863	0.357
GATA3	5.71861923325865	0.000269930905572445	0.00180375498247824	0.4989
NGF	2.49636994761189	0.000270161537547526	0.001804635576095	0.8577
ALG10B	4.31805349378563	0.000271580610755001	0.00181345121797487	0.5192
CDC6	6.4746482814098	0.000272380422270338	0.0018181268698235	0.34
VPS36	5.45137049964497	0.000276512270808474	0.0018450321695466	0.3845
QTRTD1	5.65256338119017	0.000277344103566411	0.00184923080887816	0.3764
UCHL3	5.66540815951608	0.000277573513128662	0.00185008472277358	0.3632
FAM199X	7.02477891137602	0.000277702811438742	0.0018502709947539	0.3667
ZNF707	-0.452416641938456	0.000281744964923678	0.00187302222441983	2.6847
CUL3	8.46130503686517	0.00028220771650124	0.00187413025552806	0.3229
SNX24	4.46134345553505	0.000283165472146086	0.00187933677799898	0.508
DIRAS1	0.474165944083484	0.000283995613022807	0.00188394764220362	1.4648
BAZ2A	6.7737645944003	0.000284121436621106	0.00188409769231925	0.3796
CASC3	6.37162561875331	0.000289630775914407	0.0019178452829501	0.3777
CYLD	4.4884062036772	0.000291725521954295	0.00193031574077478	0.441
RNF144B	4.48781525068671	0.000292623851878212	0.00193555834778574	0.4192
PPIF	7.71571303973119	0.000293254953518911	0.00193903021783456	0.3312
ZWILCH	5.95415858677417	0.00029741583700518	0.00196086078742021	0.3639
ZBED4	5.82000524655284	0.000298377058203855	0.00196577826581363	0.3632
CCAR1	7.66947598184517	0.000301694228516031	0.00198548299776088	0.3995
P2RX5	2.67998414802458	0.000305288155136807	0.00200479876265379	0.6744
TMOD3	8.12350665153645	0.000310413451913549	0.00203479640148429	0.3419
SLC26A4-AS1	0.522342312351148	0.000318895853856692	0.00208515856304003	1.7182
TUBGCP4	3.98680400315175	0.000320935013555758	0.0020977406399835	0.47
PLEKHA4	0.409995669000692	0.000321642642298579	0.00210161348525514	1.3785
CPNE8	4.05032221785537	0.00032324124841065	0.00211130312378706	0.4854
WAC	7.04958535229901	0.00032365448205013	0.00211324614603261	0.378
AFAP1L2	5.84186894265896	0.000325238438183901	0.00212207038151726	0.3474
C1QBP	7.97641796096268	0.000325965159791712	0.00212605214617988	0.404
FNDC3B	6.12621204423839	0.000327695577703242	0.00213581237649067	0.3579
ZNF695	2.2890672333914	0.000331497566474105	0.00215905086462764	0.7431
AMMECR1L	5.495151546841	0.000334960920841907	0.00217927532818598	0.3592
STK38L	5.87732572758474	0.000335184135848878	0.00217995068901215	0.4116
CUL5	6.12132527521693	0.000335396000048615	0.00218030483262813	0.3414
CNTNAP3P2	-1.31413555214705	0.000336001766350302	0.00218293531903599	4.0631
IFT57	5.93234266658814	0.000336302464963535	0.00218411163300402	0.377
DNMT3B	4.00083898233655	0.000337964321187254	0.00219334399132404	0.4563
CCT4	9.07438015872048	0.000340706067910919	0.00221035180376039	0.3231
NKRF	5.89978034970737	0.000343185174974586	0.00222514752148646	0.3747
FOXO3B	3.56861566561083	0.000343318607859096	0.00222514752148646	0.5278
NSRP1	5.81442358697998	0.000343352353638659	0.00222514752148646	0.4777
ZC3H15	6.86696230229929	0.000343522420310357	0.0022254596540759	0.4039
FAM92A1	4.25407013652263	0.00034527200304694	0.00223600059866085	0.4517
HSPA9	9.31677569361305	0.000350472506408895	0.0022672665049613	0.3445
ZNF770	6.60073203649031	0.000351073135237122	0.00227034755823199	0.3333
ZNF813	3.72575277239822	0.000351650096963026	0.00227327343135871	0.506
EFR3A	6.54885458992106	0.000351894647267647	0.00227397392871036	0.3596
CLIP2	4.82487429605893	0.00035256571626973	0.00227596878225608	0.4289
CNOT1	8.15333154556846	0.000352708046325305	0.00227608274786665	0.335
NUS1	6.24468985742673	0.000353494045297063	0.0022797580155435	0.3977
FRRS1	2.8613982244204	0.000353527330302566	0.0022797580155435	0.6436
BZRAP1	-0.676086083451346	0.000354139951577163	0.00228209634874433	2.1294
TMPO	8.55627180524188	0.000356503058062314	0.00229489415655346	0.3687
SGCE	4.70801971267208	0.000357454518548473	0.00229939735398905	0.4465
ADAM8	3.36547347337543	0.00036232084272327	0.00232823981160015	0.5484
CERS4	1.729440471322	0.000364666580440761	0.0023408414530684	0.8809
SIK3	4.9980097654128	0.00036483538254169	0.00234110184312165	0.369
SGMS2	4.86689384881272	0.000365735981030746	0.00234605624374466	0.4149
WDHD1	6.29476446894601	0.000368836796612366	0.0023651157565702	0.3363
CPAMD8	3.53422506986686	0.000369572328115895	0.00236816862832003	0.5387
HNRNPU	10.2905039145776	0.000376928697836055	0.00241192089298809	0.3678
SLC25A36	6.56656329982732	0.000377219371997949	0.00241293512795885	0.38
FLVCR1	4.41050402105747	0.000385213840551648	0.00246234729450661	0.4101
NOB1	5.93705805857299	0.000385461235851858	0.00246306626591233	0.3497
SLITRK1	2.24796806397675	0.000387515109828922	0.00247359295281007	0.7515
CCP110	5.82649124987411	0.000387688694286404	0.00247383600240916	0.3423
DLG4	3.8194552819443	0.000391793411560694	0.00249621784388506	0.5494
ZBTB33	6.45287167577809	0.000391879948541553	0.00249621784388506	0.348
SCYL2	6.363308672603	0.000392892498915745	0.00250179471929049	0.4157
PCOLCE2	1.9488166747684	0.000401907129696936	0.00255563098563123	0.8312
DCUN1D3	3.79988496367371	0.000406243721548916	0.00257871536182094	0.5045
DLX3	1.61014574924052	0.000406768537295218	0.0025793561711919	0.9401
XPO5	6.15428831113264	0.000414964928836771	0.00262483123181779	0.3421
NAV2	4.3597657064882	0.000415065276085173	0.00262483123181779	0.4153
C11orf57	5.28915401740623	0.000415090258887925	0.00262483123181779	0.3818
CYP2U1	1.82155022512123	0.000419466413291726	0.00264975046403244	0.9414
RBM15	5.08186449992116	0.000420473348911018	0.00265519247932188	0.3788
PEAK1	4.95727723833115	0.000421267454096311	0.00265928722060244	0.3757
ZNF260	5.01142430441807	0.000423827579732313	0.00267439707727814	0.397
ZNF318	5.58621673091422	0.00042395405026528	0.00267439707727814	0.3522
ADAM22	4.69681989611635	0.000425934657066578	0.00268596307406129	0.3874
TTLL11	1.99816264842538	0.000428466839488799	0.00270006579969192	0.859
ARID3A	2.35412321134916	0.000428725233200723	0.00270076185552533	0.7448
ANP32B	8.93839572117841	0.000430554559125689	0.00271135013156212	0.4027
FAM132B	2.50730647363465	0.000435178824518105	0.00273669466772391	0.6955
CCDC136	2.43048333635194	0.000437601270806347	0.00275098099168067	0.6952
UBL3	5.63149592854549	0.000437975694088481	0.00275238701248857	0.4395
TTC1	7.02209226056665	0.000438288617082932	0.00275340571007089	0.3418
ANPEP	7.22117117504803	0.000441870581475906	0.00277495333175925	0.3514
PEG10	5.96347005017125	0.000442214801256312	0.00277616004530097	0.4089
DDX3X	8.13277854828091	0.000444728449136903	0.00279098060070241	0.3282
ZCCHC14	5.16547396943681	0.000447621570406944	0.00280624292216661	0.3949
ZFYVE16	5.83450913562256	0.000450884454451624	0.00282572832147918	0.3518
AP1AR	5.66324111160947	0.00045451102093284	0.00284552578811726	0.3922
SPATS2	6.10995262791835	0.000457086780079414	0.00285969028688478	0.332
CCDC126	2.97615931347885	0.000458891105372735	0.00286901233550844	0.5825
SULF1	-1.60986669927366	0.000463011904075506	0.00289279442874827	5.933
MED13L	6.65284050326463	0.00046646745376744	0.0029133868751209	0.3473
MIOS	5.68318420122775	0.000468749305617823	0.00292610328887376	0.3409
WNT6	-1.48399017018638	0.000469133933066802	0.00292703659674215	3.8089
ZBTB46	2.402655063622	0.000473378988373153	0.00295049737512471	0.7283
RNF43	-0.396275940377761	0.000481563101899472	0.00299639263404116	2.3312
PNN	7.97308587716713	0.000482940230580818	0.00300329264175202	0.3773
CCDC43	4.53037912882488	0.000484372728980166	0.00301079623434181	0.4976
PRKDC	8.73662608001931	0.000487708246138825	0.00302919794425329	0.3322
USB1	5.66454453667535	0.000490065134130107	0.00304203641233568	0.4018
INPP5F	4.37791282860241	0.000495320394887831	0.00307038342337214	0.4136
UBAC2	6.00857644608388	0.000496210406184688	0.00307391149484481	0.3326
TEX30	4.61002141478976	0.000497078756560384	0.00307635232190709	0.4537
FGFR4	2.88282627415926	0.000498747604976444	0.00308126439135363	0.6854
STAT3	6.63666690168828	0.000500429747423431	0.00309061078111034	0.3261
STRBP	6.23734720893469	0.000501817042082028	0.00309813051073706	0.3463
BNIP2	6.27273889803454	0.000503179065972054	0.00310548919147593	0.3812
CMTR2	5.60629984205474	0.000503543839458147	0.0031066902105941	0.3424
PXDC1	4.85621411220785	0.000504172101947871	0.00310951550444606	0.368
SAFB	6.95615039267612	0.000506183067149383	0.00312086392228272	0.4308
PM20D2	6.53181512515789	0.000508562179670999	0.00313428436037655	0.3376
MTMR8	0.0622944872046322	0.000508703141969528	0.00313428436037655	1.4982
SASS6	4.80996124870589	0.000511364555468724	0.00314855693916931	0.4618
PITPNB	6.75515728093596	0.000514862427743872	0.00316475706427345	0.322
SGTA	5.87446769724955	0.000516792895078428	0.00317465398777216	0.3329
SNORD45C	-0.160777784856993	0.000518796607249638	0.00318465059245104	1.645
EZR	9.13435243641066	0.000520324461179189	0.00319295575236547	0.3484
ZNF562	5.09059602703195	0.0005218843801194	0.00320145203073245	0.3773
TRIM25	7.04430149696332	0.000523606767076308	0.00320702810694246	0.3266
TUBA3D	-0.423549206843562	0.000523671712685993	0.00320702810694246	1.8722
SOCS4	6.2241787781187	0.000525567891798621	0.00321648254531533	0.3745
TAF1A	4.93997040532256	0.000525811379480231	0.0032168942841123	0.3946
CDC42EP3	6.49222350961813	0.000529177567085598	0.00323640390777711	0.3327
AGPS	7.78520559011022	0.000532425514197756	0.00325082280508168	0.3337
TDRD3	4.54294686942361	0.000534421121352052	0.00326097187785861	0.4548
PWP2	4.16265084114138	0.000534444996634145	0.00326097187785861	0.4392
RBAK	4.87358245194612	0.000538095677373165	0.00327886337988134	0.4137
ARF3	8.01674359364745	0.000538541270274066	0.00328048362700145	0.3039
ADAMTS3	1.14650267535094	0.000540494628502815	0.00329128416876164	1.0622
TTC27	4.72443729065519	0.000545775077562625	0.00332122327199443	0.3752
C11orf30	5.43733065799617	0.000546062678818283	0.00332186613279126	0.3471
HK2	5.57531171365809	0.000546481686445274	0.00332330768412555	0.3704
USP32	5.55303830596808	0.000548269465546896	0.00333306938495642	0.3578
UTP3	5.63948834098626	0.000552450293332651	0.00335625043430312	0.37
DDX6	7.38272512857919	0.000557434995508999	0.0033820316643444	0.3131
CUL2	5.9043916400667	0.000557989567394129	0.00338427160875323	0.3472
BRD7	6.89213773291693	0.000561874303018238	0.00340218151771176	0.468
SLAIN2	6.25913188209027	0.000576410963318069	0.00348557752445666	0.3464
FNDC8	0.327691053509038	0.000579782404399404	0.00350480383268726	1.4076
DYNC1I2	7.9930387471743	0.000583082467484505	0.00352125488799111	0.3372
ZFP3	2.54172240804761	0.000594023007899322	0.00358495339907769	0.726
ING1	4.89664778395825	0.000598533190828123	0.00361097882741514	0.4202
USP49	4.3383720914305	0.00059971711376644	0.0036160347658273	0.4596
COX10	4.74420732825124	0.000606646532192811	0.00365388950567864	0.3788
HSPA8	11.0202477868223	0.000610653807426391	0.00367652393855401	0.3348
FAM83G	4.32623195983721	0.000612200564869935	0.00368209889409354	0.4832
VAV2	6.29411895448445	0.000612338532124671	0.00368209889409354	0.3322
RFXAP	3.04149489198459	0.000618080815352096	0.00371173794903548	0.6401
ZNF830	4.45050329936823	0.000618536402258698	0.00371325240369444	0.5283
DNAJC2	6.61983384011583	0.000620057217861986	0.00372115863553202	0.4
HOXA2	2.32260834464067	0.000620497739980563	0.00372257862013972	0.6993
NCOA3	6.66451626440705	0.000621673449362485	0.00372840686319367	0.3252
DDX52	4.12622974400656	0.000623932131752385	0.00373752198135309	0.4991
ATXN2	5.99011321704865	0.000623952642195387	0.00373752198135309	0.3957
C1QTNF6	6.25657447344538	0.000626051848969192	0.00374605131261277	0.3421
TYW3	5.06975146839496	0.000632440084465543	0.00378055867125178	0.3605
STARD5	-0.98051154312546	0.000632657950812003	0.00378062309329752	2.5997
ACER3	5.60749740979133	0.000635999235698723	0.00379810338466336	0.3574
LRP12	5.48034353380933	0.000647234570502159	0.00386098160033498	0.3634
KIF5B	8.14826545982535	0.000647374270301566	0.00386098160033498	0.3105
KIFC1	1.33867132946133	0.000651198471897435	0.00388252100031338	3.079
LRRC40	4.78339485143786	0.000652049428169916	0.00388632528915115	0.4394
UGCG	6.65843012986848	0.000658136695840669	0.00391366238412614	0.3549
COIL	5.29404873531543	0.000659740941370244	0.00392192465830517	0.366
SPRED3	1.12361183841709	0.000662014291586347	0.003930319644618	1.0352
SF3A1	6.99353537277256	0.000662752478264682	0.00393260816762117	0.3241
FAM49B	7.42402768770392	0.00066313905888252	0.00393316005814142	0.3116
PAPOLA	7.03065853107325	0.000664319191590133	0.00393887988362113	0.3009
DCAF13	7.22109577767286	0.000671715035720366	0.00397885453994517	0.323
DHTKD1	6.11929894810639	0.000676410660637089	0.00400355229501258	0.3395
LOC102724474	-0.183563243129177	0.000676542442490897	0.00400355229501258	1.7476
NEDD1	5.91531490715187	0.000680645065072472	0.00402391719817456	0.4051
ZMYM4	7.01996316276997	0.00068290536107023	0.00403466675459486	0.3288
GMPS	7.53243574193581	0.000683891678300382	0.00403918682596305	0.2982
MPHOSPH10	5.94647013667957	0.000685545562604932	0.00404502902098114	0.4026
PAXBP1	5.25940390885931	0.000691189335698842	0.00407437924201423	0.3943
QPCT	2.31640749264449	0.000692197999337654	0.00407900796510917	0.6755
DSTYK	4.34630809945739	0.000694411601752686	0.00408854017115907	0.429
SLITRK5	1.15945703906968	0.00069448746005501	0.00408854017115907	1.1513
PADI3	1.9922054953825	0.000697968022964213	0.00410436327722665	0.8439
ZIC5	1.61633751609481	0.000698074494729883	0.00410436327722665	0.9278
BACH1	4.88963534673157	0.000699478940350357	0.00411129669511787	0.3782
DR1	5.80103198236781	0.000700248651291448	0.00411449609847978	0.4428
FOXL2	-0.609148052683969	0.000702775904156316	0.00412668925901502	2.23
PHF21A	5.14315659971812	0.000704362893355647	0.00413393940392011	0.3893
TRAF3IP1	6.62801357211364	0.000705303497254701	0.00413753876795688	0.3545
SGOL2	6.38080735762323	0.00070856038760466	0.00415397509187883	0.3138
LATS2	4.29831469097625	0.0007092211462238	0.0041565140434869	0.4369
LIG3	4.78653194176445	0.000720668708808001	0.00421818786405863	0.3629
ASIC1	2.56069975591851	0.000723323051306767	0.00423101109409047	0.6381
PPFIA1	7.04578700573398	0.000725934068270102	0.0042435646334739	0.3093
CLIC4	7.82660891811591	0.000730612217956486	0.00426681274824492	0.3669
OLFML2A	3.35147139323858	0.000735996407954686	0.00429413564193696	0.5724
VKORC1L1	6.8806251475312	0.000739204855916533	0.00431017281018044	0.3024
CIB2	2.25550991886075	0.000739221629828739	0.00431017281018044	0.7829
FAM216A	4.02729446158676	0.000745373962899727	0.00434243698908433	0.4212
ERAP1	4.86385666911283	0.000746726048809121	0.00434562663278907	0.3585
PRKAG2	5.76406505735102	0.000748741399489267	0.00435596653571576	0.3321
WNT7A	2.67572810164416	0.000751769698381015	0.00437079860307128	0.6548
HOXB9	0.932837844637864	0.000752652570459643	0.00437453846746617	1.1244
RBM38	4.64942228383253	0.000761873085495912	0.00442370520000008	0.4151
GART	6.66943622246995	0.000766142002981467	0.00444445135253564	0.3331
PCNXL2	4.28467743931442	0.000766518102865429	0.00444522061178884	0.4043
RUSC2	3.68379264493939	0.000770936743008531	0.00446942558919141	0.4648
MSANTD4	4.73557052284966	0.000776597598832243	0.00449938615178719	0.3762
TXNRD1	11.0089063501355	0.000776932878090263	0.00449990057817762	0.3241
SLC30A6	5.69057177512885	0.000777372069306204	0.00450101633277959	0.3533
MIR17HG	2.45212226634587	0.000779616875283438	0.00451258264907243	0.7547
NEK6	5.95406540139108	0.000781126133503143	0.00451971578238828	0.3276
NUP98	6.75341206663963	0.000781344380434784	0.00451971578238828	0.3043
ZNF644	5.80430292975962	0.000787990549103413	0.00455527405460161	0.3456
PTPN3	5.51603897472084	0.000791570176643821	0.00457451888091472	0.3309
LYPLA1	6.20259232752799	0.000792527400717005	0.00457715287171453	0.4199
NCOA6	6.05094974533484	0.000795556000210128	0.00459173896295798	0.3639
SH2D5	0.971320049717027	0.00079636855150423	0.00459497606708635	1.1565
MYRF	3.91178609823482	0.000798083390912782	0.00459860407181182	0.4802
RRAGD	-1.82156104654627	0.000798807895083394	0.00459887635844921	5.6021
ANKRD36C	2.09454947316214	0.000799797358037549	0.00460312123844057	0.7279
CAB39	7.34450812616152	0.000802086352936676	0.00461484035903308	0.3173
SLC7A6	5.90151797723176	0.000809115945212501	0.00465088812840032	0.3224
POM121C	6.36729244461374	0.000812195508498648	0.00466418408403628	0.3654
KIF13A	6.40644242355717	0.000815207657814799	0.00467413033953108	0.3143
ZBTB2	4.74733661122694	0.000822189710778352	0.00471268300156031	0.3637
PPP1R10	-0.819750920417808	0.00082414750173014	0.00472242209403184	4.6742
IPMK	5.10413481128947	0.000826060720352546	0.00473189975235522	0.5416
LGALSL	3.8119726837547	0.000827454988619809	0.0047383997089847	0.5219
TSN	7.07948135824788	0.000827987415655012	0.0047384759436357	0.3006
TUBE1	4.00455998945644	0.000833175343751443	0.00476219445069704	0.5526
FAM171B	2.7619316539395	0.000845040944570502	0.0048254824785984	0.6281
TRIM35	3.37836388183189	0.000849456388300239	0.00484766359012478	0.5076
SOCS1	0.92241709682986	0.00085446917218555	0.00487474662731856	1.1435
ELF1	5.30514230965283	0.000856691616977636	0.00488284800485286	0.3672
ZNF141	2.5095512035517	0.00085789493363033	0.00488818037089741	0.6519
IMPA1	4.54910618642402	0.000858269378563019	0.00488878807333743	0.4736
ALG10	4.06594792130937	0.00085888979301279	0.00489079602658811	0.4577
NPM3	5.20388217611981	0.000861275669545363	0.0048998482242488	0.3802
NARS	7.60348140721127	0.000861406780564158	0.0048998482242488	0.3181
TAF5L	5.27162453516005	0.000861553067475824	0.0048998482242488	0.3537
OSBPL5	1.47870870185707	0.000862276255562217	0.00490218807022022	0.9679
FIP1L1	6.30092815466152	0.000862501538209211	0.00490218807022022	0.3724
UBA2	7.34959720346213	0.00086298587732036	0.00490341430948039	0.3381
SLC35F6	5.52544909588083	0.000870794571717739	0.00494163061898634	0.3443
ANP32C	1.73076069136533	0.000872280361788811	0.00494852401641285	0.8204
SMAD1	3.75936931140566	0.000878186529390575	0.00498048253512095	0.4596
SMARCA5	7.88329136600244	0.000881078413765798	0.00499533152848087	0.3017
PTPRF	8.56714522938876	0.000899140861166767	0.00508352913021384	0.3277
DLEU2	4.24236475189546	0.000901150667361993	0.00509173834211097	0.5974
TFDP1	7.85456682087577	0.000905233567462323	0.00511164367695397	0.3547
TRAF6	4.14374303614402	0.000905725169150957	0.00511283818429804	0.4103
SH3BP4	7.88088602419803	0.000906325635818589	0.0051146463083475	0.3065
SEC24B	5.09580688907172	0.000918506062298727	0.00517241927019878	0.344
BUB1B	7.11597594354526	0.000923358210308208	0.00519162972243892	0.3394
TOMM70A	7.72433135494232	0.000927039273307927	0.00520899629840243	0.2948
RPF1	5.87050472742124	0.000932175461242323	0.00523624468321226	0.4168
CCNK	4.61598831873045	0.000933268098621718	0.00524076973498557	0.3948
LRRCC1	5.06266119931105	0.000935247150431999	0.00525026813600448	0.4448
SFPQ	9.28283638177977	0.000936642571878322	0.00525648533421785	0.3448
LINC01468	5.46697311082118	0.000939846393080399	0.00527284442288745	0.4276
CHSY1	4.88184307370333	0.00094095810276622	0.00527583879732805	0.3778
MED13	6.50493765195338	0.00094145090507884	0.00527698118609742	0.3384
PHGDH	7.20506529796302	0.000942952159915986	0.00528377367447091	0.2941
NOL7	7.26855013856828	0.000949784787923728	0.00532042684514746	0.3609
SPIN1	7.37001044483514	0.000957491877279162	0.00535702473539944	0.323
MCUR1	6.76465679527585	0.000959650503057493	0.00536745698033627	0.2994
GRPR	1.31891418721415	0.000964837626585216	0.0053931646389895	0.9401
C2CD5	5.72685279112681	0.000966071060117377	0.00539840626675936	0.332
CDC73	6.16185406246221	0.000967536140096073	0.00540389040683771	0.3455
HELLS	5.25814445726416	0.000967934814216812	0.00540389040683771	0.3321
SRPK1	7.62649083433904	0.000967940492460523	0.00540389040683771	0.3122
SPP1	8.07193023252843	0.00097047341087744	0.00541637498898763	0.3718
ELFN1-AS1	2.72305290479123	0.000974744174563555	0.00543688654165361	0.6505
PARD3	6.73875134031614	0.000994620184268138	0.00553893201650182	0.323
USP46	4.83321686582078	0.000994859667074357	0.00553893201650182	0.35
CERK	5.69907024824123	0.000997248939121381	0.00555053051638321	0.3285
ZNF551	3.72361318601261	0.000997550976350423	0.00555053051638321	0.5079
CWC22	6.88355234344405	0.000999742200449151	0.0055593340272311	0.3136
USP7	8.08598984973866	0.00100382159798256	0.00557862011956455	0.3076
PHTF2	6.90193957160192	0.00100585258002946	0.00558712286134171	0.2988
SPAST	5.74651590583984	0.00100709311380642	0.00558999449244449	0.379
MTMR1	6.05886733730557	0.0010208489847146	0.00565603006523511	0.3106
CEP76	4.04572518471427	0.00102347032128329	0.00566883318730209	0.4066
RAB5C	7.22682237582327	0.0010289649001251	0.00569235855051027	0.3227
KTN1	9.31651867159989	0.00103038252099912	0.00569742830357959	0.3335
AOX1	3.23818711998752	0.00103319807651323	0.00570885716853073	0.5204
ORC2	5.86426640719514	0.00104379137283076	0.00576215763604428	0.3169
CLIC5	0.909712557914701	0.00104621567832476	0.00577379486804622	1.4699
GTF2A1	5.36322923429027	0.00104683768379569	0.00577548164260325	0.4291
DNM1L	7.59246574943035	0.0010487558759811	0.0057773347229665	0.3082
TIFA	3.81566766134674	0.00105332448250771	0.00579900233795561	0.483
LIMCH1	8.87779313444422	0.00105848372890114	0.00582389359699192	0.2919
CACYBP	8.21003514993717	0.00106499625952813	0.00585796074538882	0.3166
ATAD2B	4.27422587560419	0.00106573893952588	0.00586028014457364	0.4224
CSE1L	8.86923755220689	0.00107454533489416	0.00590337033819676	0.3093
MSL1	6.29607546599712	0.00107495943396221	0.00590386866017272	0.3108
PRPF40B	2.78808040261617	0.00107745501770182	0.00591401647719919	0.6111
RHBDF2	4.58927329982765	0.00107908082039429	0.00591938084648982	0.3645
CBLL1	5.92287209587258	0.00108026924938026	0.00592411998098111	0.3748
TRMT13	3.81990312188244	0.00108339472759637	0.0059394757198196	0.4673
S1PR5	3.73086844690579	0.00108449028107831	0.00594369695928117	0.4435
WDFY3	5.07614833308562	0.00108565685582899	0.00594652012001622	0.3603
ZNF778	4.4524761157804	0.00109214986578819	0.00597670502093202	0.377
FBXO11	6.1972713288392	0.00109412334367351	0.00598571044713925	0.3171
SMC4	9.32120089800972	0.00109919003022974	0.00600649903908205	0.2986
LOC283922	2.5041234201312	0.001099239334442	0.00600649903908205	0.6335
IDE	6.29013528487112	0.00110418082255785	0.00603169512166852	0.3068
ANKRD40	5.78034678774664	0.00110651031360594	0.00604080510920757	0.3147
SEPHS1	6.65804317551718	0.00110775952282229	0.00604581699511023	0.3074
SHISA9	6.50202419941602	0.00111152514025867	0.00606455557697616	0.3085
CRISP3	1.01505921752046	0.00112657915805622	0.00613935197297741	1.2914
TBC1D4	5.77573240875134	0.00113158491429812	0.00616479086703267	0.4009
RTF1	6.81127329140417	0.00114586690613193	0.00623144064293848	0.2992
SLC35B4	5.25461702677366	0.0011499987219115	0.00625121285249564	0.3299
TIMM23	7.02054930270315	0.00115052997285196	0.00625121285249564	0.3461
ALS2	5.52507997743192	0.00115629379124988	0.00627879222280123	0.3227
ITPK1	2.56313701466602	0.00115857789800972	0.00628932444426565	1.4285
NCKAP1	9.56880030556821	0.0011636299421034	0.00631111949585256	0.3086
RADIL	-0.675992679148493	0.00116487410939081	0.00631495715480884	1.8873
ELK3	6.46813531872727	0.00116502934363476	0.00631495715480884	0.3164
ZNF460	4.03490931818007	0.00116738057609352	0.00632394652734818	0.5311
MPZL1	7.03024753258093	0.00117023623286876	0.00633638576123688	0.2977
SPRED1	5.46648418824125	0.00117037098964125	0.00633638576123688	0.395
DCUN1D4	4.72986403066203	0.00117456058774295	0.0063515337943825	0.3924
NIN	6.67333159752482	0.00117694314758339	0.00636064952702261	0.3044
TPBG	5.85718765981824	0.0011870538219817	0.00640598218044634	0.3576
MOB1A	7.33581439688797	0.00119404563632897	0.00643403103211974	0.303
KCNIP3	-1.11528409080464	0.00119611204288901	0.00644326392888222	2.4043
ANKRD50	5.66746978039859	0.00120515118837325	0.00648430300469852	0.3446
SP3	7.6049506804063	0.00121036806139824	0.00651045354416212	0.3162
TGIF2	4.16168365814734	0.00121199516752757	0.00651728535445753	0.4379
MOCS2	5.55387021568963	0.00121294896133985	0.00652049359193767	0.321
MBTD1	4.75121221295701	0.00121463269073879	0.0065276227265609	0.3925
CYFIP2	-1.48450510171432	0.00123085548968174	0.00660702670380176	3.8042
TOPORS	4.80723623902452	0.00123436374650544	0.00662391080429258	0.3729
MRPL19	6.82278575141561	0.0012375442878574	0.00663749950051203	0.2966
COPS2	6.86385300428896	0.00123762315401747	0.00663749950051203	0.312
KIAA1671	6.086568980992	0.00123901272647329	0.00664300039192258	0.3151
ACACA	2.41510020655595	0.001244193674197	0.00666881964654738	1.3125
DMTF1	5.53620868340653	0.0012481061630978	0.00668782686043832	0.3178
CRLF1	0.992584406731923	0.00125134149421993	0.00670197363998254	1.0835
TIMM10B	4.58416897793612	0.00125148050715932	0.00670197363998254	0.3577
PRMT3	5.63352693996777	0.00125490330752388	0.0067183327806909	0.373
BZW1	8.55971380220589	0.00127057428689504	0.00679504688799769	0.3196
CWF19L2	4.83917817218055	0.00127072141080325	0.00679504688799769	0.4253
EIF4E	6.32479462259368	0.00128776527410498	0.00687410609475455	0.2976
EXO1	6.16721698897039	0.00129718432679477	0.00692033812681631	0.3172
WBP11	8.11543439628637	0.00130489135998372	0.0069533265230189	0.321
ZNF493	3.33735213449386	0.00130589727135656	0.00695665613827994	0.5468
TYW1	4.71585998201768	0.00130947861131555	0.00697369939561748	0.4092
FTO	5.24541988139178	0.00130990469480417	0.00697384921961727	0.324
KMT2D	7.01835018988089	0.00131046780665011	0.00697384921961727	0.3238
BRD4	6.60335019189269	0.00131196514120728	0.00697879825695809	0.3052
PCYT1A	6.01055603484912	0.00132010137381549	0.00701390299196029	0.3252
TERT	0.0642478322947205	0.00132243054573236	0.00702219082108493	1.4883
AKAP1	6.04322739831044	0.00132975044892783	0.00705900674487537	0.3154
PCNXL4	5.81171261876791	0.00133252151540746	0.00707166069339491	0.3226
SUV420H1	5.8890348059842	0.00133513743653974	0.00708142621774242	0.3092
FGFR1OP2	5.95079213365888	0.00133655527768172	0.00708482960202017	0.3651
NEDD4	5.66043907480837	0.00134476937948482	0.00712216704144905	0.3582
SOGA1	5.181574413105	0.0013461619456337	0.00712540808335423	0.3431
DHX40	5.93434138035487	0.00134989817755515	0.00713735583562928	0.3109
MAPT	-1.82104345051374	0.00134998300287182	0.00713735583562928	5.612
HNRNPD	9.20399825532928	0.00135976329894762	0.00718074596054027	0.4311
FRS2	4.8059524802997	0.00137611515481618	0.00726227407099255	0.419
FNBP4	6.51619804675034	0.00137946164916566	0.00727635130516274	0.3344
LOC100996724	2.4671340308551	0.00138160492511814	0.00728555156353459	0.6916
MPP1	2.95622654489988	0.00138577034423605	0.00730329774953038	0.5444
SSH2	5.27358344544572	0.0013930026225379	0.00733506082407034	0.3548
DPP8	5.54683676657992	0.00140131663306375	0.00737246007297172	0.3308
RSL1D1	8.32916889489332	0.00140721082951153	0.00739707483546288	0.3066
ARL14EP	4.97715697178299	0.00141014795807189	0.00740824780505337	0.3446
EXT2	6.64367515680609	0.00141508440619156	0.0074277690970193	0.3049
CRTC1	4.24097672065352	0.0014231751458517	0.00746809010137068	0.4212
NOP2	7.23260096641305	0.00142772269438054	0.0074879360372494	0.3315
PBX2	0.472442899188617	0.00142777746196676	0.0074879360372494	2.2053
XRN1	5.99520981497005	0.001432974602896	0.00751303398922156	0.3313
ZFHX3	6.0688994942425	0.00143659020962635	0.00752982798361718	0.3035
PA2G4	8.96157078856779	0.00143857830296765	0.007535921233566	0.3569
STARD4	3.54802908121856	0.00144162094093149	0.00754969360230789	0.5851
AASS	3.50609372089131	0.00144218350810132	0.00755047379521015	0.4745
KLHL11	4.65519307056412	0.00144459870586105	0.00756095010728193	0.4256
ARHGEF7	5.65396068022419	0.00144810280374722	0.00757494692985936	0.3234
ASPHD2	0.278327772136274	0.0014492192155957	0.00757672402335734	1.67
LIN54	4.42593173190855	0.00144927258378417	0.00757672402335734	0.3806
CDKL5	1.09094986263278	0.00145264593070953	0.00759218554567227	1.2217
LDHB	10.3587985974229	0.00145574245922827	0.00760401554668704	0.3206
GRPEL1	6.3195897629357	0.00145743610251427	0.00761002453347805	0.2984
WDR35	4.68137201989122	0.00145943625757901	0.00761372080747883	0.3692
GSTM4	4.12217286198345	0.00145951200940923	0.00761372080747883	0.4207
ANKRD52	6.80088131163532	0.00146024342680387	0.00761372080747883	0.2896
ZNF98	0.702130059934035	0.00146083383125835	0.00761372080747883	1.1396
EMB	4.88102910145169	0.00146093689683383	0.00761372080747883	0.3451
IPO4	5.38474288407615	0.00146344484999561	0.00762461449244288	0.3594
RPS10	2.94278594852243	0.00146937125214901	0.00764707751700904	0.637
PRKAR1A	7.80520684246641	0.00146943185416672	0.00764707751700904	0.3111
CERS6	4.3333542741224	0.00147959100408773	0.00769117692785469	0.4326
MEF2C	0.393763912417426	0.00148441582953691	0.00771406074125417	1.2637
ZBTB34	4.13362730775115	0.0014951733616168	0.00776333472402627	0.4548
FBXO45	6.49735277878872	0.00150238804487866	0.00779512870338159	0.3163
RNF216	6.14005755594473	0.00150862568299429	0.00782428138316583	0.3056
TGFA	5.78622409127537	0.00151750362881611	0.00786362368653618	0.3227
ACAP2	6.7681752560001	0.00151825175061083	0.00786526786582046	0.3815
KIDINS220	5.13885478045215	0.00151927544393018	0.00786833829911754	0.3385
NEO1	3.15522521993086	0.00152432133885753	0.00789223209364241	0.5025
KLHL36	5.85854906593667	0.00153168926856492	0.00792813135438647	0.3312
TMX3	5.95070104852045	0.00153279935488325	0.00793162840780854	0.3197
MPHOSPH8	5.28443344845593	0.00153388703312838	0.00793313830539702	0.3816
CRTC3	3.95640832026576	0.00153848763219528	0.00795204705927437	0.4079
NRAS	6.95575251140519	0.00154414970166657	0.00797453944939882	0.2966
PRPF4	6.45445197046244	0.00154785002227383	0.00798800871817942	0.2915
TMEM169	-0.745749198192471	0.00154844155883498	0.00798800871817942	2.0082
UBE2G1	6.88343070633989	0.00154894559938405	0.00798800871817942	0.2813
LRPPRC	8.70911964918208	0.00155093298938232	0.00799374157373338	0.3146
NFKBIB	4.79391390466773	0.00155329385858704	0.0080036502067076	0.3371
ERCC6L	5.59295105277295	0.00157792022957465	0.00812137347367209	0.3129
LHX6	-0.482559015552925	0.00157855147225272	0.00812233249082457	1.7722
MTF2	5.31418443404364	0.00158656777029664	0.00816127957580598	0.321
ST3GAL1	6.20472747746545	0.00159016246903396	0.00817068122917798	0.3159
WDR12	5.2434354414151	0.00159189965237884	0.00817718628413846	0.3318
NUTM2A-AS1	2.97149083172751	0.00159761825168334	0.00820425282777245	0.5881
EIF2S1	7.87295023302369	0.00160250111244968	0.00822629923142976	0.2928
ARHGAP10	5.13433156306724	0.00160281257483543	0.00822629923142976	0.3832
LOC100506142	-0.783908120287708	0.00160384487754934	0.00822918696017566	2.2389
BAHD1	4.8017813323854	0.00160427675236991	0.00822918696017566	0.3417
C2orf49	4.68485602116355	0.00160933256182864	0.00825280203616396	0.3856
YME1L1	7.53241462433978	0.00161483409166113	0.00827868890125405	0.2789
ZNF702P	4.42697935235011	0.00161651403601058	0.00828432400772325	0.3951
CCDC47	7.60851780179947	0.00161684084353188	0.00828432400772325	0.3353
RECQL	5.83737391346565	0.00161901779040456	0.00829315061212841	0.3257
TENM2	0.663851513838845	0.00162365583784287	0.00831457530874039	1.1821
METTL15	4.48454748109053	0.00163187513541501	0.00835432206173205	0.3814
Sep-08	4.95745117542043	0.00163753096115572	0.00837455161580371	0.3314
NUP88	6.33955640579686	0.00164820919330927	0.00842141254773413	0.3015
LOXL4	1.10178457459738	0.00166144431327771	0.00848191481633049	0.9679
DDX1	7.50922279990281	0.00168932528598601	0.00861220955625818	0.2802
ADAM11	0.647658151944233	0.00169144968990878	0.00861822649706245	1.1869
TARBP1	6.10547749488697	0.00170643785464467	0.00868247755696575	0.3073
SYNJ2	5.64358891894347	0.00171169335333345	0.00870436597728567	0.3203
KLHL9	4.82052257595869	0.00171375930773397	0.00871244497966899	0.3941
MRPL3	7.80062327300392	0.00173068036063372	0.00878867890507069	0.2871
ARNT2	4.27596437702955	0.00173890863786973	0.00882757109243693	0.3741
RASSF8	5.44901033744482	0.00173930615794783	0.00882757109243693	0.3647
MRPS9	5.61762566389268	0.00173988310387149	0.00882804500952696	0.356
TNKS2	5.81527991389763	0.00174105028844914	0.00883151266071896	0.3251
NFIB	5.13110647011147	0.00174872966141097	0.00885816001629264	0.3288
CPSF6	7.0779316277067	0.00175248772000058	0.00887227282760139	0.2932
FOXK2	6.33348264995438	0.00175569305861412	0.00888357330323151	0.2996
ZIC2	3.67377756238617	0.00176702059950938	0.00893146683436197	0.4418
THBS2	-1.36795078939121	0.00176711537060229	0.00893146683436197	3.0619
PURG	-1.36795078939121	0.00176711537060229	0.00893146683436197	3.0619
SUV39H2	5.24731748468957	0.00178381886934841	0.00900591738905547	0.3275
CDK13	6.62899878644416	0.00178594444297909	0.00901415586149468	0.287
SUPT16H	7.82574553829615	0.00178835302462651	0.00902251093860453	0.2857
ECT2	8.45288592481387	0.00179499415185372	0.00904732156508171	0.3212
PGBD1	3.55715541322599	0.00179874291929697	0.00905871744405115	0.4407
ZNF518A	5.06978100393744	0.00179952093826315	0.00906013630693108	0.3233
NTAN1	0.169689364531147	0.00180091877101405	0.0090646741338937	3.3169
TBPL1	4.63923212980199	0.00180211383215239	0.00906818911790904	0.3602
PRKCG	1.56726998183475	0.00180347615694985	0.00907254359913926	0.8563
THBS1	8.71110834464529	0.00180674870362952	0.00908149899049022	0.2773
FST	0.161764368168612	0.00181155112355952	0.00910313165750141	1.3381
RFK	5.51928906265044	0.0018202504973049	0.00914432941078652	0.3645
EIF5A2	4.29182523701116	0.00182262855707143	0.00915123953187458	0.4262
TPM3P9	4.66067898735038	0.00182779542050227	0.0091721366675892	0.4551
MSL2	5.63612431560059	0.00183691024764867	0.00920522467226848	0.3118
DENND2A	3.09437686911594	0.00183821745952397	0.00920825338584995	0.5035
LRRK1	4.06443386192317	0.00183852342196665	0.00920825338584995	0.4053
URB2	4.74788168061913	0.00184214229422624	0.00922384797679493	0.4069
ZSCAN29	5.44835542066649	0.0018506349919854	0.00926129178006731	0.3119
PARP1	8.65484290624258	0.00186264589078798	0.00931629133759598	0.2968
PIP5K1A	6.36204087966804	0.00186602682170133	0.00933064520870432	0.2959
DAW1	3.13323164793769	0.00187020830082682	0.00934899308321317	0.5153
RTN4	7.71611136151185	0.00187220130369718	0.0093563939228841	0.3145
LTBR	6.76515152344125	0.00188759148534849	0.00941555023378094	0.3725
CCDC59	6.02501704794075	0.00189054445585236	0.0094248442343093	0.308
IKZF5	3.50968314028921	0.00190530923754943	0.009485451063798	0.4831
PAPL	3.07459869538501	0.00190575610124895	0.009485451063798	0.5447
TANC2	6.53358318229406	0.00190581915545635	0.009485451063798	0.3005
SPRED2	5.62502707766853	0.00190866097214937	0.00949382637453091	0.3238
TAF7	6.85581023396149	0.00190919075163038	0.00949382637453091	0.2796
PNISR	7.32072257372687	0.00190958207971503	0.00949382637453091	0.3326
RPS6KB1	5.91932429118543	0.00191324531060041	0.00950686074859041	0.3717
DDX31	4.86196376036872	0.00192477536575887	0.00955115495441529	0.3301
SF3A3	7.69031904847343	0.00193209394244968	0.00958226216065235	0.3278
MCF2L	4.51530872950311	0.00193502220331206	0.0095916174125288	0.3633
ZNF484	3.8994603459711	0.00193504234426849	0.0095916174125288	0.4152
AP1G1	6.94035790312275	0.00193555644981136	0.0095916174125288	0.2816
GK	2.98085164350459	0.00194502620394702	0.0096307020285481	0.5271
PDLIM5	6.71617093297937	0.00195159079886381	0.0096605861236599	0.2892
HSPA12A	3.39180271238698	0.00195437688415331	0.0096691339829547	0.468
NBPF15	4.05347623074099	0.00195883972198379	0.00968334090564205	0.3953
LOC100287036	0.839679031929569	0.00197295135791893	0.00974782137758266	1.0777
NBPF9	3.31931746587378	0.00197356891159176	0.00974823432089263	0.4626
CTSL	6.37435729952693	0.0019836255468209	0.00978961660704345	0.3235
GAREML	1.07800833460492	0.0019839368024495	0.00978961660704345	1.0259
DENND4C	5.14030070294484	0.00198548910298053	0.00979121800756688	0.3413
TRMT11	5.08004560062073	0.00199914048266348	0.00984524107135269	0.3699
TSPYL5	5.80644819965963	0.00201451961402473	0.00991562956959707	0.3147
DHX36	5.95287363649974	0.00201571374577448	0.0099188329226035	0.2945
C1orf216	3.69659518389661	0.00201811509067744	0.00992797334826388	0.4156
GBP4	-0.0674553506814132	0.00204023035986643	0.0100240451852845	1.4047
AVL9	6.38798936376912	0.00204038956554104	0.0100240451852845	0.2853
RSBN1	4.53736170724432	0.00204571334766479	0.010044793672665	0.441
TAF4	3.00619906187777	0.00206131856499603	0.0101023977778705	0.6029
POU2F1	6.15384619204576	0.00206294538767757	0.0101076572725286	0.3123
PAPD4	5.23638231336683	0.00206511148579704	0.0101155554828845	0.4005
RCBTB1	4.7722224104457	0.00206868005857635	0.0101303173683932	0.3881
LRIG1	0.942168326492798	0.00207751560350418	0.0101681299886253	1.1511
ARID3B	3.76445465697418	0.00209085948249994	0.0102205284138982	0.4471
GOSR2	5.09210664516461	0.00210065887852112	0.0102648898517884	0.3218
PAK1	6.47550787270224	0.00210149498499377	0.0102662275745374	0.2878
DNAJC15	5.6985043704941	0.00210564616865752	0.0102837550708967	0.3095
GRB10	5.30288190307801	0.00211506601172944	0.0103213572670315	0.3422
NPM1	11.6223603094983	0.00211560686312619	0.0103213572670315	0.3128
CTNND1	5.02998694333214	0.00212030476520099	0.0103415131695189	0.3366
SH2D4A	6.27564015872182	0.00213280536609286	0.0103887037007214	0.3383
LNX2	3.91574439694136	0.00213468648976305	0.0103949950805853	0.4802
ABCF2	6.87733452675245	0.00213605421571305	0.0103988815365487	0.2825
MAPK8	6.15244372660218	0.00215480050287179	0.0104845517005404	0.3222
RNF152	-1.42515343622246	0.00216080610215801	0.0105106537213045	2.9655
RB1CC1	6.2655517107789	0.00216131650250752	0.0105106537213045	0.2857
DHX38	6.12472315796147	0.00216329578117116	0.010517477438365	0.3357
ACTRT3	1.57409581963905	0.00217982729579464	0.0105837572106455	0.8373
GTF2H1	6.76713481589895	0.0021835602330589	0.0105990629127156	0.2798
NUP107	6.86170469300021	0.00218422476266899	0.0105994702996505	0.2757
KMT2E	6.16399509737933	0.00219531475299839	0.0106423902896219	0.3011
HIAT1	5.44904212486249	0.0022001439729988	0.0106625506692504	0.3086
CLPX	5.81433886360393	0.00220336074535171	0.0106753062014705	0.2989
NGRN	6.7796041928435	0.00221045396484862	0.0107039914011343	0.2933
DDIAS	4.93196831339713	0.00222717941793284	0.0107792649665382	0.3388
SLC4A1AP	5.46308531005726	0.00223448079012918	0.0108117363648551	0.3596
PUS7	6.04970553356667	0.00223790786725989	0.0108254493971109	0.3023
MRPS23	6.14949538401973	0.00224578225222492	0.0108606624626803	0.2909
FAM168B	7.20611788790881	0.00225070229007436	0.0108786923504362	0.2858
ATAD1	5.66362379445724	0.00225674393876411	0.0109020197095027	0.3075
ZNF81	2.73391579997047	0.00225791720648717	0.0109020197095027	0.6274
STRAP	8.45283978020066	0.00227056524071053	0.0109601901201511	0.2701
PAPOLG	4.60028847989729	0.00227303259499792	0.0109628565541512	0.3485
PRKCE	4.02152398885965	0.0022873258596046	0.0110236063603331	0.3917
ROR1	5.3852268758798	0.0022957605545007	0.0110584181221543	0.3071
IREB2	6.44181377078264	0.00230490413910272	0.0110995330950829	0.2956
BAG3	6.88455529128826	0.00231517468705154	0.0111460519743705	0.2891
IWS1	6.51413882486606	0.00232688042940878	0.0111906030345855	0.3185
RHOQ	5.05251460773778	0.00233935752016171	0.0112445964964619	0.3251
PSMD11	8.21576416108379	0.00235108989560089	0.0112921465337962	0.2703
PDLIM2	3.56739695293126	0.00235170580200992	0.0112921465337962	0.4372
G3BP1	8.73534958994999	0.00235534040975003	0.0113066249067569	0.2814
DCUN1D2	4.22729937255776	0.00235669292920787	0.0113101435635171	0.3768
UBE2D3	7.70400879532283	0.00236997833620531	0.0113649394551521	0.2707
TIMP2	7.31555437593178	0.00237221443072952	0.011372675064968	0.2775
RAD21	8.72411266773754	0.00237800138104037	0.0113944339139824	0.2813
FZD3	4.1988803272519	0.00237949637304548	0.0113986055592543	0.407
SMNDC1	5.23041269232584	0.00238127492801361	0.0114041330235615	0.349
RARA	3.96878486000827	0.00238402290132417	0.0114142989998883	0.4488
HNRNPA1L2	4.19183585585064	0.00238486875446037	0.0114153550029964	0.4447
ASNSD1	5.14933278262037	0.00240165595714128	0.0114806575421763	0.3128
NAB1	4.770310990361	0.00241464477296756	0.0115367063531264	0.3291
POLD3	6.54163196870572	0.00241857346598173	0.0115494316492185	0.2855
ATR	6.22325972841272	0.0024194327199116	0.0115505135289503	0.317
TGFBRAP1	4.88119564566632	0.00243540056567117	0.0116145958011737	0.3302
HBS1L	6.35128364955768	0.00246149152775981	0.011718623164264	0.2979
ADAR	7.85508885364322	0.00246482041019258	0.0117303861857341	0.3079
ATF1	5.32249073498184	0.00247456568404118	0.0117706282250797	0.4459
NUP35	5.53128165689998	0.00248913724495544	0.0118368558332655	0.3116
CD74	4.73053959554172	0.00249274056220388	0.0118509040894776	0.3361
UBE2K	8.05632118014274	0.00251197853285375	0.0119330419192761	0.3014
ACVR1B	4.36230905412617	0.00251319767017906	0.011935727540788	0.391
STX11	-0.896560704233813	0.00251936317909761	0.0119618970604957	2.3322
UTP14A	6.77194897951479	0.00252429090456069	0.0119788263106165	0.286
AURKA	7.41758181928745	0.00252500113203794	0.0119788263106165	0.2654
AKAP5	1.41786193963943	0.00252555337804354	0.0119788263106165	0.8197
NCS1	6.76245969652918	0.00252854911978602	0.0119899201898217	0.2887
VCPIP1	4.28533408845297	0.00256871995063718	0.0121513802709337	0.3689
EXOC5	6.49460615190875	0.00256925546920488	0.0121513802709337	0.3028
CTU2	3.60290397511433	0.00257082907274162	0.012155673543634	0.4226
NSMF	5.88515555526986	0.0025778519758377	0.0121781433570154	0.2924
DIEXF	5.111187928439	0.00257824956588871	0.0121781433570154	0.3499
TMEM245	6.11959284280112	0.00259258721563447	0.0122426984502387	0.3604
WDR77	5.85190004248214	0.0026059848287273	0.0122964225984093	0.33
LANCL2	5.98932113605398	0.00261239817350243	0.0123139532805217	0.2872
TPR	7.96469414043132	0.00261471980536036	0.0123217152211303	0.2946
MLK7-AS1	0.1464878825134	0.00261589328703761	0.0123240639608151	1.5831
METAP2	7.45569676365565	0.00262920166815228	0.0123771804161392	0.3102
RBM12B-AS1	0.593378963776005	0.00263218787787726	0.0123880437995688	1.1368
FXN	4.14970576856023	0.00263504491088529	0.0123982937868871	0.3778
CDC42EP2	3.68275448438709	0.00263794878890211	0.01240668326049	0.4567
MAPK6	6.67589071520393	0.00263837815889222	0.01240668326049	0.2716
ZNF529	3.36965972885426	0.00265068645436429	0.0124558383296974	0.4611
SOCS2-AS1	-0.0216145661709059	0.00267096509549971	0.0125382203094479	1.576
C1orf52	4.55793333121418	0.00267338609279836	0.0125463590000326	0.3465
ITGB1	9.54247696961189	0.0026800899572846	0.0125745880905134	0.2771
NELL2	-1.06893885573587	0.00269445209248565	0.0126354783972304	2.088
POLR1E	4.57243672097661	0.00269972895592571	0.0126504753129825	0.3494
LDLRAD3	5.28348649825692	0.00271562915982177	0.0127119297286426	0.3513
CPSF2	5.43953707055899	0.00272417424658116	0.0127421278620511	0.3047
ATF2	6.37892803240206	0.00276063410085669	0.0128994461595187	0.3001
DDX10	5.75178426979096	0.00276295004658871	0.0129069641889774	0.3572
LOC105371414	2.38031562803577	0.00277653498539914	0.0129626213351929	0.6131
POU3F2	-1.6089971770364	0.00277699452464611	0.0129626213351929	3.6016
GTF2E1	4.73504344323044	0.00278853369322132	0.0130095148998321	0.3242
MMGT1	6.09632308412783	0.00278917842451484	0.0130095148998321	0.2933
MRPL45P2	1.14454518357374	0.00279454701620001	0.0130312261373556	0.89
DNAJA2	6.9176054096789	0.00280565615595071	0.0130763489361849	0.2669
HPS5	6.022572727053	0.0028077895372466	0.0130829519632399	0.2858
RPS6KA3	7.03506069616103	0.00280979457293451	0.013088953744193	0.2944
ASPM	8.27995009270262	0.0028140774598525	0.0131055607415988	0.2647
GTF3C3	5.47972596017507	0.00282440019486654	0.0131469275771248	0.3001
CCDC93	6.2169201753965	0.00282563874125952	0.0131490177334764	0.2946
DNAJA1	8.2853992899891	0.00282978174766528	0.01315855720463	0.3259
CCSER2	6.48656653845854	0.00284717420370661	0.0132360611822938	0.2816
SPIN4	5.40559713950657	0.00285291487594423	0.0132593721932887	0.4578
ZNF322	4.02676953344202	0.00286447541854719	0.0133029415520217	0.4246
LOC101929709	1.61168566439732	0.00286782917262791	0.0133151295461585	0.8528
TFPI2	6.26905244322224	0.00286864884290803	0.0133155487607752	0.3264
OSBP	6.66570051514587	0.00287289097097672	0.0133318499151375	0.2761
PSD3	5.32589927849893	0.00287500811283252	0.0133382841443127	0.3088
YBX1	10.7450869623316	0.00288239529873279	0.0133691586823338	0.4067
LOC105376501	2.44466919937838	0.0028841105811218	0.0133737167307492	0.7831
HSPA5	10.0991054587564	0.00289404141336375	0.0134061456590634	0.284
REXO4	5.69441347357045	0.00290422218184974	0.0134430730608136	0.3273
GATAD2A	6.99548186315922	0.00291256311823016	0.0134734407336026	0.2669
IGF2R	7.08844641093481	0.0029129968544878	0.0134734407336026	0.3088
NUP93	6.35902965485136	0.00295361324862946	0.0136440190958956	0.2835
HJURP	7.51518408175707	0.00295479634601925	0.0136460313920889	0.3155
PPIL4	4.99049398231153	0.00295584664095201	0.0136474295086545	0.3851
TRMT5	5.04428824077787	0.00295906131539546	0.0136588175407989	0.3285
LIMD2	-0.20910145334161	0.00297290541219364	0.0137157849898931	1.5562
NFYA	6.11281950800764	0.00297729420341181	0.0137256270145167	0.2939
ZNF253	2.82231437875092	0.0029793434042769	0.0137316064601058	0.5481
DNAAF5	6.34713396886265	0.0029862777189849	0.0137600923871248	0.2898
FBXW2	6.81839209978254	0.00299682856940017	0.0137982603689709	0.2732
ZMYND11	6.91248055773434	0.0030031256243934	0.0138202826818568	0.2801
CASP8AP2	5.29432208195409	0.00301765156061113	0.013880132751453	0.3313
OGFOD1	5.47727122329917	0.00302109558316754	0.0138924737950395	0.3193
POFUT1	6.54358346977386	0.00302585265729714	0.0139038424645398	0.2759
Sep-03	1.68521240086477	0.00303665091242775	0.0139464400144103	0.8945
ARHGAP11B	0.121779863274803	0.00304340329034254	0.0139739362345305	2.512
EIF3E	9.05172083304462	0.00304973028666385	0.0139924292820646	0.2738
NFATC1	0.308337114848979	0.0030611099834326	0.0140375844907173	1.2094
EMC2	5.4835359150406	0.00307175549545091	0.0140793292304675	0.343
KPNA4	7.59104489625638	0.00308065256383007	0.0141124868760439	0.2628
C7orf65	-1.98198101567532	0.00308088471061689	0.0141124868760439	5.3246
FAM98B	6.79558760209151	0.00308831612508258	0.0141374872566468	0.3502
PSMC3IP	2.62196652553155	0.00309652908751934	0.0141679787021937	0.6323
BACE2	5.41478134914085	0.00311279890061381	0.0142352847519053	0.3236
SRRM3	0.635839441378256	0.00312465704733303	0.0142787832430818	1.1347
SUZ12	6.43703638068667	0.00313066229566009	0.0142990670176559	0.2946
FAM133DP	1.09328498450273	0.00313340444958742	0.0143080119138739	0.8959
MRPL42	6.36237361757643	0.00313777152218619	0.0143243703198377	0.2928
UBXN2A	5.05244989028036	0.00314435940014319	0.0143472694848823	0.3625
SREK1IP1	4.76249986754829	0.00315294641492404	0.0143756717659474	0.3698
WRN	4.776794638474	0.00317162104076705	0.0144447783604087	0.3516
HNRNPA2B1	11.3921148039866	0.00317205940221726	0.0144447783604087	0.387
SLC35F5	5.09113893786258	0.00317855680712367	0.0144595919842372	0.3162
TAF1D	5.88267587232473	0.00317963531158769	0.0144595919842372	0.3008
ZBTB37	1.80779186170805	0.00318083311415651	0.0144595919842372	0.732
ZNF292	5.49591463689831	0.00318085678180853	0.0144595919842372	0.2912
ALOX5AP	-0.709804376454569	0.00318872139748298	0.0144881278826404	1.8211
PCNP	8.45520174241144	0.00322344042213324	0.0146313098822636	0.2831
C12orf29	4.87896611470975	0.00322431699913437	0.0146316507919953	0.3544
MKI67	9.07870846927445	0.00322768513523792	0.0146396571003487	0.3467
CWC27	5.80041674151709	0.00324277433630609	0.0147007917267455	0.3292
POLR2B	6.93206132984916	0.0032732444003905	0.0148131754520399	0.2693
SLC1A6	2.17550649206988	0.00327578989378698	0.0148180119328458	0.8175
IL12A	0.0400698994220972	0.0032759364680634	0.0148180119328458	1.3702
KIAA0922	3.26273804418424	0.00327705748576822	0.0148194108150073	0.44
HAUS7	5.01273345033314	0.00328429988874387	0.0148484840933403	0.3173
FBXL5	5.19790545291776	0.00328760152572268	0.014859730986282	0.3322
SLC29A1	5.45114537683239	0.00329343281683177	0.0148713602532972	0.3236
BYSL	5.48909800857329	0.00330667584171767	0.0149273718086262	0.3001
FLOT1	-0.203984222035744	0.00334204330638399	0.0150684965673861	2.7689
FAM65C	1.16222180706312	0.00336622766529804	0.0151663011494771	0.9639
ZDHHC5	7.64010598909439	0.00338941690906477	0.0152406884462774	0.2649
SMIM15	6.40216571948389	0.00340202038781498	0.0152898287050592	0.2896
FAM78A	1.38512983658371	0.00340735841723795	0.015309955929204	0.7975
GABPB1	5.11150841218289	0.00340870456654706	0.015309955929204	0.3029
ERI1	5.24026725309216	0.00341526222738186	0.01533424181581	0.2996
ARID4B	6.02382698208637	0.00344136427519745	0.0154286704833018	0.3092
GPBP1L1	6.87323097950339	0.00345236820927431	0.0154742042790356	0.2646
CREM	4.76585562356709	0.00345556296507398	0.0154847220153144	0.3559
TBKBP1	1.62100382635503	0.00345685984558138	0.0154867321082046	0.7538
LOC105376337	0.957135312099363	0.00346511196841917	0.0155118997591684	0.9362
TCEAL8	5.63181891762979	0.00346587637585714	0.0155118997591684	0.3051
SPTY2D1	5.52136506381041	0.00347383950301279	0.0155437289134808	0.2918
MVB12B	3.21699047166884	0.00347964760601075	0.0155620888523597	0.4697
ZNF483	3.58063303659969	0.00349230444149895	0.0156148689404861	0.4048
FMNL2	6.01729742943203	0.00349673324305894	0.0156308428220578	0.301
SOWAHC	5.30167771109233	0.00350741660673639	0.0156713331804651	0.3303
SHROOM3	6.22285558486107	0.00352939497574324	0.0157614076998944	0.2785
NAT8L	2.68601579544158	0.00353441954306633	0.0157692612803085	0.5372
CORO1C	7.78927196082675	0.00353515293934322	0.0157692612803085	0.2572
AFG3L2	6.83050364219142	0.00353898737270406	0.0157772291760892	0.2803
EIF3B	9.06936248950833	0.00354300828089031	0.0157874442704256	0.2608
SRGAP1	5.07653808164558	0.00355007753197737	0.0158150842908196	0.3573
PSMC1	6.84360169960947	0.00356413759613756	0.015867346069449	0.2758
PATL1	7.06751823471668	0.0035644656996332	0.015867346069449	0.3151
GLI2	3.61178093525829	0.00356686178240717	0.015870492005758	0.4031
ZC3HAV1L	5.65207744038403	0.00357450459618134	0.0159006227845728	0.3024
HPS3	5.45937633770611	0.00359559111734826	0.0159788489382449	0.3041
TBCEL	3.66670764346529	0.00360312435133011	0.0160006417314236	0.395
MFN1	6.30948958547134	0.00361133564157091	0.0160293079194064	0.2905
SNX2	5.75024521846885	0.00361477164131227	0.0160406589897416	0.2907
ALG5	4.57403580449092	0.0036360652895635	0.0161312291436868	0.3273
KANSL2	4.33211194617413	0.0036383936240505	0.0161376370264009	0.4208
SPRTN	4.24872992433614	0.00364098669803525	0.016145215729738	0.3668
TPMT	5.16163779687217	0.00367441675713767	0.0162776394851505	0.2968
ING5	6.04201853447761	0.00367576257864166	0.0162796510518394	0.2832
FIGNL1	5.99032318303156	0.00369111280360525	0.0163317875285064	0.2982
AHR	6.11725900904159	0.00370740606398816	0.0163959314690329	0.3252
USP33	6.20226448490922	0.00372251176459134	0.016450780628027	0.2813
SSRP1	9.07020366916307	0.0037241391179898	0.0164539892880014	0.2976
CLNS1A	7.34534320012413	0.00372676881554846	0.0164616238801482	0.3271
MZT1	6.02511535352868	0.00374126149519793	0.0165136532534655	0.3195
RBM7	5.45583208616818	0.00374619105564151	0.0165314150137277	0.2937
SNAPC1	5.53632236981446	0.0037507831002916	0.0165476791394208	0.3342
POMK	2.39700798316872	0.00375792564502035	0.0165751849662941	0.5909
CNN3	7.21099580031235	0.00376608935718593	0.0166031700808467	0.2935
MED14	5.63953460282979	0.00376733414615656	0.0166046480377195	0.2928
ZNF71	3.35272469820293	0.00376950429757086	0.0166061946082176	0.4306
CBX3	9.55449890363321	0.00377109336728728	0.0166091870960667	0.2645
ZNF354A	4.15057551803827	0.00379882229108758	0.016715184320582	0.3761
TMEM67	3.81648444126135	0.00380547135238224	0.0167379840401921	0.3823
EP300	6.75414598716371	0.00381541402207274	0.0167720198379388	0.2692
TERF1	4.47744309541295	0.0038195821457256	0.0167863003496309	0.3908
VAV1	2.76201670003323	0.00386753592583501	0.0169766135758702	0.5333
KATNAL1	3.94677370511489	0.00387068957534379	0.0169794504923539	0.3657
YY1	5.78373092809079	0.00387183297029757	0.0169794504923539	0.3055
SCLT1	4.38794901072292	0.00388404590887087	0.0170257921933552	0.3697
GSK3B	7.00538888641429	0.00388456475867463	0.0170257921933552	0.2917
MANEA	4.24842320039729	0.00389797791331119	0.0170773901572856	0.4641
F10	-0.938877251678128	0.00392549151392996	0.017181436844475	2.2825
GID4	4.50064039356022	0.00392961481339939	0.017195361465345	0.3265
NCAPH	7.04655156775095	0.00397334942904996	0.0173617681131489	0.2593
DBN1	7.18948065094548	0.00397748628928646	0.017371528635697	0.3066
IFIT5	2.39964677733025	0.00399704973025512	0.0174444513209509	0.6433
DOCK6	3.61265436122501	0.00400453291119888	0.017472933276015	0.4204
RNMT	6.48251346122097	0.00400697584655435	0.0174794148278844	0.2634
TCF20	0.930611264173171	0.00406598615768013	0.0177114395835381	1.0264
MCTP2	2.14555898261159	0.00406896539190172	0.0177201889777094	0.6655
NMT1	7.37606148955917	0.00407653929940359	0.0177404771036739	0.2687
HARS	6.50148940940588	0.00408755746770856	0.0177841871140342	0.2623
AGL	5.57474275691661	0.00409557494665851	0.0178142640252457	0.3197
FAM84B	7.81537307548228	0.00409682245619806	0.0178142640252457	0.2809
SMO	1.78227966800661	0.00410334035746164	0.017826751226131	0.7122
ELK4	6.5052392389206	0.00410417590947791	0.017826751226131	0.2638
IDI2	1.37253911792779	0.00410576495142873	0.0178294112638637	0.8606
GEMIN4	6.14728467341909	0.0041202625478712	0.0178838595040268	0.2922
MYO9A	5.3752850856113	0.00412412851818455	0.0178921317081695	0.2918
DCP2	5.94585970740674	0.00416798838949707	0.0180652412247528	0.3234
DOCK9	5.95615909009378	0.00418312147403176	0.0181265287514654	0.2773
HSPA14	6.18389211763296	0.00419835620731674	0.0181709793553282	0.2866
FOXP4-AS1	1.16298539066502	0.00420056542144777	0.0181751296901587	0.8385
RPTOR	5.34611655611741	0.00421825265272316	0.0182398778387587	0.2952
CD3EAP	2.72246713350249	0.00421827148527822	0.0182398778387587	0.5687
SOCS6	5.4378350080222	0.00425251304425179	0.0183753962823202	0.3295
XDH	2.44917890500094	0.00425263197265573	0.0183753962823202	0.5495
CNST	3.78494476126961	0.00425597905773933	0.018385507259368	0.3793
TARS	9.46101902554297	0.00427992435318789	0.0184845751104325	0.27
ABHD17B	4.73593467909213	0.00428556202600088	0.0185045459665734	0.4101
ANTXR1	6.75915390010043	0.00429406465825675	0.0185324927662258	0.2835
ZNF814	3.10159251354464	0.0042985140818724	0.0185473110561717	0.4574
SH3PXD2B	5.14004191636989	0.00431757431162967	0.0186163525349814	0.2919
RIC1	4.39779407124461	0.00432418514978117	0.018636053846649	0.3427
TP53BP2	6.39169135099864	0.00433045090075228	0.0186586527364016	0.2669
CLN5	3.72397001555573	0.00434067674247169	0.0186938887970189	0.3858
LPAR6	2.60955960416517	0.00434678017723531	0.0187157591782094	0.5408
PRICKLE1	2.88079597191405	0.00436117837160106	0.0187644761611947	0.493
HIVEP1	4.91209435704323	0.00436745826704979	0.0187826426674349	0.3639
SMEK2	7.1615499681932	0.00437322020908853	0.0188029929668206	0.269
SDAD1	5.36001728331694	0.00438041192250796	0.018829479646175	0.2878
WASF1	4.74887912689975	0.00439666042317308	0.0188948758675724	0.3169
GRTP1	3.87432204880862	0.0044123603316329	0.0189538579756755	0.3936
NR6A1	3.50706052498233	0.00441277492568353	0.0189538579756755	0.4114
RASEF	4.90646017897792	0.00442348966610182	0.0189922924140063	0.3131
RORA-AS1	-0.00203641115860511	0.00443121063748254	0.0190209690566379	1.2853
ZBTB38	4.45088649497039	0.00444036642134245	0.0190557897009938	0.336
SKIV2L	-0.746394805648332	0.00446156444866808	0.0191304406243809	4.8318
P2RY11	1.30046886400482	0.00447298876132851	0.0191732526008014	0.832
CYP26B1	1.38382415830243	0.00451533055217051	0.0193275204127608	0.7668
IVNS1ABP	6.64611318399888	0.00452208527737787	0.0193518961143484	0.2568
KPNA5	1.96185701476246	0.00453467877708791	0.0193921517344851	0.6955
BOD1	6.27365416290481	0.00454522683800923	0.0194281576105588	0.2637
KANTR	1.7243455707372	0.00458714292711434	0.0195981468002339	0.7592
CRCP	5.55996972965728	0.00459168622384224	0.0196129676421301	0.3006
SON	7.71160127436248	0.0046254875588209	0.0197388735095452	0.2508
MTRF1L	3.97783196964699	0.00464177409550708	0.0197991186653218	0.4184
SLC47A1	2.00294522473291	0.00465387279962859	0.0198460877902405	0.6422
RAB11FIP3	1.28750110690175	0.00467531616379233	0.0199328752653416	1.7592
ENPP4	4.32322584333326	0.00470532680622393	0.0200374262128351	0.3573
KLHDC4	3.8962861575149	0.00472827603472184	0.0201210739603454	0.3739
GDPD5	1.66175037574008	0.00474019581246576	0.0201623985909541	0.8145
DMTN	3.41014165967398	0.00475434980867012	0.0202178919420176	0.4149
NUTM2B-AS1	4.16581400968207	0.00478552390553366	0.0203220573201727	0.3768
AP4E1	4.82712118343571	0.00478685952941432	0.0203230017602297	0.3375
MANSC4	-1.67759855703481	0.0047927568595141	0.020343308353241	3.4884
NVL	5.18661614216134	0.00480148538558123	0.0203756199905093	0.313
CHD4	8.98910363048067	0.00481355343027766	0.0204135184872481	0.2725
BCAR1	5.54539124479613	0.00481377065554355	0.0204135184872481	0.3148
PSAT1	7.86826617399426	0.00481888210418237	0.0204257050601238	0.2812
FOXP4	5.05817561910076	0.00482778513137091	0.0204586920516034	0.2953
PRKACB	5.23698788676864	0.00484546205434456	0.0205240731471263	0.3152
GDAP2	5.21332569638788	0.00484822579072737	0.0205306309473118	0.2886
BMPR1A	4.62885258535319	0.00485075282900121	0.0205306309473118	0.3128
RFFL	2.48888200363269	0.00487914644478841	0.020615364377343	0.5408
TIMM44	5.3893393871065	0.00487943632090815	0.020615364377343	0.2872
ZUFSP	4.25420539751298	0.0049200458203619	0.0207437312925004	0.3458
RAB35	5.79557503753019	0.0049338630784427	0.0207923832779432	0.2944
ZNF93	2.99987279624684	0.00496177607136085	0.0208955441658048	0.5388
ZNF507	5.66188049839557	0.0049724382643503	0.0209307892446343	0.2924
RAB23	5.45599946521971	0.00499146285619235	0.0210011859651181	0.3453
ARHGAP23	2.89081713357376	0.00500134682429827	0.0210249639086173	0.4799
C4orf46	5.01283401840684	0.00500172098242357	0.0210249639086173	0.3274
RASSF3	5.8677479998626	0.00501607115158584	0.0210779104970187	0.2705
CASP8	5.75048273179727	0.00501969608074701	0.021082470565681	0.297
UBE2L6	5.78535859049095	0.00502411778511312	0.0210851251229943	0.2982
SLC39A6	5.7260722073829	0.00503735896138372	0.0211309800549221	0.2927
Aug-03	5.47542241534254	0.00504399786891258	0.0211491100355691	0.2938
UVRAG	4.62249140488113	0.00511029363220728	0.0213828834631162	0.3135
UBAP2	5.44431988354797	0.00511791407931007	0.0214098623812751	0.3493
PGGT1B	4.96604269631554	0.00512537657170359	0.0214361683145523	0.3223
TMLHE	4.10424432820417	0.00514389217736323	0.021508679704522	0.3431
DPP9-AS1	-0.57680764261499	0.00519408263773836	0.0217036330131727	1.6255
WDR74	5.85413784928958	0.00520468582002271	0.0217429620893214	0.2755
USP31	4.92743366741662	0.00521053067405863	0.0217623994476354	0.3285
KIAA1586	3.78877677142638	0.00521984136320313	0.021786333773808	0.407
AMD1	7.41617075731682	0.00522892508320064	0.0217956030284514	0.2668
ZNF146	7.45177025859116	0.00522973207800085	0.0217956030284514	0.2571
ND2	13.1375176209644	0.00526311021436948	0.0219123621154113	0.5187
TXNL1	6.54551517269347	0.00528316736292647	0.0219742498260857	0.262
PTBP3	8.27378787378404	0.00529670529586192	0.0220165418673168	0.2633
RASL10B	-1.98236991370842	0.00532023417635504	0.0221093091562799	5.3188
ZCCHC9	4.74181031099415	0.00539615959374607	0.0223980295026052	0.3964
CAND1	7.8843454193049	0.00540356243141897	0.0224198717609056	0.2514
DRAM1	3.25219715590742	0.00544413851745574	0.0225728350612473	0.4933
MTF1	5.02164590912101	0.00545188345833573	0.0225998148082146	0.2996
ASXL1	6.8800265297042	0.00545671681287335	0.022614715581343	0.2495
FKTN	5.55458401370869	0.0054854441304791	0.022718300373418	0.2802
SLC35B3	4.51558422988676	0.00548824173196305	0.0227226741465727	0.3613
C9orf91	3.3415465902161	0.00548898953694048	0.0227226741465727	0.4608
PELP1	6.68769224797492	0.00549067273750233	0.0227244891171713	0.2732
ZNF699	1.42382275107459	0.0054983841689306	0.0227512469147772	0.769
VPS13C	5.88582123073032	0.00550211691597614	0.0227615332921052	0.2891
GNL3L	7.40976227247062	0.00550971392514104	0.0227877973306241	0.2572
TRIM32	5.05596344314025	0.0055188840318664	0.0228102211649882	0.2874
ITPRIPL2	7.75283929809749	0.00552667973549298	0.0228321034738991	0.2454
CCDC91	5.8762971609225	0.00553504522010633	0.0228587092654815	0.2915
THOC5	5.29488998410229	0.00559466849884303	0.0230920796099657	0.3008
YAE1D1	4.38537250757841	0.00562019291884083	0.0231817085238044	0.3476
ERICH1	4.25117426821119	0.0056336117147067	0.0232213175578427	0.4189
MSL3P1	5.77507758178108	0.00563921918175115	0.0232391840591533	0.2697
CDK2	6.4219713597659	0.00564326491070107	0.0232506080365062	0.2678
ADSL	6.11403449396721	0.00565333307127031	0.0232868340589149	0.2868
UHRF1BP1L	4.99622003554596	0.00572420995687853	0.0235522147786285	0.2898
NBPF26	3.52162660386156	0.00573887546522877	0.0235966014624361	0.4514
LOC101929796	1.66091036440141	0.00574760540889758	0.0236271750382423	0.7138
CCDC122	2.48773784806984	0.00575249529934013	0.0236419527655906	0.599
DESI1	6.47512759166718	0.00576145183851315	0.0236734334377439	0.2822
PES1	6.99385792068028	0.00578980016617548	0.0237738623107736	0.2845
FHOD1	5.3917627119051	0.00579680245264018	0.023795904249766	0.3077
CANX	10.3154712405219	0.00580380831708947	0.0238153123481199	0.2646
IQGAP1	8.55938275982562	0.00581533205884743	0.0238485104324168	0.259
RAB8B	4.87841080091896	0.00581581772815072	0.0238485104324168	0.4213
POLK	4.54783195617475	0.00582014115463853	0.0238608796135372	0.3993
FARP1	5.51671830543476	0.00582259973780603	0.0238655996437779	0.3088
SLC25A25	4.21602163254697	0.00582492833326996	0.0238697848826434	0.3548
TRIM37	5.42123434063087	0.00588428015209458	0.0240859682638203	0.2981
COL6A3	0.12028429355915	0.00589674168278287	0.0241315660526528	1.1903
ZBTB6	4.5290048068278	0.0058986482653232	0.0241339584786509	0.3468
NCK1	5.2283862332169	0.00592790045170434	0.0242427756824181	0.2779
RBM17	7.26478693152216	0.00593851040757452	0.0242755181690644	0.3227
DYM	4.68168951472038	0.00593989590606982	0.0242755181690644	0.3097
ERLIN1	6.01825673015703	0.00594954927632909	0.0243095281084745	0.3015
TCP1	7.97501637097383	0.00598336106278714	0.0244270894117107	0.2449
PREP	5.5502205184704	0.00598367352372755	0.0244270894117107	0.3212
RILPL2	3.75729187587149	0.00600242817547888	0.0244926975349894	0.3783
DCHS2	-1.6762167205615	0.00601176199629606	0.024525302123884	3.4886
OXR1	5.21854101938682	0.006023587571827	0.0245625675030766	0.3043
CSNK2A2	4.8150075391326	0.00603348929104144	0.0245809820346468	0.2927
EXOC2	5.60034489423588	0.00603765668197132	0.0245924721968024	0.2722
STIL	6.42990587487481	0.00606239382210594	0.0246877228678042	0.2567
UGGT1	7.39970390119848	0.00612332283681329	0.0249136130396397	0.2413
MMS22L	5.50264872372933	0.00616066319888884	0.0250376374351992	0.3282
NES	5.33999873534682	0.00618595074923737	0.0251150322409399	0.3186
ADAMTS6	1.78370808751466	0.00618658523156807	0.0251150322409399	0.6868
AKNA	3.28090758506398	0.00618841916529427	0.025116892014587	0.4335
SERPINB8	3.74428334050506	0.00621051380251126	0.0251841714745992	0.4516
FILIP1L	4.29460750283928	0.00625005213649764	0.0253276252616872	0.3962
KIAA1109	6.24012703283617	0.00625178581248847	0.0253290283605835	0.3189
PLAA	5.74770356404639	0.00627052472646529	0.0253966531234638	0.2956
SEL1L3	6.66530102803301	0.00629007708236738	0.0254559182477719	0.2581
ZNF496	4.8468113656872	0.00631561509946907	0.0255386676818735	0.295
TMEM185B	5.73757785506254	0.00631611988297869	0.0255386676818735	0.2703
LINC00648	-1.21076539547622	0.00632045928353361	0.0255448980916957	2.2325
RFWD3	6.25127215765041	0.00634810427966848	0.0256452736732967	0.2629
ZFP1	3.97835704524914	0.00636657481145267	0.0257085135496306	0.3724
DPM1	6.48556684337497	0.00639707279303068	0.0258145360100725	0.372
PWAR5	1.25804247660131	0.00643840549661783	0.0259387456144992	0.8253
IL1RAP	3.57438168249843	0.00645090603277505	0.0259686307683222	0.3902
TCP11L1	2.78975314922821	0.00646692868719547	0.0260273920003176	0.5169
LMAN1	7.67975790986537	0.0064913347775958	0.0261198606347342	0.2547
OGDH	7.0030318076593	0.00649487277782076	0.0261283379091881	0.2676
EIF2S3	8.29393668299602	0.00650045854800035	0.0261450476431581	0.2446
HOTAIRM1	-0.544526805763579	0.00651564828127837	0.0262003689478013	1.4924
ILF3	8.84074482364175	0.00654113865775669	0.0262912873923395	0.2689
PSG5	0.716026994458077	0.006546244274796	0.0263060170549584	0.9629
DCAF17	5.24955931995181	0.0065731618620658	0.0263967538393914	0.2809
JPH2	4.49358090323513	0.00663155700944764	0.0266043690268362	0.3354
NFIC	6.49898551707577	0.006632147427757	0.0266043690268362	0.2772
UTP6	6.16757339597905	0.00663360524814994	0.026604371135814	0.2548
FOPNL	4.30680329486965	0.00664411858317692	0.026640682814513	0.9572
RAD50	7.23647350284754	0.00666351965581895	0.0267067431035413	0.2513
DNAJC25	4.63332341525788	0.00667413392442487	0.0267434128455445	0.3055
ETNK2	3.72444244041794	0.00671003707964051	0.0268702908684639	0.3684
RNPC3	3.13666710697282	0.00671021341308758	0.0268702908684639	0.5154
FAM149A	-1.16238472286563	0.00674709472163725	0.027010739629395	1.9295
ARCN1	7.36051133102561	0.00674824624505207	0.027010739629395	0.2471
UBR3	5.36804690323586	0.00675168778551406	0.0270185910154197	0.3011
ERN1	1.96479814103787	0.00676587381625838	0.0270634952650335	0.6427
MSH6	7.60083737540617	0.00679544374734915	0.0271579730848525	0.2544
FAXC	2.0200194350776	0.00682250426595086	0.0272601527422191	0.6419
HAUS2	4.94911664682329	0.00683392396814829	0.0272878643837522	0.2921
UBTF	6.96128965443803	0.00685276181057056	0.0273571002872898	0.3296
ETV5	6.00732332525032	0.00685583642518945	0.0273574097875975	0.269
LARP7	6.60169567715692	0.0068624288077795	0.0273741096945938	0.3054
FBXO31	3.59091917067306	0.00686302038081485	0.0273741096945938	0.3992
PIAS2	4.50960765204201	0.00689664866531987	0.0274782230541422	0.3285
GNL2	6.85401620436372	0.00693353717495125	0.0275988147664371	0.3098
DYRK3	1.97163945304906	0.00693447432809196	0.0275988147664371	0.6437
NOL10	5.93527550544664	0.00709723100138464	0.0282219667090564	0.2636
ASPHD1	2.64132006320801	0.00719336614356863	0.0285544884359619	0.5935
TIMELESS	6.42440375548378	0.00720981774377224	0.0286073533428181	0.2511
BLM	5.51250413214823	0.0072162945739819	0.0286164790658251	0.2724
HERC2	4.82472602302907	0.00731453786320799	0.0289724893102029	0.3213
ARFRP1	4.83453709354193	0.00733094595423521	0.0290248859988111	0.2953
ZNF654	3.47125080021017	0.00734577240982754	0.0290772812475741	0.4418
TWF1	7.37017606476189	0.00736691829901231	0.0291483442710812	0.2583
EDEM3	5.1627775705616	0.00741837745771492	0.0293455902205945	0.2972
MRPL32	6.36445424945412	0.00742028637850082	0.0293467825229443	0.3667
FGD4	5.12637810218635	0.00743248325110383	0.029388653721497	0.3243
REV1	5.81106875906116	0.0074372999754341	0.029401331388377	0.269
PSMB7	7.61160284006075	0.00750492742832543	0.0296301806080253	0.3525
USP9X	6.55982252819359	0.00751417624284895	0.0296538697556097	0.2527
FAM98A	6.05711453594993	0.00752783949018692	0.0296949519733908	0.2832
TMEM121	-0.210868949105753	0.00753956375007101	0.029734775506869	1.6201
SMAD7	2.64021674049312	0.00756377336304445	0.029811900463122	0.4935
KIF11	7.07852890836574	0.00759020417265461	0.0299086482572809	0.239
TMA16	5.94670218714496	0.0075926084363032	0.0299116658638652	0.2594
ATL2	6.33155999997701	0.00762451866711626	0.0300244203595501	0.2538
ZNF618	-0.610464089881082	0.00766241268438505	0.0301606308680754	1.61
POLR2M	2.71987217810607	0.00767359744718415	0.0301856760470437	0.6128
DDX19A	5.47884217077044	0.00767373589692868	0.0301856760470437	0.2682
CACNB4	0.220792200143323	0.00771291042063549	0.0303028854667963	1.23
PTRF	8.0748564413485	0.00773579299781231	0.0303708896705508	0.2381
ITGA6	9.35679170161777	0.007743645537621	0.0303951823123649	0.2475
AP5M1	5.17841680330855	0.00777320121374944	0.0304941438555679	0.2886
FAF2	7.29345737986106	0.00777386861874524	0.0304941438555679	0.2405
CALCOCO2	5.72758148819454	0.00777627346629806	0.0304970243610607	0.2699
SH2D3A	4.71129600418297	0.00778626586746787	0.0305189411395951	0.2918
JADE1	5.09755749563563	0.0077868770720987	0.0305189411395951	0.2905
SNHG17	3.80336836889459	0.00780792239104586	0.0305817273484088	0.3771
KIN	4.0167280891507	0.00782899785882697	0.0306511226486693	0.3468
B3GALNT2	6.10774483413355	0.00784013068230506	0.0306881273019214	0.2812
UPF2	6.10247610980624	0.00785015257186299	0.0307207685641867	0.2985
MIR30C2	-1.48500876646812	0.00787177237866208	0.030780908318692	2.2528
SS18	6.50420521145521	0.00787226451248757	0.030780908318692	0.2821
MTMR4	5.49997247310845	0.00787675155618262	0.0307890626798852	0.3125
ZNF512	5.69138230623264	0.00787772303778174	0.0307890626798852	0.2845
AGPAT5	6.03651714310877	0.00788909660527403	0.0308070324401351	0.2774
LOX	2.82436877670974	0.00789446325480752	0.0308092115391897	0.5024
NKX3-1	3.07478979838815	0.00789469169480333	0.0308092115391897	0.4434
NID1	-1.54591652451651	0.00796684185035386	0.0310841343919769	2.7587
TMEM150C	-0.4551153751043	0.00797718414292732	0.0311178362635216	1.4838
MAP4K4	8.3559878636191	0.00800904133308249	0.0312154266816298	0.2781
STK26	6.78950712965073	0.00803761570459606	0.0313134255875172	0.3504
DNAJC13	7.08950381253084	0.00806619749222809	0.0314180715634982	0.236
ATP2A2	8.24282695314266	0.00807951333778635	0.0314632242949291	0.2337
WDR5	6.57837567045172	0.00812993881417325	0.0316326008080876	0.2462
NACC1	7.32518395096497	0.00813917445975184	0.031661787542559	0.2413
PLCB2	0.503026880442849	0.00814107151556393	0.0316624204491127	0.994
MFAP3	5.63551653388665	0.0081929681513798	0.0318303525370482	0.2935
VANGL2	4.40287497138737	0.00820265533482025	0.031861207615421	0.3068
CSAG3	2.90592849558159	0.00823878872397677	0.0319947515305084	0.5552
ZFX	5.56739912389863	0.00825815487819602	0.0320495058368084	0.2866
DDX55	4.86762867570828	0.00826369246616507	0.0320602055937448	0.3116
NUDT6	2.16340471793384	0.00826560699834995	0.0320602055937448	0.5988
TAOK3	6.42454394012018	0.00826793645570499	0.0320602055937448	0.2981
TOMM40	6.98028164573889	0.00828532049733533	0.0321207923124557	0.2356
FASTKD1	4.48475302978373	0.00830590062646313	0.0321869076282554	0.3114
CDC42BPA	6.56386991383666	0.00831630400325509	0.0322203832520002	0.2543
ANKRD36BP1	4.48639738509024	0.00834264361808939	0.0323155743458179	0.3493
NSUN4	4.90423791191885	0.00837519589246679	0.0324094992018766	0.2791
ZNF268	4.17317616182826	0.00837576781520891	0.0324094992018766	0.3284
MPP4	-1.21102159459762	0.00838000053748615	0.0324190061056044	2.2285
GNA12	6.28460162994154	0.00839782480151554	0.0324810783000991	0.3304
CCND1	8.56178556317075	0.00840570758303593	0.032504680710846	0.2401
TTC37	6.30809118746899	0.00843630540352855	0.0325884873988187	0.2582
COG3	4.92156904624503	0.00849377125058932	0.0328035303471036	0.2982
CFHR1	-0.710901791913235	0.00850582054144338	0.0328431175559624	1.8132
ZC3H7B	6.99460104749146	0.00851002111050987	0.0328523885374219	0.2559
IQGAP2	-1.82146542869783	0.00857942076518673	0.0330923104773397	3.2271
CENPF	9.00594380695962	0.00861307246860916	0.0331924795680003	0.2391
MRE11A	5.93768321234843	0.00861448116746194	0.0331924795680003	0.2511
PRDM10	4.22215251845209	0.00862425557153661	0.0332231292918279	0.3865
CLUH	7.26671319233245	0.00864449534739126	0.0332800310126476	0.2394
KIF18B	6.25202704258381	0.00867013238616962	0.0333646578503188	0.245
KSR1	3.70507560871224	0.00868079404801629	0.0333916089634609	0.3793
CCNA2	7.81871002839135	0.00870769925361625	0.0334665993835183	0.2494
INO80D	4.43197782320211	0.00873339039802655	0.0335515099129572	0.427
TSPAN2	5.21785969039642	0.00875854337207702	0.0336269122609123	0.2671
ISYNA1	5.11848040849098	0.0087615272277452	0.0336312954309748	0.2985
CHUK	4.75368115709728	0.0088158399310675	0.0338255514463153	0.3391
ZNF257	2.01675996229907	0.0088574338075507	0.0339780020152649	0.6486
MAT2A	7.84904144986688	0.00887548171449376	0.0340309077100157	0.2475
TLK2	5.43780230680002	0.00888448124974449	0.0340388435876884	0.2688
LMO7	6.51579995551063	0.00889729087064473	0.0340807683874298	0.2473
CISD1	6.10073295632846	0.00890167455827026	0.034090407118897	0.3374
Sep-06	5.75134310052093	0.00890725816638354	0.0341046361337034	0.3132
SSB	7.43039455112343	0.00891814103134694	0.0341391450342356	0.3465
SLC35F2	6.22203548200427	0.00895884333385715	0.0342805793131201	0.2624
RELT	3.75156556290802	0.00897740802363656	0.0343372220573034	0.3554
SUSD3	1.37605657917051	0.0090423171803266	0.0345684608217441	0.7137
LINC00944	1.3856825453631	0.00904354562251586	0.0345684608217441	0.7224
BLMH	5.48648418634895	0.00909243584649357	0.0347407929706125	0.2727
SRP68	7.18177499377955	0.00910123961950121	0.0347633883590457	0.2517
FEM1C	4.99524896127277	0.00911060643980841	0.0347883771522992	0.2927
GUCY1A3	-0.939498318273484	0.00911480649485498	0.034789861461441	1.6977
ARHGAP32	5.53843713042488	0.0091671267215717	0.0349749353038689	0.265
SAP30L-AS1	2.56116521224846	0.00932336148311142	0.0355264636267339	0.5229
MALL	2.48802191339882	0.00934024356251399	0.0355833652915808	0.5947
DCAF16	6.05971434954683	0.00937003129941852	0.0356741114198504	0.2689
LUC7L2	4.63694022479247	0.00937187984057859	0.0356741114198504	0.2907
FARSA	5.8400980488979	0.00946972461084558	0.0360015186371506	0.2892
DDX43	3.10803254107364	0.0094810394509343	0.0360370302344902	0.4261
POLE3	7.34937862670903	0.00949137488926877	0.0360537952514546	0.3069
LAS1L	6.50142228801569	0.00955284926299936	0.0362495980347778	0.2516
TBRG4	6.53791318266715	0.00959663895820037	0.0364019203136896	0.2696
ERCC2	3.68031254844207	0.00961141510368364	0.0364339688814054	0.3744
TRRAP	7.12969012718563	0.00962308874388284	0.036470647313333	0.2424
NPAT	4.95187458516223	0.00963945306207036	0.0365175046900096	0.2688
HP09053	-0.315157197013069	0.00967380272590461	0.0366400295776171	1.4135
ZNF232	3.6475244750023	0.00970345573711616	0.03672948122264	0.3677
FBXL16	3.82810553758615	0.00974130625101296	0.0368248003755894	0.3962
CCT7	8.73908223497025	0.00976862228226521	0.0369149179020976	0.2402
SATB2	3.38861094134521	0.00982013942099336	0.0370865670810208	0.3984
FOXL2NB	-1.3146761864032	0.00982467366865636	0.0370960170620456	2.5269
UBN2	5.67578049312525	0.00984312203043314	0.0371579892033886	0.2667
GNPTAB	5.8854844772786	0.00989089363804359	0.0373151796354875	0.2555
GAR1	5.92583505111857	0.00991861762313273	0.037405783719761	0.3179
ENTPD4	5.62388518676677	0.00991900739413688	0.037405783719761	0.2716
STARD9	2.27347683878935	0.00992645702707481	0.0374261461144729	0.6439
PXN	7.67315204339877	0.00994829686248446	0.0375002134333783	0.2269
BAG2	6.29676491763885	0.00995021000609578	0.0375002134333783	0.2593
MSRB3	0.421390739227203	0.0099608656375994	0.0375326239587234	1.192
EVI5	5.08391927030228	0.00996710863705487	0.0375483977049265	0.2847
URI1	6.55273292867441	0.00997069882190344	0.0375541295595652	0.2558
TBC1D15	5.55106177841141	0.00997274430898181	0.0375541295595652	0.2992
PPP2R5E	6.8204006998354	0.00997897386740382	0.0375622069985306	0.2306
ST13P4	0.453589625496085	0.00999867456914072	0.0376284895762179	1.0806
SMARCA4	7.54638939094605	0.0100051717960717	0.037645180607808	0.2573
SLC6A17	3.41441675433347	0.0100320806399084	0.0377271708805249	0.4082
LOC340017	-1.11411993008566	0.0100331625013666	0.0377271708805249	2.0081
PPP6R3	7.37709053406145	0.0100523016957917	0.0377913549749531	0.2316
EIF1AX	7.65412490027374	0.0100547817401603	0.0377928959127787	0.2492
ARIH1	6.47745230172643	0.0100604090194958	0.0378062632894019	0.2369
ANTXR2	1.71034516410968	0.0100835517825814	0.0378776381363797	0.7434
GNG11	3.77770339586175	0.0100905457648488	0.037896112627665	0.3455
FAM71D	-0.939752941441652	0.0101364253602423	0.0380371184741177	1.6957
PHF8	5.67506469102522	0.01021795656913	0.0383115660558712	0.2525
MTR	5.78285179508819	0.0102349887648582	0.0383596704765453	0.2516
KARS	7.55142152515533	0.0102383569414984	0.038362680656401	0.2296
KLHL8	4.36706061238902	0.0102520641352632	0.0383921400724852	0.3278
MCPH1	3.51317411790049	0.0102599697350087	0.0384138653573254	0.3757
USP34	7.1736792585384	0.0102833472993089	0.0384850800205355	0.2329
DENR	7.60116441156075	0.0103290701523072	0.0386250521713477	0.2275
TMEM171	3.31681452516886	0.0103611472427317	0.0387212086107083	0.3849
PINX1	3.91877126524304	0.0103661339464047	0.0387319159487444	0.3834
ZNF480	5.13344875636553	0.0103699462493268	0.0387382317838572	0.2748
CARKD	5.17500105491275	0.0103948997901996	0.0388235046174066	0.3315
ITCH	7.61796803539805	0.0104191059985305	0.0389059519552408	0.2302
MAD2L1	6.38245227180694	0.010447804283962	0.0389971611138848	0.264
NFATC3	5.81314729143549	0.0104603375682812	0.0390359612932424	0.2578
DUSP2	1.71617620127301	0.0104862442295633	0.039124642275681	0.6294
CCDC137	5.74546891623754	0.0105330662340568	0.0392672365058079	0.2902
UMPS	6.03200175476255	0.0106224160562284	0.0395357446529065	0.2662
MIRLET7DHG	2.05395002398254	0.010643273234772	0.0395972276694515	0.5812
FOSL2	6.57437117223354	0.010697316712712	0.0397739743191995	0.2419
SUFU	4.54073074219173	0.0107194224607196	0.0398318291151837	0.2887
SNORD25	0.970585986125455	0.0107693920969773	0.0399930883080591	0.89
THUMPD1	6.58345165474734	0.0107800382136965	0.0400244819258173	0.2447
NCOA7	5.21437454696482	0.0107838235572384	0.0400303950510258	0.284
WDR4	4.05329638036061	0.0107958727507928	0.0400669755922899	0.3382
PPP1CC	8.15092250188641	0.0108180622797555	0.0401167062724388	0.2305
TLK1	6.76536131397014	0.010827455046323	0.0401433832911602	0.249
HAUS8	4.98195346376106	0.0108357688362467	0.0401660499237604	0.2919
NUP205	7.6625555298036	0.0108617592266465	0.0402542177104462	0.2575
CCDC117	5.19144163859619	0.0109428357271153	0.0405250773019707	0.2605
PDS5A	7.91126960572726	0.0109437243152232	0.0405250773019707	0.2486
SORL1	2.90030017181023	0.0109560909793824	0.0405569282900048	0.4519
MCM10	5.84949745633763	0.0109567687514408	0.0405569282900048	0.2469
MERTK	1.12869499967437	0.010975739255623	0.0406106801480854	0.8762
SUCLG1	6.57340988379284	0.0109869725182893	0.0406440061385796	0.2862
TLN1	6.759317757709	0.0109902109566409	0.0406468229843257	0.232
TMEM41B	5.94171000406878	0.0110012913013393	0.0406722507082321	0.2479
OAS3	4.39350746878401	0.0110373661820856	0.0407891006113675	0.3676
SIKE1	6.11742963298015	0.011055074517002	0.0408462741109874	0.2709
MLLT1	6.03754905020342	0.0111142859391376	0.0410484329566855	0.2511
USP47	6.06898393952258	0.0112074423905995	0.0413423051692836	0.2599
TPST1	3.37634667528696	0.011216273376887	0.0413665225794848	0.3882
SMG1P3	1.93839662507979	0.0112777587192653	0.041559701893199	0.6076
SRBD1	5.03228326505253	0.0112918707717354	0.0416033083367914	0.3086
MSN	8.69155609852482	0.0112979917017603	0.0416174609578966	0.252
C6orf163	0.547335072499076	0.0113087773225704	0.0416403870110618	0.999
RDX	8.3213406197061	0.0113592841099815	0.0418010664607584	0.2324
EPB41L5	4.17312440175149	0.0113683054080832	0.0418258330370753	0.3361
LOC105375305	-0.675679379707171	0.0113723803517011	0.0418323948621107	1.4573
ITPKB	4.08187208815835	0.0113825602864034	0.0418445470375714	0.3578
LUCAT1	3.93155166798392	0.0114035341837306	0.041913211205594	0.3224
ANKRD44	1.26767300601065	0.011450464024305	0.0420602960216725	0.7654
MBTPS2	5.02542234031388	0.0114548251600012	0.0420678511609299	0.2924
ZIK1	2.07998138425262	0.0114691369766327	0.0421034716761326	0.6224
ANKRD10	5.9516084104832	0.0116531538651521	0.0427188708759472	0.2462
AP3D1	7.02519956196343	0.0117175188030156	0.0429117398731902	0.2767
MED17	4.79885597790851	0.011722072227622	0.0429198055730982	0.2759
SNX29	4.77887957711378	0.0117276287689662	0.0429229332009318	0.2728
ZNF331	5.48785185173841	0.0117343351299796	0.0429305484528598	0.2987
WDR17	2.03879136631978	0.0117392014102181	0.0429394632227893	0.6952
CALD1	7.53748891128222	0.0117497053683839	0.0429692750811732	0.2343
FGF14	1.66298666807958	0.0117556129954111	0.0429822693459292	0.6474
SLC19A3	1.65512958292746	0.0117889355936288	0.0430954762109107	0.6385
ZNF134	3.60761191717391	0.0117945308632935	0.0431060105605318	0.3536
NRROS	1.60996567741419	0.0117965396998475	0.0431060105605318	0.6808
FANCM	4.58913877798977	0.0118131478746137	0.0431407936785253	0.2833
ATF6B	-0.780626189049993	0.0118771526361922	0.0433485202971462	2.9725
SPCS2	7.10404392968939	0.0118934284020452	0.0433992462338072	0.2538
NBPF20	2.98325766841104	0.0118982671351596	0.0434082263827886	0.4132
RGMB	4.04210692507821	0.0119029791765707	0.0434097152226531	0.3315
STK39	4.88265194401821	0.0119034308942047	0.0434097152226531	0.2712
GPRIN1	4.18887665613082	0.0119299663181066	0.0434717495216277	0.3144
GPATCH2	4.53723745635871	0.0121197049979112	0.0441279087438906	0.3125
VPS54	5.36929715961764	0.0121485477798899	0.0442241053379204	0.2877
URB1	4.97887163457853	0.012218644467292	0.0444261249541691	0.265
EGFL7	5.25185475220171	0.0122710901107654	0.0445635609831176	0.2651
ZNF330	5.00935881665255	0.0123226520747861	0.0447063466369823	0.3016
MPHOSPH9	5.53741497981885	0.0123294093710947	0.0447219744642767	0.265
SLC16A1-AS1	0.471714870186384	0.0124554792051123	0.0451523487626151	0.9445
NAPEPLD	-0.26211635533742	0.0124777015773592	0.0452239269398985	2.1368
AP3M1	6.86853575794354	0.012480496010012	0.0452250764507304	0.2347
NOMO3	-0.395693119563129	0.0125815245820107	0.0455640374467738	1.6102
FAM160A1	5.15087983232536	0.0126158112328141	0.0456519821340444	0.2638
PXYLP1	3.23617340810714	0.0126297246737988	0.0456847871222683	0.397
ARID4A	4.35785961764877	0.0126557247859971	0.0457691980374727	0.3237
DHX29	5.76957893859023	0.0126709530323144	0.0458044469789878	0.2453
HAT1	8.12147761674125	0.0126729985588775	0.0458044469789878	0.2673
USP53	5.0049717713054	0.0127167639878648	0.0459444376335759	0.2956
DNAJC11	5.84536743932422	0.0127523458692533	0.0460532306639003	0.2865
SMAD3	6.65724809990138	0.0127534423571886	0.0460532306639003	0.2354
SMG7	6.90658074765476	0.012758792116182	0.0460598198285581	0.2666
SHPK	4.92506295927717	0.0127654607172535	0.0460663516546964	0.2938
UBXN2B	4.21425145815195	0.0128191819391626	0.0462229874543457	0.3001
IMP4	5.49698248567009	0.0128897107084454	0.0464497747124712	0.2522
FAR1	6.29120223348774	0.0129192895780016	0.0465405949736304	0.2625
MAP3K4	4.52127922983207	0.0129200117948269	0.0465405949736304	0.3082
SURF2	4.95364877690296	0.0129913737840695	0.0467884237131529	0.363
GNB4	6.37922180729544	0.0131024038208341	0.047169687271376	0.2373
NAE1	6.68196180892192	0.0131259698483517	0.0472358970138988	0.2257
PALM2	1.58885241780247	0.0131845052892156	0.0474278479921026	0.7558
UPF3A	5.71241059232733	0.01321149503448	0.0475155739459153	0.3547
PDIA6	7.66645496904886	0.0134040020462504	0.0481131461573628	0.2254
CNOT6	7.28589562939037	0.0134430754037426	0.0482249527551042	0.2181
LOC727896	0.376653907058234	0.0135188425550239	0.0484396446878344	0.9949
G2E3	5.40465258496041	0.0135357580274732	0.0484907375489699	0.2822
PHF20L1	6.34796634452787	0.0136802565637532	0.0489315759850858	0.2481
USP28	5.37196282264088	0.0136849521866999	0.0489387829814677	0.2501
OLA1	8.72638707916553	0.013703866131159	0.0489872293108357	0.2866
THSD4	4.90216973222336	0.0137417934040133	0.0491131911479379	0.2652
TCEAL3	4.47716614043053	0.0138661871149829	0.0494899534645411	0.4526
ARNT	5.3144630518086	0.0139079528772284	0.0496293173820724	0.2586
CTBP2	6.41729452841881	0.0139316611766746	0.0497042029394902	0.2424
LCORL	4.60883333975564	0.013949375739275	0.049757679463893	0.2755
STAMBPL1	4.09676385378834	0.0139859046579841	0.0498587532583789	0.3123
RGS20	3.3659595523928	0.0139928619368982	0.0498738163842275	0.4114
FMN1	2.71965276293881	0.0140218781545563	0.0499479819686985	0.5518
TTC19	6.44130328282861	0.0140438712803087	0.0500165653713061	0.2297
CHST15	4.83084513166936	0.0140667192639162	0.050068634603637	0.2617
SNRPF	7.65358481734303	0.0140939145848387	0.0501556539299835	0.2618
NUDT4P1	-0.982145523468715	0.014113547053003	0.0502157308516122	1.6282
GABPA	5.29121124982019	0.0141344556123103	0.0502803237837757	0.3028
IGFBP5	3.41470835453478	0.0141394992216548	0.0502884663531131	0.4202
CHCHD3	7.47184537879029	0.0141442391243113	0.0502955257992652	0.2286
SLC9A7	5.28350430971569	0.0141619732953918	0.0503095445355614	0.2572
C12orf45	4.41333178114147	0.0141647161981149	0.0503095445355614	0.2831
DNMT3A	4.85624034310873	0.0141914560664238	0.0503751160701211	0.2682
RABGGTB	6.00089428357811	0.0141995745384319	0.0503941354536571	0.2331
TTLL4	5.07331197330164	0.0142371747816251	0.0505079406943933	0.2685
EXT1	5.2936724963201	0.0142758792765055	0.0506212904021706	0.2628
CXorf23	3.43786559009869	0.0142774443624439	0.0506212904021706	0.3712
WTAP	5.88240310275214	0.0143504358234402	0.050850457374364	0.2375
EIF1AD	5.63855652218069	0.0144306331064034	0.0510850568141363	0.2646
KHSRP	8.03985404108845	0.0144712114061297	0.0512187738329398	0.2672
BLVRA	5.18621561244628	0.0144877147956131	0.0512672458439063	0.2717
KRR1	4.98855761597195	0.0144928290641156	0.0512754045338168	0.3079
APPL2	4.91413718140483	0.0145106496831283	0.051318562691823	0.2623
PMS1	4.22997762931773	0.0145393371525616	0.0514100598599971	0.3196
NDUFAF7	4.20149602587876	0.0145615750228048	0.0514687538463357	0.3363
HNRNPA3	10.0760624699787	0.014588676991594	0.0515445881862862	0.3129
DHX35	4.11989184115558	0.0146731453116127	0.0518053588330055	0.3193
KCNQ1OT1	3.70770027628915	0.0147113506061036	0.0518976650560439	0.3276
SCAF4	5.49571950044002	0.0147231999570749	0.0519294316878594	0.2606
MKRN3	3.59666030727449	0.014740921339128	0.0519669403947125	0.3397
VTA1	6.56285820156675	0.0148193039579396	0.0521676076082038	0.2297
GON4L	5.260424710624	0.0148303507009456	0.0521964299973901	0.2525
DPY19L4	6.30902836419457	0.014837846277353	0.0522122911040371	0.2901
SHOC2	4.91303407969496	0.0148700358219148	0.0522756352714956	0.2698
RSL24D1	7.13154888799677	0.0148859753976873	0.0523115239384367	0.2152
NOTUM	-1.90005487401852	0.0149185188134354	0.0523956289838545	3.0871
LANCL1-AS1	-1.90005487401852	0.0149185188134354	0.0523956289838545	3.0871
GUSBP2	0.989879947280732	0.0149309588652145	0.0524292335147829	0.8028
TSPYL2	4.56014410976752	0.0149363635635336	0.0524381256184363	0.2942
MDC1	0.68988063019453	0.0149431606251652	0.0524496069880428	1.02
LARP4B	6.63752748235099	0.0149474678838307	0.0524496069880428	0.2362
CCNJ	3.26482837549261	0.0149482529118529	0.0524496069880428	0.3705
WNK3	-0.260079832379437	0.0149751498672366	0.052523791734154	1.3274
NAMPT	8.43820595060333	0.0149832476171881	0.0525420992123291	0.2445
CBFA2T2	4.8759828030796	0.0150051746959619	0.0525987844181029	0.257
TXNDC5	0.688583508527972	0.0150187535122368	0.0526262718574043	0.9338
NELFA	4.79982364450707	0.0150902257912662	0.0528360494908623	0.263
ZBTB5	3.8954479353245	0.0151367860873954	0.0529787513058841	0.3396
SIN3A	6.62316679843261	0.0151709385453151	0.0530575965676767	0.2357
NIPAL1	3.7505297682369	0.0151773698237896	0.0530699221419465	0.3378
PVRL3	3.96779139417117	0.0151981127273523	0.0531221033793881	0.3364
TMCO3	5.70080801814011	0.0152261724265401	0.0532099930740653	0.2396
POLR3D	4.34723836695144	0.0152428380698926	0.0532478476471412	0.2863
BRD9	6.34336909994066	0.0152475201257758	0.0532534258556422	0.2484
NUP155	7.18328935346815	0.015250268973121	0.0532534258556422	0.246
FBXO3	5.27171808185146	0.0152883874638837	0.0533763246396367	0.2949
EEF1A2	5.7488712907825	0.015362215387411	0.0535828437356849	0.2419
METTL16	6.06290507947356	0.0153682065109887	0.0535935010629628	0.2383
FYTTD1	7.10328158473347	0.0153750189240088	0.0536070178526937	0.2335
C1D	4.83507808905292	0.0154039294876731	0.0536873113262619	0.2839
REV3L	5.50068747800984	0.0154201727006961	0.0537336653605475	0.247
ZNF626	2.27188361003501	0.015451595976079	0.0538226170843918	0.5015
RMI1	5.46686845610534	0.0154602327810522	0.0538424283958201	0.2636
CCNB1IP1	4.45988570249841	0.0154873579835319	0.0539266083058095	0.3158
SCAI	4.84907805473525	0.0155042030621234	0.0539749677921671	0.3115
NPIPB5	4.11601546020741	0.0155243866317287	0.0540349289511608	0.3836
YAF2	3.97141597773347	0.0155291848902136	0.0540413266023142	0.3607
MICU3	0.390842445557129	0.0155751236444263	0.0541805368240561	1.0281
PCGF5	5.8644623247816	0.015618273999008	0.0543099447858837	0.2698
MPP3	3.33719311995783	0.0157393896996727	0.0546914284061922	0.3589
MAPKAPK5	4.92749953820485	0.0157399630174263	0.0546914284061922	0.2561
MBD5	3.59715264027553	0.0158235842033708	0.0549212484759805	0.3916
MANEAL	4.00762814003305	0.0158476838796469	0.0549820062536743	0.312
CDC123	7.00694751847781	0.0158802417663335	0.055074029955582	0.2226
SET	10.3286844839296	0.0158882445579257	0.0550913186418788	0.2548
ZNF623	0.438920724957539	0.0159017836553177	0.0551277938495025	0.9654
MTFR1	4.89906977421198	0.0159521183927236	0.0552708053478006	0.2537
SUPT6H	6.95096673344401	0.0159625496316904	0.0552964527658711	0.2421
CDH2	4.21746843022248	0.0159781829089129	0.0553296106193313	0.308
EFNA2	-0.897435995160461	0.0160330175326545	0.0554879181186997	1.7557
ABHD10	6.23646241200919	0.0160637234151249	0.0555678425643309	0.2329
NUPL2	5.26867590803718	0.0160652428272644	0.0555678425643309	0.2772
BUD13	4.45055618855887	0.0160877196023212	0.0556350462322365	0.3479
SMG8	4.30691141680604	0.0161561136104976	0.0558504090273136	0.289
CLSPN	6.74594351606615	0.0161903647381033	0.0559421405986502	0.2744
RHOT1	5.24673383928556	0.0161918421846663	0.0559421405986502	0.2458
UBR1	4.89991189271437	0.0162070262919236	0.0559840060521017	0.2922
TMEM161B	4.62836590933633	0.016226933830407	0.0560192998549483	0.2929
SUGT1	6.30747774534743	0.0162295177986865	0.0560192998549483	0.3016
SLC9B2	1.55980619189254	0.0162917472367898	0.0562234664564904	0.6829
USP13	5.7257377196067	0.0162951966765496	0.0562247421143622	0.2355
SF3B1	8.09103457127527	0.0163052162958937	0.0562486826715485	0.213
HNRNPF	8.55311530023511	0.016316269112653	0.0562655475860584	0.2134
TICRR	5.40937729470116	0.0163398653838225	0.0563150051816242	0.2538
EXOSC3	4.96974926046455	0.0163533150623283	0.0563455600200035	0.2883
TRAPPC8	5.12790694254705	0.0163605211235454	0.0563455600200035	0.2655
IGFBP4	7.47285850096807	0.0163610765592703	0.0563455600200035	0.2162
HIF1AN	5.83526254449492	0.0163905802859685	0.0564057052121088	0.2327
LRRFIP1	8.4805089690618	0.0164442255789292	0.0565678881041891	0.253
SCAF8	5.62939079123397	0.0165293061920425	0.0567963511842515	0.2412
TXNDC9	6.22785448228331	0.0165521634510032	0.0568534893624675	0.2373
LINC00943	-1.42617050868402	0.0165556578888209	0.0568547950373051	1.8555
ARID5A	2.67761331643268	0.016573668785682	0.0568952420743534	0.4579
CWF19L1	4.65776616008822	0.0166026134299695	0.0569838899750935	0.2827
RAB11FIP2	3.91541495183607	0.0166057795879489	0.0569840436386457	0.4057
EPB41L4B	3.89273562693554	0.0166815369248492	0.0572224987035038	0.3502
PDK1	5.07158959615773	0.0167112629966075	0.0573029333707864	0.2616
C11orf84	5.48189805669368	0.0168218419730348	0.0576496240022009	0.2492
SPHK1	3.07167231209231	0.0168321338574153	0.0576740682621948	0.4203
MTPAP	5.03542668531274	0.0168501885836036	0.0577142669385117	0.2514
PRRC1	5.89933348421183	0.0168849201325214	0.057811534497245	0.2444
ZNF649	3.04666437442963	0.0168950456932694	0.0578353561178186	0.4569
CCDC85C	4.73290949510105	0.0169253163701409	0.05791725879162	0.2646
TRUB1	4.83429247104008	0.016932352178389	0.0579304762684911	0.3123
HLA-DQA1	-1.89931591449581	0.0169367598951658	0.0579346990155794	3.0813
ARSB	3.92416650269817	0.0169755073451391	0.0580128906950318	0.306
GTPBP10	5.60287762237421	0.0169948900586546	0.0580539762615557	0.2336
NCOA1	4.5599703033425	0.016997069627411	0.0580539762615557	0.3219
PDCD7	5.16419364157751	0.0170046493066715	0.0580681747930879	0.2786
YBX3P1	2.49273117198224	0.017007588224071	0.0580681747930879	0.9881
SCAMP1	5.28855535348765	0.0170461078724434	0.0581779295792346	0.2649
DYRK2	5.62118352029055	0.017063892656144	0.0582277428655263	0.2442
PTPRB	1.72040755234784	0.0171154837261197	0.058381963920785	0.6428
FAM120B	-0.481720078428016	0.0171451338145918	0.0584721768950474	2.5454
RBM22	6.17673019552377	0.0172000760706174	0.0586485970760538	0.2232
NAA40	5.58391920351287	0.0172053606206572	0.0586556607825804	0.2371
INCENP	7.178869689376	0.0172815158411069	0.0588932897508394	0.2682
TEX2	6.01521337623963	0.0173628134325359	0.059137224258279	0.237
LRRC34	3.69042919470986	0.0174525911722848	0.0593765382857308	0.3622
BCL7A	3.15105513251552	0.0175129959344674	0.0595709435028204	0.3778
CAPRIN1	8.93469884437621	0.0175197958123497	0.0595829717493027	0.215
ZBTB26	3.22608311269296	0.0175400312430826	0.0596406798982522	0.4182
TRMT61B	4.11894925137924	0.017561589510968	0.0596806362829919	0.3097
TRIM26	-0.782579432988658	0.0175769932214386	0.0597107533030486	1.7312
DCLRE1B	4.27024182253883	0.0176456179475019	0.0598992936499806	0.3192
CSNK1A1	7.55101376463555	0.0176627674356946	0.0599463622059939	0.2107
ETNK1	6.22874652310712	0.0176680880950144	0.0599523351639048	0.2796
HECTD2	2.75458709049503	0.017671095284672	0.0599523351639048	0.4581
PDCD10	6.61585020631253	0.0177731738520997	0.0602874511044096	0.254
FAM129A	5.55256713042794	0.0178052319876911	0.0603513396151669	0.245
MON2	5.21483322970202	0.0178107511418614	0.0603588403277932	0.2435
KCTD10	5.69356781304096	0.0178171662563121	0.0603605277107353	0.2327
PGBD4	1.62869113002097	0.0178672850412967	0.0604942796205328	0.6813
MAN2A1	6.01547616501584	0.0178939705047783	0.0605621663951116	0.2478
HNRNPC	9.69035325495763	0.0179017579988746	0.0605772926834949	0.2675
LOC100129215	-0.11339417707491	0.0179162329612489	0.0605999714564567	1.0883
GNRHR	-0.783712207217727	0.0179184183787223	0.0605999714564567	1.4879
ZNF354B	3.1441677682861	0.0179534024837417	0.0606957992117015	0.489
DUSP3	5.60516486442793	0.0179623069810882	0.060714659553184	0.2549
NLE1	3.95890413963062	0.0179819256470193	0.0607472306831947	0.3186
TMEM33	6.7301116125829	0.0180277884545161	0.0608683754439884	0.2369
ZKSCAN7	0.421706341081515	0.018055440869651	0.0609504675510999	0.9549
STXBP4	3.48166334619252	0.0180837138784206	0.0610233420636686	0.3976
OSBPL11	5.84576928528888	0.018120797830949	0.0611252476524267	0.2428
ILDR2	-2.16302852407554	0.0182605537841549	0.0614610379578784	4.9698
VPS25	4.99669815499553	0.0183143561045242	0.0615966995291439	0.2547
CELF1	7.72068327227486	0.0183329268041418	0.0616478010197849	0.22
ZC3H14	4.6856896064771	0.018350825026423	0.0616966227776017	0.265
NEMF	6.23531066487203	0.0183542621340191	0.0616968163356018	0.2384
SHCBP1	5.56044439013437	0.0184377714392685	0.0619319145161518	0.2369
XXYLT1	4.47100110554035	0.0184721664867463	0.0620360322630684	0.2879
SNX4	5.19004823235697	0.0185253573422245	0.0621803499980973	0.277
MRS2	6.24023325466555	0.018555261623498	0.0622692750365035	0.2279
SLC26A11	2.21938701529251	0.0186354913865639	0.062504047538694	0.4875
TMEM70	4.49069765411588	0.0186448702145013	0.0625240173835297	0.301
TIPRL	6.56809665950321	0.0187816601274841	0.0628557263588176	0.221
TTI1	5.71282563218302	0.0188373385317129	0.0629958696162211	0.2477
TIPIN	5.14868264325834	0.0188641550653906	0.0630624454996834	0.2521
KIAA1804	5.22356370867152	0.018871039663342	0.0630739106726423	0.2372
SNHG20	2.28127265767293	0.0188774561049811	0.063083807185161	0.4784
ZC3H18	7.00585049882001	0.0189043040110625	0.063161964499626	0.2749
SSFA2	8.78398697860922	0.0189548147176502	0.0632948667209932	0.2408
RAD51B	2.630965238282	0.018959461276174	0.0632948667209932	0.4817
TACO1	5.28454954849343	0.0189608822030634	0.0632948667209932	0.2565
TSTD2	4.0747671990311	0.0189673551913563	0.0632948667209932	0.3074
SLC25A6	2.35071284663905	0.0190470164678519	0.0635341371527688	0.9108
RAB21	5.73647491151215	0.0190750346656818	0.0635990788870568	0.2392
ACTR3	8.07266616494255	0.019096012104383	0.0636510492929734	0.2165
RIMKLB	6.51695151169639	0.0191599314593713	0.0637947173757948	0.2323
TTPAL	5.49876339096922	0.0191678539068383	0.0637947173757948	0.2514
KIAA1147	1.27711330838542	0.0191705641719769	0.0637947173757948	0.919
OSGIN2	6.09147451128859	0.0192903932019746	0.0641233463756824	0.2634
CEP97	5.15281882143261	0.019317066722378	0.0641886367098166	0.2456
RNF217	5.16189538815165	0.0193563290950221	0.0643073965347994	0.2774
SIRT1	4.91050414362823	0.0194169553804346	0.0644857019562016	0.2469
CUL4B	8.42507173766724	0.0194525083173516	0.0645799221388562	0.2109
NUTM2A	-1.02639210302297	0.0194747730591064	0.0646254185610155	1.8687
BIRC2	5.67786722863955	0.0194768324344165	0.0646254185610155	0.2314
CPNE3	7.17291285623574	0.0194841802638232	0.0646263072122741	0.224
STX17	6.26786822269361	0.0194900566601209	0.064634055292855	0.2369
HNRNPM	9.2716690660779	0.0194962873582262	0.064642975301812	0.3
THG1L	4.63606889957676	0.0195516914418535	0.0647474977241014	0.2585
PSMD2	9.38775153808173	0.0195771110562685	0.0648050298174502	0.2109
INTS6	5.05392796787655	0.0197014538836868	0.0651693680196748	0.2572
MESDC2	6.54754728563177	0.0197583402208119	0.0653338632622972	0.2735
CDC26	4.74869454037284	0.0197807363562903	0.0653842337353676	0.2913
TIMM21	5.70505460843186	0.0197881653091535	0.06539694892902	0.2446
ZMAT3	3.77120900169794	0.0198410574811625	0.0655598815160367	0.3093
BCLAF1	7.78148709615809	0.0198492651681348	0.0655751329912176	0.2197
STAG3L2	3.0720482759689	0.0198642142859639	0.0655981615998709	0.3909
ZMIZ2	6.6328171914606	0.0199679780998258	0.0658838619538082	0.2453
TNFRSF10A	3.49681634309577	0.0199877376687555	0.0659252283434148	0.4153
RASGRP1	1.45446848866241	0.019994856482937	0.0659367955116507	0.7138
C18orf54	4.2083574922149	0.0200709922068558	0.066152019087987	0.2872
BTBD1	6.18268866958943	0.0200833148068837	0.0661762001067307	0.2393
ARHGEF34P	3.79676146255431	0.0200894006928701	0.0661768493412191	0.3431
PIK3R2	5.86120880936423	0.020166280649697	0.0664181164605573	0.2384
HTATSF1	8.2606949261726	0.0202420534598175	0.0666436299301044	0.2826
TBX1	-0.643431166766466	0.0202967081562228	0.0667754017120206	1.333
MMD	3.672622943415	0.0203018936859753	0.0667804272308406	0.3522
ITGA5	4.74032726103542	0.0203473782815609	0.0669059326203487	0.259
NCAPG	7.04922328130091	0.0203517044906881	0.0669081068218984	0.2098
FXR1	8.46064484712084	0.0203808060089075	0.066991716690424	0.2273
PPHLN1	5.98805521617576	0.0203884571696349	0.0670048018161754	0.2232
TBCK	3.75031528317915	0.0204715123304116	0.0672656459870399	0.3471
FLJ31104	-1.02484955644531	0.0204818912299885	0.0672876383470704	1.5466
NCR3LG1	-0.314143066119285	0.0204886784295772	0.0672978253707018	1.117
BMP8A	0.470441815662953	0.0205991437805807	0.0676363253342234	0.9443
PARD6G	0.239197931264577	0.0206754435080955	0.0678258574454252	1.073
PARP14	5.42536225066273	0.0206859919832682	0.0678482697891743	0.2609
NOP9	4.95039593202026	0.0207429686359026	0.0679862900210123	0.2682
C15orf27	-0.515682411838112	0.0207703800763643	0.0680639128835229	1.2165
KLC3	3.8307228841855	0.0209610104722348	0.0686639524818084	0.338
CALB2	7.13636115243653	0.0210731594852079	0.0689818181032732	0.2448
TMEM55A	3.25865711606413	0.021114268136421	0.0691039941015599	0.4585
CDC7	5.44605421931571	0.0212500896536599	0.0695042134073342	0.24
DCAF4	3.76550603170054	0.0212517812905204	0.0695042134073342	0.3166
CCNT2	5.09978310268032	0.021273882139185	0.0695640323003693	0.243
FHL3	3.34264401044195	0.0213321926504702	0.0697047626681553	0.3445
SHC1	7.07164469903353	0.0213762098953665	0.0698127985755696	0.2027
JMJD6	4.63229925364735	0.0213840536523548	0.069824232423071	0.29
MED7	4.00072564325413	0.0215202461037284	0.0702186975638366	0.289
SSR1	7.51149451037714	0.0215337321922764	0.0702501456222656	0.2107
POPDC2	-1.0245944453209	0.0215634650817956	0.0703220111706432	1.5485
RBFOX2	4.5658261815739	0.0216411046294824	0.0705500010921125	0.3222
USP2	1.08329943568673	0.0216535008153033	0.0705778094776248	0.6961
RSAD1	3.3847328339285	0.0216668037148048	0.0706085627664185	0.3542
NKD1	0.11970139438347	0.0216766229976191	0.0706279545680055	1.006
FAM175B	4.23404997559862	0.0216942608102552	0.0706728096631011	0.2853
SAV1	5.35312272857648	0.0217213215869192	0.0707357201018189	0.3078
DNTTIP2	7.20363941907023	0.0217317076944243	0.0707569209326574	0.2263
RNF111	5.19189887684621	0.0217395152795874	0.0707697202111533	0.2714
VCL	8.2893878859155	0.02174784036814	0.0707772872883135	0.207
NCEH1	6.76181399920282	0.0217495936507142	0.0707772872883135	0.2153
DDX54	6.66738720487883	0.0217574208158115	0.0707901397992257	0.2993
FBXO22	4.82351719688313	0.0217643674631061	0.0708001233796266	0.2803
Aug-01	6.21974229739411	0.0218546497485708	0.0710431776727045	0.2355
AGAP1	7.26522671460091	0.0219690743992399	0.0713643100057872	0.2056
SECISBP2L	5.1126932058738	0.022017465303742	0.0715087789690649	0.2798
ACBD7	2.88677366352639	0.0220304549680179	0.0715382401095935	0.3902
RNASEH1	5.63976360832533	0.0220478641706798	0.0715693115753788	0.265
NDUFS1	6.36587148905622	0.0220680595051055	0.0716094017641674	0.2284
ZGRF1	4.40151729899962	0.0220816054903614	0.0716406237483628	0.2859
SHROOM2	-0.576956832660488	0.0221344942060536	0.0717994538425221	1.2612
CT62	-0.339559210165408	0.022170657677607	0.0719039841112798	1.1992
USP45	4.31300624022189	0.0222090346957596	0.0720156549566231	0.3028
FMNL3	3.35495993430726	0.0222568986787005	0.0721452312284014	0.3478
ZNF439	0.39391934150038	0.022262275214763	0.072149848450331	1.1173
OVCH2	-0.314723221178231	0.0222663647310176	0.0721502936687003	1.1212
CTC1	4.38359458643299	0.0223074700380529	0.0722578376534234	0.2655
CHAF1A	5.80375870584946	0.0223141336293516	0.0722665998824628	0.2559
XPO1	9.02472783050409	0.0223329440423481	0.072309826119474	0.2105
KIF18A	6.15159728547318	0.0224898665923909	0.072732507442106	0.2257
RPAP2	3.97200387431137	0.0225226352651424	0.0728192959833374	0.2998
HEYL	-1.16276167563172	0.0225273601454804	0.0728192959833374	1.5956
ZNF791	4.05013871115227	0.0225378613403381	0.0728361119895933	0.3821
ZNF680	4.38717397551113	0.0225434973905922	0.0728414315686107	0.2835
DHX57	5.12604934283538	0.022550961325123	0.0728526543888597	0.2447
MAP6	-0.113407093757892	0.0225739774135464	0.0729141068049724	1.1958
PCDH20	-1.16127312751144	0.0225858421607623	0.0729395249401869	1.927
UBE2N	7.10290052920436	0.0226851900087649	0.0732215043847264	0.2033
SUGP2	6.2701048046647	0.0228052725804224	0.0735570770721186	0.2142
IRAK1BP1	3.0857242268801	0.0228527454891754	0.0736747716929572	0.372
SHMT2	7.12705106978504	0.0228885930687568	0.073765268633523	0.2028
SLC30A7	5.22246962802383	0.0229096110742308	0.0738023398219793	0.2533
GPBP1	6.83799021421153	0.0229430791225241	0.0738880738529246	0.2084
SF3B3	7.76454747230832	0.0229741612060568	0.0739580826975442	0.2149
DUS4L	4.52320708444944	0.0231086426330284	0.0743123797619457	0.2624
CALML4	4.02643947478031	0.0231415485932681	0.0743919899839237	0.3226
NOL6	5.19333831501672	0.0231568436030273	0.0744280522564904	0.2441
GCNT4	0.340177929739022	0.023238914877019	0.074652407178402	0.972
TNFRSF1A	6.55586092390461	0.0233953662004204	0.0750889249920665	0.2064
NUP43	5.9653230581197	0.023442604803597	0.0752097282526176	0.2161
ANKRD22	2.76426440758477	0.0234461203874302	0.0752097282526176	0.4265
IL15RA	3.07476798749004	0.0234672359112881	0.0752421323245546	0.3759
ENOPH1	5.56143462599406	0.0234833196849894	0.0752785749199591	0.3002
AHI1	4.2412402928592	0.0235087456815722	0.0753468506254884	0.2739
NFXL1	4.63017898355533	0.0235328940348402	0.0754110081621981	0.2942
SLC27A5	2.29787084013165	0.0235551775254294	0.0754691682878622	0.4606
RORA	-0.137074761697577	0.0236298735803096	0.0756631438252023	1.0464
ZNF256	3.14391908052662	0.0236322987560968	0.0756631438252023	0.3593
RAB1A	8.20364033334504	0.0236890284604411	0.0758048910734115	0.2276
ZNF33A	5.60020501953585	0.0237435901250926	0.0759528616302243	0.222
CEP128	4.92672467396098	0.0237821790653829	0.0760589950538758	0.2974
COPS4	5.06189445116829	0.0238451345563614	0.076210920248763	0.246
KCNV1	-0.00336500488200206	0.0238645325866422	0.0762523554686501	1.0719
LIMS1	6.00219029268848	0.0238664526264169	0.0762523554686501	0.23
WWOX	4.75512841805158	0.0239318119543549	0.0764344225050215	0.2489
ZNF138	3.83480543071527	0.0240009517203204	0.0766154611579081	0.306
BVES	1.69268568549139	0.0240669889371086	0.0767768716854284	0.5992
KIAA0391	4.49387067527257	0.0240726782168817	0.0767768716854284	0.2647
DDHD1	4.73030016677843	0.0241889902356236	0.0771017876823925	0.2619
CENPL	4.31412834606772	0.024191446091408	0.0771017876823925	0.2998
RTN4RL2	0.75360473751621	0.0242613498835069	0.0772975922291977	0.7979
FRA10AC1	3.89472163998739	0.0242925313911231	0.0773834327475736	0.3009
DNAJB12	6.03726442227601	0.0243314311941823	0.0774803083692642	0.2134
LOC105377210	-1.02591563359834	0.024351032187638	0.0775292018865573	1.5595
DDHD2	4.75112061586584	0.0243562029248825	0.0775321430857288	0.2529
PKN2	7.18746263370068	0.0243896927805303	0.0775981581389615	0.2429
CMYA5	0.321723616134804	0.0244167569876211	0.0776571978337997	0.936
TUBGCP5	2.00440224359698	0.0244725666692505	0.0778211421553452	0.5592
FOXJ3	6.46261755239925	0.0244942220677865	0.0778764399285111	0.2117
PRICKLE3	2.78003095128629	0.0245004443826389	0.077882659350419	0.3873
MDM4	5.546618847801	0.0245196111828534	0.0779300177148629	0.2679
ADTRP	3.04461385557976	0.0245291526018056	0.0779347592050347	0.3693
C6orf106	6.85768138257526	0.0245366225872285	0.0779347592050347	0.2145
PLXNC1	1.9321972126281	0.0245370448393435	0.0779347592050347	0.5306
LRRN4	0.740625316619755	0.0245381790047403	0.0779347592050347	0.7799
CRYGC	-1.67685762625923	0.0245612456295469	0.0779944512459572	2.5333
HPCAL4	-1.31483180242071	0.0245904235231673	0.0780735255372073	1.654
HELB	3.04727363352618	0.024606551828493	0.0781111476579671	0.4119
ZNF408	3.11555755985603	0.0246876075560861	0.0783084736614143	0.3697
CDC14C	-1.02604308677508	0.024690160735928	0.0783084736614143	1.5585
TMEM123	8.39625731346593	0.0247290458760984	0.0784128015273729	0.2536
SH3RF1	5.24740024281029	0.0247316450040871	0.0784128015273729	0.2304
NOP58	7.14853697157744	0.0248541317349385	0.0787270979607652	0.2433
HIVEP2	4.59988813668233	0.0248566494657017	0.0787270979607652	0.2559
UBE2V2	6.58088617064279	0.0250430340045841	0.079262418305771	0.2252
AIMP1	6.24810955020178	0.0250798797785677	0.0793240272414296	0.2329
FBXO5	5.35919580182546	0.0250943171461857	0.079342198444885	0.2299
HMGXB4	5.39134011028663	0.0250999406651111	0.0793462366722543	0.2475
FBXO18	5.96661899089204	0.0252027314763365	0.0796160349250735	0.2509
ZNF525	4.72577809536883	0.0252078904550055	0.0796185550426609	0.2565
NEIL3	5.02322665992198	0.0252273420596273	0.0796524311035206	0.2432
KDM5C	7.059942932976	0.0252319986913299	0.0796533577916166	0.1993
SNORA24	-1.26140751698743	0.0252524515186798	0.0796736824850558	2.1143
XRRA1	4.06583997531089	0.0252558939823082	0.0796736824850558	0.3056
PRPF39	5.228621430773	0.0252686551495503	0.07970016731344	0.2334
HDAC2	7.71709534577096	0.0253982310039082	0.080067364048929	0.2123
DIDO1	6.87830174533877	0.0254748074980751	0.0802533366151613	0.1994
CUTC	3.23520909705109	0.0255258848209415	0.0803726376838752	0.3573
CCNB3	-1.31530522680073	0.0255484504954288	0.0804206617827973	1.6597
CXorf56	5.88242495802694	0.0255708209534292	0.0804206617827973	0.2145
PCLO	2.67899585241302	0.0255717877001306	0.0804206617827973	0.4264
PUF60	4.60290844680404	0.0255970568364206	0.0804579665299061	1.2346
ERV3-1	2.40037434945054	0.0256089426916423	0.08048146975015	0.6017
CASC18	-1.90018433739398	0.0256285105224598	0.0805152448972683	3.0856
KIAA1467	3.01051554983252	0.0256901154740886	0.0806948981581145	0.3762
BEND3	3.65693228062654	0.0257862821562366	0.0809273452027256	0.3191
VAMP4	3.40539771105226	0.0257991623086234	0.0809538513417376	0.3673
KRI1	4.69171702039004	0.0258612645054149	0.0811347731243949	0.3117
HNRNPDL	8.38427398340415	0.0259016294571705	0.081233490357345	0.2256
HIF1A	7.77168465580917	0.0260694937272368	0.0816897832963329	0.1971
TRMT12	4.01303155907177	0.0261232357822825	0.0818195771959611	0.2784
TRAK2	5.93455811114262	0.0261243599624922	0.0818195771959611	0.2187
WDR7	3.54566996957694	0.0261512936102492	0.081875838818163	0.3378
ZXDB	3.7182593572326	0.0262440745410017	0.0820818613706573	0.3205
DENND1A	5.07989316495743	0.0262668267710247	0.082124882605211	0.2603
ARHGEF5	4.72599040858759	0.0263377792961499	0.0823044332130286	0.2917
HNRNPH1	8.77027399173155	0.0264071082120607	0.0825069600409688	0.243
RBBP5	5.00622511477093	0.0265221346049746	0.0828085887801625	0.2363
SNAPC4	4.69342263343154	0.026526327080762	0.0828085887801625	0.2804
BATF3	-0.0908195035358958	0.026611180422699	0.0830592767647106	1.016
MTRNR2L8	-1.48517101514517	0.0266550340791061	0.0831535034429529	1.7427
USP37	4.79963900649447	0.0267300801439739	0.083344892076582	0.2384
LOC101927262	0.0794576449307015	0.0267487607667338	0.0833888962700634	1.0426
C16orf87	3.88725916108892	0.0267690770281897	0.0834237402230508	0.4548
NFE2L1	7.16726899651562	0.0267794725695899	0.0834418930244808	0.2206
MRGBP	5.78824281668351	0.0268486497846796	0.0836288944666627	0.2305
MORC2	5.74952123067918	0.0268645531090031	0.0836641558440737	0.2213
RNU6-26P	-0.900696681416844	0.0269020022386828	0.0836951180759021	1.5276
NET1	7.60043218498003	0.0269164520384152	0.0837258048071746	0.2248
LOC728323	2.61936691545218	0.0269756170044722	0.0838955475355442	0.4092
C1orf61	2.93765416465182	0.0269883505848264	0.0839065613550051	0.3638
EED	5.73542212072807	0.0269987927303635	0.0839247335408677	0.2203
GOT1	4.93014366549326	0.0270117451812731	0.0839507014009742	0.2872
SAMHD1	4.56425874273068	0.0270265798429099	0.083982509210581	0.2564
LOC101928767	-1.5462976709882	0.0270386506568739	0.0839831786162218	2.1249
NUCKS1	10.000234276524	0.0271200833970154	0.0841870842536836	0.2069
SYCP2	1.20884591012057	0.0271414016188818	0.084224618044247	0.6384
UBA5	6.37673179284081	0.0271926563152653	0.0843693293153438	0.2437
INPP5E	3.70608008122758	0.0272400419911875	0.0844876327881616	0.31
YTHDC2	5.12574601353372	0.027255640970398	0.0845216547571914	0.2303
DCLRE1C	4.47721848457793	0.0272631406896026	0.0845305530620558	0.2628
KCTD20	6.08118933519422	0.0273038958776964	0.0846281703129416	0.2287
LAMP1	8.11757931111262	0.0273396457007664	0.0847102124767806	0.1983
THSD1	-1.90031378958621	0.0273560900124621	0.084732402318885	3.0846
UBE2D1	5.33694914208018	0.0273769473868817	0.0847826211187298	0.2851
PCDH7	5.00481025416932	0.0273888610924967	0.0848042648421932	0.2535
UQCRHL	5.02018620065516	0.0273932268719552	0.0848042648421932	0.2603
ABCA11P	1.65696608096238	0.0274158716378258	0.0848455929174687	0.6135
MATR3	8.5155083601425	0.0274559480396108	0.0849552182052771	0.2021
PCDHGA11	-0.235297864902279	0.0274723395877249	0.0849915322002213	1.2823
ELOVL5	7.72165657298462	0.0274864181958285	0.0850206795294893	0.2072
FLRT2	2.94884135663805	0.0275103634051809	0.0850659204479985	0.398
SUCO	5.90027573738779	0.0275423966462181	0.0851505492249546	0.2193
ACBD6	5.67953795136986	0.0275474092547027	0.0851516260335003	0.2244
TMEM37	0.566870095357607	0.0275681035784848	0.0852011679242962	0.9927
ORMDL1	4.69040923384334	0.027577555644248	0.0852019433243943	0.257
VPS52	-1.74835350981827	0.0276092369320831	0.0852849795993415	3.3607
BTBD19	0.375163708301297	0.0277046888697025	0.0855108507224682	0.8468
MIR6723	0.501294529689769	0.0277057779373028	0.0855108507224682	0.9235
ZCCHC7	3.91868043768465	0.0277711454853211	0.085669150385269	0.2865
CCDC14	6.53088355024342	0.0279126504237361	0.0860329809447453	0.2316
TIAL1	6.22117405763499	0.0279826060535501	0.0862340405323447	0.2107
EFCAB13	1.40145583797857	0.0280262201859601	0.0863247301695441	0.6112
SFSWAP	5.32561327242895	0.0280733809705734	0.0864313122608114	0.2276
RBM18	4.59545826695267	0.0282131181747348	0.0868125207143027	0.2654
CS	7.84881780148937	0.0282384314539709	0.0868757675469655	0.2026
FAM178A	5.07865191577023	0.0283282049988899	0.0870651822729994	0.2299
PPP2CB	6.2576964311485	0.0284736019771214	0.087481332496521	0.2073
PHF10	4.47333194977996	0.0285579469849957	0.087696195148542	0.256
MELK	6.44993580687799	0.028589216826008	0.0877774541499499	0.2054
CBFB	6.41683116749549	0.0286406396164116	0.0879205510067613	0.2454
CASP3	5.99829332167305	0.0287058865717865	0.0880976812360236	0.2458
EPC2	5.39795338332708	0.0287079922038291	0.0880976812360236	0.2473
LPIN1	5.80995964425015	0.0287335910103543	0.0881614180647105	0.2227
SLC25A24	7.12518746472162	0.0287777277928757	0.0882523431188878	0.2531
PBDC1	5.36558035354436	0.0288268595769786	0.0883733246746132	0.304
EHD2	4.56220290361482	0.0290455685540528	0.0889989760864029	0.2798
PAFAH1B2	6.86760348202817	0.0290533890568411	0.0890079997687014	0.2054
IGSF1	-2.07032986892795	0.0290593728213549	0.0890113943333314	5.1276
SOS1	6.07446968899286	0.0290990284452318	0.0891179102996396	0.208
JAM3	1.63703803230626	0.029138842392243	0.0892248753292166	0.6002
TOPBP1	7.1759032792326	0.0291736048843544	0.0893163392199857	0.1992
UBTD1	3.79050673726081	0.029191801970235	0.0893420849570176	0.2995
FBLIM1	4.76463961708502	0.029209626152639	0.0893816518676797	0.2883
CAMKK2	5.50780637107536	0.0292415627718153	0.0894643824304106	0.2232
TMED5	7.05525267328276	0.0292585171538952	0.0895011191581004	0.2644
CACHD1	2.83863922934887	0.0294766183815274	0.0900863548206531	0.389
CHSY3	-0.183772965787612	0.0295454721344906	0.0902278586964304	1.2018
PEX5	6.07850424118271	0.0295546099067302	0.0902406687501701	0.2058
ZNF724P	0.925190389369332	0.0296160784564057	0.0903678970917839	0.7658
SERPINH1	7.96082586264641	0.0296267454777523	0.0903853384762442	0.1949
RAC2	5.83873377845058	0.029741750255772	0.0907058791629426	0.2299
DRAP1	7.38276135237877	0.0298368483966506	0.0909655150850457	0.2427
MSANTD3	5.68163721161979	0.0299131433617673	0.0911372405227678	0.2126
ADK	7.60257707870458	0.0299346807766234	0.0911724278041435	0.198
UCHL5	6.72314590061263	0.0299473862668179	0.0911959105399547	0.2179
TPX2	8.90342393459811	0.029958193700362	0.0912136064365926	0.1968
DESI2	6.62870433604597	0.0299684750734282	0.091229695004253	0.1963
CRKL	6.52026363059753	0.0300031177643421	0.0912610900643981	0.231
ARMC1	5.46643016200127	0.030003783006492	0.0912610900643981	0.2269
GAB1	4.49031036839082	0.0300292304997043	0.0913232770285861	0.2833
NRIP3	1.2820566012142	0.030050578994418	0.0913577635507236	0.6137
USP39	6.15211203983033	0.0300832438381402	0.0914114013830038	0.2109
CCDC85A	-1.74821964347355	0.0301131465083389	0.0914870365545407	2.402
SMARCAD1	5.22987844835572	0.0301334874730951	0.0915183741987729	0.2433
KLF12	4.25431504648405	0.0301637098530351	0.0915949246635078	0.2585
RGP1	2.75681326668183	0.0301689499101565	0.0915956011242004	0.3975
FNBP1L	6.69906399859715	0.0302617130800547	0.0918314218732512	0.2086
LARS	7.72491922295909	0.0303178614894554	0.0919865180906595	0.1915
ST6GALNAC4	3.43368203618625	0.0303977061346224	0.0921981264651383	0.3224
LOC101927919	-1.06922036316974	0.0304897699674103	0.0924620000872165	1.4666
SNX9	5.71080870086572	0.0307216399058073	0.0930878436714387	0.2165
EIF2B3	5.25745636965025	0.0307811336070253	0.0932371619594913	0.2346
CCDC125	0.958323433410638	0.0309151767588949	0.0936121192420611	0.9968
ZNF808	3.41573773989842	0.0309367061360931	0.0936462456011467	0.3669
MLXIPL	2.53439637872672	0.0309722860967177	0.0937073342694197	0.4548
ADAMTS20	0.390442506830014	0.030982216901477	0.0937218478464564	0.89
ANKRD32	4.73002218421998	0.0310549792076524	0.0938952799627198	0.233
MOSPD2	4.44201726120972	0.0310633877639241	0.0939051510213941	0.2555
CCDC25	5.88098602241807	0.0311405342408322	0.0941227803146744	0.2531
PIAS1	5.42827227272507	0.0312631576869759	0.0943996372367567	0.2554
POLR3A	4.83976873726867	0.0313171170082223	0.0945431842276242	0.2539
CHM	4.64113580206303	0.0313210548974951	0.0945431842276242	0.2488
ANK3	5.08800059734734	0.03137924994086	0.0946604357887343	0.2245
TEX261	5.81577848400888	0.0313860078778115	0.0946604357887343	0.2193
YAP1	7.86498106427472	0.0313877405050098	0.0946604357887343	0.2094
ZNF283	3.03990448244883	0.0314145491160714	0.0947157735199008	0.3731
DCBLD1	3.23588754477474	0.0314559751001599	0.0948093580037178	0.3422
ZNF608	1.57966261039629	0.0314804953916275	0.0948676005066939	0.6003
MURC	0.838076337584288	0.0315960848860114	0.0951582180830185	0.7429
SAMD12	5.24529256305231	0.0316576049356402	0.095291217758458	0.2187
RMND5A	6.07416223664944	0.0316704927370169	0.0953142953193175	0.2031
RBM19	5.15767545815512	0.0317255114536461	0.0954326803588339	0.2283
TOX4	5.23735899058272	0.0317544719932749	0.0955040594249138	0.2257
MACF1	7.88958963398242	0.0317994377808256	0.0956235440828121	0.2126
DDX20	4.64148508567823	0.0318086603685502	0.0956355243228346	0.2381
UBXN1	6.82066475134349	0.0318225974381905	0.0956616727863669	0.3188
LSM12	5.05159172371979	0.0318712707606625	0.0957922158390936	0.2618
PUS3	3.06541453665912	0.0318859749719412	0.0958206352407833	0.3919
STAG3L3	2.84483469615255	0.0319009039895628	0.0958497207428338	0.464
UBAC1	4.77816369992962	0.03191570587528	0.0958680175889055	0.2308
FAM204A	5.13657358082829	0.0323747980394171	0.0970818516766752	0.2728
RBM39	8.13382842554324	0.0324374158395248	0.0972536481468821	0.1922
ZNF721	4.75780776821335	0.0324799797879007	0.0973599878396659	0.2658
PDHX	5.97500101628986	0.0325124847905718	0.0974307160762768	0.2255
DLAT	5.94218996737309	0.0325440830834451	0.0975094010785122	0.2206
NF2	5.90641255684132	0.0325856305324919	0.0976178652775144	0.2255
MTIF2	6.71729699603249	0.0326269970634393	0.0977097208645257	0.2089
SNORD30	1.03186180432094	0.0326333571251134	0.0977127386708333	0.6855
DDX39A	6.47096387594934	0.0326854196782845	0.0978525781644412	0.1974
RAD54L	5.74182658389821	0.032699882856705	0.0978798264358102	0.2083
SRSF9	6.4921510251612	0.0327859022012594	0.098105135319815	0.2451
RIPK2	5.51709395473341	0.0329624562236654	0.0986172731594947	0.2116
POLR3C	4.50890925441021	0.0329862056978924	0.0986721565165858	0.2432
DDX42	7.38830662302039	0.0330214490423523	0.0987151403127214	0.2133
MRPL30	7.13205931093852	0.0330307507934668	0.0987185081953303	0.1949
NIPAL4	-1.89983395477904	0.0330341458460382	0.0987185081953303	3.0678
INIP	4.99792179568241	0.0330793853172095	0.0988375218250371	0.2395
SART1	7.06980370353023	0.0330942949416413	0.0988497134251641	0.3143
MAML1	5.86330247517875	0.0331685716477597	0.0990391632321723	0.2134
ZNF761	5.14757924049777	0.0332170955243289	0.099153703815413	0.2205
LINC00941	3.28129765767991	0.0334306213116869	0.099642354721005	0.3237
ALDH18A1	5.65316319602201	0.0334836433351205	0.0997840993676069	0.2374
RAD23B	9.58684520751648	0.0336332672866428	0.100180299218345	0.2329
GOPC	5.27916032149197	0.0336385426275447	0.100180299218345	0.2357
LINC00937	-0.940976573298874	0.033645504458853	0.100184689186237	1.4445
EPHX2	1.92393821260319	0.0337906111582007	0.100583955210193	0.5002
PRC1	7.37944736651016	0.0338042841154906	0.100591851803162	0.1987
C11orf68	5.29493169140911	0.0338567242912057	0.100715065774849	0.2281
DPF2	5.89722447220076	0.0338820465559834	0.100773972291631	0.234
TMTC3	5.73935411727348	0.0339340633391435	0.100912243088354	0.2591
SPECC1	6.53233433811008	0.0339408800926432	0.100916076053957	0.2163
ABI3BP	1.4872273976135	0.0339683931261604	0.100971035561812	0.5719
DUXAP8	2.72344301688075	0.0340640081704301	0.10119976129526	0.3765
STAU1	7.9233434999729	0.0341103228156841	0.101320867771417	0.215
YTHDC1	3.02683639895406	0.0342502953479842	0.101687004695528	0.9007
PI4K2A	5.08320225031674	0.0343493607943984	0.101931393150608	0.2416
HIRA	5.11715147620008	0.0343603571910923	0.101947453417939	0.2308
TTN-AS1	1.91342615084301	0.0343725222282651	0.10196697526799	0.5009
TMED7	6.7443978257344	0.0344300717608337	0.102058861819444	0.2717
TET2	3.32975223763413	0.0344316399464599	0.102058861819444	0.322
PICALM	7.13780414691591	0.0347310859513039	0.10279539172182	0.2067
MFAP1	5.73794060346103	0.0347386315274295	0.10279539172182	0.2575
TEX29	-2.26280272255515	0.0348198123203303	0.102949263797332	4.7543
FXYD7	-2.26280272255515	0.0348198123203303	0.102949263797332	4.7543
PTPRE	2.79262789470348	0.0350680802532079	0.103635473535043	0.3716
P2RY2	5.50230188084173	0.0350712070277988	0.103635473535043	0.2173
GTPBP8	5.06109496458886	0.0350888601719494	0.103670857954217	0.2364
SCPEP1	3.79714621911502	0.0351027618428497	0.103695148900172	0.2858
ICE1	7.64703092010171	0.0352760273041435	0.104021830797035	0.1858
RRP1B	6.0189254090076	0.0353957692182217	0.104358068935377	0.2033
HCN4	-2.26293270932829	0.0355576739638999	0.104669635469922	4.7525
TMEM98	-2.26293270932829	0.0355576739638999	0.104669635469922	4.7525
THUMPD2	4.18099013252425	0.0357447165807454	0.10508140835718	0.2831
ZNF573	2.27455069012259	0.0357795344735593	0.105149900410383	0.4638
TCF25	6.91663936787484	0.0358181038866406	0.105216534574984	0.2683
SHOX2	1.17070974942776	0.0358194983777129	0.105216534574984	0.6827
SPEG	4.320053450465	0.0358519871422102	0.105295025300545	0.2545
ZNF485	2.32749527402709	0.0359679081116082	0.105567545094135	0.4281
ATRNL1	-2.26267272441035	0.0360449792007899	0.105725761614656	4.7563
TCF19	-2.26267272441035	0.0360449792007899	0.105725761614656	4.7563
CEP78	6.05782588718967	0.0360514417798057	0.105727730302351	0.1986
BMS1P6	2.36713679137248	0.036215803179389	0.106090452959391	0.4684
FAM126B	4.00927879984001	0.0362933335832815	0.106283461324412	0.326
HNRNPK	10.0301938533324	0.036387355010427	0.106507544183158	0.2024
RSRC2	6.660508073626	0.0364050767362222	0.106542334225148	0.2869
SNRPD1	7.25211018461533	0.0365119181225767	0.106837887040513	0.2411
KAT6B	5.65184973747772	0.0365561755921374	0.106950247052894	0.2205
ZNF726	0.948714612645035	0.0365738210112037	0.106984726226652	0.8052
CUX1	6.72820030305758	0.0366229582615159	0.107080127126448	0.1902
APLP2	9.18916727787521	0.0366331872519364	0.107080127126448	0.2039
SLC4A3	1.78706473646039	0.0366357621621272	0.107080127126448	0.5766
LINC00883	3.14591158607208	0.0367165670898487	0.107293138679094	0.3332
PGAM5	6.48877536259637	0.0367203949642297	0.107293138679094	0.2365
ZNF385B	2.26167691211245	0.0367800638438638	0.107415908739974	0.4821
TSR2	6.55683171197583	0.0368067723506202	0.107476717215759	0.2589
PI4KB	5.48875069820951	0.0369114154919706	0.107747809597284	0.2078
PNP	5.42842044018657	0.0369496820653151	0.107825031295459	0.2099
CTCF	6.39055422915526	0.0369656408585689	0.107837126799942	0.2083
LY6E	3.56149958005316	0.0370615625669857	0.108082409939759	0.5887
NSMAF	5.11509259414899	0.0372116061289202	0.108385843115514	0.2244
RP9	4.50362297194119	0.0372131060828243	0.108385843115514	0.2943
DCAF7	6.82700678519038	0.0372263340199986	0.108407075110718	0.1969
MED12	5.15409572445639	0.0372528651549502	0.108467034492627	0.2336
ATF4	8.66105149930958	0.0373299577334982	0.108656841260004	0.1917
TMEM87B	5.6725159495129	0.0373776581840002	0.108778340157358	0.203
TTL	5.4785171314775	0.0374016315248612	0.10883075950237	0.2092
SLC43A3	5.88432434261552	0.0374164788130719	0.108854589650464	0.2341
PRCC	5.61304720914248	0.0374217465297059	0.108854589650464	0.238
FAM57A	4.57524629196998	0.0375137469172672	0.109104821367155	0.2389
E2F5	3.46299743528745	0.0376094199386071	0.109297267544522	0.3051
RBM20	-0.234547536891499	0.0376284643139327	0.109297267544522	1.1206
UTP11L	6.30858826095855	0.0376815325764578	0.109383695136876	0.2146
FASTKD2	4.99642904392418	0.0377936328286255	0.109674226819168	0.2538
MIR590	-0.513422260769842	0.0379056893860161	0.1099819239401	1.2053
TBC1D32	2.83852340045068	0.0380097435251791	0.110263567752066	0.36
KCMF1	6.65915597281026	0.0380159761951519	0.110263567752066	0.2004
THAP5	5.34306253583469	0.0380208785604326	0.110263567752066	0.2257
MIR4461	-0.0889675518355413	0.038105390499268	0.110491106886061	1.3064
FOXK1	6.09025830001528	0.038126056691465	0.110533474822834	0.2423
ACLY	7.95972818069276	0.0382075298835	0.110699359713248	0.1945
ASAH2B	3.11951349694028	0.0382642520232254	0.110846109954935	0.3474
C9orf156	4.08372652026314	0.0383326839079356	0.11100911761156	0.2627
TMEM74	-0.940340431922518	0.038381855223557	0.11111626212516	1.4546
DCLRE1A	4.59751586704773	0.0385249726941966	0.111459889303527	0.2488
CEP192	6.22545434236774	0.0386162097659883	0.111706152034207	0.2058
PFDN1	6.59017620033489	0.0386608022267784	0.111782009099155	0.2058
ARAP2	5.30988854703678	0.0386946178552263	0.111837767909166	0.216
MAP3K2	6.95896083395614	0.0387011004701751	0.111837767909166	0.1913
HSPD1	10.3858238614976	0.0387278813672672	0.111886371742265	0.2064
ZDHHC14	3.55069466250522	0.0387336694462705	0.111886371742265	0.3319
HNF4G	-0.982178797004786	0.0387741296747597	0.111980723043643	1.3623
CRISPLD1	1.22688521947283	0.0387786005193861	0.111980723043643	0.5881
POMP	7.86029956917635	0.0388141336388603	0.112065605521277	0.1995
LOC100126784	-0.139746019336158	0.0388594535530568	0.112160977717724	1.0637
TFCP2	5.44183899205547	0.0388711341329702	0.112176956170013	0.2101
LOC100996763	2.11654635756779	0.0390332356456401	0.112591365136168	0.4618
SNORA75	-1.42715913457923	0.0390618541734391	0.112656115290727	1.8759
CYTB	13.0111767741467	0.0390895433027991	0.112700363634855	0.2644
HERPUD1	4.24653805239063	0.039143832360336	0.112785638189756	0.2666
MED24	5.3032766349901	0.0392016851254307	0.112934505862374	0.2075
TNFSF13B	0.121611762019811	0.0392385243944669	0.113022799202491	0.8957
SUPV3L1	5.71054144873443	0.0392894790715772	0.113100282203052	0.2171
PITPNA	6.61483335342518	0.039290205397226	0.113100282203052	0.1877
ZCCHC6	5.79804016811112	0.0393215204961802	0.113172580510526	0.2026
LRRC8B	5.33975473618756	0.0393468298611952	0.113209728281478	0.2925
RAD17	1.82193772717116	0.0393748263544375	0.113254581680575	0.4865
C21orf91	3.96384901661917	0.0394021476436174	0.11331217488632	0.2896
PTCD3	5.78462053597851	0.039411010408704	0.11331217488632	0.2036
SGK1	3.18981887913926	0.0394134701209537	0.11331217488632	0.3435
EPT1	7.10016143575252	0.0394540594274131	0.113375304408445	0.2134
ZNF510	3.99343305539165	0.039508082464421	0.113476959325121	0.2844
NFIL3	3.17095115792209	0.0395643228823198	0.113578548904378	0.347
TEAD4	5.39141594658491	0.0395672287146819	0.113578548904378	0.2079
FOXD1	2.1127500347796	0.0396114065126728	0.11368430078531	0.4526
REXO1	4.03183296050114	0.0396586123888809	0.113801890564509	0.3069
RAPGEF2	4.92662712055874	0.0398137939447705	0.114193342066886	0.2192
MFAP3L	3.51424858462652	0.0398407018203382	0.114234624223668	0.2918
ATP6	13.3056618170922	0.0400374819122198	0.114690768835632	0.286
HGH1	4.21137166113538	0.0400606067245649	0.114724493931552	0.2687
ZNF429	2.9253951683851	0.0400650084387946	0.114724493931552	0.3548
DCUN1D1	6.74330767172988	0.0401432774776458	0.114921698860264	0.191
KLHL7	5.53862232124624	0.0401686647543288	0.114976347405931	0.2059
CLPB	5.30093912979142	0.0401988013456527	0.115025828173297	0.2323
IL12RB1	-0.511421206006811	0.040210718554384	0.115025828173297	1.3372
PTK2	7.75427838853719	0.0402111544370061	0.115025828173297	0.1801
MORN4	3.26927056595847	0.0402425806022484	0.115097689405397	0.3244
SDCCAG3	6.01721456859398	0.0402644157889675	0.115142101291258	0.1948
ZDHHC21	4.46408281794317	0.040341437665357	0.115344289118051	0.2661
ZNF367	5.52156678480618	0.0403886005447544	0.115461054109777	0.2385
BUB3	6.94813063257516	0.0404238142728307	0.115489382373208	0.1831
ZNF407	4.00720628977993	0.0404955391578847	0.115603840948607	0.256
LOC102723703	-0.18536522128458	0.0405289360031127	0.11565850785832	0.9602
PIK3R4	5.64789300594944	0.0406076346430557	0.115833277819316	0.2245
DPY19L1	6.10266033811284	0.0406361113074113	0.115885591433678	0.2089
B4GALNT3	1.86941173199771	0.0406562917633901	0.115917735816406	0.481
TIMM23B	3.43842496283224	0.0406995038879434	0.116022820577498	0.3809
PTPN4	5.2275192820162	0.0407371286688772	0.116111947069324	0.2114
SMAP1	5.53141155733417	0.0407567603935434	0.116149768614506	0.2234
RNASEH1-AS1	4.39906494489236	0.0408326044849421	0.116347748942891	0.2992
GATAD2B	1.11245060802348	0.0408944146041162	0.11648750710138	0.6587
NUP214	6.35887527585978	0.0409399658356169	0.11655878591383	0.2151
SPRY4	3.60174286659402	0.040998605462674	0.116675064898921	0.3198
SDCCAG8	1.37231099644379	0.0410430923690835	0.11677614728505	0.6462
HABP4	4.13530334807787	0.0411123858200056	0.116944175059212	0.3292
USP6NL	5.30492942224714	0.0412034411583126	0.117184923163445	0.2062
GRPEL2	5.7930934108431	0.0412445567513293	0.117266655802959	0.2059
MIR4444-2	1.76260565395981	0.0412547481707755	0.117276032794406	0.6759
TMEM30B	5.34645874026869	0.0412721487092046	0.117307231330412	0.2155
MDFI	3.43465498098921	0.0414686521215924	0.117829060409617	0.312
TRIP11	4.77306777637727	0.0414752743935753	0.117829537710724	0.2264
C2orf44	4.30757041071033	0.0415198228271582	0.117901055456929	0.2501
TP53INP2	2.67348367225254	0.041588108328744	0.118058234434699	0.3874
TTF2	6.20661987261376	0.0416099998581377	0.118096666044638	0.2279
FOXM1	8.03647976636498	0.0416251229718552	0.118108213393564	0.1905
SUV39H1	3.64477163893232	0.0416793142626428	0.118243599250786	0.2887
DMBX1	0.0804048117160087	0.0416949782758446	0.118256186903501	0.8234
RANBP6	4.98099452429383	0.0417031842290065	0.118256186903501	0.213
ZFAND1	5.65996504986167	0.0417955359914024	0.118499659117727	0.1995
CPNE2	5.22260826338204	0.0418726922396074	0.118681550927848	0.2214
MTERF4	5.16347199908391	0.0419308511845068	0.11879106443581	0.22
FSTL1	7.60603447521136	0.0419696243552419	0.118829521036326	0.1919
STK40	6.0405687341139	0.0419704618559505	0.118829521036326	0.1939
DIS3L2	4.5818783473336	0.0420001156193742	0.118895039656892	0.239
ZNF347	4.46304975846586	0.0420863167650761	0.119083663803972	0.2463
POLQ	5.79943575774565	0.0421036417679115	0.119114223479776	0.2039
CAPZA1	7.84493195266343	0.0422813677192831	0.119579961128309	0.1805
LOC100288778	-0.515599748427106	0.0423556493662225	0.11973902436385	1.2092
FBXL4	3.83311931448893	0.0425253176859051	0.120139616167422	0.2698
DHRSX	0.347265767449436	0.0425719705185818	0.120234203865599	1.6634
TMEM69	5.22223970049825	0.0427467062909069	0.120615744984049	0.2381
SPRYD7	4.54490583989461	0.0427867969362467	0.120701758264208	0.2739
LOC646762	4.20690864715863	0.0427904129867414	0.120701758264208	0.2953
ZDHHC2	4.29156935624535	0.0428004149118271	0.12071132004176	0.2547
KDM7A	1.64456402020824	0.0432065742165597	0.121725860954334	0.5618
CD47	6.05849827759705	0.0432479834850821	0.121804255862953	0.1943
SAAL1	5.80163255880059	0.0432649539771593	0.121814466349016	0.2159
LIN7C	5.89117413056794	0.0433221845554904	0.121919192422542	0.2138
HAUS1	5.37666218879357	0.0433420480070651	0.121956292912605	0.2096
ZNF143	4.0207446403165	0.0435173069969415	0.12237399207273	0.2659
VPS4A	6.17288882744069	0.0435461970204974	0.122436373449284	0.1942
ZC3H3	3.632547671863	0.0436160621046919	0.122613925128312	0.3119
UBA6	5.94118928464328	0.0437700768454111	0.122971148490278	0.1978
LINGO2	-1.60979991860766	0.0437831889517307	0.122989059471118	1.9982
RPL36A	2.99064728922088	0.0438055184521181	0.123013927836005	0.4509
MEIS3	-0.784590782738756	0.0438208471503541	0.123026562155898	1.2731
NOVA1	0.139120231667795	0.0438234954918826	0.123026562155898	0.8454
ZFP91	7.51370356118505	0.043893658449003	0.123204586200031	0.1859
BRWD1	5.94838139305828	0.0439679733429504	0.123368612059017	0.2061
EIF2S2	8.76461203740259	0.0439723684634105	0.123368612059017	0.1931
CRYBG3	5.04374638513289	0.0440339299640157	0.123503368477965	0.2074
MNAT1	6.03454483640941	0.0440625006263159	0.123564517885411	0.2325
AFF1	5.90245491771718	0.0440949197191194	0.123622915687521	0.2019
UBQLN1	8.43160857410161	0.0441015839164853	0.123622915687521	0.1853
GNA15	3.93852826090511	0.044103639892245	0.123622915687521	0.2857
PPP1R15B	6.32284148358	0.0441703287188839	0.123790838362288	0.211
NRP1	5.9382980239994	0.0442274278181473	0.123893804242458	0.1932
GCNT7	-1.11538420557073	0.0443419905951512	0.124138534013967	1.3789
UGDH	6.95252736316617	0.0444005468161386	0.124245306970482	0.1813
ZNF749	4.19094825616438	0.0444741187901711	0.124432109215841	0.2437
LOXL3	1.55186339236723	0.0446323909365422	0.124779315304367	0.5523
THADA	5.48467180802839	0.0446609325852897	0.124839991621045	0.2047
VPS26A	7.80781502435512	0.0447660100027178	0.125040248402518	0.192
PLAGL1	3.26036610397074	0.0449320483233949	0.125427955612807	0.3185
BMI1	2.12664285584133	0.0449331085510386	0.125427955612807	0.5361
PTPN9	4.91276815060529	0.0449486491461625	0.125452153923306	0.2165
FAM155A	0.900699560495704	0.0451587529538894	0.125980775355471	0.7414
C8orf33	5.82579573854244	0.0452649026035246	0.126238322934608	0.2026
HRAS	1.08734689908353	0.045320327305792	0.126354290668072	1.4452
LOC101929536	-1.82197840959949	0.0453789632908938	0.126479137990619	2.244
CARM1	6.13948200461056	0.0454099453239063	0.126535497751614	0.1891
ELF4	6.46978923784252	0.0454130467390761	0.126535497751614	0.2278
NPEPPS	7.05774632435278	0.0454312007862	0.126547452174682	0.1839
BUB1	7.02394706972078	0.0454802358833834	0.126664711866826	0.1771
RPRD1B	5.98799934277429	0.0455950315243516	0.126868296831057	0.2
PPIC	4.21130500323822	0.0456537281644473	0.127012261714439	0.2513
SLMO2	6.66565829765202	0.0457060786339295	0.127106239670266	0.2451
SMAD4	5.50511205698797	0.045717809425016	0.127106239670266	0.2021
WHAMM	3.6290494826504	0.0457264784004513	0.127106239670266	0.2921
SNIP1	4.81833938565976	0.045739500400629	0.127106239670266	0.2663
WEE1	5.24697237799186	0.0457547642781168	0.127106239670266	0.2188
DUS3L	4.32897224258918	0.0457640947279063	0.127106239670266	0.2721
DAAM1	6.60731918516466	0.0458643968335179	0.127229969395639	0.218
MAGEA2	1.03549386176246	0.0459882689963895	0.127476744427283	0.7139
TULP3	5.70927009536369	0.0461187520551673	0.127683339023223	0.1965
SHANK2	4.52527843980143	0.0461405807427661	0.127715258666893	0.2322
PYGM	-0.98120032783494	0.046160250735482	0.127735404782519	1.3606
CDK5RAP1	5.33401755929982	0.0463052730197602	0.128102601037845	0.2144
TOMM5	6.72492726610393	0.0463245259224055	0.128136446248399	0.1959
MED22	5.53577341549952	0.046332035230189	0.128137802630258	0.2194
GPR75	1.76153731627276	0.046350648718513	0.128169864132865	0.5164
AASDHPPT	5.86261111819583	0.0463877049858478	0.128252906591192	0.2117
FARSB	8.11144121763441	0.0464985378372105	0.128462062160429	0.1819
ATN1	7.32176315667843	0.0468096662315263	0.129165245877077	0.2519
MGARP	-1.98201484400704	0.0468429670688564	0.129237601149923	2.9155
KRT81	1.9062185563546	0.046886225642444	0.129317863019861	0.5013
SLC9A9	0.289509671399288	0.0469218600981667	0.129396597877965	0.8433
AQR	6.34298344120753	0.0469457422361142	0.129442904434753	0.1853
DHODH	3.62179016895795	0.0469609179710177	0.129465194575491	0.2762
NR2F2-AS1	1.51839131346157	0.0470454657419627	0.1296591217671	0.5372
GDAP1	1.19327755485648	0.0470867172323137	0.129753224119716	0.6244
MTERF3	5.07978891786385	0.0471440940740806	0.12989172674561	0.2101
PRR11	7.61637306947918	0.0471760959103618	0.129960284735109	0.2
LTN1	5.38434902620686	0.0472460637531358	0.130113763746756	0.252
FBXL18	5.84216294895409	0.0473701002793084	0.13041600824899	0.191
MAMDC2	1.53233341061601	0.0474628776136437	0.130592659188347	0.5394
C9orf114	5.20525305983639	0.0475030262144448	0.130683430767164	0.2138
FTCDNL1	0.197815010382427	0.0476016129852209	0.130895473212561	0.868
MYLK	1.55892398757774	0.0476608910550212	0.131038739021155	0.5657
TGDS	3.52354761165565	0.0476759372556544	0.13106036900154	0.2923
FBXO34	5.20439561116372	0.0477001042237332	0.131107061533947	0.2042
RLTPR	-0.160443340592693	0.0479149725969784	0.131598576761011	0.9998
RILPL1	2.9791203044381	0.0479329305271785	0.131608298947838	0.3898
KCNK3	-1.74898988375101	0.0480467813203659	0.13186140105	1.7269
ALX4	-1.82124040601166	0.0481016139336425	0.131932551678572	2.2379
ADAP2	-1.82124040601166	0.0481016139336425	0.131932551678572	2.2379
SOCS3	3.97291129821828	0.0482316581842786	0.132232103088812	0.2563
PTPRJ	6.09648511216044	0.0482482299174791	0.132235352855952	0.197
NMD3	6.01127919116439	0.0482617563593524	0.13225257041374	0.1954
ETV4	6.04606892787148	0.048275434517578	0.132267724965181	0.1875
SCMH1	4.7535712718707	0.0484775871999859	0.132738481946551	0.2132
CHRM3	2.06692144263153	0.0485042935793074	0.132770019987281	0.4418
ASB1	6.05341304909973	0.0485276911495032	0.132801908203467	0.2009
MTBP	4.82503048774389	0.048733272082953	0.133343401144172	0.2379
BTRC	4.54580322271709	0.0487456609483915	0.133343401144172	0.2329
PTPN13	3.68172143904429	0.0487940696758411	0.133430877172282	0.3289
GMNN	6.5052006920513	0.0488301922996964	0.133481081952011	0.1974
DBR1	4.61152373054478	0.0488516043885771	0.133481081952011	0.2627
CXCL8	-0.607924538942886	0.0490960880017126	0.134042507838013	1.1928
CTSC	7.33575199980758	0.0490985018576246	0.134042507838013	0.1745
GPR155	1.54281354488127	0.0491312697497297	0.134071817720638	0.5387
AIMP2	5.31401982485998	0.0492827388474147	0.134424873808218	0.2186
KIF23	7.79468598154515	0.0493604511310159	0.134616730780972	0.1863
HERC1	5.70218617631673	0.0494060298414712	0.134700788647834	0.1976
MIR421	-1.37024480153859	0.0496177614091015	0.135197291385755	1.5552
SMYD2	5.49982229701954	0.0496473567310431	0.135257744289199	0.1959
KIF1A	-0.112075164354564	0.0496807682985151	0.135326631884164	1.085
PDCL3	5.65344463117099	0.0496874678746469	0.135326631884164	0.1975
TJP2	7.25735649374007	0.0498371207069166	0.135673497707347	0.1796
RRM2B	5.18827634772625	0.0498793401846889	0.135747947884866	0.2361
SMEK1	5.06615852165497	0.0499265094881485	0.135856067553382	0.2139
PECR	3.22748091115988	0.0502236774803873	0.13654258467341	0.3423
GREB1	-1.82171970503909	0.0502683110513858	0.13662323753969	2.247
CRHR2	-0.427212963433427	0.0503181521375173	0.136717991579479	1.0762
ZNF550	4.13551145283615	0.0505470475917176	0.137237790130041	0.2586
ZNF587B	4.23658861163158	0.0505737759153734	0.137289940983057	0.2407
BTN2A2	3.32404396324249	0.0506270334237676	0.137393655743169	0.2956
SURF6	5.92568880547288	0.0506664210755533	0.13748011045709	0.2148
USP42	4.9704889289822	0.0507890354316502	0.137710475395842	0.2429
GRSF1	6.94855290785939	0.0509094812158728	0.137975577357033	0.1878
RNMTL1	4.83358712370174	0.0509429727476745	0.138045852824929	0.2071
IL13RA1	7.68156423946305	0.0510347696085999	0.138253561949043	0.1743
EFHD1	2.99209066913234	0.051058137278158	0.138296343345705	0.3534
LLPH	6.44581699909214	0.0511599936128468	0.138519407093457	0.2275
CDC14A	1.9829715380464	0.0511632538360637	0.138519407093457	0.4541
TMTC4	3.78450854426848	0.0512222788213899	0.138638090758086	0.2819
PWWP2B	3.17515536091779	0.0512959247395005	0.138814700742609	0.3162
P2RX5-TAX1BP3	0.943784592615421	0.0513027380538113	0.138814700742609	0.6265
RBMS3	0.887050849173366	0.0513489347826561	0.138919109868431	0.6748
RUFY2	4.84245277451666	0.0514764757556562	0.139209614902976	0.2201
PURB	7.11717675825933	0.0514868163795408	0.139209614902976	0.175
PAN3	5.30633709432047	0.0515153829215441	0.139266226953311	0.2213
RANBP3	5.4251881477187	0.0515965001427286	0.139423580018599	0.1986
NEDD9	6.05908115319625	0.0516281122065722	0.139467714774072	0.1907
PCF11	5.91933032041315	0.0516814690276421	0.13959119671085	0.1872
RBM11	1.02773783917857	0.0517151387647105	0.139661475338544	0.6109
ZNF718	2.87124366994144	0.0517488679512425	0.139709876435329	0.356
LOC441601	-1.54754099082398	0.0517560196281843	0.139709876435329	1.6301
LOC101926941	0.604544262582859	0.0517976120484694	0.139801479236673	0.7099
ADAP1	5.15028146557222	0.0518745717860253	0.139988497047403	0.2263
CLTC	9.13934332750207	0.0520131972537142	0.140279646781475	0.2089
FJX1	5.39110469531473	0.0521720567078547	0.140666528911327	0.2135
PDCD2L	3.58615480443395	0.0522005665213694	0.14072261405997	0.2703
ZC3H7A	6.44607365120659	0.0522852737356138	0.140930157584138	0.1804
LRRC59	7.90055761951762	0.052305941830603	0.140965053743651	0.1758
TAX1BP1	8.11970400133709	0.0523600334884867	0.141090003153626	0.1801
PCDHGC3	-0.644431198644336	0.0524216185426321	0.141214264145535	1.1526
TMED6	-0.642496528214721	0.0524661780623289	0.14129260166778	1.1459
ZNF229	4.24454486037382	0.0525478787763845	0.141470872496534	0.2326
STAU2	5.19280962068048	0.0526187812644309	0.141620001586827	0.2104
MRPL50	5.50976519041187	0.052785763925514	0.142048482639178	0.2102
KIAA0355	3.19443274110685	0.0528977650745825	0.142307927969581	0.3858
NEB	1.52554897446192	0.052937121936809	0.142371847094635	0.5135
PWP1	5.86897952111367	0.0531568979768267	0.142878729308738	0.1886
CNTLN	3.89529571259242	0.0531697995505008	0.142892368702185	0.2633
EMG1	6.77432051449281	0.0532257896480652	0.143021786254795	0.2019
CACNA1G	-0.709870572117506	0.0533366078782208	0.143235232925096	1.3727
SUPT5H	6.91390343690538	0.0533771233546126	0.143322953958201	0.184
FAM53C	6.20724201330232	0.0536193624312898	0.143910003825749	0.1814
MIR7-1	-0.159178812063342	0.0538517025358191	0.144469754811743	1.0859
RAB7A	8.22263653723488	0.053983455293262	0.144780661059761	0.1988
LDOC1	4.86155387899812	0.0540732262456167	0.1450001202027	0.3246
IFI44	1.67309054792685	0.0543012467868032	0.145590183777336	0.4794
SLU7	6.30531364066825	0.0543341510148996	0.145614248521434	0.1871
PSRC1	5.2128987124567	0.0544097464656394	0.145793292840917	0.2297
ALPK2	-0.898438043820062	0.0544218407996669	0.145793292840917	1.2692
ERO1L	7.52160566050898	0.054424917326405	0.145793292840917	0.1791
AP2B1	7.84638478916544	0.0546242673959376	0.146284381044482	0.1894
PTGER3	-0.678230447061009	0.0548372710018779	0.146753992031839	1.088
SRRM1	7.28621694303212	0.0548398188891984	0.146753992031839	0.1742
FEN1	7.23080975699186	0.0549118713400102	0.146860697800062	0.1697
INTS4	4.9410348865609	0.0549470053888019	0.146933137597476	0.2236
RAB3IL1	3.00720546961354	0.0549668421148641	0.146964655777528	0.3931
NHLRC3	4.17770945539221	0.05509498120246	0.147264125451261	0.2467
GTF2I	6.71766092084934	0.055171858958428	0.147426442790554	0.2311
FXYD5	6.42592583718821	0.0551839553287588	0.147437185494193	0.2345
RALGAPA1P	1.52051364611668	0.0552109750826525	0.147476169987692	0.5272
TMEM209	5.3785708692144	0.0553568283110845	0.147790912203445	0.2026
BICD2	6.59734775709561	0.0553897040725942	0.147816001674694	0.1853
ST6GAL1	4.42834002215669	0.055390516403187	0.147816001674694	0.2416
CSDE1	9.66779920618847	0.0554322978325727	0.147905879747362	0.1785
COPS3	7.0903984216531	0.0555232520795353	0.148083636225566	0.1714
ALDH1B1	5.01468252451562	0.0557992645260467	0.148689442882427	0.2046
TMEM104	4.16369307497877	0.0559410755748411	0.149023825433285	0.2585
ZFP69	3.18279437277367	0.0561258615678616	0.149440820085785	0.2966
PPIP5K2	5.31214860712163	0.0561545899204668	0.149479984646782	0.2167
MRPL2	5.22205992322947	0.0562542124704853	0.149661454803436	0.1952
IFITM3	6.21885279208439	0.0562633819606386	0.149664039206385	0.2222
FKBP15	5.6334309076852	0.0563682221933046	0.149899237343186	0.195
PPM1G	8.16518602211344	0.0563943061337791	0.149946759798758	0.2396
STARD7	8.02488561773809	0.0564145624151701	0.149978775513521	0.2058
POLG2	3.67931355901685	0.056457573737608	0.150071267640328	0.282
ERI2	4.29930786449524	0.0566302880886246	0.150440877925673	0.2558
VRK2	5.36500930840117	0.0568298024790523	0.150863003352854	0.2161
METTL2B	5.05135811892331	0.0569943621893658	0.151189926784229	0.2054
Mar-01_2	3.83572619359766	0.057040058429745	0.151275456695026	0.2737
IL17RA	3.68561672799735	0.0570514635925314	0.151275456695026	0.2668
DSCC1	5.07454219806961	0.0570707367356161	0.151304584642087	0.2254
DDX50	6.01772307422947	0.0572782304212046	0.151832637515538	0.193
SIAH2	4.6262038487176	0.057336104125364	0.151941924359507	0.226
ZCCHC10	4.80754849426142	0.0574215618784634	0.152146303868393	0.2451
ELFN1	-1.11705808424647	0.0575457425920975	0.152450156009099	1.7221
C3orf38	4.44787096731866	0.0575529401410337	0.152450156009099	0.2179
RBM34	6.4674358112398	0.0576341184639169	0.152643038833203	0.2006
TNKS	5.28584276885132	0.057670149431461	0.152694162149493	0.2024
IMPACT	4.93130128794639	0.0576816725652447	0.152702525282933	0.199
ZC2HC1A	2.69154643196127	0.0577216313319942	0.152764004290648	0.3875
STAM2	4.70377017726923	0.0578717978097694	0.153028732122019	0.2767
TNFRSF1B	1.5903619144504	0.0578719525947862	0.153028732122019	0.6006
GRWD1	5.78745169954282	0.0579013208671371	0.153084216328813	0.2003
DDX56	6.46607097728121	0.0581101017225008	0.153538653471572	0.179
PCMT1	6.18434734629642	0.0581152550114243	0.153538653471572	0.1792
HMGB2	8.580257508613	0.0582238739912477	0.153764408231965	0.2185
FAM69B	3.82763600575674	0.0583286836759471	0.153968833023148	0.2579
EPB41L2	7.46482174967719	0.0584170901522233	0.1541799042676	0.1963
ALYREF	7.36397696193113	0.0584698336314798	0.154296802945402	0.1674
ERGIC2	7.19644805812662	0.0584912091723941	0.154330902536671	0.1867
TGFBR3	1.59908094342927	0.0585585087277828	0.154454981804027	0.4977
LOC103091866	0.644573108060172	0.0585623106955861	0.154454981804027	0.6772
HNRNPAB	9.18593865589473	0.058659291093684	0.154640291437732	0.2083
ZNF142	4.28866485368856	0.0586739559061209	0.154656618397653	0.2333
MCM8	6.09281683391956	0.0586867558673043	0.154660977195308	0.1868
PSMD7	7.45394980839229	0.0586925531337145	0.154660977195308	0.1835
ZNF780A	4.06778410926037	0.0587379051610521	0.154746432742795	0.2321
OBSL1	6.09726581706818	0.0587585596572989	0.154746432742795	0.2048
DNAAF2	4.47662715281729	0.0587588886816966	0.154746432742795	0.2334
SFXN4	4.09533576974987	0.0588880395585247	0.154990101022939	0.2971
ARL6	4.36408607990973	0.058893861239928	0.154990101022939	0.2777
TFAP2E	-0.642412648414492	0.0589574780923227	0.155135157113497	1.1371
ANKLE2	6.51213492995116	0.0590200461374326	0.155255037793223	0.184
GRINA	5.39669901558781	0.0590287520845951	0.155255568081886	0.2582
ZNF765	4.60608752021705	0.0591005492447015	0.155332511806978	0.2139
SYCP2L	2.96521867385112	0.0591166882964046	0.155352563918118	0.3134
KIF1B	5.68136929940791	0.0591421259846083	0.15537468009426	0.1958
FAM133B	4.88317662648645	0.0591848952540104	0.155464668742045	0.2458
FTSJ3	6.62082920547816	0.059333417669243	0.155816513394392	0.2022
PDCD1LG2	1.21899957763826	0.0593359115423868	0.155816513394392	0.5727
SRGAP2B	3.70140442911228	0.0594973041843258	0.156172938201158	0.3191
INTS4P2	-0.783068041356367	0.0595820790539098	0.156287900353312	1.2488
MNX1	-0.398322812340614	0.0597100150041126	0.156523891866892	0.9773
PIK3C3	4.16408023508449	0.0598641278048344	0.15686515246233	0.2359
SLC25A46	5.72851491639237	0.05992199071385	0.156978167141202	0.2228
XPO7	6.87806848506029	0.0599645869993395	0.157029989827789	0.1701
PPM1F	4.53865515507914	0.0601535040117831	0.157397501682544	0.2116
UIMC1	5.44090823610435	0.0601888810123472	0.157467499535886	0.2071
SRC	5.38994620902029	0.0601994222588902	0.157472510783536	0.1962
CUL1	7.40158107785594	0.0602122047940596	0.157483382624692	0.1685
C9orf72	2.55887506242068	0.0602616018003941	0.157544866456823	0.3638
MMAA	1.99442375491613	0.0603233440446135	0.157658313335641	0.4295
CAP1	8.46503353743436	0.0603980069892995	0.15776592010254	0.1684
TMX1	6.85044228592883	0.0604832353248078	0.157907735151834	0.1977
ERCC6L2	5.14147903652889	0.0604888492520939	0.157907735151834	0.2032
PARG	5.80850161202699	0.0604946469047529	0.157907735151834	0.1975
GLCCI1	4.15417319179841	0.060495546650522	0.157907735151834	0.2302
PPM1E	-1.42594698273806	0.060587725359846	0.158074742846628	1.4378
CSF1	4.25781823406888	0.0605941635868043	0.158074742846628	0.2255
DHX15	7.90045258779074	0.0606385524633118	0.158167940244352	0.168
ZNF652	5.72983725887476	0.0606879370394899	0.15827413979899	0.1934
GPATCH11	4.27524080405751	0.0607690327596155	0.158457482445653	0.2557
UHRF2	5.35075396852502	0.0607770568389944	0.158457482445653	0.1971
SLC38A2	8.12227408995778	0.0609190590101071	0.158740842319229	0.1748
TRDMT1	3.08557637980541	0.0612061539930804	0.159443428552751	0.3071
IKBKAP	6.25396572658869	0.0612557480930718	0.159549855498234	0.2029
FAM210A	5.47813602678766	0.0615268363767755	0.160164540837646	0.1921
ARHGEF25	2.92738618143892	0.0616143671952171	0.16032381521036	0.4346
SF3B4	6.35140141942365	0.0616644123723578	0.160408308958359	0.1727
RNASEH2B	6.02898807676387	0.0617264522848861	0.160530781194563	0.1814
AP1S2	4.63500198383444	0.0618250971630956	0.160757580659375	0.2474
TCEAL4	6.5333886507524	0.0618546333787882	0.160811476354765	0.2839
NR2F1	2.29466156876735	0.0619187201937627	0.160955169565333	0.4363
MRPS2	6.07325233940788	0.0620405220709283	0.161225874865034	0.1804
ZNF677	1.42500218860609	0.0621807133013553	0.161498236168664	0.5216
CDADC1	3.67276372648837	0.0621961718451251	0.161515407283727	0.2527
MAGOH	6.29827566289876	0.0622645504809234	0.161662938612963	0.1945
KDSR	5.00602416007831	0.0622706937076223	0.161662938612963	0.1949
RCBTB2	2.48059345827795	0.0622952666521536	0.161703737807723	0.363
KLF15	-0.342074161299715	0.0630175029324974	0.163299862815567	0.9328
LOC100996634	0.391489455985959	0.0630275251291374	0.163302653811742	0.7277
ATG3	6.63616255014439	0.063112760641199	0.163448748912707	0.2076
GPSM2	5.73137348120244	0.0631197239173195	0.163448748912707	0.1842
NIPBL	8.02163474595056	0.0634119656586553	0.163996153146963	0.163
MAGT1	7.0319965040695	0.0634265199527185	0.164008096732212	0.1723
COASY	6.38804749186155	0.0634345514365768	0.164008096732212	0.178
TRIM59	4.7411633194438	0.0635820482353333	0.164366167174206	0.2095
CHST2	-1.16279507637517	0.0636427163930322	0.164490133588174	1.2876
NSA2	7.07426313817686	0.0636895404171702	0.164574133029846	0.2199
ADO	5.06770540456547	0.0638470646880214	0.164957828041964	0.1976
KCTD17	4.07112302615029	0.0639088871729279	0.165094190495114	0.2449
AAK1	5.91671867557895	0.0640081119751574	0.165256978110377	0.1783
ZNF217	6.18115958483741	0.0640921661415169	0.165403814684695	0.2039
ENTPD7	3.47347362154203	0.0641215498755715	0.165432873732113	0.3315
C15orf57	3.43586212279964	0.064170040759375	0.165487818067969	0.2917
SNORD5	1.57371702898935	0.0643382081733338	0.165874640363279	0.5279
FDXACB1	2.26834689497733	0.0644889588692126	0.166192890050303	0.3767
AKAP2	-1.16266716956779	0.0646372038630514	0.166504415651738	1.2885
LOC100129034	4.66284681119871	0.06473380191539	0.166729724572145	0.2126
CRYZ	5.06418026803548	0.0647847748263504	0.166805547377996	0.2246
RAB15	6.61913987436231	0.0648117277703632	0.166836280622638	0.1748
MGC27345	3.78096313453289	0.0649618411427135	0.167175552847671	0.2812
CEP295	6.09950851641354	0.0650620716193389	0.167362713749845	0.1744
VTI1A	4.63048192973767	0.0650926664169254	0.167394241175854	0.2386
PLIN1	-0.57707307049967	0.0652251762313301	0.167707837543622	1.0975
DDN	0.515849170010224	0.0652424289802399	0.167708502318116	0.6927
VPS41	6.38676221341062	0.0652564611309623	0.167720956554533	0.1784
ATOH8	-1.82219885399017	0.065479323447001	0.16817536984362	2.2704
TANC1	5.08650783902944	0.0656757152083011	0.168597679999335	0.1971
AHCYL1	7.75654966258123	0.0657250452102921	0.168664102524472	0.1715
ORAI1	4.63121437983094	0.0657474052501088	0.168684717103181	0.2048
FAM35A	5.17637440279226	0.0657515582222958	0.168684717103181	0.2086
KIAA1755	1.3994938163649	0.0657892185309818	0.168757618870536	0.602
LOC101927260	2.47049476256246	0.0662505877431791	0.16989334595301	0.3652
C12orf65	4.47136343111138	0.0663095480420271	0.169996785431154	0.2094
ATP1B2	-1.11547160118881	0.0663344316434823	0.170036700938418	1.3973
SH3D19	6.42949498628215	0.0664195104113673	0.17023088334549	0.17
C20orf24	6.2303228241489	0.066583045771886	0.170506394110191	0.1969
MAX	5.94339319726092	0.0666410512796862	0.170607072242596	0.2092
TRIM61	0.344292326566913	0.0667500679872177	0.17083825055021	0.8514
RBL1	5.25275898988897	0.0668777181124297	0.171116975733779	0.1939
LSM14A	3.07369084603529	0.0671419322590239	0.171744866935791	0.9071
OSTM1	4.06780039607558	0.067208386776183	0.171890768980947	0.2751
SERPING1	-0.0678132234916275	0.0673500953297641	0.172229071346151	1.1342
BTN3A1	4.44788802570304	0.0673722311994279	0.172261548007949	0.2395
PMF1-BGLAP	-2.36995704971587	0.0676821957429962	0.172739880885713	4.501
ART4	-2.36995704971587	0.0676821957429962	0.172739880885713	4.501
CELF6	-2.36995704971587	0.0676821957429962	0.172739880885713	4.501
NGFR	-2.36995704971587	0.0676821957429962	0.172739880885713	4.501
GFOD2	3.92436273813833	0.0677681269653951	0.172789794117354	0.2432
C11orf58	7.20995437474033	0.0677943649383101	0.172807905866871	0.2082
C17orf53	3.16165750912947	0.0678011896050874	0.172807905866871	0.2889
PTPN2	6.31413385138103	0.067803627833282	0.172807905866871	0.1882
PHF23	6.05380143353472	0.0678322804385683	0.172856799509562	0.1838
MMP1	-2.36982693708743	0.0679386753571236	0.17310376236143	4.5028
SVIL-AS1	3.23846135940944	0.068048640732703	0.173359752332714	0.3106
FANCI	7.22385264710102	0.0683313308264995	0.173940893536461	0.1948
GBGT1	-0.747867426337165	0.0683339224607524	0.173940893536461	1.1362
TRMT10C	6.26745145642641	0.068355765999388	0.17397223812698	0.1729
B3GNT5	6.1111382668119	0.0684010116307157	0.17403886666625	0.1999
UBXN4	7.72355839598856	0.0684759839036663	0.174181073170591	0.1639
POU2F2	0.234647558723778	0.0686128910006077	0.174479414857005	0.7471
ADAT2	3.70152039128651	0.0686793536548985	0.174499355752646	0.2599
TOMM34	6.74581442168281	0.0690554292866659	0.175350498800115	0.1638
SBF2	4.2585660608735	0.0690690316821711	0.175350498800115	0.2358
TTC14	6.07921957386399	0.0690763313973057	0.175350498800115	0.1787
IKBKE	2.73603883588159	0.0691125568502258	0.175395186659647	0.324
C2orf69	5.10739154254509	0.0691576422763039	0.175450516592024	0.2573
KDM3B	6.76191751389136	0.0692694370259474	0.175660903229017	0.1812
DDX27	7.31290517703577	0.0693974567803111	0.175916209371097	0.1874
DNAJB4	5.57289444418089	0.0694866055537567	0.175991602523499	0.2852
MIR155HG	-0.60879860007074	0.0695629544912598	0.176119988249014	1.0232
MGAT2	5.20314589071321	0.069566237689726	0.176119988249014	0.2316
BCL2	2.81698514805184	0.069640747206669	0.176228629576386	0.3319
FAM188A	4.00711843186849	0.0696660128173514	0.176250378325051	0.2385
SNRPA1	6.38319855653651	0.069720381996756	0.176349604504289	0.1972
DHX37	5.47900886414158	0.0697616176565307	0.176418907319244	0.2074
MYO10	8.01492024707279	0.0699337631588835	0.176829747954097	0.1673
TMEM229B	-1.0243726163761	0.0699561346703984	0.176832614022657	1.2798
LOC101927051	-1.484309314524	0.0699639554713876	0.176832614022657	1.7408
KLF6	5.04755936354683	0.07007620599369	0.177067296418104	0.1906
NCBP2	7.08424119163434	0.070102701126265	0.177109730384873	0.1604
ADORA2B	5.3657338294523	0.0701379029387992	0.177174146402479	0.1842
CHIC1	3.93666954513567	0.070163450342667	0.177189861268185	0.2334
VPS72	5.17516311255801	0.0702075237427554	0.177233114555932	0.1873
ZNF250	3.0198008750129	0.0702154765154461	0.177233114555932	0.2971
ZNF285	1.74353726790691	0.0702229750494385	0.177233114555932	0.4593
ZNF594	4.08029331820508	0.070294328048458	0.177345327485108	0.2253
TSPAN33	2.12476492841487	0.0703028119527677	0.177345327485108	0.4186
SNORD42A	-1.42681303269254	0.0707201668935836	0.178299594919108	1.8499
TRNAC-GCA	-2.37008715092834	0.0707846916753653	0.178363744820631	4.4981
STPG2	-2.37008715092834	0.0707846916753653	0.178363744820631	4.4981
HLA-DRB5	-2.37008715092834	0.0707846916753653	0.178363744820631	4.4981
AMBP	-2.37008715092834	0.0707846916753653	0.178363744820631	4.4981
SDE2	4.89225744277642	0.0711176696378014	0.17909249829162	0.255
STX1A	3.9374443648248	0.0711198320435835	0.17909249829162	0.2295
TMEM5	3.72743323711209	0.0711554896346194	0.17914971986893	0.2443
MLLT10	5.12548447702572	0.0715538925706882	0.180053461443209	0.2366
PFN1P2	0.253679691098798	0.0717111325461538	0.180349694966605	0.8513
HSF2	4.53571402099981	0.0717357101369824	0.180381914147263	0.2114
MRPL22	6.23742833269562	0.0717437050078481	0.180381914147263	0.175
NASP	8.60711604631201	0.0717731267062997	0.18040619594523	0.2367
TOMM40L	2.92813217115786	0.0718852164312604	0.18063819837152	0.3009
MNX1-AS1	-1.61031582081164	0.0719157221389069	0.180665119494686	1.9747
MIR5692C2	-2.36969681304112	0.0719637691597752	0.180760947961042	4.5064
ESCO2	4.48232760064782	0.0723106365045334	0.181507353227934	0.2183
TBC1D1	6.17678400791531	0.0724380594827198	0.181752228410739	0.1698
SNORA71B	-0.941223143656335	0.0725361258678782	0.18194063780219	1.2064
ZNF572	2.57288724369011	0.0726064444878121	0.182024615568456	0.3477
SBDS	6.54527846018537	0.0727264001853681	0.182267516588053	0.1901
TRIM9	1.67167391412485	0.0727332854044679	0.182267516588053	0.4983
RNF8	4.84255159977991	0.072760148439452	0.182309809210902	0.1903
HS6ST1	5.09809967997549	0.0728243054005172	0.182445522079298	0.1879
BRIP1	5.12158648227932	0.0728478537938968	0.182479475694481	0.187
DPY19L3	4.3224273720255	0.0729198363403149	0.182587662622986	0.2191
C17orf80	4.78201262925321	0.0730602960586922	0.18286108648855	0.197
TCFL5	5.2157424417931	0.0732336454519114	0.183219601393736	0.1959
SLTM	7.55475101845634	0.0732832297699338	0.183318531471624	0.2537
GPHN	4.52992266025403	0.0732986114015409	0.183331887895127	0.2167
UBR7	0.0822970693938229	0.0733372509344118	0.183403404528578	1.1593
BZW2	7.39100179749018	0.0735345793397171	0.183796177495328	0.1584
LSM1	4.64733046405655	0.073846227708896	0.184474101403066	0.2001
ZNF891	2.32236967991398	0.0738748141879617	0.184520263759123	0.3727
ILF2	7.93681566570791	0.073961726765719	0.184712077132006	0.1637
PPP1R2	6.15770737264857	0.0741425321046991	0.185105740969471	0.197
RRP8	3.00482565622644	0.0741497745239778	0.185105740969471	0.2984
TDP2	7.07654594204243	0.0742049676553236	0.185218196543012	0.1751
ZNF611	3.73265624960289	0.0745117494536277	0.185907680473613	0.276
MESDC1	5.09358219207685	0.0747144442000043	0.186260670942958	0.2082
ZNF280D	4.71848305434546	0.0749301175031585	0.186721843453134	0.196
VWA2	0.516348765511096	0.0750896909557641	0.187015724742273	0.6811
FAM73A	4.04572290518368	0.0751494069598702	0.18711505366331	0.2422
SPEN	6.90109406322486	0.0756493939558414	0.188080475501273	0.1712
LOC100134317	-1.31460869595471	0.0756826054802538	0.188134755670958	1.2972
GPR162	0.269610634456178	0.0758619364235774	0.188529201109288	0.7513
KAT2A	5.72472339619776	0.0758893142348809	0.188545906460532	0.1926
ZRANB1	5.26290782683622	0.0759393982788397	0.188644666618383	0.1795
DYNC1LI2	7.18346282800397	0.0761653299619453	0.189154436646072	0.1579
RBMS1	6.58122333110544	0.0762367144788477	0.189280220253753	0.1804
LINC00674	5.10345856963958	0.0763093907470148	0.189434897671675	0.1828
ZNF100	-0.000544133689452645	0.0763512381475347	0.189487248996927	0.9351
TMEM11	5.46386045823712	0.0764802194283384	0.189726627011459	0.1857
NAA50	8.88458490788995	0.0764892624235506	0.189726627011459	0.1638
QSOX2	6.09386058737306	0.0766431481273883	0.190028860309526	0.1949
ZNF3	5.29302925448922	0.0767175949848196	0.190043100473926	0.1865
RNF146	4.76851818655376	0.0767313592020873	0.190043100473926	0.1986
ANKRD26	4.89432013718312	0.0768232756543063	0.190244943074473	0.1916
TICAM1	2.77686083535146	0.0769184803118246	0.1904548727211	0.3153
GALNT13	3.80227227301745	0.0769980287007029	0.190608698765521	0.2518
LOC105373311	0.670836334070604	0.0770014873683017	0.190608698765521	0.6106
HDAC4	5.7201842069108	0.0771211025219281	0.190853036144817	0.19
EBLN3	5.1845047261168	0.0771822878701026	0.19094224149185	0.1797
ALDH2	5.0071701443948	0.077185187772272	0.19094224149185	0.2416
USP30	2.8089155320112	0.0772035814085612	0.190953608209551	0.3091
PPP2R2A	6.16980273234262	0.0772245108282068	0.190966343450489	0.1676
BECN1	4.72071862695048	0.0772398097236815	0.190966343450489	0.2002
SEC11C	4.52842103928002	0.0772401117461882	0.190966343450489	0.2544
KCNIP4	1.53839577176503	0.0772711636223903	0.191017246186914	0.5414
NBPF14	3.93498781263177	0.0774591984931234	0.191430232528829	0.263
PAQR3	4.03705871322539	0.0776228813195885	0.191704441999542	0.304
PAPSS1	4.61256292083629	0.0777341266516761	0.191927808514065	0.2019
KLHL28	3.35273096005367	0.0777931198078557	0.192021524501381	0.2799
SLC25A13	6.37732759769924	0.0778373461645958	0.192104716990788	0.1696
SMG1P1	2.9712925736246	0.0778856963463492	0.192172087106224	0.3191
EWSR1	8.21934059423494	0.0779808463041587	0.192369737994985	0.1633
LOC100129940	-0.485228229749221	0.0779868772404079	0.192369737994985	0.9654
RPS6KA5	1.56610854655679	0.0780859698555961	0.192588147214775	0.5148
CTNNBL1	6.1239824926928	0.0781409101494549	0.192671590449547	0.2017
GAB3	-0.941477488211648	0.078217155523507	0.192799237035405	1.2059
SP1	7.02450509674416	0.0783207977695914	0.192984813616097	0.1678
ZSWIM6	4.79538224191977	0.0783726056493348	0.193086408736067	0.2161
ATP11A-AS1	-1.06925370898976	0.0784502673427518	0.193251663825297	1.1916
SAP130	5.79713236824621	0.0787553062173278	0.193524832442232	0.1799
DTWD2	3.75733036337865	0.0787662263557927	0.193524832442232	0.2359
NLRP12	-1.48495281864776	0.0787731721011298	0.193524832442232	1.7286
EHBP1	6.46450275681674	0.0791326619693874	0.194355694458918	0.1617
COA1	6.67767257667164	0.0792109041870329	0.194469374238633	0.1675
TRAPPC4	5.12037911351422	0.0792230155388275	0.194472955718278	0.191
CHD8	6.14286132030508	0.0799258732139338	0.196013801906714	0.1711
MED21	6.06789864306537	0.0800176763739145	0.196186234203893	0.1843
PFAS	5.73563186966713	0.080160325678746	0.196456827170249	0.1745
LONRF1	1.89098687636838	0.080175964027195	0.196468778426909	0.5169
CDYL	5.75330708128907	0.0802366883400282	0.196591193441894	0.1714
LSG1	6.66200317834272	0.0803191044951974	0.196766716541106	0.1662
WHAMMP3	-1.36891137972537	0.0804462471704403	0.197043294154397	1.5424
PAPPA	2.92668706950686	0.0804642914567498	0.197043294154397	0.2903
LOC102723534	-1.89934971447992	0.0804804345355408	0.197043294154397	2.0716
OSCAR	-1.89934971447992	0.0804804345355408	0.197043294154397	2.0716
KIAA1919	3.7994746063245	0.080485968695735	0.197043294154397	0.241
ANGEL2	5.01777949203162	0.0805067537653388	0.19705892069215	0.1976
AARS2	3.8826632891543	0.080557116845175	0.19705892069215	0.235
NUP62	6.46362863771822	0.0808745027035455	0.197676385239781	0.1613
GCLM	8.59825951379792	0.080974931771207	0.197854484893803	0.1988
ACSL3	9.0955669514907	0.0809798811966748	0.197854484893803	0.1572
CCDC94	3.84867428577201	0.0810006182559835	0.19787866812274	0.265
PDE4DIP	4.94667033205608	0.0810786315694584	0.198016253903951	0.1872
RBMXL1	4.23380817669798	0.0813666444317632	0.198488227770792	0.2251
NDUFAF2	5.71468569169466	0.081370589097721	0.198488227770792	0.2163
LACC1	2.76480509902806	0.0813806082857351	0.198488227770792	0.3264
GNG12	7.90463139562771	0.0814044032673762	0.198519741657657	0.1701
CFAP20	5.54599380110312	0.081469690028121	0.198572851956392	0.2155
LRBA	6.92918579180693	0.0815065754232666	0.198636235606348	0.1652
RIMS2	1.96226653230697	0.0816067016213938	0.198800633146539	0.4119
CLK4	4.49481331582955	0.0817715349754963	0.199095911244687	0.2038
DBNL	6.16119229720508	0.0818154286616891	0.199176218915562	0.2054
FUT10	2.81647974504744	0.0820289728329919	0.199563023459368	0.3563
DNAH14	4.98477276864786	0.0822384038760647	0.200045876237367	0.1811
PHLPP1	4.94926166041461	0.082387796248527	0.200329196632007	0.2052
ANKRD34B	-1.31508218854974	0.0824624104269265	0.200483921261682	1.3042
PMS2P7	-0.209921672153657	0.0830465353494992	0.201822216287046	0.9071
POGZ	5.7316071742017	0.0830570941588836	0.201822216287046	0.1719
TM2D3	3.16000584793479	0.0832393191379528	0.202184274904532	0.2732
NR2C2	3.57212263321928	0.0834873755707075	0.202732844961271	0.251
TIGD7	3.3835039829679	0.0837674647086394	0.203351171416237	0.2927
LOC101929206	1.2973391510188	0.083811771917406	0.203412351518767	0.4979
ZNF519	3.4349380673075	0.0839014329184552	0.203548778652401	0.3006
ZSCAN9	3.60489605920854	0.0839184787076192	0.20356308095752	0.2437
USP14	7.77517607378994	0.0839963992837408	0.203725025285502	0.1754
CCNL1	5.86478995233984	0.0840669021759855	0.203868938114345	0.1748
KIAA0100	7.54519182839169	0.0841904452384783	0.204114311855732	0.156
MRPL10	5.07461793363794	0.084234088620553	0.204138792228437	0.1795
SNORA77	-2.06958528057464	0.0843013877352543	0.204274772298222	2.7287
GMFB	6.30376172691551	0.0843541497859032	0.204348375595999	0.2105
NUF2	5.80872255096214	0.0844479012404405	0.204471450957029	0.1761
SRRT	7.49508424310322	0.0844497557085888	0.204471450957029	0.2237
EVA1A	3.44164439232089	0.084465931836985	0.204483497097997	0.2565
GMEB2	5.06177657665454	0.0845629263152779	0.204691167172065	0.1833
LINC01291	-0.0690426916035509	0.0846594553728994	0.204843342251511	0.8507
YY2	2.23317450839292	0.0848480514528536	0.205218074632127	0.3914
TIGAR	5.08426779332534	0.0849085158868872	0.205309916030598	0.1951
GNPNAT1	7.14623180384645	0.0850346394399763	0.205560431358078	0.1606
CSNK1G1	5.0524042062402	0.0851184298204604	0.205672438720253	0.1828
HCCS	5.95380839300348	0.085126037848939	0.205672438720253	0.187
LSM8	6.76171674138732	0.0853184641327491	0.206028291165009	0.1584
RNF115	4.49400022486138	0.0853779079650312	0.206144569211693	0.213
LOC101927843	-1.07032129751955	0.0856272287633931	0.20663804306909	1.2031
NPIPA1	0.788009164856088	0.0858017176821154	0.20703094871857	0.9784
TM9SF2	7.29314125619192	0.0859767024325083	0.207297456495496	0.1511
CMTM3	4.82188131822882	0.0859916541433168	0.207297456495496	0.2632
UNK	4.92700971465813	0.0861736018748781	0.20768122453172	0.1941
GAS8	4.91651678094203	0.0864510702081364	0.208239970671558	0.2179
SERBP1	9.52851362305179	0.0866490342587585	0.208661755629587	0.1973
ACPP	0.470485413948712	0.0867244411166758	0.208717379409453	0.6612
ZC3H8	4.3504412791569	0.0867292966805494	0.208717379409453	0.2084
COX15	5.13178769105145	0.0867513244289217	0.208742873174429	0.1865
ATF6	5.73425179896136	0.0868018028724361	0.208744258163752	0.1663
Mar-07	6.01147523950141	0.08680209438688	0.208744258163752	0.1808
MTRR	6.12068990106216	0.0868090714274324	0.208744258163752	0.1616
SLC25A44	5.08050268114522	0.087174488999856	0.209457419213131	0.181
DUXAP10	1.49775857071869	0.0872888402780021	0.209704575354021	0.5218
AKAP17A	0.40697694878414	0.0873507490104572	0.209825693938804	1.3442
SPIRE2	3.98417719737209	0.0873833179837691	0.209876312736704	0.2215
XRCC5	9.08357710905572	0.0874574299342644	0.209999058382208	0.158
ZNF845	4.30252304623437	0.0875096998510303	0.210096933256235	0.2288
SLC30A1	4.81279397705535	0.0875581229360419	0.210185547971122	0.2487
ZNF782	4.27475614394299	0.0876598450858638	0.210346757608771	0.2048
SMARCC2	6.49690999622543	0.0878247238829859	0.210666742180531	0.1922
YPEL4	-0.0441633715830964	0.0878614495858093	0.210666742180531	0.872
SQLE	7.36129460960986	0.0878739724860178	0.210666742180531	0.1636
STAG3L4	3.56900772754349	0.087917043644849	0.210725618753461	0.243
LOC728743	0.406141613378095	0.0879509341492612	0.210766748951294	0.6854
DTX2	3.59634814864414	0.0879618678932903	0.210766748951294	0.2618
SLC33A1	5.10422819128694	0.0880354083835914	0.210896763319159	0.1771
STARD3	4.55257259533725	0.0880392327593836	0.210896763319159	0.1918
LINC01012	1.24801182724532	0.0881519979354386	0.211117030693226	0.6059
PDE6A	1.00642583051752	0.0881543122794949	0.211117030693226	0.5236
FLJ37201	-0.484686750917113	0.0883567074694813	0.211490763283447	0.9449
KLF9	3.23663055323641	0.0883878406466871	0.211537548354211	0.2946
NUTM2B	-1.0707040140237	0.0884920650832584	0.211731473153338	1.2
GPN1	5.81781527948249	0.0886233346460112	0.211919169998316	0.1783
ZBED3	1.21040474173479	0.0886285529654436	0.211919169998316	0.5095
MAP1B	8.47498523761161	0.0887627745470065	0.212212311698553	0.1591
METTL10	4.54425882813926	0.0888415887457757	0.212295783553484	0.2616
ARID1B	5.26303927232147	0.0888442038972732	0.212295783553484	0.1778
TMEM126B	5.35329808937346	0.0888789172330796	0.212350937443672	0.184
RASD2	0.725531184612561	0.0891408510805314	0.212921022808607	0.5859
COA6	6.00974657133644	0.0891572009630864	0.212932216219532	0.1808
LIN9	5.17604706584336	0.089169302605613	0.212933262049453	0.1731
SCARNA12	0.235102949744927	0.0892811337847081	0.213116681272703	0.6653
TRA2B	8.25251227031789	0.0893287293534235	0.213202416404249	0.1498
C2CD2	5.07888908456527	0.0893828868448815	0.213303788528125	0.1791
IPO9	7.19634575397696	0.0894423008208501	0.213417676615532	0.1618
SLC35G2	2.52547458475036	0.0895862281647218	0.213626336663643	0.346
STAT5A	1.1909909926453	0.0896306110572907	0.213699416933773	0.5643
WWP1	6.30647340400365	0.0896648583139803	0.213753154006271	0.1641
SPATA5L1	4.20381444192575	0.0898024385273533	0.214025237304877	0.2619
SUSD5	1.51947491067143	0.0898311702248391	0.214065767344298	0.4655
WSB1	5.61912700544691	0.0898950411672101	0.214190011948393	0.1736
TBRG1	4.71197277914813	0.0899216211516989	0.214225383759026	0.1861
M6PR	6.99518343054123	0.089971823670852	0.214317016301549	0.2081
GTF2F1	6.11022965662179	0.0902671227359296	0.214964335072676	0.2197
DNAJC6	4.29073000134411	0.0903341013512775	0.215067730082019	0.2238
FAM161A	4.189064601075	0.0903665823440665	0.215088960531066	0.2169
LOC100505549	-0.747107679727655	0.0905896655110243	0.215535635809887	1.1526
DBF4B	4.67596434064335	0.0906703157341243	0.215671307367058	0.2169
ARHGEF1	5.90036572153713	0.0907269424024141	0.215728522049237	0.1774
LOC102724404	-1.90043898218743	0.0908382654288207	0.215902014538283	2.0986
CNTNAP1	0.786630256150422	0.0908873119502314	0.215990466930933	0.6126
SAMD4A	4.41390178787768	0.0910203833480421	0.216278552440695	0.228
UBE2R2	6.30093557564768	0.0911233583930472	0.216466887550224	0.1585
ABCB10	4.82647260319296	0.0911668662913159	0.216542064925093	0.2515
ANAPC7	6.11789020246187	0.091205133766748	0.216571045023663	0.1593
CNOT4	5.35735751051648	0.0912146562876282	0.216571045023663	0.2266
SLC25A28	3.52129278118937	0.0914541513804034	0.217083212534215	0.2427
PSMC6	7.08913098320662	0.0914848863673306	0.217127936235308	0.173
HNRNPA1	10.4903528300155	0.0916171835736945	0.217367225268512	0.1864
CCM2L	-1.21181017209163	0.0917053927885541	0.217492372877066	1.1901
MYADM	7.64872654019365	0.0917099192817515	0.217492372877066	0.1639
LOC284080	0.804041482302247	0.0917917118323896	0.217650112124086	0.6089
DMXL2	5.46110789706755	0.0918468072440561	0.217707836516409	0.1704
UBE2Q2P1	-0.982084684932376	0.0918678944023439	0.217725597846188	1.1144
ZKSCAN3	2.64758408262939	0.0918947867025253	0.217754174160276	0.33
TOMM6	6.74927501109563	0.0919038076196828	0.217754174160276	0.1563
NGFRAP1	6.95082926143495	0.0919662375453857	0.217845547246472	0.2503
PA2G4P4	2.70557128087851	0.0921409527491349	0.2182027803072	0.3221
NUP188	7.42306881600452	0.0921922988638697	0.218296058113983	0.1493
ZNF239	3.39130301570595	0.0924023578777157	0.218679990331291	0.2659
PTBP1	8.84179312017389	0.0925116485805171	0.218871163380233	0.1568
TIMM9	4.81834618224614	0.0925428241749642	0.218898911393903	0.1918
ZNF615	2.94340597692367	0.0926081844783545	0.218996763709435	0.29
TSPYL1	6.73999055199641	0.0926512445613711	0.219070213795155	0.1566
SH3GL1P1	-1.21193819088436	0.0927112284606959	0.219183655371467	1.1892
ABI1	6.1962255427784	0.0927706795233318	0.219267416542976	0.1916
KIF1BP	6.12410722420854	0.0930464061704172	0.219830553950632	0.1643
PPP4R1-AS1	-0.783186235428621	0.0931293842263503	0.219925077070247	1.0597
SUGT1P1	-0.981957289574258	0.0931332587001578	0.219925077070247	1.1153
UACA	6.30901068740145	0.0931570661535113	0.219952845279165	0.1695
PSEN2	3.64149452908256	0.0934242788735817	0.220498207513395	0.245
CMSS1	6.71240892330419	0.0935744612911844	0.220824116511357	0.1655
LOC105376780	-0.784243730976265	0.0936216695872413	0.220906966522512	1.0691
DARS2	5.24917654670204	0.0937197501363317	0.221030843222651	0.1713
MIS18BP1	6.85126038080098	0.0937225984545652	0.221030843222651	0.1542
LOC389906	2.81776213122636	0.093793548491442	0.221105547862803	0.2929
SIPA1	4.77044952270304	0.0938221466788832	0.221122787215297	0.19
PRDM6	-1.8216285688355	0.0938548299298514	0.22117126309531	2.2188
OCRL	6.49558452670117	0.0941206770647166	0.221683277060181	0.1658
CRYM-AS1	0.563081301213334	0.0941476417623611	0.221718182148305	0.6222
FAM120A	8.41751009003007	0.0945490673440614	0.222491334549263	0.1692
PODXL2	4.50496399817244	0.0946024685411036	0.222559621866803	0.2067
DDA1	5.98237836061681	0.0947021176359207	0.222679270937837	0.1704
ATP11B	6.51906204026968	0.0948052549263142	0.222864374701879	0.1801
ZNF286B	1.52353399754617	0.0950386387586956	0.223282257632316	0.4552
PTRH2	5.13113410122744	0.0950441730971039	0.223282257632316	0.1739
SF3B2	8.14388732034241	0.0956571768905821	0.22460674229125	0.2129
SCD	9.5260417210311	0.0958038395961574	0.224922183084806	0.1513
TPM3	9.66868246667251	0.0959480542707909	0.225231796164017	0.1969
DEAF1	3.41779755998145	0.0960752889806795	0.225453120555686	0.2718
JARID2	6.36235783093978	0.0962548847449963	0.225748866380351	0.1696
ATMIN	6.05702968629082	0.0964153685204161	0.22601873739895	0.1576
CTTNBP2NL	4.93873197229146	0.096551455682359	0.226256958254447	0.1859
ABT1	5.48146126180104	0.0965706736809075	0.226256958254447	0.1773
RAVER2	4.93733277728031	0.0965978272972775	0.226291535370088	0.1753
PRKCA	5.55990165412751	0.0967969573566311	0.226670761095774	0.1637
MMS19	4.71842554188587	0.0968254074419954	0.226684231393216	0.2256
AP3S2	-0.608419941656221	0.0968992769893799	0.226823079974115	1.023
SAP30BP	5.7904674351297	0.0969574802954542	0.226895628428224	0.1894
ND3	12.9545121525919	0.0969675554884423	0.226895628428224	0.2835
DNAJC17	3.22336054803829	0.0970725554950036	0.227024796373921	0.266
MBNL1	7.85846800687057	0.0972889756612638	0.22742336919838	0.1612
PAFAH1B1	7.95222660032536	0.0972927538036452	0.22742336919838	0.1592
ABLIM1	6.6587586910887	0.0973954841054818	0.227634356398627	0.1612
MSH2	7.05029370684348	0.097448112077606	0.227728204568456	0.1541
CLP1	4.51305705158125	0.0974840947653779	0.227742124284499	0.215
ATM	5.45587804852254	0.0974937179926616	0.227742124284499	0.1677
OTUD7B	5.33173646540316	0.097503968197176	0.227742124284499	0.1833
PLCG1	5.34389268736667	0.0977312131097072	0.228214508382043	0.1686
ZNF880	4.1242112418073	0.0978510350037953	0.228406660916671	0.2198
RASGRP2	-1.21228217100899	0.0979428852090412	0.228591832316065	1.1966
MRPL13	6.12086542894544	0.0981195528370812	0.228945623286523	0.1721
CACTIN	3.67631872707037	0.0982320934055989	0.229178926161356	0.227
IARS	8.39465143652763	0.0982978641363444	0.229273771262694	0.1599
ZMYND15	-0.748829190467078	0.0984117651296252	0.229451492235816	0.9531
LBR	8.15904597336352	0.0984978864318656	0.22962296190782	0.179
KIAA0196	6.27725261620944	0.0987126434231178	0.230048958986098	0.1613
CHST9	-1.1150412132707	0.0987955729017008	0.230173723733803	1.3658
KIAA0430	0.847104097683641	0.0988835456370272	0.230336750772252	0.8538
MAPRE1	8.32176397704197	0.0988923889435207	0.230336750772252	0.1507
BRMS1	6.36465828950031	0.0991436752325368	0.230825817476578	0.1636
PKP4	6.48331748634513	0.0991529393433022	0.230825817476578	0.1575
KIF4A	7.12883545059148	0.0995378999684274	0.231633384553679	0.1467
ZNF202	3.79621087926173	0.099700850126292	0.231924577546529	0.2185
GOT2	7.52651457735644	0.099701143984726	0.231924577546529	0.155
ZNF248	4.45192042555628	0.0997485956534141	0.231986097772413	0.1966
TCHP	4.99385225134618	0.0997530054509992	0.231986097772413	0.2522
FBXO41	4.39540269358219	0.100001300741754	0.232474690734937	0.1909
METTL14	4.67996059128285	0.100261752482121	0.232931859673404	0.1957
CAAP1	4.4552353291121	0.1003880059027	0.233152770798761	0.2428
CMPK1	7.86407918914089	0.10054179445877	0.233390264067143	0.199
SMURF1	6.10392797248334	0.100963221059659	0.234203883566091	0.1629
SH3PXD2A	4.61129639464061	0.101118053812786	0.2344736682848	0.1903
SLC25A19	2.91428957674664	0.101172745860194	0.234540907736344	0.2906
FEZ2	5.32625005870236	0.101453568645878	0.235095398000783	0.1656
PPM1K	1.9096735265782	0.101463444393524	0.235095398000783	0.4494
KPNA1	7.10635482678315	0.101822421095645	0.23583736609009	0.1463
CA5B	2.99367059667601	0.101886993547712	0.235943418496528	0.2931
PDZD4	-0.164660764132509	0.101907475108742	0.235944561266354	0.7953
LOC105374091	0.486630870836953	0.10208801023207	0.236302613769071	0.6775
SNORD100	-0.64194039789106	0.102224854648225	0.236529397523193	0.9596
SNORD26	0.564051575535874	0.102283713183557	0.236635593445574	0.7817
FAM76B	4.25395606662211	0.102367181826483	0.23676869015891	0.2447
CIZ1	6.95508624229139	0.102421329500469	0.236837791627067	0.2248
MAP7D1	7.46794492162493	0.102423004212078	0.236837791627067	0.1854
INPP4A	5.88401436412311	0.102520200047304	0.237022982979903	0.1569
CAGE1	-0.981233621539323	0.102782912201816	0.237579747424204	1.1107
AARS	7.53981419375576	0.102846059280915	0.237679264673918	0.1472
HHIP-AS1	-1.54533946140622	0.102852004323179	0.237679264673918	1.6075
HPCAL1	5.97930491698113	0.102930919689017	0.237801426201303	0.1596
DST	8.3059816191048	0.102970275588389	0.237858083975412	0.1701
ZNF730	1.23177184630385	0.102981501738697	0.237858083975412	0.5452
NECAP1	4.91213639928087	0.103420934305385	0.238812620374287	0.1759
RPIA	4.49148591031354	0.10343838312088	0.238822704218388	0.1986
IPPK	4.32252517461459	0.103619278739146	0.239210110351778	0.1955
HMG20B	5.80691414888122	0.103762302065762	0.239419184341828	0.1594
MDM2	6.77503353294432	0.104007867535795	0.239834233893328	0.1467
CPSF7	6.45976802479184	0.104202481501439	0.240191982612407	0.1513
PTTG1	7.956576371096	0.104309597130979	0.240378187985756	0.1588
CENPO	4.85468034412468	0.104343440109234	0.24042582893275	0.1823
WDPCP	2.22114860520829	0.104608590806566	0.240859257072584	0.3712
LOC105379046	0.576117906077311	0.104611178778826	0.240859257072584	0.5938
NOS1AP	2.01990602365464	0.104623899462401	0.240859257072584	0.3798
ISM1-AS1	-1.67839666595002	0.104760904573146	0.241100422479411	1.3366
LOC100131496	-1.67839666595002	0.104760904573146	0.241100422479411	1.3366
SNORD97	-1.546460096465	0.10478148290708	0.241100422479411	1.6083
METAP1	6.19225182875173	0.104802479240287	0.241118344172739	0.1541
NOTCH1	5.57334398705784	0.104831407972457	0.241154509065672	0.1646
NIFK	5.73946911239966	0.105042677791484	0.241518781582033	0.1595
RAB3GAP2	6.13671135405676	0.105202747475116	0.241841697308148	0.184
YIPF4	4.90650340310464	0.105341597018425	0.242053643192998	0.1797
HELZ2	4.29662430474997	0.105413363567631	0.24215758969305	0.2332
CDK18	4.14173959975892	0.105452178569969	0.242216277299113	0.2322
ZNF430	3.27957494456001	0.105632236895959	0.242538311756085	0.2747
ADCY7	5.62912652927147	0.105774520864272	0.242832317330016	0.1948
HTR2B	-1.6782676552746	0.105786887583568	0.242832317330016	1.3381
PHRF1	-0.784040598898468	0.105826744441322	0.242893267100926	1.2392
MACROD2	2.30149497551388	0.105864747555269	0.24294994737511	0.3236
ZNF738	3.76309637143708	0.105939198585734	0.243090247534083	0.2186
LOC100129917	1.71843787067021	0.105999446972023	0.243197926846959	0.4027
RAB18	6.19922883065276	0.106104781946619	0.243366289935487	0.1882
LOC105370288	2.18664489546315	0.106315819896577	0.243770611408177	0.3947
AP3B1	6.7292217951059	0.106498399776087	0.24412792394679	0.152
TTC17	5.77218590689215	0.106993991118042	0.245171620666621	0.1695
EXOC8	4.71066034550735	0.107054650346977	0.245249052168957	0.1991
LAMC1	7.75885062184008	0.107211773603032	0.245553999566063	0.144
ZNF586	3.38985953491946	0.107255918726193	0.245556063740328	0.2475
FAM217B	5.04780311220857	0.107270156988457	0.245557866580725	0.1816
C7orf26	4.14918707339221	0.107381529486721	0.245743973398527	0.1976
THOC1	6.28653224663173	0.107391839382858	0.245743973398527	0.1725
ORMDL3	5.09552108599972	0.107442716936595	0.245829582703908	0.1898
LEO1	5.95807873673527	0.107595453026783	0.246148194292851	0.1817
ROBO3	-0.287873670208241	0.107867931025543	0.246655218667775	0.7723
USP6	0.528380281986498	0.107961323087387	0.24679963865306	0.6591
IKBIP	4.30668036800043	0.108062526754665	0.246938226115054	0.2291
AGAP2-AS1	-0.339635952594162	0.108144197358378	0.247093925779042	1.0171
EPB41	5.09836542097086	0.10829197353578	0.247392261597934	0.166
CLEC7A	1.45769124914695	0.108450021007309	0.247601478680419	0.4459
GMIP	2.67385427018782	0.108474837121275	0.247601478680419	0.29
MAGOHB	6.92379930082824	0.108503532492713	0.247636015650328	0.1653
TRIM56	5.67114706568169	0.108575645489442	0.247769623006907	0.1726
MCM9	4.15574165217486	0.108734879500331	0.248070977275437	0.2041
BRMS1L	4.15869538429962	0.108902600552196	0.248360509141897	0.207
KCNF1	0.456621438616434	0.108944729563172	0.248425553697884	0.6293
PRPS1	7.56062118072187	0.109239775757335	0.249036132146091	0.1447
CCT3	8.6164864797592	0.109544583274279	0.249668653215385	0.1474
SPARCL1	-1.36929072809099	0.109604833486452	0.249774789680273	1.1834
PCGF6	2.9019146259152	0.109702760567108	0.24993555433834	0.3139
BTBD8	0.375511936174121	0.109782800926508	0.250055497656187	0.704
KIF3B	6.85298416693896	0.109894501031127	0.25020507192215	0.1431
NAA35	6.05091958153004	0.109899152891069	0.25020507192215	0.1546
ORAOV1	4.89503024475574	0.109903290520581	0.25020507192215	0.1749
LRRC37A6P	-0.285521773091327	0.109955714263647	0.250293206932312	0.8805
CAMSAP1	4.88170276450594	0.110016994660102	0.250370263589482	0.1736
ZNF234	3.34930392536011	0.110333075143415	0.250964443037401	0.2542
TMEM30A	7.23587379396818	0.11037440159588	0.251008203914656	0.1769
L3HYPDH	5.77574313865458	0.110379812720577	0.251008203914656	0.1545
DOHH	3.32623751075002	0.110414244978999	0.251051286171293	0.2497
RABEPK	5.56629482857319	0.110710981629057	0.251667249485751	0.158
PSG9	-1.11576048753013	0.110790839315375	0.251817425615225	1.1043
RNF121	4.32240256497476	0.110847280671706	0.251914347808124	0.1916
WIZ	5.32118670870769	0.110951502878685	0.252119820332744	0.1746
BCAS2	5.9557858427372	0.111184408131698	0.252617617280931	0.1661
STRN3	4.63329929941812	0.111298635755457	0.252845681228425	0.2568
ZNF124	2.56232784300779	0.111330053768136	0.252885586859661	0.2961
GCHFR	-0.483347951377377	0.111352192787527	0.252904408003122	0.9466
RBMX2	6.00062213530464	0.111602913518799	0.253347772842477	0.1579
TYMS	5.47662612686653	0.111677484917013	0.253456510260682	0.1865
MRPL4	6.36267659305131	0.111678580660436	0.253456510260682	0.1781
CDKN2AIP	3.76143562058178	0.111814180058837	0.253732712387089	0.2193
SUDS3	6.59016145932174	0.11202077210487	0.254138339200511	0.1495
EPG5	4.56915010334627	0.112247415595857	0.254557617281734	0.2149
GALNT1	7.09401530644546	0.112485953068024	0.255003546406289	0.1477
GABPB2	2.31897338490574	0.112511649097489	0.255009770341958	0.3428
PSMD14	7.21764353913287	0.11256775183211	0.255093952016757	0.1413
PAXIP1-AS2	1.08041300605854	0.11278489187076	0.255427488648132	0.5209
SPAG1	4.54718668771986	0.112973178755837	0.255761330678703	0.2354
LOC105370945	-1.67813863356202	0.112973308514631	0.255761330678703	1.3423
CEL	-0.23593834832172	0.112974330115746	0.255761330678703	0.8616
MTRF1	3.36571250389879	0.113136945449293	0.256097715576229	0.2421
AARD	-1.42560061082575	0.113531732701213	0.256889583108741	1.4304
GLRX5	5.35616422397887	0.113784030077237	0.25733910469401	0.1737
TMEM45A	4.52767835076006	0.11391851494894	0.257579441281627	0.1856
PLEKHB2	6.33522275729495	0.114019034896774	0.257742880271855	0.1573
AAED1	3.41353357174209	0.114165744703574	0.257986311302506	0.2347
HNRNPA3P1	-1.36976485491006	0.114183602964133	0.257986892668885	1.1892
FAM168A	6.14128705261397	0.114318343968978	0.258163741649883	0.1516
VGLL1	7.09993733366484	0.114372197928479	0.258253413157986	0.1453
PDE11A	1.07110198520513	0.114521730998523	0.258555209390432	0.5124
INO80	5.362110816124	0.114588404797919	0.258606258374739	0.2027
ZBTB44	6.10447118896426	0.114743085031709	0.258898746797537	0.1514
ZNF503	1.36971062119496	0.114773221199749	0.258934741253412	0.4717
RNF14	5.04316878960875	0.114846749680363	0.259050921420196	0.1633
SAFB2	5.94057132889038	0.11485309804859	0.259050921420196	0.2388
CCAR2	6.16159451389843	0.115116135032355	0.259580059430666	0.1509
NR2C1	4.55122360918141	0.115169988991862	0.25966942312405	0.1909
TULP4	4.32243327181437	0.115201152076712	0.259707610806675	0.184
WDR55	5.09533637121651	0.115419563324815	0.260071531480847	0.1661
XRN2	7.52310284963067	0.115656592129635	0.260477022689194	0.1417
PPP4R1	7.5999120194142	0.115767113881076	0.260689072269883	0.1505
CEP55	6.87086132786736	0.115847797838484	0.260754150439356	0.171
EDC3	5.03869434501403	0.116287633295743	0.261575533938774	0.1636
RCN1	8.75144747953898	0.116483549884773	0.261951673650703	0.1543
SEMA3D	2.68465884270405	0.116575867721526	0.262126991147207	0.3179
PTPRK	1.35783501774892	0.116923681660659	0.262627718622075	0.9342
ACIN1	7.76605859094337	0.116928028974596	0.262627718622075	0.1713
TLR4	0.37427905997597	0.117121535605398	0.263029985731597	0.7125
MIER3	4.73846683299237	0.117318006409546	0.263374019308003	0.1974
TGFB1	5.74749100528927	0.117356181261567	0.263427326338518	0.193
LONP1	6.20243999089791	0.117387086679781	0.263457097095791	0.1572
SNORA4	-0.642655817810059	0.117414787464013	0.263461696158188	0.9645
GALNT2	7.79792991703148	0.117497020896307	0.263549037164636	0.1385
AIP	5.67617175639184	0.117624625523271	0.26377044141418	0.1559
CGNL1	0.789673796097254	0.118439547789061	0.265434861826307	0.584
VPS13B	5.35609462498027	0.118704211504532	0.265995346167515	0.1969
RNF125	-0.514074042585199	0.118863657828793	0.266287266820768	0.8864
DDX5	9.05079206813536	0.118950442423681	0.266448991029045	0.142
RNF38	4.36507377468362	0.119112075328112	0.266778315199363	0.2172
STIM2	4.89239629220456	0.119142606763618	0.266813963331282	0.1741
TNS1	2.62690543902012	0.119168401188075	0.266821208919839	0.2898
RBM8A	7.07343962268754	0.119187241347569	0.266821208919839	0.14
SETDB2	3.35322779031316	0.11930255698577	0.266925957404049	0.2698
MTHFD1	7.92309940130529	0.119355699140552	0.26699640283175	0.1421
APOBEC3D	2.89745874287407	0.119664457150144	0.26758872240728	0.2708
SF1	7.96344477719761	0.119767060108153	0.267782642079936	0.1541
ARF6	7.47832199096696	0.119804172143766	0.267802738662494	0.1402
SLC20A2	5.16585925617647	0.120054671055543	0.26823131499082	0.1744
SH3GL1	5.89749661586381	0.120101086724932	0.268252741875454	0.1658
TNFRSF9	-0.90110293765303	0.120111131112852	0.268252741875454	1.0613
CDC40	4.90373829000569	0.120123037074487	0.268252741875454	0.1681
GNB3	1.15289401207163	0.120849348025691	0.269707968912877	0.4843
ORC4	5.65348380940917	0.12124363004671	0.270358337624617	0.1539
GSTCD	4.34769359771288	0.12128545776495	0.270418578035776	0.2462
TMEM192	5.1137777634254	0.121339210818267	0.270505389265879	0.1669
ZCCHC8	5.07092527251192	0.121402062104498	0.270579422021697	0.1786
CHST14	4.82161021934092	0.121573173432898	0.270861588258603	0.1757
BRAP	4.73170234298405	0.121711100203935	0.271102714168258	0.2067
ZNF605	4.35385803161163	0.121835027674851	0.271345646606328	0.1917
LAMB1	8.33348806834561	0.121865183831513	0.271379701881935	0.1444
ZNF284	1.48151169420883	0.122185996673394	0.271861981141923	0.4607
AMOTL2	6.85833920479082	0.122235512136455	0.271939009208277	0.1478
MAPKAP1	7.26768172266583	0.122449095427289	0.272254272109953	0.1441
SEMA3E	1.07379892463108	0.122461658056595	0.272254272109953	0.5272
FBXW7	4.61151045689464	0.122466700403535	0.272254272109953	0.2058
SEZ6L2	5.10515151289238	0.122520554680581	0.272340831151672	0.1644
ACOXL	2.44270850061879	0.122613632708622	0.272481372943226	0.3251
C8orf4	1.88839982694598	0.12279674416665	0.27275548868553	0.4482
SLC10A7	3.54560007965687	0.123055587559903	0.273197471299233	0.259
LUZP1	6.00601641634454	0.12321000430268	0.273414504321627	0.1529
YTHDF1	6.13571753985016	0.123213251920137	0.273414504321627	0.1486
P3H1	4.3986706004673	0.123443923516225	0.273843738176557	0.1811
TPT1	10.4568233557876	0.123519832762992	0.273961616683414	0.1481
METTL2A	4.57497649092573	0.123569181685117	0.274004491782279	0.1938
KIAA1715	6.35972313598164	0.123694763040779	0.274216344149662	0.1469
PPP3R1	6.49082107665148	0.123875177155641	0.274468634153847	0.1432
HMBOX1	5.00354879276858	0.123990512697975	0.274571906818806	0.1941
SNORD57	-1.90082724033355	0.124058432995636	0.274655681878283	2.0846
AMBRA1	4.69227615493647	0.124138226919625	0.274765697216861	0.1864
LRIG2	3.21753958309047	0.124175552674995	0.274814994500509	0.2478
NHS	4.58189399742357	0.124212834417969	0.274834572078398	0.2084
CRSP8P	0.575212894521914	0.124373011504006	0.275151926565333	0.5945
SP140L	4.18406842484295	0.124433472611264	0.275252329576061	0.234
SMCR5	-1.82271158964669	0.124545989052948	0.275467843003468	1.6071
BNIP1	3.7885441833293	0.124567509011773	0.27548206475093	0.2054
DAP3	6.77124950290615	0.124651090219841	0.275614267786982	0.1401
DDB1	8.47438683778392	0.124952824529064	0.276166920654067	0.1474
PRMT1	7.7137653315134	0.125156643933707	0.276483505766428	0.1436
TAB2	6.40819667411611	0.125244168082344	0.276620805934998	0.1419
PDPR	6.73134873486446	0.125249100671489	0.276620805934998	0.143
CBWD6	1.49990338592857	0.125282363624533	0.276660799604389	0.5899
CXCL1	-1.74937719725645	0.125316578672547	0.276702885854623	1.7382
PPP1R15A	5.16471156491056	0.125431317743831	0.276879732394767	0.2405
ESD	6.46780583404405	0.125444728014717	0.276879732394767	0.1789
PMPCA	6.32592670929819	0.125457337114895	0.276879732394767	0.1459
P3H4	4.79014460444484	0.125893295278711	0.277741147868055	0.1711
ETV7	-1.36963646441887	0.126263297452098	0.27842284796298	1.1935
EXOSC1	4.19033723767271	0.126558794430518	0.278939677788667	0.1849
FCHSD1	3.31233414516561	0.126653875645374	0.279110318581868	0.2355
PHF1	0.397396922251165	0.126666793900678	0.279110318581868	0.9944
RPEL1	-1.48559050819519	0.126808358361897	0.279321644454743	1.3037
NEURL3	-1.16245153974219	0.12705045838163	0.279786871919788	1.2766
SLC18A2	1.76362725351926	0.127175158795904	0.279960171105513	0.4456
TM9SF4	6.71747136384371	0.127253051681914	0.28003034130967	0.1384
ABCA5	1.40186569152922	0.127273361005543	0.280036597898332	0.4347
NUCB2	4.81641236125317	0.127589362433836	0.280553142871596	0.1756
NUP133	5.97337441634026	0.127592211105861	0.280553142871596	0.1725
PDE4A	2.93813358665007	0.127597162910445	0.280553142871596	0.2748
CPO	-0.426777496092757	0.127598200332102	0.280553142871596	0.7786
PLD6	3.12635195683869	0.127706331640509	0.280757079772295	0.2437
CHD1L	5.71846867875321	0.128148426673041	0.281593365111102	0.1479
EGFR-AS1	0.303216539882167	0.128467076393046	0.282123775608259	0.7792
ZNF195	3.95233088691486	0.128498998947991	0.282126649193801	0.2268
ITGA11	-0.578197094507074	0.128524486864765	0.282128447948551	0.9266
AGPAT9	5.64385090653301	0.128531020025641	0.282128447948551	0.1678
CKAP4	7.24595252948804	0.128586947292373	0.282183352538714	0.1393
CTTN	8.49009660261228	0.128629683553515	0.28224320948954	0.1445
FAM86C1	3.67127454649192	0.128922505538935	0.282783763200624	0.2327
ACSS1	3.65585079380312	0.128991848755144	0.282867890795666	0.2105
TNPO2	6.0916973519556	0.129108811117549	0.283056377538367	0.1461
B4GALNT1	3.83658455809404	0.129406692550406	0.283641322991981	0.1981
DCTN1	7.35104761419917	0.129913712856934	0.284642611928024	0.1692
FBXO10	2.3807522342822	0.129936011335819	0.284642611928024	0.3399
ZCCHC11	6.10067393935547	0.129957064549742	0.284642611928024	0.1432
AIM1	6.9836382973117	0.130176319394127	0.285054442468416	0.146
POLR2D	6.00319825243167	0.130346617426116	0.285358897677321	0.1679
LOC101927604	-1.90034756714024	0.130420301551938	0.285485974236473	2.074
DIS3L	5.29155911259942	0.130851667398434	0.286327225221841	0.1545
ZNF300	3.82199992501188	0.130895007830663	0.286387735253666	0.2037
PPM1J	0.989967688627433	0.131053836902878	0.286647669316544	0.5452
CHD6	5.88859532773325	0.131060916727936	0.286647669316544	0.1534
ACSF3	3.76163362791262	0.131194345301092	0.286836403331345	0.2306
GIT2	4.94059993831891	0.131267569316879	0.286962129738827	0.164
CFDP1	5.97134992628912	0.131309185049037	0.286984374746225	0.2215
SYNE2	7.4073410329749	0.131410153876305	0.287123419252143	0.1498
EIF3M	7.27781309955169	0.13147008927523	0.28716414809866	0.1586
MIPOL1	3.04730199052112	0.131638328759367	0.28746752339088	0.2419
FANCE	2.67498952480418	0.131876509975324	0.287944246138204	0.2844
SNORD2	0.713056645482782	0.131892528549994	0.287944246138204	0.6398
AHCY	7.81349599235055	0.13190609829392	0.287944246138204	0.1349
ERCC8	3.71378817420503	0.131961870289429	0.288031552367744	0.2464
DOCK7	5.82782137836721	0.132032886756127	0.288117664429818	0.1541
ADCY10	-1.21339362792276	0.132117569758998	0.288233550850892	1.2077
PPP6C	6.62766977751382	0.132208988872238	0.288364074175815	0.1379
KIF4B	0.698199353698655	0.132742134529913	0.289265994710976	0.7003
ZDHHC6	5.28680531443717	0.132888357413797	0.289265994710976	0.1527
SNAI1	1.36609117971356	0.132931839591495	0.289265994710976	0.4158
PRPS2	6.72677634592408	0.133040301246669	0.289265994710976	0.1469
C17orf51	4.61279317238367	0.13311988748989	0.289265994710976	0.1723
PUS1	5.22787148396755	0.13323847016856	0.289265994710976	0.1519
BLID	-2.48541352482835	0.133351370042045	0.289265994710976	4.1981
DLL4	-2.48541352482835	0.133351370042045	0.289265994710976	4.1981
TMEM74B	-2.48554376347847	0.133351370042045	0.289265994710976	4.1958
SMAD5-AS1	-2.48554376347847	0.133351370042045	0.289265994710976	4.1958
ITFG1-AS1	-2.48567399066627	0.133351370042045	0.289265994710976	4.1935
DPF1	1.26362187813644	0.133615264505282	0.289700744514065	0.4229
BTN2A3P	1.53616236751668	0.133945052245311	0.290312344033051	0.4046
LINC01356	2.0234013597864	0.134059749034076	0.290526445674987	0.3436
GTF3A	7.15045803584459	0.134131241424141	0.29064687755954	0.1455
ZNF706	6.27965896439673	0.134383949072323	0.291021752581771	0.1469
LINC00622	-1.61056858732626	0.134475908045967	0.291139589710287	1.4792
SNORA68	-1.61056858732626	0.134475908045967	0.291139589710287	1.4792
PIK3CA	6.25356034463193	0.134486205084731	0.291139589710287	0.1665
DDX23	6.93630594174355	0.134544574222188	0.291176739456925	0.1648
ZNF43	2.85923689536552	0.134659736826427	0.291296532637952	0.3389
STK10	4.65001474594795	0.134668248124161	0.291296532637952	0.1885
SLC27A3	-2.16367418823174	0.134718263861866	0.291296532637952	2.5195
MIR616	-2.16367418823174	0.134718263861866	0.291296532637952	2.5195
LKAAEAR1	-2.16367418823174	0.134718263861866	0.291296532637952	2.5195
TFEC	-2.16367418823174	0.134718263861866	0.291296532637952	2.5195
LOC105378192	-2.16306240761063	0.134879921043856	0.291507971892581	2.5127
SYNJ2BP-COX16	-2.16306240761063	0.134879921043856	0.291507971892581	2.5127
HIST1H2AL	-2.16306240761063	0.134879921043856	0.291507971892581	2.5127
KNSTRN	6.76196184337829	0.135033183046913	0.291735596414728	0.1368
ZNF154	0.81546799580701	0.135209012802945	0.292046348524677	0.6178
LOC101929479	1.02983968987372	0.135228955812869	0.292054870143113	0.6696
NBEAL1	5.14698503486165	0.135262088413791	0.292091872022967	0.1569
MTA1	5.56888130472662	0.135423659971067	0.292348343962933	0.1672
MIATNB	-0.00232111456403702	0.135428897069157	0.292348343962933	0.7424
CCDC92	1.10418620494892	0.13552727860903	0.29242901186997	0.8477
KIF3C	5.69289339043129	0.135530339035485	0.29242901186997	0.1783
NR3C1	6.63103915778813	0.135610029217984	0.292539362190138	0.1494
OTULIN	6.51082622041204	0.13561353101529	0.292539362190138	0.1459
NPIPA7	-1.02645125618478	0.135743818274751	0.292674735955586	1.039
SCAMP4	5.0103090213102	0.135862969661934	0.292766097042996	0.1729
ANKRD18B	2.85164974447628	0.135955273201686	0.292895281706772	0.2568
BEX4	-0.0693678734929537	0.136046950729649	0.292955075786798	0.7296
PBX3	4.05550475471381	0.136154575270013	0.293083118279609	0.1866
SCUBE3	0.52987368547931	0.136259513118341	0.293239852821929	0.5771
SDR42E1	3.57318525030835	0.136494280279221	0.293641242137339	0.2458
TMEM138	5.01430540014666	0.136574303759481	0.293777306066026	0.173
LOC101928191	-2.16380400465065	0.136616694265904	0.293777306066026	2.5183
TMEM14C	7.1569530938445	0.13662189573294	0.293777306066026	0.1553
PLEKHG3	5.38092034660111	0.136721613485671	0.293922488906549	0.1514
MARVELD1	5.43188220054364	0.136889147918886	0.293971095683706	0.1906
FH	7.07362440519072	0.137149911588633	0.29446181182666	0.1343
PSMD13	7.09645244298569	0.137304271441821	0.294758558259863	0.1586
INTS7	5.31950271290778	0.137334508917278	0.294788805972231	0.158
PRCD	-0.367160333865335	0.137583369170542	0.295114791161722	0.871
POLR2J4	3.40251926315585	0.137870784071782	0.295592370406864	0.2184
LOC100506023	0.500926433887344	0.138102096597759	0.296053531644985	0.5886
LOC100288842	1.54210673341706	0.138120988283799	0.29605926524704	0.4228
KIAA1468	4.69018046386299	0.138261709799055	0.296256546254876	0.1669
PRDX6	8.38082369801448	0.138367099377025	0.296447572612014	0.131
ZNF468	4.89502629630437	0.13860081587516	0.296860425986221	0.1562
MAP2K4	6.2493571934177	0.138643500795799	0.296865558354222	0.1402
RAB19	1.26215506777105	0.139187813743541	0.297875077923551	0.4325
BCL2L13	5.57202567469144	0.139212870554543	0.297875077923551	0.1576
SLCO1A2	-0.210531659541692	0.13936464520158	0.298129946426067	0.7884
STK3	5.95808214729714	0.13943471255715	0.298244887222418	0.1428
PDE12	5.47038941190502	0.139511226811862	0.298373589114029	0.1674
OTUD3	4.55651361287284	0.1399122528204	0.299161172111645	0.1735
DLEU1	5.55897666836916	0.13998523813439	0.299279794162591	0.1452
FAM171A2	2.46573664471976	0.140000517207961	0.299279794162591	0.2807
HIBCH	4.25922339686707	0.140260046647244	0.299729300198067	0.1918
PHF11	3.75365934802445	0.140383897995771	0.29993334660573	0.2292
SPCS3	7.78591563130697	0.140420864273823	0.29993334660573	0.1609
METTL7B	-1.6099625768968	0.140421248545091	0.29993334660573	1.4714
SCLY	-1.6099625768968	0.140421248545091	0.29993334660573	1.4714
ZNF548	3.74753382375275	0.140599588314672	0.30027913947972	0.2097
NEK5	-1.54718842613713	0.140631419636603	0.300311989342125	1.1877
CSNK2A3	4.16865689005281	0.140751062984367	0.300532328168725	0.1945
FCHO2	4.59879683406364	0.14094358241622	0.300598888087381	0.2111
ANKFY1	6.7786189152668	0.140963358945884	0.300598888087381	0.1385
CAPN14	-1.02500298618396	0.140984338971043	0.300601056887297	1.031
FOXN3	2.22738013228588	0.141044531699275	0.300666624322975	0.3185
BCL9	5.2281666435314	0.141239204597673	0.301046458743155	0.1646
IL18R1	2.17928376738483	0.141266587923178	0.301069674191634	0.3778
MRPL47	6.89902350563433	0.141295631797359	0.301096422795913	0.1405
CEP164	4.54904339817122	0.141343567789921	0.301163418951074	0.172
CXorf40B	4.37458807998299	0.141383854829612	0.301214103602451	0.1921
TDRD7	4.26737035691783	0.141500961169885	0.301428418566793	0.1829
SKP2	7.37138712344801	0.14152754817087	0.301449879758185	0.1354
PCNXL3	6.06806515321998	0.14181791895368	0.301892249115949	0.1509
ZNF776	4.13483776636484	0.14187590798749	0.301980479913678	0.1837
MCM4	7.50438362572391	0.141992602841408	0.302123188516637	0.1385
NPL	1.11451108980008	0.142100788892871	0.302282917971132	0.4831
CREBZF	6.52854736216042	0.142194841746817	0.302447749147138	0.1509
TUG1	7.63884968717385	0.142626132649051	0.30318848132756	0.1291
NR1I3	-1.54696986937991	0.14269743861992	0.303269434161265	1.1759
ZNF641	2.0763478966729	0.142892951485094	0.303587796641643	0.4251
FMNL1	3.82225563787722	0.143076470954711	0.303894864952953	0.2486
RBM4	5.25258787644919	0.143465443249994	0.304547108368824	0.1767
DDX17	9.30415996153722	0.143546990717409	0.304599092272891	0.1391
C9orf78	6.37017166226515	0.143590040978336	0.304599092272891	0.1955
HMHA1	4.19838649851112	0.14384371270648	0.304924619039655	0.1789
FAH	5.18765075261847	0.143950468984506	0.305044661843428	0.1552
MKL2	6.36324035398512	0.144585617970689	0.306230604050196	0.1356
CPE	0.57437746830523	0.144752095596107	0.306494346694795	0.5439
ALG2	5.21075924727582	0.144814598517289	0.306591129598936	0.163
MGAT5	5.85165117790834	0.144938804833055	0.306754608491387	0.1416
DNAJC8	6.98346189442008	0.144942224630078	0.306754608491387	0.1524
LMNB1	8.15720696659082	0.145006108492445	0.306837081580578	0.1294
ZNF561	4.11624161806961	0.145092197382637	0.306929681971891	0.1825
UBE4A	6.09753970092609	0.145317921335627	0.307335955966543	0.1434
SMS	8.79906030563561	0.14542558167527	0.307528022595126	0.1428
ZNF570	1.50057615818126	0.145590217923997	0.30780486605912	0.4115
LYN	6.10100890773307	0.145758775610105	0.308109712945161	0.1494
PARGP1	2.29000456151973	0.145816752170671	0.308176733923104	0.3122
ACADM	5.63837304275945	0.146102599296052	0.308566526231922	0.1752
PRKAA2	3.80531156666338	0.146120792150112	0.308569251763152	0.2625
MRPS31P5	1.9792731634625	0.14617606901972	0.308629228907715	0.3503
MAP6D1	0.986454101988702	0.146315300493505	0.308872817508028	0.4819
C10orf76	4.00029409348934	0.146464290906307	0.309151589176269	0.1937
SKIL	7.25728352812604	0.14673187654706	0.309609008118716	0.1501
NUPR1	1.01624137949245	0.146798117525161	0.309677193614436	0.5425
C3orf17	5.89652907897277	0.146819698364393	0.30968693395036	0.1401
OMG	-2.16332213518966	0.146871399728853	0.309760197949392	2.502
TRIP4	4.06333375587387	0.147303368451958	0.31055529722352	0.1904
NAA30	5.11635722843407	0.147321804083581	0.31055529722352	0.1972
LIMS2	-1.26292647367786	0.147376131888115	0.310609404727479	1.0809
GLRX2	4.30825105820827	0.147409271420385	0.310643386707901	0.1797
IFNGR1	4.71575362734291	0.147856559497274	0.311514062340707	0.1613
PSME4	7.44345091715525	0.147895357478017	0.311559848386648	0.1296
LMO7-AS1	-0.453701848838584	0.147971647227663	0.311684595798802	0.8349
NRF1	4.33811173201449	0.148019767573763	0.311693319011607	0.1721
FBXO21	5.40937155670689	0.148031854189779	0.311693319011607	0.1538
ZNF204P	3.68970562049752	0.14804617605674	0.311693319011607	0.201
GGNBP2	-0.454985137346867	0.148086324929952	0.311710359497429	0.7104
ELAVL1	6.71296778623645	0.148119929644911	0.311715485637298	0.1317
LOC100128108	-0.677547830038149	0.148122909613473	0.311715485637298	0.9006
KLRB1	-0.940193464694669	0.148166770958601	0.311764238241286	0.9629
FXYD1	-1.54757458603085	0.148180230895028	0.311764238241286	1.1845
EXOSC9	5.56006373168823	0.148203544597661	0.311777357706257	0.1832
ESCO1	4.39853072772808	0.148327353053026	0.312001861658721	0.1693
TRNV	0.237106536195593	0.148363194131145	0.312005353307013	0.6443
SYNC	-0.484468399294236	0.148423243557209	0.312069284333276	0.7943
KAT7	5.37902851065688	0.148577702062757	0.312312553696914	0.1672
TRMT44	2.90243896041529	0.148598875984374	0.312321100618321	0.2464
ZNF839	3.36964755769178	0.14920435644937	0.313269089285763	0.2297
KBTBD2	6.39622846604357	0.149235656174999	0.313298774049078	0.1359
USP2-AS1	1.51120445987947	0.149359200623368	0.313522084233668	0.4421
PTPDC1	3.34936970416826	0.149447156739543	0.313670647670396	0.2324
ELP4	4.70723952390513	0.149806824731362	0.314281014973079	0.1594
INTS2	5.02913188373014	0.149993696337755	0.314636897660813	0.1681
THAP11	4.17595129796436	0.150134635972229	0.314860185446183	0.2074
ARMC12	-2.16341452143764	0.150372675381641	0.315286960120276	2.5312
HSPE1-MOB4	-2.16280263472342	0.150788577293612	0.3158192207488	2.514
LOC101928208	-2.16280263472342	0.150788577293612	0.3158192207488	2.514
MEIS3P1	4.13187827807544	0.150799526033484	0.3158192207488	0.1946
CSNK2A1	7.79758304411718	0.150972701522826	0.316109374813707	0.1304
NBAS	4.73051508322595	0.151059437706008	0.316182193850136	0.1757
CEP170B	5.07476913467217	0.151081119581907	0.316191323981117	0.1512
FAM114A2	4.11101362224087	0.151148392886283	0.316295857465839	0.182
ARHGAP5	6.09947275226358	0.151290119541299	0.316483605173136	0.1524
TRPM3	-1.26352709539732	0.151317961985137	0.316505581347464	1.0886
ZFP28	2.26314191619773	0.151373450654691	0.316575342912574	0.2945
ZBED9	-0.283997599618344	0.151916458882602	0.317526667020432	0.9643
ST13	8.45683901539512	0.15192793717655	0.317526667020432	0.1389
PRMT5	5.62512810848008	0.151928009188025	0.317526667020432	0.1473
AIFM1	6.90757268024225	0.151945276242906	0.317526667020432	0.1296
BTN2A1	4.41335288126858	0.152235053932766	0.318059412290751	0.201
DIAPH1	8.08821586724552	0.152345388116691	0.31825350789087	0.1298
SKA3	5.44903561209011	0.15238367278508	0.318297062970757	0.1557
NONO	9.42844457116365	0.152588314203272	0.318644071869451	0.1338
MLX	4.57140748859194	0.152795699292248	0.318829384647306	0.1598
MREG	5.43786592944519	0.152842603084085	0.318890807074635	0.1457
LOC100190986	-1.1627005723673	0.152929236522512	0.318969211868474	1.0019
SNX27	5.227378346188	0.153026860355344	0.319092902643879	0.1678
TPD52	7.11118874037205	0.153095666734837	0.319199919131017	0.1406
ATP6V0A2	4.3394821108068	0.153156486742182	0.319290261729504	0.175
CNOT2	6.07587030012727	0.153240417480527	0.319428757881309	0.1363
C12orf60	3.3685024423903	0.153287926579427	0.319491310381781	0.2158
CLTCL1	1.8872102223139	0.153831641876197	0.320514774491196	0.3387
DAB2	3.37906753679498	0.154153199781617	0.321038194753957	0.2189
LINC00294	2.33386435913331	0.154344169252779	0.321370402003925	0.328
TP53RK	4.43616538714602	0.154347923135978	0.321370402003925	0.1681
ZFAND2A	4.59520066244445	0.15471904904885	0.322032944867839	0.1611
SYNE1	3.38547073207528	0.15478440892308	0.322132258242105	0.2088
CMTM4	6.7952488121405	0.15499475989502	0.322533265318989	0.1504
SLC13A4	1.06300405126339	0.155238020245284	0.322965845880104	0.478
SLC6A16	-1.54705968428879	0.155458124283795	0.323276400150924	1.1957
MMP14	4.38465324273722	0.155767495500697	0.323735359501449	0.1674
COPS8	6.36557384411364	0.156081545348658	0.324351131688685	0.138
ADAMTS1	0.062976996298869	0.156107956266023	0.32436909282865	0.7731
DCDC2	3.37608405932125	0.156651055963594	0.325320058122527	0.218
RTFDC1	6.96097266185471	0.156654723430934	0.325320058122527	0.1269
LETM1	6.06101193197513	0.157081882768834	0.32605876655234	0.1512
FOXRED2	5.89230661479059	0.157106136721644	0.326072036379073	0.1497
ANKS1A	5.42349907936081	0.1573825909091	0.326534444781967	0.151
FAM200B	5.31099198207984	0.157474384496887	0.326618344291895	0.1445
FAM193A	4.80187420517617	0.157476701712164	0.326618344291895	0.1617
LOC100505715	-1.16389879429101	0.157611494825454	0.326763120129217	1.0109
ERP44	6.42021810751853	0.157628689011533	0.326763120129217	0.1339
PIN4P1	-1.26361533944888	0.157635999067595	0.326763120129217	1.1068
HOMEZ	3.32072680582935	0.157706914573339	0.32687300550078	0.272
DNAJC14	5.47032769752366	0.158098182414515	0.32757240019968	0.1422
SYT14	1.0954895858714	0.158141476434367	0.327624919857672	0.4826
C5orf24	5.46079207982123	0.158673094970172	0.328428120382705	0.2144
TRMT1	5.4885165309874	0.158721058911193	0.328455880621151	0.1637
RRP7BP	2.38910039871982	0.158950297866699	0.328778227719743	0.3083
SLBP	6.58711394049455	0.158973445642545	0.328788855064043	0.1505
SMIM8	2.81780083755837	0.159072602402306	0.328919405307113	0.2525
BCAS4	1.92544608319358	0.159164645013665	0.329035189601344	0.3279
RNF216P1	3.65147635440558	0.15925654857567	0.329113374552572	0.193
BTBD11	4.46154095866935	0.159462368285612	0.329464123519934	0.1623
EPRS	8.38334558157586	0.159576302973347	0.329662214222182	0.1248
DDX59	5.1310994457567	0.159691920633873	0.329789106684613	0.1459
ZNF416	2.16300636546917	0.159775594915746	0.329849932023344	0.3303
ADIPOR2	7.51190991786565	0.159851661117276	0.329932382742453	0.1253
FBXW11	6.38450300121243	0.159945999165322	0.330052465328599	0.1304
SENP5	5.63067718074181	0.160102519217297	0.33026345659107	0.1514
USP24	7.17900270891375	0.160145835224173	0.330315486143092	0.1274
DNAJB9	4.04894656979771	0.16017775559318	0.330344002045763	0.2254
TEX14	-1.21108188464265	0.16068236406612	0.331260572544283	1.1859
WDR76	5.98039362081095	0.160688171108722	0.331260572544283	0.1364
ZNF780B	3.87471235527199	0.160694765033532	0.331260572544283	0.1804
MIR548AR	-1.42658384655486	0.160864371904408	0.331572764309232	1.0651
GSE1	6.14781180359348	0.161103614609876	0.332028402384048	0.1333
NRIP1	6.27138039548708	0.161144291240084	0.332041943893492	0.1446
ETV3	4.73752376063811	0.161146561289238	0.332041943893492	0.1535
CCSAP	4.42961863025549	0.161331457812141	0.332347900453448	0.1638
TMEM168	4.90008884231764	0.161357329598574	0.332363692784786	0.1708
NUMBL	4.56060101107962	0.161463227142517	0.332544299945147	0.1627
LRRC63	-1.48460034628945	0.161841444140136	0.333248071759792	1.3081
PMS2P3	3.0460221361287	0.162613346296708	0.334366730416324	0.2298
RPP30	5.53621407405564	0.162624122425879	0.334366730416324	0.1392
ARHGEF12	7.33457222781038	0.162653898147902	0.334366730416324	0.1315
MAPKBP1	3.66222345690394	0.16265945074646	0.334366730416324	0.2205
AKIP1	3.72338913254558	0.16269980990958	0.33441203892246	0.202
PI4KA	4.79816944366474	0.162979383760583	0.334891235070632	0.1794
ZNF271P	4.55457979130329	0.16298798332617	0.334891235070632	0.164
MRPS30	6.52952965945722	0.163069176788852	0.334970892857673	0.1298
ZNF529-AS1	1.07902009673082	0.16308179753062	0.334970892857673	0.4497
RORB	-1.48447163740647	0.163496339335183	0.335709050827027	1.3089
MDM1	4.0507801730541	0.163701865635237	0.336093259000998	0.196
LPGAT1	6.52711825772542	0.163804357609791	0.33620545306989	0.1279
WDR11	4.89706090547409	0.163811760794077	0.33620545306989	0.1468
TERF2	4.36300209846201	0.163893781176426	0.336298175694822	0.1624
RQCD1	6.12584110792984	0.16408360096896	0.336612003516051	0.1526
SPIN3	5.41408309450886	0.164190821691326	0.336718449876078	0.1444
MEIS2	4.88159493464286	0.164227223002247	0.336744476805793	0.1483
MSH3	4.82045441077978	0.16424040433166	0.336744476805793	0.1602
HSPA13	5.64972738849293	0.164491457737565	0.337183477706826	0.1613
TROVE2	4.79828312494005	0.164571416191488	0.3372321715301	0.1747
RBMX	8.40842937304068	0.164607574523703	0.3372321715301	0.1268
SHANK3	3.33435891144795	0.164841939895274	0.337409401808289	0.2134
HIATL1	7.10714160364873	0.165277694975682	0.338124760676061	0.1285
FAM180A	-1.42684081985016	0.165284036167461	0.338124760676061	1.0633
NPTN-IT1	1.13842992640149	0.165359046625882	0.338240308706119	0.434
TNIP2	5.37538861498277	0.165577991788997	0.338650214889081	0.1525
CPNE7	2.98798709907856	0.165690305970185	0.338802473133816	0.2498
ARSJ	0.616815697570471	0.165801550942919	0.338879658980511	0.5005
TANGO6	3.28532173467558	0.165962187635602	0.339132045833395	0.2252
NFKBIA	4.19932235789638	0.166006173424756	0.339183962175975	0.1816
MAFK	4.83801819525609	0.166069310651155	0.339274992753747	0.1639
TUSC1	0.124459346650434	0.166126005921953	0.339352843696002	0.7793
PAIP2	6.75821679107009	0.166209622116803	0.339454282962064	0.1301
LYRM7	4.62108314683643	0.166212852508649	0.339454282962064	0.1798
PPM1B	5.87615978953336	0.166591228632081	0.340112890841787	0.1465
BAHCC1	5.40355088325991	0.1671153382202	0.340862157677991	0.1395
TBC1D22B	4.18302578663689	0.167144940596701	0.340862157677991	0.1893
TRAM1	6.52468163315111	0.16750830701804	0.341526876582682	0.1566
DDX60	3.78029719923748	0.167549539344974	0.341543238537694	0.1939
MED8	5.43264109492082	0.167572457689643	0.341543238537694	0.1738
TMEM177	3.35749575093858	0.167749585392674	0.341824413940073	0.2074
TARDBP	8.00514346121543	0.16779091858111	0.341835845286994	0.1274
RPS9	1.27295588584194	0.167822975700687	0.341863004283837	0.6891
ZGPAT	4.48771968289849	0.168329837045438	0.34270430524161	0.1708
CATSPER1	1.42424925258697	0.168698703378147	0.343219048867186	0.4128
C1R	3.92257096816251	0.168705310141153	0.343219048867186	0.1816
NT5C2	5.95990900647797	0.168705416577575	0.343219048867186	0.1424
HMCES	6.09119721562709	0.168714271720757	0.343219048867186	0.1328
E2F6	4.45425442783672	0.168782710602444	0.343314975593553	0.1776
WNK4	1.84921844471755	0.169240329402182	0.344020872237639	0.3441
RAB42	1.31281479392942	0.169408649932343	0.344324684164424	0.3913
PIM2	1.7008114251394	0.169929289094692	0.345229145527786	0.3601
DDIT3	3.19384367153793	0.170039542103708	0.345414696856046	0.2538
TRC-GCA19-1	-1.36869396366571	0.170146892292684	0.345555864467153	1.4772
HS3ST2	-1.42645534362388	0.170221560313475	0.345626858713568	1.0682
LOC101927365	1.64311664249015	0.170272461095279	0.345626858713568	0.3925
STRADB	4.63161878105288	0.170457431587987	0.34595562768986	0.1626
USP38	4.88266364303476	0.170657616175575	0.346323414951233	0.1561
ARL1	6.12960684170207	0.171186004600134	0.34720272191757	0.1409
MORC3	4.28112938520344	0.171310844745279	0.347378738383851	0.1624
KLF16	4.70461320850893	0.171677681571671	0.347958099463463	0.1732
SRSF7	7.2635119258182	0.171698349806546	0.347958099463463	0.1445
ANKS6	6.4083779929462	0.171720100523045	0.347958099463463	0.1316
DENND4A	4.4101366377413	0.171729977879371	0.347958099463463	0.1703
HERC3	4.14765348083437	0.171907010492081	0.34823950105897	0.1671
CRLF3	4.44209998366411	0.1720749303142	0.348502321701357	0.2094
CEP85L	1.94120478347252	0.172098253717841	0.348502492605813	0.3432
HHEX	2.79252671168109	0.172188551442424	0.348599687604073	0.243
KMT2B	5.16573348389355	0.172265545862563	0.348694955678784	0.1571
BCS1L	4.45461156138978	0.172641011744915	0.349303230589624	0.1563
KLF13	-0.21319995929872	0.173592890612081	0.350953688927369	0.6915
DNAJB11	7.58850862872378	0.173628377952143	0.350986564931273	0.1408
FBXO28	6.26177857513884	0.173890008707904	0.35128756474608	0.1293
RWDD1	5.90559990850117	0.173892732395395	0.35128756474608	0.1814
LMTK2	6.54378737133568	0.174170075187091	0.351769984800921	0.1244
INTS12	3.69909519900152	0.174253247692741	0.351899036491005	0.1887
TUSC3	6.01055138793716	0.174531287702799	0.352305468552526	0.1694
BACH2	0.272314917523071	0.174588690711651	0.352305468552526	0.7026
TMOD2	2.30995442140396	0.174593629595463	0.352305468552526	0.2921
VBP1	7.52688101581936	0.174788591955068	0.352590114334997	0.1284
DHRS2	0.406922743432908	0.175038273503634	0.352873428715202	0.5414
RFC2	6.46745025615883	0.175118032645032	0.352981649990914	0.127
CRK	3.93718657784226	0.175507034027375	0.35357055983268	0.2241
CYB5R1	3.4004671437603	0.175725281157381	0.353940698033047	0.217
CSRNP2	4.18423867895786	0.175729540259177	0.353940698033047	0.1685
CALM2	10.3430469617808	0.176008321186291	0.354384902567214	0.1277
C10orf35	3.16253260410728	0.176095844537961	0.354522026674573	0.2215
TMEM248	6.64676752044843	0.176166805264872	0.354625779789999	0.1359
LOC101928710	-1.06928705408648	0.176291663850952	0.354837995067583	0.9319
TFAP2C	5.12161735214909	0.176483808975577	0.355185582257538	0.1414
RNF20	6.35771042184465	0.176598740683486	0.355289264431407	0.1352
TCF3	6.63149426599155	0.176598921910065	0.355289264431407	0.1299
ZNF420	2.81049133272819	0.176682406203421	0.355389379423718	0.283
TEX40	0.791224270462447	0.176995330847074	0.355840477161309	0.5467
GRB2	6.92217145862719	0.177165861139088	0.356008801425998	0.1222
NME1-NME2	-1.74937251849175	0.177242179299526	0.356109205784921	1.1892
POPDC3	4.62164176459707	0.177254839667374	0.356109205784921	0.1505
ZNF627	3.36064205375087	0.177361476901649	0.356245034912147	0.2005
MRPL46	4.76703400281967	0.177381626022947	0.356246310745315	0.1496
RHBDL3	-0.984627529715554	0.177457501399326	0.356359492415147	0.9139
PID1	-0.515655299494591	0.17759817759229	0.356498934537754	0.7366
MTO1	4.95417206172813	0.177934062170447	0.357002334210757	0.1414
GCOM1	-0.211720861908981	0.177983508885795	0.357023067599064	0.833
MTSS1	1.38453027944641	0.178007401179641	0.357031764000827	0.3983
C2orf76	3.06505509561674	0.178041009801759	0.357059944517293	0.2257
FAM222B	4.15390674233269	0.178062756964703	0.357064333386163	0.1976
RNR2	13.4765803547726	0.178286817366806	0.357435112875951	0.173
ZNF83	5.59918229840362	0.178310340168484	0.357443018569874	0.1334
EHMT1	6.59810835976153	0.178372373444173	0.357528112603956	0.1241
SARNP	6.06875110800514	0.178575420266597	0.357895803313975	0.133
CCDC67	-0.678515978004827	0.178640225134552	0.357986383101689	0.9045
LRRC41	5.35207771637585	0.178779016006084	0.358173895541206	0.1366
CNTN1	1.24612876977881	0.178792655021199	0.358173895541206	0.4216
RTKN2	5.61857912346906	0.178830673354472	0.358210749699281	0.1554
SNORD43	-0.941637859383247	0.178857827722614	0.358225836851787	0.9722
FRAS1	4.68824727964643	0.178912185037696	0.358295398206251	0.1701
ANKRD36	3.60823695383985	0.1789342772455	0.358300336228347	0.2011
TYRO3	4.75824390050515	0.179529866719415	0.359295905155628	0.1542
USP43	3.56600110335838	0.179582683889459	0.359362213864515	0.2043
JMJD1C-AS1	-0.783684806032383	0.179736967683006	0.35955383630494	0.8662
LOC100506207	0.124058847623734	0.179737527942533	0.35955383630494	0.6863
KLHL29	2.59905027009375	0.180078317338291	0.360156634676582	0.2491
WNT5B	4.11501142166116	0.180351425544679	0.360548739349922	0.1754
GTF3C5	6.11378896167305	0.180373117686396	0.360548739349922	0.127
CD200R1	-1.42705846433567	0.180431593753972	0.360626141402728	1.0793
SLC30A3	-0.0906235578094599	0.180460544523957	0.360644521163586	0.6892
DCAF6	6.53544662716557	0.180694913028805	0.361036116295887	0.1234
FAM156B	0.288189623342979	0.180696044839807	0.361036116295887	0.7501
GALNT7	6.92622467534466	0.180859917292811	0.3612449288947	0.1251
PCDHB3	-1.74864085948815	0.180896604138574	0.361253999722518	1.7156
RASA1	6.59839927765045	0.180912020828042	0.361253999722518	0.1321
MRPS35	7.64398193969899	0.180939768422036	0.361253999722518	0.1175
BCL7B	5.97107902652695	0.1809436116051	0.361253999722518	0.1538
JMY	4.0044427354947	0.18109332775747	0.36139481761482	0.1816
DLG2	1.88894941835601	0.181641513633485	0.362330361985676	0.3325
SHISA8	-0.515612296516667	0.181693723322498	0.362394910190706	0.7547
ZNF207	7.4493699156925	0.181958957667627	0.36272504309435	0.1172
RMDN3	4.19389592817742	0.181992524841387	0.36272504309435	0.1719
LRRC16A	5.67127414704513	0.182428594024044	0.363503210271005	0.1415
SMIM3	2.56400668878226	0.183026971782961	0.364536373212932	0.2664
HDGF	9.51720455522209	0.183126403646269	0.364694624737241	0.1434
ZNRF3	3.68731828570581	0.183289085160597	0.36489918633499	0.1888
ELAC2	6.37760607893787	0.183802165081504	0.365797139562531	0.1301
SNORD79	-0.645421238441992	0.183820275983055	0.365797139562531	0.8121
ODC1	7.60410763392294	0.183856142004999	0.365809154979329	0.1185
HDDC2	5.58157317665387	0.183936025979028	0.365907822847678	0.1666
SPIN2B	3.54905330400258	0.184292078684391	0.366496316825953	0.1876
UTRN	7.07564312040558	0.184329219255743	0.366530250161512	0.1186
LOC105379029	-0.343050763095543	0.184429695537383	0.366690102562674	0.6731
MKLN1-AS	0.287436390423698	0.184581316131454	0.366843534651251	0.5368
ZNF503-AS2	-0.85912778726714	0.18496273278034	0.36750975725271	0.8959
LANCL3	1.45409060581963	0.185166870464646	0.367660261979391	0.3603
JRK	5.10720711692806	0.185197642889541	0.367660261979391	0.136
FNBP1	6.33303797529899	0.185199592964641	0.367660261979391	0.1271
PPTC7	5.51740651944648	0.18541436756831	0.368046612409162	0.1347
PANDAR	-0.643613953494185	0.185499377778123	0.368136492007304	0.8034
PYGO1	3.49627593802998	0.186158147656275	0.369282097534821	0.205
MAPK1IP1L	6.7611744415197	0.186253910553378	0.369413350314907	0.1299
TOR1AIP1	5.36802297642319	0.186264783613536	0.369413350314907	0.1584
MICAL1	2.99886241565738	0.186481788864195	0.369763390627212	0.2398
NCOA5	5.53894520494397	0.186660694071229	0.370077935595609	0.1309
MMP9	-1.31584545848858	0.186797506493859	0.370228561345336	0.9758
CENPQ	4.58167326522054	0.186831194045906	0.370255132273345	0.1655
FRMD5	3.85326305855452	0.186868662965252	0.370289190393319	0.1795
KMT2C	6.31911327735828	0.186963960849043	0.370437819542014	0.1234
LTB4R2	-0.162516686667376	0.186986008525132	0.370441299146479	0.6548
UFL1	5.96708564489315	0.187340619425832	0.370982790784031	0.1486
TMEM50B	-1.54555824624937	0.187625705211496	0.371426466530153	1.6311
ULBP1	0.813385369092207	0.187705310500787	0.371543765423655	0.5244
FAM192A	7.06773877271003	0.187734207998913	0.371560678797502	0.1279
MED28	5.54954443202422	0.18787158841059	0.371781236517588	0.1304
RINT1	5.46010594921081	0.187886376430284	0.371781236517588	0.1337
PACRGL	3.86950987551272	0.188108599969016	0.372140290532548	0.1919
NR1D1	2.89954228121774	0.188259699209026	0.372332556597971	0.2377
DOK4	3.9074360841055	0.188522889529396	0.372560231004931	0.186
AUP1	6.22904794568188	0.188625185492082	0.372717976658019	0.1374
ZNF227	3.96583898804941	0.188732719141123	0.372890099636401	0.174
LOC105371932	-0.861628745453703	0.18908922856103	0.373513628717828	0.9226
ZNF470	1.76875742027786	0.189522544785005	0.374167143678495	0.3717
CLK1	5.38280967564626	0.190091968426353	0.375088518762593	0.1381
FLT3LG	1.19907286640091	0.190713379428001	0.376152058647104	0.3778
MBD2	6.58108094712064	0.19090340032359	0.376486170066702	0.1222
PTMA	10.6630929987644	0.191020968334855	0.376677338293488	0.1311
SPG20-AS1	-0.236661268904391	0.191099939424942	0.376759129931588	0.6285
ZNF443	2.2205722785577	0.191123308982431	0.376759129931588	0.2709
TAF11	5.12833352591878	0.191124359240603	0.376759129931588	0.1415
CLMN	3.81778894108389	0.191236193626522	0.37685750764743	0.1739
GPR3	1.50257614242503	0.191990988959574	0.378100053338294	0.3834
ZNF175	3.24577169583926	0.192051490558003	0.378178407035584	0.204
CARD9	2.98516568110382	0.192152168561275	0.378264998931306	0.238
E2F7	5.01868840347597	0.192467600039437	0.378793500034494	0.1361
ATP5F1	7.62047950159017	0.192525979404452	0.37882671696569	0.1298
SNORD21	-1.16231679643687	0.192624810502578	0.378980336300793	1.0048
SRP19	5.67308465696783	0.192704922061476	0.379056250097436	0.1872
NUDT9	4.81897147770528	0.192876632398437	0.379230565542904	0.1538
PRKAR1B	6.04424561258935	0.192922062935758	0.379279041670816	0.1293
RNF31	3.98838535378176	0.192944358465247	0.37928202951885	0.1653
NKAIN1	-1.98265890663002	0.193336111350767	0.380003434517225	1.8928
NUDT12	4.206298440354	0.193352974541548	0.380003434517225	0.1719
DHX8	5.77981167546453	0.193876478670292	0.38078387500222	0.1367
NAP1L5	-0.399301718263896	0.193940527487523	0.380830189288182	0.7087
BMS1P18	-1.42791814381452	0.194040324642664	0.380944205471177	1.0915
ADCY3	5.10228709377983	0.194598790236776	0.381718750479208	0.1382
PKD2	4.21887276532547	0.194602125915315	0.381718750479208	0.1753
LOC105371729	-1.98339842903771	0.194851468968999	0.382166783143322	1.8982
ODF2	6.81514922750168	0.194926453863371	0.382272783513771	0.1399
TUFT1	5.53057827765169	0.194992801622247	0.382342822565948	0.1354
DUSP1	2.64070031623263	0.195493929000076	0.383116932938379	0.2695
LOC339529	-1.98326889603449	0.195738081135821	0.383370283147252	1.9001
LOC105371789	-1.98326889603449	0.195738081135821	0.383370283147252	1.9001
DDI2	3.30196514071812	0.195894540018081	0.383487569619958	0.2556
TRAF3IP2-AS1	2.05128610341011	0.195902994866111	0.383487569619958	0.2847
DUSP11	4.64415806540872	0.196004937994471	0.383645989924635	0.1742
FRMPD3	-0.544532550040348	0.196331628012702	0.384161865058937	0.81
ALOXE3	0.512274654948416	0.196814405021385	0.385023979647493	0.5685
ZSCAN12P1	2.40563416062681	0.196994989909104	0.385253405011313	0.271
SENP7	4.36241044127389	0.197272126529413	0.385502939596238	0.171
AP1M1	4.51838697655587	0.197307962284082	0.385502939596238	0.1972
TCAP	-0.983309595993628	0.197312635165822	0.385502939596238	0.8859
SCARNA27	-0.54699421600099	0.197365562533027	0.385559986126502	0.6841
GORASP2	7.093520557822	0.197613418071894	0.385842840675989	0.129
RSPH4A	0.359029249724767	0.197698327971227	0.385967348459279	0.6286
C2orf72	-0.711362624705743	0.19801464049943	0.386419591336996	0.8222
EDN2	-0.258225239299469	0.198049248726034	0.386445819232842	0.9104
SGSM1	-1.90121115383202	0.19814178775707	0.386585067574338	1.3777
SNORA60	-1.98291806640811	0.198187422496106	0.386591471854783	1.889
VARS	-0.290120961319539	0.198351130627412	0.386828142370904	0.9126
VPS37A	4.68529334600692	0.198383396109901	0.386849741442251	0.1636
ATF7IP	6.67738409150958	0.198554488100005	0.387100471385919	0.1194
PLRG1	6.15401130501389	0.199404622994435	0.388509156604739	0.1332
ENTPD1-AS1	-1.61168468469205	0.199613873815073	0.388833854072553	1.0357
LINC00397	-1.74742564656415	0.199937980280772	0.38925924171737	1.6769
SLC12A4	3.5518652675204	0.200085820879019	0.389379250183069	0.2237
APH1B	1.84305162881707	0.200133767774067	0.389431045031269	0.3119
LRP5L	0.87427592100815	0.200168459043027	0.389457038078387	0.4443
VPS26B	4.76253680212866	0.201154072300092	0.391082933323799	0.1374
DLSTP1	-0.16030491902426	0.201183094091961	0.391097706926081	0.7373
LVRN	-1.07133446510159	0.201395912198081	0.391428060586412	0.948
SS18L1	4.72478737438983	0.20147719500469	0.391544355120889	0.1518
PAPLN	-0.678759281919251	0.201527222949569	0.391599891662302	0.7326
DCAF5	5.57521704522166	0.201867761717461	0.392052963607868	0.1709
AGAP6	3.8885941055295	0.202142389455321	0.392335898564357	0.1827
CHRNA3	-1.67718327007773	0.202336409317754	0.392587255659998	1.3242
DGCR11	-1.67718327007773	0.202336409317754	0.392587255659998	1.3242
RAB10	7.95170729726723	0.202607735610377	0.393030158463823	0.1163
KCNE5	-0.237940754948802	0.202682327888915	0.393133083079051	0.6354
AGFG1	7.13807084241261	0.202948533254042	0.393565798075823	0.117
PRR7-AS1	1.56873855996335	0.202978588620798	0.393572679939662	0.363
TDRD6	-0.397637369642178	0.203019120729793	0.393577261128077	0.7035
LRRC49	3.25291018902885	0.203094425073289	0.393663525942354	0.1973
SNORD35A	-1.31498740383016	0.20348389091737	0.394310785753902	0.975
SUMO1	7.46860400222366	0.203947344225228	0.395041136994775	0.1165
ASMTL	1.27605537379221	0.204079849474995	0.395213931475072	0.5128
YARS2	5.74902037302117	0.204560288086197	0.395939384571744	0.1243
SP140	-0.711489154798363	0.204562931972353	0.395939384571744	0.8199
SNED1	0.0585961521299672	0.204639186764718	0.395939384571744	0.5919
CEP112	2.19018022498366	0.204641512021295	0.395939384571744	0.292
ANKRD61	0.711596325186541	0.204649651228033	0.395939384571744	0.4508
SURF4	8.11913296073052	0.204833010151836	0.396252138744507	0.1161
AKIRIN1	6.54327600133196	0.204941904074168	0.396380763995293	0.1258
Sep-15	7.08169571280622	0.204942924592001	0.396380763995293	0.1137
PHLDB1	6.28830527445434	0.20517900978025	0.396670506176414	0.1238
SLC35D2	4.22939057826285	0.205179644490791	0.396670506176414	0.168
RAB31	6.20950951280522	0.205458168886593	0.397124863016797	0.1258
CCRN4L	2.38927175927535	0.206038786655114	0.397994295754498	0.2559
MANSC1	5.02550173168793	0.206316878363553	0.398481984367211	0.1403
SERGEF	3.20293196068493	0.206334914451317	0.398481984367211	0.2009
PIK3AP1	1.13070278275009	0.206832785109949	0.399232324483742	0.473
CHEK2	4.44667555503393	0.206865928716058	0.39925408548899	0.1469
ALMS1	5.30711268099662	0.206981134808808	0.399349777749904	0.1374
ETAA1	5.73845486000662	0.207070725051825	0.399480413879965	0.1314
C16orf62	3.35886761288244	0.207240662852838	0.399723776126932	0.187
AUH	4.31495632593025	0.207347930820452	0.399883604351683	0.1516
SLC19A2	3.64855666705078	0.207458889070317	0.39997565517665	0.1881
MRPL21	6.04620637000582	0.207847928453369	0.400641091948549	0.1227
HOXA10	-1.31558901860615	0.208159114346971	0.401121002029646	0.9838
SRPRB	5.50249452759861	0.208286485343226	0.401316947380046	0.1255
LOC102723809	0.484002324869658	0.208616988942864	0.401818066306033	0.5019
ADH5	6.77912020911136	0.208819081167445	0.40213092255199	0.1224
ZNF473	4.14475167243246	0.208879384651378	0.402162206938995	0.1555
ATG12	5.57266226301988	0.209007297878254	0.402323621896394	0.1236
IBTK	6.09416219175743	0.209206466756791	0.402622101740668	0.1247
GABARAPL1	6.17101002745083	0.209534118265226	0.403167671063445	0.1332
FOXJ2	5.81209055194048	0.209808818464055	0.403568621839615	0.1371
WWTR1	6.93357502622683	0.209832318132573	0.403571302131085	0.1153
MARVELD2	0.850943843958751	0.209868292968088	0.403597972866893	0.4537
TANK	4.99860512287698	0.210008518453177	0.403803048253344	0.1387
ANKRD7	0.618687459481709	0.210019168665946	0.403803048253344	0.4933
BMS1P20	4.51766307132002	0.210367404666806	0.404428666142297	0.1651
GADD45GIP1	6.7884892653665	0.210411013969081	0.404428666142297	0.153
TPM2	3.42652995925477	0.210737050739081	0.404970062978175	0.3134
ZNF674	1.51484788355108	0.210949424133424	0.405268465385436	0.3594
TNKS1BP1	7.22419842703091	0.210960970835487	0.405268465385436	0.1319
STT3A	7.34045462731389	0.210981129219061	0.405268465385436	0.1428
ADAL	4.14400286831138	0.211303708990339	0.405777604681215	0.1769
MTHFD2L	2.39344430236519	0.211327436204678	0.405777604681215	0.2625
CMIP	6.92865454502796	0.2115033655609	0.40597260452947	0.1281
LOC105373468	-1.07086487638407	0.211742681889341	0.406346515354967	0.9383
TMEM154	4.99097426317085	0.2118116027982	0.406390042523855	0.1402
PNMA2	0.603924344897187	0.211901328565047	0.406480051936903	0.4626
ACOT9	5.11950791256915	0.212068628242405	0.406630067975355	0.1506
LPCAT1	2.86782074946758	0.212643363641509	0.407475306669402	0.665
CALM3	7.86513475497277	0.212845258909616	0.407772254829293	0.1133
ZRANB2	6.84744529329749	0.212865336794652	0.407772254829293	0.1355
STRIP1	4.54042588585884	0.214002121143623	0.409649022082205	0.1416
TRNQ	-1.21257153444195	0.21421595928132	0.410015365133129	0.8993
WDFY3-AS2	-0.899947967853387	0.214495750620165	0.41050785442098	0.8309
MIR25	-0.983650573753789	0.214910627462836	0.411043312201313	0.8985
RNU6-33P	-1.74877000461298	0.215102260472591	0.41132364797189	1.7099
IDI1	6.17291148977791	0.215502906518021	0.411960320564711	0.1351
ZSWIM4	3.1032041422571	0.215592274582351	0.411966044038719	0.2063
SERAC1	2.98572388555183	0.215742273653107	0.412115310147936	0.2335
PRELID1	6.1455399842727	0.21576457791378	0.412115310147936	0.1645
ZNF555	1.47374921923932	0.215909271140893	0.412287745324587	0.3784
HSF1	5.89712892830636	0.215922608076707	0.412287745324587	0.1231
OR1F1	-0.39639088171185	0.21601762427035	0.412364450295092	0.6814
CDC37	7.91742106399533	0.216030543526636	0.412364450295092	0.1499
EIF4G1	10.0662741015021	0.216078074407245	0.412395170079325	0.1207
C1orf109	4.66774968694442	0.216203912412961	0.412565968956937	0.1495
KIAA1549	5.74270151359025	0.216483277545815	0.413055885752133	0.127
GABRE	3.09327038868927	0.21668180236704	0.413348274191502	0.224
MRPL35	5.85550704067534	0.217155810727118	0.414079431860693	0.1194
FUNDC1	3.82580191703151	0.217210211797288	0.414096661087228	0.1638
BBS7	4.47251375946436	0.217410079282665	0.414347886771514	0.1497
ATE1	4.23985287455264	0.217543319958699	0.414515274936437	0.1769
SETD1B	4.92094626824216	0.21757870920341	0.414539440118707	0.1293
LOC255187	0.120780099014343	0.21784356286405	0.414784322449531	0.6075
CUBN	-1.82149471978279	0.218064594254513	0.415161876390697	1.5499
BMPR1B	-0.137858611516899	0.218285035009108	0.41549490137903	0.5951
CSNK1G2	5.55108379034937	0.218331181764794	0.415539413500634	0.1269
IFI35	3.20911241429463	0.218424249797933	0.415673210081421	0.2297
TMEM237	5.12031786738875	0.218644365278934	0.416005370769383	0.1464
SRSF2	8.38277273396731	0.218791297193906	0.416198178761275	0.1118
MIR3936	0.422793136593215	0.218830592863846	0.416229558587453	0.5044
SLC26A4	-0.115618178993542	0.218981418456833	0.416473046707776	0.6372
SRSF10	7.3208918877642	0.219197646142777	0.416824974799582	0.1157
TGOLN2	7.26095337054808	0.219212126591301	0.416824974799582	0.1091
GARNL3	1.96893747940464	0.219493521190925	0.417273114949653	0.3016
RAD51D	2.45734608919162	0.219678484155277	0.41749431675398	0.2329
SLC45A3	4.18195645972226	0.219718133406949	0.417526204171673	0.1809
DKK3	2.60941338672088	0.219818727512617	0.417673885248786	0.226
KIAA1551	5.50676513763525	0.219865340263612	0.417718977193516	0.1348
CDHR3	-0.610964458109866	0.220067667981918	0.418028755068841	0.7049
PLAU	5.71943542308933	0.220074187388619	0.418028755068841	0.1234
TMTC2	3.94008381923388	0.220123388100168	0.418078711314676	0.1644
DLEU2L	-1.07142146798006	0.220513156108824	0.418658593654568	0.9719
ZW10	5.61360963267885	0.220520433642765	0.418658593654568	0.1235
KCNQ4	-0.0247488505873884	0.220626811082032	0.418816997308264	0.6228
EDRF1	4.67222789027693	0.220707160059461	0.418925963198744	0.1378
INSIG2	5.28785211597298	0.220736170964385	0.418937471371848	0.1297
FRYL	6.05072648087588	0.221097476751363	0.419492364952493	0.1331
TMEM200B	-0.0924216467612932	0.22125105674498	0.419740132176697	0.5844
DEPDC1B	5.56307130747316	0.221967266356893	0.420798106378721	0.1493
WHSC1	7.78023049353575	0.221970079120677	0.420798106378721	0.1165
LOC105371931	0.570399426099538	0.222001216320618	0.420813436314942	0.6934
RARS2	5.56578127757569	0.222088367056568	0.420934928258378	0.1231
EFCAB14	7.20064558402748	0.222225704755395	0.421111633211684	0.1102
LINC00265	2.15246258469541	0.222288967791428	0.421183953918038	0.2759
NOMO2	4.871452501337	0.222684314493093	0.421777924738505	0.2063
TSC22D1-AS1	0.486515433941682	0.2227923645705	0.421918818215668	0.4839
WARS	4.73939752207426	0.223220540004068	0.422554352790778	0.1386
HERPUD2	5.49445423460029	0.223307660566022	0.422675443368927	0.1238
PRKRIP1	0.100461824986453	0.223447893268589	0.422897028769579	0.5765
ZNF384	6.27877169704776	0.223864839767603	0.42346663711505	0.1303
CEPT1	4.99825636897153	0.224002785066652	0.423675137276059	0.1295
CDC23	6.20607652784677	0.224249952190465	0.423917766508156	0.1143
LINC01068	-0.548291487143022	0.2242713483939	0.423917766508156	0.7029
SH3BP1	3.99434773939736	0.224373914021937	0.423990288208725	0.1741
ND4L	11.1510970612248	0.224684354245343	0.424445112903867	0.224
EFTUD1	4.79779088728366	0.224923735562462	0.424677600209775	0.1325
MIR5047	3.832752437964	0.225340127018067	0.425305982570686	0.2308
LINC00659	-0.423778893973534	0.225360189271662	0.425305982570686	0.7294
RHBG	-0.291298790562055	0.22537303217511	0.425305982570686	0.6802
LAMP2	7.65365603525035	0.22564299062478	0.425639433441411	0.1111
EIF4E2	6.41720247875259	0.225680793772338	0.425666760110322	0.115
GPRIN2	5.09466075007747	0.226173862635593	0.426420534573519	0.1505
ZNF513	1.75611616842139	0.226240731704179	0.426502560717832	0.2921
LMO3	-0.312124435696353	0.226702945243588	0.427241557589237	0.6951
LOC151475	-0.209488889189315	0.226809865642379	0.427313358583972	0.6655
TRMT10B	2.65175987555092	0.22683693795288	0.427317628652128	0.2231
MBLAC2	3.24882136070117	0.226942435174712	0.427472255112417	0.2661
ZNF772	3.22591560144067	0.227199156921074	0.427911669117005	0.1918
PABPC1L	4.50709274045677	0.22736538327229	0.428084089797893	0.1624
RIOK2	4.56727162930142	0.227660138016869	0.428497993545882	0.1351
GRK4	-0.546911280097003	0.227771386974578	0.428591469862698	0.6728
CCPG1	3.10445176814144	0.227978254784978	0.42891315669692	0.2043
ZNF14	2.20540669377145	0.228060747504137	0.428961954909888	0.2675
PCSK7	4.52887329493964	0.228109260422064	0.428961954909888	0.1443
DBNDD2	-0.315763935410376	0.228163930761026	0.429020570601843	0.5975
ANXA3	7.24379095794313	0.228335767726963	0.429299461959159	0.1175
EPS15L1	5.2550815126325	0.228372727149989	0.42932473554219	0.1279
OFCC1	-0.982204449459239	0.228688235592456	0.4297237439082	0.8895
RGS10	4.96272901888725	0.228864829990087	0.429939939936101	0.1337
NRARP	4.58041657088213	0.229270460003566	0.430480460539454	0.136
ND1	12.6066669159563	0.229446557296949	0.430722503857388	0.2252
LOC101927204	2.26174515729225	0.229830349072012	0.431052262128404	0.2724
TBC1D23	6.23116057467506	0.229947778912272	0.431052262128404	0.1137
KIAA0368	7.82302666772521	0.230062576751745	0.431052262128404	0.1172
ZDHHC11B	-2.26344918234826	0.230078406372355	0.431052262128404	2.2665
HHIPL1	-1.48584218626878	0.230094113864156	0.431052262128404	0.9291
LIPC	-1.48584218626878	0.230094113864156	0.431052262128404	0.9291
PTPRC	-2.26283663370976	0.230265610260259	0.431052262128404	2.2591
LOC339666	-2.26283663370976	0.230265610260259	0.431052262128404	2.2591
GK3P	-2.26283663370976	0.230265610260259	0.431052262128404	2.2591
WWC1	6.94524566334838	0.230431098960998	0.431152008059032	0.1125
LOC100507091	-2.2627066385345	0.230805332613473	0.431579992964667	2.2607
C19orf80	-2.2627066385345	0.230805332613473	0.431579992964667	2.2607
TMEM59L	-2.2627066385345	0.230805332613473	0.431579992964667	2.2607
LENG8-AS1	-2.2627066385345	0.230805332613473	0.431579992964667	2.2607
EIF4G2	9.11806894620097	0.230825320514188	0.431579992964667	0.1074
SOCS7	1.18737058047638	0.230874694343708	0.431606747132124	0.3621
ATF7	5.00550979106336	0.23106262839049	0.43180257384551	0.1422
PTBP2	3.80933793485673	0.231970725097215	0.433217014798344	0.1681
NFATC2	3.58428826265564	0.231975751632281	0.433217014798344	0.1932
HIGD1B	-1.11579384965249	0.232156932683072	0.433492580859381	0.8388
SAP30	4.46554354908286	0.232302320311256	0.433510396985666	0.1527
LOC105370362	-1.54623610448441	0.233176779939771	0.434685519716171	1.1721
IMMT	7.18438080238025	0.233433021077253	0.434941134189257	0.1085
PABPC4	8.34841182560206	0.233604445064782	0.435171709092109	0.1068
NXPH4	3.46544259382369	0.234136930780243	0.436119151956344	0.1837
ABCF3	5.52614680004252	0.23435436098372	0.436435092738835	0.1208
RCL1	4.05832830450675	0.234719104288792	0.436980620833794	0.1516
C15orf62	0.614558068276781	0.235503336377185	0.438261866350855	0.4447
LOC101929519	0.373893600835864	0.235939633620312	0.438805414768991	0.4708
ZNF777	3.89855046137104	0.236293569175276	0.439290059422552	0.1632
MAGEE1	3.37796634802572	0.236326016795022	0.439290059422552	0.1918
SEC24D	4.32725460654086	0.236368659821852	0.439290059422552	0.1406
RANBP10	4.54734224173071	0.236411157949635	0.439324317948752	0.1554
NR4A1	1.20268930810048	0.236673061229546	0.43976624995487	0.4
GUCY1B3	-1.1156660987489	0.23708844077112	0.440269207071261	0.8398
SGK223	4.0306750525588	0.237174014215127	0.440383320129308	0.1513
TNS4	4.93714355770203	0.237267653074852	0.440467589438123	0.1384
WLS	4.16821873888142	0.23733950372627	0.440511384711955	0.1509
CINP	5.0065036074821	0.23762162905102	0.440900814516158	0.1521
PIWIL4	-1.54770328411755	0.237665263368148	0.440900814516158	1.1861
PTER	5.28045262976564	0.237685840899138	0.440900814516158	0.1403
B3GNT2	5.42724103865335	0.237840148410094	0.441037049200068	0.1374
NOL12	5.30359807913929	0.238298500422817	0.441707526014717	0.1289
PHEX	3.20739885280752	0.238480274766353	0.441954714864941	0.1986
TRAPPC10	4.62265275578921	0.238610389700605	0.442150961670143	0.1398
TBC1D3P1-DHX40P1	-2.26257663198616	0.23911988417695	0.442794296276178	2.2611
LOC285593	-2.26257663198616	0.23911988417695	0.442794296276178	2.2611
HIST1H4B	-2.26257663198616	0.23911988417695	0.442794296276178	2.2611
LRRC37A2	0.932620088943563	0.239127353581663	0.442794296276178	0.4414
CREB3L1	1.302241798256	0.239303225279995	0.443030086270317	0.3489
CEP57L1	4.34462622087371	0.239610478241085	0.443508961854328	0.151
HECTD3	3.84495971018263	0.239635129528242	0.44350962334424	0.1686
MPV17L2	3.89938368798685	0.240192837170955	0.44436161688214	0.1668
LPP	6.95186852639338	0.240381339830246	0.444665289283713	0.1215
TAF6	6.19597956890826	0.240733633416584	0.445158342949686	0.1381
ZNF316	5.05061911011052	0.240919406457993	0.44538984144781	0.1346
TNFRSF25	1.72724019919848	0.241113001629191	0.445657482812849	0.2986
ZNF8	2.53751524281508	0.241254815757738	0.445839366765182	0.2451
GRAMD3	3.46285952322867	0.241260248919436	0.445839366765182	0.1863
DNAH17-AS1	-0.116315690629398	0.241562651835399	0.44626267677667	0.6412
U2AF1	2.76391741640389	0.241634032322505	0.446349377120272	0.8678
MAP7D2	-1.16210111903682	0.241704776717311	0.446434885041605	0.9959
FAM81A	2.82424982581842	0.241913358424158	0.446639388287968	0.215
TASP1	3.75022967267562	0.242347082019156	0.447294981044137	0.1621
LCLAT1	5.09761456578176	0.243147775423454	0.448420760125286	0.1205
TRIM46	0.484693664122314	0.243148395293614	0.448420760125286	0.485
IL23A	1.29444373695858	0.243628243768564	0.44921494982718	0.3248
LOC101929728	-1.82262051014309	0.243928601753186	0.449521366399963	1.5534
ZNF506	3.85154317390101	0.244117824910702	0.449521366399963	0.1568
BTN1A1	-1.61022052224334	0.244138492051173	0.449521366399963	1.4485
RFWD2	5.1537399069197	0.244144800316003	0.449521366399963	0.1204
TNFSF12	1.82163735220666	0.244156993475893	0.449521366399963	0.3024
VPS8	5.66653649865586	0.244167086582209	0.449521366399963	0.1186
NDEL1	5.63722467554703	0.244300603301999	0.44963724305689	0.1161
RALA	6.62566025668066	0.244385057452884	0.449747339602807	0.1079
ZNF180	4.22158330352121	0.244569241007501	0.449956670122896	0.1583
WDR41	4.97894987518252	0.244572745268925	0.449956670122896	0.1217
PHKB	6.57390588304249	0.245722026024608	0.451797895770495	0.1088
MIR3153	-0.941215330259369	0.24589478061062	0.452001844798512	1.0196
TDRD15	2.82882774836284	0.245923623572024	0.452001844798512	0.258
POLDIP3	6.26904228608174	0.245931985340908	0.452001844798512	0.1106
EZH2	6.69088660879722	0.246391518128934	0.452709697560569	0.1104
PMS2	4.95720048452902	0.246680377872794	0.453194825243607	0.1363
PAK6	3.07153149861333	0.24676679893911	0.453307977604386	0.1927
DGCR5	-1.54563086207202	0.246836170997529	0.453344178846166	1.16
C9orf47	0.215243898156284	0.246868083673128	0.453357180921097	0.4711
PYROXD1	4.2030255036527	0.246970947789475	0.453500464981358	0.1534
PELO	5.29641490195261	0.247938427400261	0.454956672089573	0.1239
DLX4	1.33138867725653	0.248024659740399	0.455069164645298	0.3437
CTAGE8	2.12342114718616	0.248118131259141	0.455149176473761	0.2567
CHEK1	5.49707740824371	0.248157890819672	0.455176374440263	0.1221
CCHCR1	-0.212531672747029	0.248360275799372	0.455345830070698	0.5669
FCHO1	4.63245745821285	0.248455004356597	0.455446787783316	0.1416
GPR158	3.56014491994489	0.248504883077228	0.455492484483723	0.1673
SOX18	-0.822321330024575	0.248634847614002	0.455684949105634	0.8016
DIAPH2	3.94617875612783	0.249262266092578	0.456671714084693	0.1627
ATP6V1C1	6.69228659394935	0.249273314573508	0.456671714084693	0.1082
TTC13	4.55950901114277	0.249300468280283	0.456675632041425	0.1463
ACAD9	5.76106412109217	0.249441442236719	0.456888027437898	0.1163
HIPK2	6.04450218609735	0.249517218630831	0.456950747816698	0.1096
FIBCD1	0.634201280333556	0.249803561079819	0.457321882377975	0.4467
CGGBP1	6.15094580057026	0.250313062448437	0.458070896958568	0.1138
LOC105373989	3.58887259709644	0.250532311793747	0.458380224905457	0.2884
PLK4	5.77628838885875	0.250577237385324	0.458416479176919	0.1304
TTC38	3.48174645055754	0.251231227633076	0.459474783777743	0.183
TRIM8	5.84924298574155	0.251347583360414	0.45964153879873	0.1117
EBPL	5.96952805548836	0.251397014224295	0.459685886586412	0.1393
PLBD2	3.89283667583668	0.251658738025669	0.459934119671299	0.1503
SCAMP5	4.182209421198	0.251813235542553	0.460170413219704	0.1846
ZMPSTE24	7.57835023519615	0.251970761278217	0.460412192763001	0.1035
ALOX15	0.810076788581021	0.252049085522407	0.460463134724013	0.3941
SLC22A4	1.59254622404105	0.252218672699152	0.46063466274467	0.3283
KIF7	4.35302661069902	0.252339237173183	0.460792598245743	0.1504
EDF1	7.86777946079043	0.25235563087538	0.460792598245743	0.1046
MRPS11	4.88102423807419	0.252432576400212	0.460840911476227	0.1217
CHRAC1	6.20420639761921	0.252505677103314	0.460928271292681	0.1208
DOLPP1	4.96956949237683	0.252585357998259	0.461027624036814	0.139
ARRDC2	3.51191564273664	0.253871158016713	0.463189272511804	0.1631
FAM83D	6.84517889398702	0.253904705355627	0.463204187166217	0.1123
MGC57346	-1.82287459587991	0.253933728043011	0.46321084523913	0.9909
HUWE1	9.26022642994446	0.254045190882399	0.463367869392454	0.1187
RASSF6	-0.31555848592568	0.254184534728245	0.463575710888995	0.5908
RIC8B	3.9082470314492	0.254412524005633	0.463898825234402	0.1513
SENP2	6.89636754252452	0.255036969774837	0.464790656024831	0.1061
NDUFS4	6.18670477118833	0.255058046178277	0.464790656024831	0.1275
SIRT5	4.66239268168098	0.255079841296712	0.464790656024831	0.1514
BCYRN1	-0.747215782198195	0.255316210226084	0.465128503531324	0.748
CEBPG	5.93292321508233	0.255405711093006	0.465245126892229	0.1177
RTCB	6.45582755218275	0.255598002531629	0.465548950834822	0.1069
PTCD2	3.59953856191271	0.25584392924752	0.465650348966842	0.1576
XRCC6BP1	-1.31320280568589	0.255869591190161	0.465650348966842	1.6553
MATN4	-1.36992674954341	0.255883772832676	0.465650348966842	0.848
RBMS3-AS3	-1.74915269339556	0.255884862612007	0.465650348966842	1.1706
MMACHC	3.34307415903198	0.256044576066132	0.465650348966842	0.1864
IGSF3	6.02541287471968	0.256965180987409	0.465650348966842	0.1205
LOC730268	2.85426521841568	0.256969474846513	0.465650348966842	0.2112
CDH1	6.90732540668303	0.256987740851099	0.465650348966842	0.1066
EPN2	5.51201346836564	0.256989116720868	0.465650348966842	0.1362
CLEC4A	-1.36979837269396	0.257423563019784	0.465650348966842	0.849
SLC7A8	1.26015319240789	0.257485635555555	0.465650348966842	0.3896
NPEPL1	1.16296579832073	0.257581879569549	0.465650348966842	0.4251
LINC00669	2.01960957470959	0.257768140746505	0.465650348966842	0.2789
ABL1	6.28452040663491	0.257932017974413	0.465650348966842	0.1092
STON1	-0.0458539062767744	0.258052301761749	0.465650348966842	0.569
HECW1	0.0996648972585134	0.258061148466859	0.465650348966842	0.4919
MRFAP1L1	6.26783596782487	0.258174261590821	0.465650348966842	0.1283
S100A7	-2.6110541385553	0.258306369631201	0.465650348966842	3.8102
LOC283352	-2.6110541385553	0.258306369631201	0.465650348966842	3.8102
RAB6C	-2.6110541385553	0.258306369631201	0.465650348966842	3.8102
KCNIP1	-2.6110541385553	0.258306369631201	0.465650348966842	3.8102
SHANK2-AS1	-2.61118450339327	0.258306369631201	0.465650348966842	3.8079
ADAMTS8	-2.61118450339327	0.258306369631201	0.465650348966842	3.8079
C14orf37	-2.61118450339327	0.258306369631201	0.465650348966842	3.8079
LINC00637	-2.61118450339327	0.258306369631201	0.465650348966842	3.8079
CHMP3	-2.61118450339327	0.258306369631201	0.465650348966842	3.8079
SLC24A3	-2.61118450339327	0.258306369631201	0.465650348966842	3.8079
RBP2	-2.61118450339327	0.258306369631201	0.465650348966842	3.8079
MIR181B1	-2.61131485672248	0.258306369631201	0.465650348966842	3.8056
LRMP	-2.61131485672248	0.258306369631201	0.465650348966842	3.8056
ADCY4	-2.61131485672248	0.258306369631201	0.465650348966842	3.8056
PIK3R5	-2.61131485672248	0.258306369631201	0.465650348966842	3.8056
BOLL	-2.61131485672248	0.258306369631201	0.465650348966842	3.8056
MIR4786	-2.61131485672248	0.258306369631201	0.465650348966842	3.8056
RIMS4	-2.61131485672248	0.258306369631201	0.465650348966842	3.8056
DNMT3L	-2.61131485672248	0.258306369631201	0.465650348966842	3.8056
TCHHL1	-2.61144519854479	0.258306369631201	0.465650348966842	3.8032
SPAG6	-2.61144519854479	0.258306369631201	0.465650348966842	3.8032
TBC1D3H	-2.61144519854479	0.258306369631201	0.465650348966842	3.8032
CHRD	-2.61144519854479	0.258306369631201	0.465650348966842	3.8032
LOC493754	3.34699566110463	0.258560187985224	0.466061887031818	0.1685
RECK	1.0720512266336	0.258881706846972	0.466411175387182	0.371
ZNF526	3.27885468404483	0.258985208298558	0.466551604765983	0.1778
CAD	5.99677801864034	0.25912655748451	0.466760180901551	0.1208
UBXN8	3.13700254644285	0.259300465557867	0.466889170453143	0.1862
LOC100379224	0.270682576760306	0.259396617313629	0.467016237246313	0.5052
LONP2	5.72076727812398	0.259848409713083	0.467783509291198	0.1191
UHRF1BP1	5.37703836033864	0.26030882614767	0.46828911412612	0.1214
SPIDR	4.64484830786963	0.260357718034801	0.468295783314961	0.1425
DCK	4.88310269465163	0.260363836582321	0.468295783314961	0.1608
SMG5	6.48688753840918	0.260615424784283	0.468655949060467	0.1086
ZNF140	3.91880216944742	0.260780348918901	0.46890633801472	0.1544
SMAD9	1.04889914738987	0.260868874331651	0.468973133411976	0.3324
VWA9	5.73221865411706	0.261422427539625	0.469758402143094	0.1241
ITSN1	5.94131620576672	0.261422503024132	0.469758402143094	0.1301
KIF27	3.47056720913646	0.261430312281022	0.469758402143094	0.2051
UBE2O	5.29097527238851	0.261746374312915	0.470155218030051	0.127
SCN1B	-0.677454510541754	0.261758196541271	0.470155218030051	0.7245
STON2	2.98708952922814	0.261854382298069	0.470189200672131	0.207
CACNB3	3.52731881684852	0.261932725951203	0.470266872831858	0.1643
CR2	1.75787783180869	0.262111108855562	0.470465087333314	0.3686
FLII	7.70501815747744	0.262285344207526	0.470731541865178	0.104
VPS9D1-AS1	2.14028106697212	0.262410950337742	0.470864390541166	0.2568
ZMYM6NB	4.15406535609925	0.262511012959388	0.470965141265002	0.1609
SP2	4.54446423433443	0.26271262158716	0.471160004156293	0.1454
PRPF3	6.03485681959907	0.26273054570065	0.471160004156293	0.1371
LOC400043	-1.48606025979306	0.26291358474808	0.471349347261215	0.9515
GALR2	1.02731888071535	0.263150821565569	0.471682022435055	0.3383
HNRNPUL1	8.83669196782182	0.263205582736937	0.471727072313044	0.1173
GNAS	9.2217670939622	0.263227633964339	0.471727072313044	0.1166
DTWD1	4.5791312289779	0.263475172905244	0.47207229815642	0.1246
TMEM260	3.86193126950308	0.264262212317123	0.47320950937336	0.1649
MBD6	4.48474099342381	0.264939757161593	0.474143714787685	0.169
SMU1	5.98153654379755	0.264965719668271	0.474143714787685	0.1094
ZNF225	1.95749080593215	0.265375083265247	0.474643780901354	0.2614
TNRC18	7.16688654747075	0.265377394290738	0.474643780901354	0.104
XPR1	5.35660467219803	0.265649003132609	0.475040474207944	0.1147
ITPRIP	3.09360441123323	0.266124521597779	0.475797597325341	0.1877
LOC102723854	1.20710146263152	0.266312424635266	0.476083185054819	0.37
FAM106A	0.323892122765548	0.26633641372507	0.476083185054819	0.5338
LOC105373489	-0.677328166173864	0.266428718482167	0.476187308774568	0.7254
MTMR12	6.1642449749657	0.266446831679021	0.476187308774568	0.1089
SPOPL	5.26812870390164	0.267127463696643	0.477119671999048	0.1309
GTSE1-AS1	-1.11557871327663	0.267168613976414	0.477119671999048	0.8231
GLCE	5.74064561364476	0.267177607736978	0.477119671999048	0.1093
IRF2	4.92776579965733	0.267377353943067	0.477429672690202	0.1582
ACKR4	-0.453494107576736	0.267681809914207	0.477792320556072	0.7985
PLS3	9.2198653832367	0.268004623304777	0.478185748553001	0.1
LRRC37B	2.04183931389871	0.268227808911771	0.478340029255962	0.2413
VPS4B	6.21257274212807	0.268296070379857	0.478415028409325	0.1122
EMC8	5.54444203367286	0.268724979234408	0.478927983777288	0.1097
HCG11	4.95511913971415	0.268741140765477	0.478927983777288	0.1484
RWDD4	4.92783256391343	0.268876738656758	0.479029349167344	0.1212
THBS4	1.8403757625334	0.269010134197696	0.479220239062563	0.2878
RARS	7.43733454633742	0.269377506563126	0.479728854543042	0.1013
SLC44A1	7.78910300054238	0.269570313416661	0.479937160301791	0.0991
SH3GLB1	6.12397131524353	0.26970317780291	0.480126885808867	0.1041
DYNLL2	6.86797878816528	0.269738642418061	0.48014319968644	0.1086
ABCF1	-0.340738993030729	0.269995153547702	0.480459257546238	0.7598
SNORD45A	-0.0435775055382865	0.270051608769543	0.480512882036722	0.6309
EIF3G	6.96701248859616	0.270113664878696	0.480554168559248	0.1198
LOC101060389	-1.42585198824608	0.270127458246878	0.480554168559248	1.0615
SCARNA2	-1.82348260112627	0.270588657757289	0.481280839440478	1.0107
MARK4	4.52890650060591	0.271097443015376	0.48199794698955	0.1408
FBXO17	2.34414617088133	0.271809454085304	0.482999300329426	0.2356
ZPR1	4.79232611828964	0.271819391519748	0.482999300329426	0.1419
IK	7.02674785520884	0.272029808636409	0.483279115070677	0.1208
SLC7A5	9.78025236033979	0.272550226133314	0.483874057015442	0.1033
PEX5L	0.514026762453471	0.272787596476245	0.484060105100149	0.4204
KLF7	3.97008029447273	0.273039375665098	0.484459796106719	0.1434
TLE3	5.14558464969887	0.273195568931256	0.484689825695725	0.1146
HIF1A-AS2	-1.42563417728671	0.273646424796395	0.485250667912203	1.049
CXCL2	-1.42563417728671	0.273646424796395	0.485250667912203	1.049
AGPAT6	5.1299657080513	0.273671169852325	0.485250667912203	0.1273
PFDN2	6.16492901978889	0.273910013337059	0.485605047826037	0.1278
CCNH	4.9477395051687	0.274030847672911	0.485746883689354	0.1211
GRIK1	-1.02695342996508	0.274294229470463	0.486069554922228	0.805
KIAA0232	5.59765949567538	0.274319381264445	0.486069554922228	0.1139
RAB17	4.94603461390193	0.274781485513405	0.486746632983963	0.1153
HSD17B12	7.18160912483014	0.274907468605444	0.486893028482754	0.0972
HSDL1	4.81285095624585	0.274988874217947	0.48692501335818	0.1191
PASK	5.70587102886747	0.275258379763762	0.487227798892897	0.1075
ORC5	5.06550044119578	0.275839055016077	0.488051733705514	0.1218
TMEM97	5.93422227314293	0.275980950755646	0.488208162499522	0.1078
HUS1	4.80209606199934	0.276063067825704	0.488259690782035	0.1168
MFSD6	3.5007225307272	0.276063569689536	0.488259690782035	0.1871
SYNGR3	0.33792282881586	0.276353910072706	0.488678514363359	0.4152
CDKAL1	4.55400328812798	0.276788265640933	0.489259154124621	0.1235
LOC389641	2.87322806883606	0.277019796967427	0.489618880185628	0.2553
USP40	6.75875606499129	0.277175204334756	0.489846130719777	0.105
TIMM10	6.12751890711227	0.277276608969621	0.489962367018673	0.1059
PKDCC	1.49458144977623	0.277423958450537	0.49007702901882	0.3393
ZBTB1	5.82421391505182	0.277440079694868	0.49007702901882	0.1167
ZNF658B	-0.610040961315684	0.277927490960818	0.490748067993103	0.6939
AGK	4.43554091471855	0.277985127421844	0.490768340897877	0.1468
RPAIN	5.1595232939737	0.277992737358947	0.490768340897877	0.1117
HEATR6	3.29273580777504	0.278200947950554	0.491029777715373	0.1829
LOC441124	0.481291976603059	0.278221517347054	0.491029777715373	0.4505
ATIC	7.92376052959862	0.278854070802073	0.491847963655523	0.0986
EEF1E1	4.77326693619058	0.278900641967681	0.491847963655523	0.1278
SLC7A5P1	0.158715803998233	0.278951722241233	0.491890528468652	0.4377
ZNF449	3.7565872374407	0.279243825305938	0.492310504566413	0.1563
CAMLG	4.57105992814629	0.27929496102172	0.492353110120946	0.1355
NHP2L1	7.232717364441	0.279356525364412	0.492403553780749	0.11
ATP8B2	-0.940440154104344	0.279557672150495	0.492625952005736	0.747
YWHAEP1	1.74762750765344	0.279896262782588	0.49307981987445	0.3424
SNX19	6.16960358332317	0.279974371210146	0.493169830259787	0.103
SNHG15	4.18200715302483	0.280149072524415	0.493382352692043	0.1335
KIAA1614	-1.90034331819261	0.280267038582478	0.493466420479121	1.381
ERRFI1	5.78718378792886	0.280331959179939	0.493466420479121	0.1072
TNRC6B	6.06343589481902	0.280463948867607	0.493600949252345	0.1068
DFNA5	3.08232782531153	0.280824287759595	0.494142476851968	0.2041
PMS2P4	2.05453679082837	0.280898058220996	0.494177021382143	0.2526
DNAH11	2.80872042306248	0.280934971339393	0.49417935982158	0.1928
C1orf198	5.16722869709792	0.281021479066422	0.49417935982158	0.1108
MIR4653	-0.610167063284446	0.281024777505364	0.49417935982158	0.6928
LOC441242	1.60781457313798	0.281034734534818	0.49417935982158	0.3308
RNF214	4.13134981221938	0.28132368782176	0.49454455896717	0.1882
POU6F1	0.197411111356955	0.281398888043201	0.494589419416054	0.4259
ZNF169	1.55472301687699	0.2814033906373	0.494589419416054	0.2906
SNRNP70	7.65294218955177	0.281832707253465	0.495248619079724	0.118
GPBAR1	-1.98378696073796	0.282136285312597	0.495534106471162	1.9049
NTMT1	4.09305270012941	0.282153790252701	0.495534106471162	0.1633
ZMYM2	5.84936742604507	0.282654280736652	0.496310142264915	0.1056
LOH12CR2	-0.516940966927172	0.282805354862577	0.496479907526801	0.6121
CENPP	2.83219700514217	0.283390030044467	0.497076132637567	0.1944
KANK1	3.99801024920358	0.283558539106149	0.497300473678399	0.149
YRDC	3.69719195725535	0.283617508497926	0.497300473678399	0.176
LOC403323	0.65847420181377	0.284461348308502	0.498484372760198	0.4039
ADNP	7.07808452796664	0.284520550184118	0.498484372760198	0.0993
DNM1P41	-1.37078563043697	0.284797812684529	0.498742686008673	0.8525
ATXN7L2	2.09447608842387	0.284804584883897	0.498742686008673	0.2342
DTL	5.50343080406487	0.284929485525578	0.498883266184996	0.1114
UOX	-1.74928179500239	0.284939516680048	0.498883266184996	1.1696
KDM4D	0.179354195230979	0.285178707145386	0.499206297597677	0.5398
PXK	2.28861986894422	0.285208183370732	0.499210028342864	0.2499
SNORD16	-0.863059725535044	0.285353389039674	0.49936843081943	0.7586
TRIM65	4.51462773170364	0.285840540675018	0.500125063308714	0.1269
PRR7	4.08449333858043	0.286041290700887	0.500428347200325	0.1621
RPL19	10.0677901616636	0.286095242645478	0.500474774792626	0.0984
SNORA14B	-1.06843367923378	0.286159783031258	0.500539714383314	0.9225
SSUH2	-0.644866105172565	0.286280296259651	0.500702537700344	0.631
CMTM1	0.696204104548849	0.286811838514375	0.501180420947368	0.3731
GOLGA2P10	0.543079313103251	0.286857318203475	0.501183577483266	0.4212
PRKACA	6.18359655525939	0.286950201179218	0.501257842930791	0.1045
SNORA10	-1.31464219681305	0.286954739070426	0.501257842930791	0.9672
INTS3	3.91410062268386	0.287027835865975	0.501332121624705	0.5833
TBC1D19	2.62841525619298	0.287052183793988	0.501332121624705	0.1977
CENPU	6.11295631899376	0.287757797048239	0.502420269980169	0.1009
MDP1	-1.67890770296466	0.287856811945149	0.502545085480601	0.8711
DBIL5P	0.197092413820394	0.288707408408824	0.503837948986273	0.4302
XRCC4	4.63159368613327	0.288877949128639	0.504073950626375	0.1208
KLHDC7A	-1.42490187098452	0.289034438282982	0.504167084396533	1.0356
FUT8-AS1	-0.045340944088525	0.289103464838047	0.504239309647786	0.6335
TMEM56-RWDD3	-0.424613524895142	0.289279160428567	0.504474995758708	0.7293
GPT2	5.74497648149812	0.2893319199731	0.504493173928264	0.1034
ZNF426	3.80667630814375	0.289875459361613	0.505178324288786	0.1507
MIR221	-0.457477276915701	0.290206162850698	0.505534705057476	0.5893
WNT2B	-1.37087447274192	0.290513644562449	0.506022048958313	0.8726
ENOX1	0.302920406799537	0.290796645432129	0.506273465478632	0.4227
MAP4K3	5.41614170543563	0.29092177662107	0.506411628292207	0.1155
MRPL9	5.75813757397692	0.291027006111207	0.506529604687405	0.105
LOC100499489	1.49990259926434	0.291158467870522	0.506625554946785	0.3346
SLCO1B1	-0.289221931411871	0.292010539354031	0.507902477748398	0.5252
CTAGE9	-0.515562482516803	0.29221597010062	0.508211369930162	0.5853
PHB	7.92392033279358	0.292279826507281	0.508274005783666	0.1002
CYB5B	3.85736849318017	0.292982852275816	0.50904895875268	0.1467
TONSL	4.97995639442482	0.292996692353265	0.50904895875268	0.1109
C9orf41	5.88529423746704	0.293004297686961	0.50904895875268	0.1113
ZNF639	5.8118855951114	0.293074622636218	0.509085685347445	0.1026
RNF44	5.34980686466746	0.293157284670478	0.509169383402554	0.1057
TRMT2B	5.2444502643959	0.293241187095245	0.509266658258256	0.118
DUSP22	3.86064923896828	0.293740093672388	0.509890572414484	0.1435
JAZF1	0.762632208310197	0.29426887308131	0.510759892277277	0.3829
INSR	2.34565780863546	0.294711461354276	0.511236453675757	0.227
GABRA3	3.80270346429386	0.295144884497317	0.511891032812371	0.1377
MTIF3	4.82054586807147	0.295255253740833	0.512028833436338	0.112
CCDC58	6.05200170001592	0.295280431552244	0.512028833436338	0.1631
ELAC1	2.32064874292705	0.295640844457425	0.512459101444622	0.2114
ZSCAN26	3.78640817285619	0.295729709117637	0.51256447067802	0.1444
ZNF70	0.983980374190199	0.295784009001075	0.512573408582716	0.3409
COMMD8	5.58312990865467	0.295938457100371	0.51275739197335	0.1359
NFRKB	5.12306580516673	0.296114346793945	0.512987617676054	0.1237
FAM118B	4.14728635326107	0.296213804397523	0.513062543935597	0.1347
ADRA2B	-1.37014399725231	0.296927373613436	0.513962019726191	0.8664
ZNF383	2.27427778488767	0.296930183065959	0.513962019726191	0.2163
DPY19L2	-1.74755020520764	0.297030718205313	0.514087295369377	1.159
ACTR6	5.00049733667771	0.297207189395827	0.51429212377776	0.1115
PRKAA1	7.8996338168278	0.297233577891057	0.51429212377776	0.1215
SNX3	7.29649238505764	0.297296095104956	0.514351545890455	0.114
ZC3H11A	7.32892784458844	0.297579590072966	0.514744456734136	0.0928
PMM2	5.65780121778126	0.297671382920081	0.514854454437612	0.1102
ZNF418	1.70031081772484	0.297911504315813	0.515152874943414	0.2803
COX11	5.5873252211418	0.297928574367472	0.515152874943414	0.1147
SSPO	-0.713765285991947	0.298164098785364	0.515511297227542	0.8339
EBLN2	-0.237022617075756	0.298360972076077	0.515802832028491	0.5127
WDFY1	7.07131427458587	0.298569428738066	0.516099096495349	0.0937
CDC14B	5.69124521725576	0.298637024118795	0.516133438636062	0.1064
ZNF549	3.33419296194874	0.298955502736656	0.516537162403974	0.1573
ICE2	6.05841092626509	0.299192094193072	0.516897025796226	0.1057
DTX3L	5.93688718558178	0.299367641083926	0.517102436903033	0.1013
XKRX	-0.343164358105266	0.299573143010489	0.517408448325402	0.5514
ZNF57	2.00043743090512	0.299622574394274	0.517444869751382	0.24
PGM2	5.56258988646492	0.300101920345275	0.517880769243155	0.1046
AMMECR1	6.38743234971496	0.300504204640022	0.518476964361426	0.0961
ARHGEF40	2.69762952646744	0.300667060782864	0.518708926635037	0.1847
GOLT1B	6.07066966217682	0.300730179518259	0.518768794981133	0.1114
TIMM8A	4.66115835279037	0.301107491224066	0.519321526668546	0.1257
ASAP3	2.87198219313876	0.301451016172149	0.519766693543516	0.1771
DARS	6.52717428240401	0.301751587025261	0.520186682977636	0.1266
NDUFB9	7.89982178028618	0.302049182061408	0.520601384791641	0.1022
FOXA2	-2.07035990240752	0.302099930706361	0.520639699327417	1.6774
STAP2	3.34822266548765	0.302561001145939	0.521286677701043	0.1809
RTKN	5.30100084536584	0.302839159479012	0.521618237140188	0.1043
WBSCR16	6.00996339495625	0.303179670379278	0.52190929395984	0.1133
IGSF10	-0.860434022578435	0.303360211786344	0.522170849177023	0.7131
EXTL3	5.65448621439349	0.304237376503451	0.523357814121681	0.1102
SRSF3	8.6518901822465	0.304309804724605	0.523357814121681	0.0988
GCN1L1	7.22807225008123	0.30439380315206	0.523357814121681	0.107
MTRNR2L2	1.27771299622562	0.304461972978216	0.523374988862821	0.3153
SNORA5A	-2.07097065563694	0.304489798242333	0.523374988862821	1.6843
KCNJ4	-2.07048960185261	0.30461831024749	0.523546589331405	1.6756
DVL3	6.69889164090352	0.304787602470166	0.523738937377198	0.11
NR5A2	0.892867638776093	0.304886192282579	0.523809742735814	0.3621
PRDM11	2.73933548287139	0.30505251399539	0.523947567551024	0.195
H2AFY	8.0547739071514	0.305216029596178	0.524179100311179	0.0904
GOLGA7	5.09778353046234	0.305495845245887	0.524556706764939	0.1146
LOC100289279	-0.578975656125389	0.305541196343317	0.524556706764939	0.605
TNPO3	7.38914563808012	0.305744465232181	0.524664438538133	0.1026
LIFR	5.11833763635284	0.30579681295595	0.524664438538133	0.1439
MIR3657	-2.06974890219229	0.305807726403414	0.524664438538133	1.6695
LOC105371810	-2.06974890219229	0.305807726403414	0.524664438538133	1.6695
NR4A3	-2.06974890219229	0.305807726403414	0.524664438538133	1.6695
SDR42E2	-2.07023019168862	0.306196347931483	0.524924455614344	1.679
GAS7	-2.07023019168862	0.306196347931483	0.524924455614344	1.679
C1orf27	5.17019702402186	0.306281177217323	0.525020579462859	0.1089
EVI2B	-0.236320403104168	0.306430408973507	0.525177764384186	0.5101
EFEMP1	6.99346878833075	0.306566054709155	0.525318664646132	0.0938
TSGA10	2.46624300250005	0.306629709260931	0.525336518559628	0.2128
ZHX1-C8orf76	0.405559008470328	0.306828299069887	0.525336518559628	0.4076
DLEU7	-1.98391242562529	0.306860305503505	0.525336518559628	1.1617
ADPGK-AS1	-1.98391242562529	0.306860305503505	0.525336518559628	1.1617
KCNG1	-1.98391242562529	0.306860305503505	0.525336518559628	1.1617
PHF5A	6.30708612156585	0.30688024025762	0.525336518559628	0.0972
XKR6	1.80856975755561	0.306897128091501	0.525336518559628	0.2585
COPS7B	5.56383368532749	0.306979292546732	0.525427898437384	0.1061
TMEM92-AS1	-1.07192418332845	0.307868554646562	0.526357776140441	0.7429
TNRC6A	7.04700702154391	0.307934826161245	0.526421779792086	0.0929
SUPT3H	3.06327231694182	0.307994244980071	0.526474057711253	0.1748
RSRC1	5.24736187455041	0.308085268519747	0.526580344733311	0.1253
NHEJ1	3.62949580463991	0.308243448583481	0.526723039925531	0.1415
RAB6B	0.0379512016321258	0.308416059149958	0.526835270386026	0.4546
H19	-1.6780481792602	0.308639323044369	0.526974536260034	1.3238
PDCD6IPP2	-1.6780481792602	0.308639323044369	0.526974536260034	1.3238
ANKRD49	4.00268876871112	0.308662287260547	0.526974536260034	0.1383
C6orf120	3.91151159768076	0.308713725403921	0.527011899893496	0.166
FASTKD5	4.95754907936007	0.308843378595681	0.527135818964356	0.1111
TBC1D31	4.63678542425833	0.309037724830002	0.527221073217131	0.1213
NT5C3B	5.34267476464333	0.309648939903336	0.527967782467106	0.1079
LOC645513	1.27869541833547	0.309805263438864	0.528184991533424	0.2802
LDB1	4.94509775929913	0.309853540788102	0.528217969990437	0.1091
GCNT2	5.27885947672582	0.309902572236085	0.528252227707	0.1032
INVS	4.91083395049967	0.309974998534891	0.528326353585377	0.1203
LINC00987	2.50864971772363	0.310165194107299	0.528558863743506	0.2026
MRPL48	5.38308439450882	0.310169320074725	0.528558863743506	0.1114
SNRNP200	8.6890643823757	0.310613376561389	0.529167394783942	0.0925
MPHOSPH6	4.97004799277104	0.31069610164023	0.529258937346648	0.1251
IMPAD1	6.38666195271623	0.310785869519704	0.529313073416524	0.0943
ZNF815P	1.8607695977966	0.310825586585972	0.529331334768051	0.2474
RPUSD2	3.98726268694944	0.310900926353237	0.529410251982529	0.1286
C3orf58	4.87868965891376	0.310997455340406	0.529525232670626	0.1179
CDC37L1	3.44672820156574	0.31103177799468	0.529534285094738	0.1527
TIAM2	2.52100522305374	0.311075580690342	0.529559474177815	0.2247
QRSL1	4.68085527927028	0.311495572782246	0.530048819575894	0.1144
FBXW8	4.71765587763659	0.31159906058759	0.530104598833942	0.1363
TP53BP1	6.67490699769431	0.311964432251956	0.530627287355978	0.1007
LOC283440	-0.86200112846953	0.312058106707162	0.530662145552095	0.721
PSMD1	8.17313169141399	0.312090923370568	0.530662145552095	0.089
CALCRL	-1.98378293679818	0.312235809100593	0.530841584181451	1.1671
MED23	4.86053700835899	0.312449920748475	0.531007796796142	0.1235
NME9	-0.290379428314558	0.3129228349331	0.53161355616403	0.5359
GPM6A	-1.1627339744381	0.313111005067053	0.531784771467496	0.7287
IRF1	3.44873457568368	0.313225893402144	0.531930410227865	0.1717
HLA-DRB1	0.141223678100091	0.313299692732302	0.531956769951721	0.479
UBE2J1	6.24759851398356	0.313417471207283	0.532057778906468	0.0949
CETN3	5.67558888893839	0.313620774689301	0.532254426208783	0.0983
CENPH	5.949142998426	0.314092666398875	0.532906665220991	0.1088
PLEKHG4	3.08472917261998	0.31456477133496	0.533608480346685	0.1814
ZFAT	3.3946337146517	0.314807242301309	0.533920569997464	0.1564
PMAIP1	3.87798930016407	0.314876589924634	0.533960631753995	0.1741
SLC25A43	5.69635767915772	0.315020395497777	0.534034018033933	0.1183
TRIM5	4.32121498138253	0.315057302968763	0.534046993778805	0.118
GALNT4	-0.712121951710004	0.315300050892459	0.53428250949727	0.8811
POLD1	5.94495442444937	0.315342574486913	0.53428250949727	0.1017
HOXB-AS3	1.37293073366464	0.315404289256739	0.534337481873704	0.298
SNHG4	3.32914602788157	0.315526850117373	0.534495515982441	0.1761
PCGF1	4.22378131616802	0.31573769839857	0.534648195920293	0.1424
TMEM255B	-1.67938492313651	0.315763411941969	0.534648195920293	0.8954
PABPC1	11.0012462068253	0.31603760113216	0.534947945921666	0.1269
ZNF516	3.94141784601377	0.316899700842349	0.536074957244063	0.1385
BLOC1S6	5.61499281105062	0.317124117344781	0.536404881520088	0.0985
ZDHHC20	6.49882576741447	0.317539405167426	0.536958075281265	0.1034
RNVU1-4	-0.645411866654119	0.317664055061922	0.537069363697949	0.6596
DLGAP5	7.66883629587263	0.318418137456662	0.538186641013588	0.0892
CISD2	5.17349774927868	0.318442818592725	0.538186641013588	0.1213
MCCC2	6.90023804346621	0.318612559043088	0.538423667304509	0.0892
SIM2	3.81802711838163	0.319060794796397	0.538981573961601	0.1346
GNG5	6.51592089770156	0.319092664859557	0.538985537534795	0.0964
PDAP1	8.5640650582355	0.319282314811702	0.539206099833713	0.0988
KLRAP1	2.46171518847702	0.319449741860039	0.539389057287909	0.2057
CFAP126	2.09446533547412	0.31954668624972	0.539417192795102	0.2328
FAM106B	-1.37074617468747	0.319555047112129	0.539417192795102	0.8874
LOC100505851	-1.16307745073845	0.319810782121101	0.539766311324423	0.7354
ZNRF2P1	0.101042957364627	0.319821000744757	0.539766311324423	0.4874
HNRNPH2	-1.67744146428069	0.319885008167651	0.539796475189246	1.3068
HNRNPA0	7.64966343405681	0.319898009699411	0.539796475189246	0.1
HDGFRP2	5.90446010714326	0.320006645313258	0.539889724321006	0.1247
PDK3	5.11819824739215	0.320434904945499	0.540402736691458	0.1074
ATG4C	4.41195622082601	0.320721432597363	0.540835994226627	0.1306
TMEM259	6.19645890252705	0.320790312081005	0.540852229160586	0.1056
MOCS3	3.47007800433876	0.320841698211896	0.54088891333977	0.1542
THRAP3	7.88673945258479	0.320884567141831	0.540911233401779	0.1006
ERAP2	6.33384444508484	0.321010851429667	0.541036344218106	0.0929
DUSP12	4.61072002466671	0.321018058751672	0.541036344218106	0.1161
REPS1	5.24147154709204	0.321317909460003	0.541293071761379	0.1034
TOB2P1	-0.266261781315066	0.321318635992444	0.541293071761379	0.6329
ZFAND4	2.44269593926463	0.3214803104923	0.541465499432368	0.239
METTL22	3.66087423804857	0.3216165488641	0.541644992256736	0.1388
TCEB1	6.30343844578784	0.321892236004712	0.54195929728876	0.1007
WASL	6.32573865141574	0.322057345641901	0.542187283478287	0.0987
DHX32	5.48876955485715	0.32213935623372	0.542275342314688	0.1085
LRRC37BP1	3.86274957765383	0.32230067100182	0.542445755083041	0.146
ANLN	9.17181791648317	0.3231036348117	0.543378752050642	0.0955
LOC644215	-1.61047330436678	0.323122246508642	0.543378752050642	1.0247
RUNDC3A-AS1	-1.61047330436678	0.323122246508642	0.543378752050642	1.0247
CDC20	7.64961440709551	0.323374469840203	0.543725154071317	0.0938
DNAJC24	4.84025865566436	0.323387802525545	0.543725154071317	0.1156
SSR3	7.34070453485949	0.323473444470479	0.543819062736262	0.0898
DCAF10	4.96888228864962	0.32351032829641	0.543830990182252	0.1066
EEF1D	5.81469853352663	0.323582947330756	0.543902981905007	0.6305
VAC14	5.55682754100207	0.323662083599989	0.543951525898504	0.0989
PRUNE	4.70200181118012	0.323730845950398	0.544001318452731	0.1131
TTC26	5.07683539285331	0.324029067648181	0.544402232558918	0.1095
ZFAND3	5.18238242856387	0.324493239164836	0.544857005569384	0.1157
RAB8A	6.80581500683054	0.325477264765613	0.546081513239687	0.1016
WTIP	-1.21137147209322	0.325586976510956	0.546215387170006	0.8866
HMGXB3	5.56065453361707	0.325966062413653	0.546801105892092	0.104
CNN2	6.88477430075736	0.326168756629897	0.546977870844234	0.0905
EDC4	5.42414920248708	0.326538934195163	0.547460261058581	0.1004
KCNJ13	-0.783971464409691	0.326754337087165	0.547764163152513	0.6693
HMMR	7.77366834745459	0.326780209295246	0.547764163152513	0.095
FAM183A	0.557910959554583	0.327012298929247	0.548052559373206	0.3852
MET	9.01103506693353	0.327139120336049	0.54816445900458	0.0954
KIAA0907	5.66966494195634	0.327423252689484	0.548439205532546	0.0966
LOC101929234	-1.54747947432533	0.327529771304349	0.54846665794645	0.7804
GUCY1B2	-1.54747947432533	0.327529771304349	0.54846665794645	0.7804
LOC284412	-1.54747947432533	0.327529771304349	0.54846665794645	0.7804
SNX1	6.54062944663936	0.327883330003622	0.548907663690612	0.0895
CDCA8	6.51036765466752	0.328041930830688	0.549072475405249	0.0911
COQ3	4.59925562733079	0.32827254515839	0.549408102714665	0.1108
AASDH	3.90493169277533	0.3284546306744	0.549662456466389	0.1266
GUSBP9	0.421382418738517	0.328765523495362	0.550034894149478	0.3634
ENOX2	4.7974011349192	0.328883182200814	0.550177895561079	0.1045
ATP6V1C2	-0.11723462581841	0.329429666902643	0.550789266322434	0.4404
HACD3	7.21868028841974	0.329609728934368	0.55096027414646	0.087
ZC3H12B	0.0162066284518622	0.329682845901398	0.55096027414646	0.505
EIF3D	7.72700143042323	0.329941854195826	0.551191296687317	0.0888
POLRMT	5.11541189162496	0.32999701574795	0.551233005718234	0.11
RNF165	3.1205530808712	0.33043701295463	0.551766039376176	0.155
TRPM2	-1.61060223940103	0.33085317481751	0.552258897272421	1.0213
ST7-OT4	-1.54782664816754	0.3310110007351	0.552421320908675	0.7908
TOPORS-AS1	0.358474442586157	0.331106872949703	0.552530811021004	0.4324
BACE1	4.02670670188557	0.33116526597001	0.552564691573472	0.1235
UQCC1	5.04268871334687	0.331482676253973	0.552905229574466	0.1089
RGPD3	-0.712576422443189	0.331607129078174	0.553062282884264	0.65
CKAP2L	5.81596858900508	0.332479273019494	0.553960172332197	0.0942
U2AF1L4	2.72747450018566	0.332602537770431	0.554114978055939	0.1785
ASH1L-AS1	1.44979612291248	0.332851098224223	0.554389008150963	0.2901
ADAM9	7.98928264382459	0.332906588032254	0.554419145330855	0.0862
KANSL1L	2.34358445968177	0.333193199587236	0.554772171754637	0.2106
KPNA2	9.07583827970473	0.333698627133923	0.555359196090548	0.0881
ZNF165	4.1942314870663	0.333776563899126	0.555359196090548	0.1187
PHF12	5.05529022767256	0.334213674452425	0.555936659754303	0.1255
SNRPA	6.74172820682907	0.334569254896707	0.556426739308944	0.1083
MRFAP1	8.70849719976126	0.334646132964688	0.55650389901652	0.0929
SLC39A10	5.64671418659517	0.335100834590197	0.557107807693165	0.1
NLRC5	3.05105845612344	0.335238074476024	0.557201511712497	0.1755
MAL	6.31864872592168	0.335239120223328	0.557201511712497	0.0938
MRPS22	6.451936730034	0.335248762305547	0.557201511712497	0.0945
FANCA	4.95904414966055	0.335361510491656	0.55721562890257	0.102
ELMSAN1	5.3654730561719	0.335363870511738	0.55721562890257	0.0968
RELL2	0.574402929455176	0.335498698683652	0.557312488004437	0.3489
DBT	5.26734699186279	0.33561051341298	0.557396791563626	0.1035
SCO1	6.05440554465112	0.33627876261174	0.558303482197156	0.0918
RAB3GAP1	6.20342919982554	0.336435256369381	0.558461723975216	0.0927
GSG2	4.75814694639524	0.337253943464752	0.559617159779359	0.1041
TTC39C	3.41754620373936	0.337514671731481	0.559860950377134	0.1431
HSD17B4	6.6221355099121	0.337523533076837	0.559860950377134	0.0993
GPAM	3.63125856197743	0.337876345484204	0.560344346217262	0.166
INPP4B	5.05844258224875	0.33808699827035	0.560642768682307	0.1028
HOXA5	0.0787743103527338	0.338160737448615	0.560714116517885	0.4477
TBCCD1	4.38285934372068	0.338311099472134	0.560909889679968	0.1117
ELP2	4.81811169280501	0.33880689262995	0.561596356076017	0.1163
ERGIC1	7.64865645580809	0.338815855927983	0.561596356076017	0.0879
PPIL2	4.37190926299695	0.339438737668982	0.56237349985343	0.1459
BARD1	5.30425511416941	0.339531050004993	0.562475394636221	0.1092
AKAP10	5.32379397241088	0.339917388726897	0.563013232498479	0.1004
CENPA	5.42630536666613	0.340210143929793	0.563344797059619	0.1009
HERC4	7.00395894218179	0.340371902661548	0.56351042486526	0.0857
CEP162	3.83610077274912	0.340802940546991	0.564121722969069	0.1361
SLC4A5	2.98720026679664	0.341337221667494	0.564697384023641	0.2078
GYLTL1B	0.265934226442184	0.341579565897577	0.564946639526923	0.4825
DAZAP1	6.96782998760411	0.342195090170877	0.565759243448609	0.0932
ATP5B	8.87547503261461	0.342244352486355	0.565789450239147	0.0889
ECE2	4.19596656706516	0.342283988533814	0.56580373910479	0.1262
DPP9	6.25143309072127	0.342604243029792	0.566230586705764	0.0934
ZNF274	4.64653652911003	0.342645348158072	0.566247259525098	0.1092
RPA1	7.42100265439795	0.342719648530579	0.566318782003461	0.0933
RABGEF1	5.16368786870075	0.342838662517148	0.566440396246094	0.0993
ZSCAN25	4.17196719160723	0.342917356447844	0.566440396246094	0.1421
C16orf72	6.98428725724854	0.343031466309069	0.566538886368229	0.0989
ZNF701	3.91468668686804	0.343245556242022	0.566769705427952	0.1432
LMO2	-0.82341234336744	0.343627721969113	0.567203227149016	0.6256
C10orf88	2.86834973227848	0.343703188904703	0.567276504533429	0.1723
FAM72B	4.83714006328075	0.343774113579398	0.567342272419589	0.1084
AURKAPS1	0.873333034020054	0.343957726236327	0.56750242778287	0.3414
SOX4	5.94630740082724	0.344102035010325	0.567678181018299	0.0911
LINC01315	-0.161025210508395	0.344399972638958	0.56806703112548	0.5335
RNF26	5.98792174954628	0.344598540462481	0.568343206674773	0.0975
ATXN7L3B	6.60111091087249	0.344900069350296	0.568737753234487	0.0872
TSC22D2	4.89298973372577	0.345212836068696	0.569133261906492	0.1001
NOC4L	3.97639730775558	0.346036671844649	0.570405912523333	0.1315
AMPD2	4.99474922239009	0.346889108343499	0.571484524599906	0.0988
APOBEC3C	4.70723188107626	0.347079742625018	0.571660752558853	0.115
RABGAP1	6.92276140209856	0.347202899009603	0.571760807370461	0.0889
BNC1	0.65981341840515	0.34721001507933	0.571760807370461	0.3873
DGAT2	2.70633279964375	0.34738407573426	0.571955599441256	0.1898
AMIGO2	6.45604232017643	0.347483796500252	0.57201721445457	0.101
BHLHB9	2.72386426052608	0.347664723796053	0.572262843532661	0.1694
RNF122	-0.371123477298444	0.347854497654791	0.572470582085454	0.4885
COL4A6	5.27974160675671	0.347872588449556	0.572470582085454	0.0961
PTPN20	4.03023053599798	0.347885004253726	0.572470582085454	0.1713
ARHGAP31-AS1	-0.428133348221052	0.348003385109256	0.572613771839078	0.5056
MAPK9	6.05991859837786	0.348375603582794	0.573122917816301	0.0909
TRIM3	1.73928217726935	0.348702636162666	0.573609238221808	0.257
TTK	6.7086006152416	0.349769685010905	0.575053617575566	0.0859
ANKHD1	2.76103537691802	0.350000257761201	0.57523289719302	0.1785
CCDC68	2.66029925419795	0.350004766762712	0.57523289719302	0.2125
NTPCR	4.90566848807451	0.35023524886557	0.57553703657065	0.0986
YIPF6	6.31849647294233	0.350284400379957	0.57553703657065	0.0874
DIRC3	-1.42661739154209	0.35032004348202	0.57554380073864	0.7139
FGF18	-1.07158225707192	0.350395893233125	0.575616613593443	0.7059
ARMC6	5.0566039624569	0.350527675029328	0.575781288045296	0.114
PAX6	4.27615603362568	0.351394885416549	0.576894337065154	0.1257
USP22	8.14063444185917	0.351512459066567	0.576931713810954	0.104
LIG1	6.48985166078881	0.352390400656825	0.578060845933238	0.0875
ZNF223	2.04205509812146	0.352634942357308	0.578306100222333	0.2166
SAA1	-0.712070584781356	0.35312609204624	0.579059546968126	0.6547
SNRPG	7.96138619311308	0.35334647185558	0.579316855877455	0.0966
TXNRD3	4.13597539576503	0.353648446603534	0.579707824476441	0.1242
ZNF432	3.2784043713984	0.353766303121594	0.579823480228586	0.149
CHMP4C	5.54361856276276	0.353782523349377	0.579823480228586	0.1091
CLCN4	3.25856661001969	0.354407451153477	0.58043082697209	0.1521
AKAP9	6.80354610692097	0.354739315319673	0.580765934936413	0.0914
THAP6	3.58637647653509	0.354931787932279	0.580895511873823	0.1371
LIPE-AS1	-0.710560849908411	0.354942124973412	0.580895511873823	0.7778
SNORD67	-0.982492457308103	0.354945740301955	0.580895511873823	0.6548
LOC644936	-1.82240012640019	0.355153395359132	0.58118325436324	1.4963
EPHB2	5.53013411196482	0.355645536449928	0.581906091203328	0.0998
C2orf48	1.00435218994459	0.355658860957862	0.581906091203328	0.3053
GRK5	2.84902597840676	0.355764226967942	0.58197853627388	0.174
PRELP	-0.983088247840523	0.355769634382297	0.58197853627388	0.6588
PCCA	3.04724909407262	0.355798775380849	0.58197853627388	0.173
HAX1	5.82400158378526	0.355894281682963	0.582082602258034	0.0947
SEMA4A	3.29754709761772	0.356506532295738	0.582960580711171	0.1781
BTF3L4	5.90041829354135	0.356526888893527	0.582960580711171	0.1029
ZNF514	4.15895242769443	0.356983572071438	0.583602766341557	0.1151
GLI1	-2.07074896692911	0.357030012678209	0.583626424736155	1.6564
SEC61A2	3.36881686212978	0.357172954706701	0.583755547101659	0.1561
ALMS1-IT1	1.59307947429177	0.357548211458645	0.584159669624935	0.2442
LOC101927124	-0.982747150878788	0.357602124056943	0.584195469958259	0.6527
FABP3	-1.16414760231492	0.357762663954221	0.584270532340464	0.7607
HAUS3	4.95707286365174	0.357776089013697	0.584270532340464	0.1024
LOC102724541	-0.182419731509402	0.357907649549982	0.584380829101554	0.6523
HDAC8	5.04449540632091	0.358134675395504	0.584699216063344	0.1181
RAP2C	5.72862317256627	0.358251077825034	0.584836955805581	0.1147
ZNF821	1.08279258415654	0.358688501202809	0.585446336876038	0.2996
LOC101927250	-1.90073160111087	0.358942624803708	0.585564277794853	1.3671
PSG4	-1.90073160111087	0.358942624803708	0.585564277794853	1.3671
RNF32	2.38323650831693	0.358948844144713	0.585564277794853	0.1866
SCAPER	3.49604760357519	0.359255059779565	0.585745568458941	0.1303
ARFGEF2	6.69452519174091	0.359337134845107	0.58582414125132	0.0894
ASCL5	-1.8231331030998	0.35962478395583	0.585951301005574	0.9845
FEZ1	-1.8231331030998	0.35962478395583	0.585951301005574	0.9845
LOC105375620	0.0160206401229955	0.360197793394713	0.586703329426649	0.4205
MN1	3.97009097446762	0.360452107715773	0.58691595608333	0.119
SNX12	6.19091712606403	0.360488246086721	0.58691595608333	0.0883
TMEM216	3.38283238243131	0.360489078415994	0.58691595608333	0.1477
LHX1	-1.82300385505237	0.36057878414479	0.586957314609656	0.9862
POLR1C	4.54782890949778	0.360648751550452	0.587018866646313	0.1043
FNIP1	4.7815456521546	0.36079222802031	0.587189738915679	0.1239
CNEP1R1	2.67761931163291	0.360818059331512	0.587189738915679	0.1819
KNOP1	6.10292272080508	0.361010703131539	0.587450877651251	0.1123
HOXA10-AS	-0.000581153706092927	0.361383380053497	0.587886502337482	0.5407
PRMT7	4.29858964645583	0.361404603041508	0.587886502337482	0.1093
GCLC	7.63823289689505	0.361407220406089	0.587886502337482	0.0869
GPR153	3.12959232826744	0.361490576063539	0.587921196838081	0.1553
CACNA1H	-1.89999297133377	0.361525161903171	0.587921196838081	1.3623
RIPPLY3	-1.89999297133377	0.361525161903171	0.587921196838081	1.3623
SNORA71A	-1.74729169522749	0.362358485302396	0.58890915229062	1.1504
RCN2	6.38572387577995	0.362529834337554	0.589133482300255	0.1231
USO1	6.40925931749259	0.363837109547654	0.590576177816482	0.0841
TRI-AAT5-5	-1.54649371545685	0.363997612712131	0.590692404020906	1.1563
CTNS	3.64422133789912	0.364418614993515	0.591159355691163	0.1261
LAD1	6.57039067599279	0.36442306030611	0.591159355691163	0.1065
EIF3H	8.49035762617621	0.364477687761474	0.591195439162459	0.0875
GNPDA1	6.10710789556305	0.364705926932502	0.591355484686008	0.0917
TAF15	-0.785999819482718	0.364796640095114	0.591450040992575	0.6851
ZNF44	1.68747562235158	0.365061599922456	0.591648693410997	0.2421
LINC00706	-1.90086100639679	0.365493710318532	0.591844347664992	1.3657
DIRAS2	-1.90086100639679	0.365493710318532	0.591844347664992	1.3657
ITGB3	-1.82326234002402	0.366143033249519	0.592738069965702	0.984
GNL1	-1.82326234002402	0.366143033249519	0.592738069965702	0.984
ABCC2	7.61241358576644	0.366336665236577	0.592946374728162	0.0803
MAEA	6.19631340429819	0.366478304029822	0.593123042408548	0.0917
RRM1	7.15838003900723	0.366521193588913	0.5931398732523	0.0803
KCNG2	-0.983938315885585	0.366931136448857	0.593698025969187	0.6628
NSUN6	3.58966764377587	0.367386967989163	0.594228055808353	0.1263
RAB9A	4.39060804554894	0.367442180284756	0.594261555924743	0.1279
KCNJ11	-1.90047275701064	0.368927166106852	0.596135098641059	1.372
LINC00562	-1.90047275701064	0.368927166106852	0.596135098641059	1.372
DDX60L	6.41795782846332	0.369231580041752	0.596566322633656	0.0897
EMC6	1.43804421235835	0.369334762976096	0.596582501583047	0.2668
TRIO	8.77637882489048	0.36963463722608	0.597014061505734	0.0852
TMEM14B	7.11924094735383	0.37006585368057	0.597551939217449	0.0817
SLC45A4	4.55013079621896	0.370211436606277	0.597681286406455	0.1054
DZIP1L	0.764447688640556	0.370529333867723	0.598088728478262	0.3202
NAB2	3.67023316238217	0.370613356020593	0.598118584468877	0.1486
TMEM14E	-1.89938351369991	0.370817594994478	0.598342408893335	1.3503
STX18-AS1	0.0583790732912659	0.370976241303548	0.59854549370195	0.4137
GALC	1.49434856892597	0.371103174444625	0.598697380051349	0.2591
LINC01545	-1.89986349143185	0.371248591395638	0.598846502019631	1.3624
WDR62	4.72386115024392	0.371815812135731	0.599549800058381	0.1009
PPM1A	6.27669646211417	0.371828595325427	0.599549800058381	0.0867
NINJ1	5.54415122438444	0.37202861898985	0.599766378336162	0.0979
MAPK14	6.12330365921074	0.37277335184348	0.600544701202501	0.1079
ANAPC4	4.89711525481225	0.372774570224953	0.600544701202501	0.0941
AADAT	2.58535149031046	0.372915850890472	0.60071929531955	0.1696
TAF9B	4.61473083913394	0.372984626258306	0.600777072257953	0.1091
NBPF10	1.42631797160966	0.373686643722929	0.601801637950406	0.2542
LOC728752	-0.342752732676448	0.374063225357487	0.602259408406219	0.5337
LSM10	4.92181025903895	0.374069863711554	0.602259408406219	0.0999
SRGAP2C	4.7787663058033	0.374363167934905	0.60262534113567	0.0983
PPIH	6.54565274102073	0.374522740455048	0.602757203520071	0.0842
SYCP3	-1.21162757109587	0.374572858724618	0.602757203520071	0.8671
ARHGEF11	5.70848175056136	0.374628938977815	0.602787406132468	0.093
PRDM4	4.87717698307135	0.374924016986106	0.603155873642788	0.0988
EGR1	1.35485376582686	0.375274934931821	0.60366721403783	0.259
HERC5	3.04221643661721	0.375633296586608	0.60410446164344	0.1547
LOC100507156	-1.11434096861256	0.375646025886083	0.60410446164344	0.8224
TRMT6	5.58753177438581	0.375821224320764	0.604226532029931	0.0981
SPRY1	2.96025696389388	0.376080359727121	0.604536677571393	0.1601
ACVR2A	3.2727689917402	0.376201992147789	0.604625721335509	0.1395
LOC101927911	-0.982278613309111	0.376590635629988	0.605090302960903	0.6429
ITGB2	1.55764490707647	0.376623636752012	0.605090302960903	0.2255
ZRSR2	3.87252349048102	0.376809250261986	0.605118131684587	0.1483
CEP63	5.54387039159577	0.376817523592432	0.605118131684587	0.1266
FAM222A	2.61811465159298	0.376955044987046	0.605118131684587	0.1767
KLF11	3.59268247125789	0.376985130868338	0.605118131684587	0.1318
PAPSS2	6.04803001340854	0.377005566924873	0.605118131684587	0.0888
ACSBG2	-1.06940750414843	0.377111600435743	0.605235110114719	0.6911
RPSAP52	-1.42696353848048	0.377347730891249	0.605507618453955	0.7275
ZNF689	4.38000630550792	0.377472768236508	0.605651398020466	0.1182
SMYD4	4.3328023554746	0.377503684162734	0.605651398020466	0.1069
METTL5	5.24303627249142	0.377959127527864	0.606274836834878	0.0936
VIMP	4.62401775695742	0.37813467624339	0.606450553412925	0.1061
CEBPB	6.1377656502831	0.378404604667865	0.606733982577424	0.0906
PFKP	7.98301017828255	0.378488960067661	0.606805519890683	0.0798
COMMD5	4.18921014346575	0.378570309438989	0.606882645690041	0.1236
NSUN2	8.28293386168085	0.378633835287036	0.606931187725009	0.0789
VANGL1	6.53532016096954	0.379253411610557	0.607688404236474	0.0821
DDO	1.05985688468365	0.379294486684681	0.607688404236474	0.3375
ATXN7L3	5.65102713349109	0.379353812312098	0.607688404236474	0.1055
ZXDC	5.51389178370702	0.379439095086085	0.607688404236474	0.0967
CASC4	7.01759296608289	0.380384407980839	0.609095225102091	0.0943
ZNF2	2.39231177992328	0.380498517183663	0.609171352249842	0.1958
GGA3	4.79638635745648	0.38061124071718	0.609191549231355	0.1157
LOC100507431	-1.06805040490716	0.380779198613421	0.609300118317697	0.9124
COX3	13.3502738203238	0.381286946478199	0.610005651994216	0.1183
PHF19	6.04556853317042	0.381620502506252	0.61037882370371	0.0869
PPM1D	3.6611309176074	0.382068335225797	0.610943874603965	0.1385
TNFRSF13C	-1.36932425618849	0.382772293479664	0.611792242143648	0.8434
DOT1L	4.78886587169883	0.383324234088672	0.612620784165526	0.0995
ZNF788	0.177646958046284	0.383417786423264	0.612716658696001	0.3884
LGALS2	-0.899132459903651	0.384327076059729	0.613954769036264	0.6152
PPIB	6.809793087316	0.38518725197351	0.614349576075538	0.1211
DNAJB5	0.728037653824941	0.385198238605525	0.614349576075538	0.3431
PPP1R1B	-2.37047425044824	0.385228205009775	0.614349576075538	1.9613
ADORA2A	-2.37047425044824	0.385228205009775	0.614349576075538	1.9613
HCP5	-2.37047425044824	0.385228205009775	0.614349576075538	1.9613
RP1	-2.37047425044824	0.385228205009775	0.614349576075538	1.9613
IL34	-2.36986087885391	0.385401639785169	0.614349576075538	1.9538
SNORD33	-2.36986087885391	0.385401639785169	0.614349576075538	1.9538
MSX1	-2.36986087885391	0.385401639785169	0.614349576075538	1.9538
LINC00665	4.05454625990185	0.385660259125554	0.614349576075538	0.1112
ARPC2	7.9723092861188	0.386825262329384	0.614745323922668	0.0792
TUBA1C	9.32644465341893	0.387192977294856	0.614878955226312	0.0814
ZKSCAN1	6.34113289212524	0.38748864347734	0.615129797854115	0.0846
FAM155A-IT1	-2.37060430655883	0.38773006733886	0.615352526239958	1.9599
SNORA46	-2.37060430655883	0.38773006733886	0.615352526239958	1.9599
SMYD3	4.09080484280431	0.387820683362305	0.615386018064769	0.1194
HMMR-AS1	-1.21487450404511	0.387915647334234	0.615386018064769	0.6891
ZNF317	4.82161007268663	0.387940533450256	0.615386018064769	0.1131
MIR320B2	-2.36999098850164	0.387953422540941	0.615386018064769	1.9505
PCDH19	-2.36999098850164	0.387953422540941	0.615386018064769	1.9505
TSTA3	-0.286904558662695	0.388164285592181	0.615545552671733	0.5047
SH3YL1	5.97330314288481	0.388192815146857	0.615545552671733	0.0875
DHRS7	5.2834268690739	0.388472922594797	0.61556823842467	0.0908
LOC105369199	-2.37034418292936	0.388747639270068	0.615896633039517	1.9647
HPCA	-2.36973075778881	0.388995858092177	0.616129479900294	1.9546
SNTB1	-2.36973075778881	0.388995858092177	0.616129479900294	1.9546
BGN	-2.36973075778881	0.388995858092177	0.616129479900294	1.9546
TFB2M	4.7266580984351	0.389166791676197	0.616293281474727	0.1032
ITFG2	4.34495602961715	0.38924917390492	0.616370276590183	0.1079
CWC15	6.16575924068204	0.389544677763541	0.61678470401138	0.093
LOC105370707	-0.456092793331311	0.38961387207451	0.616840763905321	0.431
GPR173	1.92254630474762	0.389686633159552	0.616848970342563	0.2118
WNT10A	-0.315011261483656	0.390100221662523	0.617343069232924	0.4543
PPP1R26	5.8415450808912	0.390135345406374	0.617345138748268	0.0831
GLRX3	6.48649506854441	0.390944179816001	0.617875244283692	0.0792
SIAH1	3.25619852487937	0.390999688146768	0.617909479467399	0.1335
SNAPC5	3.6425913082956	0.391061244712193	0.617953266118393	0.1482
ANKH	5.93725984306047	0.391134762173363	0.618015944109133	0.0827
ZNF37BP	3.3825474243253	0.39121917762558	0.618095829228264	0.1268
PSG1	-0.82201553453098	0.391415182412718	0.618191501870974	0.5957
GFM1	6.69275620881591	0.392092149447798	0.619046465477731	0.0786
TBCA	7.70626028818268	0.392193528078256	0.619152978951629	0.0765
ACAD11	-0.983429273166922	0.392228500004645	0.619154647305213	0.6749
FAM222A-AS1	0.749245266189647	0.392649078326192	0.619711383584591	0.3173
UPRT	2.53103111839027	0.393141872335887	0.620328264594983	0.1865
MUC3A	-0.825102625413986	0.393273957922373	0.6204117532105	0.6544
LINC00630	1.87942855902745	0.393700154580046	0.620994472266573	0.2077
B4GALT3	4.54567747956201	0.393754356030984	0.621026308743122	0.1077
ABLIM2	0.484800249934269	0.394074735746327	0.621477917742307	0.354
CTAGE7P	0.196497869259464	0.394268609040968	0.621729958249279	0.3477
TARSL2	2.91594726027212	0.394586234857925	0.622046261420143	0.1647
DNAJC19	6.8251004265015	0.394605486059743	0.622046261420143	0.0916
TAB1	4.93259173869893	0.395630487620276	0.623392903676485	0.0903
RNF4	6.36962206107704	0.395743389232964	0.623431939435805	0.0815
RANGAP1	7.4958418903617	0.395889703808969	0.623586059770194	0.0882
ZNF7	4.75818361061378	0.396190455919842	0.623952118984872	0.0955
INSL3	0.0976902049197732	0.396497416052058	0.624247826712831	0.4115
RBM14	6.19446019669727	0.396549191848636	0.624247826712831	0.0803
CEP19	3.1643386096016	0.39663572829394	0.624330216911033	0.1432
SNORD76	0.455269776847085	0.397292938027036	0.625149101587793	0.3514
HECTD4	5.37588545719363	0.397408925196337	0.625277715968657	0.0925
CASK	5.03618321437564	0.397693025675211	0.625670792547971	0.0909
DDX51	3.91065012147995	0.397972496634787	0.625895293377821	0.1111
P2RY6	4.56266777191353	0.398138097324223	0.626068764328149	0.0966
ANKIB1	7.00232157811885	0.398151750320432	0.626068764328149	0.0754
ABCA1	3.72977769620767	0.398952365896321	0.627057631666228	0.1159
AGAP4	3.18939745896627	0.399123321963526	0.62726619486664	0.151
ZNF236	3.69003657387292	0.399277168267787	0.627406092606019	0.1285
RFX3-AS1	-1.36859305195919	0.400173009193956	0.628489199573715	0.8337
TBL2	5.73330998209253	0.400345563374107	0.628658378357151	0.0853
MEF2D	4.66085765414377	0.400441308417591	0.6286942317227	0.0959
ADAM10	8.25974522332955	0.400564598426512	0.628833718193688	0.0778
PGS1	3.99867740317254	0.400604136897806	0.628841713087389	0.1306
MRTO4	6.25154455939378	0.400752036754825	0.629019790473398	0.0798
ZYX	6.18507954849885	0.400968417570076	0.629305315608606	0.1027
DEPTOR	0.615803267927647	0.401131535373225	0.629453095218635	0.3332
HEXIM1	7.52044361993808	0.40207406425494	0.630686456649178	0.0795
FAM208A	6.46918086344957	0.402287362539559	0.630941416711528	0.0779
RYR1	-0.00457521624996042	0.402384335086582	0.631039293990262	0.4571
SOST	-2.37012108673392	0.403088109068624	0.631726845724239	1.9376
PGM5P2	-0.48461648103671	0.403291746918901	0.631919503197276	0.5047
COQ10B	4.24330340424536	0.404531285784083	0.633589838132655	0.1027
UHRF1	6.71781722485497	0.405326510397392	0.634621484671406	0.083
COX19	4.82514323190616	0.405689264021288	0.635022138726968	0.093
MIR331	-2.37021410400024	0.405934699110122	0.635297373935225	1.9776
KLK14	-2.37021410400024	0.405934699110122	0.635297373935225	1.9776
PATE2	-1.74841624646286	0.40614451769282	0.635462317020922	1.165
VSIG1	-1.74841624646286	0.40614451769282	0.635462317020922	1.165
CNTROB	6.05006110523063	0.406431936790919	0.635803036679951	0.0816
TRIM52	3.43516794319036	0.406476201414369	0.635817799076404	0.1309
TECTA	-2.36960062530441	0.406562853913026	0.635898857182676	1.9549
KIF26A	-0.339472570480047	0.406836225692349	0.636162923874905	0.5013
ARAP3	4.60572832711405	0.407293172270189	0.63660480761683	0.0982
FRG1B	3.704229962808	0.407394028920658	0.63665343194449	0.1105
TOR1A	5.72511701689951	0.407443854091919	0.636676795369518	0.0814
COPB1	7.05140546252459	0.407597097315582	0.636807240786758	0.074
MED30	3.87523245658794	0.407921589825762	0.6372051462188	0.1327
PDXP	4.20572498301494	0.408976335625298	0.638331119335894	0.1056
ANKRD36B	2.87354677715968	0.40930929683997	0.638715852028125	0.1603
RALGPS1	3.95198742582645	0.40934352918104	0.638715852028125	0.109
PRTFDC1	4.60922175174536	0.409437269863281	0.638735328794201	0.0941
UNC13A	-1.67903665931399	0.409673744059273	0.638924005270494	0.8704
LOC101927967	-1.67903665931399	0.409673744059273	0.638924005270494	0.8704
SENP3-EIF4A1	-0.397245717361642	0.409754404638625	0.638924005270494	0.4172
NUDT9P1	-0.748768790704843	0.409964557445802	0.638924005270494	0.578
PEX3	4.61846331266571	0.409966903907678	0.638924005270494	0.0925
GOSR1	5.55395394987015	0.410243707612556	0.639195030022032	0.0826
SEC22B	5.86867718930547	0.410310692854321	0.639241509536481	0.0841
MAP3K8	2.85361005899516	0.410392138835337	0.63931383962607	0.1625
COG2	4.35022270443221	0.410430331556522	0.639318782670295	0.104
NBPF6	-0.747586858384084	0.410975077100593	0.640003498042175	0.5704
PLAC4	-0.747586858384084	0.410975077100593	0.640003498042175	0.5704
GSDMD	-0.0247359252918996	0.411170900600925	0.64019820223482	0.4107
KIAA0895	4.45319888135705	0.411205308906962	0.64019820223482	0.1161
ARVCF	3.02842836723805	0.411303026711117	0.640273986164189	0.144
ADAMTSL3	1.20846404075288	0.411359228536756	0.640274028149631	0.2707
ZNF790-AS1	-0.342160899908264	0.412162805909068	0.641251421908637	0.4088
TPTE2P5	-0.342285816997374	0.412330868293932	0.64144968722943	0.408
MYLK2	-0.823453854856053	0.41273748111922	0.641871674819764	0.6036
SLC46A3	-1.31673649363363	0.412842614165247	0.641926136121349	0.6708
PDCD2	5.41670820569791	0.412886353610239	0.641939471257752	0.0929
LOC642776	-0.93912202282259	0.413474183515009	0.642634487846927	0.7314
MBD1	5.07341698725988	0.413510282118223	0.64263588238276	0.1047
LRR1	4.88270314309026	0.413760079115124	0.642914905807456	0.1223
PHC1	4.87576596737392	0.413783485521137	0.642914905807456	0.0881
ARL2BP	5.51262419708222	0.413795472350877	0.642914905807456	0.0866
NAP1L1	9.62837057007378	0.413852822035141	0.64291875833357	0.0741
FAM160B1	4.21237109960241	0.413878734092102	0.64291875833357	0.1416
CA5BP1	3.32754344317116	0.413995129485245	0.643006217788211	0.1317
RNF168	6.17677127813517	0.414087484444591	0.643035627813015	0.0771
LOC286437	1.4167324368784	0.414823618300705	0.643852534407493	0.2542
C1QL3	1.45144595446374	0.414928206266034	0.64390762781305	0.2738
LINC01547	0.268454151768144	0.415444016434305	0.644503639578906	0.3461
SMAD2	6.09828885048041	0.415822350643009	0.644801905490424	0.0789
LOC102723897	2.03569922685327	0.416484644663871	0.645554735352661	0.1893
MTHFD1L	5.46615330337874	0.416541069027499	0.645587380606674	0.0853
FTSJ2	5.70579451780935	0.4165852672213	0.645601072868595	0.0844
ZNF583	1.30528954102894	0.416696765628767	0.645664246589608	0.2206
ADPRM	1.64153067949565	0.416768926963213	0.645721253555157	0.2478
JAK2	2.52091286039793	0.416852122148599	0.645795344700001	0.1876
PDGFA	3.48041261124437	0.41754969340903	0.646766265304196	0.1264
TRIM21	2.83572531420916	0.417835229605319	0.647098740386385	0.168
AGGF1	5.5341099515244	0.418183547544108	0.647473398690971	0.0804
PARP2	5.19125772526579	0.418859079441129	0.648134544353047	0.0867
AGBL3	2.06813182352898	0.419031285779517	0.64829573826601	0.2623
BRD3	5.27090474357265	0.419314880431691	0.648619933668951	0.0899
TTC21B	3.45210412714678	0.419370053395481	0.648650317274244	0.1219
RENBP	1.98665601868191	0.420028831334652	0.649559199055096	0.2064
FBXO38	5.28668756805414	0.420374676408384	0.64998391568658	0.0842
EXTL2	4.9802792121409	0.420890443087014	0.650671176983362	0.0948
NDUFA12	6.59890420206034	0.421049335839634	0.650806593437334	0.0734
WWC3	5.96697320377796	0.421091087121613	0.650816024931609	0.0818
RCOR2	1.74129165605365	0.421191085836781	0.650915471348199	0.2152
ZNF326	6.33477263520164	0.421339790852512	0.65103505897617	0.1091
RIPK1	4.82013716180715	0.421466411933069	0.651175593792325	0.0939
ANGPTL1	-1.67916560463676	0.422579964967544	0.652619900215505	0.8715
MRRF	6.16219380002367	0.422727926333128	0.652774334742986	0.0764
NFYB	5.57780125997074	0.422876484673952	0.652888297092145	0.0848
AAMP	7.15541963147583	0.423078789048097	0.653114017661259	0.0735
TLR6	3.93932369630911	0.423314624288974	0.653216534807451	0.1071
FOCAD	4.98978677326004	0.423336557863524	0.653216534807451	0.1057
ERCC4	4.35095063871812	0.423359883865127	0.653216534807451	0.1008
SLC30A5	5.54689073982246	0.423775341543046	0.653802301631864	0.0965
FAM21C	5.30638783340555	0.424171763861045	0.654358604110803	0.0847
RSPRY1	4.99993262985528	0.424226974281686	0.654388478452594	0.0905
LINC01085	-1.31682500587063	0.42426526051555	0.654392243661025	0.6949
STAG3L1	2.01123585991583	0.424539520309934	0.654649335482571	0.1902
C12orf43	3.69759561663574	0.424859608392712	0.654976947375219	0.1304
HACD1	4.7487081102614	0.425207163486132	0.65534672660218	0.1018
SLC16A14	1.13322308595788	0.425264926361997	0.655380423405759	0.2745
DNAJC5	6.38271288860982	0.425348367412324	0.655398362211292	0.0769
GLOD4	6.63499383364571	0.425880315378502	0.656107260552736	0.0727
LACTB	4.29052413255638	0.425997098506783	0.656231797345358	0.1106
MRPS18A	5.24234475513775	0.426224830728556	0.656456053242185	0.0843
LOC105377774	-0.898750903483616	0.426250550785104	0.656456053242185	0.6128
DNA2	5.66855849218986	0.426340895414379	0.656539804865871	0.0851
MXI1	4.0026328010189	0.426557131224243	0.656817390994415	0.1057
WDR25	0.71047589044487	0.426717348793012	0.656953273702583	0.2901
BEGAIN	-1.61219994922729	0.42714140399802	0.657439800302491	1.0411
ATP2C1	7.3764894934898	0.427324161210307	0.65761420208529	0.0752
CYBA	-1.11642544395996	0.427373111022743	0.65761420208529	0.587
PIGH	2.80271963219934	0.427510982717653	0.65761420208529	0.1476
THRIL	4.46496498507055	0.427561933917515	0.65761420208529	0.1095
GLP2R	1.14939648917726	0.427604037619868	0.65761420208529	0.2417
GTF2H3	5.50070518349217	0.427614931691196	0.65761420208529	0.0955
MAP2K7	5.85114307595166	0.428007270562894	0.658162123601431	0.0792
BMS1P4	2.64599343813393	0.428391822301414	0.658697979275214	0.1488
AP4S1	1.6175571746442	0.428549378266011	0.6588847439468	0.2242
ZNF571	1.19745028412512	0.428771240335385	0.659170337984235	0.2518
SNORD11	-0.748557594909455	0.428889032695448	0.659260795365639	0.5702
ZZEF1	5.79579950916397	0.428902304259295	0.659260795365639	0.0916
MEF2A	5.4312055813384	0.428941216966467	0.659265099927582	0.0797
POLE2	3.96241532409304	0.428999359094681	0.659298956110152	0.1054
ZNF84	4.45319551774224	0.429123255471562	0.659322854055616	0.0909
SF3A2	5.06157958893666	0.429465381471923	0.659792981919669	0.1032
CCZ1B	6.36278010774864	0.4302481363576	0.66071752837688	0.1358
ZNF132	0.835006910228506	0.430533788770818	0.661100584388936	0.2822
MIR3192	-1.90085676032473	0.431672517883439	0.66258459821104	0.8059
SLC31A1	5.86043084528253	0.431681705254279	0.66258459821104	0.0784
SERPINE2	7.53144646103874	0.431893049437167	0.662853258556109	0.0697
TTC5	3.00306788058124	0.432467113970852	0.663622731163476	0.1333
TUBG2	3.19858715435359	0.432987273481463	0.664086000561001	0.1238
CPOX	5.55004002732091	0.433488303673345	0.664686920196588	0.0848
ST7	4.3569655995694	0.434000018644133	0.665359786728863	0.0962
EMID1	0.0790340130716464	0.434206477199547	0.6656204087459	0.3627
PDCL	5.70925480415264	0.43431732162435	0.665666321787337	0.0815
MCAM	6.07134850807264	0.434333177750663	0.665666321787337	0.0768
BRE-AS1	-0.677024332605664	0.434345816451071	0.665666321787337	0.5448
ENO4	0.658174693201418	0.434657483800612	0.666088057102659	0.28
GPR37	0.659140783373128	0.434696708321826	0.666092253409708	0.2745
TRAF5	3.23589277095501	0.434917665909707	0.666374897930979	0.1307
ZNF630	0.846745036298735	0.435417918411699	0.667029413319122	0.2586
Sep-02	9.49960467320752	0.435840128545082	0.667564173732614	0.0704
SNORD1C	-1.26137333256299	0.436027583595396	0.667739247220666	0.7621
SULT1A1	5.37723337746433	0.436460265616208	0.668289743276818	0.081
N4BP1	5.3624568874325	0.436674658562086	0.668505875615048	0.0825
ALKBH2	3.63194828468833	0.437328564629363	0.669226343325536	0.123
CERS1	1.06928356541445	0.437731702236004	0.669666940514587	0.2825
UBQLN4	6.343593231486	0.437793750804683	0.669666940514587	0.0747
PRCP	5.71461878516034	0.437867100319608	0.669713621266318	0.0898
TSPAN4	3.99270458869699	0.438041268460061	0.669923883472135	0.1119
MIR3064	1.20610548331454	0.43833136277113	0.670255244053082	0.2407
FOSB	-0.398866864914215	0.43894130370751	0.671075491205453	0.4366
FBXO33	3.8589191910749	0.439235703814916	0.671365160841891	0.1041
ARFGEF1	5.71694373020693	0.439504695468267	0.671685022781595	0.076
ATP6V1B2	5.56376290752978	0.439523952790805	0.671685022781595	0.098
PSMC5	7.6205776539338	0.439562533660401	0.671687755461981	0.0782
ND4	14.3123755739229	0.439795461282092	0.671986060586733	0.1357
KLRG1	-1.11557170419253	0.440048900874421	0.672149659836298	0.5844
NPHP3	1.87020000271917	0.440089756899316	0.672155827152507	0.2675
TIMM13	5.75000224215705	0.440407409422919	0.672528453904208	0.0853
NDUFA8	6.49504356788583	0.440562988916309	0.672707999816672	0.0737
PLEKHO2	2.74008418298115	0.440663455157881	0.672707999816672	0.1413
LOC105372280	-1.67830132703347	0.44070922862661	0.672707999816672	0.865
FAM189A2	-1.67830132703347	0.44070922862661	0.672707999816672	0.865
TMEM120B	4.18511172306527	0.440850722312533	0.672867718964769	0.0961
CELF3	-1.61158947139643	0.440967117538653	0.672932851106382	0.6162
NRXN2	-1.61158947139643	0.440967117538653	0.672932851106382	0.6162
PABPN1	4.14752379764953	0.441480999861193	0.67360444074099	0.1233
CLGN	1.09701453195108	0.44177110383748	0.673934425641935	0.2323
LOC390937	-0.579217620759385	0.442087145237919	0.6742475291114	0.453
DDX41	5.9406949666644	0.4433676569347	0.675861718854365	0.0973
ZNF264	4.96551586278391	0.443416494961253	0.675879730484481	0.0851
LOC105376353	-1.61171831211413	0.443746155005754	0.676077989480849	0.6154
SNORD36C	-1.61171831211413	0.443746155005754	0.676077989480849	0.6154
ZNF26	3.64903217124863	0.443804845134414	0.676077989480849	0.1207
COL8A2	-1.11535653782233	0.443879840038941	0.676077989480849	0.5735
HOXC13-AS	-1.11535653782233	0.443879840038941	0.676077989480849	0.5735
FKBP1AP1	0.972507244726555	0.443962256710848	0.67609067054665	0.2692
DBF4	6.65922388826585	0.444194028322121	0.67638720335713	0.0862
CDCA5	6.50701321336096	0.44442468750441	0.676624802439759	0.0714
CLCC1	5.61684721288538	0.444613219567727	0.676799711200569	0.0762
MAGEA6	6.60078728860594	0.444673698646178	0.67683533787599	0.0724
ADRB1	-0.644067855859022	0.444758536590817	0.676889661488162	0.6042
PIR-FIGF	-1.02707339808356	0.44495287124382	0.677034473864575	0.6186
DNAJB1	7.96173428209871	0.445270665500037	0.677346577212411	0.07
NCOA2	4.28666285926258	0.445306398975863	0.677346577212411	0.0921
HRCT1	0.800409775438351	0.445411307779464	0.677449707141706	0.2924
LDLR	7.16260972527101	0.445950661658533	0.677980526337929	0.0678
C19orf44	2.32890650786177	0.446032108200571	0.677980526337929	0.1793
RFXANK	5.23178239994612	0.446266910456858	0.678129575270551	0.0796
ZNF222	1.42865412115237	0.446317245582712	0.678149615926592	0.207
LOC100289511	-1.74867456417133	0.446538618641752	0.678360591169823	1.1516
RSU1	6.04882147963256	0.446548062757284	0.678360591169823	0.0829
RBM48	3.84690078613902	0.446567571465761	0.678360591169823	0.1065
CGRRF1	3.24614421827521	0.446906243705324	0.678762095264925	0.117
LYSMD2	3.11090651961163	0.447018090576212	0.678831226578866	0.1387
C10orf25	1.25615035520414	0.44702612872103	0.678831226578866	0.2613
LOC101929767	1.57338245105585	0.447159667305019	0.678963000340037	0.2427
ANP32AP1	0.322834133976413	0.447187287252881	0.678963000340037	0.3872
ERF	5.6155456319757	0.447430678733034	0.679276047480272	0.1087
MYH3	1.4445975838843	0.447539471397781	0.679328227308381	0.2088
TTC23	3.93503517524503	0.447982845869293	0.679888173097499	0.0977
MGEA5	6.72339801366274	0.448514903804151	0.680448169878091	0.0694
C12orf66	3.65542701328578	0.448538194364206	0.680448169878091	0.119
ELL	3.89545688448432	0.44884427655352	0.680799361312817	0.1075
NEURL1	1.21362717811191	0.449016278440837	0.680947099120777	0.2283
LINC01296	1.68444639876775	0.449555148706369	0.681676099457937	0.238
SIGMAR1	6.17222603639139	0.44997032092184	0.68216726280926	0.1002
COMMD10	4.85335724441296	0.450468516780266	0.68275244851312	0.0978
MTG1	3.8682339202365	0.450609961607359	0.682774601645827	0.1071
VAC14-AS1	-1.02651781380818	0.450707533108779	0.682774601645827	0.5593
LINC00342	0.419692291470015	0.450769420198382	0.682811693921478	0.3015
URGCP	5.29381087741858	0.450943088337016	0.682947805955081	0.0826
HDX	0.528223594911762	0.45127750239104	0.683297842220356	0.319
F2R	2.16338645141025	0.451375791544291	0.683389985937352	0.1747
CEP57	5.81121530413004	0.451470791885635	0.683420462409962	0.0788
SELT	6.4859059935635	0.451918631170694	0.683984955285374	0.0731
IFI27L1	-0.78566324047304	0.452058035623788	0.684053471377967	0.802
TAF13	4.1283043843794	0.452440572201195	0.684434461891367	0.1232
TMEM181	5.78342882880961	0.45267613241355	0.684734068550979	0.0834
TTF1	5.19087151078862	0.452782866516625	0.684838603899455	0.0769
GNAQ	6.69835527143918	0.452977841829995	0.685020169023227	0.0713
LARP1B	5.58113776053819	0.453244703476231	0.685208512343957	0.0742
OCLM	-1.02566640197981	0.453252519449256	0.685208512343957	0.5572
LOC100506804	-0.290865936689918	0.453301773612705	0.6852262299473	0.4167
LINC01094	-0.610283567959507	0.453657723994286	0.685642662367859	0.5367
EXOSC2	5.60950032107434	0.453689929962956	0.685642662367859	0.081
PRKG1	-0.546566797820411	0.453899867780364	0.685903152570013	0.5202
C2orf47	4.3001844326507	0.454033266160927	0.685991169993701	0.1112
PIGA	3.76197323184187	0.454212216284821	0.686186495838584	0.1048
PLXNA1	7.22828642530298	0.454905157292779	0.686796936117844	0.0718
LOC105376341	-1.26235908572015	0.454957702996453	0.686819467948669	0.7583
CACUL1	6.60982872709967	0.455292837563582	0.687233773271245	0.0721
VMA21	6.81527111170456	0.455743824432325	0.687721355806037	0.0709
CBX4	4.65238289129341	0.455775987508356	0.687721355806037	0.122
SRCIN1	-1.67708785508087	0.455781150520226	0.687721355806037	0.8483
FXR2	5.78437630142048	0.45616219898376	0.688068834557342	0.0737
UAP1L1	2.93296258344129	0.456424148412779	0.688407076456022	0.1282
SEMA4G	0.748927251578156	0.456618362593522	0.688586223980451	0.2504
MYBL2	8.01566531785372	0.456697462436805	0.688602556126383	0.0755
SPTB	2.46342719881053	0.456737542876862	0.688602556126383	0.1601
DKFZP434I0714	2.39376899793107	0.456742350577036	0.688602556126383	0.1473
NKIRAS2	4.31351387025534	0.457054398261064	0.688982327602805	0.1006
CLASRP	4.93666598447222	0.457107468882843	0.688982327602805	0.0907
BTBD10	4.60900420516338	0.457203161015851	0.689038547631619	0.0916
PRR14L	5.80681990340859	0.457220254492191	0.689038547631619	0.0833
R3HCC1	4.29712606469645	0.457372460174193	0.68921103037062	0.0914
NAPSB	-1.82152848289799	0.457695451823308	0.689583904306868	0.9653
C1orf131	4.23712899298158	0.457775838074206	0.68964810198735	0.0945
TNIP3	-0.0508587902035885	0.458044948300764	0.689939651499897	0.4017
NUTM2G	2.01600732001677	0.458170285162155	0.690032398736031	0.2079
FAM184A	-0.164745534651664	0.45818211752181	0.690032398736031	0.3396
CLCA2	-1.11548431380412	0.459068455691694	0.691082190740296	0.5669
KCTD1	4.30139907917236	0.459234862840008	0.691162641690236	0.1057
DPH7	4.64965128152898	0.45935981140316	0.69123579928916	0.0876
ZSCAN21	1.21779681288192	0.459770144721809	0.691796238526445	0.2487
RAD51C	5.62631118841892	0.459975655471939	0.692048423132991	0.0822
RAVER1	6.22864052500615	0.46050974262193	0.692737793449732	0.0831
PSMD5	6.68470742983569	0.461643626941887	0.693936433408939	0.0716
IGFBP7	6.24381946345287	0.462219489257708	0.694406475419332	0.0816
PRSS30P	-1.61133175700373	0.462223280661587	0.694406475419332	0.6241
MIR7161	-1.61133175700373	0.462223280661587	0.694406475419332	0.6241
TAF7L	-1.02685932180692	0.462265660373091	0.694406475419332	0.5684
FKBP1B	1.00258590995308	0.462533225820685	0.694694082318587	0.2635
TGFB2	6.50558616289519	0.462723886455201	0.694830752320308	0.078
TMED2	8.00546191804233	0.462776463489407	0.694830752320308	0.0692
ZNF101	3.60880574504547	0.463283262730676	0.695362923983493	0.104
DPH3P1	1.44684226920097	0.463411994240132	0.695498961431096	0.2555
INTS9	3.9548474564884	0.463482862003195	0.69554814046283	0.0981
LOC389247	-0.0929357163172229	0.464133856067287	0.696296135784731	0.3742
CCDC163P	1.41665413421602	0.464278636386057	0.696398881428301	0.2335
PPIEL	1.32382831720458	0.464807177980345	0.696465330635437	0.2161
RPS6KA2-IT1	-2.16370805714356	0.464971486074973	0.696465330635437	1.4241
MAP2K4P1	-2.16370805714356	0.464971486074973	0.696465330635437	1.4241
TLDC2	2.95592373610001	0.465313916039151	0.696863892634187	0.1328
ZNF155	1.64227754137352	0.465466172187357	0.696957253576186	0.1964
LOC101927305	-0.455634549337677	0.465491376067048	0.696957253576186	0.4267
CLK2P1	-2.16357823236244	0.465516477670609	0.696957253576186	1.4257
ZNF560	1.50972711505694	0.465910956654993	0.697471949544367	0.2001
ARMCX5-GPRASP2	-0.747502140364102	0.46610322982219	0.69764536883118	0.5468
LRRC69	0.0968945038480023	0.46674430566637	0.698042519995888	0.3332
HOXC-AS1	-0.265376578875344	0.466750933478846	0.698042519995888	0.3568
ZBTB14	4.47923793959083	0.466863155751022	0.698095976033308	0.1073
ITGB1BP1	6.35369797756752	0.467037994275342	0.698240302068848	0.0678
UNC5C	-2.16431957558895	0.467112664831663	0.698240302068848	1.4316
ZNF879	-0.00708510114663826	0.467380156071895	0.698582948194572	0.389
FAM172A	4.61839575013084	0.467498833313636	0.698703127382213	0.081
SNORA72	-0.456218158008592	0.46771910036222	0.698773683177725	0.4302
RSPH10B2	-2.16418980380628	0.467737423774748	0.698773683177725	1.4337
ADGRB1	-2.16418980380628	0.467737423774748	0.698773683177725	1.4337
RPA4	-2.16418980380628	0.467737423774748	0.698773683177725	1.4337
MAGEA3	6.9334947982623	0.467818996591474	0.698838360344812	0.0683
LOC101928422	-2.16309629037319	0.468327676309187	0.699102237459307	1.4152
EI24	7.11756509694873	0.468368102728772	0.699102237459307	0.0651
NDUFA9	6.82028767790212	0.468405992420493	0.699102237459307	0.0689
VEPH1	2.36415799690434	0.468570057929014	0.699102237459307	0.1563
LOC101929516	0.193836611820992	0.468717858187205	0.699265605872813	0.3588
SNORD127	-2.16296641255235	0.469011215906923	0.699432190757728	1.4168
MIR589	-2.16296641255235	0.469011215906923	0.699432190757728	1.4168
ZNF773	2.50591987518992	0.469829528095426	0.700351748584151	0.1516
CABP7	-2.07148537281357	0.46998504399213	0.700469178146814	0.9118
TMEFF1	-2.07148537281357	0.46998504399213	0.700469178146814	0.9118
RAB3IP	4.92677227604225	0.470387513672063	0.701011791803851	0.0766
LOC101928453	-2.163837870607	0.471100577187493	0.701444591561445	1.421
GYS2	-2.163837870607	0.471100577187493	0.701444591561445	1.421
MIR4520-1	-2.163837870607	0.471100577187493	0.701444591561445	1.421
PTTG3P	-2.163837870607	0.471100577187493	0.701444591561445	1.421
ZNF320	4.83599812110934	0.471682438180312	0.702081907168347	0.0912
RRN3P3	1.9802341428213	0.471892755393247	0.702337693009875	0.1644
CCDC138	3.87272682580168	0.472088523939776	0.702514516876797	0.0964
LOC644762	-0.782279464436796	0.472140433441289	0.702534497750767	0.6484
LOC642846	4.20214122403328	0.472254818995721	0.702647430773096	0.0989
ASB7	4.17420778267722	0.472377110584154	0.702772107474884	0.0896
RPP38	4.24055526433722	0.472572041367686	0.703004822947236	0.0918
ZNF417	3.91405396351352	0.472922534399073	0.703411584486677	0.0982
TARS2	5.35606058959211	0.47316627577666	0.703716784568529	0.0877
RPS6KA2	4.1790338241028	0.473414047387493	0.704027928405513	0.0885
POLG	5.10673837999921	0.473482123595269	0.704048580801729	0.0859
ZBTB8B	-2.16344839626187	0.473505065462512	0.704048580801729	1.4281
LAMTOR3	4.42804126410821	0.47359806499931	0.704129511737715	0.0878
GOLGA5	5.0474310494842	0.473839855511472	0.70435975554639	0.0757
MYO6	7.43773025414963	0.4740026917619	0.704401071514388	0.0641
MIR137HG	-0.0714930275946622	0.47410302528543	0.704478661045972	0.3305
YWHAB	8.87002265375173	0.474381750551375	0.704778095545728	0.0647
SNRPC	7.23717854858968	0.474511413635253	0.704913367021335	0.0763
PSMA5	7.21776028192079	0.474681834331102	0.704994432765098	0.0701
TTC3P1	0.175241572400351	0.474758244982447	0.705050558887135	0.3173
MAST2	6.39228739975195	0.47481239415579	0.705067738008479	0.0703
ACADSB	4.15095218604784	0.475027295834394	0.70522064834941	0.1105
IL4R	6.16870503025097	0.475113479776017	0.705291241404372	0.0727
FUT4	2.18299007781403	0.475231331321734	0.705396046664333	0.1635
KIAA0226	4.50292249011242	0.475261359222792	0.705396046664333	0.083
SLX1B	-1.48622239724003	0.475790213897618	0.70581725831973	0.5713
LPPR3	-1.6127999734113	0.475840939871448	0.70581725831973	0.6478
ZMYM5	3.02380547929776	0.476257830983673	0.706253903631476	0.1324
MIR2052HG	-2.16322615686749	0.476408159034144	0.706253903631476	1.4068
GGACT	0.894626430709112	0.476939986266429	0.706910480578057	0.2495
OGDHL	-2.16406002071292	0.477236454553812	0.707235060827534	1.4418
LOC100506281	-2.16406002071292	0.477236454553812	0.707235060827534	1.4418
PDE5A	2.34097634490027	0.477358887981523	0.70735788308744	0.1505
LINC01590	-1.06859477612752	0.47741514348563	0.70735788308744	0.67
ZNF569	2.17740008222853	0.47743557380606	0.70735788308744	0.1751
CXorf58	-1.16140685459419	0.477518506118711	0.707423342343844	0.6995
GTPBP1	5.63596700005791	0.478264089626375	0.708297981684035	0.0698
VPS35	7.40186591346499	0.47915937020213	0.709336154914862	0.0642
IGDCC3	-1.54687472004468	0.479540362211359	0.709689669188266	0.7743
SHB	4.80373296505685	0.479608228892566	0.709712882115805	0.0765
SNORA48	-0.822566530377836	0.479667095610801	0.709719275559439	0.63
RAPGEF4	-1.54614090940031	0.480275526411208	0.710393467589415	0.7693
KIAA0586	4.85284939298454	0.480301630721744	0.710393467589415	0.0762
ZMAT2	6.94842673006173	0.480526937577095	0.710611565201089	0.0689
YBX3	8.32670554771845	0.481210906655675	0.710998927892515	0.0628
LOC653513	-1.61292871183957	0.481256713487198	0.710999640804587	0.6477
LINC00992	-1.48647951016915	0.48145066101927	0.711228618511716	0.5696
KCNT2	-1.48548991782306	0.482080251727516	0.711928253966796	0.5679
SCN2A	-1.48548991782306	0.482080251727516	0.711928253966796	0.5679
NCAPD2	8.76979990566506	0.482241145703518	0.712108254951341	0.0649
CCBL2	4.42659321536238	0.482341551793426	0.712198913744806	0.0901
XYLT2	4.99308076094706	0.482418086514847	0.712254313579866	0.0832
LOC105374693	-0.714336929425937	0.482595813844665	0.712459095709866	0.52
HNRNPA1P10	4.7966322261002	0.483295912585479	0.713364904987756	0.1067
WRAP53	4.4644027600546	0.483338637834239	0.713364904987756	0.0793
PTPN21	2.55658634186166	0.483365681129412	0.713364904987756	0.1614
SOS2	4.06945979654017	0.483505786472906	0.713456323783493	0.0882
JRKL	5.03718314588481	0.48444910445489	0.714617231005855	0.0858
NSUN3	3.59752027412329	0.484514086421191	0.714631858628536	0.1009
CDC42SE1	5.55713000403707	0.484537310807626	0.714631858628536	0.0697
GYG1	4.53130210743154	0.484830183921152	0.714948290602952	0.0873
MAPKAPK2	5.8036602363441	0.485222664793889	0.715398068467937	0.0682
LACE1	3.02219619933786	0.485291941274481	0.715398068467937	0.1224
ZNF582-AS1	0.32163912996992	0.485682217364233	0.715915588227811	0.3012
SLC6A8	5.37177655872964	0.485758696256562	0.715970511776183	0.0746
TACR2	-1.48609382443888	0.486006062683038	0.716219460796055	0.5757
RAD52	3.52431865394159	0.486071159951139	0.716257574951005	0.1038
TIMM50	5.76822864562229	0.486279451415219	0.716391031716934	0.0744
MTMR9	3.38456451550582	0.486625602793337	0.716774965000759	0.1124
PLEK2	5.55509548356869	0.486874126096781	0.71702121746632	0.0702
RABL6	6.92969649607512	0.486903595142965	0.71702121746632	0.0722
NFE2	-1.48695452865978	0.487116405416389	0.717276746030134	0.58
NAPG	5.51692345179311	0.4874317165641	0.717509548265942	0.0692
STX16	5.79216717985144	0.487962988570231	0.718175775502913	0.0685
ACTL6A	7.3992838339207	0.48830549486371	0.718607477442154	0.07
DNAH12	-0.984780331301822	0.488662681316338	0.718915779684992	0.4651
MAD1L1	5.15171045843951	0.488728313235428	0.718916073061926	0.1016
ANKRD27	6.07796484309053	0.488758892816243	0.718916073061926	0.0785
LOC100129617	-1.02600809217655	0.488781019875363	0.718916073061926	0.5704
PRRG4	5.08621530677638	0.488878593211785	0.719001659363116	0.0881
TPK1	-0.0442149847401038	0.489190739797808	0.719376110638259	0.4241
FAAHP1	-0.0444943861000939	0.489212007754929	0.719376110638259	0.4497
ZNF592	5.44991024921511	0.489686584892317	0.719957984520749	0.07
ZNF277	4.00774147954543	0.489750470032432	0.71999392663167	0.0853
HOMER3	5.75758808393372	0.490118648695892	0.720333678205279	0.0785
RAB6A	7.60931765775996	0.490139403520266	0.720333678205279	0.067
SNORD31	1.24227561166562	0.490238292782956	0.720353311415848	0.2055
CPSF3	6.39832104040714	0.490288063670809	0.720353311415848	0.0659
UFSP2	4.15249199226401	0.490332306241256	0.720353311415848	0.096
ELP3	4.68028543525616	0.490350054829357	0.720353311415848	0.0766
LOC100506127	1.6731296367493	0.490419594772351	0.720397499369492	0.1896
CHMP2B	6.39994702785261	0.49046858590831	0.720411497654043	0.0761
PDIA3	9.01219380280389	0.491227022939198	0.721409422474297	0.0692
IKZF4	2.8111991437671	0.491663524549343	0.721934312247471	0.1343
LOC105376060	-0.860127637005708	0.491809315650482	0.722086137045423	0.504
ATP5G3	9.30777672440236	0.491846029478519	0.722086137045423	0.0899
ERI3-IT1	-0.425916926283275	0.492280747139672	0.722550033749948	0.3542
LOC100507283	-0.514506946028626	0.492926065029949	0.723206481008338	0.4334
PSMA3-AS1	4.53179357916506	0.493152171416852	0.723421939846207	0.0896
BBS2	5.09356755806779	0.493339139049447	0.723509740637986	0.0757
FBRSL1	4.97930657885209	0.493341106044987	0.723509740637986	0.0723
VDAC2	7.76143415465604	0.493370550022036	0.723509740637986	0.0612
GADD45B	2.58521023556815	0.493679162769131	0.723904160282189	0.139
CHD2	6.41541239036076	0.493783811272874	0.723999458565383	0.0637
ATP5C1	7.62101691918277	0.493858596839754	0.724050959195836	0.0602
LEMD2	5.52657815681331	0.493919544980289	0.724082165996961	0.0684
DRICH1	-1.21243697656774	0.494089877980212	0.724273712253633	0.6508
CCT6P1	2.64254176380105	0.494356329720685	0.72443162268268	0.1378
FAM13B	4.82520654600587	0.49450768413881	0.724537101255065	0.0789
C5orf22	5.86422292990807	0.495346309388405	0.725532912724223	0.0717
CFB	-2.16396767275468	0.495499483390969	0.725582623629224	1.4102
XIAP	6.52678405207985	0.495899412493674	0.725993558499159	0.0716
CYP27B1	0.0997232908727343	0.496036427500688	0.72613591696356	0.3089
VPS53	5.4088516964111	0.496154209230713	0.726250099720646	0.0682
SNRNP27	5.43776192803883	0.496560231487323	0.726643103377016	0.0851
MIR6758	-1.37043418685211	0.497715386859557	0.726643103377016	0.5296
SLC16A11	-0.710340720958076	0.497736880940877	0.726643103377016	0.6025
C2CD4C	0.533190715331764	0.497796536368874	0.726643103377016	0.306
SEC16A	6.83525207541042	0.497962914629753	0.726643103377016	0.0613
ZSCAN18	4.98218798967688	0.49811778986817	0.726643103377016	0.0709
ZFP62	5.88224935127384	0.49839269976218	0.726643103377016	0.0681
DGKZ	5.09274731938714	0.498407805112878	0.726643103377016	0.0699
SLC30A4	1.59939727413589	0.498607740294928	0.726643103377016	0.1945
GPRC5B	5.85725754405454	0.49889661067053	0.726643103377016	0.0655
ZNF792	1.18509073580034	0.499070470504953	0.726643103377016	0.206
PSMB1	7.65147649565945	0.499080564175585	0.726643103377016	0.0603
CSTF2	5.28665747363041	0.499117064285094	0.726643103377016	0.0754
CNTRL	6.29480777084289	0.499417249674225	0.726643103377016	0.0648
SNORD28	0.6729658331724	0.500274604315908	0.726643103377016	0.2974
RGS5	2.34358387396903	0.500341169498859	0.726643103377016	0.1572
LINC01278	4.52992413007228	0.500585975825668	0.726643103377016	0.1269
ALDH1L2	0.526788286027232	0.500745422358294	0.726643103377016	0.2655
SNTB2	5.91376587997627	0.500964972343378	0.726643103377016	0.0662
UBE2Q2P2	-0.941577137770271	0.501809300758847	0.726643103377016	0.5272
RICTOR	6.58690014345369	0.501884065019704	0.726643103377016	0.0749
NXT2	5.18716681065562	0.502142750624416	0.726643103377016	0.0891
VDAC1	8.15936894790416	0.502359172059745	0.726643103377016	0.0592
SRD5A1P1	-1.48669749526258	0.502600538660621	0.726643103377016	0.5918
ZNF221	-1.37030585223742	0.502843827129478	0.726643103377016	0.5312
CEP135	3.62667658320842	0.502845895288381	0.726643103377016	0.0962
KTN1-AS1	0.767777389716829	0.50285984940979	0.726643103377016	0.3065
ZCCHC2	5.01635867064838	0.502895417700448	0.726643103377016	0.0751
Sep-10	6.64850607475402	0.503068548014529	0.726643103377016	0.0806
CARD8-AS1	0.708520422121432	0.503138643975467	0.726643103377016	0.2858
ATP13A1	4.88100758717385	0.503648220683206	0.726643103377016	0.0843
HCFC2	2.64769181414758	0.503960485509768	0.726643103377016	0.141
SNX10	4.32254590744182	0.504034067776056	0.726643103377016	0.0825
SCN4A	-1.37103625078349	0.504075871268982	0.726643103377016	0.5353
LOC102723439	-1.42614263958168	0.504309203750724	0.726643103377016	0.7074
LINC00884	1.31944064615742	0.504451363951213	0.726643103377016	0.2043
FAM104A	5.44234196572688	0.504590436033891	0.726643103377016	0.0693
SLC5A10	2.90626119564	0.504671509399272	0.726643103377016	0.1261
PPIL3	4.97033134305053	0.505042581977577	0.726643103377016	0.0715
CYP4Z1	-2.74879824808811	0.505537579754135	0.726643103377016	3.2748
HSD3BP4	-2.74879824808811	0.505537579754135	0.726643103377016	3.2748
NFASC	-2.74879824808811	0.505537579754135	0.726643103377016	3.2748
C1orf229	-2.74879824808811	0.505537579754135	0.726643103377016	3.2748
TMPRSS12	-2.74879824808811	0.505537579754135	0.726643103377016	3.2748
TRD-GTC2-8	-2.74879824808811	0.505537579754135	0.726643103377016	3.2748
EMX1	-2.74879824808811	0.505537579754135	0.726643103377016	3.2748
NCKAP5	-2.74879824808811	0.505537579754135	0.726643103377016	3.2748
DGCR6	-2.74879824808811	0.505537579754135	0.726643103377016	3.2748
LOC105379200	-2.74879824808811	0.505537579754135	0.726643103377016	3.2748
PCDHGA1	-2.74879824808811	0.505537579754135	0.726643103377016	3.2748
MIR3939	-2.74879824808811	0.505537579754135	0.726643103377016	3.2748
ABCB1	-2.74879824808811	0.505537579754135	0.726643103377016	3.2748
KIAA1456	-2.74879824808811	0.505537579754135	0.726643103377016	3.2748
KCNB2	-2.74879824808811	0.505537579754135	0.726643103377016	3.2748
MIR30B	-2.74879824808811	0.505537579754135	0.726643103377016	3.2748
TSIX	-2.74879824808811	0.505537579754135	0.726643103377016	3.2748
SNORA16B	-2.74892872772452	0.505537579754135	0.726643103377016	3.2724
MIR611	-2.74892872772452	0.505537579754135	0.726643103377016	3.2724
LOC100507065	-2.74892872772452	0.505537579754135	0.726643103377016	3.2724
EEF1DP3	-2.74892872772452	0.505537579754135	0.726643103377016	3.2724
SMIM2-IT1	-2.74892872772452	0.505537579754135	0.726643103377016	3.2724
MIR4312	-2.74892872772452	0.505537579754135	0.726643103377016	3.2724
TMC3-AS1	-2.74892872772452	0.505537579754135	0.726643103377016	3.2724
SCARNA21	-2.74892872772452	0.505537579754135	0.726643103377016	3.2724
ZNF350-AS1	-2.74892872772452	0.505537579754135	0.726643103377016	3.2724
LOC101928386	-2.74892872772452	0.505537579754135	0.726643103377016	3.2724
LOC101927795	-2.74892872772452	0.505537579754135	0.726643103377016	3.2724
MIR130B	-2.74892872772452	0.505537579754135	0.726643103377016	3.2724
MUC13	-2.74892872772452	0.505537579754135	0.726643103377016	3.2724
SLC34A2	-2.74892872772452	0.505537579754135	0.726643103377016	3.2724
FGF5	-2.74892872772452	0.505537579754135	0.726643103377016	3.2724
NDNF	-2.74892872772452	0.505537579754135	0.726643103377016	3.2724
GLRA3	-2.74892872772452	0.505537579754135	0.726643103377016	3.2724
SLC7A13	-2.74892872772452	0.505537579754135	0.726643103377016	3.2724
MAFA	-2.74892872772452	0.505537579754135	0.726643103377016	3.2724
MIR3960	-2.74892872772452	0.505537579754135	0.726643103377016	3.2724
CAPN9	-2.74905919580734	0.505537579754135	0.726643103377016	3.27
MAP10	-2.74905919580734	0.505537579754135	0.726643103377016	3.27
WNT8B	-2.74905919580734	0.505537579754135	0.726643103377016	3.27
SNORA19	-2.74905919580734	0.505537579754135	0.726643103377016	3.27
LOC101927495	-2.74905919580734	0.505537579754135	0.726643103377016	3.27
SNORA2B	-2.74905919580734	0.505537579754135	0.726643103377016	3.27
CCDC168	-2.74905919580734	0.505537579754135	0.726643103377016	3.27
PLA2G4E-AS1	-2.74905919580734	0.505537579754135	0.726643103377016	3.27
NDUFAF4P1	-2.74905919580734	0.505537579754135	0.726643103377016	3.27
TMC3	-2.74905919580734	0.505537579754135	0.726643103377016	3.27
MIR6772	-2.74905919580734	0.505537579754135	0.726643103377016	3.27
PYY	-2.74905919580734	0.505537579754135	0.726643103377016	3.27
LOC284344	-2.74905919580734	0.505537579754135	0.726643103377016	3.27
POTEE	-2.74905919580734	0.505537579754135	0.726643103377016	3.27
FLJ42393	-2.74905919580734	0.505537579754135	0.726643103377016	3.27
PCDHB13	-2.74905919580734	0.505537579754135	0.726643103377016	3.27
HYMAI	-2.74905919580734	0.505537579754135	0.726643103377016	3.27
SCARNA9L	-2.74905919580734	0.505537579754135	0.726643103377016	3.27
GPR82	-2.74905919580734	0.505537579754135	0.726643103377016	3.27
SNORD14A	-1.37116452441701	0.506799847746197	0.728113482368345	0.5347
POLR2J	5.88296638563043	0.507138864275041	0.72854320949049	0.0829
RITA1	4.35380312944822	0.507541583955045	0.728986667757029	0.0852
GUCY2EP	-0.428498076910799	0.507748444379013	0.729116359995358	0.3743
ZMYND19	5.2841402849788	0.507777464996767	0.729116359995358	0.0711
GDI1	6.37713284639334	0.507881947500617	0.729157353257579	0.0769
GOLT1A	2.97593121211045	0.50788589526859	0.729157353257579	0.1272
HSPE1	8.06997141799275	0.508178501535781	0.729520069516177	0.066
SNORD98	-1.31528360797765	0.508330094054463	0.729632575884345	0.921
C4orf27	5.33645058346348	0.508336806128012	0.729632575884345	0.0785
IRF2BP2	6.92410472819771	0.508509224589899	0.72982267327934	0.063
PHOSPHO2	1.77659825185144	0.508553718263295	0.729829154988972	0.1668
ESYT2	7.99299878823843	0.509076982674344	0.730325106596616	0.0601
C2orf70	1.14951407050239	0.50994321687011	0.731363293831466	0.2323
PLGLB1	-2.07187414598913	0.510400237235732	0.731793938930421	0.9205
RBFA	4.89724824063266	0.510443909856484	0.731793938930421	0.0916
EXD1	-2.16393022630698	0.510701035313582	0.732105072688241	1.4688
PRMT9	3.64123583397697	0.51151743702578	0.733141673003444	0.0934
IL7	-0.785273162903582	0.511642490103992	0.733224373917771	0.4994
MYH9	10.5705415065912	0.512627208160997	0.734462589247148	0.071
MAPK11	2.66575288623238	0.513667503409042	0.735837566088785	0.1325
SNORD81	-0.788143473163246	0.513859609172782	0.735909927022259	0.5599
HDLBP	9.83914109787683	0.514132092419137	0.736098774935595	0.063
TRIM16L	8.15382769258704	0.514309464872263	0.736294980450755	0.0699
TRAPPC13	4.57120058156824	0.514747079222885	0.736863693114796	0.0846
EFEMP2	2.10156474763831	0.514880444261415	0.736996815935109	0.1706
PSMA4	8.59201977314417	0.514992968843928	0.737029314635132	0.0585
SLC25A27	2.85440678272938	0.514997596445243	0.737029314635132	0.1674
TSPAN5	4.07766907277027	0.515064636071155	0.737029314635132	0.0865
RBBP7	8.34928893374634	0.515552979813551	0.737461282151237	0.0652
C6orf62	7.86172082988332	0.51564801250319	0.737461282151237	0.058
CACNB1	2.81544076658917	0.51570834954087	0.737487985995466	0.1303
CLDN12	5.88557561052276	0.515759646339754	0.737503571988607	0.0754
EIF4EBP1	5.49654201843777	0.516658651102827	0.738488742759532	0.0644
VASH2	-0.981045277947868	0.516691318540069	0.738488742759532	0.6377
TAF8	4.95301749837339	0.516817388395189	0.738522789077614	0.0695
LOC101929128	0.515301358491348	0.516902557278686	0.738522789077614	0.2815
TBC1D16	6.37187311142784	0.517100655914463	0.738726784128213	0.0656
FAM53A	1.54098757161118	0.517568577982143	0.739279552432673	0.2001
LOC100506922	3.51433029924763	0.517688763812856	0.7393933713165	0.0985
CCDC22	2.57992810041869	0.517763532906333	0.739442310626458	0.1213
PITPNM1	5.21491270640768	0.519134804102682	0.741110805731824	0.0667
APOOL	4.78438451384503	0.519485664306337	0.741495722249921	0.0817
NDUFV2-AS1	-0.215273896742842	0.519796797523879	0.741649889456501	0.3578
DFFA	4.90721249827163	0.519863500708072	0.741687095102107	0.0835
SDK1	-1.98330269539157	0.520209237088478	0.741983716276669	1.1531
MGAT1	6.37795661929561	0.520794818652733	0.742256821695909	0.0628
CPB2-AS1	-1.26320974501487	0.521235134692197	0.742715315246702	0.4968
STAC2	-1.26320974501487	0.521235134692197	0.742715315246702	0.4968
MOB3A	4.37662195745073	0.521470354630439	0.742871834689429	0.0849
PTCH2	-1.98269271970222	0.521507747227198	0.742871834689429	1.1469
KNDC1	-1.98269271970222	0.521507747227198	0.742871834689429	1.1469
EHD4-AS1	-1.98269271970222	0.521507747227198	0.742871834689429	1.1469
KCTD9	5.83866782848139	0.521785599889467	0.743026269045195	0.0692
ZNF28	5.07379003637477	0.522501600774695	0.74340887865276	0.0667
CPB2	-1.98343222546382	0.522571214094944	0.74340887865276	1.1518
RRAD	-1.98343222546382	0.522571214094944	0.74340887865276	1.1518
TBXA2R	-1.98343222546382	0.522571214094944	0.74340887865276	1.1518
LOC100507006	-1.98343222546382	0.522571214094944	0.74340887865276	1.1518
C22orf24	-1.98343222546382	0.522571214094944	0.74340887865276	1.1518
SPANXA2-OT1	-1.98343222546382	0.522571214094944	0.74340887865276	1.1518
RAN	9.02118492884914	0.522817499767401	0.743515311752389	0.0651
LOC101929719	-1.2638102592748	0.522959081046408	0.743515311752389	0.5007
KCNE2	-1.37056847164763	0.52301490722243	0.743515311752389	0.8138
SNORD44	0.0409323067900445	0.523109285500293	0.743515311752389	0.3451
SESN1	2.73863044388712	0.523140566359522	0.743515311752389	0.1352
SPECC1L	4.28940915621102	0.52330339558675	0.743650800216973	0.0815
UEVLD	5.3282438043157	0.523573131275476	0.743855821936771	0.0653
NMBR	-1.98282230227215	0.523960479302698	0.744301712063672	1.1444
EFR3B	-1.98317315409844	0.524020043008018	0.744301712063672	1.1553
IL13RA2	-1.98317315409844	0.524020043008018	0.744301712063672	1.1553
MEI4	-1.26368221203343	0.524377508666537	0.744693566566807	0.502
LOC102724965	-0.211646996108238	0.524706587706871	0.745032355098034	0.3312
FAM111B	5.46465859223884	0.52473849812941	0.745032355098034	0.0674
SNAP23	5.53888070202972	0.524903644634846	0.745208875997648	0.0724
HMGA1	10.9015813634087	0.524995625328838	0.745281503577237	0.0835
PITRM1-AS1	1.17434145402126	0.525186304674376	0.74532036521575	0.216
C6orf89	6.10795634592236	0.525325892690841	0.745460512783831	0.061
MRPL12	6.46057036646798	0.52537058315526	0.745465985238802	0.0665
GREM1	-1.98256312590272	0.525522190205587	0.745474629391689	1.1475
SUB1	8.85650480370749	0.525703351160637	0.745474629391689	0.0743
MRAS	0.882829038498295	0.526047929293005	0.745789469377424	0.2248
STAT1	5.91423572987783	0.526132899936397	0.745852012831097	0.0613
MYO1H	-1.26333783124823	0.526543369358781	0.746375941533807	0.4954
RPL23AP7	2.36679917721187	0.526973989654722	0.746928350554085	0.1448
RRN3	0.453412506902168	0.527547517222435	0.747283241485693	0.2814
NQO1	9.27345701088006	0.527641628977921	0.747283241485693	0.058
ZNF558	4.2539809691484	0.527715575659156	0.747283241485693	0.0824
LOC100288181	1.37184085634539	0.528404037481632	0.747980780050916	0.1856
TMEM161A	4.00167697836497	0.528466866266628	0.747999000663945	0.0871
ARL8A	4.15095142203978	0.528510533843954	0.74800281462557	0.0784
ATP6V1G1	6.83122298124741	0.528669276939102	0.748169482155059	0.0679
SLC35D1	3.43183954339476	0.528970681160121	0.748368399729006	0.1
THRA	2.79136169440174	0.529294573710158	0.748706162843069	0.1332
POLD2	7.06209380257467	0.529662821949388	0.74905294581362	0.0579
ENY2	7.27329842561396	0.530270637834577	0.749622174717983	0.0598
LOC100507131	0.1792305218178	0.530740492744453	0.75005406684802	0.2983
FNIP2	2.54970933659393	0.531473829961114	0.750857935286341	0.1325
TNFAIP3	3.22357613151041	0.531596029092805	0.750972460505939	0.1012
SAMD1	4.96863535851353	0.532103133892562	0.751456239834657	0.0762
NMI	5.88416640598866	0.532262632049963	0.751570595936384	0.0612
TMEM265	4.26410033250335	0.532373730128858	0.751663945648293	0.0801
RPS26P11	-1.98221213347774	0.532657699185211	0.75194857379564	1.1293
IPO13	4.80323245710861	0.5327844682631	0.751958717350489	0.0709
PLAC1	0.300990961823711	0.532912022627116	0.751958717350489	0.2895
TIGD2	3.75586200404003	0.533132585982298	0.75209554823374	0.0894
SLC25A51	3.26070949455602	0.533240960554733	0.75214098166937	0.1176
BIN3	4.111150345718	0.533521823709163	0.752470211189314	0.0906
PIK3C2G	0.615364897424626	0.533703543554237	0.752668357754047	0.2537
STAU2-AS1	-1.98356174431709	0.533816296333043	0.75271641308714	1.1494
TBC1D2B	4.85879983974871	0.533853152030379	0.75271641308714	0.0814
RPP40	5.01155902442593	0.534059761754384	0.752938065533094	0.0668
NPIPB8	-1.90172430261552	0.535277285875865	0.7543632955805	0.79
LINC01508	1.60673500383949	0.535541594649876	0.754677526200551	0.2063
USP1	7.52622761855786	0.536329362257959	0.755670976104137	0.0556
ZNF304	4.25121099681444	0.536451278189685	0.755784421564354	0.077
KIAA1324	1.19935191974934	0.537016056781053	0.756288292262201	0.2122
DIABLO	4.97449052083395	0.537385357113654	0.756643936413892	0.0693
NBPF25P	0.268422349104079	0.537392927231734	0.756643936413892	0.2649
GALNT10	7.50021328174919	0.538869829404589	0.75843093096987	0.0582
BAZ2B	4.48295317989181	0.53900068201895	0.758527205735984	0.0728
S1PR3	5.71740396272101	0.539037004812401	0.758527205735984	0.0618
EIF4B	9.15033947022125	0.539167379443746	0.758615774884395	0.059
TMEM183B	1.97919972847679	0.539822170078957	0.759361499226495	0.1432
RPUSD4	4.25744087916348	0.539935564732338	0.759462490927927	0.0954
RPGRIP1L	4.41733088443816	0.540490161899575	0.760066892284598	0.0805
LOC154761	-1.9824335208718	0.540657698765574	0.760243930421652	1.1474
USP16	6.06962182512464	0.540857650213889	0.760293800680413	0.0584
RPS6KA6	3.60096114354669	0.541418478315957	0.760727756494736	0.1032
TMEM232	-1.3718945178979	0.541594446294529	0.760916439245261	0.5528
OGFR	5.92916135321748	0.542421462127594	0.761785230602459	0.0608
RMND5B	4.29762249317842	0.542662617835533	0.762065288554269	0.0874
Aug-04	3.4018511065759	0.542820759327685	0.762228734888564	0.1054
METTL1	3.8616604660071	0.543117247818392	0.762527760991508	0.0809
EBAG9	4.94033404750018	0.543579368996679	0.762981403449487	0.0649
GDI2	7.98546856504577	0.54360753257381	0.762981403449487	0.0539
ANXA5	8.22960858780194	0.544022870282508	0.763505651897099	0.069
BAG4	3.97090586046699	0.544183307007798	0.763613409126392	0.0849
ITGA2B	0.819263150141194	0.545020823783427	0.764436090887388	0.2323
SH2D6	-1.16336657502401	0.545501821191286	0.764816930164205	0.469
PLCG1-AS1	-1.16336657502401	0.545501821191286	0.764816930164205	0.469
MON1B	5.03460812612701	0.545685161719163	0.764983469929818	0.0697
RNF114	6.26914449794927	0.545754315465551	0.764986567774705	0.0618
COG8	3.58302408206674	0.54585133363695	0.765013200282217	0.0915
ZNF404	-1.16370991436811	0.54675547586401	0.76604512412689	0.4753
ZNF45	3.54585993214041	0.546877470822642	0.766157248663814	0.0972
AAAS	5.14395887053527	0.547210803618199	0.766447785089292	0.0625
SNORA63	0.628095554087502	0.547275990637757	0.766480282706781	0.2328
PRPF18	4.33440659817083	0.54784475307384	0.76712428642684	0.076
CENPJ	5.7278528254827	0.548325770281262	0.767714952239798	0.065
OSTC	5.84999302833185	0.548398235739354	0.767757530035096	0.062
INHBA-AS1	-1.16311084475284	0.548505988286953	0.767849499437666	0.4707
ARL11	2.09634451677892	0.549013820338441	0.768442559541408	0.1308
DQX1	0.338415886699449	0.549087656968914	0.768454981735183	0.2583
TBP	3.59425363985337	0.549106881942127	0.768454981735183	0.095
C9orf64	5.00806547333334	0.54992944256544	0.769370212543081	0.0748
INTU	2.4710808996361	0.550027653026654	0.769387950993301	0.1324
KCTD21	4.04198481327998	0.550065516223358	0.769387950993301	0.0802
ZNF267	4.52806471833771	0.550208037357776	0.76946513942114	0.0708
GPR18	-1.26282542199176	0.550392619758314	0.769550884463941	0.5018
RDH14	1.45172569613557	0.550395809511704	0.769550884463941	0.1758
C7orf50	7.25320050401761	0.551078469822802	0.770327404637354	0.0568
ND5	12.4152113582381	0.551441428604855	0.770717709432723	0.0843
UBR4	7.44264440439589	0.551681412004544	0.770994094584319	0.0641
PPP2CA	7.72752917808402	0.552138579149034	0.771514879521222	0.0541
PLEKHA2	6.63490374101601	0.552564733430642	0.771992176743691	0.0586
RPRD2	6.06188996111042	0.553979342663231	0.773554144076789	0.0713
ADAT1	4.73228079304055	0.554697019652403	0.774299951303709	0.0733
RYK	7.14666273959961	0.554905568758257	0.774373648008771	0.0525
HOXA1	0.737438247946733	0.555066780441104	0.774409876213342	0.2201
FAM66C	0.404196253552337	0.555514775735951	0.774868409675697	0.2814
FSIP2	-0.642165770490281	0.555822718591851	0.775120277336554	0.4413
FRAT2	3.12500913580653	0.555965845750973	0.775161910356604	0.1037
LOC105373314	-0.235695063732811	0.556020149626369	0.775161910356604	0.3714
SPICE1	4.51146199113368	0.556991384123856	0.77609790173753	0.0748
LOC100287387	0.47446461535586	0.55740231242518	0.776551939532515	0.3328
VAPB	7.07259231986318	0.557759331351305	0.776812202712041	0.0558
DLD	7.82545901855541	0.558021444977176	0.777058695614289	0.0527
TIMP1	4.32214074406635	0.5584851567546	0.777585800923732	0.0736
USP5	7.78032657484456	0.558774522980178	0.77787003900611	0.0539
MEAF6	6.02331753939961	0.55882777788073	0.777884858024445	0.063
PSMA2	8.69040801182927	0.559247334692269	0.778164938435731	0.089
C11orf42	-1.61107399865607	0.559284736920203	0.778164938435731	0.6583
ILKAP	5.42559744002016	0.559551508538148	0.778476782492945	0.0616
RAD54B	5.13648204357742	0.559869111133489	0.778859292300005	0.0652
FKBP10	6.59874175292458	0.560059110245509	0.779064242353094	0.0533
TUBGCP2	5.5443914923507	0.560276481658599	0.779307234221667	0.0611
EIF4ENIF1	4.57045344056988	0.56097825712998	0.780223911485976	0.0825
RANBP1	8.24173319198139	0.561074908281865	0.780298889738228	0.06
MOSPD1	4.91748086030795	0.561227468567773	0.780441673393331	0.0676
IFNAR2	3.36173624780963	0.561305826668188	0.780441673393331	0.1013
WHAMMP1	-0.486653550385806	0.561575560694063	0.780697794397717	0.3689
TBL1X	3.93876402716625	0.561750783515105	0.780881923692359	0.0812
MRPL34	5.06795864307043	0.561894700901598	0.78094693601393	0.0634
FUT8	6.76095323970404	0.561925884721679	0.78094693601393	0.0532
GK5	5.27343537121848	0.562357362286234	0.781368141098827	0.0677
KIAA0825	1.29963007457014	0.563161225605077	0.782187411339492	0.191
PFN1	10.2298933494402	0.563254355214222	0.782257246769937	0.0612
IRAK1	8.80966278280661	0.564081423352956	0.783227142130481	0.0519
PWARSN	0.0182650173904651	0.564319721316253	0.783358810109213	0.309
SNHG5	3.77026201885057	0.56470982106463	0.78368090837187	0.0858
SNORA45B	-1.7495352872351	0.56480129089394	0.783690230794237	0.6839
ADIPOR1	6.67130965953433	0.565048928449709	0.783914677238231	0.085
COMMD6	5.79003399961149	0.56571447616883	0.784659130598553	0.0701
PTGER4P2-CDK2AP2P2	-1.06982377902064	0.565883693654947	0.784774590653655	0.4461
RPL21	9.09465251162317	0.565991396298668	0.784804719036038	0.0671
TDRP	4.28594585583636	0.566333694584722	0.785040844976362	0.0745
ZNF226	3.18924335516674	0.566541583758387	0.785225516650995	0.1
ZNF233	-1.31429072937636	0.566552941790475	0.785225516650995	0.6497
KRT32	-1.82191657241109	0.56690933292552	0.785480933658795	0.971
FBLN7	-1.82191657241109	0.56690933292552	0.785480933658795	0.971
RFTN2	-1.82191657241109	0.56690933292552	0.785480933658795	0.971
SMC5-AS1	0.835794897204401	0.567087141247456	0.785608047549974	0.2387
COL4A5	6.19537334988295	0.567209823951626	0.785679808610112	0.0614
PNMA1	4.06247842110106	0.567429339610698	0.785724364679377	0.0753
TUBB4A	-1.82265424802581	0.567626228220958	0.785915861059758	0.9763
SIN3B	5.61603936745649	0.5676886352927	0.785915861059758	0.0565
GEMIN6	4.800426026764	0.567720269464544	0.785915861059758	0.0658
TMX2	6.86117486399753	0.567765757028339	0.785915861059758	0.0524
MRPL1	5.02650019004215	0.5681362130103	0.78628570273035	0.0722
DRG2	5.16794617932711	0.568280103838253	0.786365616286755	0.0605
PRRT4	-0.941831424341295	0.568826388598076	0.786763735907756	0.5155
CAMKMT	3.09952762955137	0.56901939666835	0.786851848627284	0.1001
C1orf226	3.09631139721379	0.569475793438075	0.787304057933017	0.1015
PROSC	4.368283699684	0.569880660913841	0.787684838404231	0.0735
RAB22A	6.74190956692362	0.569938842033139	0.787705617393972	0.0532
KLHL20	3.75539794581013	0.570062679164521	0.787817128753028	0.076
CTGLF12P	2.02500054334527	0.570173889600421	0.787911174668479	0.1394
LOC105369154	-1.06949460574767	0.570861307905599	0.788622325926947	0.7386
B3GNTL1	3.17219214271184	0.571171105906777	0.78887121421048	0.0927
PBK	5.93890399897438	0.571567077245559	0.789358390361973	0.0546
HIST1H1E	-0.070966693002913	0.571631109886345	0.789387106057875	0.3184
POLR2K	6.40233206563531	0.571854671096236	0.78963609980583	0.0604
SFXN2	1.55889492430525	0.572264208025101	0.790082082863665	0.1686
LOC440028	0.0167572550805129	0.572479980255531	0.790260455164081	0.3127
ASB13	3.99703059975845	0.572695765711214	0.790498555785871	0.1029
RPS14P3	-1.07174302940095	0.573526972664513	0.79140653159209	0.46
Jan-01	5.59510477133091	0.573613994146142	0.791466788385758	0.0565
MLLT10P1	-1.82204591329924	0.573859587982008	0.791718893361813	0.9648
SPTBN2	6.09587014325866	0.573883441929057	0.791718893361813	0.0574
PSMC3	7.8934690042727	0.575754268329272	0.79399051718431	0.0511
KCNIP2	0.0368734684719517	0.575834489894844	0.79399051718431	0.2695
ZNF625	0.77542301989661	0.576491989590712	0.794777054974176	0.1981
TIGD6	2.19091977935275	0.57682834235374	0.795180715699606	0.1309
SESN2	3.19926497795595	0.577565082824346	0.796016016309925	0.0928
GVINP1	-1.0712735608759	0.577805865774463	0.796227648367949	0.453
PTMS	8.28733278929745	0.577912923064278	0.796315067058756	0.0768
CEP95	5.06023773520454	0.578042493013587	0.796357941540172	0.0634
MRPL15	5.47439094201485	0.578118525374228	0.796357941540172	0.0591
FZD6	6.54441440422101	0.578279300595998	0.796493774471059	0.0712
UBE2G2	5.477868623541	0.578304392014345	0.796493774471059	0.0648
HACE1	3.61600081267128	0.57839687670523	0.796537828373533	0.0927
ELMOD3	3.35524889338857	0.578607438943651	0.796730834617234	0.0867
ANKRD2	3.32697722314342	0.579077671158924	0.797197946208983	0.0887
DDR2	-0.982525723541801	0.580143229953166	0.798183345091943	0.4314
TMCC2	0.896533857669657	0.580246663194658	0.798265492334716	0.194
PAAF1	4.73302714412748	0.580302745386575	0.798282489622283	0.0775
COL8A1	2.87901165900845	0.580667391352177	0.798543419700591	0.1108
LOC101928747	1.5492758330108	0.580780955268602	0.798579281417759	0.1703
FBXO48	1.74564881953004	0.580976533728438	0.798647349423822	0.1497
ASB6	4.56263637227363	0.581226181508239	0.798890616594972	0.0638
ACSS2	5.18436492798869	0.581496667849056	0.799081909541013	0.0727
LINS	2.84318975134396	0.582000172167014	0.799593252790564	0.1023
EMC7	5.25369020624151	0.582263688965113	0.799895094118979	0.0574
COX2	13.6965324540337	0.582628880575043	0.80027634066496	0.0804
AJUBA	5.07977121097055	0.582693068525009	0.800304292731912	0.0581
KIF20A	7.54811472388772	0.582829976408603	0.800432110833932	0.0508
SETD8	5.49022254040068	0.582918606258343	0.800486668266096	0.0581
SEC14L1P1	0.573982408447107	0.583037814897011	0.800536879419362	0.2181
POLN	0.0778687108631195	0.583203160839597	0.800696790898721	0.2773
NUBP1	4.49989769534355	0.583285857918607	0.800696790898721	0.0645
ABHD3	4.63475497059637	0.584361266096627	0.801931840476585	0.0751
LOC105370374	-1.82278352578244	0.584606469719306	0.802147742292045	0.9691
ANXA2P1	-0.98358979320604	0.584929463606224	0.80243481519913	0.4412
LOC101928295	0.559727526655711	0.584947552622153	0.80243481519913	0.2479
ZYG11B	5.50302950348375	0.584995914783414	0.802440861092945	0.0606
BEST3	-0.342193567957969	0.585467522398668	0.802846472538878	0.2794
GAS5-AS1	-0.399024644163533	0.585853975256371	0.803142862833038	0.2939
NLRP9	-1.8233871043748	0.585864762305271	0.803142862833038	0.4855
TPM4	8.94738919376549	0.586159143804176	0.80343278994587	0.0606
RALGAPA1	4.30697993849491	0.586473582331115	0.803743091287203	0.0644
LOC105373090	-1.26479447153634	0.586613771831537	0.80376250604052	0.5141
ZNF74	3.16448139823936	0.586619830767084	0.80376250604052	0.0893
MRPL43	4.58841998500925	0.586696479278455	0.80380719892739	0.0695
PIGT	6.26264636887395	0.586783917208708	0.803846543317561	0.0604
SLC25A39	6.6750251777052	0.587508436324387	0.804376332198741	0.0562
PHF2	5.52072305986764	0.587685549716372	0.804498155040649	0.0544
SLC35A3	5.11689575197293	0.587891075452579	0.8046588299192	0.0655
FAM83H-AS1	1.79238148256985	0.588097430489191	0.804880927431642	0.136
ZNF77	1.27515275040252	0.588225525014674	0.804995890904639	0.2079
FKBP4	9.06107652455731	0.588373985167131	0.805138705735038	0.049
TRIP10	5.91810896216406	0.588488380946945	0.805234888515022	0.0696
LRFN3	2.01809952098516	0.588702682792163	0.805364416691503	0.1332
TTC7A	6.08588205897172	0.588900751506905	0.805557629215499	0.0513
SORBS1	1.89050741594374	0.58913676327654	0.80574959177125	0.1537
PPME1	6.16795218736526	0.589182210427469	0.80574959177125	0.0555
RABL3	5.45699700988602	0.589217629828341	0.80574959177125	0.0566
ITGAX	-0.984312388523801	0.589479928447421	0.806033521895723	0.4463
ZNF669	2.5266271751457	0.589547992569408	0.806033521895723	0.105
SH3TC1	0.870215024720754	0.589557713511919	0.806033521895723	0.2375
ZNF696	3.49354145399799	0.589622516502285	0.806061753876421	0.0824
ZNF131	6.36478670177811	0.590055042542597	0.806471876668238	0.0578
PRRC2B	8.21242213724603	0.590132197286552	0.806516948170631	0.0528
PEAR1	3.79065791675914	0.591224652429413	0.807889016074204	0.08
CKS2	7.68684709083218	0.591596828143024	0.80827828823427	0.0495
TESK1	3.44689693483666	0.591598076653501	0.80827828823427	0.0934
REEP3	6.28766000425395	0.591731171020212	0.808339139340391	0.0593
ST3GAL5	1.78143997909924	0.591814760958959	0.808392837715432	0.1538
C1RL-AS1	4.43894396297544	0.59201337939242	0.808482664137344	0.0734
ZNF826P	0.178986139377228	0.592358739206688	0.80883329416285	0.2974
NIF3L1	5.39815265412627	0.592717884097913	0.809263158484145	0.0549
COL5A2	-0.341943709852323	0.593040032259683	0.809521371985403	0.2808
NPY1R	-1.37249601576226	0.593330555477728	0.809803065632011	0.5933
GHITM	8.94033278216054	0.593769016395689	0.810153001742877	0.0515
NUDT3	2.22740128720631	0.594213832125002	0.810614839152017	0.1569
DGCR14	3.26104008506698	0.594471129154095	0.81071101197405	0.0913
GRIPAP1	4.25035379480972	0.595150209562946	0.811236154339829	0.0833
CAPNS2	-1.67881239602872	0.595799489675777	0.812013100673459	0.4303
KCNJ10	-1.67843033482451	0.59590330133214	0.812033340980782	0.8638
LINC01111	-1.67843033482451	0.59590330133214	0.812033340980782	0.8638
NCLN	6.03718303058881	0.596820684363546	0.812980033856208	0.0517
BRAF	5.6682520282553	0.596977784001623	0.813133360048767	0.0532
MRPL39	4.62825282978282	0.597387363399528	0.813630536125171	0.0594
FADS3	4.6441397450436	0.59754715414377	0.813726752651698	0.0603
TPRKB	5.55074834236146	0.598230926140127	0.814354171024842	0.0535
KCNB1	-1.67782377040266	0.598278629344184	0.814358384827574	0.8576
GALNT16	5.1616969934934	0.598350587507971	0.814395610642325	0.0591
KIAA1328	1.5439336703281	0.598429006288893	0.814441623588045	0.1571
NDUFAF5	4.20411769937349	0.599144680423829	0.815354847992354	0.067
IQSEC2	4.1157268896602	0.599548641488595	0.815782961840634	0.0737
CCDC150	2.86039331091719	0.59960108269275	0.815793513611481	0.0995
ATP5A1	8.04822235252793	0.599706096754124	0.815875587029085	0.06
ATP5S	3.46664975576884	0.59995120460103	0.816148225871565	0.0838
HEATR5B	4.47478008633528	0.600207742511894	0.816436371902029	0.0619
COPS5	5.26066980114004	0.600498688988719	0.816771275978099	0.0615
ZDHHC13	5.299714971475	0.600769442717092	0.816996642198869	0.0583
SCARB1	5.58157963477679	0.601313484056489	0.817453195691062	0.0526
PDRG1	4.68807737580234	0.601477524326244	0.81760379861715	0.0862
GCH1	3.13588191334174	0.601513837600074	0.81760379861715	0.093
RNF126	5.15656445828752	0.601618280895976	0.817684882075412	0.0597
NDRG2	2.83997006361972	0.602006038689264	0.817998031438626	0.1015
SYNJ2BP	6.12680225606228	0.602027911394028	0.817998031438626	0.0527
TXNDC16	3.56314397657686	0.602514558230927	0.818261557242508	0.0818
SYNE3	0.549025436798977	0.60254437975824	0.818261557242508	0.2581
LAP3	6.18793540345964	0.603047548351014	0.818713173398982	0.0492
HECTD1	7.03057448964997	0.603307035590211	0.818882768902222	0.0516
METTL3	4.36265589668148	0.603434571382362	0.818994984399405	0.0667
PMCH	-1.74866988107722	0.60352138131483	0.819051913268178	0.6814
RAB4A	4.02457225222351	0.603618342545708	0.819061725993343	0.0726
MLPH	6.7936629685104	0.603880206338395	0.819295262107145	0.0468
ECHDC1	6.58904723341598	0.60412576047165	0.81950660448584	0.0535
ZNF543	3.21843592798608	0.604570567450597	0.819866311051709	0.0891
KLHL7-AS1	0.400852286681396	0.604702029886499	0.819970787201245	0.2882
ARMC9	4.06093307070241	0.604737438588823	0.819970787201245	0.0645
PARTICL	1.01900444336258	0.604923213563511	0.820098637850815	0.1709
PXN-AS1	-0.236963278467526	0.604923801176234	0.820098637850815	0.2748
MAU2	4.32509115941664	0.605366052601083	0.820579347808537	0.0633
ADPRH	0.424721525591147	0.605795470897272	0.821039503838203	0.2765
PKIA	1.59092992873658	0.605984232621649	0.821147998566431	0.1554
ZNF275	3.89130842786275	0.606010461474886	0.821147998566431	0.0685
RANBP9	6.40270641121913	0.606174083151147	0.821308747365841	0.0522
SEMA6A	-1.74806240515889	0.606573825788453	0.821614245733082	0.6728
TMEM38A	2.32434151148422	0.606579579534974	0.821614245733082	0.1146
RFX2	2.35842842639712	0.606777005942099	0.821726062606704	0.1114
PIK3CD	2.93108753934181	0.606787214470926	0.821726062606704	0.0971
BCAN	4.97097491711552	0.606797165315567	0.821726062606704	0.0588
LIMK1	7.31082694559392	0.606949858446454	0.821871874781076	0.0464
CCDC34	6.03296063215601	0.60763708172258	0.822436429709921	0.0611
LOC100499484	1.04346372201717	0.607736847090348	0.822492262327044	0.182
SUZ12P1	3.36612528895817	0.607777669642549	0.822492262327044	0.0814
ATP5L	7.2803341461678	0.607927173247441	0.822524158808663	0.0474
MRPS7	5.82911394571423	0.6083100776788	0.822981234482302	0.0497
KCNH5	-0.313839484763571	0.608548379886833	0.82324262491397	0.3309
TUBA8	-0.899165681388182	0.608983425963354	0.823770111469101	0.4044
C9orf172	2.42839169795847	0.60929900454109	0.824074872344209	0.1103
ZNF774	0.697899942726976	0.609362052399405	0.824099090940332	0.1937
TIRAP	3.13231147079576	0.609491171695256	0.824212654108785	0.0874
OTUD6B-AS1	5.58687197490998	0.609572410467155	0.824255242731892	0.0872
TULP1	-0.608561519687493	0.609612964908305	0.824255242731892	0.4856
FPGT	3.38155482519917	0.60993353130728	0.824444435624589	0.0814
PPIA	11.4953586882976	0.610643828763969	0.825178754624656	0.0487
MANEA-AS1	-0.188068932610189	0.61068584759531	0.825178754624656	0.2767
PCBP1	7.62725079224257	0.611413095763759	0.825894004902937	0.0486
CDH24	3.80044210610237	0.611680492839275	0.826071835868754	0.0714
SAMD4B	6.74056303608994	0.611750774451879	0.826105639351542	0.0493
MIR1204	-1.31445875159376	0.612620073040391	0.826912536297624	0.5927
RAE1	5.52614220672644	0.612684366829826	0.826938178385724	0.061
MCM3	7.85633739942736	0.613011853583291	0.827257865095843	0.0497
LDB3	-0.899292843368056	0.613107801981689	0.827326190625894	0.4012
SRSF6	7.78581194830564	0.613256011054481	0.827403867992802	0.0452
HPRT1	6.84661637346408	0.613777416574192	0.827938056080428	0.0551
SLC35G1	2.53122591909038	0.61381001193413	0.827938056080428	0.1119
SCNM1	-0.094731369378184	0.613833347340524	0.827938056080428	0.2695
STX18	4.97869979668196	0.614019241549354	0.828127605919401	0.0733
SNHG6	6.3618484743329	0.614247145203143	0.82831259291096	0.0484
MRPL45	-1.61245240969612	0.614378964571283	0.828429158520817	0.6262
PIP4K2A	5.08420632343483	0.614483164147704	0.828508467110819	0.0556
CHMP7	5.27929086109984	0.614992262087433	0.828923487025145	0.0522
CDHR2	-0.580380685742306	0.615018001301248	0.828923487025145	0.3409
MAGEA12	4.47418495170755	0.615169633027218	0.829005449217161	0.0586
PGAM4	-0.424624845056284	0.615441227902187	0.829310234468728	0.3419
TMEM132A	4.83573305439507	0.61556806309154	0.829358712900307	0.0622
ORC6	4.74644891690794	0.615924816437069	0.829716901481341	0.0591
ITPR3	7.33163712227764	0.616836635949324	0.830577491214844	0.0462
NDRG3	6.20824104305403	0.61713277796652	0.830803591030217	0.0481
PACSIN3	6.33941667414093	0.617418499882953	0.831054084232805	0.0486
RSC1A1	2.94303271835956	0.617492634785747	0.831054084232805	0.0933
PPP1R13L	4.94732248544332	0.617780074330127	0.83133561860431	0.058
LOC100506473	2.04483041693729	0.617919281244266	0.831422051768524	0.1208
ZFP37	1.02232783990333	0.618072869727774	0.831444868451127	0.2273
DTD2	4.0025494964989	0.61821111431498	0.831569562550418	0.0679
SERPINF1	0.925865850988004	0.618846785851374	0.832262063719472	0.1901
SMIM11	-0.943266536070826	0.619077247264994	0.832489262379915	0.3396
NKAP	5.69143156846804	0.619254413051955	0.832547350586385	0.0498
ZNF567	3.41322328371167	0.619259412147064	0.832547350586385	0.0829
PDGFB	4.97040759379224	0.619302860482204	0.832547350586385	0.0615
UBE3C	7.28529585805989	0.619892672415966	0.833077362081382	0.0453
PTGIS	4.82127368651895	0.619925282859091	0.833077362081382	0.0588
GDAP1L1	-1.54725563146836	0.620034634111708	0.833162982507238	0.4001
DNM1	5.69798559040624	0.620123049968157	0.83318870938483	0.0487
CHST12	4.22320104435258	0.620290732747496	0.833323100819655	0.0652
STYK1	3.33158214904654	0.620647886342421	0.833482743137258	0.0815
CPD	6.67386105866475	0.620679343090792	0.833482743137258	0.0558
C7orf49	5.06032348391869	0.620679474735247	0.833482743137258	0.0514
NGDN	4.50435303236983	0.620785019733607	0.833496456590183	0.0572
ZNF841	4.65080933826537	0.621067125489217	0.833588995885884	0.064
LOC102724467	-1.61098386273581	0.621082511921755	0.833588995885884	0.6117
DZIP3	5.11186724496721	0.621235833518756	0.833611273555194	0.0514
PRDM12	-1.31372832390696	0.62130509432196	0.833642937082295	0.5703
N4BP2L1	-0.314214138802934	0.621892050133364	0.834369167872029	0.324
ARHGDIB	8.81904359835371	0.622026701069499	0.83443310086406	0.0509
CDK15	-1.54738435665269	0.622031116874397	0.83443310086406	0.3989
CLIP1	6.99821120606051	0.622257470217602	0.834552775219846	0.0486
ADAMTS16	4.29612611251025	0.6225004540821	0.834817328268774	0.0598
SIPA1L3	5.41950699163323	0.623162365129345	0.835643612296263	0.0504
DDX24	-0.186216320237741	0.623209073736785	0.835644865966857	0.2661
GTF2A2	6.64258507935602	0.623364268403243	0.835791574909635	0.047
CITED2	3.99486638263771	0.623721922917313	0.8358663555272	0.0634
CSF2RA	0.398724971982671	0.624002372973056	0.836094482274944	0.4061
ADGRD2	-1.54798891140363	0.624823824008372	0.837010840262462	0.4043
ZRANB2-AS1	-0.138406851280841	0.624912256912499	0.83706788188382	0.2663
KDM3A	5.08043513947344	0.62512939117486	0.837218314813643	0.0508
PSMC2	8.06390482655217	0.625395528632375	0.83746943231223	0.0441
HRSP12	5.28270658254552	0.625680676320418	0.837728377477488	0.0606
PQLC1	3.51006125773345	0.625966510201698	0.838049619407613	0.0817
CHFR	3.37647503854601	0.626070292868763	0.838127100286877	0.0879
EIF5AL1	6.53032653528695	0.626504532108749	0.838585434282375	0.0812
LOC101928673	0.251447298967022	0.626928454437532	0.838906828718873	0.2286
FRS3	1.13792940207759	0.627137806118809	0.839063963979844	0.1475
LASP1	9.0782880985539	0.628037350173179	0.840021237069497	0.0477
OCLN	0.417834644570603	0.628365915786901	0.840056431794047	0.2396
PRKAG2-AS1	-0.747746552079897	0.628557983025009	0.840056431794047	0.386
SCYL1	5.70815258544559	0.629058876562417	0.840056431794047	0.0542
PISD	5.27235056738452	0.630282918534437	0.840056431794047	0.054
LRRC7	0.710342331879121	0.631249445839331	0.840056431794047	0.217
IRAIN	0.122995411875726	0.631279165675696	0.840056431794047	0.3167
TTI2	2.90204601115666	0.631730208095298	0.840056431794047	0.0889
ADGRE2	-0.677983597896677	0.631775520202667	0.840056431794047	0.3845
GACAT2	-1.54846460579197	0.632260514839671	0.840056431794047	0.4159
PIGM	3.67042307877883	0.632895083281587	0.840056431794047	0.0655
SYNDIG1L	-2.48593150038464	0.633171368398668	0.840056431794047	1.5768
MIR637	-2.48593150038464	0.633171368398668	0.840056431794047	1.5768
KCNK15	-2.48593150038464	0.633171368398668	0.840056431794047	1.5768
LOC100506514	-2.48593150038464	0.633171368398668	0.840056431794047	1.5768
FOXI1	-2.48593150038464	0.633171368398668	0.840056431794047	1.5768
LINC01361	-2.48606169370145	0.633171368398668	0.840056431794047	1.5745
BASP1	-2.48606169370145	0.633171368398668	0.840056431794047	1.5745
ABCA10	-2.48619187556368	0.633171368398668	0.840056431794047	1.5721
STX16-NPEPL1	-2.48619187556368	0.633171368398668	0.840056431794047	1.5721
LOC102723780	-2.48619187556368	0.633171368398668	0.840056431794047	1.5721
PAQR9	-2.48619187556368	0.633171368398668	0.840056431794047	1.5721
TRS-TGA2-1	-2.48619187556368	0.633171368398668	0.840056431794047	1.5721
TTBK1	-2.48619187556368	0.633171368398668	0.840056431794047	1.5721
TCTE1	-2.48619187556368	0.633171368398668	0.840056431794047	1.5721
TRC-GCA16-1	-2.48619187556368	0.633171368398668	0.840056431794047	1.5721
RNVU1-6	-2.48632204597331	0.633171368398668	0.840056431794047	1.5698
LOC101409256	-2.48632204597331	0.633171368398668	0.840056431794047	1.5698
MIR1206	-2.48632204597331	0.633171368398668	0.840056431794047	1.5698
MIR132	-2.48531725011961	0.633171368398668	0.840056431794047	1.5669
TTC21B-AS1	-2.48531725011961	0.633171368398668	0.840056431794047	1.5669
MIR3653	-2.48531725011961	0.633171368398668	0.840056431794047	1.5669
SLC22A13	-2.48531725011961	0.633171368398668	0.840056431794047	1.5669
ZNRF2P2	-2.48531725011961	0.633171368398668	0.840056431794047	1.5669
FAM110D	-2.48544749724106	0.633171368398668	0.840056431794047	1.5645
FAM133CP	-2.48544749724106	0.633171368398668	0.840056431794047	1.5645
LOC101928896	-2.48544749724106	0.633171368398668	0.840056431794047	1.5645
SAMSN1	-2.48544749724106	0.633171368398668	0.840056431794047	1.5645
LINC01336	-2.48544749724106	0.633171368398668	0.840056431794047	1.5645
PPP2R3B	-2.48544749724106	0.633171368398668	0.840056431794047	1.5645
EIF1AX-AS1	-2.48544749724106	0.633171368398668	0.840056431794047	1.5645
LOC101927830	-2.48544749724106	0.633171368398668	0.840056431794047	1.5645
DTNA	-2.4855777328987	0.633171368398668	0.840056431794047	1.5622
DPPA2P3	-2.4855777328987	0.633171368398668	0.840056431794047	1.5622
LOC101927040	-2.4855777328987	0.633171368398668	0.840056431794047	1.5622
TRS-GCT3-1	-2.48570795709466	0.633171368398668	0.840056431794047	1.5599
RNU4ATAC	-2.48570795709466	0.633171368398668	0.840056431794047	1.5599
LOC100996574	-2.48570795709466	0.633171368398668	0.840056431794047	1.5599
MIR3916	1.29985420323912	0.633310766951288	0.840168801065224	0.1785
CYB5D1	5.26851218571935	0.633473566363454	0.840274171876133	0.0581
DDX11	6.68951565377499	0.633914367709653	0.840736701555208	0.0477
PIGF	3.28469041739567	0.634188561847397	0.840978164094289	0.0775
NPPA	-1.74992246158579	0.634399931562098	0.841136259030987	0.6889
CCDC116	-1.74992246158579	0.634399931562098	0.841136259030987	0.6889
HGS	6.52927174690836	0.63448504060281	0.841188010257436	0.044
ZNF319	3.09403815460543	0.634736495066547	0.841460275501771	0.0912
PDZD2	-0.677520543260789	0.635126038422757	0.841854422235232	0.3795
CTNNA1	5.6226098369812	0.635253110214554	0.841961723542682	0.0481
CLIP1-AS1	-0.821709682610057	0.63647657637879	0.843399606472468	0.3855
RND2	-0.0936191505406782	0.636602112388558	0.843504729551859	0.2785
GNAT2	-0.0925187544629858	0.637036179849863	0.843957365699499	0.2623
SYBU	1.52123903170617	0.637320379202139	0.844271908486765	0.1415
MGAT4A	3.4693970939248	0.637366095681672	0.844271908486765	0.0729
ZNF638	6.86459074839068	0.637888864906981	0.844372387554661	0.0472
RALB	7.58618070460153	0.637983920829164	0.844372387554661	0.0436
CNNM2	2.17450391682786	0.638199355660736	0.844372387554661	0.1083
FCHSD2	4.80053152033703	0.638220183845976	0.844372387554661	0.0575
SNORD58C	-0.00447056473413111	0.638228230492264	0.844372387554661	0.2678
BBS10	4.3702433762978	0.638289778084328	0.844392622370108	0.0745
ZCCHC4	3.67761523062605	0.638574790926849	0.844708454688831	0.0669
ZNF17	2.77198193024286	0.638919096462695	0.844857817255032	0.0898
LINC01057	0.952244286102331	0.639933090074381	0.845797387989734	0.1736
LOC105375105	-0.210288579756927	0.640453075463112	0.846355706300804	0.3096
FBXL12	3.9413810344516	0.641176922150164	0.846990802449485	0.0762
PARPBP	4.18332288674729	0.641228082857928	0.846990802449485	0.0701
DNPEP	5.43181638376347	0.64199366241669	0.847940696069968	0.049
APP	8.28968819961625	0.642155616905416	0.848093246200194	0.0463
FUNDC2P2	-1.61305743930089	0.642264384562866	0.848114184779724	0.656
AVEN	4.32349460659061	0.642607939303772	0.84838375324918	0.0611
RNF145	6.15602220725915	0.642736093001665	0.848491583906168	0.0461
ZNF658	1.21853057540582	0.643213450611775	0.848883383784984	0.1711
CHST5	-1.42712553285533	0.643265377480361	0.848883383784984	0.3819
LOC100128398	0.515389737030512	0.643479243800561	0.848981504287276	0.2152
VTI1B	6.08987660516807	0.644256768556224	0.849700301023149	0.0819
CSTF1	5.29848463077821	0.644315510500993	0.849716388044942	0.0501
LEPROTL1	5.13763363696681	0.644835412144971	0.850279182673787	0.0518
SHF	0.974190128400433	0.645483183647872	0.850887500951371	0.1715
RBM45	3.73641924470036	0.645714217663191	0.851069147184984	0.0628
TMEM255A	4.43326667104336	0.64597612425749	0.851291426004817	0.0627
BOLA3-AS1	-0.900862616306238	0.646294136546606	0.851470914775939	0.4028
BST2	-0.0460744777837998	0.646298886177157	0.851470914775939	0.2574
PVT1	3.13086311661732	0.646589107276959	0.851694418033444	0.0765
SDK2	-1.48501444947848	0.646615846949682	0.851694418033444	0.5608
ZNF682	1.97370365999687	0.646655145068009	0.851694418033444	0.1112
RAPGEFL1	2.8363020424085	0.646844307142026	0.851865368564387	0.0784
FKBP3	6.71350586654065	0.647009479370754	0.851976706245851	0.0426
RN7SK	-0.45595689773476	0.647226299931603	0.85220074515336	0.317
LOC100506504	0.0144196775016357	0.647300627551407	0.852202111503755	0.2746
ADORA2A-AS1	-1.42785678908106	0.647320698960482	0.852202111503755	0.3866
C17orf104	0.69957206979109	0.647868361077965	0.852615686262927	0.192
PRPF19	7.48339214682753	0.647928571982422	0.85263346140785	0.0415
MTA2	6.72746222482689	0.648112339102677	0.852813814520576	0.0415
ANK2	0.192622583745592	0.648419569553166	0.853117533086441	0.2188
ALS2CR12	-0.609854657191712	0.649714386089187	0.854490780562909	0.369
FRG1	0.45021088815784	0.649761230048987	0.854490780562909	0.1695
CNNM3	5.26338619555743	0.649967792487827	0.854577747184571	0.0493
USP27X	1.55922468457688	0.650441293295276	0.855138718882224	0.1706
MSANTD2	4.20935537206901	0.650941108246095	0.855672585839624	0.0571
SNORD77	-1.4263939304239	0.651521326459061	0.856311975222218	0.3781
BRSK1	1.58447313081328	0.651781971273516	0.856531217072366	0.1165
DHX34	4.9578495356283	0.652226317345478	0.856991769789768	0.0535
LOC101928539	-0.610820786122579	0.652558628222773	0.857305002650759	0.3697
CA13	1.40414305459056	0.652855166988288	0.857632865261436	0.121
MCM7	8.05087508892861	0.653094550407017	0.857762166347519	0.0399
PITPNC1	2.43782487324942	0.653351967222585	0.857915091247609	0.1044
ELF2	5.11428013322239	0.654111446228346	0.858788821455929	0.0522
NUB1	6.65747302339579	0.654209774633575	0.85885615171225	0.0488
ATG16L2	1.7168412742102	0.654322795843246	0.858942759827015	0.1263
BTG3	3.68099831001975	0.654436242131313	0.85902991345623	0.0752
ASF1A	5.84927510678382	0.654545224955873	0.859072184172524	0.0528
WNT7B	6.27924198954331	0.65464983395638	0.859072184172524	0.0423
KLHDC10	6.00748655587227	0.654657612369573	0.859072184172524	0.0431
NPAS3	-1.48488577524465	0.654688076151453	0.859072184172524	0.5605
SUPT7L	5.48798542758626	0.654833517075035	0.859180730754768	0.048
KIAA2026	4.20474291435743	0.655428771919707	0.859776364170883	0.0619
IDI2-AS1	-0.0933390396245877	0.655804550124283	0.860123226573578	0.2619
NR2E3	-0.579962817178771	0.65594306915771	0.860123226573578	0.3003
KATNBL1P6	0.547158762942556	0.655975881002625	0.860123226573578	0.2145
GPS1	6.4476280966745	0.656296453341977	0.860296406419985	0.0419
SGSH	2.70450903584367	0.656707154742012	0.860772962160408	0.0981
SLC36A4	5.00931783298046	0.656993777519879	0.861025010940626	0.049
LINC00920	2.07956609453596	0.657608292756522	0.861706646035247	0.0966
LINC00888	2.67538493632089	0.657702673212047	0.861768463515333	0.1001
KDM4A	6.35573080089996	0.658005942087369	0.86205636885159	0.0416
TSPYL4	3.96769719171131	0.65801684377448	0.86205636885159	0.0697
MORC4	3.91478091398644	0.65809784299546	0.862100618665694	0.0632
RBM41	5.66779235476089	0.658494208780188	0.862532131838899	0.0441
RNF25	3.8231346625602	0.658863630701294	0.862862003428474	0.0589
WBP1L	4.49499299774842	0.658868116114862	0.862862003428474	0.0545
FAM118A	4.25015508958652	0.659220046413052	0.863163818399475	0.0538
ZNF787	5.7724179608392	0.659240420680537	0.863163818399475	0.0535
ADM2	0.0427178193602877	0.659383941923203	0.863262692120847	0.296
TSEN15	5.89387455432121	0.65958534560601	0.863429662224532	0.0432
TPCN2	3.9208367225533	0.659648228245365	0.863445704731161	0.065
LOC105376544	0.586526596210507	0.659692193776853	0.863445704731161	0.1917
TMEM62	3.9856675909939	0.659783817890523	0.863503719220689	0.0621
NRD1	7.94959022614808	0.660011950967398	0.86367845866682	0.0399
BTBD18	-1.31578419675633	0.660461644409143	0.864019188845096	0.3627
RNASEH2B-AS1	-1.31578419675633	0.660461644409143	0.864019188845096	0.3627
PNPLA5	-1.4275108407145	0.660759937878895	0.86434747964439	0.3778
STX6	5.89733755107114	0.661083648247118	0.86464701836935	0.0442
SLITRK4	-1.31591240568552	0.662017439488343	0.865496303014838	0.3616
CES3	1.87096141237945	0.662524685418692	0.865973412830503	0.1215
PTDSS1	6.79697497943743	0.66307389175763	0.866567182183929	0.0393
SPTLC1	6.96497851180439	0.663306050138143	0.866731497295962	0.0416
PPP1R26-AS1	2.10343613550618	0.663389527372725	0.866731497295962	0.1094
GPR137	4.69994931059914	0.664549322541728	0.867823891606372	0.0536
HYLS1	4.98335187445796	0.664558392016711	0.867823891606372	0.0477
MED9	3.64329152297157	0.66474414190919	0.867964547127522	0.0624
SYNRG	1.07823309594278	0.664761190728364	0.867964547127522	0.2672
DOK3	2.42952268412071	0.665028536061681	0.868189427513019	0.0912
SNORD58A	-0.236646475184733	0.665652315713075	0.868879499189039	0.3645
HOXA6	-1.3153109170256	0.665761147696861	0.868959427493666	0.3562
TOR1B	5.40317563897516	0.666083811965309	0.869256277878238	0.0472
PMF1	3.96195849076065	0.66621029275873	0.869359192609248	0.0635
PTGFRN	7.25052407197529	0.666378217700251	0.869516170562203	0.0428
NDUFS3	5.8101982918357	0.667630440009796	0.870963363785825	0.048
ARNTL	3.47349427646895	0.667995419408238	0.871253282516932	0.0727
ELOF1	5.22266376246825	0.668091296119332	0.871253282516932	0.0447
LOC105378862	-1.31505438844094	0.668258462380032	0.871346795886712	0.358
ING3	4.40256413867512	0.668789093657965	0.871763092119169	0.0531
RACGAP1	7.14186118905685	0.668830561889634	0.871763092119169	0.0401
LOC105378101	-1.42858769940459	0.668865734449878	0.871763092119169	0.403
GNGT1	-1.42626541145533	0.66886759473461	0.871763092119169	0.3797
RPS23	9.93251519542322	0.669267702031193	0.872052978545062	0.0444
JAKMIP3	2.6431949565338	0.669277732383593	0.872052978545062	0.0943
SNORD15A	-1.31698657843531	0.669350112325866	0.872085045005781	0.3743
ANKRD18A	1.5223047210285	0.670012300837453	0.872690256269781	0.1132
ZNF252P	4.48906624893291	0.670040512036037	0.872690256269781	0.0573
CNIH1	6.09449996199716	0.670053643850434	0.872690256269781	0.0524
SRGAP2D	0.138914522992019	0.670106127948681	0.872696352677352	0.2471
PJA1	5.02597296081361	0.671495204926894	0.874255916498744	0.0499
SLC1A4	2.42221095623181	0.671694035770821	0.874390068242449	0.0915
RAB14	7.4412332354854	0.671841431857345	0.87451958502586	0.0418
USP21	3.89672877320135	0.671980494530942	0.874638236714451	0.0565
HRG	0.572243905243354	0.672311179950855	0.874881524070341	0.2082
LMCD1-AS1	-1.48475709010131	0.673355534064954	0.876053209085647	0.5599
SERINC3	6.23889395807832	0.673625651151848	0.876279741159194	0.0412
SF3B6	6.30707212256238	0.673800967493139	0.876445348240452	0.0394
CYP51A1	7.34346436069563	0.673899890905004	0.876481023637507	0.038
LOC102724594	3.07358878260868	0.67392441546887	0.876481023637507	0.0833
CYC1	6.97994055942483	0.674045424544963	0.876575956011743	0.0499
SMPD4	6.22219807015285	0.674929059090069	0.877537561622982	0.0416
WDR18	4.74979253174966	0.675147260895197	0.877696246877642	0.0498
LPCAT4	3.95429221091733	0.675396794611016	0.877958123214092	0.0728
NT5M	1.85407870583608	0.675477307798686	0.877981151578186	0.115
FOXH1	-1.42747156740723	0.675617645061296	0.877981151578186	0.4062
DENND1B	4.14822784150078	0.67573291226367	0.877996501529522	0.0548
RAET1K	-0.397654017742986	0.675948283006938	0.878174769041749	0.2786
MED19	4.85484581173579	0.67624414194641	0.878371615465932	0.052
IST1	6.32186004712532	0.676324917438844	0.87841403619547	0.0408
LOC101928335	-1.07225283203538	0.676408156909513	0.87845965088853	0.462
SNX22	-0.484566904933567	0.676496297298347	0.878511623522451	0.3479
ASAH2	1.95238137877672	0.677070875876212	0.879132710526041	0.1293
SNORA65	-1.60929464979027	0.677232633746886	0.879280204941551	0.5331
HHIP	-1.21298218826015	0.677442212972661	0.879427223211897	0.3505
FREM1	-1.21298218826015	0.677442212972661	0.879427223211897	0.3505
LINC01572	0.0991717427169491	0.678018437147405	0.879873357411663	0.2311
C1QL4	-1.21285425547848	0.67838024812577	0.880269373074423	0.3515
PTK7	6.1432761625567	0.678724280733101	0.880653196095486	0.0416
LYRM2	4.95623928510894	0.678849952707455	0.880753659059576	0.0436
UBE2C	7.2147881801605	0.679187075754155	0.881128429147801	0.0397
C9orf40	4.53339097099144	0.679264474037403	0.881166221703037	0.0503
BRF2	2.36487170699421	0.680540711765619	0.882508256427982	0.0889
KNTC1	6.12478687779842	0.680997855450392	0.882912921603747	0.0398
UMAD1	3.99302813299395	0.681576243997513	0.88335972294353	0.0652
MAN2A2	4.41829988402495	0.681874610693201	0.883610370018105	0.0561
NT5DC1	5.28213452159033	0.682262427134717	0.883929382544949	0.0487
MRPL23	4.25582041804203	0.682308971364252	0.883929382544949	0.0674
ADGRB2	3.70032052660555	0.682404805378233	0.883983688851559	0.0601
HNRNPLL	5.32479904453621	0.682768672899886	0.884392286963269	0.043
SNAI2	3.81881934566081	0.683604103599146	0.885223188771884	0.0651
CREBBP	6.87566323529222	0.683973894643017	0.885639224101207	0.0487
MBNL3	5.91702439151648	0.684083760656124	0.885699608634256	0.0405
ABCC1	4.3667771958784	0.684284222826352	0.885752884014264	0.0689
RAPH1	4.14654228986423	0.684484520953602	0.885860570332123	0.0515
PRDM5	0.285164492112742	0.684659906953829	0.885899160914955	0.1508
GOLGA6L9	1.08645978474932	0.684937466678841	0.886120611289801	0.1331
B2M	5.83725256518047	0.684976668849785	0.886120611289801	0.0434
PLSCR1	5.17518225599298	0.685279652336936	0.886449750801609	0.0477
ZNF345	2.20503282570061	0.685722192565448	0.886770868277596	0.1048
TBC1D10A	3.37637924085103	0.686010765144689	0.886955561507184	0.0646
ARHGDIA	7.42162546115569	0.686113647555165	0.887025759490624	0.0383
NUDT5	6.31441994063732	0.686164845079621	0.887029132684716	0.0397
KIAA0753	5.58684277126103	0.686594485564272	0.887422759044604	0.0402
MIR4720	-1.06905781811686	0.686615166055271	0.887422759044604	0.4504
MT1F	1.91034954674105	0.686850650437824	0.887475792652906	0.1154
LOC105369669	-0.315487530275338	0.687072403820865	0.887636671442482	0.2182
SNORA15	-1.31673032803061	0.687280018039619	0.887842061232047	0.388
TMEM79	2.82957910893125	0.688856591120674	0.889563975914199	0.0761
LINC00707	4.7204627340186	0.689312760727451	0.890027141936512	0.0475
TMEM263	5.71097365383981	0.689580331161473	0.89018374527534	0.043
C5orf56	0.26999538659534	0.690089271440354	0.890714772300276	0.1818
NPR2	4.62834276862856	0.690676752792423	0.891284003603483	0.0472
GNB1L	1.93482570136307	0.690860874789571	0.891450362438991	0.0994
USP44	0.798934963066251	0.69112257522302	0.891586359088595	0.1499
LINC01140	-0.544379402015775	0.691155245060352	0.891586359088595	0.3312
CD81-AS1	-1.11633109545967	0.692262870556619	0.892576904162316	0.3379
MAP4K1	-0.315861811104594	0.692401141857432	0.892576904162316	0.2153
PDIA3P1	5.15478869614781	0.69279132848475	0.892576904162316	0.0494
PARP16	3.54490662581252	0.692846723297005	0.892576904162316	0.0593
TMEM204	-1.11645879180478	0.693343722457774	0.892576904162316	0.3368
ZNF461	1.9478350968524	0.693371464542654	0.892576904162316	0.1242
PSPC1	5.07121723766809	0.694076957722687	0.892576904162316	0.0471
SNORD103A	-2.26335313989504	0.694383030411549	0.892576904162316	1.1188
ERO1LB	-2.26335313989504	0.694383030411549	0.892576904162316	1.1188
CC2D2B	-2.26335313989504	0.694383030411549	0.892576904162316	1.1188
LACAT1	-2.26335313989504	0.694383030411549	0.892576904162316	1.1188
TRAPPC12	3.07023242493005	0.694468729789738	0.892576904162316	0.0645
PFKFB2	5.07986797945537	0.694602853488347	0.892576904162316	0.0443
C4orf29	3.29096854063993	0.694642436972996	0.892576904162316	0.0728
RGS17	-0.550145625922031	0.695072045856997	0.892576904162316	0.2647
SSBP4	4.43669820217663	0.695239209844415	0.892576904162316	0.0643
MRPL49	6.62081240534552	0.695267660294105	0.892576904162316	0.0358
SNORD4B	-1.1157328263619	0.69557535879598	0.892576904162316	0.3331
LOC100996351	-2.26396547819371	0.695661872300029	0.892576904162316	1.1265
LINC01088	-2.26396547819371	0.695661872300029	0.892576904162316	1.1265
RRH	-2.26396547819371	0.695661872300029	0.892576904162316	1.1265
LOC102724668	-1.26213621016466	0.695684256820091	0.892576904162316	0.4767
MCTS2P	2.43630381548659	0.695687795813755	0.892576904162316	0.0834
SEMA4D	4.81713956110771	0.695939255693063	0.892576904162316	0.0488
ADD3-AS1	-2.26348307881416	0.695980039043531	0.892576904162316	1.1166
TSPAN32	-2.26348307881416	0.695980039043531	0.892576904162316	1.1166
ADGRG3	-2.26348307881416	0.695980039043531	0.892576904162316	1.1166
YWHAZ	10.5043783923823	0.696294670150892	0.892576904162316	0.037
ZSCAN30	3.05844079361145	0.696340158648123	0.892576904162316	0.0691
HIST1H2AK	-2.26274055188319	0.69639314891744	0.892576904162316	1.1099
ARC	-2.26274055188319	0.69639314891744	0.892576904162316	1.1099
SPAG7	4.8818160523273	0.696547640531905	0.892576904162316	0.0493
LOC105378510	-2.2632231896123	0.696606693749935	0.892576904162316	1.1206
SNORA7B	-2.2632231896123	0.696606693749935	0.892576904162316	1.1206
SMG1P7	1.44760682990241	0.696732825770973	0.892576904162316	0.1144
GNAI3	7.18584094800824	0.696752742289627	0.892576904162316	0.0394
MALSU1	5.66724678876227	0.696934656967524	0.892576904162316	0.0449
SERHL2	1.46605866365783	0.696944353683263	0.892576904162316	0.1265
ZMYM1	5.71197724550291	0.697114760211157	0.892576904162316	0.0403
LOC643072	-0.263756045212644	0.697357995403692	0.892576904162316	0.2239
G0S2	1.61772657529914	0.697408611015191	0.892576904162316	0.1231
YWHAE	4.80498297597128	0.697552068316556	0.892576904162316	0.0444
CTB-178M22.2	-2.26409536386795	0.69759022223011	0.892576904162316	1.1258
HDAC3	6.00221072837446	0.697731431209323	0.892576904162316	0.0382
DCDC1	-1.21259835789932	0.697981327906275	0.892576904162316	0.3576
ZNF530	3.14947053272765	0.698117840638249	0.892576904162316	0.0672
SNORD46	-2.26383558116485	0.698381298668147	0.892576904162316	1.1312
LOC105378189	-2.26383558116485	0.698381298668147	0.892576904162316	1.1312
SLC10A1	-2.26383558116485	0.698381298668147	0.892576904162316	1.1312
GIP	-2.26383558116485	0.698381298668147	0.892576904162316	1.1312
LOC105373987	-2.26383558116485	0.698381298668147	0.892576904162316	1.1312
SNORD72	-2.26383558116485	0.698381298668147	0.892576904162316	1.1312
ALAS2	-2.26383558116485	0.698381298668147	0.892576904162316	1.1312
NEXN-AS1	-2.26287054408904	0.698550303296952	0.892576904162316	1.105
PSG6	-2.26287054408904	0.698550303296952	0.892576904162316	1.105
C2orf66	-2.26287054408904	0.698550303296952	0.892576904162316	1.105
ERICH6	-2.26287054408904	0.698550303296952	0.892576904162316	1.105
RASGEF1C	-2.26287054408904	0.698550303296952	0.892576904162316	1.105
C9orf171	-2.26287054408904	0.698550303296952	0.892576904162316	1.105
FKBP14	5.24551123563317	0.698572458735275	0.892576904162316	0.0486
TEKT2	-2.1649646863738	0.699212888876122	0.89297433227013	0.6044
SERP2	-2.1649646863738	0.699212888876122	0.89297433227013	0.6044
RNF183	-2.1649646863738	0.699212888876122	0.89297433227013	0.6044
LOC100419583	-2.26261054830477	0.69942155878235	0.89297433227013	1.1092
PTGIR	-2.26261054830477	0.69942155878235	0.89297433227013	1.1092
SRD5A3-AS1	-2.26261054830477	0.69942155878235	0.89297433227013	1.1092
LAMB4	-2.26261054830477	0.69942155878235	0.89297433227013	1.1092
CAMSAP3	4.21619244539229	0.699947836971739	0.893383144639678	0.0504
LOC100287944	-2.16470524332365	0.700084315688828	0.893383144639678	0.6109
AACS	5.21546929968216	0.701247763530994	0.89402309827615	0.0402
MTM1	4.57049781419622	0.701260049034647	0.89402309827615	0.048
TMEM199	4.54442317942899	0.701271404870424	0.89402309827615	0.046
LINC00869	1.39587581072233	0.701496992451215	0.89424824343198	0.1694
ZNF664	7.72209024692961	0.701664161384779	0.894398891931332	0.0426
CYP2J2	1.23939494256443	0.702628965458716	0.895195740574449	0.1328
ZFYVE27	4.03118101598312	0.702632546378795	0.895195740574449	0.0564
FBXL17	5.06635665185108	0.703222684353207	0.895869003797628	0.0513
SUMO1P3	-1.11598830648702	0.703381586026928	0.895946595921106	0.3276
AAR2	5.01081909947277	0.703418194529865	0.895946595921106	0.0432
C10orf131	-0.341281839670366	0.704679086040716	0.897051906754014	0.2648
EIF2A	6.99763891748602	0.704816776345789	0.897102075505036	0.0343
MIR7110	-2.26361300637161	0.705024724032951	0.897304194223756	1.1096
CCDC87	-1.02642367962557	0.705079742242915	0.897311660814685	0.3297
SLC35E4	2.43462166456014	0.705447581322009	0.897717206511543	0.0835
RUNDC1	4.01390101625515	0.705828581462536	0.898139442613791	0.062
ZNF192P1	2.12119124144406	0.706072664167207	0.89832480012799	0.0773
BATF2	-1.02582716884896	0.706552552622984	0.898810076000641	0.3258
RPL5	10.2440880050226	0.706858120455243	0.899126148956743	0.035
C22orf46	6.11483119308107	0.706899518841813	0.899126148956743	0.0612
SYAP1	6.80349160565108	0.706972516562432	0.899156351007646	0.0344
SYP	-0.291509327080462	0.70738179123539	0.899432467737794	0.1718
TRPC4AP	6.29418990659706	0.707437507542985	0.899432467737794	0.0415
LOC101929057	-1.02569969791176	0.707529434155623	0.899432467737794	0.3266
EIF4EBP2	7.54294171877177	0.707534491081423	0.899432467737794	0.0352
OPLAH	2.16223432951196	0.708007821237917	0.899908848048417	0.0993
INPP1	3.13960368290443	0.708159962570214	0.900039562564872	0.0681
ACTR3B	3.98682475548409	0.70853209413283	0.900281559218694	0.0487
POMGNT1	5.88637014191298	0.70854762504679	0.900281559218694	0.0385
MIR23A	-2.26422523818949	0.708740780083701	0.900464310752874	1.128
IPP	4.33216766925802	0.709013664045409	0.900475579699802	0.0502
PHB2	8.5181628338737	0.709092573136819	0.900475579699802	0.039
DPH5	4.77190691194295	0.709152423070823	0.900485959211306	0.0421
MAP3K14-AS1	1.72647613858671	0.709220673016428	0.900509987939068	0.11
MIR630	-1.26226438517815	0.709432311335506	0.900653426685744	0.4654
SOWAHD	-0.189827978392394	0.709770142679347	0.900894370072596	0.1748
MRPS17	6.22471899914005	0.711188341888132	0.902055739144557	0.0372
SNORD78	-1.02616882430694	0.711202357371302	0.902055739144557	0.3321
ZNF382	-2.26370567277944	0.711228654099844	0.902055739144557	1.1494
RMRP	-2.26370567277944	0.711228654099844	0.902055739144557	1.1494
PEX13	5.07115971328747	0.711325691900331	0.902116139724379	0.042
UROS	4.80500530361235	0.711762295413731	0.902607145392684	0.0438
SPATA1	-1.11731204815579	0.712381336920189	0.903258313466567	0.3387
EIF4A3	6.68556026863667	0.712473691603777	0.903258313466567	0.0388
CHAC2	3.78467330107821	0.712639913172393	0.903406308928213	0.0836
SSSCA1-AS1	0.250110238118657	0.712826645373392	0.903580283150719	0.2174
C17orf75	4.99528333453007	0.713079252503646	0.903837730591305	0.0397
LOC102724560	-0.346546285330584	0.713825345923911	0.904532207620387	0.3301
KIF5A	-2.16457550484472	0.714589362164835	0.905249003933192	0.6357
BTK	-2.16457550484472	0.714589362164835	0.905249003933192	0.6357
POP7	5.65010245610641	0.714977152728592	0.90561457713267	0.0369
CRYBB2	-1.26526009463525	0.715433896456824	0.906004523703925	0.2781
CAPZA2	7.47845885447555	0.715673397437679	0.906244956899651	0.0384
LRRTM2	-0.116354718362547	0.715802929239098	0.90628325654962	0.2218
RBM10	5.69753618240519	0.716255291367468	0.906541638879956	0.0416
TUBG1	6.24763619097465	0.716432375301857	0.906702907695715	0.057
PRX	2.80227473089377	0.716527582813031	0.906760540124406	0.0784
MRPS18C	5.30923892076673	0.71671573803762	0.906935781078172	0.0385
LOC105373991	1.85534437094985	0.716836032607813	0.907025132470768	0.1044
RASSF5	2.73623437808354	0.717342711596467	0.907477551306569	0.0637
KCNN1	-0.941823617080864	0.717854467087612	0.907800337174344	0.3229
HES7	0.736485829032521	0.717896224133764	0.907800337174344	0.2162
DCLK2	-1.02727468263034	0.718338627469844	0.908113944448011	0.3331
RPS19BP1	5.61578271351819	0.718549042207867	0.908311266759924	0.0374
ST6GALNAC6	3.38770127185349	0.718633909126114	0.90835564945	0.0553
RPL38	9.75307716314387	0.718920132371691	0.908654523440708	0.0417
SRSF4	6.70504679112842	0.719518445081205	0.909261571936414	0.0395
IFT81	4.93243036545528	0.719980397393453	0.909679710347766	0.042
HMBS	5.20724664855768	0.720396207903092	0.909897019958366	0.0391
LOC102724814	0.1543573037887	0.720401595446879	0.909897019958366	0.2281
SLC22A5	3.29372541867657	0.720871699090384	0.910427792362092	0.0567
FZD5	3.27635284280858	0.720994643721242	0.910457094540707	0.0557
ZNF512B	4.68553432058826	0.721615687253966	0.91117830865323	0.0399
PTGES3	9.46039009021095	0.721708382561775	0.911232328103448	0.0335
ARRB1	4.51963940193227	0.721853976886413	0.911290104559737	0.0422
FAM58A	5.24105236397034	0.722421301127006	0.911920614751694	0.0477
TMEM185A	3.64378284355072	0.722453322258641	0.911920614751694	0.0503
PREB	4.94862743879076	0.722590403226837	0.912003378821092	0.0405
SMIM10L1	-0.941356030112235	0.722668759751639	0.912003378821092	0.3172
DCTD	6.44841319759599	0.722907148741639	0.912178110825779	0.0356
TFG	8.12814608246987	0.723252145501277	0.912550360651829	0.0314
TMEM194B	3.5265693601777	0.723540719016781	0.912753164713403	0.0532
LOC100128653	0.465206297485572	0.723784697004054	0.912843760173126	0.1375
PRORSD1P	0.600499234418381	0.723848018977573	0.912860557782162	0.1631
ZNF557	1.16874418362683	0.723962832231851	0.912942285364693	0.1193
MYLK4	1.4326776848953	0.724052956352851	0.91299286995287	0.131
C1orf210	4.48271871712642	0.724515189686873	0.913386458319423	0.041
LOC105373759	1.05011062675229	0.72460777697143	0.913440103327608	0.1419
MIER1	5.41849910248231	0.7249018403386	0.913747704013083	0.0375
SNORA40	3.48889859889365	0.725610601687674	0.914451687450654	0.0608
SNHG1	6.31878516833061	0.726832617977012	0.915928506508479	0.0336
AIDA	5.74240386074918	0.727238654126806	0.916313677254398	0.0386
ANKRD28	6.83377914124522	0.727479200896089	0.916553505283575	0.0337
MAP2K6	1.18260688300547	0.728018383657904	0.917027498465584	0.1429
SNORD54	-0.861093709289836	0.728056341080202	0.917027498465584	0.3153
FBL	8.43728663193131	0.728204936569404	0.917106295115121	0.0357
RNF113A	4.29437633364657	0.728219371931902	0.917106295115121	0.0538
LOC653160	1.12205193802973	0.729607796447363	0.918538027166613	0.1296
SNX16	2.88208906301033	0.730243702635585	0.919211820679532	0.071
GAS5	6.05583021433187	0.730772002439421	0.91974999493513	0.0356
ACRV1	-1.06948140357813	0.730857523505552	0.919754572307871	0.4248
BRI3BP	3.27329240786354	0.73095950628527	0.919795750395912	0.0782
CCDC73	-0.860754282607394	0.731364690267734	0.920233014842138	0.3088
LINC00662	1.50030062565191	0.731448104660716	0.920233014842138	0.0979
KIAA1462	5.80515276312966	0.731458220769844	0.920233014842138	0.0351
AURKC	-1.2623925494602	0.731600255475863	0.920348281695656	0.4474
C12orf10	5.35877356030923	0.732008116803974	0.920751125691292	0.0381
CTSS	1.22590343762959	0.732021353981344	0.920751125691292	0.1162
MIRLET7D	-0.346696675452368	0.732432870573415	0.921078355389424	0.2817
SNORD27	-1.02723402107222	0.732931232655092	0.92136163136644	0.3561
LYG2	-2.07100448246004	0.734090233827034	0.92136163136644	0.9001
PKDREJ	-2.07100448246004	0.734090233827034	0.92136163136644	0.9001
RSPH9	-2.07100448246004	0.734090233827034	0.92136163136644	0.9001
BTF3	9.14737879313324	0.734389296119164	0.92136163136644	0.0312
COX7A1	-2.07087482743659	0.734430713227907	0.92136163136644	0.9017
FAM209B	-2.07087482743659	0.734430713227907	0.92136163136644	0.9017
SRSF12	-2.07087482743659	0.734430713227907	0.92136163136644	0.9017
RHBDD1	4.12009963582036	0.734435323966518	0.92136163136644	0.0467
ZNF674-AS1	1.19420597152042	0.734742127129637	0.921633384147221	0.1057
TM4SF20	-2.07039374300772	0.73484491474935	0.921698987541336	0.8933
PSPN	-2.07026403523358	0.735203035069835	0.921930718399956	0.8948
LRRK2	-0.516841402221254	0.735994830346569	0.922254212561395	0.2717
MEMO1	4.94327014654095	0.736520663561984	0.922849775839916	0.0399
SNORA52	-2.07113412621899	0.737815255635663	0.923734095819305	0.8984
APOA1-AS	-2.07113412621899	0.737815255635663	0.923734095819305	0.8984
MIR1281	-0.784967967480955	0.73787749142859	0.923734095819305	0.3058
SLC25A22	4.16427684157034	0.73839942955571	0.923998902321546	0.0524
JUN	6.83818405413484	0.738756017481471	0.924234471629372	0.0324
LOC100996318	-2.07052343950854	0.738939939772437	0.924234471629372	0.8881
LOC105371409	-2.07052343950854	0.738939939772437	0.924234471629372	0.8881
COA5	5.74486023866177	0.738992691847828	0.924234471629372	0.0375
MFSD12	4.7339648586553	0.739145705660088	0.924329671905423	0.0381
EDRF1-AS1	-2.06978275658027	0.73942887484616	0.924329671905423	0.8795
TERF2IP	4.43570866514771	0.739464180636299	0.924329671905423	0.0439
CYYR1-AS1	-0.0261887255325092	0.739483195093815	0.924329671905423	0.2111
DISC1	-1.98455568178474	0.739608574755433	0.924329671905423	0.5306
AOX2P	-1.98455568178474	0.739608574755433	0.924329671905423	0.5306
IMPG1	-0.786150886995794	0.739774087084546	0.924388482807356	0.3137
STX7	5.08659648959287	0.739834219949505	0.924400350379725	0.0369
NOD1	3.70208313102787	0.740423730565944	0.924934725876721	0.0479
PDZD7	-0.859779783015594	0.740504356227108	0.924934725876721	0.3044
RUVBL1	7.2076735790727	0.740529770677546	0.924934725876721	0.0323
Mar-06	8.21444289249623	0.740565890016434	0.924934725876721	0.0299
RNU6-2	-1.11803728377429	0.740660800737386	0.924989983462972	0.3497
FAM96A	6.45005397899538	0.741170952326344	0.925247326700611	0.0457
CGN	5.12301801404639	0.741384165119498	0.925260322255637	0.0447
KIAA0040	2.93676567780925	0.74202812830377	0.925747660104806	0.0559
ZFP30	3.0442486558277	0.742714435889096	0.926413961573609	0.0584
TMEM136	2.12347608517296	0.743354978094611	0.92702291687241	0.0833
RNF139	4.61962334358632	0.743991758877751	0.927690290968665	0.0401
SIRT3	3.81811944251131	0.744131897817471	0.927697599200162	0.0566
CBWD5	3.45888922201541	0.744142881255219	0.927697599200162	0.0654
CDK1	8.3653593693023	0.744749802255653	0.928128363026773	0.0307
AKAP13	5.80154942288489	0.745257012047711	0.928573397508998	0.0334
TCF7L2	3.54701406673778	0.745407690839914	0.92869465665553	0.0597
RNF220	6.04463957524805	0.745497588827311	0.928743277032304	0.0336
AFTPH	5.84506307350838	0.746301662515808	0.92949127786114	0.0317
C1GALT1	6.12302927785503	0.746534422171589	0.929717744127466	0.0352
COX1	13.9388250541048	0.746833349151096	0.929982426713695	0.0484
PLP2	6.01891634499664	0.746848836440046	0.929982426713695	0.0374
PLCD4	2.24588145850582	0.746924734386059	0.930013500951569	0.0666
OPTN	3.81312203423323	0.746991340556698	0.930033002332611	0.0447
CDK4	7.08918983200029	0.747172118214414	0.930194639260934	0.0308
CNTNAP3	2.57730989592312	0.747252370918764	0.930195807393885	0.0683
LOC730183	1.79061878144267	0.747602079911048	0.930349255000416	0.1073
DAND5	-2.06952322416486	0.747814460605033	0.930488373895875	0.8749
C1orf74	2.10008719492622	0.747928527972523	0.930488373895875	0.0806
TMEM167B	4.81772893036523	0.748011144474938	0.930488373895875	0.0388
SCFD1	5.692975792658	0.748268253766003	0.930734158257965	0.0351
UBE2L3	7.2438011440545	0.748766553232317	0.931227072403378	0.0373
AP1S3	6.98922349607975	0.748989912632464	0.931342080529304	0.0392
FBXL22	-0.712516064365352	0.74933679371849	0.931618939398308	0.2972
LOC285074	2.0099553753442	0.750152947283431	0.932500402639	0.084
ZNF335	4.04803072698555	0.750631504045167	0.932783931512393	0.0422
ABCB7	4.85677288827245	0.750884221734278	0.933034464469165	0.0359
BRCA1	6.24336813581514	0.751731062103072	0.933768950789527	0.0305
PRPF38A	6.2058177323954	0.751953026136375	0.933875039895062	0.0327
ARAP1	6.3038976222374	0.75196993243084	0.933875039895062	0.0299
HLX	-0.678942302742967	0.752024383650085	0.933879133930749	0.2252
OR7E2P	-2.07126375871533	0.752239476558536	0.934019171873267	0.8932
HKR1	3.99889126130359	0.752732768143942	0.934568104953469	0.0527
SLC25A53	0.157294930340121	0.753147859717343	0.935019879428753	0.188
C5orf66	1.9292067582629	0.75320720626496	0.935029971275201	0.0816
TBX2	-0.644427542841922	0.753293475256265	0.935059882349184	0.2999
TMEM223	3.38320755432185	0.753727545709727	0.935421487048047	0.0644
STK25	6.63833241586636	0.753970846202848	0.935659830621928	0.0301
ZCRB1	6.00760112661871	0.754419543156924	0.935962159692341	0.0414
CNDP2	7.0586721224981	0.754588130393169	0.93610101495936	0.0278
LOC102723886	-2.07065312473802	0.754685294597495	0.93610101495936	0.8699
EXOC6	4.19887892741888	0.7555541431839	0.936924088980117	0.0422
LOC105371397	1.86724408930448	0.75583339581572	0.93714306397798	0.0876
USP25	5.06750619939273	0.75604689162097	0.937344112287432	0.0377
NUDT19	4.86916219017467	0.756692509703752	0.937889772364158	0.0351
TIMM17A	6.5949258364088	0.75693963375622	0.938132379759236	0.0301
SLC5A3	5.31176650114604	0.757035186677192	0.938142456333625	0.0456
SMARCD2	6.66523727365562	0.757050540463791	0.938142456333625	0.0283
KIRREL3	1.30018901548689	0.757555826483137	0.938641181503743	0.1113
RHOV	0.136578583744493	0.75802677207186	0.938993481472879	0.1548
ZNF799	1.97907763159873	0.758045898879672	0.938993481472879	0.0757
MIR3648-1	-2.07000458585788	0.758270779782706	0.93914459672409	0.8948
RNF180	-2.07000458585788	0.758270779782706	0.93914459672409	0.8948
Mar-08	1.91909337847328	0.758439279786517	0.939264648050873	0.0805
GNAS-AS1	0.801204456039978	0.758536052637479	0.939281976324345	0.1274
NDUFA10	7.54375561253715	0.758640723574721	0.939347873682861	0.0294
SMG6	5.5668219767052	0.759040677289519	0.939779356025599	0.0356
SNX8	6.02245070758583	0.759194582719013	0.939794807922195	0.0308
SRP54	5.73277905102377	0.759303427410747	0.939794807922195	0.0336
SOD2	5.13934653401568	0.759310550879293	0.939794807922195	0.0395
LOC729218	2.43661207353631	0.759769609064712	0.94023549234581	0.0748
SMPD2	2.28454930577877	0.760596737773411	0.941131492801368	0.068
ZMYM6	4.4904247081764	0.760977696366956	0.941347663970399	0.0378
ZNF746	4.07238268215026	0.761196769995357	0.941491072698865	0.0383
LACTB2-AS1	-1.90063595578924	0.761252025915982	0.941495629369431	0.7648
ZNF585A	3.25607192538936	0.76163534521046	0.941778302774463	0.0494
SDF2L1	3.70979397920916	0.761878873834741	0.942005257953867	0.0515
UBE3D	2.35347628187433	0.761922088022941	0.942005257953867	0.0693
SNORD87	-0.643586700528772	0.762251564755326	0.942142874245006	0.2977
KCNH3	-1.90076536933083	0.762662739972018	0.942155297126076	0.763
KRT34	-1.90076536933083	0.762662739972018	0.942155297126076	0.763
LOC101929643	-1.90076536933083	0.762662739972018	0.942155297126076	0.763
ZNF571-AS1	-1.90137427265866	0.763345259409693	0.942476608415701	0.7696
LOC100505921	-1.90137427265866	0.763345259409693	0.942476608415701	0.7696
VSIG8	-1.90050653107074	0.763506138459904	0.942476608415701	0.766
ZNF136	2.57261531452864	0.763764596644548	0.942476608415701	0.0691
TMEM191B	-0.901534259785536	0.7637901233886	0.942476608415701	0.2543
NAT9	3.87341447308866	0.763803660327468	0.942476608415701	0.0392
P2RX4	3.15340594582436	0.763892764053219	0.942476608415701	0.0461
GNG3	-0.612028691062162	0.763911210007233	0.942476608415701	0.2175
AKR7A2P1	-1.90002675612641	0.764006974580628	0.942476608415701	0.7568
MYOZ3	-1.90002675612641	0.764006974580628	0.942476608415701	0.7568
NCKAP5L	3.5509085171348	0.76411437655646	0.942545409352347	0.0603
PCDHGB2	-1.90111553883198	0.764231832005691	0.942558810994915	0.7735
LINC00341	-1.8237747173599	0.764280131417492	0.942558810994915	0.4694
DERL1	6.49260286264988	0.764609356825175	0.942782600343229	0.0295
HRK	-0.903142964736305	0.765913450041327	0.943972051364455	0.2429
FHL2	6.20331640225724	0.766424677490532	0.944437996103081	0.031
HOXC8	2.02928713273319	0.767374606832148	0.945173986589868	0.0954
LINC00842	3.0858093685996	0.767501099653835	0.945173986589868	0.0549
Mar-05	5.00905146078993	0.767637839426207	0.945173986589868	0.0331
CDK9	5.51894201167288	0.767641855633742	0.945173986589868	0.0296
TBX19	-0.577363768280203	0.767883068603356	0.945195589060482	0.2834
ZNF296	1.56094186685102	0.767919641594274	0.945195589060482	0.095
CD320	5.34557545965979	0.7688532764676	0.945962084862684	0.0332
TDRD12	-1.90089477169738	0.769085164033439	0.94618362117356	0.758
SRSF11	7.92625987335238	0.769379740435395	0.946418471894655	0.0282
PPIE	6.14941636893049	0.769917522712204	0.946952387969682	0.0278
UBE2Q1	5.78124148229103	0.770221893773376	0.94719911705805	0.029
LOC101929378	0.421408164767468	0.770384674674811	0.947210576066159	0.1486
KIF2C	7.44323667789552	0.770511881210544	0.947210576066159	0.0258
CCDC107	-0.515251140352927	0.770672995057464	0.947210576066159	0.2885
HIST1H2BF	-1.8242532214524	0.770698175771622	0.947210576066159	0.488
ATP8B5P	-1.8242532214524	0.770698175771622	0.947210576066159	0.488
NAA10	6.59331627114537	0.770837830867573	0.947254674227141	0.0305
ZC3H4	5.35354083357198	0.771212315988908	0.947587295779614	0.0332
SCARNA6	-1.90037709517361	0.771526897677126	0.947782453670252	0.7686
TADA1	3.13039498787539	0.771616891553012	0.94782922703484	0.0489
ZNF616	3.34255986742711	0.771775849350003	0.947869466693671	0.0441
TBCE	4.34175976089383	0.77186632774922	0.947869466693671	0.0395
HPS4	4.32928814694169	0.772342787250083	0.948210485812879	0.0395
BAIAP2L1	6.56070891588153	0.772477395390631	0.948311971639524	0.0278
PRKCQ-AS1	2.47859546239169	0.772900407279888	0.948703680178957	0.0608
ZNF597	2.10168976300383	0.773011177989118	0.948775854872215	0.0725
HIATL2	2.68739525136361	0.773085502641015	0.948803289829538	0.0687
LOC102724196	-0.577111749320671	0.773141187159896	0.948807845710612	0.2838
LOC729987	-0.547595802984654	0.774205969466254	0.949986838189	0.2136
PHTF1	6.51782164785891	0.77481197147653	0.95042599537953	0.0267
USP50	-0.577573035774721	0.774824172284923	0.95042599537953	0.2906
VCP	8.29287081130156	0.775868966825583	0.951515777130717	0.0303
ZNF33B	5.419026013586	0.776282220862253	0.951894695329211	0.0302
FAM8A1	4.66897670901877	0.776746381298242	0.952087864408143	0.0317
HOXC5	-0.67927876564882	0.776850068474459	0.952087864408143	0.2457
AURKB	6.81846076235564	0.77702547775931	0.95216654060773	0.0255
ADAMTS9	1.15044988059657	0.777192086659743	0.952306781264533	0.1121
FANCF	3.76193514916252	0.777304670875701	0.952380810168241	0.0431
ZNFX1	5.59188024506744	0.777399679984289	0.952433296946056	0.0298
MORN3	1.17849664304338	0.777641849356441	0.952602133922779	0.0953
LPXN	3.59905593547176	0.77774196141976	0.952660845925868	0.0516
LINC01484	0.335692925748058	0.777835053034194	0.95271095123732	0.1246
TMEM106B	6.36458040924975	0.778052510559072	0.952849442058524	0.04
ITGAD	-0.680750282320857	0.778485410090196	0.953187827622699	0.2398
LOC101929959	0.233545398641094	0.778485457375901	0.953187827622699	0.1628
PCBP2	8.30433583410826	0.779220629085407	0.953832090960386	0.0309
EHD1	6.88195806497839	0.77973717874715	0.954336412926252	0.0257
TMEM164	5.17087080600423	0.78037205524458	0.954729408962944	0.0316
LOC400655	4.40479461160986	0.78056887042959	0.954906205090304	0.0372
KLHDC1	-0.455782209522147	0.780689302492821	0.954919292299448	0.1506
SLC20A1	7.00881215349805	0.781821914269521	0.955667643715637	0.0294
PRKXP1	-1.67894136052386	0.781882990829756	0.955667643715637	0.4289
SNORD91B	-1.67894136052386	0.781882990829756	0.955667643715637	0.4289
LOC100128494	-0.399057346586975	0.781883936183443	0.955667643715637	0.1574
PEA15	7.73182658486201	0.781947296348396	0.955667643715637	0.0284
LOC101928979	-0.680288012210922	0.782237624006608	0.955667643715637	0.229
SAXO2	-1.74879902410465	0.782245297418158	0.955667643715637	0.6788
RGS9	-1.74879902410465	0.782245297418158	0.955667643715637	0.6788
LINC00657	8.70534061995478	0.782290604058199	0.955667643715637	0.0273
CCDC39	1.98775620374987	0.783305828498865	0.956715809532031	0.093
CDC37L1-AS1	-1.74819159992273	0.78355401286528	0.95685046624432	0.673
C12orf4	4.97364156820471	0.783577233092194	0.95685046624432	0.0304
NSUN5	5.69065494412145	0.783998825024898	0.957043414369351	0.0368
C1orf50	2.97275994251876	0.784641576329379	0.957077935592391	0.0555
SLC26A5	-1.749057276917	0.784952749189152	0.95727037478318	0.6759
CTC-436P18.1	-1.82451149299041	0.785018338128779	0.95727037478318	0.4977
C1orf162	-1.6795474832261	0.785429018696641	0.957453305830894	0.4371
LOC101929717	-1.6795474832261	0.785429018696641	0.957453305830894	0.4371
FAM136A	6.31206595733485	0.785635196936601	0.957638789829377	0.0256
MYL9	3.16289711711488	0.786213896088402	0.95796041426883	0.0483
C3orf33	1.29572468448773	0.786313677729461	0.958005576832208	0.0935
RRAGB	3.53976571270644	0.786355914155929	0.958005576832208	0.0443
TPD52L2	7.52947525137728	0.786590475994738	0.958163456980045	0.024
MORF4L2	8.38275514307519	0.787176777650747	0.958557847704912	0.0239
LOC100288069	0.571309461085305	0.787284627546135	0.95862523580886	0.1034
HNRNPA1P33	4.95752303090789	0.787383368378071	0.958680383780723	0.0407
ACTG1P20	0.273113397131242	0.787633304980594	0.958680383780723	0.1503
JPH3	1.10264713799998	0.787777822667082	0.95877812870735	0.1174
ZFAND5	7.42604017259369	0.788322303330351	0.959312889587981	0.0256
PQBP1	4.74711862472571	0.788809707452117	0.959714096584195	0.0352
MIR320C1	-1.74758393425225	0.788991837217064	0.959849323993134	0.6606
PLAC9	-0.57852813521141	0.789034792402094	0.959849323993134	0.1498
MARVELD3	4.72419412604229	0.789078585368589	0.959849323993134	0.0333
ZNF574	4.32668603324342	0.790030171267502	0.960622805825197	0.0362
GGA2	6.12780259162015	0.790550370045696	0.961013424831475	0.0271
LGR4	5.89431979702659	0.790690126322634	0.961013424831475	0.0293
CC2D1A	5.21921488446197	0.790810703757856	0.961013424831475	0.0291
NDUFB2-AS1	0.571666888476529	0.791698009444988	0.961753983259762	0.1066
CMAS	6.90891829444845	0.792043519885136	0.961981671147831	0.0243
RUNDC3A	-1.82403307044249	0.792541010303792	0.962378494718057	0.4739
ZMYM3	5.59732595700401	0.792672364515007	0.962425291738892	0.027
DNAJC9	7.23138956709425	0.793233410775194	0.962991969079756	0.0237
ZNF252P-AS1	-0.288366655305964	0.793244589779873	0.962991969079756	0.1508
LRRC37A	1.72719625003225	0.793398078637455	0.963114257836649	0.098
NPTXR	4.45783824497534	0.793974211574641	0.963621407160394	0.0322
KCTD3	6.64888080597898	0.79529746739925	0.964842541523173	0.0263
LOC105377200	1.45856955115734	0.795365406962752	0.964860845870955	0.1219
EIF3J-AS1	3.08441547647455	0.795905851967189	0.965452307874619	0.0478
ARAF	3.86419206916855	0.796135198405573	0.965538044382657	0.034
KHDC1	3.68229820812381	0.796216311918982	0.965572272511819	0.0371
RNASEK	0.598954537433536	0.796728001628729	0.965952994003915	0.1106
SPATA7	0.615471928315911	0.796741903139294	0.965952994003915	0.1367
RNU6-1	-1.90041511995879	0.797377454724171	0.966539373293668	0.707
LCA5	2.56697250124548	0.797490281547026	0.966539373293668	0.0641
GSG1	-1.61149425210797	0.798257296130429	0.967108740938003	0.2137
IGHMBP2	4.04359938752136	0.79828232797344	0.967108740938003	0.0351
ACRC	-0.394652852504357	0.798330161386792	0.967108740938003	0.2534
SORD	6.04173617239188	0.798489391358214	0.967108740938003	0.0298
DLL3	1.36666219738592	0.798574084325461	0.967108740938003	0.0899
LOC102724329	-1.74978873832962	0.798603729639099	0.967108740938003	0.2431
STXBP5L	-1.74978873832962	0.798603729639099	0.967108740938003	0.2431
FAM207A	4.45745627063213	0.79862470293529	0.967108740938003	0.0329
MARCKS	8.19471572068057	0.79876692445943	0.967108740938003	0.0231
LOC101060553	-1.67820598209542	0.798930664786393	0.967129382424269	0.4251
ZNF85	-1.67820598209542	0.798930664786393	0.967129382424269	0.4251
RCHY1	3.62460375689299	0.799462940488864	0.967522655836354	0.0419
HYDIN	3.61832810823466	0.799712380776571	0.96756439356358	0.0415
LOC100506368	-1.61209966006967	0.799761429566081	0.96756439356358	0.2194
DPP7	4.62316456591369	0.799767019000571	0.96756439356358	0.0301
AAGAB	6.46139657011288	0.799915987726429	0.96768048982398	0.024
AXIN2	-0.368031401791705	0.800552280142632	0.968321899309871	0.1977
CHTOP	6.42424177793932	0.801107382081059	0.968672431267176	0.0244
NBR1	6.3139290197226	0.801468936138659	0.969045426726761	0.0236
COMMD2	5.55826725744971	0.801657309858404	0.969144853206439	0.0268
FAR2	4.24407728187952	0.801657341601141	0.969144853206439	0.0319
SNORA21	-1.67759932816295	0.802284478777551	0.969251443612188	0.4173
FBXO43	-0.214594293919095	0.802391456564089	0.969251443612188	0.1172
ARG2	4.08813396492333	0.802450351598192	0.969251443612188	0.0334
SNORD1A	-1.61136539229025	0.802488802048544	0.969251443612188	0.2158
SHC3	6.20124536547546	0.80259610804202	0.96931691905366	0.0253
PMS2P2	-0.187277137635103	0.803251630513553	0.969837451387549	0.1606
CREG1	5.09201025180521	0.803306545809749	0.969837451387549	0.0273
PI15	-1.67807695511438	0.803362892111901	0.969837451387549	0.4262
NCMAP	-1.6112416355829	0.804244462679765	0.970365467226099	0.6061
SLC39A9	6.95736299424348	0.80448644632819	0.970508462576319	0.0243
NUDT16	5.6542554596566	0.804853732285093	0.970823239946921	0.0289
ZMYND8	6.75634070359161	0.805089953991218	0.971029289758625	0.0232
PITPNA-AS1	3.35952809244359	0.805623899814806	0.971431302180918	0.0483
ZNF622	5.85795872334548	0.805777183482391	0.971551962331057	0.0275
C10orf54	4.78519953542825	0.805993231290381	0.971748278327644	0.0307
AHCYL2	4.28211613601923	0.806367031329605	0.972006373321444	0.0338
CNTD1	-0.236791487295124	0.807006576870513	0.972584636080545	0.1451
HDHD2	4.36611233660249	0.807256803158187	0.972821981547024	0.0336
MIR4500HG	-1.74723459030174	0.807427304670171	0.972834798974303	0.609
RAB11B	6.66153775460194	0.808414818335718	0.973767545759889	0.0273
MIR181A2HG	1.33207951901385	0.808740828575648	0.97403170381825	0.0959
YWHAG	9.20633081400647	0.808856339325033	0.974106559187136	0.0223
CLCN5	2.12538184490218	0.809660297697758	0.974928765475365	0.0652
TMEM39B	4.12733637692721	0.809792975421432	0.97497728413201	0.0341
FRK	3.94568812427301	0.810060265891863	0.975234780672768	0.037
CLASP1	6.11179572501201	0.811239914615418	0.976397407780793	0.0234
SLC35A1	3.57539176473946	0.811894181424556	0.976896411732817	0.0352
MBOAT4	-1.48638451735527	0.811905358320037	0.976896411732817	0.2149
DRP2	-0.261237616057958	0.812308461956397	0.977165270565184	0.1941
SLC38A5	-1.54665078859096	0.812523277236802	0.977165270565184	0.395
CDK5RAP2	6.83728100704147	0.812649806739025	0.977165270565184	0.0228
LOC284581	0.591796956520786	0.812732294767628	0.977165270565184	0.1597
CENPV	3.43925847792035	0.813053270710617	0.977237764410869	0.0356
EFCAB7	3.52856685499649	0.813070922524266	0.977237764410869	0.0602
GABRR2	-1.82264978223463	0.813313480926361	0.977407574200799	0.4833
LOC105369914	-1.48552349498075	0.813417685957096	0.977407574200799	0.2123
DPRXP4	-1.48685956521143	0.813543932745399	0.977439631432894	0.222
ELMO2	4.48130191318988	0.813551446079252	0.977439631432894	0.0257
ZEB1	-0.0271927220422649	0.813913884199484	0.977690712014912	0.1269
WSB2	4.88116354683832	0.813971204439234	0.977690712014912	0.0252
TTC28	2.50384778596281	0.81400100751778	0.977690712014912	0.0539
MPZL3	4.4701812933814	0.814028200187701	0.977690712014912	0.0347
GNMT	1.49287546087665	0.814237032412522	0.977766091107624	0.0783
CSAG4	-0.0929550268374854	0.814247537862803	0.977766091107624	0.169
LOC400997	-1.54652200149373	0.814978494550898	0.978241577313499	0.3951
APTX	5.15624914563517	0.814978902245518	0.978241577313499	0.0272
ANKEF1	4.45910233894537	0.815022698890136	0.978241577313499	0.027
DACH1	0.0159240832021774	0.815278362048756	0.978405310418496	0.126
LCAT	0.85787922768627	0.815314301693398	0.978405310418496	0.0808
FAM24B	1.53476966019167	0.815319894138726	0.978405310418496	0.0613
DNAJC22	2.18895340347633	0.815379501975164	0.978412527149901	0.0624
GAL3ST3	-1.48673104591685	0.815972479869489	0.978839114917339	0.2256
LOC100505912	-0.0466787227339349	0.81599502565043	0.978839114917339	0.1592
PPFIA4	0.686574644383932	0.816042596181818	0.978839114917339	0.0991
TRQ-CTG1-2	-1.61184203181011	0.816056711713514	0.978839114917339	0.2367
FAM151B	-0.368112731854885	0.816496223568503	0.979301955027041	0.2051
BTBD7	1.64484030173037	0.817335942353572	0.980115932974698	0.114
ZYG11A	3.76988337727303	0.817507827525245	0.980257661694639	0.0324
TPT1-AS1	0.773988647032539	0.817642305270932	0.980323882985422	0.098
ACBD3	6.33895163957937	0.817670451699114	0.980323882985422	0.0278
LRRIQ1	2.51384600991808	0.818002144115539	0.980463997306367	0.0623
Mar-03	0.928313617428511	0.819004285220799	0.981149828137732	0.0843
ZNF876P	0.0584054301769034	0.819141248420576	0.981177683528104	0.1293
LOC100506289	-1.67686330404467	0.819147340294693	0.981177683528104	0.391
CYB5A	5.83431414992841	0.819192692088687	0.981177683528104	0.0263
METTL21A	3.819795272539	0.819376042087371	0.981273223848534	0.0388
FAM86B3P	1.69585243118657	0.820968277685963	0.982922145686972	0.0616
HOXA9	-1.67734116016354	0.821255708622265	0.983127213537174	0.4112
KCNS1	-1.37033935823512	0.822064677959214	0.983912198310064	0.2147
KBTBD3	1.7293975030398	0.822490920573532	0.984293297016743	0.0744
POC5	3.72474658381355	0.823159778445558	0.984770964305511	0.0345
FUT1	2.31964039177897	0.824216435772957	0.98582831670592	0.0504
ANAPC10	3.80258033633594	0.824340329789723	0.985860272560838	0.0445
ISCU	6.15354401541285	0.824684236529071	0.98614031478538	0.0249
LOC101928927	0.708011615523436	0.82492670828258	0.986194856818843	0.0799
LOC100996437	0.0564585396986552	0.824944218803712	0.986194856818843	0.1392
LOC102723385	-1.37119801164155	0.825205311305894	0.986442388894736	0.2175
BAK1	4.30992288030462	0.826243078131882	0.98710121290332	0.0283
INTS10	5.33262957406602	0.826762475962599	0.98765537981383	0.0237
TLR3	3.09164937924249	0.826815138567855	0.98765537981383	0.0546
MBP	5.17821260436954	0.826875944601371	0.987663389468898	0.0233
C17orf67	2.25488923958049	0.827347697483354	0.988097577211573	0.0617
TCAF1	5.45193004460826	0.827529456206558	0.98825000016399	0.0258
GTF2IRD1	4.67122064921253	0.827987713836416	0.988603250738889	0.025
DGCR8	5.35574283216427	0.828280231512674	0.988823169401999	0.023
TMPRSS2	-1.42617619418849	0.829019982297574	0.989576879614523	0.3646
SLC35E1	6.10783147832445	0.829235796235007	0.989705066426927	0.0208
MAP3K9	4.97646505124322	0.829535790637223	0.989998391441011	0.0227
AKAP6	1.16734685817956	0.830124634401851	0.990636378980272	0.0799
ZKSCAN4	2.76455398843133	0.830296425617508	0.990776622398406	0.045
FUS	9.6049894302128	0.830408250267657	0.9907805383234	0.0216
COQ9	5.47002426626274	0.830623159790422	0.990972186977777	0.0252
SLC25A34	-1.26371564722596	0.83097320723831	0.99115641545886	0.2164
SLFNL1-AS1	1.72014722012792	0.831209098758208	0.991293228934278	0.0679
GLDC	-1.42579055095779	0.83121805151873	0.991293228934278	0.3687
NUDCD3	6.82667003303536	0.831687093906707	0.991586564866903	0.0192
HSF2BP	1.14750605174738	0.831748465898369	0.991586564866903	0.0779
CYB5R4	4.73899178233058	0.831787914361205	0.991586564866903	0.0366
EPN2-IT1	-1.37141508491925	0.831982181804295	0.991586564866903	0.2347
TRNW	-1.37141508491925	0.831982181804295	0.991586564866903	0.2347
LRRC8E	4.37659254069982	0.832007175757626	0.991586564866903	0.0283
STBD1	-0.341351580505803	0.832687256556089	0.992267529744645	0.1578
MTCH2	7.4532499248565	0.832807382830511	0.992345903071196	0.0215
BBS9	2.93154929892721	0.833067260367682	0.992461231093213	0.0498
GPM6B	0.0560906892582657	0.833387443635235	0.99264834416421	0.1392
NFX1	4.79342143180913	0.833484447261217	0.992699117249528	0.0235
LOC101929322	-1.26298699139105	0.833627548738272	0.992740021511148	0.213
PDE6D	4.6952632438074	0.834250325862358	0.993352070763319	0.0219
ADAM20P1	-1.42871602374645	0.834539846184487	0.993610842842497	0.4091
USP35	3.32234400442335	0.835787795512263	0.994793453831782	0.0358
SARDH	2.47448562103886	0.836106972303365	0.994978742348623	0.0373
NRDE2	2.53423035006035	0.836183759419249	0.995005260849812	0.0439
GCSH	5.6959517185361	0.836497162819359	0.995248449193835	0.0256
LGALS8	5.31349175104176	0.837108474580691	0.995726989923217	0.0238
EPB41L4A-AS1	2.94459119183323	0.837117541703634	0.995726989923217	0.0407
ADAMTSL2	-1.37214496224017	0.837271973413321	0.995796159673095	0.2489
PPIL1	6.05404843183085	0.83728478587763	0.995796159673095	0.0199
RELA	5.93930184614495	0.837404664110423	0.995846335113096	0.0254
GNPDA2	4.5661585851958	0.837436072340942	0.995846335113096	0.0291
LOC101927685	-1.42630472020676	0.837681222846586	0.996072976244856	0.3532
ZNF219	3.59772516665703	0.837840048034978	0.996102106238969	0.0314
ZBED3-AS1	-0.163921063357994	0.837850823715741	0.996102106238969	0.1971
SIK2	4.93813534351231	0.837892153072639	0.996102106238969	0.0225
PSD	-1.2645719465152	0.838039518632841	0.996162071708945	0.2209
ATP9B	1.94287428078326	0.838648671483998	0.996580036874375	0.0541
TYK2	4.89388974228368	0.839091099506201	0.996840444627137	0.0218
MAN1C1	-1.31470919631767	0.839405773983246	0.99705209473169	0.3445
LINC01134	0.19632742370389	0.839433101228423	0.99705209473169	0.0992
GALNT11	5.00123354583087	0.839648132422615	0.997113798625287	0.0252
LRRN2	2.90750660828852	0.839702707032121	0.997113798625287	0.0471
LOC105373477	-1.1644698926743	0.839760635404537	0.997113798625287	0.2181
LOC171391	1.54430463257687	0.839867379571705	0.997113798625287	0.0831
SNORD93	-1.16374329476579	0.839962354460098	0.997120974933569	0.2152
ZADH2	5.68184724286599	0.840140693131463	0.997124145565455	0.0221
SALL4	0.0583290330599053	0.84025029670926	0.997179315915247	0.1427
CNBP	8.69792306224421	0.840363541404161	0.997248882727143	0.0189
LOC105374301	-1.26478810198666	0.840567665395192	0.99729663348636	0.236
RPL13P5	1.15690512419472	0.841064142163649	0.997742609658816	0.0973
LOC285556	-1.16327210570913	0.841333267984634	0.997880726372628	0.2094
PPP1R3F	1.30522804009045	0.842030358056453	0.998376590963987	0.0739
LOC257396	1.89999009624459	0.84208422590252	0.998376590963987	0.0501
LYSMD4	2.29810273957187	0.8421341544837	0.998376590963987	0.0459
CEP131	4.7167352478129	0.842396824611378	0.998493470335366	0.0293
TPRA1	4.48613097843891	0.843069500563577	0.999061732202925	0.0228
ECT2L	-1.16494072430073	0.843095149338205	0.999061732202925	0.2256
WIPF1	0.373107558125012	0.843563366285297	0.999528767338516	0.1058
BEAN1	-1.16339996274407	0.843598775588949	0.999528767338516	0.2065
SCRIB	4.14712278444583	0.844591591499702	1	0.0741
OXLD1	3.67739792097266	0.845133822948873	1	0.0257
ACE	-1.31483749446161	0.845139864163721	1	0.3353
LOC101929723	-1.31483749446161	0.845139864163721	1	0.3353
ZNF337-AS1	1.79411871359251	0.845442646999077	1	0.0594
MCF2L2	0.097349221004384	0.845858159405016	1	0.1321
GBAS	6.90406462956614	0.846076733597942	1	0.018
GAPDHS	1.39634315157848	0.846187581436083	1	0.0698
TNFRSF11B	0.285738979118513	0.846757526548598	1	0.0778
TMEM183A	5.83642607703846	0.847129686759508	1	0.0208
MEGF11	-1.26469991987473	0.847417043097971	1	0.2214
EDN1	3.39539178479571	0.848097764983582	1	0.0361
FAM117B	3.39784484159039	0.848195826007888	1	0.033
LOC105376153	0.41928575260467	0.848356129152636	1	0.0886
IDH3G	5.21421462731386	0.848555420214995	1	0.0239
ZNF90	2.37047179990732	0.848612340514259	1	0.0483
SPHK2	3.17287271921647	0.848631794288388	1	0.0363
MIA2	-1.680539885406	0.848701853739508	1	0.4987
MMP24-AS1	0.870770159416835	0.849101054751957	1	0.0712
MIR573	-1.31397888442744	0.849159955967971	1	0.3238
ZC3H10	1.40754190289329	0.850237705856251	1	0.0774
TUBAL3	-1.48707749790358	0.850282295043163	1	0.2877
ATP6V1B1-AS1	-1.16532385254449	0.850553439314864	1	0.2252
PANK1	3.72271041542971	0.851376402660388	1	0.0343
SSR4P1	-1.61231852426822	0.85145167113838	1	0.3028
TADA2A	2.26040856541521	0.851642765541378	1	0.1101
ALKBH4	2.69777793309887	0.852043370874224	1	0.0336
NSUN5P2	1.72441912907014	0.852067961836692	1	0.0696
KCNC1	-1.11862769597529	0.852360254664105	1	0.1231
AMZ1	-1.31385051467111	0.852382271772344	1	0.3224
SPG11	5.69913227831536	0.852547822535815	1	0.0189
LOC105375112	-1.07066919541538	0.852560836137557	1	0.2201
TJAP1	4.48970274766019	0.853015380547427	1	0.0226
ANKRD42	3.81662255450213	0.853510336821797	1	0.0321
METTL21B	2.98448827317384	0.853516163712229	1	0.0382
LOC100129216	-1.11526212474867	0.853915855745316	1	0.3214
GPRASP2	-1.07126636122921	0.853925448241575	1	0.2272
CAPN10-AS1	2.24187811232339	0.854204650102635	1	0.037
AKIRIN2	5.30403326934823	0.854466870463917	1	0.022
GLIPR1L1	-0.983282052546179	0.854825901047483	1	0.2131
LOC100506374	0.529943253433916	0.854867830129811	1	0.1176
RIMS3	3.96564903819978	0.85503267000431	1	0.0246
LOC100289495	-1.02799055034227	0.8551000766925	1	0.1231
IFT46	3.91117859794933	0.856043850094497	1	0.0309
RUFY3	4.04102004812811	0.85620558211574	1	0.0309
FAXDC2	0.41923684376676	0.856322891613558	1	0.0829
CCNE2	4.86597151906717	0.856381998748358	1	0.0266
MLXIP	6.4887417929877	0.856850569433924	1	0.018
RFC4	6.75431514302268	0.8571377478328	1	0.0173
VPS33A	4.80751200276471	0.857209125698005	1	0.021
IGF1R	6.18488653993203	0.857801133930451	1	0.0191
FOXB1	0.501616343652983	0.858044862477894	1	0.1093
C1orf112	5.28239732040978	0.85903690932603	1	0.0183
ARHGAP21	6.91323351757093	0.859154498172424	1	0.0174
MRPL44	6.66043252585251	0.859950355712005	1	0.0162
DIRC2	4.73590921288854	0.860294137040316	1	0.0213
TUBB1	0.613759231246666	0.860509968025798	1	0.0756
LOC105378954	-0.98281367167522	0.86111770007225	1	0.2024
HOXC4	2.23989204662386	0.861193770624585	1	0.052
CYP11A1	1.56721168083032	0.861871160196694	1	0.0543
RAP2C-AS1	-0.981708179598282	0.863159850061216	1	0.2005
IDNK	1.60183650228196	0.863248908578837	1	0.0476
RUNX1	5.67242572312474	0.863394747239615	1	0.0198
TRIP13	7.4858491323701	0.863428861456122	1	0.0167
WRNIP1	6.13392872806931	0.863663044575534	1	0.0187
CDKN2A-AS1	-0.823139868373147	0.864156559698376	1	0.2182
HELQ	2.99040749166305	0.864385770245028	1	0.0346
DERL2	5.54821761298284	0.864668359015785	1	0.0172
ABHD12B	-1.11935232842818	0.864855755763207	1	0.1492
ATG4B	5.87128895583148	0.864906627079943	1	0.0183
LANCL1	5.77715850039769	0.865911561773547	1	0.0173
CASC15	-0.823605281330697	0.86591618217347	1	0.2236
PPP3CA	5.95208877475945	0.86609413142227	1	0.0206
BOC	0.761660828072267	0.866619102574651	1	0.0584
YWHAH	7.50276293599035	0.866706241367821	1	0.0168
LOC100505716	-1.11479128361438	0.866873344474284	1	0.2921
LOC101927767	-1.02437832755962	0.867071573008339	1	0.3058
IL11RA	0.585236706192125	0.867272282991984	1	0.0851
KANK2	5.3668765096059	0.867366623168529	1	0.0171
C8orf58	2.50176817204993	0.867368005789656	1	0.044
SPG7	5.97552384600088	0.867528611308931	1	0.0166
POC1B	3.69939378277026	0.867607478312738	1	0.0309
OR2A1-AS1	-1.21032549819883	0.868196585534412	1	0.2941
MAPK7	3.76993784602753	0.868520968890761	1	0.0324
CEP295NL	-0.982940997295697	0.868732831672485	1	0.1938
PLIN5	-0.862651972533881	0.869128944846938	1	0.1407
SPATA9	-0.862651972533881	0.869128944846938	1	0.1407
PDE1A	-0.748834910974496	0.869164050183804	1	0.2159
PLAG1	2.36074074509606	0.869339063875954	1	0.0529
SLC36A1	4.61841104741868	0.869801662077499	1	0.0198
LINC01152	-0.713939676441705	0.871023919036351	1	0.1377
COLGALT2	-0.748961423121575	0.871104788567556	1	0.2145
LOC101929060	-0.899326061420974	0.871520116710245	1	0.187
GPN3	4.83292125636181	0.872009114975448	1	0.0198
CKMT2	-0.71431862614172	0.87203890569363	1	0.1348
POLE	6.1855559426673	0.87294309676948	1	0.0156
CPSF1	6.02436025304471	0.873091720812365	1	0.016
AK8	0.88320338781842	0.873252984580054	1	0.0734
CASP4	6.03141767184876	0.873989865881502	1	0.0199
GLIS3	3.73095039689746	0.874361064831098	1	0.0245
ZNF160	4.57881878225051	0.874860053763585	1	0.0188
MEOX1	-0.824112051495455	0.875914097491294	1	0.2215
DPH2	5.4884359321829	0.876107144968933	1	0.0165
KCNRG	-0.67776399343189	0.876115296050913	1	0.2159
LOC646626	-0.715244798896639	0.876837250485156	1	0.1518
CDON	3.09073586657334	0.876935443326545	1	0.0274
LINC01420	5.95107870230657	0.877781895602355	1	0.0169
DOPEY1	2.6711621743931	0.878421861249587	1	0.0299
GPLD1	0.488732998116552	0.879189167786258	1	0.1202
MYO1C	7.25115947155534	0.880212426559227	1	0.0135
CD55	4.66919041871609	0.881168576492731	1	0.0205
MVB12A	4.12215419528534	0.881580584185536	1	0.0248
PIAS4	4.51524633050834	0.881688511745755	1	0.0209
SNORD32A	-0.983113889948483	0.882325395594027	1	0.2408
ZNF587	5.82261121767318	0.882691083917463	1	0.0165
APPBP2	5.18238568325344	0.882774018393308	1	0.0199
NPHP3-ACAD11	-0.748623723718659	0.882862004485034	1	0.199
ANGPTL4	-0.61013983939335	0.883168467533499	1	0.2023
TUBA1B	10.0876845551362	0.883369883905725	1	0.0142
TSNAX	4.80298146408329	0.883846458464058	1	0.0213
PPP5D1	-0.516246255488247	0.883895224748111	1	0.1402
RAP1GDS1	5.11453749946257	0.884069537831584	1	0.0165
PROZ	-0.456741772160169	0.884569374929065	1	0.151
LOC102724699	0.562930781096093	0.884974187433685	1	0.1025
PKNOX1	3.9153004016402	0.885112241151501	1	0.021
SNORD38B	-0.455907598512455	0.885140888986711	1	0.1493
ICOSLG	-0.48480772690709	0.885474981508058	1	0.2125
C15orf41	4.91601376103192	0.886575456821078	1	0.0211
SPATA2	4.02872408342017	0.887526024356003	1	0.0169
TMEM63B	4.43968654969088	0.887738770235415	1	0.0167
TOP3B	3.26728294229771	0.888092469164673	1	0.0203
RNF157	2.05921890055755	0.888092964294022	1	0.0325
LOC100132077	2.87469548889485	0.888138318598621	1	0.0337
TFRC	8.93353715387816	0.888253919165465	1	0.0139
DLG3	6.36299901109185	0.888408438219731	1	0.0139
LOC220729	4.8550104823292	0.889065861293968	1	0.0188
FBXL20	3.88106928495613	0.88912040404995	1	0.0186
ADM5	2.57930455855094	0.889318365954123	1	0.0383
PSMA3	7.97879658813318	0.889538793157894	1	0.0147
SEC31B	1.03831966694275	0.889628572098971	1	0.0475
CHIC2	2.82715422687666	0.889649486244488	1	0.038
USP32P1	-0.609509218399455	0.890084576036743	1	0.2053
PKD1P6	1.9403774721837	0.891038053725998	1	0.0562
PSMG4	4.20351524196342	0.891043504657708	1	0.0223
LOC100130357	-0.3715525010502	0.891503501838391	1	0.0947
IRF5	1.25292634123331	0.891568466948385	1	0.0629
CHST3	5.7703184328186	0.891570558030016	1	0.0149
RAB11FIP5	4.4217998598544	0.891803338971422	1	0.0149
LRRC19	-0.782684605886235	0.891814779520168	1	0.2749
CTC-338M12.4	2.30039161615304	0.892137272749792	1	0.0392
STOML2	6.3823435014411	0.892152010446643	1	0.0141
LOC105370943	-0.370721698427944	0.892424884155817	1	0.0932
TNFAIP1	5.47483566284313	0.892535241141532	1	0.0148
SLC35B1	4.71769670820486	0.89282066294911	1	0.019
LINC00641	2.97109136363489	0.892878022298358	1	0.0359
RIMKLA	-0.36944516428191	0.893095213055088	1	0.2095
ASB8	4.08408392937185	0.893465774057913	1	0.0218
ZC3H12A	2.95364184661967	0.893484503015582	1	0.023
EID1	7.08227129577511	0.893534362301296	1	0.0185
ZBTB49	2.2278449206515	0.893681731509686	1	0.0391
CCNB1	8.20658639735707	0.894838803668653	1	0.013
TXNDC15	4.01280732821425	0.895999000974921	1	0.0196
MCRS1	5.12529564490684	0.896299563029025	1	0.0149
NDUFB5	6.63842011638279	0.896456657818547	1	0.0128
PLEKHO1	0.94525534509558	0.896985651293406	1	0.08
NR2C2AP	4.25180021975968	0.897108947270939	1	0.0168
TOR1AIP2	6.61952102620684	0.897184984058429	1	0.0146
METTL13	5.80835944734462	0.897732711056331	1	0.015
DNAJC9-AS1	0.451037292679941	0.898408158105141	1	0.0695
LINC00852	-0.64777720246029	0.899042263009745	1	0.1805
C9orf117	1.33182623209488	0.899088529953528	1	0.0576
RIC8A	6.35875236449349	0.899259951234905	1	0.012
VPS11	4.33345308375324	0.899295087729967	1	0.0185
SNORD74	-0.212617025587765	0.900504975643231	1	0.1065
KATNB1	4.0440165709315	0.901222135422978	1	0.0162
BCL9L	6.70136617014286	0.901946583028436	1	0.0131
SETD1A	5.84906452227303	0.901987514414331	1	0.0144
TLR1	1.07171911908187	0.902392557925392	1	0.0651
PCDH12	-0.190311585665469	0.902684685410227	1	0.0659
SNHG21	1.52186765845619	0.902747762210097	1	0.0506
LMBR1L	2.92443365881753	0.902846590180983	1	0.0203
CCDC15	2.46445187166845	0.902993358124499	1	0.0338
REM2	-0.486550583779454	0.903195396028885	1	0.1033
SMARCAL1	4.77236529546765	0.903232378309817	1	0.0169
DDIT4L	-0.513735269488512	0.903250383656649	1	0.1208
AKR1C8P	-0.240366453001093	0.90344348429564	1	0.066
TEX9	3.1798131051636	0.903764468300997	1	0.0223
AGAP9	2.80248731954511	0.904027831154137	1	0.022
SFXN3	4.20729213456105	0.904214635910941	1	0.0175
NPB	1.60770532207242	0.905857447244576	1	0.031
SLC1A5	7.00220476076702	0.905942237127015	1	0.0114
HNRNPR	8.57540375064485	0.906190385504655	1	0.0151
REEP1	-0.0257278202942008	0.906191511703841	1	0.1159
MRPS27	6.4831078231033	0.906677191171716	1	0.0113
ITM2B	6.85344694287883	0.907255631439532	1	0.0155
LOC100506248	-0.0706152794227547	0.907370491284007	1	0.1204
CHST13	-0.675615519946233	0.907841912048078	1	0.1821
ZNF487	1.6765325310304	0.908405466859863	1	0.0406
SBF2-AS1	2.6082451693292	0.908442346671906	1	0.0309
PMS2CL	3.37266435482643	0.908650613902648	1	0.0202
EMC4	6.18415045393522	0.908879350827436	1	0.0113
KANSL3	5.83771719430546	0.908983358095948	1	0.0111
LOC101928465	-0.517918105575656	0.909272114734602	1	0.1437
ATP8B3	1.71703053619714	0.909970278590411	1	0.0459
GNRHR2	0.0784936357497195	0.909981350056803	1	0.0865
TOR4A	5.59069926371668	0.91102420136186	1	0.0127
C16orf70	3.77794995434902	0.911027359515505	1	0.02
SFT2D2	3.87043953730515	0.911176933479559	1	0.0214
SMIM2-AS1	-0.114417687254087	0.91138705753932	1	0.1001
CPLX1	1.17775954133454	0.912080174815064	1	0.0772
CHRNA1	-0.290272236897009	0.913503920969228	1	0.1455
PLOD3	6.19138355595524	0.91414795782064	1	0.0117
LRRC8D	6.68433747878231	0.915071799364772	1	0.0098
SRSF5	7.87496378935898	0.915265309969624	1	0.013
PIGB	3.61116555825463	0.916238225907463	1	0.0168
ZNF235	1.8939242109771	0.916453911929278	1	0.0304
SCRN3	4.62094385482236	0.917097164643669	1	0.018
TXNRD2	3.53140392789916	0.9171078406507	1	0.0231
PLEKHG5	2.96000818225361	0.917191800574244	1	0.023
SLC39A1	7.30050252535476	0.917571437086313	1	0.0095
SSR4	7.20880715035666	0.917690839228438	1	0.0114
SVEP1	2.79437593955483	0.91778312279655	1	0.0224
WDR26	6.90633830815822	0.917795264514787	1	0.01
INAFM1	1.7509019750456	0.917866375514141	1	0.0504
SRP14	7.91204481284991	0.918444634705745	1	0.0122
ZFP64	5.36272989001809	0.918509877004352	1	0.0103
PHACTR1	0.233317668546097	0.91856609488846	1	0.0905
KRT10	5.39943005606937	0.919530970139317	1	0.0135
UBE2W	4.13647918282495	0.919702504289153	1	0.0153
SEPT7-AS1	0.354181417345512	0.922704083257251	1	0.0733
DGKG	4.59986675940683	0.922979473495412	1	0.0122
ALG9	4.51668650729194	0.923588483992927	1	0.0118
METTL17	4.18504159727308	0.924764356559491	1	0.0136
RYR3	1.6899342050121	0.925230011666944	1	0.0289
GLG1	7.66651612034348	0.925256501450071	1	0.0086
FRMD6-AS1	0.467976089301279	0.925342035165625	1	0.0552
ADAM12	5.00180434013471	0.926290193929104	1	0.0118
COQ2	4.53692870287291	0.926420023491109	1	0.0171
CENPC	4.10852437550778	0.926620482931295	1	0.0154
ESRP2	4.81250006855044	0.926949616062864	1	0.0103
FLJ44511	0.497687568142297	0.927763807655523	1	0.0559
DAXX	0.499744754697949	0.92843214940915	1	0.056
SEC11A	7.05669549587152	0.928669219671271	1	0.0087
EGLN1	5.54680215795566	0.928901518541997	1	0.0118
LOC100133315	0.587128419377196	0.929421210032129	1	0.0621
PLK3	2.28110407258781	0.930625743423206	1	0.0343
PLLP	0.64346436306995	0.930868437056941	1	0.0747
ARHGEF2	5.48026481651013	0.931029537451407	1	0.0106
LOC728026	0.214825107843038	0.931048716686812	1	0.1149
GDF15	0.672232098443566	0.931733636538199	1	0.0663
PHKA2	4.87417993528659	0.931795717868687	1	0.0114
SLCO3A1	5.40320121536799	0.932064180628027	1	0.0117
RPS6KC1	4.38754304582229	0.932348252806635	1	0.0105
PPP1R14B	8.43014485238441	0.93245160148156	1	0.0116
KCNG3	0.632499980980268	0.933326944109095	1	0.0855
ABR	1.59017157345434	0.933480320486698	1	0.098
RAB27A	4.09530030036642	0.933672725383419	1	0.0151
LOC100289230	0.454329138873676	0.933741968211034	1	0.084
LYST	3.74998292227728	0.933923645698806	1	0.0223
PRR36	2.52163172261428	0.934707412417511	1	0.0242
ATPAF1	5.70232978883802	0.934789074256547	1	0.0084
LAMA2	0.812613387796279	0.934960052515382	1	0.0596
SZT2	4.59312416022809	0.935074277976223	1	0.0104
PSME2	6.11506802472344	0.935552919517393	1	0.0078
COX16	4.02326734632782	0.93576536981016	1	0.0168
MTMR3	4.61798710217403	0.936997809882987	1	0.0116
RPL7	9.71197512419943	0.937034374365519	1	0.0073
C8orf37	2.60960679535089	0.938240389602129	1	0.0288
ADAM28	0.598873079378496	0.938298614168632	1	0.0414
TNFAIP8L1	4.64124182100724	0.938515770213383	1	0.0112
POLR2F	6.81413036127532	0.939250139685351	1	0.007
CASKIN2	3.65598024336939	0.939354630090925	1	0.0108
CCDC132	4.7706308363423	0.939523769490465	1	0.0084
PAF1	6.37086621526148	0.940198413597697	1	0.01
KRBA1	2.33986585835754	0.940295717613132	1	0.0283
HTRA2	2.49389983342873	0.940648996533108	1	0.0215
COPB2	7.94314408458484	0.940875113417352	1	0.007
STK32C	2.95323196648749	0.941341741251256	1	0.0269
FAIM	5.26250379526899	0.941680003436467	1	0.0132
POLH	4.90693717129714	0.941770980146474	1	0.011
CLK3	4.29884684284412	0.942203637280436	1	0.0134
RRP36	5.77091725020474	0.94239836313033	1	0.0082
NSDHL	6.39082395395394	0.942652122978471	1	0.0083
KCNK5	3.17742171065227	0.942696091462691	1	0.0131
NPLOC4	7.37681284182901	0.944018112741509	1	0.0063
TMEM135	4.73147714462171	0.944395911518295	1	0.0082
TFR2	1.22442780341362	0.944684330887455	1	0.0425
NUSAP1	7.88748794023463	0.94552323756171	1	0.0065
BRD8	6.41897594359086	0.945537623910079	1	0.007
TDRKH	3.75413900549419	0.946175941983414	1	0.0082
ZNF385C	1.25405557703134	0.947295562741436	1	0.0588
SEC23A	5.53742843058988	0.947442568236908	1	0.0103
TSFM	5.21998094834292	0.948056344158364	1	0.0076
FUCA2	6.70489934938305	0.948250904641037	1	0.0061
C11orf24	4.92032836692872	0.948542668665836	1	0.0107
GTF2E2	5.44791628852849	0.949584145507532	1	0.0089
NRBF2	4.65012593522836	0.950125412964452	1	0.0111
MFSD8	4.00497022920189	0.95058702407454	1	0.0145
SYS1	4.67785436077223	0.951231997694934	1	0.0096
DOCK5	6.30289635370402	0.952545851886152	1	0.0055
LYRM9	1.44034128050792	0.952609640014493	1	0.039
ARFGAP2	6.2178045647239	0.952662432033676	1	0.0073
PACS1	6.17917833704522	0.952667723032942	1	0.0062
THAP8	1.60171814289218	0.953405695832097	1	0.0403
PRR5	3.32292727081559	0.953477493260241	1	0.0095
KCNC3	1.20723682473774	0.953688638415084	1	0.0581
DSP	8.25881495899604	0.953699418305166	1	0.0055
SIX1	4.08385622176558	0.953773359090451	1	0.0135
FGFBP3	1.57823684639445	0.954238678405205	1	0.0275
RNF130	5.6926681714917	0.954391219313184	1	0.0085
NANOS1	3.34334152413793	0.954536709569309	1	0.0165
PPP2R5D	5.77522409277214	0.954916696315231	1	0.0056
GFM2	5.5654949335987	0.955499667359108	1	0.0061
TVP23B	5.70483780151143	0.956115193435038	1	0.0062
YY1AP1	5.39408901178408	0.956680306424769	1	0.0066
TYW5	3.55142221726834	0.957714425644389	1	0.0107
SLC39A13	3.56563043206743	0.958585047974031	1	0.0127
EXOC7	6.05134785058173	0.958701428658956	1	0.0047
CLYBL	1.90324484789173	0.959128559621563	1	0.0372
EVL	1.69635517336524	0.960282590329743	1	0.0439
GZF1	4.46086002558776	0.960617062813627	1	0.011
CENPW	6.13035427198073	0.960698178501382	1	0.0056
MPLKIP	5.41445915059187	0.960776496612875	1	0.0072
CDK2AP1	6.2770567806179	0.961413831370086	1	0.0049
TRIM23	3.65036872872778	0.962344124871852	1	0.0112
PIGL	3.80914651806288	0.963239611290572	1	0.0058
MND1	5.1556286333719	0.963498309197986	1	0.0088
EZH1	3.90724793092464	0.963594656559598	1	0.0099
ESYT3	2.29962339392498	0.96365197651516	1	0.0146
MORF4L1	8.34676654636434	0.964336173670295	1	0.0041
TRIM41	6.02376845476715	0.965073558739197	1	0.0057
SFT2D1	4.64024150476015	0.965485067560297	1	0.0098
RPRD1A	4.85544344470703	0.965860272647167	1	0.0096
ANXA7	7.35531694525044	0.966146521975526	1	0.0042
SH3TC2	5.11797506391569	0.966351485648469	1	0.0062
FITM2	1.7865621084877	0.96665453504438	1	0.038
WBP5	6.7835508344789	0.96703709797557	1	0.0053
SMAP2	4.89074578225284	0.967135178562407	1	0.0058
SLC7A6OS	2.23204285777552	0.967428704819654	1	0.0192
PIK3CB	6.02710229545691	0.967961257020681	1	0.0041
RUFY1	6.2104136931248	0.968924007864467	1	0.0045
TMCC1	4.950109352135	0.96953678640558	1	0.0069
OFD1	5.20468674619353	0.969749311780798	1	0.0053
ZNF566	2.79274524951142	0.970784420310102	1	0.0203
ZNF112	2.6593557029936	0.971340174817428	1	0.0193
BMS1P5	2.72286383599016	0.973010481339207	1	0.0158
SCD5	5.71868067652854	0.973494896708029	1	0.0053
C2orf74	4.19776032091783	0.973600992976213	1	0.0066
LIPT1	2.90957597158843	0.974051931418867	1	0.0105
UQCRH	8.36930278527282	0.974518268628866	1	0.0031
RC3H1	5.1460894094154	0.975783859056753	1	0.0031
ZNF829	3.22818325000926	0.97590886644616	1	0.0138
ZNF850	3.16499751991466	0.975910398156648	1	0.0028
BIRC5	7.48626723444198	0.97698343326298	1	0.0026
ZHX2	3.01206114733491	0.977017800474545	1	0.011
BTD	3.32132216361882	0.977305309568044	1	0.0038
HPS6	3.33021793796596	0.977490047116781	1	0.007
KCTD7	3.09846776955402	0.977843534667086	1	0.0137
RREB1	5.34896131497385	0.980284258100543	1	0.0032
SLC41A2	3.82157921781762	0.98102436556714	1	0.0058
VDAC3	6.94788229632853	0.981292108683867	1	0.0021
NT5C3A	5.85555103924099	0.982167405569061	1	0.0052
NPIPB3	2.25389829543968	0.98486204273466	1	0.0219
NIPBL-AS1	4.34425261234074	0.985315765239684	1	0.0051
RNF213	7.37133888524928	0.986828476214529	1	0.0013
PIM1	4.47240570316142	0.986910205182128	1	0.0014
R3HDM4	5.01097236895859	0.987862850047207	1	8e-04
NDUFS2	6.47084821654315	0.989342646686824	1	0.0023
MLEC	8.07835648493688	0.989568367572563	1	0.0012
CACNG4	5.6220413402965	0.989604962373723	1	0.003
WDR60	4.86397985787562	0.990210512856997	1	0.0013
ATG13	5.92005919463751	0.991232416874388	1	0.001
KIAA0141	5.31175507641115	0.991665807734493	1	0.0022
LRRC75A-AS1	8.18418410836744	0.992601390494666	1	0.001
CYFIP1	6.31771441305741	0.995041241393566	1	9e-04
PGRMC2	7.26481028026444	0.995448782005907	1	6e-04
LMBRD2	5.12659262184075	0.995777424659236	1	0.004
ARMC8	5.18550046923121	0.995800086932898	1	0.0016
CDKN2A	7.16182279499025	0.998558597386733	1	5e-04
MAFG	6.41362921291969	0.998559873297328	1	3e-04
MPZL2	6.04188322804055	0.998642204999081	1	0.0022
IRGM	-1.90188736603568	0.999999999999999	1	0.2174
ASMTL-AS1	-1.90188736603568	0.999999999999999	1	0.2174
CA11	1.99371758007829	0.999999999999999	1	0.017
GSDMA	-2.1637419252835	0.999999999999999	1	0.5848
SCARNA5	-2.1637419252835	0.999999999999999	1	0.5848
LOC388849	-2.1637419252835	0.999999999999999	1	0.5848
TMPRSS5	-1.54897371862938	0.999999999999999	1	0.0538
SBSPON	-1.54897371862938	0.999999999999999	1	0.0538
BACE1-AS	-0.985441675982882	0.999999999999999	1	0.0194
LLPH-AS1	-1.9840756851991	0.999999999999999	1	0.5172
EBI3	-1.9840756851991	0.999999999999999	1	0.5172
ASB18	-1.9840756851991	0.999999999999999	1	0.5172
CCR10	-1.98285611164497	0.999999999999999	1	0.4945
PRG4	-2.3705081774578	0.999999999999999	1	0.7287
SIPA1L2	-2.3705081774578	0.999999999999999	1	0.7287
LOC101928764	-2.3705081774578	0.999999999999999	1	0.7287
LOC101928635	-2.3705081774578	0.999999999999999	1	0.7287
GPR17	-2.3705081774578	0.999999999999999	1	0.7287
SNORD51	-2.3705081774578	0.999999999999999	1	0.7287
LOC101928865	-1.3174927908085	0.999999999999999	1	0.0853
DDX28	2.97268513154772	0.999999999999999	1	0.0089
C1orf194	-2.37086125052833	0.999999999999999	1	0.7503
SNORA76A	-2.37086125052833	0.999999999999999	1	0.7503
PMFBP1	-2.37086125052833	0.999999999999999	1	0.7503
FTCD	-2.37086125052833	0.999999999999999	1	0.7503
PKD1L1	-2.37086125052833	0.999999999999999	1	0.7503
SCO2	-1.9830774060371	0.999999999999999	1	0.5147
MIR7111	-1.9830774060371	0.999999999999999	1	0.5147
SOSTDC1	-1.9830774060371	0.999999999999999	1	0.5147
JARID2-AS1	-1.36913445646248	0.999999999999999	1	0.1987
C6orf201	-1.21275972223977	0.999999999999999	1	0.0811
SNORD3A	-1.31556122754786	0.999999999999999	1	0.0648
SNORA8	1.02912666956878	0.999999999999999	1	0.0216
TTC39B	1.70072268372686	0.999999999999999	1	0.0028
CECR6	-2.16396408946959	0.999999999999999	1	0.6058
LOC101927282	-1.02620210956339	0.999999999999999	1	0.1024
DIAPH2-AS1	-1.21374298075083	0.999999999999999	1	0.0825
PSORS1C2	-1.21215987608081	0.999999999999999	1	0.0754
SYNPO2	0.372641345810416	0.999999999999999	1	0.0345
TRIM52-AS1	2.16392907691224	0.999999999999999	1	0.0085
LOC101926935	-2.37112128400631	1	1	0.7372
NCAM2	-2.37112128400631	1	1	0.7372
SOX10	-2.37112128400631	1	1	0.7372
LOC105375039	-2.37112128400631	1	1	0.7372
SCGB1A1	-1.98272653200814	1	1	0.5026
DMGDH	-1.82316682955273	1	1	0.4621
LENEP	-1.9022372785885	1	1	0.2592
C7orf61	-1.9022372785885	1	1	0.2592
KRT17P5	-1.74943989470842	1	1	0.2148
HIST1H3I	-1.74943989470842	1	1	0.2148
LOC100996643	-1.74943989470842	1	1	0.2148
PLEKHD1	-0.861719978871309	1	1	0.1206
CCDC151	-1.02730794420844	1	1	0.1017
LOC100268168	-1.11794303302321	1	1	0.0959
LOC102724064	-0.0929873867236417	1	1	0.0622
SMPD3	-0.188833658085671	1	1	0.0504
MARK1	0.77533044423331	1	1	0.0311
RHCE	-2.90104253333567	1	1	2.4156
RNVU1-1	-2.90104253333567	1	1	2.4156
LOC440700	-2.90104253333567	1	1	2.4156
CRB1	-2.90104253333567	1	1	2.4156
MYBPH	-2.90104253333567	1	1	2.4156
CHI3L1	-2.90104253333567	1	1	2.4156
MRVI1-AS1	-2.90104253333567	1	1	2.4156
LINC01395	-2.90104253333567	1	1	2.4156
LOC105369970	-2.90104253333567	1	1	2.4156
C12orf56	-2.90104253333567	1	1	2.4156
FLJ41278	-2.90104253333567	1	1	2.4156
LOC101927901	-2.90104253333567	1	1	2.4156
DZIP1	-2.90104253333567	1	1	2.4156
LOC101927418	-2.90104253333567	1	1	2.4156
ONECUT1	-2.90104253333567	1	1	2.4156
NHLRC4	-2.90104253333567	1	1	2.4156
LOC101060321	-2.90104253333567	1	1	2.4156
MLLT6	-2.90104253333567	1	1	2.4156
SCARNA16	-2.90104253333567	1	1	2.4156
SERPINB4	-2.90104253333567	1	1	2.4156
GIPC3	-2.90104253333567	1	1	2.4156
LOC105372343	-2.90104253333567	1	1	2.4156
CYP2F1	-2.90104253333567	1	1	2.4156
SLC8A2	-2.90104253333567	1	1	2.4156
LOC105377637	-2.90104253333567	1	1	2.4156
LOC101928639	-2.90104253333567	1	1	2.4156
UGT1A7	-2.90104253333567	1	1	2.4156
DUSP15	-2.90104253333567	1	1	2.4156
TRPM2-AS	-2.90104253333567	1	1	2.4156
RFPL2	-2.90104253333567	1	1	2.4156
SSTR3	-2.90104253333567	1	1	2.4156
EOMES	-2.90104253333567	1	1	2.4156
MEPE	-2.90104253333567	1	1	2.4156
LOC256880	-2.90104253333567	1	1	2.4156
RPL34-AS1	-2.90104253333567	1	1	2.4156
PCDHGC4	-2.90104253333567	1	1	2.4156
PCDHGC5	-2.90104253333567	1	1	2.4156
POU5F1	-2.90104253333567	1	1	2.4156
LOC100507547	-2.90104253333567	1	1	2.4156
IP6K3	-2.90104253333567	1	1	2.4156
KCNQ5-IT1	-2.90104253333567	1	1	2.4156
LINC01204	-2.90104253333567	1	1	2.4156
GATA1	-2.90104253333567	1	1	2.4156
CACNA1F	-2.90104253333567	1	1	2.4156
PRDM16	-2.90117312784452	1	1	2.4132
LIN28A	-2.90117312784452	1	1	2.4132
AGBL4	-2.90117312784452	1	1	2.4132
SLC1A7	-2.90117312784452	1	1	2.4132
LINC01359	-2.90117312784452	1	1	2.4132
MIR553	-2.90117312784452	1	1	2.4132
LINC01397	-2.90117312784452	1	1	2.4132
HIST2H2BA	-2.90117312784452	1	1	2.4132
HAPLN2	-2.90117312784452	1	1	2.4132
C1orf95	-2.90117312784452	1	1	2.4132
PGBD5	-2.90117312784452	1	1	2.4132
SNORA12	-2.90117312784452	1	1	2.4132
PARP11	-2.90117312784452	1	1	2.4132
GTSF1	-2.90117312784452	1	1	2.4132
SLC24A4	-2.90117312784452	1	1	2.4132
LOC105371430	-2.90117312784452	1	1	2.4132
C18orf61	-2.90117312784452	1	1	2.4132
AQP4	-2.90117312784452	1	1	2.4132
DSC1	-2.90117312784452	1	1	2.4132
SHC2	-2.90117312784452	1	1	2.4132
FSD1	-2.90117312784452	1	1	2.4132
CYP2B7P	-2.90117312784452	1	1	2.4132
ID2	-2.90117312784452	1	1	2.4132
FOXD4L1	-2.90117312784452	1	1	2.4132
THSD7B	-2.90117312784452	1	1	2.4132
RUFY4	-2.90117312784452	1	1	2.4132
VIL1	-2.90117312784452	1	1	2.4132
LINC00654	-2.90117312784452	1	1	2.4132
LINC00113	-2.90117312784452	1	1	2.4132
LINC00189	-2.90117312784452	1	1	2.4132
PTH1R	-2.90117312784452	1	1	2.4132
TLR9	-2.90117312784452	1	1	2.4132
ADGRG7	-2.90117312784452	1	1	2.4132
TXNRD3NB	-2.90117312784452	1	1	2.4132
SUCNR1	-2.90117312784452	1	1	2.4132
ADRA2C	-2.90117312784452	1	1	2.4132
SMN1	-2.90117312784452	1	1	2.4132
SCARNA18	-2.90117312784452	1	1	2.4132
SNCAIP	-2.90117312784452	1	1	2.4132
PCDHA1	-2.90117312784452	1	1	2.4132
PCDHB5	-2.90117312784452	1	1	2.4132
PCDHGB6	-2.90117312784452	1	1	2.4132
HAVCR2	-2.90117312784452	1	1	2.4132
SLC17A1	-2.90117312784452	1	1	2.4132
LOC101927314	-2.90117312784452	1	1	2.4132
SMOC2	-2.90117312784452	1	1	2.4132
EVX1	-2.90117312784452	1	1	2.4132
LOC100130673	-2.90117312784452	1	1	2.4132
TRIM55	-2.90117312784452	1	1	2.4132
COL15A1	-2.90117312784452	1	1	2.4132
MIR4668	-2.90117312784452	1	1	2.4132
CRLF2	-2.90117312784452	1	1	2.4132
ARSE	-2.90117312784452	1	1	2.4132
GPR143	-2.90117312784452	1	1	2.4132
MAP3K15	-2.90117312784452	1	1	2.4132
MAGEH1	-2.90117312784452	1	1	2.4132
EDA	-2.90117312784452	1	1	2.4132
LRCH2	-2.90117312784452	1	1	2.4132
OR13H1	-2.90117312784452	1	1	2.4132
TRR-TCT1-1	-2.37037811291763	1	1	0.7305
HIPK1-AS1	-2.37037811291763	1	1	0.7305
SRGAP2-AS1	-2.37037811291763	1	1	0.7305
HCAR3	-2.37037811291763	1	1	0.7305
LOC101927157	-2.37037811291763	1	1	0.7305
FLJ33581	-1.82290832814647	1	1	0.4652
CYP51A1-AS1	-1.82290832814647	1	1	0.4652
C20orf144	-1.75017584867064	1	1	0.2231
CHODL	-1.02692586215272	1	1	0.1053
CCDC169	-0.548422879093819	1	1	0.0727
CATIP-AS1	-1.54836954927622	1	1	0.0368
ARL17B	-0.117813592377481	1	1	0.0097
CECR5-AS1	-1.98320695562116	1	1	0.5129
SNORD18B	-1.98246733904541	1	1	0.5018
C7orf71	-1.82242940206105	1	1	0.4576
SLC30A8	-1.82242940206105	1	1	0.4576
CXorf57	-1.82242940206105	1	1	0.4576
RRN3P2	-2.07199991507063	1	1	0.2348
MEF2BNB-MEF2B	-2.07199991507063	1	1	0.2348
LGALS4	-2.07199991507063	1	1	0.2348
HIST2H2AC	-1.61235724441619	1	1	0.2177
FER1L5	-1.61235724441619	1	1	0.2177
LOC101928020	-1.26118380449662	1	1	0.1597
CIRBP-AS1	-1.02641627255663	1	1	0.1239
ICA1L	-0.860533537304301	1	1	0.1122
SNORD18C	-1.11585356517209	1	1	0.0931
MIR3685	-1.11623674118877	1	1	0.0901
RASSF9	-0.678849064011971	1	1	0.056
RPL23P8	-0.750639142132311	1	1	0.0494
STAC3	-0.986290483080235	1	1	0.0403
CYGB	0.418461362958931	1	1	0.0187
DLX2	-0.39771947653627	1	1	0.0027
OPTC	-2.37099127296765	1	1	0.7396
ZNF32-AS1	-2.37099127296765	1	1	0.7396
DNMBP-AS1	-2.37099127296765	1	1	0.7396
CAND1.11	-2.37099127296765	1	1	0.7396
SCIMP	-2.37099127296765	1	1	0.7396
SNORD124	-2.37099127296765	1	1	0.7396
TEX19	-2.37099127296765	1	1	0.7396
ZBP1	-2.37099127296765	1	1	0.7396
CSF2RB	-2.37099127296765	1	1	0.7396
HIST1H1B	-1.82277906075466	1	1	0.4699
C19orf26	-0.644082054383066	1	1	0.138
AEBP1	-1.31762085794856	1	1	0.0827
C9orf153	-1.31762085794856	1	1	0.0827
DHRS11	-1.42909519607011	1	1	0.081
MAPK8IP2	-0.612732198170202	1	1	0.0693
HIST2H2BF	-1.4282361710144	1	1	0.0656
C9orf41-AS1	-1.31581767206534	1	1	0.0636
TCL6	-0.61130573893022	1	1	0.0635
OR2AG2	-1.42836452501739	1	1	0.0612
ERVFRD-1	-1.42789030620871	1	1	0.0523
FAM19A2	-1.54776514303947	1	1	0.0297
LOC285626	-1.54776514303947	1	1	0.0297
CSRNP3	-0.398839901617977	1	1	0.0247
FOXD2	0.777057049768619	1	1	0.0228
KRBA2	1.0467818765816	1	1	0.0184
GXYLT2	-0.165991857018114	1	1	0.0088
CREBRF	2.66718872744797	1	1	0.0018
CYP4A22	-2.61170316489022	1	1	1.0413
PGAM1P5	-2.61170316489022	1	1	1.0413
CX3CL1	-2.61170316489022	1	1	1.0413
COL6A6	-2.61170316489022	1	1	1.0413
IQCJ-SCHIP1-AS1	-2.61170316489022	1	1	1.0413
CLVS1	-2.61170316489022	1	1	1.0413
BAALC	-2.61170316489022	1	1	1.0413
CELF2	-2.61183347266899	1	1	1.039
SPX	-2.61183347266899	1	1	1.039
ZNF205-AS1	-2.61183347266899	1	1	1.039
CETP	-2.61183347266899	1	1	1.039
LOC100505736	-2.61183347266899	1	1	1.039
KIZ-AS1	-2.61183347266899	1	1	1.039
MIR644A	-2.61183347266899	1	1	1.039
PCSK1	-2.61183347266899	1	1	1.039
LOC202181	-2.61183347266899	1	1	1.039
KCNQ5-AS1	-2.61183347266899	1	1	1.039
EZR-AS1	-2.61183347266899	1	1	1.039
LOC102723872	-2.61183347266899	1	1	1.039
STAR	-2.61183347266899	1	1	1.039
CLCNKA	-2.61196376894871	1	1	1.0366
LOC105378775	-2.61196376894871	1	1	1.0366
FAM19A3	-2.61196376894871	1	1	1.0366
KRT18P55	-2.61196376894871	1	1	1.0366
LRRC37A4P	-2.61196376894871	1	1	1.0366
NSFP1	-2.61196376894871	1	1	1.0366
SLC3A1	-2.61196376894871	1	1	1.0366
LOC101927438	-2.61196376894871	1	1	1.0366
MIR4784	-2.61196376894871	1	1	1.0366
XKR3	-2.61196376894871	1	1	1.0366
LOC101929762	-2.61196376894871	1	1	1.0366
MEF2C-AS1	-2.61196376894871	1	1	1.0366
LOC100506895	-2.61196376894871	1	1	1.0366
SHH	-2.61196376894871	1	1	1.0366
IFT74-AS1	-2.61196376894871	1	1	1.0366
LINC00032	-2.61196376894871	1	1	1.0366
APBA1	-2.61196376894871	1	1	1.0366
DIRAS3	-2.61108814164853	1	1	1.0314
CMA1	-2.61108814164853	1	1	1.0314
OTUB2	-2.61108814164853	1	1	1.0314
SLC43A2	-2.61108814164853	1	1	1.0314
KRT16P3	-2.61108814164853	1	1	1.0314
SNORD92	-2.61108814164853	1	1	1.0314
GPRIN3	-2.61108814164853	1	1	1.0314
MZB1	-2.61108814164853	1	1	1.0314
HSPB7	-2.61121850348234	1	1	1.029
ANKRD30B	-2.61121850348234	1	1	1.029
SDCBP2	-2.61121850348234	1	1	1.029
TMEM239	-2.61121850348234	1	1	1.029
LOC101928279	-2.61121850348234	1	1	1.029
LINC01091	-2.61121850348234	1	1	1.029
OXCT1-AS1	-2.61121850348234	1	1	1.029
LINC01251	-2.61121850348234	1	1	1.029
ZCCHC12	-2.61121850348234	1	1	1.029
CYCSP52	-2.61134885380788	1	1	1.0266
IL16	-2.61134885380788	1	1	1.0266
RUVBL1-AS1	-2.61134885380788	1	1	1.0266
LOC101928870	-2.61134885380788	1	1	1.0266
LOC101929523	-2.61134885380788	1	1	1.0266
LOC105373237	-2.61134885380788	1	1	1.0266
LOC101593348	-2.37125128364628	1	1	0.7382
WFDC1	-2.37125128364628	1	1	0.7382
KCNMB2	-2.37125128364628	1	1	0.7382
LOC101929577	-2.37125128364628	1	1	0.7382
LINC01277	-2.37125128364628	1	1	0.7382
LOC105376714	-2.37024803696774	1	1	0.7336
LOC102724624	-2.37024803696774	1	1	0.7336
LRRC4B	-2.37024803696774	1	1	0.7336
LIPK	-2.37063823059018	1	1	0.7244
SMTNL1	-2.37063823059018	1	1	0.7244
PTGDR2	-2.37063823059018	1	1	0.7244
OTOGL	-2.37063823059018	1	1	0.7244
FAM20A	-2.37063823059018	1	1	0.7244
SNORD59A	-2.36976470175811	1	1	0.7204
ZNF843	-2.36976470175811	1	1	0.7204
SCTR	-2.36976470175811	1	1	0.7204
SNORD1B	-2.36989481984212	1	1	0.7184
PCDHB9	-2.36989481984212	1	1	0.7184
HIST1H2AJ	-2.36989481984212	1	1	0.7184
LOC285847	-2.36989481984212	1	1	0.7184
FEZF1	-2.36989481984212	1	1	0.7184
CITED1	-2.36989481984212	1	1	0.7184
LINC00598	-2.3696345722553	1	1	0.7165
SH2D7	-2.3696345722553	1	1	0.7165
FXYD6	-2.16409388092103	1	1	0.5973
TAT	-2.16409388092103	1	1	0.5973
C3orf80	-2.16409388092103	1	1	0.5973
IKZF3	-2.16422366106038	1	1	0.5947
CP	-2.16422366106038	1	1	0.5947
LRRC15	-2.16422366106038	1	1	0.5947
CETN4P	-2.16422366106038	1	1	0.5947
SND1-IT1	-2.16422366106038	1	1	0.5947
LINC00628	-2.16435342988954	1	1	0.5932
CCDC38	-2.16435342988954	1	1	0.5932
KDR	-2.16435342988954	1	1	0.5932
MIR1285-1	-2.16348227031396	1	1	0.5886
LOC100129434	-2.16361210345821	1	1	0.5879
SCN4B	-2.16300029750058	1	1	0.5741
VTRNA1-3	-2.16300029750058	1	1	0.5741
ANGPTL3	-2.16287041130994	1	1	0.5717
LOC399715	-2.16313017236327	1	1	0.5667
ARHGEF6	-2.16313017236327	1	1	0.5667
IPO9-AS1	-1.98381672461466	1	1	0.5195
CCDC62	-1.98381672461466	1	1	0.5195
KCNK12	-1.98381672461466	1	1	0.5195
LOC729652	-1.98420514867566	1	1	0.5164
LOC105371934	-1.98333649398297	1	1	0.5115
PDZK1P1	-1.98346602112439	1	1	0.5083
LINC01118	-1.98346602112439	1	1	0.5083
LOC101927492	-1.98346602112439	1	1	0.5083
NELFE	-1.98346602112439	1	1	0.5083
BZRAP1-AS1	-1.98259694114225	1	1	0.5042
BST1	-1.82303758441188	1	1	0.4634
SLC9B1	-1.82303758441188	1	1	0.4634
KLHL23	-1.82230009381868	1	1	0.4581
GTF2H2	-1.82230009381868	1	1	0.4581
MPZ	-1.82255869917049	1	1	0.4551
CST7	-1.82195032603081	1	1	0.4397
LRRC56	-1.67772839559225	1	1	0.4161
MTRNR2L10	-1.67772839559225	1	1	0.4161
SLAMF8	-1.67872197965738	1	1	0.3953
LOC105376746	-1.90262507437498	1	1	0.2417
RPPH1	-2.0712599555221	1	1	0.2278
NLRP1	-2.0712599555221	1	1	0.2278
LRRTM4	-1.90089052581524	1	1	0.2246
COL24A1	-1.90175804863503	1	1	0.2194
SLC2A14	-1.90175804863503	1	1	0.2194
LOC101926943	-2.26474126734377	1	1	0.2191
FAM95C	-2.26474126734377	1	1	0.2191
SNORD91A	-2.26448159698079	1	1	0.2184
ANKRD53	-2.26448159698079	1	1	0.2184
PCOLCE-AS1	-2.26448159698079	1	1	0.2184
GLOD5	-2.26448159698079	1	1	0.2184
LOC103908605	-1.90201667227713	1	1	0.218
TSPAN19	-1.61222845773117	1	1	0.2178
UPK1A	-1.61222845773117	1	1	0.2178
LINC01314	-1.74931080627231	1	1	0.2173
HAAO	-2.07138957741176	1	1	0.2158
SMPD5	-2.07138957741176	1	1	0.2158
LINC00866	-2.26461143783489	1	1	0.2155
SNORA58	-2.26461143783489	1	1	0.2155
GRIA2	-1.90101991773593	1	1	0.2148
GFRA3	-1.90101991773593	1	1	0.2148
SCARNA9	-1.48651306552787	1	1	0.2136
FAM89A	-2.07151918804243	1	1	0.2125
CTAGE6	-2.07151918804243	1	1	0.2125
LOC341056	-2.2637395634641	1	1	0.2119
LOC101929595	-2.2637395634641	1	1	0.2119
LINC00898	-1.9011492984851	1	1	0.2118
ERVW-1	-1.9011492984851	1	1	0.2118
ZP1	-2.071648787416	1	1	0.2115
TSHR	-2.071648787416	1	1	0.2115
NDE1	-2.071648787416	1	1	0.2115
PXDNL	-1.74870358521213	1	1	0.2108
MYOZ1	-1.90127866806461	1	1	0.2104
THRSP	-1.90127866806461	1	1	0.2104
LOC101929470	-1.90127866806461	1	1	0.2104
ABHD1	-1.74883272534352	1	1	0.2098
BMS1P21	-1.90140802647632	1	1	0.2084
HMOX2	-1.90140802647632	1	1	0.2084
ADAM20	-1.74896185439394	1	1	0.208
LOC101928105	-1.74896185439394	1	1	0.208
TMEM130	-1.74896185439394	1	1	0.208
ARHGAP8	-1.61075969459079	1	1	0.2078
ZNF732	-1.61075969459079	1	1	0.2078
WDR64	-2.07077899308656	1	1	0.2075
TSL	-2.07077899308656	1	1	0.2075
PRSS45	-1.61101750566338	1	1	0.207
MIR200B	-2.48657944466668	1	1	0.207
BTNL10	-2.48657944466668	1	1	0.207
HIGD1C	-2.48657944466668	1	1	0.207
RAMP2	-2.48657944466668	1	1	0.207
MIR563	-2.48657944466668	1	1	0.207
CFAP44-AS1	-2.48657944466668	1	1	0.207
CCDC37	-2.48657944466668	1	1	0.207
HOPX	-2.48657944466668	1	1	0.207
PIP5K1P1	-2.48657944466668	1	1	0.207
SUMO4	-2.48657944466668	1	1	0.207
ASAP1-IT1	-2.48657944466668	1	1	0.207
QRFP	-2.48657944466668	1	1	0.207
RNU6-30P	-2.48657944466668	1	1	0.207
KCNH1	-2.26386946888391	1	1	0.2068
P2RX2	-2.26386946888391	1	1	0.2068
LOC390877	-2.26386946888391	1	1	0.2068
MIR320E	-2.26386946888391	1	1	0.2068
MIR103A2	-2.26386946888391	1	1	0.2068
SNORD12C	-2.26386946888391	1	1	0.2068
LINC00310	-2.26386946888391	1	1	0.2068
SMIM10L2B	-2.26386946888391	1	1	0.2068
MIR6859-1	-2.07090865643356	1	1	0.2061
LOC100130992	-2.07090865643356	1	1	0.2061
LDHAL6B	-2.07090865643356	1	1	0.2061
LRRC31	-2.07090865643356	1	1	0.2061
SOX2	-2.07090865643356	1	1	0.2061
UTS2B	-2.07090865643356	1	1	0.2061
LINC01600	-2.07090865643356	1	1	0.2061
VLDLR-AS1	-2.07090865643356	1	1	0.2061
LINC00853	-1.90054030436792	1	1	0.2054
SNORA28	-1.90054030436792	1	1	0.2054
KHDC1L	-1.90054030436792	1	1	0.2054
SCARNA3	-2.26399936294768	1	1	0.205
SLIT1	-2.26399936294768	1	1	0.205
BCL2L10	-2.26399936294768	1	1	0.205
RNU5A-1	-2.26399936294768	1	1	0.205
LINC00311	-2.26399936294768	1	1	0.205
LOC101928738	-2.26399936294768	1	1	0.205
INO80B	-2.26399936294768	1	1	0.205
LOC101928223	-2.26399936294768	1	1	0.205
LOC105379194	-2.26399936294768	1	1	0.205
HIST1H2BE	-2.26399936294768	1	1	0.205
TEX38	-2.4867095812337	1	1	0.2046
NODAL	-2.4867095812337	1	1	0.2046
LOC105379411	-2.4867095812337	1	1	0.2046
LOC643339	-2.4867095812337	1	1	0.2046
LINC00441	-2.4867095812337	1	1	0.2046
CTAGE1	-2.4867095812337	1	1	0.2046
NOL4	-2.4867095812337	1	1	0.2046
ERVV-2	-2.4867095812337	1	1	0.2046
EDAR	-2.4867095812337	1	1	0.2046
UPK1B	-2.4867095812337	1	1	0.2046
SNORA13	-2.4867095812337	1	1	0.2046
PTCD1	-2.4867095812337	1	1	0.2046
EQTN	-2.4867095812337	1	1	0.2046
LOC100507053	-1.48504803705029	1	1	0.2043
SAMD11	-1.90066972616619	1	1	0.204
IGSF22	-1.90066972616619	1	1	0.204
TRAV39	-1.90066972616619	1	1	0.204
FAM150B	-1.90066972616619	1	1	0.204
ZNF197-AS1	-1.90066972616619	1	1	0.204
KCNJ18	-2.07103830851468	1	1	0.2039
LYPLA2P2	-2.07103830851468	1	1	0.2039
CATIP-AS2	-2.07103830851468	1	1	0.2039
MRAP	-2.07103830851468	1	1	0.2039
MGAT3	-2.07103830851468	1	1	0.2039
LOC645166	-2.26412924565733	1	1	0.2029
SAMD14	-2.26412924565733	1	1	0.2029
LOC105372277	-2.26412924565733	1	1	0.2029
DACT3	-2.26412924565733	1	1	0.2029
STARD13-AS	-2.48683970635584	1	1	0.2022
FLJ30679	-2.48683970635584	1	1	0.2022
LINC00607	-2.48683970635584	1	1	0.2022
LOC101929529	-2.48683970635584	1	1	0.2022
PIWIL2	-2.48683970635584	1	1	0.2022
LOC105369311	-1.7482253146804	1	1	0.2019
BHLHA15	-1.74809612281482	1	1	0.2016
C17orf107	-1.48517669752468	1	1	0.2015
IL4I1	-2.2632570912379	1	1	0.1991
LOC100507140	-2.2632570912379	1	1	0.1991
KCTD4	-2.26312713255763	1	1	0.1991
LOC101928525	-2.26312713255763	1	1	0.1991
FOXN3-AS1	-1.90079913678804	1	1	0.199
PSAPL1	-1.36926288872318	1	1	0.1975
TRG-GCC2-2	-2.26338703855319	1	1	0.1974
LOC105372818	-2.26338703855319	1	1	0.1974
LOC102723322	-2.26338703855319	1	1	0.1974
HCRTR1	-2.4859654609623	1	1	0.1973
GPR137B	-2.4859654609623	1	1	0.1973
UXT-AS1	-2.4859654609623	1	1	0.1973
MIR2682	-2.07116794933179	1	1	0.1968
MIR559	-2.07016816190516	1	1	0.1967
ISPD-AS1	-2.07016816190516	1	1	0.1967
ALPL	-2.48609565128871	1	1	0.1949
DIO1	-2.48609565128871	1	1	0.1949
SYT11	-2.48609565128871	1	1	0.1949
CFHR3	-2.48609565128871	1	1	0.1949
LOC105372883	-2.48609565128871	1	1	0.1949
SPI1	-2.48609565128871	1	1	0.1949
CLDN6	-2.48609565128871	1	1	0.1949
ERVV-1	-2.48609565128871	1	1	0.1949
LOC101927764	-2.48609565128871	1	1	0.1949
GGTLC1	-2.48609565128871	1	1	0.1949
POM121L9P	-2.48609565128871	1	1	0.1949
ZBTB20-AS1	-2.48609565128871	1	1	0.1949
LOC102724550	-2.48609565128871	1	1	0.1949
NKX3-2	-2.48609565128871	1	1	0.1949
ADH6	-2.48609565128871	1	1	0.1949
GLI3	-2.48609565128871	1	1	0.1949
ASPN	-2.48609565128871	1	1	0.1949
BIN2	-2.48622583016105	1	1	0.1925
GPR182	-2.48622583016105	1	1	0.1925
YBX2	-2.48622583016105	1	1	0.1925
GTF2H2B	-2.48622583016105	1	1	0.1925
NCALD	-2.48622583016105	1	1	0.1925
SLC28A3	-2.48622583016105	1	1	0.1925
DNALI1	-2.26351697450538	1	1	0.1899
ASCL2	-2.26351697450538	1	1	0.1899
HOXB2	-2.26351697450538	1	1	0.1899
MIR641	-2.26351697450538	1	1	0.1899
LOC100130298	-2.26351697450538	1	1	0.1899
LOC100507747	-1.90006054015557	1	1	0.1898
LINC01136	-2.4853512247439	1	1	0.1876
THSD4-AS2	-2.4853512247439	1	1	0.1876
RNASEK-C17orf49	-2.4853512247439	1	1	0.1876
LOC101929372	-2.4853512247439	1	1	0.1876
GDPD4	-2.48548146887255	1	1	0.1852
LOC440300	-2.48548146887255	1	1	0.1852
GOLGA6L4	-2.48548146887255	1	1	0.1852
ICAM4	-2.48548146887255	1	1	0.1852
ANGPT2	-2.48548146887255	1	1	0.1852
LOC105373154	-2.48548146887255	1	1	0.1852
C3orf49	-2.26264446384783	1	1	0.1835
SNORD85	-2.48561170153792	1	1	0.1828
LOC93463	-2.48561170153792	1	1	0.1828
TMPRSS7	-2.48561170153792	1	1	0.1828
LOC105377623	-2.48561170153792	1	1	0.1828
MIR5692A1	-2.48561170153792	1	1	0.1828
LOC105373244	-2.48561170153792	1	1	0.1828
LOC101929224	-2.74944807650736	1	1	0.1822
PIGR	-2.74944807650736	1	1	0.1822
LOC101927164	-2.74944807650736	1	1	0.1822
LOC102724784	-2.74944807650736	1	1	0.1822
C16orf96	-2.74944807650736	1	1	0.1822
LOC105376798	-2.74944807650736	1	1	0.1822
RPRML	-2.74944807650736	1	1	0.1822
FBN3	-2.74944807650736	1	1	0.1822
A1BG-AS1	-2.74944807650736	1	1	0.1822
MIR7845	-2.74944807650736	1	1	0.1822
CIDEC	-2.74944807650736	1	1	0.1822
HDAC11-AS1	-2.74944807650736	1	1	0.1822
SPINK2	-2.74944807650736	1	1	0.1822
LOC100133050	-2.74944807650736	1	1	0.1822
LOC105379198	-2.74944807650736	1	1	0.1822
PCDHGB8P	-2.74944807650736	1	1	0.1822
ZFP2	-2.74944807650736	1	1	0.1822
ASB4	-2.74944807650736	1	1	0.1822
OR2A1	-2.74944807650736	1	1	0.1822
LOC100128076	-2.74944807650736	1	1	0.1822
PNCK	-2.74944807650736	1	1	0.1822
CFP	-2.26277446445647	1	1	0.1811
MIR3605	-2.74957849882171	1	1	0.1798
TOP1P1	-2.74957849882171	1	1	0.1798
LOC101929431	-2.74957849882171	1	1	0.1798
EGR2	-2.74957849882171	1	1	0.1798
LRRTM3	-2.74957849882171	1	1	0.1798
TLL2	-2.74957849882171	1	1	0.1798
DKFZP434K028	-2.74957849882171	1	1	0.1798
PLA2G4E	-2.74957849882171	1	1	0.1798
SLC24A5	-2.74957849882171	1	1	0.1798
STARD6	-2.74957849882171	1	1	0.1798
GZMM	-2.74957849882171	1	1	0.1798
SLC5A5	-2.74957849882171	1	1	0.1798
HAS1	-2.74957849882171	1	1	0.1798
POM121L10P	-2.74957849882171	1	1	0.1798
COL6A4P1	-2.74957849882171	1	1	0.1798
HHLA2	-2.74957849882171	1	1	0.1798
LNX1-AS2	-2.74957849882171	1	1	0.1798
LOC105374752	-2.74957849882171	1	1	0.1798
SLC22A1	-2.74957849882171	1	1	0.1798
LINCR-0001	-2.74957849882171	1	1	0.1798
BAAT	-2.74957849882171	1	1	0.1798
TRNF	-2.74957849882171	1	1	0.1798
SNORA23	-1.90019000302742	1	1	0.1781
TACR1	-2.26251445186518	1	1	0.1739
GRIA4	-2.7488322788801	1	1	0.1723
RNU4-2	-2.7488322788801	1	1	0.1723
SERPINE3	-2.7488322788801	1	1	0.1723
LOC388282	-2.7488322788801	1	1	0.1723
PKD1L3	-2.7488322788801	1	1	0.1723
PRDM7	-2.7488322788801	1	1	0.1723
TVP23C-CDRT4	-2.7488322788801	1	1	0.1723
LOC105376847	-2.7488322788801	1	1	0.1723
MYT1L	-2.7488322788801	1	1	0.1723
C22orf15	-2.7488322788801	1	1	0.1723
GGT5	-2.7488322788801	1	1	0.1723
SLC10A6	-2.7488322788801	1	1	0.1723
C6orf58	-2.7488322788801	1	1	0.1723
AOAH	-2.7488322788801	1	1	0.1723
TEK	-2.7488322788801	1	1	0.1723
LOC101929256	-2.74896275550106	1	1	0.1698
BICC1	-2.74896275550106	1	1	0.1698
CRTAC1	-2.74896275550106	1	1	0.1698
DUSP8	-2.74896275550106	1	1	0.1698
IRAK3	-2.74896275550106	1	1	0.1698
SNORA49	-2.74896275550106	1	1	0.1698
SALRNA1	-2.74896275550106	1	1	0.1698
RDH12	-2.74896275550106	1	1	0.1698
GOLGA6L10	-2.74896275550106	1	1	0.1698
PRSS33	-2.74896275550106	1	1	0.1698
SLC6A4	-2.74896275550106	1	1	0.1698
PSTPIP2	-2.74896275550106	1	1	0.1698
F2RL3	-2.74896275550106	1	1	0.1698
SCN3A	-2.74896275550106	1	1	0.1698
RFPL3S	-2.74896275550106	1	1	0.1698
LINC01399	-2.74896275550106	1	1	0.1698
CYP2D7	-2.74896275550106	1	1	0.1698
C3orf20	-2.74896275550106	1	1	0.1698
LOC105377206	-2.74896275550106	1	1	0.1698
CLDN18	-2.74896275550106	1	1	0.1698
FLJ36777	-2.74896275550106	1	1	0.1698
CLDN24	-2.74896275550106	1	1	0.1698
SEMA6A-AS1	-2.74896275550106	1	1	0.1698
PCDHGB7	-2.74896275550106	1	1	0.1698
HIST1H2AD	-2.74896275550106	1	1	0.1698
GCM1	-2.74896275550106	1	1	0.1698
PTGDS	-2.74896275550106	1	1	0.1698
MTRNR2L3	-2.26290445369303	1	1	0.1607
CCDC102B	-1.26229785099098	1	1	0.1582
LOC101927420	-0.713139160546928	1	1	0.1258
S100A1	-0.515912347259716	1	1	0.1247
LOC101927497	-0.784620997388813	1	1	0.1216
NAT2	-0.861126867690588	1	1	0.117
LOC100288162	-1.26045396519977	1	1	0.1122
LOC105371130	-0.941856827059322	1	1	0.1102
SNORD56	-0.941983953294966	1	1	0.1081
ZMIZ1-AS1	-1.11657947759139	1	1	0.0991
PPP1R2P3	-1.11743267154607	1	1	0.0986
SNORA69	-0.428688621169021	1	1	0.0911
RNU2-2P	-1.11610902643986	1	1	0.0904
DNAJB7	-1.11636444534983	1	1	0.0892
KGFLP2	-1.02513622220455	1	1	0.0877
TMPRSS6	-0.643199575177268	1	1	0.0873
LOC100505658	-1.21335933910761	1	1	0.0858
SAMD13	0.159274127545326	1	1	0.0846
REC8	-0.487052272443468	1	1	0.0839
C2orf88	-0.487052272443468	1	1	0.0839
LDHAL6A	-1.11576618908004	1	1	0.0823
HEY2	-1.21387083997634	1	1	0.0807
MTRNR2L9	-0.749163770991705	1	1	0.0777
LOC105373268	-1.21314351221133	1	1	0.0767
LOC105375661	-0.426233075645529	1	1	0.0752
SNAI3	-0.548297217136363	1	1	0.0736
RPS18P9	-0.485048515753125	1	1	0.0732
ZNF32-AS2	-1.3172762294199	1	1	0.0731
COL11A1	0.0806387671977845	1	1	0.0725
PHKA2-AS1	-1.31714813389524	1	1	0.0724
RAB3A	0.160035910618998	1	1	0.0703
LINC00525	-0.0933129522588649	1	1	0.0698
LINC01127	-0.546748395288734	1	1	0.0696
SNORD10	-0.939476490762635	1	1	0.0628
GSTM2	-1.42849286818763	1	1	0.0607
LOC101927550	0.354930151863264	1	1	0.0604
P2RX7	0.286444188295351	1	1	0.059
ACCSL	-1.54811225361111	1	1	0.0581
CCDC74B	-0.141017030263535	1	1	0.0578
MIR1304	0.123115596844742	1	1	0.0572
ZSWIM5	-0.611935656751729	1	1	0.0571
TP53TG5	-0.00270153072608196	1	1	0.0566
DPY19L2P1	-0.679942586435939	1	1	0.0558
DNAJB13	-1.42763350827132	1	1	0.0554
LINC01510	-1.54923086888151	1	1	0.0529
LINC01006	-1.31483131360286	1	1	0.0528
LOC100996425	-0.612187553728699	1	1	0.051
LOC646127	-1.68066381901487	1	1	0.0505
BHMG1	-0.677418020512465	1	1	0.0471
ANKRD31	0.138681248669808	1	1	0.0455
ANP32A-IT1	0.138436677070355	1	1	0.0441
SNORA66	-1.42655598487535	1	1	0.0438
TTLL9	0.0145550661140039	1	1	0.0434
LINC00400	-1.42629896347564	1	1	0.0429
LOC102723996	-0.238307589887939	1	1	0.0425
LOC105369190	-0.29059007618783	1	1	0.0417
SNORA81	-0.938498688961291	1	1	0.0412
FAM13A-AS1	-0.401333989436638	1	1	0.0412
LOC100506124	-1.3154726479128	1	1	0.0407
LOC283140	-0.237605909720833	1	1	0.0402
MKNK1-AS1	-0.749332103245251	1	1	0.04
SYT2	-0.610886673385398	1	1	0.0399
FIGF	-1.31461438886232	1	1	0.0396
UCHL1-AS1	-0.824103657292017	1	1	0.038
C15orf26	-1.11469683635818	1	1	0.0365
GAS8-AS1	0.541728047265382	1	1	0.0361
NPIPA8	-1.54862680123272	1	1	0.0354
TIGD4	0.266650063796447	1	1	0.0329
CCDC106	0.657457241592497	1	1	0.0327
PRDM8	-1.42595266911106	1	1	0.0326
FAM26F	-0.518574941714187	1	1	0.0324
NPFF	-0.823511671932917	1	1	0.0321
TCAM1P	-0.0286112603995014	1	1	0.0318
FCMR	-0.747770821103796	1	1	0.0317
LOC100506217	0.37319671816902	1	1	0.0316
NRL	-0.749837933355473	1	1	0.031
ADNP-AS1	1.60402471810065	1	1	0.03
MRM1	1.24735760418435	1	1	0.0297
LOC102724436	0.543608043213641	1	1	0.029
NME2	-0.0735509281038918	1	1	0.0288
DHDH	-0.289931115321677	1	1	0.0287
LOC101928794	-0.749120978819179	1	1	0.028
MCIDAS	-0.0272249655808163	1	1	0.0253
TMEM253	-1.54815115724435	1	1	0.0248
FOXD2-AS1	1.48598339986815	1	1	0.0242
DMRTA1	-0.342839440132067	1	1	0.0238
RGS2	0.563636584268142	1	1	0.0228
LOC101927509	0.882293393959297	1	1	0.0228
DNAH3	-1.54741795533624	1	1	0.0211
HOXA11	0.696254435056265	1	1	0.02
LOC100132057	-0.342258902060119	1	1	0.0194
VN1R1	-0.902329091178433	1	1	0.0188
ZNF287	2.04660516276747	1	1	0.0186
POLR2J2	0.470201911886916	1	1	0.0183
C8orf46	-0.901227646162804	1	1	0.0177
FAM167B	-1.54655561922452	1	1	0.0172
ST8SIA4	1.68704692443726	1	1	0.0169
HSPA12B	-0.821861266221098	1	1	0.0167
ASB3	0.514866223752545	1	1	0.0166
CA14	-0.0252667871131289	1	1	0.0166
ALG1L9P	-0.398758407974911	1	1	0.0163
PLA2R1	-0.901354642495282	1	1	0.016
SPATA3-AS1	-1.68005813743159	1	1	0.0156
MUSTN1	-1.68005813743159	1	1	0.0156
C11orf91	-1.68018699626818	1	1	0.0155
EFNA3	2.25147751441396	1	1	0.015
LRRC37A3	1.24167493342266	1	1	0.0145
IFNGR2	0.0182914633340786	1	1	0.0142
PCDH18	-0.266708565569395	1	1	0.0133
ARHGAP11A	2.54671991157876	1	1	0.0131
ETV2	-0.116621752474755	1	1	0.0126
LOC105371478	-1.54629801789934	1	1	0.0118
SNORD14E	-0.31985522879007	1	1	0.0112
L3MBTL3	2.9813783137718	1	1	0.011
SLCO1B7	0.860451637605315	1	1	0.0101
SRRM5	-0.165868008816524	1	1	0.0097
CCDC148	-0.165868008816524	1	1	0.0097
FAM117A	3.21224471088358	1	1	0.0092
FAM151A	-0.98522821852567	1	1	0.0091
CRMP1	1.80273599562011	1	1	0.0089
TRMT10A	3.50025074481574	1	1	0.008
LMTK3	2.83644389537515	1	1	0.008
RASAL2-AS1	1.20541399640547	1	1	0.0079
HSP90AB4P	-1.67932329516501	1	1	0.0069
SLC35G6	-1.67932329516501	1	1	0.0069
IFIH1	3.00834274678981	1	1	0.0068
TREX2	-0.58140960291109	1	1	0.0068
PIPSL	-0.456065756089588	1	1	0.0067
LIMS3L	-0.456065756089588	1	1	0.0067
TRAF1	0.682187080017872	1	1	0.0064
LRRC57	3.73855941300327	1	1	0.0064
SLC25A25-AS1	2.51231457362772	1	1	0.0056
IL1A	0.195320123291515	1	1	0.0053
ZNF41	2.53801876702646	1	1	0.0047
LOC102724730	-0.983274442646624	1	1	0.0047
EFCAB14-AS1	-1.82502345100028	1	1	0.0047
LINC00482	-0.0240012520176223	1	1	0.0046
EME1	3.95684230742903	1	1	0.0041
TNFRSF10C	-1.67945221639139	1	1	0.0038
DMD	4.46296569615215	1	1	0.0037
PRMT6	4.38908632266173	1	1	0.0036
CERKL	0.422259629933463	1	1	0.0036
FREM2	1.26182890020306	1	1	0.0035
GJA9-MYCBP	-1.67971002578326	1	1	0.0034
CHMP6	3.17634401068866	1	1	0.0032
GRIP1	3.49148565449424	1	1	0.0032
CTHRC1	-1.67958112659687	1	1	0.0031
ZNF174	3.16927897440666	1	1	0.003
RNF166	4.1453678011867	1	1	0.003
TFB1M	3.27202773031266	1	1	0.0029
LOC105373606	-1.67983891395236	1	1	0.0028
RGS14	2.37625799146858	1	1	0.0027
TMEM56	4.69706391994252	1	1	0.0027
MAK	2.57824249426299	1	1	0.0027
RGPD6	0.653923046316959	1	1	0.0026
SLC16A6	0.947506833352432	1	1	0.0025
PCMTD2	3.94060815209968	1	1	0.0024
ZNF582	1.41814771486501	1	1	0.0022
PDXDC1	4.28418392546118	1	1	0.002
C11orf95	4.20958667004526	1	1	0.002
MIR503HG	1.44667980564747	1	1	0.0019
LINC01138	2.19686772839917	1	1	0.0018
ZNF184	4.26804485844266	1	1	0.0017
SYNJ1	2.95111680191845	1	1	0.0014
COL16A1	1.4271573007304	1	1	0.0014
CES2	4.42828327414627	1	1	0.0013
CHD5	-0.983401731692358	1	1	0.0012
TMEM39A	5.21864692650311	1	1	0.0011
CRTC2	4.53151534059408	1	1	5e-04
HMGB3	8.00118623576471	1	1	3e-04
TRIT1	5.20722501077277	1	1	2e-04
