logCPM	PValue	FDR	log2FoldChange
KRT13	7.6405336216092	0	0	-7.0537
CEACAM6	7.88634946545637	0	0	-6.3266
KRT5	5.8520985809227	0	0	-6.2409
KRT6A	5.55340038945672	6.66683280917437e-315	3.04274249410718e-311	-6.8182
COL17A1	4.50086136999991	2.10344946380976e-165	5.48579620161585e-162	-4.687
TRIM29	6.63661117183046	4.99740202351457e-158	1.14040714176602e-154	-2.7769
LY6D	5.42964850723138	1.52987823722113e-151	3.10327301096765e-148	-3.6417
S100A4	5.96873744817086	1.65546453588903e-140	3.02221605671902e-137	-4.3463
A2ML1	4.04299318150566	7.47578074305635e-140	1.24070775677488e-136	-4.94
MFAP5	3.91461487308118	1.08692903690994e-129	1.65358137481899e-126	-5.0074
C3	4.88390150777459	1.03703487412268e-110	1.45631605092183e-107	-2.7625
ALDH3A1	8.6187940587221	5.6281661602863e-110	7.33912867301333e-107	-2.1159
GLB1L2	3.92934904299713	2.3308290282421e-105	2.83677431597252e-102	-3.7768
TSPAN1	4.8966777257	3.72363268416071e-100	4.24866489262737e-97	-3.0165
S100A2	5.56646072331848	3.1859158810746e-99	3.42129884264106e-96	-2.8443
AGR2	3.3862938885267	5.36109427151714e-92	5.43734094560094e-89	-4.5595
KLK7	5.7585462905036	9.60782808155819e-89	9.23160576089085e-86	-2.2419
PSCA	4.53091718597788	3.44637668888463e-85	2.99605013487038e-82	-2.6652
NEFH	4.06977943468387	2.49562624465876e-83	1.98087620532567e-80	-3.0072
ASS1	5.3333597991015	3.75979411151326e-78	2.85995005415775e-75	-2.132
LCN2	6.85907635868432	1.11944720384325e-74	7.86024159744709e-72	-1.8367
NMB	4.98613372889517	2.566138832432e-73	1.73509001943995e-70	-2.3975
ADGRF5	4.93764627021416	4.04223081155782e-69	2.6355344891357e-66	-2.0599
EFNB1	4.75044396196148	7.9673102000983e-68	5.01555913837912e-65	-2.2452
SEMA3B	3.86141322497241	9.29990069093109e-68	5.65929956712126e-65	-2.7227
CD24	6.65905937546879	1.79100193070677e-62	9.61662683734786e-60	-1.805
ELF3	5.51692630770705	1.9197336711244e-61	1.00133308285848e-58	-1.7729
IGFBP2	5.29076404718858	5.97249370964079e-61	3.02871792120006e-58	-1.8991
SNCG	3.90041392347147	1.44128461691108e-60	7.11137620711587e-58	-2.416
GSTZ1	5.57162671845016	2.95131512820347e-59	1.41787392053902e-56	-1.8399
FAM133A	2.24604308024653	4.44573050449679e-58	2.08105784846393e-55	-6.3877
MUC16	5.80941982791351	5.12458925788387e-58	2.3388625372982e-55	-2.4389
ZBED2	5.20448530413796	5.35915762922117e-57	2.38626296778199e-54	-1.8043
SLC37A2	3.55086900271763	1.03040154492079e-56	4.47881204858903e-54	-2.7471
CEACAM5	2.10114215120311	1.16816853544331e-55	4.73912995178958e-53	-10.0558
TMPRSS4	3.196389495749	8.26359836025835e-54	3.27957068836688e-51	-2.9559
GNGT2	3.11686047688801	1.2437589562603e-53	4.83107734159319e-51	-3.0286
FXYD3	5.28085293252923	2.99769692197654e-53	1.14012406265841e-50	-1.6621
NPC2	7.99239061283853	2.37130028757791e-49	8.65809161000445e-47	-1.4498
SEMA3F	3.96778057112572	4.26835355378361e-48	1.47024646184667e-45	-2.1074
CRIP1	5.62514660956806	3.16479191056826e-46	1.03172216284525e-43	-2.2019
SYK	4.62905245424338	4.78527872182761e-46	1.53263242711728e-43	-1.7621
GNE	3.58480562559943	2.21151608305881e-44	6.84295552751216e-42	-2.2118
PLA2G16	6.58795590556809	4.49641603844818e-43	1.36810951996517e-40	-1.2796
ADIRF	3.7519072954662	7.32950065635054e-42	2.15818329003767e-39	-2.0384
SPANXB1	3.9516286770633	1.7614463340853e-41	5.1042800436605e-39	-1.9546
GDA	7.04909250004613	8.17584647631584e-41	2.29628081956341e-38	-1.2761
IGFBP6	6.8418256969417	3.79928405850165e-39	1.05090499654555e-36	-1.1984
Mar-01_1	5.83361468189533	1.16996816122067e-37	3.18790130615592e-35	-1.2775
S100A6	7.97055908717103	1.42172372136689e-37	3.8169100378344e-35	-1.5035
MVP	5.85864588599463	2.98279223214533e-37	7.89186304203554e-35	-1.2542
PADI1	3.82686867997927	6.02356334854294e-37	1.54881933085915e-34	-1.9386
LOC645553	1.69602629841208	1.05441376822973e-36	2.67352468788916e-34	-5.809
RNASE1	3.69952673502593	1.76509107254149e-36	4.41417844113937e-34	-2.0432
IFT43	4.86558731971389	2.44599471796139e-36	6.03433507717611e-34	-1.4385
NPR3	3.21170405126951	1.12437593435318e-35	2.70086934967785e-33	-2.2126
ACYP1	4.74442213565143	1.57015499526643e-35	3.67496789661333e-33	-1.4295
CSTA	3.11475325703476	1.24823056951298e-34	2.81329596012703e-32	-2.2037
LGALS3	5.58315642682629	1.28948596719292e-34	2.87083607525292e-32	-1.4905
CTSD	8.13702178123357	7.75983959556284e-34	1.67852717893746e-31	-1.1089
LINC01133	2.03523554572379	7.81522842954011e-34	1.67852717893746e-31	-4.1843
CELSR3	2.90596414020717	9.93728508598262e-33	2.06153496056476e-30	-2.3895
TNFAIP2	6.96708478002648	3.53726502342061e-31	7.01916415951812e-29	-1.0672
KLK10	3.62282744844094	3.71998125681593e-31	7.30236320692813e-29	-1.7639
IRF2BPL	5.54099598212914	3.80258084483257e-31	7.38509743651738e-29	-1.2002
RBP1	2.24954439073687	3.95297828207084e-31	7.59637594920898e-29	-3.2497
CAPS	2.56780030896748	4.41030437460595e-31	8.38692881904232e-29	-2.6059
STAC	4.42138784541506	1.05578899957911e-30	1.98706020374394e-28	-1.4503
PKIB	2.42739634504557	1.48845369078396e-30	2.74476874534868e-28	-2.7371
S100P	5.82247865933643	1.81564796816642e-30	3.31464693068461e-28	-2.8844
AOC1	1.3868502810819	9.73839227224849e-30	1.76023850814028e-27	-6.8713
ESPN	2.50944270725234	1.3305491157192e-29	2.38142202515389e-27	-2.6792
PPP2R5C	8.11818835419994	1.83370826087498e-29	3.25011436995473e-27	-1.0828
FCF1	7.93231207277473	5.18437830946414e-29	9.01390575405498e-27	-1.0238
IL1RN	1.98420843694059	5.60810290449638e-29	9.61558896445281e-27	-3.3618
IL18	4.50072078826393	7.57558593973447e-29	1.28055460107215e-26	-1.4334
NPTX1	4.27151297660984	8.18064320379586e-29	1.37014515897704e-26	-1.4983
WDR20	5.70299913972316	9.97422084987786e-29	1.65535796213973e-26	-1.1002
IGFBP3	8.10007686336214	3.61526849419285e-28	5.89288764553434e-26	-1.0192
PCSK5	2.40965599732631	3.75968140109453e-28	6.07404811136122e-26	-2.6318
SPTLC2	6.33083626664534	9.28397640285168e-28	1.48673923868825e-25	-1.0453
ALDH6A1	4.41453473526234	1.33840271384106e-27	2.12468521251152e-25	-1.5008
TMED10	9.05118757066632	1.43356950379565e-27	2.25614179838736e-25	-1.0394
AKR1B10	7.46663644885529	1.6496789911348e-27	2.57406321898777e-25	-1.0655
GBP6	1.13757050600956	2.32643595717045e-27	3.59927244356811e-25	-6.6132
KRT16	3.35931937690628	3.84742806407165e-27	5.8048468378258e-25	-1.7287
FYB	2.47715401843423	6.70926019595171e-27	9.79874033098355e-25	-2.4949
CDA	4.11534019322577	9.30370721758535e-27	1.34800380130348e-24	-1.4999
SERINC5	5.74822459621308	1.43090118129892e-26	2.02500247796846e-24	-1.0459
NEK9	6.8065610491498	1.68778778575297e-26	2.37017337051586e-24	-0.9982
BCL6	3.6156598333482	1.98196804321599e-26	2.76204645778253e-24	-1.5989
VILL	1.20521360665559	3.63455376541394e-26	4.91499359565903e-24	-4.8777
TXNIP	5.83357837564931	6.33061849170972e-26	8.43589570690895e-24	-1.1675
PITPNM3	4.40769974844116	8.26155702214041e-26	1.09292018113185e-23	-1.2711
L1CAM	5.89245108648373	1.65405988114415e-25	2.17241130864515e-23	-1.0411
TPRXL	2.63283488264616	2.39482970879008e-25	3.10071001160792e-23	-2.1321
ITPR1	2.9446260951725	3.26106739021032e-25	4.19253847011828e-23	-2.0309
ANKRD9	4.77897506486152	3.38870561857033e-25	4.32616851556783e-23	-1.1619
TMTC1	2.4205229990686	3.49471765870682e-25	4.43052538731609e-23	-2.3665
MGP	4.63114586349177	5.04226943403467e-25	6.30490895806417e-23	-1.1957
LOC729966	0.967393802410293	6.1407452814189e-25	7.62622080663833e-23	-6.4333
EIF2B2	6.23388372501599	6.86184440255643e-25	8.40737123577652e-23	-0.9704
METTL7A	3.0269414815164	6.97406509954968e-25	8.48790216382526e-23	-2.0074
PDE1C	1.73628284091571	7.28615486245475e-25	8.809009481389e-23	-3.3391
AMOT	5.78229792590045	7.36902413079079e-25	8.85058582445505e-23	-1.0206
CAPN8	3.78622285307856	1.25962785849247e-24	1.49323157043108e-22	-1.5626
VIPAS39	5.20721198732243	1.52312979147432e-24	1.79395209504227e-22	-1.1103
CAPG	6.59558551881107	2.95704292800842e-24	3.39520601847306e-22	-1.1563
SLIRP	8.02979748802546	6.7012189086028e-24	7.55169459231189e-22	-0.8929
FTH1	10.9234852372475	7.48748178246098e-24	8.3859795963563e-22	-0.9851
SESTD1	6.8200812199032	1.13047880892884e-23	1.25841592291494e-21	-0.9524
YPEL3	3.29469006283214	1.18574334595737e-23	1.31193518326047e-21	-1.8252
KRT17	2.48664113706852	1.3460543206914e-23	1.48033540232182e-21	-2.7025
SLC9A3R2	5.06648572080134	2.49589127149532e-23	2.72844257798914e-21	-1.2813
ABCD4	4.88540598027385	4.18321576271425e-23	4.54576112881615e-21	-1.148
FBP1	3.88778802617829	5.6690061112072e-23	6.0878456215411e-21	-1.4616
HPDL	3.13871672241706	6.27023882012564e-23	6.69412163159144e-21	-1.7008
POMT2	5.89891149020541	7.01073662319072e-23	7.44116324377731e-21	-1.0094
KDM1A	7.78143390236708	1.0011032100799e-22	1.05642428920339e-20	-0.8945
ALCAM	8.17763468197297	1.06861952752992e-22	1.12119069509116e-20	-0.8854
REEP6	4.03577763999325	1.09471887348538e-22	1.14201072881995e-20	-1.3983
SMEK3P	1.18343049560082	1.24446027897982e-22	1.29084470755998e-20	-4.5494
LGR6	1.6609544019041	1.83322885177153e-22	1.88019246730006e-20	-3.2442
ALDH1L1	3.19488952660986	1.97115581958016e-22	2.01035869509807e-20	-1.6453
ADGRF1	5.81446527710623	2.98609230515038e-22	2.99528028147392e-20	-1.0529
ANGEL1	4.87354217396903	3.26155909496821e-22	3.25371709495845e-20	-1.0538
ATHL1	4.15735169193805	7.95401642742721e-22	7.76516170583482e-20	-1.3264
APOPT1	6.09533324497026	1.05450895835593e-21	1.01857754199713e-19	-0.9666
CIPC	5.72380847372951	1.14934050548281e-21	1.10433475095233e-19	-1.0606
HTRA1	4.34750809159016	1.52900801838683e-21	1.45383179081615e-19	-1.1782
VSIG2	0.972254672610052	1.59152951737923e-21	1.50543849063603e-19	-5.0306
CSTB	7.68903532584122	1.77408992596859e-21	1.66947348909704e-19	-0.8774
DMBT1	1.51783809958948	3.36950342791502e-21	3.12252053705668e-19	-3.1772
EPHX1	7.04186497238427	3.5855642665475e-21	3.30596268939854e-19	-0.8473
GALNT5	1.38493591355361	4.2400946034191e-21	3.87035835400096e-19	-4.0939
SUMF1	4.82725617596503	4.45091667277882e-21	4.04258381981344e-19	-1.1281
IRX3	4.05828727607925	4.83286880633597e-21	4.36776499645888e-19	-1.3435
ALS2CL	4.83131076481377	5.80672795985914e-21	5.20440375062346e-19	-1.0456
IDH1	7.02027614622647	5.85377902583247e-21	5.2130043851511e-19	-0.8434
LINC01021	0.818528866666696	5.98642017026768e-21	5.30524692370906e-19	-6.2655
PYGB	6.77076127504539	6.63515591142956e-21	5.85175875937478e-19	-0.8705
IL1R2	2.55374489187993	7.08379017436663e-21	6.18763987670991e-19	-1.9591
KLK5	7.95815559951781	8.12120786338929e-21	7.06003670257309e-19	-0.8648
SLAMF7	0.737340534056153	8.18469176574472e-21	7.08150392774576e-19	-6.1907
HSP90AA1	12.7126917221817	8.35067514584876e-21	7.19103421993467e-19	-0.9925
ZNF503-AS1	0.673305153712122	9.88616425143799e-21	8.47332462789915e-19	-8.5527
AR	0.808815683873848	1.17607329208838e-20	9.98622977691419e-19	-5.3904
CDC42BPB	7.4461920154991	1.70495938851381e-20	1.42778617416092e-18	-0.8488
HSPB11	6.94485545172798	1.93084634157657e-20	1.60956761697816e-18	-0.878
CYP4F3	3.74123996962991	1.94534324475431e-20	1.61428119437431e-18	-1.3861
HERC2P2	4.97818141185302	2.17154309681863e-20	1.79383216178827e-18	-1.0222
CYSRT1	3.32488767370086	2.418442856996e-20	1.9887879638432e-18	-1.4701
ACAA1	4.79100034127678	4.48227895895552e-20	3.6207294103846e-18	-1.0623
TTC9	3.14685632090533	4.56055483069199e-20	3.66773079247194e-18	-1.6153
UBXN11	3.90706228021168	4.58775537668642e-20	3.67342377880646e-18	-1.2451
EPHA4	3.16822877670372	4.97825677875781e-20	3.96869239096081e-18	-1.5268
BRK1	6.63254024001445	5.60574457779813e-20	4.44949882662099e-18	-0.9015
MUC1	2.7576549519412	6.87535376090733e-20	5.36395120765488e-18	-1.7722
ABHD14B	4.75957158003408	7.55734699252614e-20	5.84605621591344e-18	-1.0016
DYNC1H1	9.81609721304607	9.51970554362462e-20	7.30217413463912e-18	-0.9215
GCNT1	3.78446053013707	9.79061364023101e-20	7.44739344233573e-18	-1.2734
ZFYVE21	5.53337988266326	9.94988701585758e-20	7.50599741163207e-18	-0.9284
GLRX	3.80476488515451	1.1059354362521e-19	8.30862441325855e-18	-1.3546
CA12	2.78490995732767	1.14899778556729e-19	8.59676375955591e-18	-2.1629
ISCA2	5.50814392613247	1.52319258878934e-19	1.13499607758931e-17	-0.9414
MST1R	4.39858374514889	1.69480824169925e-19	1.25264855305512e-17	-1.0963
TACSTD2	8.2021122149566	1.72102884470871e-19	1.26689929794364e-17	-0.8086
PROX2	1.73431965344548	1.755903285139e-19	1.28530830028026e-17	-2.7193
ARHGEF19	4.08077688287647	2.81639946665878e-19	2.0242593961938e-17	-1.1712
EPHX3	2.62530773699233	3.2750569845909e-19	2.34468393375261e-17	-1.9221
GATM	2.81304099451397	3.36762192109617e-19	2.40153538248171e-17	-1.6897
LLGL2	5.07458641862533	3.78876639930037e-19	2.6913509488571e-17	-0.9466
BATF	4.02348814368228	4.42916460575379e-19	3.13406314118764e-17	-1.3697
WFDC2	4.98084328616628	4.51084119436067e-19	3.1795334688899e-17	-1.0856
MARK3	6.93364225227232	5.96157228649553e-19	4.18594091008702e-17	-0.8051
BLVRB	6.05235073013086	6.46012231969284e-19	4.51862042407328e-17	-0.8656
PELI2	2.48197919001893	6.66614256820594e-19	4.62726611122311e-17	-1.8889
PLAT	4.01229526529291	8.23916995268409e-19	5.65467243068424e-17	-1.1614
CADM4	5.76641790893987	9.68160452981483e-19	6.5950512050858e-17	-0.9035
PAG1	1.88971961649586	1.16883583289716e-18	7.84495109020977e-17	-2.4555
CLU	7.03717091187609	1.27201836670779e-18	8.5062151291639e-17	-0.8085
HIST1H1C	3.67498110069372	1.4795764292527e-18	9.85808295344427e-17	-1.482
DLST	7.08341056438546	1.66525981704928e-18	1.10549029891097e-16	-0.8955
H2AFJ	5.38424597050078	2.20881191141701e-18	1.46101703821844e-16	-1.1086
PLEKHA7	4.20323482843344	2.68517981268608e-18	1.75701228173466e-16	-1.1125
SCEL	3.98918456635325	2.89154123859075e-18	1.87857568867305e-16	-1.8115
LOC101929613	2.08704540420378	2.90941844927994e-18	1.88348734787428e-16	-2.166
BHLHE41	4.58797678628555	3.55128005358221e-18	2.27481293537532e-16	-0.9898
CORO6	2.83989931414962	3.95832202708931e-18	2.51787898698754e-16	-1.65
SCNN1A	7.63746550914977	4.2950793267516e-18	2.72260306212421e-16	-0.826
CRIP2	3.94628024070298	4.49728598932536e-18	2.84091532945065e-16	-1.2962
MT1E	4.09077960180498	5.47491153851585e-18	3.44655120852225e-16	-1.2043
FAM49A	0.548634057224563	5.87613328195423e-18	3.68641543626654e-16	-5.9858
IMPDH2	6.80115633949497	5.96917888382152e-18	3.73196334599471e-16	-0.7887
SMIM14	5.57375072827718	6.4261669632665e-18	4.00396259663458e-16	-0.9666
FBXL13	2.67219566713444	6.45386273312266e-18	4.00754143047235e-16	-1.7203
HIST1H2BK	6.62948652163699	9.57927032006555e-18	5.92810708349548e-16	-0.8062
LAMB2	5.23517507013765	1.055427264006e-17	6.50941896340998e-16	-1.0483
KCNS3	4.42421083218437	1.09509018734572e-17	6.73130183844564e-16	-1.0155
ACAP3	4.35332098007218	1.14637936911451e-17	7.02292005454849e-16	-1.2462
GSN	5.35391796484247	1.30432152041813e-17	7.96377714941582e-16	-0.8734
PPL	7.27932258834476	1.65789063190644e-17	1.00220037669152e-15	-0.7759
C14orf2	6.52276188643006	1.93431015272951e-17	1.16160414961283e-15	-0.7984
SERINC2	4.51075492533049	2.12651843318466e-17	1.27284329561374e-15	-1.0436
NDRG1	4.97694127929798	2.80698236853964e-17	1.66919446645146e-15	-0.9473
ITGB4	7.34410107389548	2.99242201721967e-17	1.76669169824769e-15	-0.7894
ACP6	4.6897654300242	2.9999694700744e-17	1.76669169824769e-15	-0.9483
TSPAN13	5.34405417507723	3.07761947185985e-17	1.80107015446942e-15	-0.8987
GLUL	7.02268195532818	3.0780778275332e-17	1.80107015446942e-15	-0.7713
ANKRD65	2.20198814121385	3.1138355882122e-17	1.81617196480517e-15	-2.1218
NLRP4	0.222480336060169	3.24588724261856e-17	1.88716297774664e-15	-8.0468
SLC4A11	3.41795405627945	3.47090294457803e-17	2.01158108432434e-15	-1.3369
LAMA3	6.47027198918017	4.21871580885476e-17	2.42191433353624e-15	-0.7953
GDPD3	3.10056297142761	4.28333637873247e-17	2.45130372821755e-15	-1.4086
DTX4	4.54728868590813	5.30265452027435e-17	3.02516440381652e-15	-0.9891
TKT	9.49733609150388	5.49348980890783e-17	3.12427258415643e-15	-0.8573
LGALS9B	1.15452789757354	6.29603092127897e-17	3.55852447364919e-15	-3.2107
SLC29A3	4.07987387241478	7.2006103124345e-17	4.0572327735742e-15	-1.0581
CALHM3	1.81763022193109	7.64177463630952e-17	4.29256116186051e-15	-2.3139
TADA3	5.47642806713018	1.00628561588917e-16	5.63519944897936e-15	-0.8472
NRP2	5.20764293053361	1.03837097043585e-16	5.79709493464122e-15	-0.8691
DNAAF3	3.63186481939104	1.13538178326181e-16	6.31936885220352e-15	-1.1828
FER1L4	5.04768928641205	1.14274770455822e-16	6.34103407125072e-15	-0.9091
NEAT1	8.47924482783448	1.20004290129804e-16	6.63878278972635e-15	-0.8937
NCKIPSD	4.29802800015838	1.33036422653377e-16	7.33750130501526e-15	-1.063
DHRS3	5.38598962373931	1.46725567954633e-16	8.06813845957763e-15	-0.8477
IP6K2	5.99842990814275	1.78471327918193e-16	9.75500767207942e-15	-0.8563
H1F0	7.26942627901782	1.89035770440167e-16	1.03016030601663e-14	-0.8282
PTGS1	0.645414872292849	2.3463958111995e-16	1.2748750574184e-14	-4.2568
LRRC6	2.58105085785265	2.94833810846467e-16	1.5924514943234e-14	-1.6921
HRASLS2	1.09275816027658	3.53274599896834e-16	1.89687679285783e-14	-3.2618
ABCA4	3.02161346286114	3.8792726858757e-16	2.07683290772278e-14	-1.4417
ISG15	2.50430096372739	4.00870696951619e-16	2.13985246887391e-14	-1.7472
AHSA1	8.84369972444298	4.0209255992691e-16	2.14011713528445e-14	-0.8139
CST3	5.97300668889298	4.80786789648354e-16	2.53677561613305e-14	-0.9131
PERP	7.99844825466117	5.14852669721655e-16	2.70868885833963e-14	-0.7822
MLLT3	3.72195320955017	5.57004254435034e-16	2.92203151407069e-14	-1.2791
CKB	3.85270338999824	5.79953800491436e-16	3.03370675695463e-14	-1.1931
CERCAM	4.8624726349216	6.07928333566783e-16	3.161920130369e-14	-0.8717
SIX2	3.89083471656766	6.12741034750408e-16	3.17789782113735e-14	-1.5278
UBXN10	3.3196663075918	6.71423247372367e-16	3.45281769127604e-14	-1.5276
RPL14	9.09961754369702	8.69493819455564e-16	4.45884246291595e-14	-0.7317
SBK3	3.30177118089333	9.24784026980161e-16	4.72909165169463e-14	-1.3456
SEC14L2	4.70263163390652	9.69700394974028e-16	4.94493028230331e-14	-0.91
AFP	0.640090833860765	9.78390393871042e-16	4.96152639736382e-14	-5.1852
FOXJ1	3.47705544793729	1.03947765975941e-15	5.25670475251183e-14	-1.4695
JAG1	5.06482658907473	1.1525609455344e-15	5.79646077732122e-14	-0.8359
FLNC	6.98607118567293	1.30666041732855e-15	6.53545002157536e-14	-0.7105
MLH3	5.21847732631791	1.43201525849072e-15	7.12339797248135e-14	-0.892
RPL32	8.94195786408374	1.43824881759562e-15	7.13496478642002e-14	-0.7564
B3GNT7	1.90319547244864	1.82073809509258e-15	8.93532114623928e-14	-2.1027
RARRES1	1.66532152162529	2.13109512631941e-15	1.0402479311788e-13	-2.6908
FGFR3	2.82405476106679	2.2362272190991e-15	1.08865504298328e-13	-1.5392
ZDHHC3	6.5078591589954	2.52912875913854e-15	1.22471550734305e-13	-0.7383
H1FX	6.58036274561366	2.57855763117989e-15	1.2453478337254e-13	-0.7474
SUSD2	1.16101655972917	2.82192875184912e-15	1.35929106315983e-13	-2.9709
HMGCL	4.21588898901784	3.02561428540964e-15	1.45356879985364e-13	-0.9807
HERC2P3	3.31928605369162	3.1642405182941e-15	1.51617781894953e-13	-1.4542
APOC1	2.97546327762801	3.77491408435174e-15	1.80405318125459e-13	-1.4995
ZSCAN31	5.05086229776968	3.97562276135516e-15	1.895012248859e-13	-0.8846
ZBTB47	2.74129978581098	4.3677007912695e-15	2.07647775118271e-13	-1.4655
UQCRC1	6.56239661440063	4.602448984713e-15	2.18239762766028e-13	-0.7237
CES1	1.3045466540064	5.86066161386431e-15	2.757531918111e-13	-3.4848
MSLN	4.53635926192009	6.59649273692233e-15	3.07993788760241e-13	-0.9375
LIPH	4.78083077082228	7.13292201914454e-15	3.3219036832016e-13	-0.8682
S100A5	1.19367965793089	7.17571466910615e-15	3.33332944018325e-13	-3.2327
ST6GALNAC2	2.34378870502636	8.09593371466345e-15	3.74175609860496e-13	-1.8548
RPSA	9.58134424105037	1.04863958216363e-14	4.76218015223365e-13	-0.8347
ID1	5.42889280506397	1.07612937026608e-14	4.86282618405384e-13	-1.1067
TMEM143	3.49878985914179	1.1094718524529e-14	5.00111558972351e-13	-1.1377
WNT9A	5.47282939002691	1.22109024705649e-14	5.49069545572986e-13	-0.7777
DHCR24	8.28006605393687	1.25045451738575e-14	5.60891834628853e-13	-0.7108
DUSP10	2.70043097402709	1.28942347124726e-14	5.76953796350246e-13	-1.4647
C1orf116	5.35368307675882	1.32414956254703e-14	5.91043384201921e-13	-0.8659
WDR86-AS1	0.0274443642483921	1.33358866985526e-14	5.93804750167745e-13	-7.8231
GJB4	2.02983181838537	1.48273443382693e-14	6.5700970446467e-13	-1.874
PVRL1	4.37824445918372	1.98939747220075e-14	8.70945809412397e-13	-0.9088
ALPP	4.25761982293858	2.0765341580488e-14	9.06918841850214e-13	-0.9356
ZC2HC1C	2.93608759064636	2.20443636889527e-14	9.60481869941578e-13	-1.4041
FGFBP1	3.83422667072666	2.47409318590506e-14	1.07285142997346e-12	-1.0832
XRCC3	5.30646941114101	2.53216896179652e-14	1.09543309399425e-12	-1.084
LINC00601	1.62313448885466	2.58626401713511e-14	1.11355745039666e-12	-2.2866
MBOAT1	3.69376105836814	2.62364101490084e-14	1.12434719173779e-12	-1.0838
AHNAK2	4.28579899506166	2.88736124747035e-14	1.23158100312661e-12	-1.2728
ADGRF4	2.96093801318756	3.0605199093059e-14	1.29936863870438e-12	-1.4744
RASAL1	2.67073285067054	3.24999416633343e-14	1.37342346066164e-12	-1.444
SHISA5	6.30870417614929	3.53660563992244e-14	1.49109174509063e-12	-0.7079
OVOL2	3.02661482287028	3.59967997869164e-14	1.51418796523029e-12	-1.4297
TRAK1	5.14189098697334	3.83718360492725e-14	1.60301198836503e-12	-0.8935
MYO15B	1.60975922273849	4.29364741324402e-14	1.77743372281594e-12	-2.2713
SYTL1	2.81521546276139	4.90323577885021e-14	2.01153870513909e-12	-1.3778
NMNAT2	4.44113184841275	6.30915146531376e-14	2.57097922211536e-12	-0.8897
LINC01559	0.0263148473921084	6.51148489132217e-14	2.64752044935362e-12	-7.8148
COL18A1	6.39698383935414	7.21333095960072e-14	2.91987960085301e-12	-0.7066
TM7SF2	2.70591015449699	8.13469982699631e-14	3.26446255750037e-12	-1.4186
ARL6IP5	5.33526236273206	8.1361221716842e-14	3.26446255750037e-12	-0.817
PLCE1	4.42104724849476	8.53808838839965e-14	3.41823117584702e-12	-0.9692
EMP2	6.66076569114098	8.81139183894903e-14	3.51992930879329e-12	-0.7117
GPX1	6.84225273188137	9.28218454847756e-14	3.68381654602188e-12	-1.0575
DNAH2	3.14586436313101	9.30866337877683e-14	3.6863114673091e-12	-1.3322
AKR1B1	8.48251428501154	9.42454527062719e-14	3.72412334330238e-12	-1.061
AK4	4.81982989974653	1.00303068958999e-13	3.94640695455923e-12	-0.908
MAGED1	6.34931213820479	1.20348451329874e-13	4.71476679716347e-12	-0.7294
BHLHE40	5.62576649451548	1.22241510671945e-13	4.77867455851613e-12	-0.7488
FUT2	2.18477020163896	1.25910254136735e-13	4.91157606735091e-12	-1.7231
PLEKHS1	0.392853115373835	1.3220098826496e-13	5.13502391864917e-12	-4.3719
C9orf116	4.17455419381995	1.32754136628023e-13	5.14556160993881e-12	-0.951
CA9	1.0877281804567	1.5482310409329e-13	5.95042229121496e-12	-2.7757
PCDHAC2	0.903530803552609	1.5734351636126e-13	6.03458662750244e-12	-3.0419
DAG1	8.11247888218726	1.62812130602101e-13	6.23123324166027e-12	-0.7074
ILDR1	1.12975626437077	1.64912889195286e-13	6.29843034550031e-12	-2.9247
ALKBH1	4.59630614892406	1.85000109692098e-13	7.0215426248211e-12	-0.901
SPTLC3	2.34077240055262	1.98995396119642e-13	7.53705384141119e-12	-1.8047
PTGES	6.492927443532	2.14926541153768e-13	8.09010089753235e-12	-0.6896
LDLRAP1	4.50302651454374	2.34124460333909e-13	8.79460112727539e-12	-0.8533
PER3	4.22127975583539	2.35892687342098e-13	8.84282731030257e-12	-1.0062
C2orf54	4.94959154011115	2.57583743797421e-13	9.59683434033821e-12	-0.8537
WDR90	4.46657405559728	2.69068671730079e-13	1.00043129757725e-11	-0.9823
TECPR2	4.7516138472306	2.86246458968974e-13	1.06213726726374e-11	-0.814
CAMK2N1	5.6266638229197	3.30343309867756e-13	1.22327534785918e-11	-0.8002
FCGBP	0.8129498247903	3.74222929271662e-13	1.37738181386764e-11	-3.089
BSDC1	5.27338405054366	3.88901618541006e-13	1.42566023053908e-11	-0.7397
SERPINB5	5.52640147658084	4.34321740247408e-13	1.58579553799134e-11	-0.9525
RCOR1	6.60147569105986	4.71497420024973e-13	1.71467268923823e-11	-0.6879
HIST1H2BD	2.88507760646196	4.7548517446249e-13	1.72573704671714e-11	-1.3166
DOCK3	4.43945604360104	4.78594574872007e-13	1.73357590453638e-11	-0.8439
ATP9A	4.1646767581759	4.80112862268498e-13	1.7356317650641e-11	-0.8926
SPCS1	5.8672590957345	4.86522871453184e-13	1.75186618170598e-11	-0.7885
PAFAH2	3.52717157217305	4.91126739828703e-13	1.76496255163638e-11	-1.0692
CTDSPL	6.58320861665084	4.93331203275357e-13	1.76940165952749e-11	-0.6631
RARRES3	3.03541929742004	5.32280123302416e-13	1.90162542681192e-11	-1.3014
MFI2	6.47933492021513	5.56930175007783e-13	1.98580415526213e-11	-0.6715
TMED8	6.74157984106983	5.66477595541372e-13	2.01590935364587e-11	-0.6934
ROGDI	4.32713977943798	5.83937717697427e-13	2.07400135686464e-11	-0.8782
TFF1	0.426475380402608	8.03116891462387e-13	2.8359191432374e-11	-3.6809
PADI4	1.8379893870469	8.0809884233902e-13	2.84800240651374e-11	-1.9706
HSPG2	6.04143618610769	8.19377932153857e-13	2.87664683257708e-11	-0.8292
KRT19	9.85021976345319	8.56221574088609e-13	3.00022669031893e-11	-0.7427
NTN4	5.13355792478068	1.08255283509675e-12	3.75011092173173e-11	-0.7607
AQP3	2.64992150105959	1.12342983851441e-12	3.88434377498468e-11	-1.6818
FHDC1	4.58862191753258	1.16461580497152e-12	4.01913537534218e-11	-0.8001
HPGD	0.724399071346378	1.17005401769201e-12	4.03028417867647e-11	-3.1465
TRMT61A	4.95343598225019	1.21323440975318e-12	4.17115016656385e-11	-0.8053
TMEM45B	2.14270467797897	1.35281714294812e-12	4.63358907348235e-11	-1.6986
LIN52	4.03906379360582	1.47668229372517e-12	5.02724129709745e-11	-0.9095
LGALS9	0.987810245275007	1.47876236664183e-12	5.02724129709745e-11	-2.9958
BTG1	5.59185848144431	1.50719364159066e-12	5.11437307079537e-11	-0.8169
HSD3B7	4.64948300938583	1.65345383656772e-12	5.60026961788133e-11	-0.8278
ERP27	4.088464821721	1.80497419333967e-12	6.07963263350719e-11	-0.8809
FBXO4	4.37447602230311	1.87746397275594e-12	6.31215143400229e-11	-1.0048
TMEM59	6.6885833753955	1.92030392579434e-12	6.44403303847964e-11	-0.744
S100A14	7.30719107563075	1.92375000327093e-12	6.44403303847964e-11	-0.8376
C9orf16	4.93430825940439	1.94090409040529e-12	6.48823688979474e-11	-0.8389
TPRG1L	4.78086078592819	1.94405432664205e-12	6.48823688979474e-11	-0.8536
LINC00493	5.29612452300739	2.14289579761768e-12	7.1128555784197e-11	-0.7747
TM4SF1	6.38542171448896	2.15666028471566e-12	7.14555175277116e-11	-0.7246
SYT12	2.99164500403934	2.22246028202199e-12	7.33693217153589e-11	-1.268
TMEM163	0.605996570720388	2.51861180908366e-12	8.25489716097511e-11	-3.1875
SPA17	3.88001839742829	2.55106902796823e-12	8.34629322125234e-11	-0.938
PLXNB1	4.78193515587289	2.60950434604154e-12	8.52220238664301e-11	-0.8041
TSPAN8	-0.270668103084557	2.83724625312753e-12	9.24942278519575e-11	-7.4862
PC	3.93607290092694	2.87974214077959e-12	9.35455027083136e-11	-0.9637
FUCA1	4.3700901921204	3.14135094666632e-12	1.01501775012992e-10	-0.9927
RPL15	9.5270652328972	3.29309825041196e-12	1.06029632556474e-10	-0.6653
KIAA1522	7.14504979337505	3.3009697726916e-12	1.06095958046229e-10	-0.6207
CYP1B1	5.12131553594344	3.39611018774307e-12	1.08962016849627e-10	-0.7183
MYO3B	1.5293979852906	3.7383148658396e-12	1.19731010860996e-10	-2.0589
LINC01269	0.128765751604764	4.02117118848907e-12	1.2811605797043e-10	-4.6224
DPM3	4.53597709943854	4.6169339868465e-12	1.46331157749774e-10	-0.8136
CCNL2	6.02471707814227	4.75396373061546e-12	1.50413105487203e-10	-0.6923
KLC1	6.6892483397482	4.90203112862641e-12	1.54829550664712e-10	-0.66
PAQR4	4.90940726895083	5.27211703948885e-12	1.66231033977389e-10	-0.7476
PLOD1	5.94502803883781	5.47567310074629e-12	1.72054884900558e-10	-0.7211
TMA7	7.35985268875461	6.41607385143594e-12	2.01257464315833e-10	-0.8478
VAMP3	6.0173237625774	6.62408386219991e-12	2.07070676349866e-10	-0.7224
SPSB3	4.25398458879458	7.37780266916611e-12	2.29063206680776e-10	-0.8704
MYL6	8.32255133046992	8.9794120010094e-12	2.78316036486295e-10	-0.6401
PBXIP1	4.23522469218103	9.08437825301357e-12	2.80664181424575e-10	-0.8727
MYO5C	5.04065712616471	9.24494777902807e-12	2.85094200428947e-10	-0.7169
MMRN2	2.13795182569291	9.41130355643993e-12	2.8973483596352e-10	-1.6277
QPRT	6.82028156685999	1.07547110955901e-11	3.28425210667257e-10	-0.6117
VIPR1	2.48039534860489	1.12534166414743e-11	3.41834233289109e-10	-1.4276
THOC7	6.3387061149298	1.18787282073644e-11	3.60229339125654e-10	-0.655
HEMK1	3.00705723799415	1.22253907348879e-11	3.69514459033301e-10	-1.1555
TRNN	5.51617507200227	1.36592896763095e-11	4.08793430050337e-10	-0.7501
COL7A1	6.31309462369048	1.37164694545633e-11	4.09832841837166e-10	-0.8212
LTBP3	6.82650389289878	1.38479914305406e-11	4.13086489470505e-10	-0.6111
WNT5A	7.0262087290226	1.42321002730424e-11	4.23161600300752e-10	-0.6145
BMP4	5.04646502435135	1.44507828047875e-11	4.28268654032793e-10	-0.7186
CLDN9	3.33891906793152	1.51818382140281e-11	4.49205248679573e-10	-1.1406
FAM195A	4.56766319048855	1.57476452825684e-11	4.64441053761822e-10	-0.786
TNFSF10	2.25889853164108	1.62100592322955e-11	4.77307808620624e-10	-1.7775
TSC22D3	3.28960178050044	1.8339217795955e-11	5.38264887593175e-10	-1.0765
TNIK	5.44245542810157	1.9161750294798e-11	5.61503873807115e-10	-0.6808
AREL1	6.51326216189818	2.11782796604883e-11	6.17620884156348e-10	-0.7192
ETFB	6.46364550208703	2.28115466909759e-11	6.6207884958737e-10	-0.6173
WDR72	1.28996300639108	2.33081642040369e-11	6.7328140143813e-10	-2.1745
PTPRR	3.4716429427017	2.46984903427786e-11	7.11191860722028e-10	-1.0504
SAMD9	4.86546993029239	2.52104188812192e-11	7.23650011156505e-10	-0.7404
FBXO2	4.02860552464296	2.59112819788225e-11	7.42600257151309e-10	-0.968
BFSP1	2.12063054167335	2.68028379551198e-11	7.66947664120167e-10	-1.5815
PRR15L	0.243937486407465	2.76545126659983e-11	7.90079472974123e-10	-3.8016
WFDC3	0.967296584839341	2.80479194353096e-11	7.98818747599083e-10	-2.8406
NAALADL2	1.4655246494453	2.865816729975e-11	8.14927573558e-10	-2.0376
RAB40C	4.16500785502848	3.1485035388517e-11	8.93920382663711e-10	-0.8676
EDIL3	3.1878660511635	3.3440042667535e-11	9.47952513879688e-10	-1.2923
TNFRSF11A	2.34209692085625	3.53313687248079e-11	1.0000146782017e-09	-1.501
PPAP2B	4.44629023711883	3.54389482664384e-11	1.00150687237167e-09	-0.8639
BAG5	7.12148829926147	3.90885041994336e-11	1.10123415534701e-09	-0.5986
HMGN2	9.37888299201716	4.32399445668306e-11	1.21631498923276e-09	-0.5987
MXD3	4.02696507924789	4.48182148317579e-11	1.25877127687473e-09	-0.9445
ARHGAP4	4.42801340137137	4.52921282831872e-11	1.27012764045755e-09	-0.7773
SNRNP25	5.60710612159339	4.97018836446035e-11	1.38527876002425e-09	-0.6541
ITGB8	4.04143108932514	5.07952128274454e-11	1.41359360575891e-09	-0.9941
TMEM139	4.98837187275958	5.13050064225374e-11	1.42560760616415e-09	-0.7107
GPATCH2L	6.43256228338652	5.1700366628068e-11	1.43441017197874e-09	-0.6323
LOC100506100	3.93334104860302	5.22255687271175e-11	1.44678297827353e-09	-0.8866
LOC100129534	2.29307364956328	5.85593479531586e-11	1.61489343841822e-09	-1.4693
ABHD12	5.64824173777328	6.34994357903847e-11	1.74848521838501e-09	-0.6508
STEAP4	2.21351193710973	6.62440347586661e-11	1.81584249032164e-09	-1.4827
SUCLG2	6.16453461727047	6.85242081669794e-11	1.87552915186863e-09	-0.8417
PADI2	3.92806097581172	7.10241803106321e-11	1.93814265433617e-09	-0.9761
KLK6	8.67199807466661	7.32452575022394e-11	1.99576928501624e-09	-0.6633
GATS	4.33792769234835	7.61586295775512e-11	2.07205952543633e-09	-0.8349
MEGF6	5.24466946280676	7.91722157867752e-11	2.15084519554073e-09	-0.6612
DBP	3.49764748637322	8.01250613092931e-11	2.17349646249993e-09	-1.0937
ECH1	5.36555288373604	1.05909297678466e-10	2.84335314473245e-09	-0.6587
CCDC64B	3.93701051410394	1.11813282743674e-10	2.98867245939754e-09	-0.8804
RHOA	8.60350631803849	1.13145264137959e-10	3.01544517095266e-09	-0.5914
RPS6KL1	1.18404538203794	1.16974526895896e-10	3.11295475657649e-09	-2.4179
PRKCDBP	4.09448643377067	1.18160933280996e-10	3.13995050651798e-09	-1.1532
GPD1L	3.49874723629366	1.33841288319657e-10	3.53093433462956e-09	-0.9331
CTSV	6.26965437553117	1.51423318810803e-10	3.98326240376084e-09	-0.5989
LCN10	-0.0987287658586831	1.53563768622717e-10	4.02795999996598e-09	-5.2565
NT5DC2	6.82961542543552	1.58792850863013e-10	4.15914244670755e-09	-0.6287
ADCK1	3.72201493671931	1.5954983508344e-10	4.17298250613651e-09	-0.9645
LAMB3	6.23631080741648	1.66089847845058e-10	4.33162323179911e-09	-0.6008
KCP	2.19625542505132	1.74236249611783e-10	4.53113528904945e-09	-1.457
TMEM71	3.23196663919635	1.79226750605567e-10	4.63709347945255e-09	-1.1028
GPX2	7.54028982958457	1.93674816885477e-10	4.9939653348323e-09	-0.684
CA2	1.66209020305585	1.99976457518255e-10	5.14192987106092e-09	-1.9352
PGF	2.40836023431057	2.0031667071877e-10	5.14343339049489e-09	-1.3007
PCSK9	6.12684884943611	2.18887714449312e-10	5.60450787515659e-09	-0.7881
LZTFL1	4.74148131879816	2.21143504452512e-10	5.6543358785505e-09	-0.7641
GRAMD2	4.58613778306271	2.24478502893497e-10	5.7315797885646e-09	-0.7355
AKR1C1	9.05980160823163	2.33578298262056e-10	5.94728788434045e-09	-0.8571
HCAR1	1.05823831047614	2.4209742337342e-10	6.15561359485398e-09	-2.1856
LBH	4.759680483736	2.43338398565464e-10	6.17856161920877e-09	-0.8631
DMPK	4.97368576002602	2.49551423113784e-10	6.31873894641504e-09	-0.7785
SCCPDH	4.71965559090776	2.67102828696652e-10	6.75378011175356e-09	-0.8935
ALDH3B1	5.19673278702328	2.7206584697127e-10	6.86026809710982e-09	-0.7799
SORBS2	1.22085903804232	2.92398474011806e-10	7.35265363851174e-09	-2.0881
GNAI2	6.92190956581169	3.14056527272007e-10	7.84325028984645e-09	-0.6716
LY96	0.41306095038428	3.27422165260304e-10	8.12149327308712e-09	-2.9569
SEC13	6.34774966907234	3.35200097516099e-10	8.30313837212199e-09	-0.6029
SELENBP1	1.58488912224913	3.54902587347548e-10	8.74372690231692e-09	-1.8715
GALE	4.5937719536674	3.62069335745283e-10	8.90827195871412e-09	-0.843
ZNF362	3.77417107646708	3.72634663779623e-10	9.15587943736313e-09	-0.9177
TFCP2L1	3.44576099737972	3.77299376711824e-10	9.24560727684705e-09	-0.9374
RPL29	8.70139171862557	3.79423684747232e-10	9.28519944872047e-09	-0.772
PTPRU	4.08130202155854	4.05691127663683e-10	9.90146688051899e-09	-0.8085
ACSL5	4.42503739541737	4.20354473940285e-10	1.02456492339838e-08	-0.7333
ARPC4	5.86001219671419	4.37074538740877e-10	1.06106818873051e-08	-0.6431
EMC3	5.15086430180649	4.47330140920758e-10	1.08165020564892e-08	-0.6535
KLK8	4.20018747957833	4.54985257935684e-10	1.09870514138543e-08	-0.7901
LOC101927136	4.87023320486191	5.01444755430405e-10	1.20770124737961e-08	-0.6843
SYTL2	2.35745676453732	5.09279200342863e-10	1.22495402917778e-08	-1.2947
PLB1	0.713111549872303	5.10521352997413e-10	1.22632602898957e-08	-2.5471
C3orf14	3.7889096703484	5.35117211481198e-10	1.28203409616808e-08	-0.9102
HEBP2	5.1847759928431	5.37391388998187e-10	1.28579517661218e-08	-0.6627
HNMT	2.48533541745662	5.64506943043515e-10	1.34714232054934e-08	-1.2608
PEPD	4.97393356642854	5.8038240769601e-10	1.38321948236271e-08	-0.6566
SCAND1	4.93735065967801	5.86943020324432e-10	1.39703152269137e-08	-0.7582
CAPN1	7.92201928473655	6.34651100422318e-10	1.50214310696089e-08	-0.5459
LINC01355	1.20210968908975	6.3521827266313e-10	1.50214310696089e-08	-2.0628
CFH	1.23654495775885	6.40282218193206e-10	1.51215940172512e-08	-2.0378
MAPKAPK3	6.13048447251129	7.05568833334497e-10	1.66204704791672e-08	-0.5834
KRT6B	0.662369420525815	7.28498715709592e-10	1.70724936508271e-08	-2.7581
FAM214A	3.17153657064451	7.7385202349275e-10	1.81121058216457e-08	-0.9927
GSTK1	6.58303128778562	7.82241912972968e-10	1.82850299145128e-08	-0.634
ING4	5.12004874922576	8.0053268391059e-10	1.86647824744211e-08	-0.6505
RNPEPL1	5.30510337588108	8.2290017174083e-10	1.90887745048292e-08	-0.6812
PSENEN	5.82087407999242	8.62815482621693e-10	1.99892886430731e-08	-0.6688
RSPH1	1.08902683537309	9.2876573067384e-10	2.14355842973219e-08	-2.1428
LTBP2	7.60858757553574	9.57615277803705e-10	2.20456803424772e-08	-0.5548
LINC01089	3.58182813821898	1.02584468172491e-09	2.3586675704748e-08	-0.8664
MINOS1	6.37755326220125	1.03224152592372e-09	2.37039010028471e-08	-0.7215
PIK3IP1	1.42977002091829	1.1015433301613e-09	2.52318381874839e-08	-1.9207
DLGAP1-AS1	2.8496042654012	1.11348688567429e-09	2.54734543670048e-08	-1.0972
SERPINB1	6.36828457812442	1.14101119336844e-09	2.59729430749804e-08	-0.5733
GJA5	3.19925155197933	1.25459434253731e-09	2.84167175153364e-08	-1.0406
CYP4F12	-0.40427009075224	1.36716148140942e-09	3.08515451231278e-08	-4.8814
FTL	10.8702787837763	1.37222470307639e-09	3.09275730609415e-08	-0.593
DOCK11	3.51594807630933	1.38354210070086e-09	3.11441980152835e-08	-0.8787
ARHGEF3	4.60093768614498	1.42421633109533e-09	3.20203119956605e-08	-0.6998
TMEM27	0.804490381850194	1.4382200889408e-09	3.22953824645795e-08	-2.5551
STT3B	8.1376792727641	1.44000303532596e-09	3.22956946104555e-08	-0.5465
DAPK1	5.81718920337478	1.50572069323519e-09	3.36044461805644e-08	-0.6001
NR1D2	6.75691900824861	1.60471992571577e-09	3.57701672330489e-08	-0.5915
EIF1B	4.75136546188856	1.6258696008987e-09	3.61974090658619e-08	-0.7331
MARCKSL1	6.13744097567157	1.70168574090394e-09	3.77931567955503e-08	-0.5793
ADAM15	6.07470241008147	1.72173059970115e-09	3.81918758543672e-08	-0.6315
HCFC1R1	3.22426433261028	1.87032299314111e-09	4.11380922443183e-08	-1.0676
TMEM134	4.12135512585707	1.8870819820211e-09	4.14069334901169e-08	-0.8058
PECAM1	1.51341338861548	1.90440945786253e-09	4.16869293318206e-08	-1.7747
RPA2	5.09141007520867	1.91874619754833e-09	4.19002758163186e-08	-0.635
DKFZp434J0226	-0.0771318280470253	1.9444034096573e-09	4.24098311191202e-08	-3.8277
ALG1	4.22834022321317	1.96040929876854e-09	4.27079142700697e-08	-0.7594
PITX1	4.23747670711173	1.97469435982682e-09	4.29166907535697e-08	-0.8653
SLC41A3	4.07191579621604	2.02183825023593e-09	4.38890357863342e-08	-0.9259
NCCRP1	3.15938679457628	2.02472300607284e-09	4.38994574808382e-08	-1.1229
PROM2	6.19641885719929	2.09027181369153e-09	4.52669065607978e-08	-0.5792
TP63	1.53660090836004	2.13575751098487e-09	4.61971435077486e-08	-1.9213
TIMP4	3.61431132466044	2.22032008341183e-09	4.7969424192623e-08	-0.9376
ABTB1	2.2144960300537	2.34164926605632e-09	5.04117323126465e-08	-1.3535
P4HTM	4.00367000464982	2.34721739561506e-09	5.0472085717725e-08	-0.9417
MTURN	4.12908895676571	2.40326080725585e-09	5.16163874085445e-08	-0.7492
FUZ	3.39713102777963	2.47556465643358e-09	5.30444933894969e-08	-0.9094
NGEF	4.92278180055618	2.51664912117007e-09	5.38616018242447e-08	-0.7227
CTSH	4.98864796191959	2.61496141713881e-09	5.59001588188362e-08	-0.6659
NR1H3	3.91631509998851	2.63206622282402e-09	5.62000011273395e-08	-0.8155
AIM1L	3.25914543174471	2.77220536393798e-09	5.90541203314489e-08	-0.9357
RABGAP1L	4.986266633692	2.8684967001863e-09	6.06832373591626e-08	-0.7271
TEX264	4.22071194262273	2.86862586771239e-09	6.06832373591626e-08	-0.7425
LOC102724428	2.28240343684943	2.93915797457381e-09	6.2103319425717e-08	-1.4089
IFT140	4.18712077899634	2.96312764624046e-09	6.25374084505963e-08	-0.7303
G6PD	9.73493597952486	3.054919246318e-09	6.44002375990548e-08	-0.5535
OSBPL10	4.87161143130591	3.06713556753599e-09	6.45831913736298e-08	-0.6513
JDP2	6.26219591186913	3.13452418449836e-09	6.58502572062163e-08	-0.6055
LOC101927811	1.77042575683285	3.33449752742685e-09	6.98904556380076e-08	-1.6087
ANXA1	8.9025121350619	3.51478798273243e-09	7.35005377007598e-08	-0.5364
MSRB1	4.80883141578921	3.53011843179598e-09	7.37366614311984e-08	-0.8023
MXRA8	2.15331106864512	3.57359182717394e-09	7.45594198821571e-08	-1.5612
NPRL2	3.64136638579483	3.71013025182823e-09	7.72316281383993e-08	-0.8427
TRNC	9.13044529961202	3.75014215752956e-09	7.79756209884505e-08	-0.8521
MPG	4.84073523711601	3.81694478263999e-09	7.91842544907679e-08	-0.6346
NICN1	2.6159715080233	3.880084879238e-09	8.03115981353389e-08	-1.2829
ATPIF1	6.47867079985974	4.06420820695221e-09	8.40273896105544e-08	-0.5643
FGD3	4.62009654536885	4.38434143989993e-09	9.02373588802854e-08	-0.6814
UPK2	2.38647262303414	4.42097562793707e-09	9.07866491154321e-08	-1.3315
CELSR1	6.16284822112676	4.4338412531355e-09	9.09485459744289e-08	-0.6595
TNNI3	1.86524340667961	4.67245523061636e-09	9.56281868723456e-08	-1.7485
PDHB	5.95439031976253	4.70219469021498e-09	9.61290775639023e-08	-0.5633
AGTRAP	4.48016444057379	4.73791339936879e-09	9.67509474484079e-08	-0.7749
NAA38	6.43764278504736	4.74924510484571e-09	9.68739873006294e-08	-0.5411
POLD4	4.01997501154888	4.84999366199686e-09	9.8708455176605e-08	-0.9032
TUSC2	4.50386812476844	5.11512588759854e-09	1.03527425946784e-07	-0.8536
ABCA12	1.61158307321989	5.47364484267953e-09	1.10416420163489e-07	-1.5943
THUMPD3-AS1	4.06598196244363	5.48738517941081e-09	1.10571417036781e-07	-0.7444
SULT1C2	-0.586686801145131	5.5020817629599e-09	1.10745319365596e-07	-7.0962
EFCAB1	0.20655241426124	6.04439302448641e-09	1.21393222282754e-07	-2.9066
ALDH4A1	3.24594048244012	6.06277287605749e-09	1.216285512366e-07	-0.9377
EPS8L1	3.36961867932846	6.17276446103832e-09	1.23699218442059e-07	-0.8961
B3GALT6	4.23121768260693	6.52905593275564e-09	1.30409677361474e-07	-0.7033
LYPD3	5.82418324109598	6.54544626660368e-09	1.30594171631822e-07	-0.5642
AQP1	1.53518434401283	6.55391071011835e-09	1.30620299043581e-07	-1.7059
ARF4	7.62723443271863	6.61467753398159e-09	1.3168762602003e-07	-0.6605
LY9	0.949668487696266	6.6898982689867e-09	1.32895302283592e-07	-2.1235
GABARAP	6.79530169542977	7.09886618879325e-09	1.40560630306518e-07	-0.5228
UBA3	6.33404506558972	7.33352144426943e-09	1.4489260550496e-07	-0.5406
SIRT7	5.30329116755198	7.97393192963406e-09	1.57205292988552e-07	-0.5817
PIGQ	4.48191832665823	8.03875394393141e-09	1.57971466093016e-07	-0.7428
AGRN	7.5639861973	8.27931050701156e-09	1.62349186483354e-07	-0.6762
SLC15A2	-0.0345789915155702	8.31635329107838e-09	1.6290058549563e-07	-3.4553
KRT7	10.3389774284397	8.80559652932339e-09	1.71746763076205e-07	-0.5539
CD109	6.7182099474787	9.02162399831092e-09	1.75585040205932e-07	-0.6034
CHP1	6.68762476823658	9.45671586741205e-09	1.83661494548377e-07	-0.5533
VWA1	5.03924126545956	9.68171990844026e-09	1.87632142938944e-07	-0.6061
VCX3B	-0.272001935199407	1.01931636488357e-08	1.97125419039347e-07	-4.1413
ECI1	5.42084958654963	1.03838247937961e-08	2.00388060714104e-07	-0.6167
Sep-01	1.72734783773045	1.07757163606094e-08	2.07293443497667e-07	-1.6296
ZDHHC12	4.90959428468936	1.08338623196867e-08	2.08192621587579e-07	-0.6038
CYP24A1	1.978573020891	1.10290781543369e-08	2.11133689857232e-07	-1.4121
POC1A	4.48635154985016	1.10331693757559e-08	2.11133689857232e-07	-0.7196
PLXNA3	5.08682669134147	1.1062667981355e-08	2.11476509599598e-07	-0.5918
PPP1R1C	2.78318618187724	1.14493941788475e-08	2.17959676781087e-07	-1.0864
WDR78	1.08805688371913	1.14495689106629e-08	2.17959676781087e-07	-1.9866
HIGD1A	6.9029782630678	1.15980627505261e-08	2.20556493305839e-07	-0.5385
HVCN1	0.544517562450161	1.16326670217173e-08	2.20984359155537e-07	-2.7449
AVPR2	0.816945079857258	1.16897769339993e-08	2.2183842796995e-07	-2.2432
CLSTN1	7.41150327127573	1.17026352555686e-08	2.21851826817924e-07	-0.5105
FAM114A1	5.49831823436911	1.18568584657722e-08	2.24309645752474e-07	-0.645
FSTL3	5.03185375405214	1.21613324092074e-08	2.29831557414586e-07	-0.5928
FAT4	3.60168742714976	1.24807572251582e-08	2.35624306000505e-07	-0.7979
ANO10	4.35424110334302	1.25681296785973e-08	2.37028693607926e-07	-0.7678
CYBRD1	6.44126916796343	1.27217230226535e-08	2.39430696393364e-07	-0.5424
CALML5	0.185589531162065	1.28122312521644e-08	2.40885781400117e-07	-3.1073
TMEM238	3.69981932170322	1.30956041738704e-08	2.45960236417878e-07	-0.8651
CDC42	8.16909000513109	1.33323581225468e-08	2.49636440907912e-07	-0.5051
NFE4	0.846784270412639	1.36567620265545e-08	2.55187152054022e-07	-2.2609
NCF2	5.39808212303769	1.38295934248379e-08	2.57888720698509e-07	-0.7204
TINAGL1	6.56758777447464	1.39353412148015e-08	2.59595499201445e-07	-0.5177
CASZ1	3.20416357650735	1.40625325708221e-08	2.61431359076301e-07	-1.0164
TMEM219	4.63295931044203	1.41843514821771e-08	2.63160081970148e-07	-0.8424
CPTP	4.35247282915759	1.43935511163258e-08	2.66770222517405e-07	-0.6699
E4F1	4.39095684465483	1.48663085068892e-08	2.74973989971397e-07	-0.7099
PTPRH	1.66651141201593	1.49490341833889e-08	2.7622425916189e-07	-1.5069
CASP14	0.818726448159602	1.51116505566176e-08	2.78946706331255e-07	-2.6528
FAM167A	1.88286653651681	1.52385887423314e-08	2.81005733414143e-07	-1.4411
OTUD1	3.60085825886604	1.58763066144699e-08	2.91881020698652e-07	-0.8122
LOXL1	4.08855512673003	1.5936548169319e-08	2.92693786095662e-07	-0.7276
OGG1	3.20644783961192	1.66624701048685e-08	3.05411701038634e-07	-0.9002
DIO2	5.90236385508199	1.75613042144581e-08	3.20920089828976e-07	-0.606
SPOCK2	3.53572909481261	1.97225825634015e-08	3.58620983344082e-07	-0.8208
PLCD1	1.90659984511366	1.98378164700435e-08	3.60357390524491e-07	-1.382
LTBP1	3.66426901438444	2.01560497129562e-08	3.65774198369511e-07	-0.9183
SNW1	7.57569772616883	2.04048659387852e-08	3.69921780117639e-07	-0.5664
PBX1	5.82092665604661	2.12443757940175e-08	3.84759250491651e-07	-0.5663
MIB2	3.86520288039469	2.24233288393502e-08	4.04273440849339e-07	-0.7375
TRIB2	4.17797298592777	2.24325698718438e-08	4.04273440849339e-07	-0.7375
OXSR1	6.51406640606076	2.56000356233486e-08	4.59542035732401e-07	-0.5522
VIM	3.63300676760392	2.60398897288256e-08	4.66520340421433e-07	-0.7916
RAP2B	5.95399028525563	2.62523500129195e-08	4.69865590035156e-07	-0.5398
WDR6	5.97585198318728	2.76410919777166e-08	4.93270552439095e-07	-0.5719
MEST	5.79378125142395	2.90596604711515e-08	5.15754149149822e-07	-0.5819
ARL8B	5.92471526422851	2.90850739847063e-08	5.15754149149822e-07	-0.606
SDF4	6.47800449747559	2.96437715407916e-08	5.24396020589817e-07	-0.5312
MANF	6.3267787071554	3.07297943425623e-08	5.40870375222789e-07	-0.5192
PRDX2	6.81831002277845	3.12928062496065e-08	5.49837796816955e-07	-0.537
S100A10	9.24605503969533	3.25048851501685e-08	5.68443157812511e-07	-0.6719
ECM1	2.79887377298548	3.26096459824095e-08	5.69141201773296e-07	-1.0695
GLT8D1	4.82558576397577	3.33669081127347e-08	5.81246445139394e-07	-0.6569
ALPK3	2.72810272489969	3.3858543977248e-08	5.89248406910048e-07	-1.0862
SLC27A2	2.69749473586111	3.51627796135086e-08	6.09043363021075e-07	-1.0729
SH3GLB2	5.83035846992954	3.53342415685162e-08	6.10854085298136e-07	-0.5536
MAPK8IP3	5.05504417436447	3.64018341213183e-08	6.27527746665522e-07	-0.6301
RGMA	0.11485813231962	3.65449842364392e-08	6.29401162472108e-07	-3.3355
FABP6	1.35973438672756	3.77797172603985e-08	6.50053268902766e-07	-1.7872
CLDN1	4.7214299743122	3.79452287601266e-08	6.52286342980105e-07	-0.6321
SMIM22	3.92456447763345	3.86142019446617e-08	6.61916310518069e-07	-0.9776
LINC00514	1.63295382222726	3.90478540679413e-08	6.68721973606319e-07	-1.611
FKBP1A	7.69795857826987	3.96172092045699e-08	6.77836711563851e-07	-0.4994
TWF2	5.58248837637167	3.9966774583725e-08	6.82538294481276e-07	-0.5666
TMEM53	3.1224528858149	4.07746183664492e-08	6.95034017645095e-07	-0.9742
CAT	5.50155175918387	4.20658863729683e-08	7.16375766441147e-07	-0.579
RPS5	8.22956242932818	4.221177225703e-08	7.18190227702088e-07	-0.5313
WNT11	-0.352991772325471	4.2885225501158e-08	7.27967876662833e-07	-4.9073
ABHD14A	1.72498721136478	4.2906082125833e-08	7.27967876662833e-07	-1.4738
TREX1	2.76145194784183	4.39448615912548e-08	7.43519363493927e-07	-1.0435
HHLA3	2.6934112796454	4.4340767567006e-08	7.49523196947464e-07	-1.2108
GPR89B	3.36332956936492	4.71316216089591e-08	7.93759118167119e-07	-0.8729
CRABP2	6.67254016239456	4.76596562411103e-08	8.01173742484079e-07	-0.6018
STMN1	8.40628689746029	4.77430634438264e-08	8.01837503431918e-07	-0.5038
DSTN	8.84840222518471	4.80763043707979e-08	8.06692107162948e-07	-0.5068
MLH1	5.51587311942065	4.89849700786571e-08	8.19678839373019e-07	-0.5395
TBC1D5	5.84513524485732	5.27553455252681e-08	8.77941283417771e-07	-0.5311
OR7E14P	1.45473360463586	5.33356043788708e-08	8.86789429454157e-07	-1.6036
NME3	2.75780544774221	5.37628353454233e-08	8.93079455929071e-07	-1.0652
DOCK8	1.19008337929552	5.49494864225567e-08	9.1113335524995e-07	-1.9292
KREMEN2	3.01390787731061	5.58256798793693e-08	9.24821789362764e-07	-0.9375
XYLT1	1.22210588462855	5.65349184363227e-08	9.35722095170904e-07	-1.7094
VASH1	2.31850645508687	5.72566980034911e-08	9.45097901222182e-07	-1.3706
LOC105375355	1.3732314397519	6.00937518265021e-08	9.89243943502815e-07	-1.6849
HYAL2	4.0381240988479	6.19516920986522e-08	1.01890999184954e-06	-0.6934
SYT8	1.23848350356942	6.29385468197023e-08	1.03327887656518e-06	-1.844
HDAC1	7.41480242098509	6.48207991710184e-08	1.06226975733044e-06	-0.483
SHROOM1	3.3894108955728	6.66253137227042e-08	1.08988506032409e-06	-0.8744
CCNG2	4.47736057573623	6.74171447105997e-08	1.10185084497467e-06	-0.6383
SOD3	1.46248820842883	6.84567640131449e-08	1.11784139876921e-06	-1.7999
GPAT2	2.00854859390501	6.9505411061743e-08	1.13293820030641e-06	-1.3065
CDH10	-0.650439604512318	7.0328100472485e-08	1.14532542571426e-06	-4.574
BCAS1	-0.826173141314641	7.25492147101691e-08	1.18044426359077e-06	-6.8245
RHBDF1	3.96654942942404	7.33501759184697e-08	1.19135303520248e-06	-0.7388
C16orf13	5.66942883553006	7.72268298412779e-08	1.24986968579997e-06	-0.5312
JOSD2	3.82388831124143	7.92307341184354e-08	1.28116588314097e-06	-0.9207
STPG1	2.47556264150236	8.41906310062459e-08	1.35896035335988e-06	-1.0895
ENO2	4.63045338126637	8.48222530596971e-08	1.36794615888501e-06	-0.6461
NDUFAF3	3.86965761597658	8.51307740433952e-08	1.37170998317407e-06	-0.9346
LFNG	3.42995792437347	8.63011203751305e-08	1.38811740402501e-06	-1.0843
PLEKHB1	3.67644473608961	8.93825234363642e-08	1.43317907195629e-06	-0.7742
TMEM115	4.45297371838118	8.96602848596817e-08	1.43582294771785e-06	-0.6539
ESAM	2.65047181634333	9.28884870624317e-08	1.48621579299891e-06	-1.0266
VHL	5.93865822256461	9.48454375783843e-08	1.51354747240471e-06	-0.5205
LOC101927787	2.15613815360675	9.79562703888339e-08	1.55503449758135e-06	-1.2294
C4orf3	5.64914940627033	1.0181523270279e-07	1.61348861824838e-06	-0.5238
PGP	4.44752765687223	1.05063764459175e-07	1.66208326166958e-06	-0.6506
ITFG3	5.82785999334854	1.06579076464224e-07	1.68313807952497e-06	-0.5853
VPS28	4.92992258412853	1.08722523673891e-07	1.71550422834101e-06	-0.6193
LYNX1	1.52846552233954	1.09441357708242e-07	1.72386663185649e-06	-1.5261
FANCD2	5.41603250778683	1.09674141618088e-07	1.72604407705157e-06	-0.5457
MAGI1	4.29974115753113	1.12887336260394e-07	1.77203027581234e-06	-0.6579
MAZ	7.87999062075605	1.13331853741781e-07	1.77747965799825e-06	-0.5466
SELK	4.9075047331665	1.14391932951618e-07	1.79102841163357e-06	-0.5854
KIFC2	3.75182611910482	1.16120146227648e-07	1.81342120575871e-06	-0.7175
PRICKLE2	1.128734272992	1.16480426336723e-07	1.81610868054429e-06	-1.7682
ATRAID	5.78671893539783	1.16582659210726e-07	1.81610868054429e-06	-0.5708
PCDHAC1	-0.905175840157603	1.2383701686473e-07	1.92505071257593e-06	-6.7157
MED18	4.05313686624718	1.23900886682555e-07	1.92505071257593e-06	-0.7169
ANK1	0.485658809506469	1.25181970163607e-07	1.94330106063504e-06	-2.6627
CASC1	0.700940407762804	1.31428268972505e-07	2.03162953290606e-06	-2.0808
ISPD	2.74930129678585	1.33095469985917e-07	2.0556606599517e-06	-0.9962
TCF7	3.52745859463743	1.35468078873415e-07	2.09053698048442e-06	-0.7673
MISP	6.48640696482442	1.37776274620386e-07	2.12436120732244e-06	-0.5191
MIR1244-2	3.81121335636008	1.44060737353517e-07	2.21378183596448e-06	-0.6986
KRT4	-0.319434043158555	1.44707929280228e-07	2.21998987978139e-06	-4.1091
RASSF1	3.58833089377099	1.46974918192025e-07	2.25098498868591e-06	-0.8388
TMEM107	4.25798284174193	1.4965853110999e-07	2.28824635171188e-06	-0.6572
CTSA	5.8314284393765	1.54415823950792e-07	2.3590086042223e-06	-0.5171
THEM4	4.32557957423245	1.56108614709428e-07	2.38287530947769e-06	-0.7348
WDTC1	4.32550631710836	1.60210406665231e-07	2.43733432006705e-06	-0.678
RPA3	6.43617086150907	1.6580062818415e-07	2.51818325135594e-06	-0.5157
PHF7	2.04185515847364	1.72462580338567e-07	2.61067733553971e-06	-1.2167
FBXW10	1.46754042831085	1.73393202560125e-07	2.62113364406514e-06	-1.6116
NDUFB10	7.04685080309955	1.77820678524208e-07	2.68510695379482e-06	-0.4961
CYB561D2	2.63081292998781	1.79085966343972e-07	2.70197801783104e-06	-1.0432
ANXA9	2.75194532650654	1.80532598776915e-07	2.72155501508782e-06	-0.9505
RAMP1	5.035819361121	1.94260129296977e-07	2.91184520085839e-06	-0.7021
ZNF883	1.92767026533049	1.95847294126595e-07	2.93305020637828e-06	-1.2537
TMEM43	6.00457963794234	1.99367227063677e-07	2.9770719641959e-06	-0.5246
CLIC3	1.61449205622408	1.9943903441124e-07	2.9770719641959e-06	-1.5432
MYO5B	4.92726605990669	2.08438048939997e-07	3.108860311641e-06	-0.5594
LMCD1	2.06285068517038	2.08634901715236e-07	3.1092561352762e-06	-1.2186
SERPINB6	6.98937502160425	2.13759184543989e-07	3.17784012462139e-06	-0.5705
VWA5A	-0.52479526918668	2.14148637481929e-07	3.17996523188525e-06	-4.7096
KRTCAP3	3.81484276121275	2.14250505873075e-07	3.17996523188525e-06	-0.6959
NUP210	7.07836567967729	2.15898920947663e-07	3.2010820821471e-06	-0.5587
PDZK1	1.55702766923033	2.22475814652275e-07	3.29401335952305e-06	-1.605
QARS	6.55860932435958	2.28021245748325e-07	3.36792545500115e-06	-0.533
FAM127C	2.8468209555371	2.29829158785773e-07	3.3918844970033e-06	-0.9179
GPR19	3.17304619850563	2.30694486615354e-07	3.39915944120251e-06	-0.8521
USP19	4.97314685915015	2.35572937191051e-07	3.46265663555542e-06	-0.562
CMTM7	4.53201102876662	2.37518239262705e-07	3.4851722918044e-06	-0.6045
H6PD	5.55229780044061	2.47020862383123e-07	3.61636957792005e-06	-0.5149
TSPAN15	5.31208809138068	2.51241169690611e-07	3.66932703509743e-06	-0.5398
DCP1B	1.99039533734722	2.55233028283927e-07	3.72167265523272e-06	-1.3058
JAGN1	4.80731114515329	2.55512813885844e-07	3.72277887494011e-06	-0.5719
CCDC51	4.35722686472693	2.57332136625415e-07	3.74629624101561e-06	-0.6069
NIPAL3	4.51220654925905	2.70279326822889e-07	3.91915757782261e-06	-0.6284
TGFB3	1.08463519487631	2.82398938064859e-07	4.0851624511189e-06	-1.8377
C5	3.76973125760634	2.88217853104501e-07	4.16274139737007e-06	-0.742
OSER1-AS1	2.78604683709172	2.88843604125863e-07	4.16848129400929e-06	-0.9399
TCAIM	4.39641682843069	2.91134442422117e-07	4.198223049651e-06	-0.6949
MUC4	0.0266729882891731	2.9170100567697e-07	4.20307305417424e-06	-3.1793
GALNT12	5.69259145613156	2.93618137050647e-07	4.22736018138534e-06	-0.596
HIST2H2BE	1.9689228613488	2.95238223632499e-07	4.24733570578006e-06	-1.2286
MYD88	4.46801689591206	2.96293371879286e-07	4.25915889529783e-06	-0.7626
MAMLD1	2.60041480477447	2.99475754932211e-07	4.30151800318052e-06	-0.9662
TNFRSF12A	7.28420468890714	3.05956544632223e-07	4.38770045467861e-06	-0.5062
UNC5B	1.17368716216284	3.14762143963012e-07	4.49280508224296e-06	-1.7042
METTL9	6.93553783634437	3.15904953066877e-07	4.50559439311634e-06	-0.455
E2F1	5.02301511955441	3.22585183635869e-07	4.58653824957665e-06	-0.5357
ABHD5	5.14265113047647	3.2955545162883e-07	4.67835484054114e-06	-0.5454
FYCO1	4.58145903936902	3.32599744729486e-07	4.7142398600788e-06	-0.5739
RTN2	2.57642630785417	3.32903307957765e-07	4.71488191627382e-06	-1.0988
HSH2D	1.9975669359668	3.34702195425807e-07	4.73668471294072e-06	-1.2098
SPRYD3	3.81111260629419	3.37354184458704e-07	4.77051742174911e-06	-0.6829
RSRP1	5.39851581132946	3.48521784839996e-07	4.92081492965117e-06	-0.5417
HHIPL2	2.8199406159743	3.51654751744118e-07	4.9612126335708e-06	-0.9474
LCMT1	4.91974236483657	3.5382690565631e-07	4.98800308081976e-06	-0.6151
E2F2	3.42740431541145	3.55352459729081e-07	5.00564390803557e-06	-0.7753
PMVK	4.67979811553946	3.56680675609638e-07	5.02047988737822e-06	-0.6686
PCK2	4.04522780352419	3.76591128048159e-07	5.28849817972861e-06	-0.6515
FADS2	7.89714891956182	3.99897360529373e-07	5.60716299064842e-06	-0.4505
PTN	3.60459698514063	4.01722521940463e-07	5.62843158905994e-06	-0.9204
CDHR4	-0.582653940977406	4.0670067438285e-07	5.6938094413599e-06	-3.7708
RPUSD3	4.15677153530351	4.10566018948721e-07	5.73912193103205e-06	-0.6315
CDIPT	5.53112366521896	4.12008968114212e-07	5.7534636392531e-06	-0.5796
CDKN2D	2.38452127652476	4.12222307194515e-07	5.7534636392531e-06	-1.127
SH3RF3	3.34427448407371	4.24046035964191e-07	5.90945376531471e-06	-0.7605
EFNB2	6.08052739223004	4.25429932608284e-07	5.92421727665663e-06	-0.487
NUBP2	5.31171296250585	4.30643750619666e-07	5.99225023728096e-06	-0.5858
SSU72	7.02103278625731	4.38075090227553e-07	6.0863765960382e-06	-0.4637
EFHD2	7.46245107011842	4.39019224454644e-07	6.0948554841399e-06	-0.4482
ASAH1	5.62449860696696	4.46516995030806e-07	6.19423576085288e-06	-0.5454
HES4	2.75291988669087	4.6695927945781e-07	6.44841800739923e-06	-0.9204
PPIL6	2.48225273166756	4.67507437453671e-07	6.45110791999562e-06	-1.1496
GUK1	6.83972993110138	4.77137461134548e-07	6.56414581045389e-06	-0.4648
GGT1	1.68398978637007	4.82047093116571e-07	6.6266955812772e-06	-1.4163
AK3	5.68861145236653	4.92010916004752e-07	6.74842320254152e-06	-0.5064
SMIM10	-0.488357607571493	4.94032592721535e-07	6.76598575598225e-06	-3.9074
KYNU	5.3914402121677	5.24420297074147e-07	7.14997531246126e-06	-0.5389
CCK	0.846707581388357	5.39928274387052e-07	7.34495572072282e-06	-1.9855
DAB2IP	5.45258119440862	5.40722087306838e-07	7.35027730891559e-06	-0.5701
RASSF2	3.60352437841713	5.50143237694816e-07	7.46722300918703e-06	-0.9305
CCDC152	-0.719563721256289	5.61335425221687e-07	7.61347661429949e-06	-4.4811
ZNF747	3.04611103732953	5.6598780361099e-07	7.66518793970492e-06	-1.0034
MAGED2	5.84548718066459	5.73595537973846e-07	7.76246118699076e-06	-0.5287
LRRC23	3.62011721185895	5.8124824106003e-07	7.84580616925376e-06	-0.7202
RNF208	2.45483796286129	6.53033736239215e-07	8.75314529279229e-06	-1.0868
AMN	1.06983895488961	6.78735582219554e-07	9.0909734328688e-06	-1.6301
LTBP4	4.57293376143397	6.901290328352e-07	9.23003342376514e-06	-0.5596
PALMD	-0.649233945456067	7.01848212369778e-07	9.36618491595225e-06	-3.6779
FLJ23867	4.94577450196701	7.21895704608847e-07	9.61965546229132e-06	-0.5735
ARHGEF37	1.68153142062943	7.28754551749046e-07	9.68983473906087e-06	-1.4015
SPRR3	-0.612838526304237	7.34277831951272e-07	9.75616892292753e-06	-4.6628
CRELD1	3.08259244737772	7.35048371595649e-07	9.75930405225466e-06	-0.8462
SH3BGRL3	7.02927853888099	7.45584993909779e-07	9.87764851147818e-06	-0.7678
RNF123	4.38627239948124	7.72244118139358e-07	1.02160062469218e-05	-0.7333
APOE	2.36313868290482	7.94173761944676e-07	1.04909089711013e-05	-1.1928
POF1B	-1.07413860508202	7.94897643402995e-07	1.04928787982394e-05	-6.4983
MVK	4.61852450207091	7.99239466468899e-07	1.05349571840117e-05	-0.5803
DNAJC4	4.1038924674224	8.12031589132642e-07	1.06881389266082e-05	-0.6423
GBP2	0.779868958527275	8.16405061528905e-07	1.07302309598788e-05	-1.9061
TJP3	3.33630953454459	8.20548265539092e-07	1.07691798243578e-05	-0.7855
NWD1	2.24126456737683	8.49692634369863e-07	1.11276820179743e-05	-1.0603
CDR2L	4.30983684169757	8.61235895818487e-07	1.12707688272848e-05	-0.6355
KIAA2013	5.42632778898083	8.87357258926062e-07	1.15876925028285e-05	-0.4966
PPP1R13B	4.12957474525604	8.91930607660552e-07	1.16307751238936e-05	-0.7451
PSD4	4.41768539955279	9.14429527296186e-07	1.19071508204844e-05	-0.6358
DNAJB2	4.5701520998504	9.18649619739819e-07	1.19450622920015e-05	-0.5582
VTCN1	-0.40432956314144	9.26053214671e-07	1.20327597772482e-05	-3.4155
PDCD6IP	7.25268937507418	9.7397204431993e-07	1.26015830199182e-05	-0.4393
NINJ2	2.94413457338038	9.77353492942356e-07	1.26363777387788e-05	-0.8702
SIRPB2	2.21561774231875	9.86460979474348e-07	1.27451037801017e-05	-1.0947
OSCP1	2.61250588512119	9.92017739365312e-07	1.28078329914096e-05	-0.9865
MYOM3	2.87211758011729	9.94371066136068e-07	1.28291435924947e-05	-0.9412
DALRD3	2.29785016958287	1.06265681216364e-06	1.36570157546061e-05	-1.1355
AURKAIP1	6.74101101840539	1.069042868867e-06	1.37246460014318e-05	-0.4653
PIGV	3.64853260808998	1.07948586408975e-06	1.38489767637543e-05	-0.7028
CARD16	-0.791411635563626	1.08347209594567e-06	1.3890355746899e-05	-4.3854
IL17RC	3.55570571555698	1.11031513565596e-06	1.42145253271635e-05	-0.7657
GNB1	7.82668274258016	1.11413413882109e-06	1.42534217507484e-05	-0.4318
TRIQK	4.33152463539757	1.1555325860984e-06	1.4721146470211e-05	-0.6446
CXXC5	5.24702434996496	1.18067576455355e-06	1.49845832895689e-05	-0.5573
MORN1	3.24904819160974	1.18113581034672e-06	1.49845832895689e-05	-0.9112
LGALS1	7.3750890313217	1.19683024288835e-06	1.51731478570624e-05	-0.7831
THRB	3.44345091082867	1.1992062594968e-06	1.5192719967643e-05	-0.713
TK1	6.02502798937626	1.20478053720006e-06	1.52421853687625e-05	-0.4657
PPFIBP2	1.37590327206518	1.2124343073789e-06	1.53283938473055e-05	-1.5473
QSOX1	7.20242702900379	1.23188922235992e-06	1.55313326266593e-05	-0.6163
LSM4	7.69577910331412	1.23320993457363e-06	1.55372536684446e-05	-0.4563
CSRP1	5.682688218238	1.24951608385555e-06	1.57101691645089e-05	-0.4794
LOC100288748	2.38159836887568	1.26527503830204e-06	1.58973579485493e-05	-1.0101
TCTA	2.87657594828362	1.28212789818154e-06	1.60648777688415e-05	-0.9289
SEC23B	6.36411566447251	1.28507591650133e-06	1.60687300901701e-05	-0.4516
CCRL2	-0.402008281188148	1.33547012492354e-06	1.66418720823236e-05	-3.4312
RNF224	0.730397616225188	1.34621401818199e-06	1.67643131759416e-05	-2.0428
NADK	5.21794891794328	1.37580813833175e-06	1.71095050227414e-05	-0.6523
NBEAL2	5.52611223177534	1.38017813552813e-06	1.71521661281154e-05	-0.556
MYH14	6.65290606922796	1.39573681192469e-06	1.73219382994543e-05	-0.5636
MICALL1	6.23867367404106	1.41867668110917e-06	1.75469928796267e-05	-0.4819
SIRPG	0.479147515040699	1.48342969393993e-06	1.83106778178279e-05	-2.1394
UBA7	2.75054891393034	1.4859620813424e-06	1.83295430790452e-05	-1.0158
SERF2	6.36632636439402	1.57390294826431e-06	1.93099275695653e-05	-0.846
GPR160	3.59816365468398	1.57851347273664e-06	1.93534868759437e-05	-0.9583
KIF9	3.57771276060615	1.58888931122453e-06	1.94676263528289e-05	-0.685
ABHD15	3.61532496884776	1.61716540449661e-06	1.97799238548162e-05	-0.6819
ADGRE5	5.6428025978795	1.6537339855029e-06	2.02078765992911e-05	-0.4772
TMEM179B	3.87399256024407	1.71096170549604e-06	2.0809671482702e-05	-0.625
CMTM6	7.09351446236966	1.77182642685914e-06	2.15069569473009e-05	-0.5242
RAB26	2.79075925744872	1.77613296580033e-06	2.15449059293361e-05	-0.9847
TMEM256	3.42637031662406	1.83901430210265e-06	2.22485388331253e-05	-0.7026
RFT1	4.95332584255933	1.89503085167382e-06	2.28927352839228e-05	-0.5025
NEBL	3.71137289787314	1.89602408793226e-06	2.28927352839228e-05	-0.6808
PTGR1	8.19298945266097	1.9033195776464e-06	2.29656326566509e-05	-0.4373
RPL11	9.9469039192018	1.91620625419191e-06	2.31058529567553e-05	-0.4352
DNAJC16	3.94143431608564	1.96986330069848e-06	2.36631205501081e-05	-0.6475
ORAI3	3.22139414024391	1.97019846823863e-06	2.36631205501081e-05	-0.8093
MAGI2	1.30571033402271	1.99181323429004e-06	2.38912893595262e-05	-1.4528
LOC100134868	1.62074447120179	1.99886603582463e-06	2.39444214895108e-05	-1.2866
PINK1	3.0437810622999	2.06793623309186e-06	2.47393472289154e-05	-0.823
RXRA	7.29357195519201	2.08786703748219e-06	2.49614280525703e-05	-0.4504
RAF1	5.9347091114354	2.21692178804805e-06	2.63318960068999e-05	-0.4612
TMEM54	4.8736521472842	2.22985440303129e-06	2.64682847735626e-05	-0.7023
AXDND1	-0.348645550300127	2.24094556959903e-06	2.6565391115974e-05	-3.0653
KLHL3	2.70575545289453	2.25326484739088e-06	2.66940967254821e-05	-0.9091
OMA1	4.47097406458717	2.3164423416479e-06	2.7424754467655e-05	-0.5991
DVL1	5.77007497137364	2.48175589874093e-06	2.91738156390306e-05	-0.4647
PFKFB4	2.97163880319107	2.50130243560799e-06	2.9365773160424e-05	-0.7994
HMCN2	-1.1207441656359	2.54591241470805e-06	2.98319493215085e-05	-6.4315
HBE1	-1.16706151539457	2.56454463554191e-06	2.9992522015665e-05	-6.3736
ANOS1	-1.16706151539457	2.56454463554191e-06	2.9992522015665e-05	-6.3736
ABCG2	5.3915497293174	2.57403998976816e-06	3.00842983695311e-05	-0.483
HYAL3	1.68362466359731	2.58741745531023e-06	3.02213007448135e-05	-1.2704
GPCPD1	3.3596816593114	2.60229237433194e-06	3.03756071520485e-05	-0.7986
EXOSC7	5.2308100200333	2.62481307024646e-06	3.06189056935587e-05	-0.5768
PCDH1	6.05562713792287	2.63364630358274e-06	3.07023288111152e-05	-0.4574
LOC284825	0.879322823464617	2.6493208911413e-06	3.08653491950706e-05	-1.8066
TMEM230	6.03478144235112	2.68071265255529e-06	3.11317367589372e-05	-0.4827
PLD3	5.17088590326211	2.69949924647024e-06	3.13299798115453e-05	-0.4795
TPPP3	0.54826995331268	2.71641879221234e-06	3.15063160550372e-05	-1.9805
SLC39A8	5.08312184148992	2.74311151505274e-06	3.17898630819545e-05	-0.4847
SLC50A1	4.9573611780364	2.75157801913487e-06	3.18533977915828e-05	-0.4998
TRNAU1AP	3.99852553761135	2.78640643562512e-06	3.22361444162055e-05	-0.6162
SSX2B	1.46555902847116	2.87123311043923e-06	3.3175463078594e-05	-1.5582
DNAL4	4.29199716409948	2.89616668238492e-06	3.3379052369709e-05	-0.5981
JUND	5.89389185433519	2.90605551921736e-06	3.34718924661402e-05	-0.5091
CLCN7	5.15641870136938	2.90793022866e-06	3.34723671213222e-05	-0.5051
NSMCE1	5.64892669680053	2.97880155337091e-06	3.42018875209681e-05	-0.5043
FAHD1	4.76952481501588	3.00809013502502e-06	3.45164635480935e-05	-0.5195
TSC2	5.33907625494725	3.0238460948928e-06	3.46536938533352e-05	-0.4838
CMBL	7.44097598701136	3.04950936503355e-06	3.49258738820907e-05	-0.4224
DYSF	3.61620959441338	3.1001469016817e-06	3.54613294718679e-05	-0.6611
LMLN	4.36798062022414	3.11756902243015e-06	3.5638284329045e-05	-0.6065
SRD5A3	2.5109240239731	3.1984049114285e-06	3.64255022227316e-05	-0.9019
LOC105377622	-0.352598081245152	3.33048573838234e-06	3.78353127815233e-05	-3.4488
C3orf18	1.68742494376797	3.37772765925635e-06	3.83481319324527e-05	-1.2008
IFT22	5.10486342386905	3.39639257538587e-06	3.85360738696361e-05	-0.4979
BAG1	4.27641585300443	3.42384060313605e-06	3.8799276257512e-05	-0.5592
LOC105369174	0.53715391411945	3.52198720708363e-06	3.98372976781404e-05	-1.8702
CASP9	2.79195953114678	3.57154927648454e-06	4.03478982620679e-05	-0.9026
ZNF862	4.02609183346421	3.57785821538375e-06	4.03941741373196e-05	-0.704
STARD10	6.08348363576703	3.6968567433551e-06	4.16346802632268e-05	-0.4563
ANO1	7.05249156071826	3.70336012743082e-06	4.16822086845727e-05	-0.4176
NOXRED1	1.12020062810169	3.80083551267611e-06	4.27266336942211e-05	-1.5115
SDSL	3.34383054699482	3.83724008156783e-06	4.3082813609534e-05	-0.7205
DPYSL2	5.6713763326634	3.87354481869529e-06	4.3463696502828e-05	-0.5537
RHOT2	5.42660488640536	3.88516229769783e-06	4.35672745127589e-05	-0.4666
HES1	4.83465309412519	3.88923336537389e-06	4.35861536637604e-05	-0.5414
CREG2	2.40951291522761	3.89555934969684e-06	4.36302647166046e-05	-0.9328
PPP1R14C	3.93541347659011	3.92215419833084e-06	4.39011937735915e-05	-0.6603
TRIOBP	6.71938435964304	4.05543418875209e-06	4.51990271977156e-05	-0.4581
TUBB3	5.83004289159052	4.06785501164459e-06	4.53097993243341e-05	-0.5417
SYTL4	4.31481301538599	4.12812880605753e-06	4.59531216362112e-05	-0.5825
CXCR4	0.113646243248187	4.275815495383e-06	4.75102177015898e-05	-2.2184
SDC1	7.22047182793271	4.28174100098372e-06	4.75471190474202e-05	-0.4976
LIMK2	4.46902371164357	4.32021927051805e-06	4.78870206451594e-05	-0.5377
CHCHD7	5.1178380439978	4.34957368247668e-06	4.81831414728727e-05	-0.499
RBBP8NL	2.65235899510117	4.36371018192888e-06	4.83077137625028e-05	-0.846
ZMYND10	-0.272060999269522	4.3661112898844e-06	4.83077137625028e-05	-3.1468
EIF3I	6.8698554343159	4.42645318375877e-06	4.88569101104596e-05	-0.4203
GPNMB	3.60037666887839	4.44126578780672e-06	4.89907844242897e-05	-0.7236
SNCA	2.09430192790076	4.46562293944315e-06	4.92000074728268e-05	-1.0361
HDAC11	2.79562073351884	4.47977292320364e-06	4.93261366019335e-05	-0.8984
SMIM19	3.90973564333299	4.50416731838021e-06	4.95648454275763e-05	-0.6035
ANKRD35	-0.0779287967856234	4.57314937942007e-06	5.02936235365619e-05	-2.7763
ATRIP	3.26200112728132	4.72447151618329e-06	5.18797010514116e-05	-0.7289
PRKCD	4.88984152191313	4.72759217132766e-06	5.18797010514116e-05	-0.4923
PDE8B	2.04376589611489	4.76139076959627e-06	5.220657651036e-05	-1.0849
BRD2	3.49978299619195	4.77525471171436e-06	5.23271608745843e-05	-0.729
ARMCX2	0.676952590100384	4.82203033211514e-06	5.27454924381021e-05	-1.8569
IFI6	1.92949940788824	4.82209831722131e-06	5.27454924381021e-05	-1.1887
PTK6	2.29602716594399	4.84644545077328e-06	5.29800647600701e-05	-1.0095
GORASP1	4.24758161024548	4.90940689545765e-06	5.36041461025568e-05	-0.5575
HTR2C	-1.21557816282179	5.12090622713e-06	5.57467287313568e-05	-6.3094
CABP4	-1.12193668634594	5.21615056223151e-06	5.67159289244184e-05	-6.4178
SLC6A9	3.98900336984512	5.25560928858706e-06	5.71109542693128e-05	-0.5796
PHYH	3.58251481123873	5.29885323986646e-06	5.75187794787712e-05	-0.6468
PER2	3.49654146051816	5.32548716283804e-06	5.77671382321873e-05	-0.6674
RHOC	6.45364161452548	5.398805587173e-06	5.85276691208019e-05	-0.4442
LMNA	8.59192563369012	5.43152541809246e-06	5.88474350342409e-05	-0.4055
PTPRG-AS1	0.931901893271557	5.44618137774971e-06	5.89362698471836e-05	-1.569
CARD6	4.39301278455548	5.50594208738635e-06	5.95391863694972e-05	-0.5461
IMPDH1	6.37860084769581	5.50841837084141e-06	5.95391863694972e-05	-0.4234
TGFBR2	5.91111050367897	5.55615439934501e-06	5.99841246093687e-05	-0.4361
RNPEP	6.45368837455495	5.68745376024746e-06	6.13653403351523e-05	-0.4316
FLNB	8.67280601636018	5.72061177727344e-06	6.16866441854128e-05	-0.4135
C19orf57	2.81348938548306	5.75951795424041e-06	6.20328966210105e-05	-0.8108
SLC35E2B	4.88671800405334	5.79938586057584e-06	6.23519365551664e-05	-0.5606
CRNDE	0.621844100528153	5.92647128870724e-06	6.36645937128073e-05	-1.8904
BAP1	5.67814404659453	5.92845143031181e-06	6.36645937128073e-05	-0.4797
JMJD8	3.96309731369057	6.02900677417857e-06	6.46683593827286e-05	-0.5789
ULK1	4.39792765884161	6.03707012451655e-06	6.47168245409126e-05	-0.5781
SULT4A1	-0.193554183113386	6.24303300686686e-06	6.66507664171704e-05	-2.6377
CDC42BPG	4.98333158760885	6.38109371567642e-06	6.80451208372597e-05	-0.4771
RPUSD1	4.97985672867235	6.44787821978729e-06	6.86770506303599e-05	-0.5639
TRAPPC6A	3.47590572273142	6.49608330161056e-06	6.91098465933581e-05	-0.7233
GPR1	1.09442810123773	6.50859744409447e-06	6.92026528476346e-05	-1.6168
CCDC153	1.31035538305064	6.56652903302517e-06	6.96968337365741e-05	-1.3988
PEX10	3.12695874869487	6.71242628362066e-06	7.12039827041131e-05	-0.7212
LOC101929748	-0.192980098911833	6.81116495000639e-06	7.2209423535027e-05	-2.6413
PKD1	4.57772962661463	6.84980638871847e-06	7.24927915550402e-05	-0.6082
GPX4	7.34385047945064	6.90731971225738e-06	7.29745536267192e-05	-0.4206
LRRFIP2	5.71081173092018	7.067353460384e-06	7.45358779738708e-05	-0.4882
COMT	5.03993702520477	7.1602942236975e-06	7.53419777220873e-05	-0.4894
ALDOC	2.63672326248753	7.19655278587923e-06	7.56645701466478e-05	-0.8387
ATP1B1	6.23464343188022	7.34569915150069e-06	7.71150567623902e-05	-0.4426
MCC	2.02774034957046	7.36618461275167e-06	7.72856702818359e-05	-1.0844
CNPPD1	4.13481072182036	7.40512377240883e-06	7.75604931664347e-05	-0.6046
GPR78	3.37436107517479	7.44953903352126e-06	7.79362662441055e-05	-0.852
LOXL1-AS1	3.45824184917654	7.57030681092702e-06	7.90637992793385e-05	-0.6668
CUL7	4.23711895987204	7.67187527012314e-06	7.99872957917579e-05	-0.5384
TH	0.134963757746835	7.68534087990898e-06	8.00819538262661e-05	-2.2516
CDRT1	1.46811512997296	7.87198483622505e-06	8.18399516914149e-05	-1.3854
TAF12	4.83689495503724	7.94605968085852e-06	8.2563042421032e-05	-0.4957
PIK3C2B	4.90276725214537	8.03129674256241e-06	8.32810023850271e-05	-0.5443
SELL	1.66527191931827	8.05111724562655e-06	8.34172510988413e-05	-1.2427
EGF	3.61722729142623	8.1926216519628e-06	8.47871320171388e-05	-0.7045
SOD1	7.74867234178517	8.24666384006267e-06	8.52615678130612e-05	-0.3999
NUDT14	3.09229526031678	8.24780503713114e-06	8.52615678130612e-05	-0.8012
TXN	10.1237620330802	8.42804421331536e-06	8.70356371698335e-05	-0.4666
FAM46C	1.85740561636621	8.46461708692741e-06	8.73544655392577e-05	-1.2651
LOC101927318	0.346394158479004	8.47523791568904e-06	8.74146572818187e-05	-1.944
SAT1	4.5918719973452	8.60816408974337e-06	8.87167424863681e-05	-0.5406
LSAMP-AS1	-0.649452587594139	8.61120002661286e-06	8.87167424863681e-05	-3.0993
PARP3	3.39438853479242	8.76771547323145e-06	9.02274034268959e-05	-0.6919
MAOB	0.398931998271972	8.79209037461673e-06	9.04272686642271e-05	-1.902
SATB1	3.82086542244544	8.87808101700473e-06	9.12058271888719e-05	-0.604
FOXCUT	0.0107072931495453	8.93184266190887e-06	9.16580773669524e-05	-2.257
SHISA4	2.04323810454513	9.11963469223168e-06	9.35326128884165e-05	-1.0077
SMIM4	3.33798582116749	9.17281962332565e-06	9.40252639210742e-05	-0.7934
SERPINB9	1.56610122935375	9.27005645022845e-06	9.49153957124906e-05	-1.2143
EYA1	1.52550460184086	9.35450115257705e-06	9.57263301801831e-05	-1.2627
PARK7	7.7643884393551	9.42694148496171e-06	9.63970659843092e-05	-0.4908
LRAT	0.975081431408519	9.57366059357963e-06	9.77498589465267e-05	-1.4936
FLRT3	-0.105716780539261	9.60014024508863e-06	9.79654333786127e-05	-3.3219
PKMYT1	4.72079910095554	9.62707851632692e-06	9.81854443542259e-05	-0.5275
IDH2	5.46617171850665	9.63355485197544e-06	9.81966372851276e-05	-0.4669
MAP4	7.58333284350935	9.66316508317197e-06	9.8441594566093e-05	-0.4216
CBR3	3.60454170484847	9.97695492657998e-06	0.000101470356066654	-0.6701
PRKAR2A	6.49159518678851	1.00919973300785e-05	0.000102526156515255	-0.4175
IMPA2	5.91248474363174	1.0220090706443e-05	0.000103462395835971	-0.4392
ENSA	8.09891294998301	1.02238257059647e-05	0.000103462395835971	-0.4148
GGT6	-0.867774381109774	1.02808999930814e-05	0.000103946080749003	-4.2745
LOC100130476	-0.492986010382864	1.02843097270663e-05	0.000103946080749003	-3.2891
C19orf84	-0.827415298099535	1.02887033256709e-05	0.000103946080749003	-3.4398
SOX15	6.33865582754415	1.033043143362e-05	0.000104252269901695	-0.4698
CLN3	4.58544835528032	1.05975693231066e-05	0.000106771095785118	-0.5846
OSBP2	3.32875074889179	1.075992009351e-05	0.000108168007283656	-0.6672
FGF13	-1.16526744828464	1.07811662538399e-05	0.000108321943384756	-6.4017
PLEKHG6	4.9323897917991	1.08626122468592e-05	0.000109080225070771	-0.4791
BTBD6	2.49916809739342	1.09524349872415e-05	0.000109920147091877	-0.907
NOXA1	1.90498929524335	1.13790995106644e-05	0.000113828405844761	-1.0735
FOLR1	0.00591384170492653	1.1528659375898e-05	0.000115135232804373	-2.6265
SH3BP5	3.30549460752691	1.16501524627181e-05	0.000116157937389067	-0.6922
KCNQ3	-1.21737310079992	1.16728275232163e-05	0.00011632049086454	-6.295
PGLS	5.35004857784021	1.18463261646092e-05	0.000117920681821759	-0.5179
GCKR	-1.02903838220806	1.20724515119504e-05	0.0001200406725502	-4.0903
ADAMTS15	2.11009204438768	1.21088712275026e-05	0.000120337263543433	-1.0057
PAFAH1B3	4.74834219376388	1.2220995449326e-05	0.000121253528762443	-0.5373
MIR4458HG	4.97155962911392	1.26365512341016e-05	0.000125036790964639	-0.5068
ENTPD3-AS1	0.2796514372227	1.28075417922291e-05	0.000126522988614142	-2.1199
PRDX5	7.90489705488007	1.28203179762052e-05	0.000126580705772635	-0.3974
EIF5	9.0578188456921	1.29127118661408e-05	0.000127355196017432	-0.393
PBLD	2.52717676638247	1.30962897881003e-05	0.000129096040157429	-0.8376
SHARPIN	4.04502822433632	1.3166441085563e-05	0.000129647545015123	-0.6158
C16orf59	4.00417878608507	1.33621763207073e-05	0.000131362353748429	-0.607
WDR45	2.84582402169199	1.34849009937761e-05	0.000132355028248589	-0.7602
PDLIM4	3.52219118433786	1.34957838648555e-05	0.000132390666435681	-0.6944
TATDN2	5.55344579014971	1.40373086262594e-05	0.000137420753357393	-0.4925
PAGR1	5.59676969438414	1.42148509958196e-05	0.000138996421949482	-0.4575
EML2	3.8168006388304	1.45495261144182e-05	0.000141737539351558	-0.593
ALDOA	9.93246877046944	1.47434710963874e-05	0.000143473778430517	-0.401
ZNF436	3.9102131191652	1.49619365900019e-05	0.00014543732808701	-0.5929
ALDH1A1	0.41752289544826	1.4969146553215e-05	0.00014543732808701	-1.9489
THOC6	4.5785844261926	1.50681899913479e-05	0.000146243953472646	-0.5094
PCNA	7.6564730555227	1.54558729422842e-05	0.000149847273730398	-0.4338
UQCRQ	6.06420925726923	1.55007265301426e-05	0.000150202369179556	-0.4164
ACYP2	3.162849589351	1.56140385085182e-05	0.00015122009921035	-0.7506
C9orf9	3.36516561124441	1.57978259142064e-05	0.00015291893419393	-0.6853
CDKN2C	4.20130133357041	1.58652620489456e-05	0.000153409016930906	-0.5327
NOMO1	4.61561623939328	1.59638516815263e-05	0.000154198982168224	-0.5435
SLC37A1	4.5733045268194	1.60238647293973e-05	0.000154696813590628	-0.507
SLPI	3.54412236519453	1.61297397274268e-05	0.000155636642951324	-0.6352
KIAA1257	1.70008375454378	1.64027275704412e-05	0.000158068791878434	-1.1788
PRSS22	3.44211717570241	1.65898347227485e-05	0.000159570085721021	-0.6702
CLDN8	-1.26521034169243	1.6676606130107e-05	0.000160235853426965	-6.2521
SNHG12	3.94136922786535	1.69413740485204e-05	0.000162267431600099	-0.5609
TBC1D20	5.28003898376252	1.70670468471506e-05	0.000163385425926366	-0.4429
NGLY1	4.50185942414401	1.71414030902696e-05	0.000164011244662454	-0.531
RAB5A	4.96831136716832	1.72547229630927e-05	0.000164663994989138	-0.4551
GSTO2	0.702419088548983	1.72820112351325e-05	0.000164752165591948	-1.6319
ZBED5-AS1	1.97366553773655	1.75268974506869e-05	0.000166903873725276	-1.0332
AKR1E2	-1.07350926819329	1.75819184481661e-05	0.000167245721790389	-4.0248
MTHFR	2.10979081897331	1.75969958248539e-05	0.000167245721790389	-0.979
LSM3	7.36849055828827	1.81803720896273e-05	0.000172416037853629	-0.4934
GLB1	4.8727849402485	1.82725578371584e-05	0.000173062924871163	-0.4662
SPATA13	4.66862819049025	1.82749101881588e-05	0.000173062924871163	-0.5413
NDUFA7	5.77238176624202	1.83231602378675e-05	0.000173409856559102	-0.4275
MECOM	5.30611525125483	1.84410479394319e-05	0.00017421823660832	-0.4393
TNNI2	0.693799460783563	1.84467490887315e-05	0.00017421823660832	-1.7176
FBRS	6.2318846882377	1.85184799978627e-05	0.000174590137721613	-0.4084
STRA13	6.15777982799584	1.85208048746455e-05	0.000174590137721613	-0.4942
DNAH7	0.427528775417215	1.8524380848311e-05	0.000174590137721613	-1.9279
USP48	6.26655686615291	1.86000018625325e-05	0.000175080455528775	-0.4066
ABCB8	4.96412250661592	1.93454982978142e-05	0.00018167253957042	-0.5952
LRP10	5.81081723589936	1.94989743636411e-05	0.000182831677443571	-0.45
RER1	6.36671294426607	1.97361141439468e-05	0.000184960215509185	-0.4183
ACSF2	5.03266929279972	1.98121878316446e-05	0.000185577886636482	-0.4424
CLDND2	0.741187522035454	1.98280579538194e-05	0.000185631295387142	-1.6047
B3GAT3	3.94096156117309	2.01998075357885e-05	0.000189014703420479	-0.6185
IL36RN	0.903424430081372	2.02786164168849e-05	0.000189654928948079	-1.6991
PHLDA3	4.00595544528254	2.02974297190303e-05	0.000189733679954233	-0.6363
TECPR1	3.13988938301519	2.03990104851215e-05	0.000190488151108122	-0.6746
LOC158960	2.09234176029908	2.05086365924022e-05	0.000191413941529087	-0.9828
KCTD5	5.8607903140308	2.05209289127657e-05	0.000191430801344635	-0.4375
BMF	1.48287815525848	2.05903718134918e-05	0.000191980504508226	-1.2112
ACOT11	2.95259811559114	2.08105260142144e-05	0.000193835185160969	-0.7197
PLSCR4	1.70357878987796	2.08927904680733e-05	0.000194502183980187	-1.2239
TSPO	5.50504279199045	2.10688900313276e-05	0.000195941750591909	-0.7434
PRSS8	5.42945146356571	2.13165733816732e-05	0.000197610481431608	-0.4314
CLASP2	5.21218068093636	2.13816175667447e-05	0.000198043029070772	-0.4465
OR51B5	-0.615705135647931	2.13987856495684e-05	0.000198101536926228	-3.1417
TNK1	3.82956178369587	2.17429882119507e-05	0.000200967010304785	-0.6025
RETSAT	5.59759333779588	2.19166290122305e-05	0.000202382387075003	-0.4768
MILR1	3.31617066051588	2.20471162738009e-05	0.000203381583979034	-0.6813
PTOV1	4.75840456837105	2.21064403049547e-05	0.000203791269404891	-0.5529
FLJ37453	1.85722758855074	2.22435638088708e-05	0.000204779879422464	-1.0341
SIPA1L1	6.43434956886845	2.23697319362769e-05	0.000205837614026548	-0.4074
DENND2D	4.60925471507444	2.25215779262501e-05	0.000207026146335157	-0.5338
PCBP4	2.96930000883631	2.28953940818599e-05	0.000210063888813507	-0.7453
ZBTB8OS	5.11158942579119	2.2898068511113e-05	0.000210063888813507	-0.4879
RAB27B	4.17179155118267	2.29765815949798e-05	0.000210678289099925	-0.6239
ATP6AP1	6.55639733485604	2.30418643841783e-05	0.000211170821384316	-0.3942
SPAG4	1.98816390824113	2.39897627021777e-05	0.000219307515218305	-1.1779
LINC01588	2.07019092305722	2.44557374766887e-05	0.000223455427114329	-0.9921
NARFL	4.023896078314	2.46230526807802e-05	0.000224759224870162	-0.5745
RPL22	9.8626128245259	2.48017951475356e-05	0.00022616462148522	-0.4789
RFPL1S	-1.07304031978407	2.48423629345297e-05	0.000226421456681365	-4.0333
TCN2	2.47226041317569	2.51079981133695e-05	0.00022872835007868	-0.8744
CALCOCO1	3.7669483617206	2.53160962511805e-05	0.00023050905394591	-0.6374
TCP11L2	1.22296280556203	2.57356902692007e-05	0.000233862997289461	-1.2796
QRICH1	5.88089430301216	2.57811015757678e-05	0.000234159099685183	-0.437
MXD4	3.88169374033924	2.63360470615422e-05	0.000238961667572324	-0.5632
PTPN23	4.97131820928702	2.64432557895176e-05	0.000239696165686908	-0.4441
THEM6	5.03993323188285	2.64690323500076e-05	0.000239810746690689	-0.4875
NAT14	4.44138365760953	2.66451984152735e-05	0.000241167447828078	-0.5864
SLC35E2	2.98037696605332	2.66785920639295e-05	0.000241298404397217	-0.7126
ARF5	6.50064701458042	2.66861020200472e-05	0.000241298404397217	-0.3903
CAMTA1	4.81335828520936	2.68236124898657e-05	0.000242301766261746	-0.5032
IL20RA	1.49676572825294	2.69876500710782e-05	0.000243542530745232	-1.1825
POMGNT2	4.09748398593403	2.71321363060211e-05	0.000244725434981581	-0.5243
MDK	7.88997460719176	2.7350632396842e-05	0.000246331102632831	-0.3758
DRC1	0.350856143651326	2.78066843163434e-05	0.000249945262865173	-1.8431
MFGE8	3.9598511442111	2.79324872993e-05	0.000250952504003947	-0.5386
C1orf86	4.03447266423113	2.80146426952045e-05	0.000251546375553667	-0.5454
SDC3	5.30380250028233	2.82566919338803e-05	0.000253490991619125	-0.452
DPYSL3	0.190122152396289	2.85492548314875e-05	0.000255989782025361	-1.8697
BBS5	-1.37313613418544	2.88301332440572e-05	0.00025812796101202	-6.0868
LRRC66	-1.37313613418544	2.88301332440572e-05	0.00025812796101202	-6.0868
CTAGE5	5.22348090323589	2.99800164525085e-05	0.000267766722288158	-0.4281
SLC5A11	0.791010434818362	3.03265707742581e-05	0.000270729523743206	-1.5182
RPS27L	5.44157849820405	3.06996197358644e-05	0.000273792016559815	-0.4476
SLC6A6	7.04275114822152	3.07263510255895e-05	0.000273896613439044	-0.395
CREB3L4	2.70007669434486	3.11721962661158e-05	0.000277329247092695	-0.7633
ZNF662	2.00004711644289	3.12136807861002e-05	0.000277482407008827	-0.9671
TMPRSS13	2.86208464280386	3.14014360073269e-05	0.000278825202212919	-0.7496
UBE4B	6.1132217836822	3.1622041449796e-05	0.000280647539478598	-0.3974
PET100	6.39329831000523	3.17742898084058e-05	0.000281809859963385	-0.4328
GDNF	-1.26461036346688	3.17838793637494e-05	0.000281809859963385	-6.2669
TESK2	2.18137634897484	3.18213342193708e-05	0.000282004989081958	-0.905
MIR762HG	1.83474438889336	3.20134978932218e-05	0.000283432792210794	-1.0315
PVRL4	0.897600437278708	3.29919678279781e-05	0.000291389145944639	-1.4534
SULT2B1	1.67685836434332	3.30565314466959e-05	0.00029181820023737	-1.143
OSGIN1	4.1547502745302	3.31091935412046e-05	0.000291888715324468	-0.5494
SH3PXD2A-AS1	1.97273527258593	3.31124851795012e-05	0.000291888715324468	-1.0821
BAIAP3	1.62653098052723	3.31375152995246e-05	0.00029196837804446	-1.1137
LINC00467	3.66873874701525	3.31663105817652e-05	0.000292058621672875	-0.5687
CCDC24	3.78698906686768	3.317975357962e-05	0.000292058621672875	-0.5611
SEMA3C	5.74249992781843	3.32081136381125e-05	0.000292167384374642	-0.5001
HINT2	4.00739421130738	3.32296551508443e-05	0.000292216081133821	-0.5864
SYPL1	7.02510341361632	3.34943427241008e-05	0.000294401887708804	-0.4297
RERE	5.2113798131777	3.35401630658568e-05	0.000294662760794168	-0.4426
RPL37	11.3874342231378	3.36046734022168e-05	0.000295087502467951	-0.444
PLXNB2	7.21587620691545	3.36529845236298e-05	0.000295369656472782	-0.3839
CLEC12A	-1.07529688044184	3.40466303670575e-05	0.000298681059097069	-4.011
CALB1	-1.37253488198609	3.49648588470381e-05	0.000306001180782132	-6.0922
CFAP70	1.38159547970028	3.56949918416188e-05	0.000311942446654185	-1.1889
AMIGO3	1.84804806572722	3.65247240697401e-05	0.000318735832991001	-1.0726
C9orf3	4.15433408939402	3.71067768026088e-05	0.000323351464109034	-0.6105
APOL1	5.13093545855009	3.724661635188e-05	0.000324415185171718	-0.443
PDXK	6.69161441568443	3.73752703454015e-05	0.000325225422033198	-0.5502
SERPINB7	2.00097791951733	3.77988383149938e-05	0.000328597901085013	-0.9927
ZSCAN20	2.67631119242548	3.78614376605144e-05	0.000328844571333243	-0.8004
CDC25B	6.62282108417294	3.78632388772171e-05	0.000328844571333243	-0.3734
RARG	5.74565657624269	3.81684966442453e-05	0.000331023313414415	-0.4569
BSG	9.15097784055726	3.83194953718539e-05	0.000332175074790392	-0.3952
NAGPA	3.28352052366545	3.85361110625849e-05	0.000333779645451246	-0.6366
TTC12	3.70125110715833	3.85411641439103e-05	0.000333779645451246	-0.5882
MXD1	3.06937804449192	3.87368839543259e-05	0.00033531557774783	-0.664
ANXA11	7.53767902872306	3.89386028181196e-05	0.000336901958790328	-0.3641
EMP1	9.00569656701647	3.90095942600648e-05	0.00033731180384981	-0.4005
TMEM44-AS1	2.8084557551771	3.9022925598751e-05	0.00033731180384981	-0.808
FGD5-AS1	6.56771151570444	3.9196085407573e-05	0.000338488048817717	-0.4153
LZIC	4.75350085258045	3.93141313870923e-05	0.000339026349835974	-0.4926
CTF1	2.03770905730718	3.9987672304858e-05	0.000344346672451645	-0.9458
ANKMY2	4.73172995387349	4.00817950665587e-05	0.000344994460506882	-0.5357
RYBP	5.17933402091673	4.03123945915678e-05	0.000346652414349346	-0.418
NADSYN1	5.10724462595637	4.04921376926124e-05	0.000348034117568894	-0.4361
NMRK1	4.23961402147146	4.06966949729425e-05	0.000349627700435782	-0.547
PRSS12	3.60227428570373	4.08244436846222e-05	0.000350560227613576	-0.6944
MAN2B2	5.05437704872629	4.11362018519646e-05	0.000352905310624749	-0.4534
LINC00476	2.85360413573698	4.12927105887204e-05	0.000354081599111169	-0.732
PCDHB2	1.66531489948897	4.28952332417999e-05	0.000367477887406053	-1.1045
GPAA1	4.81682060896324	4.32498270089356e-05	0.000370341858290398	-0.4924
YJEFN3	2.11926878050216	4.32775929491869e-05	0.000370405877581039	-0.9543
C4orf19	2.37950456571622	4.35068114465814e-05	0.000372193228570192	-0.8666
CNIH3	1.18831596503	4.44956797736643e-05	0.000379940659470541	-1.2803
TRBC2	1.32871055641894	4.45569760126852e-05	0.000380108483218496	-3.5493
EWSAT1	0.366410750011723	4.46521778140301e-05	0.000380445438169196	-1.747
TGIF1	6.40315971379803	4.4742303380378e-05	0.000380977374306054	-0.4304
PKD1L2	0.919907148332145	4.48947091908254e-05	0.000381829002858762	-1.4146
SEC22C	4.9806577225555	4.51033553280449e-05	0.000383158145588081	-0.4289
ZNF213-AS1	2.41319050351467	4.52942772377254e-05	0.000384243645563157	-0.8411
MAN1B1	5.25491794274778	4.56325939750999e-05	0.000386933876270053	-0.4766
BPHL	2.77708319232289	4.5945817059892e-05	0.000389228230276282	-0.776
PGD	8.44654213563601	4.63553442418737e-05	0.000392016170938323	-0.467
DHX30	5.71457850916346	4.64907852435034e-05	0.000392933229354351	-0.4144
CETN2	6.54529192352312	4.7458811395691e-05	0.000400558511715088	-0.4298
EFHB	-0.583299141952372	4.79154353006128e-05	0.000404038885380133	-2.7545
CTNNBIP1	5.14324847262531	4.81334583346076e-05	0.000405502729744623	-0.4463
LGALS3BP	8.16933824690291	4.87779391995772e-05	0.000410553277098885	-0.3862
TAGLN2	8.81347990413283	4.88925722663475e-05	0.00041132847893753	-0.3812
DYRK1B	2.49385731009168	4.91332619555124e-05	0.000412972757946516	-0.7875
C4orf33	3.56156921526189	4.93862911122737e-05	0.000414908481613285	-0.5851
RPS6KA1	5.15352294476102	4.97572991848778e-05	0.000417641036284657	-0.4221
EFHC2	1.06486920867793	5.0865419308362e-05	0.000426354038059438	-1.3889
MOCOS	4.78152263170406	5.10943303513462e-05	0.0004278798600432	-0.437
MRPL20	5.9698201789137	5.1150250752068e-05	0.000428151755034275	-0.3877
LINC01194	-1.37193339718122	5.15054515374444e-05	0.000430729969430868	-6.102
SGSM2	4.60301687837144	5.18166845878098e-05	0.000432853999765257	-0.4859
KCNK1	5.59870681568827	5.25530528388957e-05	0.000437886139948371	-0.4037
CD151	6.41465261325239	5.28739275806717e-05	0.000440358769120777	-0.4839
HIST3H2A	0.932171028833276	5.31991854825461e-05	0.000442663778563975	-1.3711
TMEM176B	-1.42992588324182	5.38695490427486e-05	0.00044803757964666	-6.0033
FOS	2.91269848726917	5.41456930654681e-05	0.000449924338918155	-0.7089
TP53INP1	0.493735360661784	5.42540605953309e-05	0.000450619713479691	-1.6135
PGM2L1	2.9938892638618	5.45389337500971e-05	0.000452162931217881	-0.7268
AHNAK	10.0742511848881	5.51977916237235e-05	0.000456795504933226	-0.4249
OSBPL7	3.50465555543869	5.56089045328915e-05	0.000459364778802021	-0.6387
HIST1H2AC	1.97175814273102	5.57715777855059e-05	0.000460500191792038	-1.1881
CSAD	3.14622399632655	5.60387520750998e-05	0.000462288051460923	-0.6893
TMEM158	3.6903952212146	5.69007911342548e-05	0.000468975549863185	-0.5851
RIPK4	5.23623912868456	5.69545502305438e-05	0.000469206800094227	-0.4429
RNH1	2.12192045876575	5.70482290875255e-05	0.000469554765654583	-1.4487
ANAPC16	7.0087771221144	5.76154088001434e-05	0.000473582576792173	-0.366
DHRS1	3.83027893866985	5.77803905576833e-05	0.000474511385524546	-0.5338
HID1	3.28393488097077	5.79678330410013e-05	0.000475622813481582	-0.661
SLC16A5	4.58389089380581	5.80650554931084e-05	0.000476206492849141	-0.5981
HENMT1	4.44874765421855	5.8768614416721e-05	0.000481327871149241	-0.5238
ZNF593	3.91353098017115	5.88754678808202e-05	0.000481986789969621	-0.5381
PPP1R3G	0.13413032327102	6.03362055377899e-05	0.000493502584362855	-1.7924
SLC26A6	2.63172840814544	6.09896863633933e-05	0.000498400946396646	-0.8398
VNN2	-1.43052765593852	6.14389574873153e-05	0.000501840022826737	-5.9984
RBM15B	5.74776500531444	6.1465506739734e-05	0.000501840022826737	-0.3968
CHN1	4.10574722174464	6.1794181280459e-05	0.000504297976511426	-0.5176
MKRN2OS	1.58016317579599	6.31681204983401e-05	0.000513885363247174	-1.0802
LINC01260	-0.120654652452173	6.34034578891718e-05	0.000515128405529471	-2.0797
SMIM20	4.94972228205769	6.35661190085651e-05	0.000516220226254611	-0.4245
CBLB	3.39379141210903	6.42085461909171e-05	0.000520511198606298	-0.6174
TUBB2A	3.31247174007427	6.42569684090339e-05	0.000520672532301519	-0.6051
HAGH	4.14411920756588	6.47720236815981e-05	0.000524465797716232	-0.5154
ARHGAP42	3.71803045566013	6.58209305411646e-05	0.000531928688782426	-0.5463
TMEM187	2.75324614622791	6.67947370458213e-05	0.000538606324871252	-0.7413
RIBC2	1.72114459963168	6.69701038650963e-05	0.00053954378471368	-1.0524
TCEB2	6.658699007057	6.77541636632902e-05	0.000544898683628645	-0.6212
TOR3A	5.61588517319136	6.78064984771601e-05	0.000545079452311332	-0.3927
MEIG1	-0.243720938976796	6.85234843711128e-05	0.000549978520880497	-2.3271
PRR15	5.45894203397558	6.85364337753688e-05	0.000549978520880497	-0.3987
LINC00925	1.96410917837898	6.92124037755877e-05	0.000555158894256208	-0.9446
CFAP44	2.66083270138505	6.97983450156694e-05	0.000559121801933331	-0.8572
FKBP7	2.46521859281716	6.98883680617003e-05	0.000559352059331171	-0.7968
SEPN1	5.25637162986956	7.02021311503469e-05	0.000561617049202776	-0.4204
TMSB10	8.94841922849239	7.04785871472192e-05	0.000563334976777423	-0.5211
CDR2	5.32974299209918	7.06063460997491e-05	0.000564109170414451	-0.4204
ARHGAP17	5.04869899994356	7.08537681090687e-05	0.000565590901005316	-0.4422
PNPLA8	5.38002270914134	7.14200080264022e-05	0.00056936404651965	-0.4165
PLD1	3.77597847247068	7.22184078602386e-05	0.00057522655056567	-0.5617
ADH1C	-1.42872163658262	7.42905801335665e-05	0.000590958096260737	-6.0149
PDE4D	3.78924653697346	7.43820174141316e-05	0.00059142774821968	-0.5571
FA2H	0.888467818627847	7.48911618264324e-05	0.000594957811272128	-1.3787
STAG3L5P-PVRIG2P-PILRB	4.20662465069296	7.53520175146538e-05	0.000597930393662246	-0.5125
DSC2	4.60080221319599	7.53635974921575e-05	0.000597930393662246	-0.4502
NYAP2	-0.518532266572709	7.57287286926655e-05	0.000600566321030973	-2.864
FAM83E	-0.294705231674007	7.77298079869134e-05	0.000614015137123824	-2.2533
EVPL	6.14032423911627	7.77609003631837e-05	0.000614015137123824	-0.4377
HMOX1	3.58883665283326	7.80946710322289e-05	0.000616117681229201	-0.5872
AGPAT2	5.80575297884365	7.84451978588066e-05	0.000618547570034852	-0.5064
KBTBD12	-0.902144978476781	8.08112857989742e-05	0.000635079997221727	-3.3641
PRSS21	4.25984875662328	8.09015064590257e-05	0.000635515448328732	-0.5184
CABYR	3.44751270256947	8.1719189447088e-05	0.000640835705561013	-0.6638
OCIAD2	6.27619784165134	8.18117475581898e-05	0.000641132253007484	-0.4273
LOC102723354	1.42261471492233	8.27188367494745e-05	0.000647007319493748	-1.159
C1orf159	3.72943698583876	8.38869803157626e-05	0.000655582496851268	-0.5819
ATAD3B	4.75501416913363	8.41638919660249e-05	0.000657183922896386	-0.4774
KLF5	6.30289031864606	8.46371307394754e-05	0.000660596604865268	-0.4231
PDCD4	5.46442437135076	8.47992975560991e-05	0.000661579477001771	-0.3907
FAM105A	2.94945117866529	8.61301159573773e-05	0.000670529380348776	-0.675
NDUFB6	5.2577278051969	8.67120027382207e-05	0.0006747716632519	-0.4245
FGF11	3.91791005964621	8.72116445782154e-05	0.000677793011247297	-0.5304
GPR146	-0.615211923770071	8.83993832399577e-05	0.000686439447226146	-2.7109
ZNF688	2.44597288345427	8.95795713256851e-05	0.000694717355191889	-0.8916
CTSB	7.09352620202777	8.97631179890357e-05	0.000695845215289951	-0.3501
TMOD1	1.07878044784787	9.01385798308685e-05	0.000697866799572661	-1.2776
F8	3.31641476324094	9.12101950003291e-05	0.000705266124492168	-0.6858
GNPAT	4.96364342000036	9.1617329135637e-05	0.000708114293268497	-0.4382
RBM5	5.15326223534638	9.19459885745125e-05	0.000710353773769064	-0.5193
CPZ	2.25450343811464	9.29876205280035e-05	0.000717187156890255	-0.8584
MPPE1	3.32941077483523	9.35733987456252e-05	0.000721400324113232	-0.7012
C14orf1	5.42656068820373	9.36407136858518e-05	0.000721614550041752	-0.4362
MIRLET7BHG	0.890051565541578	9.41582374664808e-05	0.000724684984480638	-1.3861
DGCR6L	4.02567891893963	9.42391473294946e-05	0.00072500205379151	-0.5626
ANKRA2	2.54034246391338	9.71629513648217e-05	0.000745923818383594	-0.7576
SAMD15	2.65735801465392	9.76522507951671e-05	0.000748735611304733	-0.9096
ETHE1	4.73628260898077	9.88652563681793e-05	0.000756447661465834	-0.4358
SLC12A2	5.16722317157573	9.95163983309551e-05	0.000760792030121406	-0.4628
LINC01121	0.203206530481788	0.00010023173965434	0.000764979364184625	-2.1338
SPANXA1	0.674518736920856	0.000100535786392649	0.000766687831595865	-1.5035
AACSP1	-1.374938496803	0.000100539585278292	0.000766687831595865	-6.0658
LUZP2	-0.403320964908509	0.000100977422388248	0.000769062921618628	-2.3577
AGMAT	2.78799500817977	0.000101685175866287	0.000773163086470194	-0.7358
ATP6V0E1	7.15648688566182	0.000104109095756605	0.00079060551253435	-0.3636
RNF24	5.59566355452591	0.0001045563670243	0.000793671948605248	-0.407
SRR	4.02718462239787	0.000104731123013394	0.000794668072208032	-0.5105
MTMR11	2.96538848086555	0.000107205009639823	0.000811752242216764	-0.6863
CTNNB1	7.27507198403743	0.000107375519259485	0.000812369448653608	-0.3983
DGAT1	4.34961475917394	0.000107425139983794	0.000812408183738256	-0.4547
PIK3CD-AS2	0.22890126431537	0.000108377569029287	0.000817578884379615	-1.7952
LINC00239	0.625878663329978	0.000109009050317611	0.00082200298331198	-1.5373
BIK	2.3555280107378	0.000109386626504342	0.000824169316328219	-0.9197
ANXA2	10.2620066806508	0.000110037669422767	0.000828732546609752	-0.3554
SGCB	1.0721100107818	0.000110284921243518	0.000830252174112023	-1.3271
NARF	4.68693508257259	0.000111038630584642	0.000835486355406373	-0.4329
C6orf99	2.63357042727149	0.000111863445853202	0.000840748895634437	-0.7411
PKP3	6.23575425843766	0.000112761094142709	0.000846450055373891	-0.4276
VNN1	-0.520960363557586	0.000112984082031355	0.000847775339730545	-2.4914
LMO4	5.73623107398446	0.00011325343575833	0.000849447297947441	-0.388
SAMD5	3.72811838062392	0.000113422321118356	0.0008503646383313	-0.5547
LOC102723989	-1.16536179677201	0.000114164262108808	0.000854173266007538	-3.9148
ABHD16B	2.16576182373023	0.000114321116382707	0.000854996436166611	-0.8789
RRBP1	7.17374825310098	0.00011491148070274	0.000859059783664713	-0.442
ETV1	2.35061696976193	0.000115174040603662	0.000860670194539684	-0.7846
RABAC1	4.75185706338312	0.000115590014781523	0.00086342524953007	-0.921
APEH	5.80934744925016	0.000116085646806133	0.000866772829485793	-0.4022
ICMT	6.41332763893322	0.000116923836910394	0.000872317763235047	-0.3944
LOC101927021	3.68111879841636	0.000117114872429276	0.000873386074783031	-0.5291
ACP5	0.679633601687184	0.000119008464153179	0.000885845795601532	-1.4425
ZNF114	3.64056314345101	0.00011902825025255	0.000885845795601532	-0.5548
SGOL1	4.76920971700003	0.000119404546297751	0.000888284187942842	-0.4371
ADCK3	3.87235066941369	0.000120852703022771	0.000897594363866441	-0.51
DGKB	-0.865004879573534	0.000122288376884978	0.000906413564113746	-2.8031
STEAP1	3.48720902716093	0.000123161165478979	0.000911772196668383	-0.5949
TEF	3.85971762640059	0.000123560915805503	0.000914360794059689	-0.5223
LOC102724112	1.05148473360423	0.000124530233082605	0.000920787337041734	-1.2426
C1orf53	1.97123501021649	0.000124731647644482	0.00092171622976873	-0.9023
ARPC1B	7.34288543912931	0.000124807324714521	0.00092171622976873	-0.3627
ARPC5	7.56675078350237	0.000125404245525796	0.000925556266841386	-0.3615
NISCH	4.89454594358466	0.000125706222652079	0.000927229414438929	-0.4851
ACO1	5.2474772618097	0.000126514726710329	0.000932816175615415	-0.4171
SEMA4C	4.76849199375336	0.000127485570400699	0.000939215727697806	-0.451
RHBDL2	4.09198173995447	0.000127603833146031	0.000939707776488077	-0.63
GNPTG	2.81935464006947	0.000128650870431889	0.000946654691900265	-0.6788
C6orf141	2.99670150779481	0.000130461264448563	0.00095881676480393	-0.6676
ERVK13-1	3.6731732733513	0.000131369039225497	0.00096471165732127	-0.56
KRT14	-0.864412980232886	0.000131583435912059	0.000965897549662466	-2.807
IQSEC1	5.03527831297954	0.000133064891978632	0.000975203800867888	-0.4379
SUN2	6.65143806848476	0.000135963031506816	0.000994846133542455	-0.3582
OCEL1	2.19355006048138	0.000136995846155765	0.00100142235662611	-0.836
CDH23	2.55814163799956	0.000137026350068582	0.00100142235662611	-0.748
MZT2B	5.77362483885851	0.000137922769124053	0.00100716722925149	-0.4293
CLTB	6.70204112895548	0.000138603374921338	0.00101173259198878	-0.3564
ESX1	-0.551480446929225	0.000139000769867823	0.0010142278396111	-2.4489
GEMIN8P4	1.62312417257277	0.00013978662055282	0.00101874033725041	-1.0363
GRN	6.27434077976996	0.000144219540982994	0.00104895296421735	-0.3559
NPHP1	3.07910101660421	0.000144980275841608	0.00105333443319955	-0.6104
SLC25A1	5.31287293634775	0.000144995038925858	0.00105333443319955	-0.447
COPG2	4.80587436630403	0.000146074713630093	0.00105961683724142	-0.424
B9D1	3.90637792172182	0.000147902400890257	0.0010710457083112	-0.5393
UGT8	2.97922196286772	0.000148077675447218	0.00107188978705964	-0.681
LAMTOR2	5.18508618879582	0.000148349075331062	0.00107342874325956	-0.4287
GIPC2	-0.491881608664081	0.000148691236121647	0.00107547829106053	-2.52
LMF2	4.58145979915363	0.000148920280303539	0.00107670837117679	-0.492
MST1P2	0.605571872114905	0.00015023916189883	0.00108539729964386	-1.5673
SMPDL3B	4.31464733600993	0.000150240960571869	0.00108539729964386	-0.5533
CSPG4	0.493457663544086	0.000150555825288208	0.00108670716433971	-1.5133
IGFLR1	1.93156572652758	0.000150885618365131	0.001087901994026	-1.1203
FOXE1	2.58569730761983	0.000152988990230257	0.00110155843342998	-0.7293
MRPS33	6.19939959061521	0.000154573789627278	0.00111142146649688	-0.3775
KCTD6	2.84373979426603	0.000154818228747321	0.00111274078110673	-0.6862
TIMM8B	5.85757817542354	0.000155179137770589	0.00111489584381734	-0.4435
SSBP3	3.81873811386782	0.000155515342458101	0.00111687179068257	-0.5075
FAM89B	4.62069919222411	0.000155746799358696	0.00111809420727186	-0.4729
TBC1D10B	5.9297258073829	0.000156422791588996	0.0011220646299602	-0.3633
LRRN1	-1.26577669988864	0.000156566946768176	0.00112265757274148	-3.7513
CMC1	5.06907334270828	0.000158305867819215	0.00113285309946374	-0.4827
SNHG19	4.61673307883257	0.000159320078849391	0.00113882042266033	-0.9791
LINC00339	2.72679220456415	0.000159996892612763	0.00114276340827019	-0.8097
NECAP2	5.20537952399076	0.000162702043231112	0.00116117611463142	-0.3933
TK2	3.91558709981829	0.000164422110001376	0.00117253517194731	-0.6171
CEBPA	2.68803260195884	0.000165404827954964	0.00117908260021313	-0.7398
CCDC71	3.16119210290793	0.000166063041868331	0.00118331260435139	-0.6775
CAV1	10.1491700623669	0.000168266752562742	0.00119808027877746	-0.3818
SLC25A42	1.63646396153215	0.000170018329387207	0.00120960819224195	-0.9913
IP6K1	4.85854443907075	0.000170898582575451	0.00121539716536713	-0.4119
CGB8	0.295160003399173	0.000171424656443144	0.00121782787145445	-1.7469
OSTF1	5.82958268002521	0.000173198424352225	0.00122935864501331	-0.3766
SUV420H2	4.06612944215676	0.00017335345226791	0.00122998081018382	-0.5782
PRR34-AS1	1.56918708955255	0.000176776961338863	0.00125086829697763	-1.0556
MFSD10	4.49194901568289	0.000177285156925022	0.00125349257351789	-0.5331
KRT8	10.9015521966125	0.000178516301533569	0.0012612204337449	-0.351
LOC100506603	0.551027946721198	0.000178978379036029	0.00126399585596973	-1.4982
ANXA2P2	5.22020471365246	0.000180221690340396	0.00127228429190034	-0.4119
ALG12	4.19235122199806	0.000180587151639081	0.00127437148833516	-0.4624
AAMDC	3.43860750463932	0.000180878222740288	0.00127543948796705	-0.578
VPS13D	5.06483929539534	0.000181629550470379	0.00127925504374507	-0.4628
TMEM8A	5.10119769630888	0.000181743095015082	0.00127956110397044	-0.4308
FDFT1	7.79079104442843	0.000182338187793083	0.00128325595850059	-0.3334
HPN	0.943466123726135	0.000183279537534734	0.00128938390644859	-1.318
TST	5.13784465367531	0.000186271703823856	0.0013079139326955	-0.5937
CCDC176	2.47353279774022	0.000186781241308642	0.0013109874438026	-0.8351
EPS8L2	6.26630742047745	0.000187025519848181	0.0013121974982123	-0.3483
ITGB7	0.0763102963974456	0.000187704828067895	0.0013154469639952	-1.8613
LOC100128770	2.21138043162314	0.000188292003981132	0.00131905557355317	-0.8134
CFAP45	2.52692193529513	0.000188614395309895	0.00132065676555589	-0.82
FAM195B	3.18196419158736	0.000189718513432592	0.0013275205754026	-0.6603
GJB5	3.60778622645506	0.000190281496926632	0.00133044006430203	-0.5494
FBXL2	2.77170752389326	0.000192764894362588	0.00134677225850877	-0.6833
CENPM	4.72652435625529	0.000195361302165781	0.00136334706893674	-0.5999
SIRPB1	2.06010921151472	0.000195532611708064	0.00136402115374185	-0.9144
NQO2	5.76373230411442	0.000197225491481113	0.00137477990549034	-0.4054
ATP5G2	6.80270030565071	0.000199168789256828	0.00138726646954317	-0.3367
SOX12	5.90509054266626	0.000199669544947275	0.00138916433405391	-0.3754
MYCBPAP	-1.54942689391566	0.000200815512680618	0.00139554168233627	-5.8295
SLFN5	3.23175654951767	0.00020424838493617	0.00141670156359982	-0.5789
HIST1H2BC	0.943150155363524	0.000204509638834967	0.00141797492083979	-1.2582
LEPROT	6.32057879682295	0.000206303440994507	0.00142878437738836	-0.3599
BRICD5	1.49671363769803	0.000207943297909652	0.001439595315373	-1.028
PPP1R16A	5.05349194485399	0.000209463952280374	0.00144902383964779	-0.4014
SERTAD1	2.63495801488065	0.000209866220125725	0.00145015810545618	-0.721
PEF1	4.8307071627362	0.000209979057341857	0.00145038882740558	-0.4088
SLC12A7	4.72523459858057	0.000211596825095811	0.00146045808655922	-0.426
SYN2	1.06444120697872	0.000213398239315191	0.00147233494215349	-1.2127
SLC13A5	-0.191654978424672	0.000214982664609393	0.00148270628073634	-1.9822
SEMA3G	0.114381262653928	0.0002183989837826	0.00150569933834409	-1.7733
TSPAN6	6.08016334327194	0.000219439161271259	0.00151229948213216	-0.3682
GALM	4.22606208491802	0.000220343256684568	0.001517384569609	-0.5082
MAN1A1	3.63680883469318	0.000220454652830117	0.00151757923908998	-0.6147
VAMP8	6.34654933190548	0.000221716520071681	0.0015251155954893	-0.3603
TNFRSF18	1.26464313668471	0.000222085829106716	0.00152708056353002	-1.2463
DENND6B	0.909400045413907	0.000223270958021565	0.00153440418111566	-1.2713
NDUFS5	8.94109145015258	0.000223319013432532	0.00153440418111566	-0.3346
SPC25	1.68855526744861	0.000224523517374289	0.00154097288295712	-2.1662
STRA6	4.10288181121085	0.000224528257486084	0.00154097288295712	-0.4842
DMC1	2.13329275206574	0.000224868321880443	0.00154256697304559	-0.8762
LRRC48	1.2147235066619	0.000224929518089798	0.00154256697304559	-1.1192
RPL37A	10.5020553368473	0.000226120306396169	0.00155015107531674	-0.4511
NEIL1	1.55389704811871	0.000226696110019942	0.00155293215179139	-1.0682
NEK8	1.97170749381737	0.000227546222622599	0.00155758674173159	-0.8979
TMEM88B	-0.0974514726101174	0.000227888218611747	0.00155934307307948	-2.1054
RBCK1	5.55196549634276	0.000228649020346674	0.00156396272590816	-0.3663
LOC102724312	0.553546028091455	0.000231815040039637	0.00158383808793549	-1.4229
TRAF7	6.50959152310266	0.000234564781718211	0.00160142657256831	-0.3369
CLUAP1	4.84744116749469	0.000235975344236891	0.00160985272211834	-0.4643
SPINT2	8.87271764191738	0.00023667910432108	0.00161344799420673	-0.4162
FNDC4	0.791517996896202	0.000238188170440408	0.00162191840341667	-1.3017
TRAIP	3.63348854871953	0.000246075398499766	0.00166692114100621	-0.5513
OXSM	3.3478377509289	0.000247430199402396	0.00167454107765573	-0.5485
MROH1	4.87976775036777	0.000248282512640575	0.00167937960384081	-0.4007
CD40	2.21010783644838	0.00024988508535801	0.00168896783350457	-0.7697
ICAM2	0.817178017913009	0.000251453763264187	0.0016989414885829	-1.3463
RNASEH2A	5.27187467942032	0.000253315939084375	0.00171025731654007	-0.3962
NTN1	4.78380748320769	0.000253462073603615	0.00171061131819135	-0.4276
TTC22	4.52339860018019	0.000253718299889425	0.0017115368802434	-0.4363
SPNS1	5.24905792291299	0.000253786718603137	0.0017115368802434	-0.423
TCN1	0.317020991501539	0.000255105499031293	0.00171916057228324	-1.567
PMEL	1.52925872841564	0.000255233864794821	0.00171939093568053	-1.0093
LINC01116	-1.21374777974366	0.000255718198412501	0.00172201823320495	-3.8504
COX6B1	7.61141743459061	0.000257538064831835	0.00173299480706597	-0.321
ACAP1	1.44908470069014	0.000260094372704117	0.00174890713373347	-1.0672
CRYZL1	3.69164450494379	0.000260368797972507	0.00174946366425693	-0.5013
ANKDD1A	2.75657881788856	0.000260868345350626	0.00175197293270068	-0.6786
THUMPD3	5.46723415618538	0.000260934180763209	0.00175197293270068	-0.3623
MOK	5.4984207180071	0.000263433776417387	0.00176745572299736	-0.3631
SNRK-AS1	-0.294344073060415	0.000266182665861678	0.00178393199264713	-2.0329
SPSB1	5.09028509041541	0.000267783635449614	0.00179268721993698	-0.4805
INF2	5.84581950754306	0.000268639421095859	0.00179709830396702	-0.356
PIR	5.02635339119088	0.000276782318994497	0.00184615930418836	-0.6203
ZNF575	1.88459126386829	0.000278077162047816	0.00185208926316852	-0.9041
TBX6	1.34132972863251	0.000278384670288995	0.00185346117461557	-1.0818
CRLS1	5.73490861731239	0.000280381590184446	0.0018657215384235	-0.3566
CPT2	4.72254435917802	0.0002804305379839	0.0018657215384235	-0.4233
BCL2L14	-0.618516355772157	0.000280764252307952	0.00186726127145136	-2.6838
CRIPT	4.75825177985576	0.000281835673229693	0.00187302222441983	-0.3931
IBA57	4.02003689978712	0.000282155351169824	0.00187413025552806	-0.472
NEK10	1.69124120437752	0.00028319760496687	0.00187933677799898	-1.0239
LOC105375205	2.94483913956486	0.000285291297986999	0.00189116845898717	-0.6062
TRPM4	3.50529163259115	0.000286255390107416	0.00189687056326714	-0.5877
YPEL2	1.5019069844169	0.000287923597693962	0.00190723265584215	-1.066
SRPX2	4.48895995307591	0.000290134331551286	0.00192048308803491	-0.4667
MEIS1	1.60795429085961	0.000293654455168019	0.00194096876667174	-1.0718
CEP85	5.28873586657559	0.000293950795298054	0.00194222429205982	-0.3776
ACOT7	5.99598431912378	0.000294424371744294	0.00194464954072498	-0.3584
TMEM254	4.42749485479379	0.000294863643253907	0.00194684653571187	-0.4419
PPAP2A	2.08972401182661	0.000296400241851203	0.00195573533822356	-0.9684
TSPAN11	0.640986248764449	0.0002964241718265	0.00195573533822356	-1.4815
NIPSNAP1	6.20265441670976	0.000296822784933427	0.00195765778964763	-0.3395
MGST2	5.0694096090843	0.000298195087180854	0.00196528863233706	-0.4274
SSPN	2.90333498439059	0.00029988601250101	0.00197500687020867	-0.6422
SEPP1	-1.11888710225462	0.000300380786673753	0.00197755198035198	-3.0362
TGM5	-1.31797677152642	0.000302581791787235	0.00199060655526766	-3.6786
LOC101927755	0.0530518135069744	0.000303037374936166	0.0019928855608194	-1.6745
NFIA	4.32356560035261	0.000303193967179034	0.00199319735859577	-0.4619
PGM1	6.8850082494838	0.000304550024826925	0.00200139137985614	-0.3259
KIAA0319	4.56442142473158	0.000304931756669466	0.00200317889519891	-0.4364
SPANXD	-0.825609275284618	0.000308118046845728	0.00202265482316275	-2.8624
FBLN2	-1.55123745143825	0.000309162710765067	0.00202878006969879	-5.808
KIAA1841	3.81969439919941	0.000309273385953754	0.00202878006969879	-0.5107
PALM3	4.47031931260646	0.000309558612341968	0.00202992170507003	-0.453
SLC9A3R1	6.04513266662309	0.000312357883479281	0.00204680743747227	-0.347
C11orf1	4.80709924705775	0.000313548937723095	0.00205387492180582	-0.4042
HSPB8	2.35878025145784	0.000314501832509103	0.00205937785304383	-0.7212
NDOR1	4.90420824182955	0.000316734312207537	0.00207325263666576	-0.3876
INA	5.83896025763127	0.000318009206003019	0.00208085163612585	-0.4126
RTP4	-1.31977746616789	0.000318307206365464	0.00208205530612967	-3.6632
TINF2	3.29195391310129	0.000324143873016906	0.00211568485727445	-0.5507
C21orf58	3.3779104390801	0.000327593246736041	0.00213581237649067	-0.5964
PYCR2	6.30387577514595	0.000328626873310611	0.00214111784409655	-0.3486
SNX5	6.91817497425546	0.000332079788597774	0.00216207154801746	-0.3227
RNF19B	4.08516353029925	0.000334094442280004	0.00217441288351649	-0.4538
DENND6A	5.45495960614174	0.000335477447132582	0.00218030483262813	-0.3689
MGME1	5.90930595378722	0.000337101650335035	0.00218852337429459	-0.3679
ITGA4	-0.215240193550718	0.000347438728556675	0.00224923454912435	-1.9541
PEX11G	1.23359922168472	0.000348479295881993	0.00225517122496337	-1.1887
DYNC2LI1	4.06009514138553	0.000352019254424067	0.00227397392871036	-0.4684
SCN9A	0.99377026796405	0.000352132137185812	0.00227397392871036	-1.3586
MGST3	5.43565290351731	0.00035376884203377	0.002280509880003	-0.4096
HEXA	5.65956369704087	0.00035472384259794	0.00228505238901482	-0.3515
MUL1	4.12957781811019	0.000355323539980192	0.00228810812905763	-0.4511
METRN	3.66388639455009	0.000357023323255681	0.00229743312983987	-0.6359
ESR1	1.13348803504743	0.000361505368385973	0.0023246361413365	-1.1043
LAMC2	8.22164284457725	0.000362015980423929	0.00232709990796452	-0.3144
EMC1	5.97689490118078	0.000362988374462914	0.00233170857290463	-0.3614
SIRPG-AS1	-0.717701100820547	0.000363920694360981	0.00233687520093355	-2.5633
H1FX-AS1	1.30276720421534	0.000369362842718944	0.00236765732327144	-1.0654
RIBC1	1.02052313239507	0.000372843728165685	0.00238829301803255	-1.1421
PHACTR4	5.74413117383458	0.000374724713100301	0.00239949995172188	-0.3798
ZCCHC17	5.17053252168314	0.000375591352815338	0.00240420607889089	-0.4306
D2HGDH	5.6602538890402	0.000377651517706275	0.00241485327749414	-0.3872
NME7	3.72720782427047	0.000386723627379033	0.00247026820903836	-0.4923
KRT80	7.25921777122299	0.000386869376302527	0.00247033484917066	-0.3261
FLYWCH2	4.3206393785343	0.000389296906513432	0.00248323002281943	-0.4706
SGSM3	5.31758564711935	0.000390542268838132	0.00248964192808322	-0.4402
TSTD1	2.98245516495238	0.000390574851119103	0.00248964192808322	-0.7227
PDZK1IP1	-0.718415273289641	0.000397973218136741	0.0025332632741647	-2.5599
LIMD1	4.63159597636846	0.000400232627360725	0.00254675735277009	-0.4438
FAM178B	-0.78945893891214	0.000400594090834618	0.00254816924121142	-2.4686
IL17RE	2.12957551738816	0.0004021275479239	0.00255614224056362	-0.7971
CALHM2	4.45463441854316	0.000403036590468167	0.0025610288881263	-0.4178
ANKRD19P	1.39996083008706	0.000404151974281268	0.00256699507110094	-1.2109
RRNAD1	3.40537424452029	0.000404256728166916	0.00256699507110094	-0.5421
OIP5-AS1	4.94354209066289	0.000406427637803013	0.0025789860812415	-0.383
GGA1	5.27202825566486	0.000406705946651681	0.0025793561711919	-0.3627
SEPW1	5.54378394921835	0.000408410178618333	0.00258886674335287	-0.6009
EPHB3	2.91008529281444	0.00040901359431094	0.00259179180067356	-0.5986
MTMR14	4.35738038840447	0.000412643578100987	0.00261388659327259	-0.4187
FAM221A	-0.0983281850195993	0.000413825224950104	0.00262046247196985	-1.7546
EPHB6	2.10763296299866	0.000414534319036843	0.00262404248555361	-0.9508
C20orf96	4.01797102254084	0.000416049081626153	0.00262998339133208	-0.5394
AKR7A2	5.01690707564425	0.000417817591601202	0.00264024851238198	-0.3812
CCDC113	4.22064692134594	0.000427842708666617	0.00269706370490945	-0.4756
CREB3L2	5.33823210373743	0.000431103025548213	0.00271386787393386	-0.3563
AKR1A1	5.59097016559339	0.000432201794162026	0.00271984693354772	-0.4807
SMARCA2	4.98459935390448	0.00043337330025294	0.00272627945190133	-0.387
PNRC1	3.77693115545735	0.000444934317440393	0.00279131302377725	-0.5177
RNASEL	3.31279945582095	0.00044669166955711	0.00280137516985043	-0.5281
C10orf90	-0.946050629943099	0.00045257565993085	0.00283535389419959	-2.6771
TMEM222	4.11969732111122	0.00045338077478817	0.00283942347325311	-0.4683
APOBR	1.35948028408627	0.000456253663066462	0.00285545658996961	-1.0788
LINC00865	0.80435678995872	0.000458749127433663	0.00286901233550844	-1.3813
KCNN4	5.55870941345775	0.000461623502345468	0.00288510738062954	-0.371
CD9	7.64390366866393	0.000468824064414754	0.00292610328887376	-0.3615
ATL3	7.29019199268401	0.000472250453312258	0.00294547464149934	-0.3138
SAMD9L	2.12449964156129	0.000472546925091864	0.0029463171668296	-0.7685
SLC25A20	2.2688075828623	0.000473851349050368	0.00295243352500461	-0.7999
CAPN15	5.30393715188811	0.000474479677850004	0.00295533981536324	-0.3672
XK	3.01178861516317	0.000476620217276058	0.00296765985217998	-0.6027
CSF1R	-1.07194127294264	0.000481542651139722	0.00299639263404116	-3.133
CYTH2	5.37566048586973	0.000483001051499997	0.00300329264175202	-0.355
RCAN3	4.20280345033674	0.000487256011897674	0.00302768745854457	-0.4436
ZNF524	2.77056349476119	0.000487830957280055	0.00302919794425329	-0.6779
KIF22	7.23073868288047	0.000493642937171609	0.00306320375968895	-0.3247
MATN2	4.26540042060644	0.000494846523913134	0.00306962899781114	-0.4647
PIK3R3	5.46386163096488	0.000495456485116415	0.00307038342337214	-0.3487
TBC1D24	4.50033641951574	0.000495472697483256	0.00307038342337214	-0.4089
TP53TG1	2.21653279075567	0.000497126324824199	0.00307635232190709	-0.7564
ATP6V0A4	2.69977053645821	0.000497193148843318	0.00307635232190709	-0.6625
WDR54	3.92341541107219	0.000497278467459894	0.00307635232190709	-0.4498
UBP1	6.63699836869034	0.000497649117604316	0.00307760240209498	-0.3173
DAPK2	2.12769868981768	0.00049803426111226	0.00307894123632422	-0.7779
HOXC13	0.00795207666468196	0.00049856353265958	0.00308116988904309	-2.0359
MRPL53	4.94559026709205	0.000509796474551874	0.00313996101194973	-0.5272
APOL2	4.1157868866535	0.000512219945863319	0.00315182523588674	-0.4864
SRI	6.71160767244579	0.000512240659228525	0.00315182523588674	-0.3137
APRT	6.07619425812157	0.000513240992649702	0.00315691629441138	-0.4036
SRGAP3	1.13691805915902	0.000514482403706918	0.00316348627890653	-1.1444
RPL28	9.9547009661981	0.000516906752150989	0.00317465398777216	-0.3296
PGAP3	2.40151378871441	0.000516994210432003	0.00317465398777216	-0.7109
ARHGAP24	0.479747056453749	0.000522295202466311	0.00320230775514246	-1.4113
SCAP	5.58806695710311	0.000522374698445128	0.00320230775514246	-0.3402
MRPL28	6.33720121071062	0.000523213169508906	0.00320637113882329	-0.3637
SLC25A38	4.22118861035078	0.000524576492260305	0.00321149176482365	-0.4406
ADCK4	3.40375511601846	0.000529879838088202	0.00323961363835841	-0.5132
RPS2	11.4583004563071	0.000531244294335362	0.00324686837542228	-0.332
CMC4	4.14314427036135	0.000531974317063797	0.00325024201215418	-0.4399
USP4	4.97853872993518	0.000532202619022858	0.00325054901735741	-0.3978
UCA1	5.35555207878417	0.00053475825486112	0.00326179308411113	-0.4688
POP5	3.96327726274597	0.0005370417892014	0.00327424470971528	-0.479
EVC2	0.187945033229093	0.000537158353724654	0.00327424470971528	-1.5967
PXMP2	4.46967573883863	0.000545289095888799	0.00331937236897163	-0.4784
CDH5	1.34016589283033	0.000548621900293874	0.00333410166836384	-0.9922
FAM76A	2.52773158060768	0.000553364464164442	0.00336068584756689	-0.6829
LINC00963	2.33049019446121	0.000555798158048691	0.00337434358940369	-0.6956
UNKL	5.73733962348607	0.000556925600952073	0.00338006441854423	-0.3564
HMGN5	3.98828401058685	0.000558858076804366	0.00338841350054484	-0.5798
MASP2	0.69222000171706	0.000559161144451193	0.00338912544923671	-1.3014
RPP14	4.54832954557677	0.000560347736858813	0.00339519027019399	-0.4353
RBM3	6.80326450069824	0.000560723680319714	0.00339634091171755	-0.3213
CLDN11	-0.29166038618269	0.000563123333498108	0.0034086139178851	-2.0476
SLC2A1	8.0685860094787	0.000565858124790032	0.00342403245812623	-0.3147
NOXO1	2.25117256705369	0.000569370097890309	0.00344414198379241	-0.7937
SURF1	3.72205436302082	0.000580739911375706	0.00350942993117341	-0.6615
TAOK2	6.4697948420142	0.000582373460326952	0.00351813695953966	-0.3393
LRCH4	4.79487050608564	0.000585503040908336	0.00353470354326144	-0.3926
STK16	4.20441674920708	0.000599767378994581	0.0036160347658273	-0.4359
ARRDC3	4.40610260247803	0.000604769359172048	0.00364498825389399	-0.4498
NDUFAB1	6.36805635621159	0.000606509574305852	0.00365388950567864	-0.4145
SORT1	5.41362605411913	0.000610807247241143	0.00367652393855401	-0.3552
AMT	1.29531272738302	0.000611548302437045	0.00367977119620656	-1.1555
Mar-10	1.97629849501308	0.000615719099689221	0.00370120773260666	-0.8715
JAG2	3.67413496936264	0.000617078449927166	0.0037081580585485	-0.4661
SKP1	8.17915820822836	0.000617554394213499	0.00370979697952012	-0.3141
RTN3	8.47451218433407	0.000623872667502733	0.00373752198135309	-0.3693
SLC26A9	-0.429608993030256	0.000624155014737996	0.00373752198135309	-2.0728
NUDT8	2.7321499038726	0.00062421694353339	0.00373752198135309	-0.6473
PPP1R37	4.70036325644645	0.000625678513485626	0.00374504489907987	-0.3866
FAM46A	1.61658540792565	0.000627998540214152	0.00375646833229016	-0.8931
ACOT8	3.60548367832349	0.000630777211211888	0.00377185351060734	-0.5708
SNN	4.08085402074858	0.000633038995309489	0.00378166227040904	-0.4366
MAP3K13	5.22695462202941	0.000640482002794995	0.00382362310105475	-0.3664
KLHL21	4.27595555199742	0.000645584317805987	0.0038528235717117	-0.6511
ELP6	4.49162442187191	0.000652293559539134	0.0038865114957397	-0.3949
TRIM4	3.38198002266585	0.000652971466153968	0.00388928126789783	-0.5363
WDR48	4.87642683762586	0.000654307395446421	0.00389596732265814	-0.3648
SPEF2	2.92654206820879	0.000655357989125785	0.00390095058672329	-0.6428
SLX4	4.22960286296803	0.000657272331669244	0.00391051866941134	-0.4762
PSAP	8.72822386775964	0.000657393831968854	0.00391051866941134	-0.308
APMAP	6.88058782863288	0.000660712303547666	0.00392483972827852	-0.3788
CLDN7	7.31103228595573	0.000660811336329949	0.00392483972827852	-0.3215
B4GALT1	6.83926456151624	0.000660876277647248	0.00392483972827852	-0.3257
RIN2	4.87377222950299	0.000662830594422126	0.00393260816762117	-0.3727
MAP1LC3B	5.35797608250677	0.000664866447619427	0.00394084476225333	-0.3648
KL	0.416216364820183	0.000666207441244177	0.00394751153760263	-1.4086
CTSF	3.78570597400469	0.000674323790382207	0.00399301171495867	-0.4619
LDOC1L	5.5632407593518	0.000678475321221397	0.00401368939216391	-0.3478
IER5	5.01212735261429	0.00067894142230568	0.00401514564483722	-0.3699
CYB561A3	5.48850014922336	0.000681450679671625	0.00402737572291524	-0.3437
PAN2	4.39285818208124	0.000684833301988687	0.00404281435189706	-0.4518
TRAF3	6.12475749371068	0.000684948772481244	0.00404281435189706	-0.3519
FBXL19-AS1	3.39974521848064	0.000686276187784749	0.00404803169117879	-0.5052
TMED4	6.30474206562235	0.000690229825521691	0.0040700373690969	-0.3362
SNX33	4.18134566656374	0.000692751774655619	0.00408095398454759	-0.4376
SFN	7.63134650137146	0.00069537313217226	0.00409243452641418	-0.4067
FHOD3	4.40954312419027	0.000698048166691616	0.00410436327722665	-0.3954
SLC44A3	3.04813667620587	0.000701051764714926	0.00411788964499218	-0.5896
SCNN1D	-0.0749301203927833	0.000704463490665835	0.00413393940392011	-1.6352
H3F3A	7.1390286970398	0.000705949351780797	0.00413999722650505	-0.3026
CYBB	0.114125568092744	0.000710341657036355	0.00416174495855446	-1.5018
KIAA1683	-1.68047908289393	0.00071394409037387	0.00418150892328052	-5.6263
CAPN7	5.22129411143826	0.000716228098556986	0.00419354078488016	-0.347
NOTCH3	6.60256980733705	0.000720921653202127	0.00421831592976219	-0.3346
BLCAP	5.92705296048587	0.000723851302538688	0.00423274483636973	-0.3425
BRPF1	3.97314591376682	0.000727074676637714	0.00424887173389824	-0.4342
RNF187	6.39991620994952	0.000727413027531991	0.00424948871379969	-0.3204
PLXNA4	0.706443705006907	0.000733397985232481	0.00428171206216955	-1.3992
MAGEF1	6.90698410087784	0.000735592410505469	0.0042931505902135	-0.3156
CAPNS1	8.2558393464525	0.000739453398416144	0.00431017281018044	-0.3828
SULT1A2	3.63748878542481	0.000745464369182202	0.00434243698908433	-0.5838
TCEANC2	4.10078519508332	0.000745794665803992	0.00434297525324328	-0.443
LINC01060	-0.217633116608607	0.000746696911080465	0.00434562663278907	-1.7532
KLHDC8B	1.75456032274176	0.000750889301921283	0.00436707075370339	-0.8489
TALDO1	7.90801192246298	0.000755761701297652	0.00439121120906745	-0.3065
BMP1	4.42026807801888	0.000761907202898701	0.00442370520000008	-0.4214
ANKS3	3.02676510607248	0.000762081116016666	0.00442370520000008	-0.571
VCX3A	-1.21551146317554	0.00076509688368571	0.00443979933520862	-2.8884
EPHX4	1.71204988767275	0.000773654404372608	0.00448375708134169	-0.8774
SLC40A1	2.25361950111719	0.000787526135448599	0.00455403139966729	-0.7127
CCDC85B	6.02432324893507	0.000791881340312212	0.00457486890782903	-0.3589
LRRC61	4.61524409289849	0.000793510050701904	0.00458137871145287	-0.3726
TXNDC17	6.57783241283417	0.000796658374193466	0.00459519598081387	-0.3178
PHKG2	4.56865503598058	0.000797328886787838	0.00459761091509753	-0.3864
HBP1	4.34582589872124	0.000798007653011705	0.00459860407181182	-0.4542
MYEF2	0.729699758545916	0.000798256808916064	0.00459860407181182	-1.2125
MIR4435-2HG	5.17345934831858	0.000798568392240097	0.00459887635844921	-0.4547
LOC100652758	1.2550074466017	0.000804021157208075	0.00462451488531526	-0.9969
GLTSCR2	6.88706943913629	0.000808237089958697	0.00464729962654676	-0.3365
S100A13	5.58151557364003	0.000810114688105234	0.00465461232439053	-0.5315
TNK2	5.38476108316306	0.00081027377119375	0.00465461232439053	-0.3422
MPI	3.30987263100613	0.000813620671531124	0.00466952813614673	-0.5566
SPRR1B	-1.68168987525532	0.000814149214359939	0.00466952813614673	-5.6145
LOC100505817	-1.68168987525532	0.000814149214359939	0.00466952813614673	-5.6145
SLC26A7	-1.68168987525532	0.000814149214359939	0.00466952813614673	-5.6145
MIDN	5.49013421944661	0.000827839031305308	0.0047384759436357	-0.3642
PQLC3	2.60476167863358	0.000828650204111177	0.00474078286626564	-0.6302
SACM1L	5.80151572716817	0.000830736615376157	0.0047512304668882	-0.3682
OLMALINC	3.4733092915817	0.000831496655603972	0.00475408798769374	-0.5107
USP20	3.72227403952951	0.0008335543459297	0.00476286952716513	-0.4532
LINC01518	-0.143224624701622	0.000836992473178019	0.00478101833239609	-1.699
C16orf91	4.27228463700015	0.000848405030898289	0.00484317768732932	-0.4358
RAP1GAP	4.01073079875157	0.000854996771142439	0.00487623275663117	-0.4402
FBXO42	4.34179772244522	0.000855993556610412	0.00488039299484062	-0.4134
DGKA	4.4440948584086	0.00086152544691996	0.0048998482242488	-0.4664
MKRN2	4.55694291030102	0.000864789389038749	0.00491183595715808	-0.3956
H2AFX	6.68661551398285	0.000865006167959203	0.00491183595715808	-0.3305
DDOST	7.35594742206853	0.00086955299130777	0.00493611921931426	-0.5451
IL1R1	3.28236411778051	0.000882374839804831	0.00500112855494474	-0.5138
NEK7	6.58932401925452	0.000884155758212482	0.00500966713902144	-0.4002
MOB3C	4.71725428621796	0.000884948044036081	0.00501260052495274	-0.4163
HIST1H3D	-1.07369740384843	0.000893432825591731	0.00505909108684945	-2.4989
PPP1R3C	0.365158200094282	0.000893887609097894	0.00506009680362517	-1.4228
C8orf82	4.86153091602576	0.000895474088102848	0.00506750618487464	-0.4371
METTL6	3.93917168133771	0.000897389327660137	0.00507677086016841	-0.4241
RNASET2	3.36072856281592	0.000897981785464508	0.00507854878421315	-0.5622
PLEKHM2	5.20663324682402	0.000899947425900182	0.00508651399604759	-0.3585
SLC26A1	1.31549228525491	0.000903478594632005	0.00510331225977781	-0.9563
UQCR10	6.4376094464267	0.000907009298808955	0.00511692266967128	-0.3102
DICER1-AS1	-0.125919561086745	0.000908184276359299	0.00512196853543879	-2.0374
BOLA2	4.90337312977827	0.000909099603769675	0.00512554736455194	-0.3736
C2orf81	1.16195292975868	0.000910752117550906	0.00513327899290192	-1.0414
KRT78	0.838182225440321	0.000915384636558328	0.00515779689043482	-1.2275
LOC102724877	-1.42881645387478	0.000918546410713434	0.00517241927019878	-3.5107
LRRC42	5.66309081968305	0.000919377487227595	0.00517434884690175	-0.3695
C5orf46	-0.269844594443132	0.000919455941024829	0.00517434884690175	-1.8543
NT5DC4	0.52032566750272	0.000921936591721326	0.00518671014436503	-1.3623
PPM1M	2.25791127200225	0.000923379804379885	0.00519162972243892	-0.7028
RALGDS	3.86996617196425	0.000926486626916598	0.00520749379956571	-0.4289
UNC93B1	5.63282435332717	0.000940497493817498	0.00527487626640007	-0.3938
CLDN4	7.76484622101773	0.000953084395232717	0.00533727261330322	-0.3943
GTF2H5	5.95104299131255	0.000954334299070384	0.005342633230245	-0.4597
CCNF	6.1311615491019	0.000955578041129159	0.00534795607567564	-0.3669
DYX1C1	0.352091854159027	0.000963880906691345	0.00538946702375412	-1.4102
ZDHHC18	5.23242269841773	0.000973591328168906	0.00543211591902553	-0.3365
PPCDC	3.21507099855579	0.000980608568465076	0.00546792609221088	-0.525
TAZ	4.61975595061406	0.000983930710691678	0.00548477528378237	-0.3817
TARID	0.750026576576678	0.00098692875622651	0.00549980811162123	-1.3622
MCM5	6.53642838911778	0.000990932837559564	0.00552043633887318	-0.3095
AKR1B15	-0.349218164929177	0.00099881615298539	0.00555587680953726	-1.9419
RPS19	9.60942301715451	0.00100345577372713	0.00557828520254645	-0.4504
CLEC2D	3.7537859750828	0.00100623599568504	0.00558712286134171	-0.5376
SLC9A2	4.60570286423028	0.00100626971779643	0.00558712286134171	-0.3715
SCARA3	4.85366418509588	0.00100769194994408	0.00559140932431169	-0.3579
NME6	3.95760235331516	0.00100796056563923	0.00559140932431169	-0.4739
YLPM1	7.78369420409899	0.00101367504263081	0.00562140084394532	-0.3278
MUC5B	-0.947363046473231	0.00101497476532235	0.00562689927595654	-2.6575
TBC1D2	4.96397263045983	0.00101645455438436	0.00563339233298144	-0.35
RPH3AL	0.938355796838202	0.00102564404395512	0.00567915003531839	-1.2996
TMEM205	5.1874065215164	0.00102794761731807	0.00568989538560998	-0.3635
PPAPDC1B	3.66225909963845	0.00102820797968489	0.00568989538560998	-0.467
SCRN2	3.17854864002251	0.00103050549180652	0.00569742830357959	-0.5411
SUSD6	3.89047725009809	0.00103138091007495	0.00570054189958472	-0.485
MID1	6.35434891329967	0.00103600046198029	0.00572260951101727	-0.3045
TMED3	5.40243158611984	0.00104316699034872	0.0057604526847569	-0.3314
FAM127A	5.26669345575374	0.00104780611938565	0.0057773347229665	-0.4188
TRPT1	3.48729440237153	0.001047863072236	0.0057773347229665	-0.479
FAM120AOS	4.83808287335759	0.00104816461995402	0.0057773347229665	-0.3546
CRACR2B	1.9395360831036	0.00104845106509683	0.0057773347229665	-0.771
COQ4	5.117887794368	0.00105301015465039	0.00579900233795561	-0.3436
CYB5D2	4.19587838002737	0.00105841756687909	0.00582389359699192	-0.3998
RASSF4	1.75443681164406	0.0010723776141365	0.0058950092513327	-0.8157
GATA2-AS1	3.3606896662964	0.00107278205704644	0.00589545732493675	-0.4929
CNOT10	5.06744852178493	0.00107643923891228	0.00591021796859628	-0.3546
PEX14	4.29960797619657	0.00107804789045636	0.00591549212148223	-0.3902
GALNT6	5.5324731816883	0.00108542908147121	0.00594652012001622	-0.325
TMEM184B	7.21840513339401	0.00109042081713929	0.00597082256679512	-0.2878
Mar-02_2	2.42693645073707	0.00109164405473897	0.00597572829484698	-0.6929
FLYWCH1	4.8513380145218	0.00109464877117571	0.00598679088273931	-0.3738
MYL12A	8.10857092201741	0.00109891998147711	0.00600649903908205	-0.2957
SPATS2L	7.59128516461343	0.00110473745991439	0.00603293062165635	-0.2942
CAPZB	7.09868487644017	0.00112066684376857	0.0061126064833699	-0.3453
ACOX2	1.40505526418386	0.00112169381092418	0.00611638058907763	-0.9321
NINL	4.07563077431714	0.00112252605740187	0.00611909098355587	-0.4405
RAB25	5.32578464757076	0.00113716916832685	0.00619196302920406	-0.3705
KMT2E-AS1	2.50020529666938	0.00113754005765493	0.00619196302920406	-0.6384
RBSN	5.05984997780925	0.00113759005258274	0.00619196302920406	-0.335
ZNF185	5.93382537643176	0.00114276893475116	0.00621829796507217	-0.3166
S100A11	8.62886017825349	0.00114418436572242	0.00622414474988929	-0.3907
KCNH2	-0.319704054463494	0.00115049236055133	0.00625121285249564	-1.7933
KAZALD1	2.79229914315986	0.00115332284110024	0.00626452299527699	-0.5769
CROCCP2	3.4220366367827	0.00115938040812971	0.00629180996754339	-0.5225
LOC101927257	-1.26587118624483	0.0011633617453159	0.00631111949585256	-2.8144
LOC374443	3.83504095986291	0.00116608844327812	0.00631882179296094	-0.5243
DNASE1L1	2.67534680777324	0.00117149576687649	0.00633958670413435	-0.6371
ITPKC	3.21640474922395	0.00117165674516593	0.00633958670413435	-0.5133
POU2F3	-0.826884905721149	0.00117411891029851	0.0063510266152325	-2.41
CD247	-1.26647068079873	0.00117614079044179	0.00635819551978244	-2.8106
HES2	0.509277837422772	0.00117829004679895	0.00636604412381227	-1.2695
SLC25A10	6.04628703213641	0.00118041359059094	0.00637563032835152	-0.3351
PEX6	3.79869019612073	0.00118525460097143	0.00639988405659109	-0.5569
SSBP2	1.37381480011773	0.00118708576448565	0.00640598218044634	-0.9258
TBC1D17	4.27971929369211	0.00118782471509689	0.00640807564976622	-0.4033
MAPRE2	4.47962887470432	0.00119198062158664	0.00642676403547209	-0.3726
BSPRY	4.57552117980738	0.00119225808881297	0.00642676403547209	-0.4018
PRICKLE4	1.41101271474657	0.00119234497086678	0.00642676403547209	-1.0216
FAM201A	-0.398422157435039	0.00120274365011411	0.0064770761287561	-2.4089
TMEM133	1.83806175743993	0.00120341426772494	0.00647748985878992	-0.8008
C4orf48	3.55972556604253	0.00120353010522652	0.00647748985878992	-0.7546
NSUN5P1	3.72430966580268	0.00121609823989079	0.00653357547599946	-0.4423
RPS27	9.91909446377626	0.0012191237373962	0.00654790319208739	-0.3916
RNF185	4.39999971025676	0.00122212485531591	0.00656209157607273	-0.4677
KRT15	3.73442913560545	0.00126056988055738	0.00674669121649239	-0.4844
BID	5.67582914298546	0.00126170521044454	0.00675078848824021	-0.3139
RECQL5	3.80693266687042	0.00127329997294451	0.00680684167088579	-0.4372
HIST1H2AG	0.433740790003456	0.00127386477953862	0.00680786751032117	-1.4308
PTPRA	5.94374250335467	0.00127940751446638	0.00683548831843673	-0.3227
FOXP1	3.21110684346076	0.00128239021403839	0.00684941946971471	-0.5069
FRY	0.492105408303689	0.00128668728341744	0.00687036064523803	-1.4252
SLC39A11	5.69097184840296	0.0012959243672196	0.00691563731305494	-0.4007
IQCG	4.03534983368642	0.00129910842474016	0.00692831663332103	-0.4068
PLEKHN1	2.19503720140945	0.00129943887776573	0.00692831663332103	-0.7084
C2orf68	5.05007915025562	0.00130001909500972	0.00692938645211604	-0.3359
SLC2A10	4.34132526200677	0.00131065275375257	0.00697384921961727	-0.3998
EYA3	4.42592043560319	0.00131323927297933	0.00698354097509777	-0.3897
SPEF1	0.414833723601226	0.00131475992137574	0.0069895914748502	-1.3042
PPOX	2.05182582635825	0.00131823326957687	0.00700601646852849	-0.7247
EFCC1	-0.519143527278892	0.00132101028205099	0.00701669005211604	-1.9428
MON1A	2.91356217655661	0.00133412863950509	0.00707813206707494	-0.5427
PIGP	3.09072541382959	0.00133603368016804	0.00708412165702808	-0.6538
BCL7C	5.02386019745517	0.00133896332294265	0.00709553394009901	-0.5736
ZNF703	2.65347516974	0.00133996685188484	0.00709879130818619	-0.6019
ATXN7	4.78767892486804	0.00134556987686192	0.0071243398120624	-0.3453
PSMG3-AS1	2.24266641033855	0.00134760166057638	0.00712979347146638	-0.7381
C12orf57	5.539397251362	0.00134777154196048	0.00712979347146638	-0.5076
TUBA1A	3.02148995387439	0.0013512363998666	0.00714191422002448	-0.6707
TMSB4X	10.0963904830639	0.0013554521258713	0.00716191993470686	-0.4404
CC2D2A	2.0297280091542	0.0013558060524949	0.00716191993470686	-0.8101
PIAS3	4.64248875449797	0.00136500708948773	0.00720635321737652	-0.3558
SPINT1	6.3382191008606	0.00137639506384938	0.00726227407099255	-0.3245
B3GNT3	5.69979587762407	0.00138316079487048	0.00729164986172553	-0.3204
TOMM7	8.31501852825097	0.00138877017703231	0.00731699519535405	-0.378
STOML1	1.63100715094477	0.00139147416285386	0.00732912646193308	-0.8512
C16orf58	5.28485079291907	0.00139625646614291	0.00735007440770038	-0.3315
DANCR	5.54551312107999	0.001400145083703	0.00736841990431879	-0.3536
MSMO1	6.89109541344163	0.00140258813835814	0.00737702363983471	-0.3002
PAQR7	4.83303117912139	0.00140681308167564	0.00739707483546288	-0.3591
LINC01279	1.7903599033452	0.00140884793284433	0.00740354860737076	-0.8149
CROCCP3	2.28364165848035	0.00141317539527985	0.00742201669051463	-0.6594
S100A16	7.58785507277114	0.00141360567739588	0.00742214128459569	-0.3053
ST3GAL4-AS1	3.30034184410045	0.00143812351377563	0.00753570116747644	-0.6334
ENO1	10.332656018115	0.0014472708310264	0.00757276477249012	-0.3021
ATP5G1	5.61426308686977	0.00145417736208237	0.00759801428797244	-0.3572
RBKS	1.85020622216733	0.00145772654434557	0.00761002453347805	-0.7997
PSMD6	6.74553193462628	0.00146004032674865	0.00761372080747883	-0.3165
ERBB3	6.16325726830496	0.00146834978881062	0.00764707751700904	-0.3029
KLHL22	3.02513625628968	0.00146888734826627	0.00764707751700904	-0.5208
CST2	-1.48839005351737	0.00147092596798869	0.00765267155075562	-3.4099
RNF223	0.71650505878305	0.00147398697556342	0.0076664120301669	-1.1869
SPATA17	1.83395020211037	0.00147464031065631	0.00766762560847096	-0.8597
DFNB59	2.55683028754682	0.00148743791309236	0.00772756589112527	-0.5968
MED29	4.91631187937382	0.00149365703799375	0.00775766796176782	-0.3515
TP53I13	3.8524152155816	0.00150079719712868	0.00779031948557893	-0.546
TCF4	-1.11898129654934	0.00150257766801051	0.00779512870338159	-2.43
FAM84A	0.63979001770575	0.00150974684536572	0.00782787231155823	-1.1561
C21orf2	3.22925216709627	0.00151517619869624	0.00785379235758049	-0.5815
DUSP18	2.39316849285587	0.00153396024419651	0.00793313830539702	-0.6694
MYL5	1.73931886122822	0.00153666508479909	0.00794487617901221	-0.8237
MAMDC4	2.49607697653758	0.00153980952571331	0.00795662686142716	-0.6168
TBC1D3L	0.476416751888465	0.00154209031943663	0.00796615757544854	-1.2969
ZNF846	1.6453744843154	0.00154540860233268	0.00797878377946422	-0.8885
NDUFA2	6.08614780405051	0.00154876094012379	0.00798800871817942	-0.359
EPHA1	4.52107568216622	0.00155028656144646	0.00799266632752513	-0.3681
CPEB2	3.2389168544308	0.00156010245090818	0.00803646454395589	-0.5149
LAMTOR1	6.07067462977953	0.00156144809496109	0.00804112734036943	-0.3712
FCGRT	-0.193436974256416	0.00157401147014035	0.00810354015760919	-1.6158
CDC25C	4.94239227869592	0.00158925646630576	0.00817068122917798	-0.3903
ZNF497	1.29601808175165	0.00158979994869172	0.00817068122917798	-0.9251
MAVS	6.95547023181972	0.0015901857146839	0.00817068122917798	-0.3054
CROCC	3.03742316993436	0.00163283444371109	0.00835688971247259	-0.5461
FIS1	6.27682009079464	0.00163412347831812	0.00836114299892813	-0.341
ENO3	2.85476041350296	0.00163766155063646	0.00837455161580371	-0.5582
IL11	2.71233948339485	0.00164576751725666	0.00841364654019532	-0.6035
LINC01504	0.967763134369799	0.00164644068464041	0.00841473156181279	-1.0613
STYXL1	4.99841045078391	0.00165386428473061	0.00844794246839454	-0.3728
LINC01139	0.153664754212386	0.00165791381947851	0.00846625865409782	-1.4388
CCDC101	4.09014323697149	0.0016709483315248	0.00852804941020878	-0.4333
CEP104	5.00399154457042	0.0016803095799435	0.00857342976284198	-0.3363
LOC101929185	-0.522802194647103	0.00168537105150847	0.00859685216997445	-2.1764
FRMD4B	2.25803453946059	0.0016880364069837	0.00860804263851798	-0.6759
C2orf91	-1.07178052059491	0.00169028666129245	0.00861470499401312	-2.5186
KIAA1143	5.54872598271302	0.00169491616914876	0.00863347923660149	-0.3496
SRP14-AS1	0.912448020053634	0.00169933027678006	0.00865354910262115	-1.0378
TRAPPC5	5.26117762884412	0.00170064947985817	0.00865785189745977	-0.4389
GPRC5C	2.28090153009302	0.00170284535012509	0.0086666140819302	-0.7271
LOC101928741	-0.40408530439006	0.00171107808845253	0.00870366162797142	-1.8682
SLC9A1	4.39134676679944	0.00171885039161401	0.00873589441795808	-0.3714
UVSSA	3.76253294002628	0.00172373733580733	0.00875769239979807	-0.4179
ABCD1	4.91603768772972	0.00172409873383404	0.00875769239979807	-0.3839
LOC100506985	2.11580762006367	0.00174313114636248	0.00883743810373913	-0.7302
SYNE4	3.91571751176194	0.00174318660229867	0.00883743810373913	-0.4074
HSF4	2.71475874642522	0.00174751567045046	0.00885601628097361	-0.5638
PRRT3-AS1	0.729332423027717	0.00174782135518996	0.00885601628097361	-1.202
TELO2	4.83181795495309	0.00175165303697253	0.00887050702995022	-0.3726
ETV6	5.30751781998536	0.00175447490659281	0.00887987077758756	-0.3803
FBXW9	3.07804362287835	0.00175959261564832	0.00890083757031748	-0.5075
HSBP1L1	3.92151728607812	0.00176939065940373	0.0089404915245155	-0.4451
MPC1	3.62972327188995	0.00177554293426472	0.00896909568564935	-0.4706
FAM86HP	2.33001613673536	0.00178355435587092	0.00900591738905547	-0.6731
NXNL2	1.17370512301145	0.0017885882497157	0.00902251093860453	-0.9711
GBA	0.792548756982243	0.00179298186957048	0.00904102410553292	-2.9397
HDHD3	4.31255672915768	0.00179324870103718	0.00904102410553292	-0.4791
LINC00518	-0.985920680253516	0.00179548893680385	0.00904732156508171	-2.1792
RNF144A	-0.371227650702014	0.00179797327620512	0.0090573399918324	-1.9571
RNF7	5.87744295192887	0.00180397836232914	0.00907256996768066	-0.3911
SLC16A12	-0.347120139495661	0.00180531109633278	0.00907677206682764	-1.7542
SCN5A	1.28907851795476	0.00182181544682729	0.00914967339677552	-0.9136
ABCC3	6.12445679803069	0.0018264086871235	0.00916769782571531	-0.3182
ADGRF3	1.03681967903127	0.00182888056341995	0.00917506006204851	-1.0994
CCDC57	5.29145468802574	0.00183301514739697	0.00919327597002174	-0.3242
GMPPB	2.79465557957151	0.00183550094042107	0.00920321482239139	-0.5549
IER5L	5.07105846739867	0.0018362191987896	0.00920428821886408	-0.3397
ZNHIT1	6.1629317464571	0.00184654880363334	0.00924337673680566	-0.4481
CROT	3.61165172544309	0.0018576732768198	0.0092939663857556	-0.481
LAGE3	4.77498694698381	0.0018741234647816	0.00936343677423451	-0.4407
BAIAP2L2	1.96300740623357	0.00187613673023209	0.00937093082000467	-0.7511
TLCD1	2.54007342750063	0.00187987877545835	0.00938705331640254	-0.6035
GOLGA2P5	2.6361312629016	0.00188120961564159	0.00939113009110004	-0.666
TSR3	5.27511009464683	0.00188647007113617	0.0094148161888086	-0.3958
SLC4A2	7.06402826137189	0.00188764865554548	0.00941555023378094	-0.2776
FHAD1	1.94399089342338	0.00189034658488512	0.0094248442343093	-0.7266
WDR24	3.87590815721531	0.00189516852793626	0.00944531712967632	-0.4152
TGFB1I1	1.92830693619894	0.00189625935334008	0.00944817433258094	-0.7276
TMEM63C	-1.68289971169266	0.00190357487074896	0.00948203624567341	-5.574
PRKCZ	3.48214753078054	0.00190831124549139	0.00949382637453091	-0.4562
SS18L2	4.69585708049745	0.00191319003666728	0.00950686074859041	-0.4534
LINC00886	2.91356708317847	0.00191825741916975	0.00952917209370421	-0.5788
UBALD1	4.34144234905326	0.00191973438507915	0.00953391483514824	-0.3788
STUB1	5.06594614367657	0.00192064531411941	0.00953584467080879	-0.3518
SLC4A4	-0.98497773322154	0.00192382065601988	0.00954901302237601	-2.639
RAB24	2.86159835597618	0.00193208315191353	0.00958226216065235	-0.5334
TP73	2.51993200919228	0.00194413929197085	0.0096307020285481	-0.6066
TES	7.43325819637748	0.00194502103321593	0.0096307020285481	-0.2833
SPOCD1	1.44906165577528	0.00195374741422078	0.00966863995500531	-0.9455
AGA	3.50406134842311	0.00195500642332114	0.0096696280856545	-0.4966
LINC01106	2.13467462342781	0.00195745281341344	0.00967910578593601	-0.7618
STX19	2.49724041625308	0.00196030337688042	0.00968795301795587	-0.6959
LINC00504	-0.906260909682608	0.00197964121013243	0.00977558288671293	-2.7147
SMN2	-1.82346020889688	0.00198415526858992	0.00978961660704345	-5.4124
SLITRK6	1.98553416795478	0.0019846281256939	0.00978961660704345	-0.7667
C5AR1	-0.21657438874611	0.0019883714561154	0.0098027840407353	-1.587
MST1	0.789865730805499	0.00199299021676603	0.00982290210509739	-1.155
EMC3-AS1	3.71671949548556	0.00199475539490227	0.00982894858011761	-0.4245
HSD17B11	4.43339160821473	0.00199871550328662	0.00984524107135269	-0.3695
CHST6	2.44131371474843	0.00200090832148471	0.00985128972951047	-0.6851
ZNF646	4.43264890173424	0.00202581058486695	0.00996314602298788	-0.3624
DHRS4L2	2.91815030602374	0.00203054902022931	0.00998376054761816	-0.5525
PRSS16	4.18392349851026	0.00203827534213712	0.0100190507932298	-0.3907
C11orf70	-0.827939819842498	0.0020423216053117	0.0100308375643181	-2.3942
KRT9	-1.21324282037265	0.00204784537109635	0.0100525585089365	-2.9286
BROX	6.62411221044077	0.00204899104458589	0.0100554786317097	-0.2985
TRAF4	5.27515232585861	0.00205044352153547	0.010059902426539	-0.3459
CRAMP1L	4.73873021690536	0.00205760984855427	0.0100923496494376	-0.3495
PCP2	-0.826513873612072	0.00206067842985626	0.0101019724531299	-2.0509
EFCAB12	-0.826513873612072	0.00206067842985626	0.0101019724531299	-2.0509
ITGA9-AS1	0.474194451747191	0.00207691728725171	0.0101679275934747	-1.3704
FCGR1A	-0.788962143563932	0.00207961784883529	0.0101756910877344	-2.1124
PIDD1	2.87405931047954	0.00208269417038567	0.0101854874066331	-0.5732
C11orf71	1.9098827985325	0.00208273578489052	0.0101854874066331	-0.7265
ANXA10	0.758467070446617	0.00209102068503011	0.0102205284138982	-1.1238
SYF2	5.65537584954021	0.00210912267895244	0.010297979039036	-0.3593
MITF	4.1264281189465	0.00211552849448631	0.0103213572670315	-0.3995
BCKDK	4.55203279884813	0.00212292776142805	0.0103515409221769	-0.3521
SAMM50	6.13586234587334	0.00212402099486386	0.0103541060833737	-0.2935
FLVCR2	1.54579285384378	0.00213253645859582	0.0103887037007214	-0.8143
FAM86B1	-0.00717157245725691	0.00213282545301839	0.0103887037007214	-1.4576
TXLNA	6.21463565932588	0.00213826466394989	0.0104068674233722	-0.2909
LMF1	2.19973275353941	0.00216450342044779	0.0105205469764896	-0.6681
AQP2	-1.48959536903158	0.00216812709050552	0.0105353548480886	-3.3922
THAP10	3.21724497595686	0.00217801653690146	0.0105778408964467	-0.4959
CCDC146	1.35648896618809	0.00217802935636193	0.0105778408964467	-0.9871
TSEN2	4.45467154038131	0.00218710583497791	0.0106106309123988	-0.3597
C6orf226	0.839526179653029	0.00219468510013798	0.0106423902896219	-1.2195
CHMP1B	6.36349153820487	0.00219540106434685	0.0106423902896219	-0.2923
LOC100131564	1.71018302887314	0.00220950179372241	0.0107022193542575	-0.7801
RGS7	3.14528863437529	0.00221652223646805	0.0107305303497642	-0.5027
SPTSSB	-0.458464796461724	0.00224826073234605	0.0108697690491815	-1.8012
FGF12	3.439780510873	0.00225696810773838	0.0109020197095027	-0.4419
SLC1A1	1.78614587958655	0.00225737347305146	0.0109020197095027	-0.7495
ASF1B	6.2426182391752	0.00227198438659283	0.0109627683016673	-0.3738
SWI5	5.09227768728541	0.00227230035350071	0.0109627683016673	-0.377
PTAFR	3.00849175913155	0.00227351966005786	0.0109628565541512	-0.5937
WASH7P	2.20083169780918	0.00227603599462792	0.0109720921885206	-0.7096
IRF7	-1.31781530248093	0.00229281288710211	0.0110471343539024	-2.7343
SSH3	5.46287535919923	0.00231943667671655	0.0111636266728545	-0.3643
UBE2I	7.97958102446462	0.00232135784355731	0.0111687229715789	-0.2872
ADAMTS12	7.36505556814912	0.00232171908836229	0.0111687229715789	-0.2831
COPS6	7.0702529079418	0.00232928918606173	0.0111992371295083	-0.2702
FLJ42627	3.86105469338883	0.00233995519774642	0.0112445964964619	-0.4387
LAMA4	6.10735624969447	0.00235117945287107	0.0112921465337962	-0.3056
NRK	-0.240587624480849	0.0023588901101486	0.011317712970006	-1.5539
CUTA	1.2325415056305	0.00236997105911042	0.0113649394551521	-2.2871
APBB3	2.12032481196216	0.00237361166428101	0.0113763860706522	-0.6703
FSCN2	1.91116752553727	0.00238979143986533	0.0114359194039794	-0.7247
TMEM80	3.35684752768392	0.0023959567356189	0.0114624177582439	-0.4898
RPS26	9.44443582275328	0.00240028541800465	0.0114801180484917	-0.2991
NADK2	5.90626572653787	0.00240123829679414	0.0114806575421763	-0.3072
CPPED1	6.41321941797776	0.00240886674340606	0.011512112897283	-0.2831
LOC101927934	-0.347904247554146	0.00241585386814059	0.0115394631650378	-1.7421
CRBN	4.69959366469841	0.00242614058492039	0.0115792733690916	-0.3344
CPA4	3.80337007474973	0.00242672545520072	0.0115792733690916	-0.422
GABRP	-1.48658031623448	0.00243442903857124	0.0116129962184888	-3.4345
MTFR1L	3.82264987732873	0.00243979518387513	0.0116325152459714	-0.3992
WASF2	7.04130010090883	0.00244060056959337	0.0116333169708868	-0.2727
CSRNP1	3.1109372893011	0.00244306172634044	0.0116420085815899	-0.5356
SLC22A20	1.33367246921289	0.00244549626257024	0.0116505688333722	-0.8609
MMP24	-0.0291847136434813	0.00245077218418572	0.0116726577079297	-1.4237
CCDC53	3.98270587804263	0.00246170682706795	0.011718623164264	-0.3986
SRMS	0.300968672443088	0.00246962936414553	0.0117502094531772	-1.3327
KLHL35	2.09368139038744	0.00249810778606705	0.0118733287535642	-0.6959
MVD	6.13390276986646	0.00250340013026908	0.0118953859391443	-0.3147
C7orf73	7.02799727873281	0.00252539816365494	0.0119788263106165	-0.2745
NAPA	5.27135751337248	0.0025320866879407	0.0120035768826397	-0.32
SNRPD2	8.43521248600381	0.00253346529336664	0.0120069943914074	-0.405
AK1	4.97926704910938	0.00253577253059164	0.0120148101008256	-0.3292
BLOC1S1	3.27844053105719	0.00253798916768453	0.0120221925908793	-0.6866
TPD52L1	6.7107982776205	0.00254223841171913	0.0120374559645606	-0.3009
ORMDL2	3.48137974982385	0.00254253013800097	0.0120374559645606	-0.4755
RFX5	5.6467882383338	0.00254982932115135	0.0120688836108217	-0.2947
NR2F6	6.05250176175537	0.00255110401445907	0.0120717871663983	-0.2968
NEU2	-1.82467550986594	0.002573982873432	0.0121674343183259	-5.39
RALGAPA2	4.73341927554195	0.00257749576826961	0.0121781433570154	-0.3421
HEXDC	2.71800572519469	0.00260400274895661	0.012293424924994	-0.5546
GCNT3	-1.54952188476467	0.00260577420770189	0.0122964225984093	-3.3153
EXOC3L4	-1.82528279707309	0.00261147081688571	0.0123139532805217	-5.3847
ELN	-1.82528279707309	0.00261147081688571	0.0123139532805217	-5.3847
DGUOK-AS1	0.462900297714642	0.0026123954127361	0.0123139532805217	-1.1974
LOC100287896	3.13291397599954	0.00261820282600759	0.0123317623301328	-0.5035
LGALS9C	-0.906481016824536	0.00262663600045357	0.0123682916750788	-2.2681
SSNA1	5.87120258685133	0.0026388667342508	0.01240668326049	-0.3867
MRPS25	5.34847594657976	0.00264581406054707	0.0124361435348474	-0.312
IQCA1	3.46617873496482	0.00265981745789243	0.012495529467649	-0.4434
RHOD	6.009379035067	0.0026609274767573	0.0124975281748601	-0.3088
LINC00643	-0.681742564697767	0.00266198807826748	0.0124992938160625	-1.9614
MLYCD	2.23355436408407	0.00268937527681388	0.0126149113703788	-0.6379
CACNA1I	1.69555724064809	0.00269884296394147	0.0126504753129825	-0.7813
SLC8B1	3.66252129107732	0.00269906364594563	0.0126504753129825	-0.4248
TGFBI	8.623646751774	0.00270051927023965	0.0126509314337939	-0.2717
MR1	3.28482056438925	0.00270171081361157	0.0126532664477406	-0.4685
SLCO4C1	1.17974127120179	0.002707905297571	0.0126790251634922	-0.9302
EREG	-0.117524578799628	0.00271927350572982	0.0127257259986167	-1.7716
LOC730102	4.25885044713754	0.00272283620066148	0.0127391331827975	-0.3972
FPGS	6.04943265630158	0.00273230236648696	0.0127768729514821	-0.2918
LSMEM2	-1.55012560277839	0.00274386937878864	0.0128276771777632	-3.3104
LOC80078	-1.03207332165315	0.00275245090805598	0.0128645017351434	-2.5277
PCYOX1L	2.94724681277081	0.00277269784196748	0.0129491869539417	-0.5313
MESP2	-0.168260092281182	0.00277823748749423	0.0129651082749731	-1.4945
CBWD1	3.9350377436462	0.00279546969933178	0.0130321999057715	-0.3871
GPX7	-1.54878933398099	0.00281582298075442	0.0131103454059303	-3.3194
RHOB	5.52256690551583	0.00282628974507896	0.0131490177334764	-0.3006
TEX36	0.0966411978428962	0.00282936175207769	0.01315855720463	-1.3667
LOC100507291	2.17263572646074	0.00285790346480968	0.0132791768016201	-0.7054
KIAA0513	2.28320605244966	0.00286155026132559	0.0132927383131705	-0.6203
TMEM99	4.16732062431008	0.00288776789865798	0.0133859497009048	-0.4543
ATP6V1B1	-1.16674653096626	0.00288872641788337	0.0133859497009048	-2.3576
GRID2IP	-0.0519767909165212	0.00288894839075181	0.0133859497009048	-1.3857
CD200	0.185585839110105	0.00289524803858939	0.0134083328748067	-1.5718
RPL39L	5.9049941537234	0.00290317234092569	0.0134416216728226	-0.3287
NR1H2	5.76226611853572	0.00291257924334079	0.0134734407336026	-0.3422
COG7	4.11821025234258	0.00295091601309294	0.0136440190958956	-0.4061
CALML3-AS1	-0.461044048599035	0.00295255320089462	0.0136440190958956	-1.788
B3GAT1	-1.82588984233777	0.00295313836778248	0.0136440190958956	-5.3759
LOC105373057	-1.82588984233777	0.00295313836778248	0.0136440190958956	-5.3759
ZNF771	2.7508279766693	0.00296728740443152	0.0136933263031602	-0.6157
COPZ2	-1.16636375229616	0.00297598413218987	0.0137256270145167	-2.353
COG4	5.53129904971263	0.00297722809928382	0.0137256270145167	-0.3149
KCTD13	3.51648694258604	0.00299354782310854	0.01379011078947	-0.5133
RABL2A	1.6774188521999	0.00299562671959979	0.0137962062040903	-0.8403
HIST1H2BJ	1.42158087011344	0.00300061803312895	0.013812224612406	-0.8352
CDS2	5.42961907025714	0.00301092325325308	0.0138526751288781	-0.3935
HN1	7.67105627159279	0.00302331021047618	0.0138991566865911	-0.3019
PSME1	6.34248147027044	0.0030248539330452	0.0139027526187496	-0.2771
FAM134B	2.25867628643957	0.00303294749978224	0.0139329364761008	-0.6395
HACD4	3.16908792005725	0.00304521239445042	0.0139787270488023	-0.4882
CCDC115	3.92470256900253	0.00304607987849936	0.0139791941332037	-0.3846
CEMIP	1.79858189762266	0.00305549643903477	0.0140153625605575	-0.8217
CAPN12	3.1885089634822	0.00306532773053374	0.0140533960443556	-0.475
STAG3	1.88444431830094	0.00308130875810204	0.0141124868760439	-0.7369
SHKBP1	5.06956899246377	0.00308571785810036	0.0141291359963582	-0.3193
LOC105378948	0.332162213582145	0.00309491228426481	0.0141641310257053	-1.2708
LRRC45	5.21391829231274	0.00310694774111342	0.014212086685484	-0.3919
CCDC114	1.18929170113063	0.00311470416559397	0.0142399867898146	-0.8944
ARL10	-0.864600100766114	0.00311538711867438	0.0142399867898146	-1.9944
ATL1	1.44453525190329	0.00312695279535142	0.0142856982562401	-0.8341
LAMTOR4	5.02194127677188	0.00314411651023154	0.0143472694848823	-0.328
RMI2	4.16297589164845	0.00314514904867743	0.0143472866148564	-0.3926
SOX6	-0.400900290518024	0.00315056334805024	0.014368394824383	-1.6762
LOC100506730	1.92376106559024	0.00316837992860791	0.0144406417276131	-0.8426
RPL13A	9.88915622311845	0.00316877797769599	0.0144406417276131	-0.2885
THAP3	2.22742694105339	0.00317154591671139	0.0144447783604087	-0.6844
WASIR2	-0.942114676848399	0.00317722822000706	0.0144595919842372	-2.2777
CPT1A	5.29144538831051	0.00317809339991885	0.0144595919842372	-0.2976
SIDT1	-1.16576569143444	0.00317903013847422	0.0144595919842372	-2.3584
DNASE1L2	0.809134828530847	0.00318313957067583	0.014466366941065	-1.0705
PPARA	4.87352120781916	0.00319515753303206	0.0145137586272787	-0.3396
ARMC5	4.15598049798781	0.00320677707171551	0.0145629159754324	-0.3602
HMGN1	8.58582839421187	0.00321136282463806	0.0145801143314082	-0.2615
MAP2	5.83845899594578	0.00322594433875892	0.0146353975766359	-0.2911
ID4	3.00020202445637	0.00324058882077964	0.0146945329140966	-0.4911
C20orf27	5.89634994462621	0.00324713285429096	0.0147168960744627	-0.436
LOC101927780	-0.94364336381684	0.0032534031418235	0.0147416549409605	-2.243
UBALD2	4.99041645106817	0.00325699492171625	0.0147542678141071	-0.3909
ABHD8	3.84250611623749	0.00326168418713609	0.0147718448326362	-0.387
CFAP43	1.41407075794957	0.00326700509736214	0.0147919091477969	-0.8264
ZNF589	3.43996538287169	0.00326773496894527	0.0147919091477969	-0.4773
NAT6	1.81491530831364	0.00328927416998336	0.014863611199806	-0.7378
UBE2J2	4.8159896764696	0.00329040543903162	0.0148650437255534	-0.3394
WFDC21P	-1.55060064057337	0.00329210436263734	0.0148690393974041	-3.2997
HDAC6	3.56591024834732	0.00330747255509931	0.0149273718086262	-0.4385
ILF3-AS1	3.37929334148453	0.003323388561131	0.0149954971754838	-0.4443
SFR1	2.26635994704134	0.00333075520116353	0.015025022721137	-0.654
PGRMC1	8.3886572847714	0.00333697169976576	0.0150493466775997	-0.263
HESX1	0.846912956954198	0.00335759254398795	0.0151348665390232	-1.1497
PDCD6	7.58840454592507	0.0033643664462459	0.0151616573297125	-0.2691
SLC23A1	-0.946737236317223	0.00337520256654651	0.0152006224871146	-2.2122
PART1	1.19011336935267	0.00337551071224598	0.0152006224871146	-0.9526
RPS17	4.51582664410028	0.00337841114976381	0.0152099319235729	-0.5396
MSRB2	4.28993955930797	0.00338071753755714	0.0152165629599712	-0.4153
ATXN1	4.6362737681287	0.00338205998976358	0.0152188531360917	-0.3326
SLC48A1	5.63431780557068	0.0033838982478067	0.0152233726988563	-0.3006
CHN2	2.84370525133261	0.00338831867844319	0.0152395037678391	-0.5023
LOC100130238	0.9691104593234	0.00339984749478002	0.0152838256253888	-0.9602
C20orf195	0.793472723547613	0.00340901461723348	0.015309955929204	-1.0365
SNF8	5.3447196464655	0.00342792765454319	0.0153873241360562	-0.2929
MOSPD3	3.33357703892061	0.00343380906716861	0.0154099356760644	-0.4818
EFCAB6	-0.617280414441624	0.00343636110977887	0.0154175985303817	-2.041
LINC01003	1.58314982484777	0.00343953721704896	0.0154280568635002	-0.7723
RNF167	6.22772050439822	0.00344093524114821	0.0154286704833018	-0.2772
TRNT1	4.98533537835414	0.00346090585482315	0.0155010542899047	-0.3064
TMCO4	3.15234789689273	0.0034621506947856	0.015502826363504	-0.4794
LOC105371164	-0.430956818726984	0.00347521839056558	0.0155460884435592	-1.6252
AK7	-0.0572737261712513	0.00350752804616844	0.0156713331804651	-1.7698
PPP2R5B	2.18410946763803	0.00350836649367664	0.0156713331804651	-0.7314
IKBKB	3.84782678432488	0.00353292434223171	0.0157692612803085	-0.3833
NOX5	-0.0976923861042845	0.00353296327385204	0.0157692612803085	-1.4489
ADAMTSL4	4.43041025428325	0.00353547252521377	0.0157692612803085	-0.3836
FAM219B	3.93738297319554	0.00353890533789419	0.0157772291760892	-0.3922
LYPD1	2.26837392238735	0.00354165779567668	0.0157852794721371	-0.7437
AGBL5	5.47903774967221	0.00355281604093875	0.0158234226990431	-0.2915
PGPEP1	4.36108679252866	0.00356528558155564	0.015867346069449	-0.3688
GM2A	5.29942607253989	0.00357748298281362	0.0159099949657114	-0.3005
EDEM1	6.09863793452566	0.00358337491110776	0.0159323167017007	-0.3524
FBN1	2.15567651377977	0.00358887583132988	0.0159528895000629	-0.6774
KIAA0556	5.30607527914069	0.00359912381837509	0.015990655738198	-0.2985
TNFSF13	2.80874279940769	0.00360281124902093	0.0160006417314236	-0.647
UBE2T	5.82572466942858	0.00360763246874852	0.0160167651628096	-0.2867
TNNC1	1.04677003654677	0.00364664675984178	0.0161663873840873	-0.9815
VSX1	-1.37272426339713	0.0036511108705258	0.0161783204010483	-2.6481
HORMAD2-AS1	-1.37272426339713	0.0036511108705258	0.0161783204010483	-2.6481
ARHGEF26-AS1	-0.616318110737637	0.00367925575777208	0.0162911698069093	-2.04
MAP3K5	3.87002730778701	0.00368037450422878	0.0162921719081476	-0.4418
COX8A	6.49174307313434	0.00368837700423828	0.0163236389307574	-0.4577
FOXO4	3.45745826485294	0.00369998940203971	0.0163670963226646	-0.5038
WDR86	-0.0517305194871273	0.00370914770561407	0.0163996610592614	-1.3841
ZNF668	3.36402038693403	0.00372123557407829	0.0164491226732139	-0.4938
COMMD4	5.57993457233362	0.00373064531479458	0.0164747607321939	-0.2847
MYO1D	5.7469275729367	0.00373746427604579	0.016500882182223	-0.2982
B4GALT7	3.82055024421388	0.00376061665833304	0.0165830477571324	-0.3874
CKLF	2.37162243959899	0.00376857342461211	0.016606100999208	-0.7433
FAM210B	4.37145220548911	0.00377799207289006	0.0166355579553017	-0.3768
ZG16B	1.41150197674114	0.00378721899016544	0.0166721653929251	-1.0282
VAMP1	2.42432982857887	0.00379392150818933	0.016697644902002	-0.616
AKR1C2	9.72631743634333	0.00380583762877067	0.0167379840401921	-0.3013
ARHGEF16	4.09985093113933	0.00381394803830463	0.0167696135325842	-0.3661
PDLIM7	6.10851158186787	0.00382433480816574	0.0168031423003306	-0.2915
HEXIM2	3.41151012980278	0.00384186815150412	0.0168727778547438	-0.4348
NENF	5.0030908605265	0.00384203207395761	0.0168727778547438	-0.3852
OGFOD2	3.37725194772565	0.0038500773247953	0.0169040432038151	-0.4469
LOC101927417	-0.614317959550528	0.00387070270426808	0.0169794504923539	-1.7993
TIMMDC1	6.10538684109853	0.00387190251970143	0.0169794504923539	-0.2742
SLC51A	0.932993495928586	0.00388526787234432	0.0170257921933552	-1.0024
CD58	4.3235608857068	0.00390519534652126	0.0171049055292927	-0.3775
DUOX1	-0.375505693269201	0.00392171339280684	0.0171731349721952	-1.7085
PBRM1	6.00916049454194	0.00392473722348056	0.017181436844475	-0.2802
COX14	4.48078154751822	0.00393112554918038	0.0171978499942097	-0.4103
PARP10	3.27323347660035	0.00393353262796287	0.0172042577039028	-0.4401
GNB2	6.92883511362599	0.00394030379839432	0.0172297451840687	-0.3128
DDX11L10	0.881787222198688	0.00395190913065181	0.0172763537090947	-1.0707
ZNF836	2.08165257562389	0.00396646306932635	0.0173358270992631	-0.6736
ZNF48	4.50550397273213	0.00397650899956438	0.017371416199102	-0.3411
NYNRIN	3.82256216049823	0.00398567056647417	0.0174031097492352	-0.3889
SP6	3.61295240187014	0.00399517787799159	0.0174404513009599	-0.4491
TNFAIP8	4.55435435752362	0.00401153101303773	0.0174951051538502	-0.3272
RPS16	9.18548942990097	0.00401627356333621	0.0175116050089004	-0.3421
PPIP5K1	3.26108092225145	0.00401956480500555	0.017521770554007	-0.4582
WASH2P	2.22375528894926	0.00402873249999698	0.0175575413034005	-0.6391
ERGIC3	7.12161042885027	0.00405081705306973	0.017649574253184	-0.2666
LINC01607	-1.61204376472052	0.00407288196886343	0.0177330153168545	-3.2349
MRPL40	4.83693404116918	0.00407646963337369	0.0177404771036739	-0.3176
HMGCS1	8.37190189320278	0.00409739782219581	0.0178142640252457	-0.256
KLHDC2	4.56123712089613	0.00409890657953255	0.0178165805990348	-0.3269
MAPK3	5.45737559215151	0.00410245198342003	0.017826751226131	-0.4303
ERMAP	4.00454215930643	0.00411268081883539	0.0178551964396335	-0.4108
ST8SIA6	0.709275667849729	0.00412266930080899	0.0178900524733941	-1.1338
AP5S1	3.15157799086134	0.00414175911326392	0.0179643512406144	-0.4696
TTC21A	-0.192503766949431	0.00415102367478571	0.018000258481446	-1.4624
ZP3	1.68574881322368	0.00415906724712731	0.0180308552988735	-0.7417
USE1	3.26478046192312	0.00418670911034989	0.018137769700652	-0.4359
TMF1	5.66597610159427	0.00419230555781118	0.0181577058750654	-0.3289
ZKSCAN2	3.39642532301639	0.00419440313761104	0.0181624818975871	-0.4738
NNT	6.64718574984335	0.00419795963971275	0.0181709793553282	-0.2639
CCDC78	1.27390651185237	0.00420130627149812	0.0181751296901587	-0.857
IL1RAPL2	-0.0727048593199608	0.00423242199824537	0.0182967312337124	-1.3604
PPP4C	7.24229298244915	0.00428886493924168	0.0185144285483084	-0.2536
IRF2BP1	4.14398247730595	0.00429988078396173	0.0185488241001903	-0.3618
ZNF789	4.58485102104913	0.00430735787165749	0.0185766891814267	-0.3357
MCM8-AS1	0.283830783383256	0.00432138840303698	0.0186283982729264	-1.2138
GLRB	2.17359572027764	0.00433634771025326	0.0186796516749371	-0.6302
PRR29	-0.0738472279613342	0.00434842338164692	0.0187184195367475	-1.3525
DTYMK	7.25858707571434	0.00435116137293263	0.0187257901990236	-0.2574
PLXNB3	3.2811328321162	0.00436525603412109	0.0187775952306585	-0.463
PCSK4	1.40679572654894	0.00441349968528683	0.0189538579756755	-0.8126
DECR1	5.11826924020347	0.00444982831362839	0.0190919073310458	-0.3887
SLC9A3	3.50133119725738	0.00445473150217934	0.0191084535488219	-0.4254
KREMEN1	2.33931629436856	0.00446195312108971	0.0191304406243809	-0.6337
ARIH2	5.97086837397902	0.00447942260637466	0.0191963237328582	-0.2901
TTYH1	-1.1261034193453	0.00448253465795934	0.0192051520102571	-6.2625
SEPHS2	6.98829331181515	0.00449566388903932	0.0192568840821919	-0.2609
TMCC1-AS1	0.510266602103612	0.00450105945755626	0.01927547301364	-1.115
IQCD	0.832278045381063	0.00450743898610551	0.0192982659780352	-0.98
RNF212	0.840720373175209	0.00452422751332401	0.0193565262440223	-0.9845
CCNYL1	5.58966706279074	0.00452958085095669	0.0193748894130893	-0.3329
AKAP3	-0.944237231269348	0.00454472653862889	0.0194281576105588	-2.2385
BRCC3	6.48634535434676	0.00457126336635033	0.019534874535602	-0.2733
TMEM17	2.83972850801216	0.00459787480454956	0.0196348075863993	-0.5076
ODAM	-1.07247140610348	0.00460141076974319	0.019645312210578	-2.0462
LBX2	-0.321654332838312	0.00461756041063958	0.0197096522928773	-1.5926
RABL2B	4.56763837654984	0.00463959128734609	0.0197944329380206	-0.3412
CTXN1	3.85780933258831	0.00469537711421696	0.020013729768187	-0.4173
WDR34	7.04051982991022	0.0047025802979317	0.0200334895308518	-0.3174
HEATR4	-1.61385862539196	0.00470270279430562	0.0200334895308518	-3.2078
HILPDA	3.57361694992473	0.00470330500269668	0.0200334895308518	-0.4574
ARHGAP40	-1.61325390990634	0.00471232641894509	0.0200625538955834	-3.2126
NBPF18P	-1.55120393671208	0.00471546583154071	0.0200712390348816	-3.2815
OGFRP1	0.111903992952278	0.00473343216000221	0.0201383214898626	-1.3643
NFATC2IP	5.99235886890715	0.00475628049395418	0.0202213918718275	-0.2994
SREBF1	6.95068122135882	0.00475916759393844	0.0202289554353761	-0.2556
JUP	7.08227683314979	0.004764116170516	0.0202444534986735	-0.2548
ZNF341-AS1	-0.714354085008638	0.00476503158872701	0.0202444534986735	-1.9295
CD163L1	5.36542931001956	0.00477002392758742	0.020260948539329	-0.3112
ACTR8	4.14228804187431	0.00481226525893846	0.0204135184872481	-0.378
TRAPPC2L	5.90448170365989	0.00481645454597138	0.0204201565701936	-0.2701
FKBP8	6.56094298018393	0.00483179035451433	0.0204709131380863	-0.2572
ABRACL	5.38354729534042	0.00485124870827184	0.0205306309473118	-0.2938
MGAT4B	6.8644160624203	0.00485230650208349	0.0205306309473118	-0.328
TNRC6C-AS1	0.714758010675596	0.00485263324592738	0.0205306309473118	-1.1129
AHDC1	4.39286105479592	0.0048556702857879	0.0205387202820537	-0.3417
SNHG3	5.29353970888647	0.00485716289546144	0.020540274686019	-0.3498
UBN1	6.56198258039378	0.00486769481469849	0.0205800455157794	-0.2755
RRAS	3.5001740555544	0.00487480668231675	0.0206053416977019	-0.4243
KDELR3	4.0583165112658	0.00488689139782655	0.0206420845346417	-0.4195
ITPA	4.92285542992484	0.00489676062232696	0.0206789872591258	-0.3191
LOC102723750	-1.90288496963854	0.00490428982146162	0.0206916373886303	-5.2529
LOC100505942	-1.90288496963854	0.00490428982146162	0.0206916373886303	-5.2529
HIST1H3J	-1.90288496963854	0.00490428982146162	0.0206916373886303	-5.2529
LOC101928461	-1.90288496963854	0.00490428982146162	0.0206916373886303	-5.2529
TLE1	5.97208977037982	0.00490647860105998	0.0206960890344156	-0.3285
THSD7A	0.611582661898825	0.00491753767219919	0.0207379458867333	-1.037
EXOC3-AS1	2.05395216652243	0.00492656154470024	0.0207664067328672	-0.6346
GTDC1	3.62814524768088	0.00495853733086048	0.020891543390766	-0.447
SBK1	4.11014662427026	0.00495969281062981	0.0208915902055509	-0.3865
SPNS2	4.36771747513542	0.00496418853714334	0.0209008823648729	-0.3704
GJB2	2.75379778497442	0.00497928829943927	0.0209547918844083	-0.5994
NATD1	0.869278183231135	0.00499279082318925	0.0210019330110928	-1.0488
PYROXD2	4.05459976237283	0.00499441337222327	0.0210039185725197	-0.4057
MECR	4.17510435506902	0.00501662582764823	0.0210779104970187	-0.4108
NLRC3	0.154806923088369	0.00502002079037112	0.021082470565681	-1.2241
WNT3A	-1.90227667072233	0.00502410864629691	0.0210851251229943	-5.2587
CTD-2201I18.1	-1.90227667072233	0.00502410864629691	0.0210851251229943	-5.2587
GALK2	4.35560326135897	0.00502773648221887	0.021095462472854	-0.3341
KIAA1217	5.02274448159896	0.00504392778121053	0.0211491100355691	-0.3156
SH2B1	5.57670292535475	0.00504642341529926	0.0211544215544669	-0.2839
ATG16L1	6.02605807018388	0.00505180917599341	0.0211721368955316	-0.2901
CHPF	5.74886372827118	0.00505454630804879	0.021178746247358	-0.315
COTL1	8.96109229774688	0.00505703901106998	0.0211843286337984	-0.2585
THBS3	3.21640887835371	0.00506502335389699	0.0212129080864289	-0.4756
HSPA1B	-0.58391128840156	0.00508734057647721	0.021296603889972	-1.8321
PNPLA7	-0.58391128840156	0.00508734057647721	0.021296603889972	-1.8321
IFT20	3.7741543559165	0.00510604014570496	0.0213699837001352	-0.3777
KLK11	-0.550923004876659	0.00515615134873542	0.0215550032110176	-1.6556
ZNF428	3.53042602219116	0.0051864785797065	0.0216768207305682	-0.4407
FGFRL1	5.57556328320185	0.00521602389798645	0.0217803596252609	-0.3338
ARSD	3.22459533594968	0.00521906848152435	0.021786333773808	-0.4725
LOC101928034	-1.90349302511361	0.00522632770726699	0.0217956030284514	-5.2459
KRT3	-1.90349302511361	0.00522632770726699	0.0217956030284514	-5.2459
TDRD9	-1.90349302511361	0.00522632770726699	0.0217956030284514	-5.2459
PPA2	5.61965668856727	0.00522954310575874	0.0217956030284514	-0.2879
TMEM191C	-0.719558022562475	0.00523069324595625	0.0217956030284514	-2.1765
COL4A4	2.3457410846568	0.00523161330360834	0.0217956030284514	-0.5685
NPW	-0.316322481712641	0.00524961699466574	0.0218656189492625	-1.6395
PCDHGA10	-1.61264895640749	0.00526323991433384	0.0219123621154113	-3.2201
HP1BP3	7.51325768460362	0.00526673231225887	0.021921902665891	-0.2574
KCNE3	-1.98433623615139	0.00527754892041302	0.0219619177321769	-5.1148
DAD1	6.18399085990107	0.00528303159470304	0.0219742498260857	-0.3253
ATG7	3.78198069001234	0.00528459840236724	0.0219742498260857	-0.378
SLC27A1	3.34302803783173	0.00528532706980403	0.0219742498260857	-0.4203
RASSF10	-0.43306375373093	0.00534768355296513	0.0222183229273854	-1.8046
MZT2A	5.91248051912804	0.00535751796696304	0.0222541178623157	-0.3247
RN7SL1	7.45219736906842	0.00536778858117203	0.0222917079931475	-0.6175
RPL13	9.85500733650531	0.00539596493551194	0.0223980295026052	-0.2712
SLC22A31	1.22674172832467	0.00539707119752192	0.0223980295026052	-1.078
ITGA9	0.116445920349797	0.00542722126169681	0.0225129178262979	-1.2728
EML6	1.76470579154369	0.0054421904289125	0.0225698837960533	-0.7436
CNNM4	5.07053998963246	0.0054586073635816	0.0226174162572732	-0.2909
PLEKHG1	1.89448417208099	0.00546908288258999	0.0226556789436267	-0.6711
CDK5	4.35460187978101	0.00551416391843801	0.0228010365787099	-0.4243
MAP3K6	3.525539569449	0.00551684408363661	0.0228069532588021	-0.4404
LRP11	5.29972339433236	0.00552086328413939	0.0228132367848005	-0.3028
MCEE	2.71964415559723	0.00553562410509934	0.0228587092654815	-0.5121
RCCD1	4.99262052021484	0.00554632080319451	0.0228977007198369	-0.289
C1orf123	4.94124866065146	0.00559600923400148	0.0230923925352466	-0.3246
LINC00152	5.24438480951708	0.00560843394998445	0.02313843394145	-0.5035
TMEM198	0.816566371521965	0.00562410787462574	0.023192616525676	-1.011
KIAA1211L	3.93915376329169	0.00562977502497525	0.0232107436440714	-0.3567
NIPSNAP3A	4.27212135526083	0.0056951431178477	0.0234537633113981	-0.3875
ARHGEF10L	3.13263222346025	0.00569753984207873	0.023458341758455	-0.4349
DTX3	2.45756531489913	0.00570682916412103	0.0234912904667855	-0.566
PLTP	5.69727059746098	0.005722475930491	0.023550387869036	-0.2702
CCR3	-1.11612042686157	0.00573000309445	0.0235707382812707	-2.499
MIR3682	-0.648147532832979	0.00573572087454799	0.0235889435201055	-1.7427
RPP25	4.71405218790543	0.00577296027048642	0.0237153831453645	-0.3024
LOC113230	1.64510756971473	0.00577559895385061	0.0237208851521927	-0.7802
DLGAP1	1.31935986631507	0.00579777509328217	0.023795904249766	-1.009
UCP2	1.94086960751924	0.00581441496459622	0.0238485104324168	-0.6465
POLR2G	5.45346443908874	0.00583524570285673	0.0239066978346841	-0.4172
ENDOV	3.91507872231608	0.0058391840114777	0.0239174654057745	-0.3889
TOLLIP-AS1	-0.75194777464497	0.00586058858568708	0.0239997544235763	-1.8551
DYNLL1	7.88667093493158	0.00586365802656886	0.0240069389847592	-0.2961
SPTAN1	8.01431155311468	0.00592249139554107	0.0242260817649558	-0.27
SIGIRR	3.78309851451109	0.00593866473745545	0.0242755181690644	-0.4129
ZNF860	2.47551852234656	0.00595172527418451	0.0243129775353575	-0.5525
C22orf29	4.55788486596166	0.00598201125814622	0.0244270894117107	-0.3298
CFAP54	2.64494056216536	0.00599697714142469	0.0244759254848757	-0.5076
C16orf71	0.296937576148356	0.00601603049835414	0.0245372325241182	-1.5008
PUSL1	2.95831967876332	0.00602577287450893	0.0245659914240811	-0.522
TMEM106C	6.0375842228269	0.00603077952649711	0.0245759768964943	-0.3277
ABCA7	3.4306392763653	0.00603091457582682	0.0245759768964943	-0.424
KLHL24	3.95785949629423	0.00610443284817833	0.024853373344412	-0.373
RPLP0	10.1003517837041	0.00610605101253944	0.0248544185696589	-0.3444
RNF141	5.23611144881591	0.00611090145801884	0.0248686172575996	-0.2828
RUSC1	4.8208863339578	0.00612527318370003	0.0249159953746942	-0.3002
RHPN1	4.27276563651933	0.00614192834639139	0.0249781786348232	-0.3367
COPG1	7.09755051401295	0.00614656221983521	0.0249914565446128	-0.2479
SDCBP2-AS1	2.28076590914175	0.00615211890682583	0.0250084797958166	-0.573
TCIRG1	4.40566275899254	0.0061711234809678	0.025074567164155	-0.3347
ACAD10	3.407696073564	0.00617572751189579	0.0250876905779193	-0.4049
HIST1H2AM	0.192313460059032	0.00618263634024893	0.0251101688604193	-1.1679
GSTP1	9.13150920258678	0.00619103297173969	0.0251219155216892	-0.2517
FAM149B1	3.66985953120861	0.00619840453396733	0.0251462384826906	-0.3766
LRTOMT	3.14533023485625	0.00620615433252528	0.0251720847577386	-0.4824
C1orf106	3.7790056569215	0.00621489357271352	0.0251963351240191	-0.4066
EFHC1	4.25269942315268	0.00624335207571147	0.0253060913619424	-0.349
LINC00511	-0.490618638185097	0.00627125943692895	0.0253966531234638	-1.7336
MRPS21	6.68872981020016	0.00628079518358434	0.02542447235732	-0.3042
IRF6	5.07980356384841	0.00628091423814161	0.02542447235732	-0.3122
MFN2	7.08591937932006	0.00629219084592797	0.0254588289191625	-0.2625
PPM1L	2.89104625550583	0.00630201932901437	0.0254929459052706	-0.4787
LOC105378684	-1.42891126526217	0.0063187920245413	0.025543814703283	-2.559
FAM225A	0.209441725256013	0.00633138161124258	0.0255833781971767	-1.1901
LOC105378592	-1.90410083733171	0.00635398144029135	0.025663337427867	-5.2306
CD81	6.04726880197731	0.00637275776626646	0.0257277898675277	-0.2863
POT1-AS1	0.53921109814425	0.0063800155121529	0.0257513957970071	-1.078
SLC5A2	-1.98372667607539	0.00641558910294409	0.0258664548427298	-5.1308
SPATA18	-1.98372667607539	0.00641558910294409	0.0258664548427298	-5.1308
ENHO	-1.98372667607539	0.00641558910294409	0.0258664548427298	-5.1308
TMEM110	3.51775282263847	0.00641560624057189	0.0258664548427298	-0.409
IQCK	4.65373648645414	0.0064312756593795	0.0259239055945313	-0.303
C19orf73	-0.863881360623501	0.00643769339132599	0.0259387456144992	-1.9968
LOC101927571	-1.11907548509134	0.00643921971543112	0.0259387456144992	-1.9663
ARHGAP29	8.25934321059268	0.00644311976157571	0.0259487302817838	-0.2588
GLI4	2.63249592224644	0.00644530121426192	0.0259517906853916	-0.5689
TMEM242	3.62503109728282	0.00652335482335105	0.026225581514005	-0.384
NLRX1	3.61338835518196	0.00656179098228941	0.0263626884182825	-0.3982
AQP5	-1.26523806019984	0.00657139144172494	0.0263954504202707	-2.2002
PYCARD	4.07564702703125	0.0065812919843418	0.0264235906017471	-0.3565
C1QTNF3	1.19394196417358	0.00658726296109795	0.0264417485967028	-0.9207
ZFAS1	6.91626364993251	0.00659412387315205	0.0264634700875497	-0.2646
RASGEF1A	3.73494183118589	0.00664871730126949	0.0266532681273553	-0.3936
RIN1	4.26593145116207	0.00670721832609247	0.0268700850913197	-0.3344
ISG20	-0.00770825170389253	0.00676457425468603	0.0270634952650335	-1.3213
LARS2	5.03891572367167	0.0067716831423853	0.0270807990027132	-0.2862
CYP2E1	-1.21406456389661	0.00677894565031185	0.0271039053421141	-2.3019
TIPARP-AS1	-0.318481815086796	0.00679437721868696	0.0271579730848525	-1.4329
MRPL57	4.37579217713593	0.00683176161643468	0.0272878643837522	-0.3293
FAM3A	4.64905551950335	0.00683358684474775	0.0272878643837522	-0.3016
C9orf69	6.01715390299687	0.00685443817449885	0.0273574097875975	-0.331
HS3ST1	3.43170635554292	0.00687786121786786	0.0274273120125373	-0.4227
CTSE	0.832425468488125	0.00688941004019184	0.0274673661702866	-0.9174
SLC35A2	4.15956857432723	0.00689122109115292	0.0274685878253467	-0.3623
LAPTM4A	7.126241873398	0.00689576140494773	0.0274782230541422	-0.2445
CIB1	5.92577995440134	0.00692129464054415	0.0275704025655191	-0.3941
LOC101929066	-0.348369576991263	0.00692341834566009	0.0275728458373409	-1.5547
TBC1D22A	5.0079210574972	0.00692732630695748	0.0275823923794582	-0.2858
TRADD	3.92101685644779	0.00696788884328378	0.0277257582220987	-0.3635
C19orf60	3.56987530739037	0.00698038321932002	0.0277694216718035	-0.4903
PTPN18	4.79907910667092	0.00706985695190821	0.0281192393276767	-0.3695
FAM160B2	3.92241543615407	0.00711228690734445	0.0282756772170035	-0.3444
APITD1	2.112075115361	0.00711678041702328	0.0282873815138639	-0.7616
MED25	4.56833163712039	0.00712139597387955	0.0282995657159654	-0.3015
ENTPD6	5.71560830689706	0.0071239928230483	0.0283037242606245	-0.2966
BCDIN3D	1.58706413668438	0.00714622200449243	0.0283858635583146	-0.7098
RPS8	9.93466534564232	0.00715628498618736	0.0284196516658335	-0.2657
CASC8	2.78909130162438	0.00716388279181931	0.0284436372873974	-0.5526
ZNHIT2	2.94384787507265	0.00720269333878736	0.0285852977375874	-0.5341
IFRD2	5.40175806456127	0.0072158471808373	0.0286164790658251	-0.3286
MGRN1	5.34012275459792	0.00721682020262155	0.0286164790658251	-0.3071
VGLL4	4.14330290026941	0.00722641229612916	0.0286482916130584	-0.3399
STEAP1B	-0.944584852681682	0.00727765248714392	0.0288451636572513	-1.8697
FBXW4	5.09142091620285	0.00730520368248716	0.0289472964530471	-0.2895
C22orf23	3.65866772079428	0.00730659191803467	0.0289472964530471	-0.4467
YPEL5	4.51665938219017	0.00732009147599959	0.0289881973938934	-0.3061
PRRG2	1.9802456268766	0.00735090102967206	0.0290912744846506	-0.6302
LCA5L	1.01067929639509	0.00744185866281754	0.0294129837082479	-0.8612
NPR1	-1.2660935252145	0.00746474048611724	0.0294919586015317	-2.1987
C1orf177	-1.21333732424027	0.00746507124768176	0.0294919586015317	-2.3098
PAX9	0.933757477127625	0.00749737883197875	0.0296131864899619	-0.8952
FGGY	2.68512939998725	0.00750226344921915	0.029626069982467	-0.5121
MAGI2-AS3	0.232389628512942	0.00750677123503334	0.0296310520360581	-1.3512
KAT8	5.04829659943967	0.00752279806427858	0.0296814785955197	-0.2934
IGSF8	3.9581924653017	0.0075500784021771	0.0297698123780011	-0.3453
P2RX6	0.246704991520613	0.00756401856623471	0.029811900463122	-1.1501
FAM173A	4.26508859550631	0.0076094510776628	0.0299715509975862	-0.5413
BTC	2.22062208723989	0.0076282505303196	0.0300326378437599	-0.6757
SETMAR	2.83651124643031	0.00767056180518089	0.0301856760470437	-0.4628
BCO1	0.369714309781279	0.00768692890573339	0.0302310586176365	-1.0648
ARHGAP27	0.730980046098938	0.00769509236102172	0.0302566457339678	-1.7832
CPEB4	4.43784749735859	0.00770700537243469	0.0302949643845211	-0.3565
ADPRHL1	2.71541732743586	0.00770815674660937	0.0302949643845211	-0.4795
RHPN1-AS1	1.27483402383763	0.0077134919349366	0.0303028854667963	-0.8187
SLC2A1-AS1	-0.265959392134053	0.00772137803173377	0.0303273402210266	-1.3544
RTEL1	-0.0983546914496892	0.00772614530847994	0.030339537266425	-1.3039
MLST8	5.29487763523409	0.00776156280562924	0.0304589618614719	-0.2858
UST	2.22014995233437	0.00778653530986083	0.0305189411395951	-0.5806
CHMP2A	6.21402626272771	0.00779571748494702	0.0305470312095284	-0.3258
KLK9	-0.2174889061129	0.00779822015123864	0.0305502804894877	-1.4243
TRNA	-0.945178368113317	0.00782863279716368	0.0306511226486693	-1.8649
SLX4IP	2.86582925032318	0.00785296630966143	0.030725193516755	-0.4839
PLK1	7.91944965437275	0.00786178015796916	0.0307530873288804	-0.2596
YIF1B	4.07109846046165	0.00788309548184007	0.0308034655643134	-0.3579
LOC101243545	5.54716489530907	0.00788679132227755	0.0308067261694877	-0.2698
LOC728715	2.49115281569317	0.00788730489242909	0.0308067261694877	-0.5256
EME2	0.477438461554298	0.00789075830905302	0.0308070324401351	-1.0537
AMFR	5.56335783516398	0.00798474633535926	0.0311406812856908	-0.2763
MANBAL	5.29576528090706	0.00799339289291552	0.0311666090731309	-0.2918
NPRL3	5.40435416218262	0.00799480884582997	0.0311666090731309	-0.2655
HDAC10	3.71324077447484	0.00803671884278044	0.0313134255875172	-0.3782
WRB	4.39729521503088	0.00809597262272637	0.0315205963319455	-0.4345
DOLK	4.41792284870122	0.00811084786639323	0.0315717779635127	-0.3166
IGBP1	4.76901801229601	0.00812141625498201	0.0316061767535604	-0.2923
IL1RL2	1.1457876672789	0.00814612921613708	0.0316753429115652	-0.8349
TSSK3	0.449015449592349	0.00815451631232736	0.0317012031085707	-1.0139
SIGLEC10	-0.615699422530807	0.0081614435064067	0.0317213780398043	-1.7766
PLAUR	4.21663158568249	0.00817799798069436	0.0317789551161252	-0.3316
IZUMO4	-0.681121587327114	0.00824094150331227	0.0319963054199211	-1.6957
LINC00634	-0.905051423591502	0.00825805935689049	0.0320495058368084	-1.9261
PRDX1	10.002564587083	0.00826768915769025	0.0320602055937448	-0.2842
GSS	6.49072709133059	0.00830572182326676	0.0321869076282554	-0.2448
SELM	1.9883472384034	0.0083571448583212	0.0323648783482206	-0.5975
SNPH	1.9021123501859	0.00836458914409127	0.0323848117597619	-0.6556
FURIN	6.01971996603179	0.00836583984766857	0.0323848117597619	-0.2516
PPP1R8	5.77514587576398	0.00840790227540232	0.0325062820711023	-0.2684
ARL16	4.36832972630768	0.00841468079866583	0.0325231591936492	-0.3173
PREX1	1.65925501808016	0.00841583063271248	0.0325231591936492	-0.6957
HTR7P1	2.46948098293139	0.00843013551172612	0.0325715457993803	-0.5341
TSEN54	4.4462055487009	0.00853016782833342	0.032923201664705	-0.3107
PCED1A	3.98939931968728	0.00853518646296275	0.0329309012112683	-0.3809
LHPP	2.73209187145569	0.00853577040598826	0.0329309012112683	-0.4813
AP5Z1	4.07014371535808	0.00858350243452927	0.0331010605079777	-0.35
DARS-AS1	0.283546983878401	0.00860359148986543	0.0331715240209046	-1.1099
ARL14	3.73722335452151	0.008606052771138	0.0331740074725286	-0.5112
GABARAPL2	5.88770021303298	0.0086282006353534	0.0332303419835228	-0.2657
VEGFC	2.48649812989973	0.00862976836896808	0.0332303419835228	-0.5146
SKI	5.6528399345102	0.00866855892476223	0.0333646578503188	-0.2655
FOXP2	-0.43128828012804	0.00867677861068426	0.0333831971162596	-1.614
KRCC1	4.44585355831173	0.0086951601737754	0.033436141355523	-0.3645
UBE2H	7.89614888821722	0.00869603413431328	0.033436141355523	-0.2332
GNRH2	-1.68117976337198	0.00870929040812499	0.0334665993835183	-3.0911
EXOSC10	6.30237586835032	0.00870945517479709	0.0334665993835183	-0.2699
SERTAD4-AS1	2.70026771357831	0.00875301770063054	0.0336198382374734	-0.5375
WRAP73	3.47712412689569	0.00875765521460871	0.0336269122609123	-0.4006
GAS2L1	3.40418994600596	0.00877388255649139	0.0336716417808087	-0.4201
CFAP57	0.462723667000032	0.0088694553307511	0.0340169698567631	-1.0291
EPN3	4.07492757471667	0.0088768176224307	0.0340309077100157	-0.3437
SPNS3	1.87459858611759	0.00888152212153759	0.0340388435876884	-0.8141
CUEDC2	4.64665503669163	0.00888308298063208	0.0340388435876884	-0.3073
SLC31A2	3.39133349964735	0.0089453780548288	0.0342362309788165	-0.4732
CNPY2	5.30880874315102	0.00897054958153931	0.0343181796229216	-0.2687
OARD1	4.98378529455529	0.00900351469304893	0.0344298626385214	-0.2879
EGLN3	4.59950347852594	0.00908762493338209	0.0347296798793853	-0.3178
PDE4C	-0.753589452932754	0.00910215799497363	0.0347633883590457	-1.8365
C9orf142	4.30604314010052	0.00911442555239804	0.034789861461441	-0.3364
BOLA1	2.91166967218512	0.00916083352240359	0.0349582309333194	-0.531
AP2M1	8.85863070755453	0.00919573124984547	0.0350767383404051	-0.2319
P4HB	9.01915621458076	0.00919907218848061	0.0350821520519954	-0.2378
CCDC127	5.30721297030747	0.00920973917125558	0.0351154967231499	-0.2719
SPSB2	3.62502194125636	0.00925763913971334	0.0352907621913984	-0.3651
KIAA0101	6.74824932935026	0.00930727207120183	0.0354725592759626	-0.2562
ABCC9	-1.98311687067336	0.00934452049758656	0.0355922316302817	-5.1638
FEZF1-AS1	-0.647895817354601	0.00935819755365262	0.035636890809237	-1.7367
LOC105370849	-1.9849455510885	0.00940162815831491	0.0357798881922445	-5.1074
ZCWPW1	2.27504239166684	0.00941423982732722	0.03582041731715	-0.5795
LOC101927789	4.02098200494168	0.00942025012273838	0.0358358170953765	-0.3332
DDB2	4.85755702142447	0.00943064161952099	0.0358678736262448	-0.2874
HDDC3	3.48057434936446	0.0094503964923989	0.0359355214257934	-0.4306
DTX1	-0.903485763071292	0.00949098081833318	0.0360537952514546	-1.9329
LOC104798195	-0.903485763071292	0.00949098081833318	0.0360537952514546	-1.9329
PDK4	0.740898644953784	0.00950307866422288	0.0360907435186297	-1.011
SOX13	5.4375002203353	0.00953511109442407	0.0361973323290916	-0.2744
FAAH	2.92403498121888	0.00953640601984175	0.0361973323290916	-0.4669
FRMD3	0.74260102221286	0.00953709292851286	0.0361973323290916	-0.9591
LINC00431	-2.07200556758307	0.0095989726331125	0.0364019203136896	-4.9455
BMP3	-2.07200556758307	0.0095989726331125	0.0364019203136896	-4.9455
FN3KRP	4.85427286299399	0.00960187485752886	0.0364053639458041	-0.3016
LOC100049716	1.76438190403835	0.00963438604357731	0.0365058845187936	-0.8422
GRK6	5.60465854134476	0.0096922075641935	0.0367021243086324	-0.2565
ERBB2	5.65659409718912	0.00970258493764296	0.03672948122264	-0.2541
RASA4CP	-1.32094341140863	0.00970618122553008	0.0367321816860027	-2.6803
LRSAM1	4.41637133969823	0.00971634038069178	0.0367630072517946	-0.3123
AATK	-1.07451470196186	0.0097328958026512	0.036818016115458	-2.034
MIPEP	4.21128230146274	0.00973500353546425	0.0368183601705895	-0.3304
PSMD5-AS1	4.04398953590114	0.00974121522799848	0.0368248003755894	-0.327
SIAE	4.85901918676896	0.00974275776808155	0.0368248003755894	-0.2852
TRMT1L	4.77819412871719	0.00979374615133899	0.0370021998631715	-0.2863
LHX9	-0.680785500797793	0.00980729109545723	0.0370457078913029	-1.7032
SARAF	6.4342620934444	0.00985809604895864	0.0372068227144488	-0.237
TMEM234	1.63256939217277	0.00986929848481759	0.037241404121296	-0.7152
MAPK15	-0.0939029835495631	0.00997900437899175	0.0375622069985306	-1.3418
MAPRE3	3.47839687495212	0.0100113057850109	0.0376604983332288	-0.4019
MAN1B1-AS1	0.566976719605837	0.0100783255065611	0.0378657975813498	-0.9584
TPRN	4.74639899213954	0.01009784281783	0.0379157174994456	-0.3193
CBLC	4.03069707050353	0.0100999416100426	0.037915799718885	-0.3581
FAM122C	1.76941170424907	0.0101194059306337	0.0379810597593851	-0.7044
CYP26A1	-0.400204971003836	0.0101703983705689	0.0381540619617003	-1.4988
GRHL3	-1.16598765454941	0.0101717692576466	0.0381540619617003	-1.891
TMEM141	4.77428092678746	0.0101814338582583	0.0381824684709046	-0.4045
NDUFC2	6.75286521653571	0.0102308634072248	0.0383520826205947	-0.2428
LOC105374567	-1.16658563006594	0.0102420960516706	0.038362680656401	-1.8873
B4GALT1-AS1	-1.16658563006594	0.0102420960516706	0.038362680656401	-1.8873
MLLT11	7.11615152089635	0.0102747979252816	0.0384614949608246	-0.2294
C11orf85	0.129938091180374	0.0102853147140772	0.0384850800205355	-1.4794
CCS	3.68559465352158	0.0102903868307908	0.0384961684391222	-0.3617
TRIM54	1.77918745806924	0.0103154035947625	0.0385818496263029	-0.7477
PTPRG	5.46676792422683	0.0103430132579652	0.0386692709476576	-0.2894
DNAJC30	2.58794640278084	0.0103569082541272	0.0387132917869258	-0.5021
ME3	4.24063900580404	0.0104244947130715	0.038918113595467	-0.3067
NMNAT1	3.62274254943839	0.0104923506263707	0.0391394264476958	-0.3601
TUBBP5	0.768202121047756	0.0105053629662672	0.0391799604314962	-0.9363
RAB40B	1.80816616057201	0.0105106242715226	0.0391915761235534	-0.6691
PTRHD1	4.23265820689986	0.0105373074803843	0.0392750276361569	-0.3263
MPND	2.45153568960495	0.0105603625758744	0.0393434595628439	-0.5066
EPS8L3	-2.07139523228203	0.0105642878383578	0.0393434595628439	-4.9562
SEC14L6	-2.07139523228203	0.0105642878383578	0.0393434595628439	-4.9562
SEMA3B-AS1	-2.07139523228203	0.0105642878383578	0.0393434595628439	-4.9562
SAYSD1	4.02556140475721	0.0105689196925136	0.0393526816044315	-0.3212
LOC102724094	0.877457841401023	0.0105878939882005	0.0394152921387824	-0.9728
AK9	2.66476041024531	0.0106387040115036	0.0395882960525907	-0.5191
MDH1B	1.1832923532809	0.0106662615516488	0.0396746680698657	-0.8045
C4BPB	0.853721612043264	0.0106861321438955	0.0397404824646478	-0.8821
HHAT	1.91671093965483	0.0107058610432662	0.039797637793905	-0.6704
ARSA	1.95170648255088	0.0107136615194599	0.0398185270153217	-0.5882
PPP2R4	7.19767603588464	0.0107427565085187	0.0399104116441835	-0.2553
ANKFN1	-1.9861634462938	0.0107501948908388	0.0399299202293294	-5.0897
ST14	7.98760962014923	0.0108055941374773	0.0400915189488789	-0.2336
ZNF619	2.58057154544913	0.0108068779988734	0.0400915189488789	-0.5185
LYPLA2	5.78470596659132	0.0108147378457218	0.0401125262315111	-0.4385
DPH3	4.2215979647162	0.0109196533239535	0.040460562427866	-0.3168
COL9A2	3.29873743335057	0.0109299395588596	0.04049045791123	-0.3992
CD4	-0.989017839639874	0.0109603528958998	0.0405619709036178	-2.1376
SETD5	6.3856900580221	0.0109921869562673	0.0406468229843257	-0.2527
KIF15	5.78107271695059	0.0110174197943532	0.0407236314569166	-0.2557
STC1	2.45657830154617	0.0110763611823489	0.0409166430078836	-0.5148
OASL	-0.0319209261854192	0.0111481236691685	0.0411650780146319	-1.2811
SLC28A1	-1.02928707883865	0.0111513626448831	0.0411676877472126	-1.7332
SP5	1.25111490614476	0.0111533404687617	0.0411676877472126	-0.8842
IRF3	5.6028260380194	0.0111809092459939	0.0412611035364592	-0.2697
ATP6V0E2	4.43060890958073	0.0111918637121762	0.0412931818774228	-0.2989
KIAA1656	-0.194304976763261	0.0112281604538481	0.041401999039679	-1.4349
ACVR2B	3.06697384805301	0.0112442086759395	0.0414528016130758	-0.4894
PPP2R3A	5.98119185196662	0.0112721784231001	0.041547524589565	-0.2446
LOC728730	2.27375021827569	0.0113077364888166	0.0416403870110618	-0.6181
ALOX5	-1.7493501630084	0.0113178874943142	0.0416655281500705	-2.9994
CUL9	4.35525436323147	0.0113250273688916	0.0416834071867914	-0.3198
VPS16	3.87605203234616	0.0113791063450194	0.0418445470375714	-0.376
LOC100130899	0.944944625253411	0.0113821651837407	0.0418445470375714	-0.8632
RPL13AP5	4.59087254367323	0.0114254893295521	0.0419854535427343	-0.3145
RBX1	6.53249925744751	0.0114387069719391	0.042025565401433	-0.2362
VPS37B	5.34894952213795	0.0114606515754717	0.0420807834195115	-0.2675
COX7C	8.79994137810669	0.0114754165722738	0.042118054874031	-0.2631
TMEM261	4.89167623906733	0.0115500942166846	0.0423836221145314	-0.3572
SHMT1	6.67496508450552	0.0115622023344804	0.0424195268927402	-0.2311
CSGALNACT1	3.38907470216675	0.0115676838059715	0.0424311102193723	-0.3807
TRAPPC1	6.11907860261851	0.0116018589205304	0.0425479181304145	-0.2557
SDHC	6.24365405505253	0.0116529918694264	0.0427188708759472	-0.2547
RAET1L	-0.549544987894032	0.0116694987364742	0.0427702005486996	-1.6795
GATSL2	4.88873713067397	0.0116929446437895	0.0428475305935411	-0.3139
ITIH4	-1.16551713486913	0.0116968579297017	0.0428532687868019	-1.8979
CDKN1A	3.20209806506875	0.0117112459105179	0.0428973726609983	-0.4077
LOC344887	5.71485350214286	0.0117273828025552	0.0429229332009318	-0.2645
CXXC1	4.15475741930138	0.0117344126194002	0.0429305484528598	-0.3166
BPNT1	5.29912227635083	0.0118026995666305	0.0431198885908356	-0.2639
MYL6B	5.19476159781016	0.0118084106858786	0.0431321219450579	-0.2896
RERG	-0.427557420178417	0.0118193712243936	0.0431548882145058	-1.4612
ATAD3C	0.923900141420587	0.0118239356741535	0.0431629213491995	-0.8313
LOC100130872	-1.48667529712455	0.0119147993490475	0.0434424958889978	-2.4709
EXOG	2.60083125758846	0.0119177535208939	0.0434445903109904	-0.4825
ENTPD8	0.152725796269828	0.0119295790346268	0.0434717495216277	-1.1995
UBAC2-AS1	0.154276133659131	0.0119916594862848	0.0436878338817833	-1.1109
NEGR1	1.55995901828914	0.01209851948278	0.0440683502948187	-0.6957
SEC61G	8.17847084734293	0.0121077944110411	0.0440933362792672	-0.258
TMEM42	1.89415041081304	0.0121652120762674	0.0442759393270212	-0.8075
COX6B2	0.0559649686179029	0.0121915960914034	0.0443566415916852	-1.1894
TMC7	1.64227716134513	0.0121922451526663	0.0443566415916852	-0.6679
IL31RA	0.734050175198208	0.0122072678599074	0.0444024471110719	-0.951
TMEM189	4.63832611091049	0.01221013327198	0.0444040225126028	-0.3172
GLYR1	7.35991687362758	0.0122220159316657	0.0444295346173813	-0.2496
ZNF672	4.38546745216037	0.0122252485501858	0.044432438290303	-0.3019
OXCT2	-1.31778187047456	0.0122381035821961	0.0444703063289356	-2.1101
CCDC77	4.47229736268233	0.0122490494169442	0.0445012231155689	-0.3268
HSCB	1.72371392385916	0.012262042392372	0.0445395634530728	-0.6445
SH3BP5L	4.16643566773887	0.0122768503028235	0.0445756123962503	-0.3277
LOC642852	3.30508455834759	0.0122908157545672	0.0446174453003337	-0.3934
SLC10A3	5.57857918677136	0.0122981987856682	0.0446353711791566	-0.252
RBM47	6.46683957641275	0.0123221505444608	0.0447063466369823	-0.2301
ZBTB8A	3.17033698550977	0.0124472786222989	0.0451405479794773	-0.4185
DOPEY2	3.1606451980567	0.0124553401809419	0.0451523487626151	-0.3978
MESP1	2.13744506551952	0.0125221594294026	0.0453670455533187	-0.5639
RHBDD2	5.12420492993147	0.0125620081516311	0.0455023850825749	-0.2952
C18orf32	-1.48921598195113	0.012593669947532	0.0455933492646667	-2.4442
LOC101928100	-0.316414575764077	0.0125951766347813	0.0455933492646667	-1.4605
FAU	8.3196433890201	0.0125971107411798	0.0455933492646667	-0.2752
WFIKKN1	-0.266039417129517	0.0126298817159338	0.0456847871222683	-1.3462
LOC148413	3.21018403483837	0.0126651407887492	0.0457941790927719	-0.3919
MME	0.209473533261704	0.0126776413181577	0.0458121575424163	-1.0865
DNASE1	3.54285939082506	0.0127544442504754	0.0460532306639003	-0.3558
TMC8	-0.0557171032241382	0.0127656481716208	0.0460663516546964	-1.3458
FZD1	3.02880307586909	0.0127855260558486	0.0461289651532751	-0.4543
SGK2	-0.789013904950775	0.0128054635559167	0.0461912877609011	-1.7865
GJC2	0.193028348608979	0.012807860355263	0.0461912877609011	-1.0659
SQRDL	4.71714895369119	0.0128227392962901	0.0462266841613491	-0.2896
NOV	-0.295637442226547	0.0128396423072558	0.0462784817297655	-1.6045
PXMP4	3.49307544097205	0.0130663049533814	0.0470490065540299	-0.397
BBS1	3.86237311823254	0.0131077844836297	0.0471797542454936	-0.3417
RBBP4	6.46477794989195	0.013165375500788	0.0473683671940059	-0.3476
MRPL55	5.1062582802648	0.0132391935606219	0.0476058139930496	-0.3173
QRICH2	1.10564663584279	0.0132546285802524	0.0476519297678391	-0.7642
NCAPH2	5.20793632046708	0.013269640126477	0.04769435694902	-0.2618
FGF1	-0.550430987223206	0.0132716549792409	0.04769435694902	-1.4436
MFSD1	5.28192695018918	0.0132867947931964	0.0477393673970859	-0.2652
LPIN3	3.08070712900393	0.013311237905235	0.0478177802435989	-0.4406
RHOBTB3	6.96091721199955	0.0133491649414101	0.047944590826359	-0.2424
CCNDBP1	4.31039036969586	0.0133692465478875	0.0480072708454434	-0.3128
ATG2A	4.3415076078678	0.0133999732130506	0.0481081437517113	-0.3036
VPS39	5.40494511868993	0.0134144934484352	0.0481413391772424	-0.2892
NCF1C	-2.07078465031653	0.01342302134632	0.0481624759627392	-4.9814
SHQ1	4.08689561203818	0.013456409075226	0.0482633013904373	-0.3342
ACE2	0.73176427159314	0.0134817833393996	0.0483448117548772	-0.8813
PDIA4	8.29378352494933	0.0134863573323146	0.0483479590357779	-0.2203
SLC25A21	1.21837688450834	0.0134879576779808	0.0483479590357779	-0.7191
WDR82	6.50772384402265	0.0135063211302911	0.0484042792608154	-0.2311
FLJ31356	-0.941613959396793	0.013539570162126	0.048494877943844	-1.9211
ARFGAP3	5.1922100093628	0.0135522752038855	0.048530862322898	-0.2668
TPI1P2	1.07450951049428	0.013568887811003	0.0485808228824613	-0.8539
GTF2IRD2B	4.24422861567256	0.013573975329268	0.0485895085511994	-0.3305
MYO1F	1.00885649791006	0.013607664638234	0.0487005539375808	-0.7989
ANAPC11	5.97599528970456	0.0136227851000345	0.0487451126590024	-0.4972
STIM1	4.48154013359593	0.0136783148401816	0.0489315759850858	-0.3005
RSG1	0.651159770070071	0.0136905906477271	0.0489493581795743	-0.9469
GGT8P	0.367417978429878	0.0137607785522332	0.049171417743114	-1.1568
WDR31	2.6080731615807	0.0137822734971671	0.0492385880556326	-0.4618
UBL7	5.46730359232634	0.0137891899648059	0.0492536591660137	-0.2534
FAM25A	1.09296256162888	0.0137959479662449	0.049268158464743	-0.8466
HSD17B10	6.85680680118705	0.0138072218413914	0.0492987760485901	-0.2327
TMBIM1	6.25493738751946	0.0138176575222567	0.0493263894654513	-0.2468
FDPS	7.13511489834928	0.0139641264045965	0.0498005648842183	-0.2215
LTA4H	6.95322109967351	0.0139742258413777	0.0498268490156623	-0.2235
CRY2	2.46374086332141	0.014002721520899	0.0498992161010212	-0.4764
ZNF488	4.71464299111214	0.0140156528877341	0.0499355501792493	-0.2782
ULK3	4.07846363959744	0.014048065565216	0.0500217446769227	-0.3714
CALM1	7.00390754867448	0.0140525402727925	0.0500279202847309	-0.22
PCYT2	5.21878023528775	0.0141556032710679	0.0503095445355614	-0.2539
LOC101929469	-0.615708944523689	0.0141585617401071	0.0503095445355614	-1.5533
FBXO6	0.905352831129122	0.0141625622361206	0.0503095445355614	-0.8683
TCTN1	4.05851646880129	0.0141628491434921	0.0503095445355614	-0.3056
GAA	5.21277571680794	0.0141725704719082	0.0503239313084413	-0.2607
AKR1C3	9.71511232225551	0.0141742799511396	0.0503239313084413	-0.3867
ZNF579	4.68126812109723	0.0142364423025177	0.0505079406943933	-0.4767
RPRM	-1.9867720269353	0.0142726406962026	0.0506212904021706	-5.0621
WDR83OS	4.93109887806961	0.0142967657959213	0.0506799526932697	-0.4066
MIF4GD	3.05450325796994	0.0143041572425219	0.050696310351287	-0.4137
TYMP	0.62709375490316	0.0143558815919355	0.0508598824650447	-0.9182
ATOX1	6.01569565941657	0.0143596817644634	0.0508599698334461	-0.2356
PAM	6.10958454782459	0.0143614781163133	0.0508599698334461	-0.2777
SLX1A-SULT1A3	0.414496884343403	0.0143770067495021	0.0509050882891602	-1.0284
ATP2B4	5.82681748239409	0.0144979495364784	0.0512835820069656	-0.237
DRAM2	4.88602144637733	0.0145613089245063	0.0514687538463357	-0.2566
CHCHD4	4.39401022870535	0.014580766695994	0.0515266118470898	-0.284
CNKSR1	3.36281972129276	0.0146064785360432	0.0515974984818119	-0.3968
ATP7A	4.12752233771116	0.0146260819606549	0.0516567522293896	-0.3222
BSN-AS2	-1.75056385016735	0.0146766715536977	0.0518053588330055	-2.9763
CCNI2	-1.75056385016735	0.0146766715536977	0.0518053588330055	-2.9763
NDUFB7	5.30127253391094	0.0146863952757816	0.0518296601884146	-0.2621
WBSCR27	0.692657356466741	0.014710186014153	0.0518976650560439	-0.8837
DNAL1	4.48779894210186	0.0147340797340149	0.051957766973957	-0.3064
ZBTB45	2.5431060195294	0.0147428721546113	0.0519669403947125	-0.4618
SYNGR2	5.80802063802114	0.0147452208175181	0.0519669403947125	-0.3293
NAGA	4.19793286141335	0.0147691945224673	0.0520381497596621	-0.2974
GJD3	1.44790749092151	0.0147711268653905	0.0520381497596621	-0.6572
UBFD1	6.78902773587658	0.0147743251982874	0.0520393750376104	-0.2277
CORO1A	1.95974350667111	0.0147914746981642	0.0520897303413744	-0.6243
GRAMD1C	2.9342018969154	0.0148088140781462	0.0521407347754364	-0.4571
PPP3CB	5.29156102846096	0.0148405772643979	0.0522122911040371	-0.2523
RDH16	-1.7511703324783	0.0148448031453388	0.0522170956110416	-2.971
SLC35B2	5.33330328812083	0.0148609536355184	0.0522638354016614	-0.2483
SCIN	-1.75104139123382	0.0148660133673439	0.0522715600990427	-2.9695
FBXO15	-0.0531752259485256	0.0148808073687145	0.0523034307514925	-1.1182
COX7B2	2.42844150993758	0.0149136798123523	0.0523956289838545	-0.6737
SRXN1	8.22224239461305	0.0149534342230622	0.0524577046841323	-0.2183
ECHDC2	3.83348453555365	0.0150023437136936	0.0525987844181029	-0.3399
C1RL	4.85563098377132	0.0150187815719257	0.0526262718574043	-0.2787
PMS2P1	4.32420855712049	0.0150339193579515	0.0526692058719561	-0.3085
ZFAND6	5.99618988955052	0.0150525382251451	0.0527243165460955	-0.2325
PNPLA2	4.65825015223618	0.0150712526979538	0.0527797408889016	-0.3331
GOLGA4	7.73078489971156	0.0151210739306239	0.0529339071289491	-0.2169
KIF13B	4.46624719096045	0.0151433291501846	0.0529914926137185	-0.3
P3H3	-1.54780440829451	0.0151708905083879	0.0530575965676767	-2.3802
RASGEF1B	-1.54780440829451	0.0151708905083879	0.0530575965676767	-2.3802
TMEM9	5.95495958157156	0.0151882803059179	0.0530979021954878	-0.2938
RASSF7	1.34342639339837	0.015241189983216	0.0532478476471412	-0.7143
PON2	5.83135261889454	0.0153017946988099	0.0534129185509508	-0.2409
BAIAP2	5.62204758489257	0.0153105491402035	0.0534332603906625	-0.2595
LPCAT2	6.98151407494719	0.015321860909207	0.0534625177290678	-0.2439
FAM86DP	3.49338642996675	0.0153420437798511	0.0535227118755899	-0.3641
ACAT2	5.40988568514628	0.0154003781823167	0.0536851831385094	-0.2462
LINC00999	0.729103364256538	0.0154304222858157	0.0537591200858494	-0.9268
WIBG	5.00296385524324	0.0155578418127955	0.0541307337782341	-0.2666
LETMD1	4.58276976861957	0.0155863719519875	0.0542093363222487	-0.2982
GFER	5.32640481118281	0.0156987137953094	0.0545792647204663	-0.2522
PCBD2	3.08536174203703	0.0157250512910022	0.0546604220046716	-0.4751
ARMCX6	3.72268800472642	0.0157433404604565	0.0546927542238048	-0.3397
RBPMS	2.165482624576	0.0157493949519689	0.0547033779001417	-0.6454
SCYL3	3.2183629186077	0.0157690114420885	0.0547610943288507	-0.3751
MC1R	2.44590571313829	0.0157756422649766	0.054773702013962	-0.4824
TRPV1	1.93797524360927	0.0158241546331977	0.0549212484759805	-0.5905
PTPN6	5.212603652893	0.0158301955489364	0.0549317715151841	-0.2784
MORN2	4.34372594676965	0.0158559755550208	0.055000321058799	-0.295
FASTK	5.28297665339303	0.0159085669015668	0.0551408386852104	-0.3417
TGM4	-1.21765584152719	0.0159462720329504	0.0552610368704522	-2.2444
LINC01605	1.42158599341248	0.0159725542252421	0.0553206127748093	-0.7506
FBXL8	1.28684830283812	0.0160030581849561	0.0554052399439711	-0.7344
DHRS7B	4.42638658203956	0.0160296085084498	0.0554866387808608	-0.3059
STAT2	4.1584153669354	0.0160423663617326	0.0555097498672841	-0.3892
ASIC3	0.780560274485531	0.0161448824207203	0.0558221540667934	-0.8954
UBE2E2	4.67688024722675	0.0161602514628141	0.055854136824145	-0.2702
POLR3K	4.9782017083154	0.0162256695282714	0.0560192998549483	-0.3599
LOC100506022	-1.61554283842894	0.0162267795262958	0.0560192998549483	-3.1569
SLC2A4RG	6.26095879790506	0.0163098176015196	0.0562539259651128	-0.2266
DZANK1	2.21428978665409	0.0163239001918539	0.0562812317096288	-0.5236
NDUFS8	6.73496116895388	0.0163343243549785	0.0563065380333246	-0.2245
RASL11B	-1.75177657418282	0.0163562427786471	0.0563455600200035	-2.9626
IFITM2	-1.54948833233596	0.0163696184622757	0.0563643445204274	-2.3494
ALDH3A2	7.80447551904714	0.0163802681379965	0.0563903781118733	-0.2131
NRSN2-AS1	2.42409699028725	0.0163908997672128	0.0564057052121088	-0.4778
KITLG	4.87419105283036	0.0164249422105689	0.0565122022231711	-0.3361
ULK4	1.46477299680594	0.0164547082793715	0.0565887982924551	-0.6926
LOC101929147	3.2778607052514	0.0164565036226251	0.0565887982924551	-0.3631
NFKBIZ	2.79602784341382	0.0164766780598344	0.0566475018192724	-0.4775
CCDC167	4.29034308982741	0.0164888693679147	0.0566684096503019	-0.4452
CLCF1	3.90953414113282	0.0164889675757232	0.0566684096503019	-0.3469
MNT	4.75252111863822	0.0165364674819102	0.0568102654026633	-0.2609
RCC1	7.19961356798995	0.0165611310614538	0.056862894236957	-0.2268
C1orf122	5.10461233910823	0.0166118586570942	0.0569941912505001	-0.415
DMWD	4.25895272304249	0.0167082230547485	0.0573029333707864	-0.2894
FALEC	-1.37208938543698	0.0167745649996484	0.0575091941095926	-2.0231
MYL12B	8.28950927433268	0.0168136442216683	0.0576323486501647	-0.2157
DNHD1	1.96913572721179	0.0168366293821769	0.0576786462752902	-0.6063
C17orf62	4.61714551663158	0.0168598345167533	0.057736473257897	-0.2964
FAM60A	2.36070537323696	0.0169113615924213	0.0578803556863972	-1.0796
LOC105376678	-1.82355570098524	0.0169520587481116	0.0579544540272521	-2.8558
LOC375196	-1.82355570098524	0.0169520587481116	0.0579544540272521	-2.8558
SDR16C5	-1.82355570098524	0.0169520587481116	0.0579544540272521	-2.8558
RPL41	10.4594689009754	0.0169574870064725	0.0579621574218616	-0.2518
DEFB1	-1.82342648894692	0.0169867666649906	0.0580405038809784	-2.8534
TCEB3-AS1	-0.190343213565435	0.017035643762767	0.0581530876090266	-1.1709
PITRM1	6.65667220827842	0.0170955401304288	0.0583248328576169	-0.2239
LOC440434	0.143440394363144	0.0172724448657113	0.0588733669657254	-1.7625
KHNYN	5.22590671057273	0.0172946178166741	0.0589269396904074	-0.3183
MGLL	5.33616852315405	0.0173202003339854	0.0590030933564541	-0.2489
EPOR	1.01033371930082	0.0173702890983498	0.0591473230565585	-0.7543
CBX7	3.78227025312259	0.0173722582290352	0.0591473230565585	-0.3145
PAX1	3.52368782098353	0.0173972047984734	0.0592212140221762	-0.4547
ALPK1	3.70844236344252	0.0174119021587063	0.0592601949681846	-0.3302
NOS3	-1.07388551660406	0.0174260024767831	0.0592971297700191	-1.6573
SCARA5	-1.5493597840983	0.0175529279580541	0.0596664482169739	-2.3473
PPCS	5.70811982702614	0.0175541462189618	0.0596664482169739	-0.2718
CCDC149	2.66396947402669	0.017575782212989	0.0597107533030486	-0.451
ARV1	3.90309371023828	0.017592456190293	0.059752163759998	-0.4105
MMP25	-0.550681970417827	0.017622251623667	0.0598422294720358	-1.4463
SGPP1	5.2806364965253	0.0176373531599796	0.0598823729381787	-0.2691
PRKAR2A-AS1	-0.750861500402846	0.017783242934914	0.0603103999665223	-1.5903
GRAMD4	4.15825499450214	0.0177951876624314	0.0603397002164464	-0.3265
DNASE2	4.9253442470489	0.0177996556567246	0.0603436422783963	-0.2908
DAPP1	2.95968738021686	0.0178178617349448	0.0603605277107353	-0.42
TECR	6.54280336322618	0.0178250635994762	0.0603737219057583	-0.2396
ARHGEF9	3.84637372906936	0.0178344145184743	0.0603941887310826	-0.3134
NRADDP	-1.54828015988627	0.0178804004060591	0.0605274596352709	-2.3604
CST6	4.45523859691361	0.0179168986444055	0.0605999714564567	-0.3136
CELF4	-0.404724661574453	0.0179224439478153	0.0606023590871116	-1.4529
CALML6	-0.943490986401101	0.0179676203469025	0.0607193266081121	-1.56
CCDC109B	4.23895483442469	0.0179703397055012	0.0607193266081121	-0.3019
TUBGCP6	4.42895659539675	0.0180078990478218	0.0608233349725349	-0.2963
NUDT2	3.92780358874046	0.0180111168307145	0.0608233349725349	-0.3105
ZNF823	2.9385938129644	0.0180676177054035	0.0609802974357269	-0.4299
PKD1P1	0.310254757630467	0.0181074218625421	0.0610920520278263	-2.0597
KRT16P1	-2.0726156564091	0.0181273055866695	0.0611252476524267	-4.9393
LINC01485	-2.0726156564091	0.0181273055866695	0.0611252476524267	-4.9393
PYGO2	4.82306852997298	0.0181680203772965	0.0612109769314186	-0.2714
LOC101927762	-2.16532200647227	0.0181694940836633	0.0612109769314186	-4.7559
EPN2-AS1	-2.16532200647227	0.0181694940836633	0.0612109769314186	-4.7559
SLC38A3	-2.16532200647227	0.0181694940836633	0.0612109769314186	-4.7559
FBN2	-2.16532200647227	0.0181694940836633	0.0612109769314186	-4.7559
UBE2S	7.83768950019745	0.0181841759588219	0.0612491358494932	-0.2484
MMAB	4.79617971791176	0.0182081499778638	0.0613185733251948	-0.2645
GINS1	6.05364729470896	0.0182167068370748	0.0613360752522385	-0.2235
FZD4	2.33854158620898	0.0182602930881203	0.0614610379578784	-0.511
LOC100130744	2.63248365513159	0.018267632711178	0.0614735304654867	-0.4982
IAH1	3.96862683730641	0.018290811824021	0.0615401881052943	-0.3261
LUC7L	5.15743596915403	0.0183091534592294	0.061590548286658	-0.2513
PAXIP1-AS1	3.24622350083348	0.0183770435988313	0.0617620228166907	-0.4611
VPS37D	1.16848670354739	0.0184027118073647	0.0618369053479201	-0.7635
WDR19	3.96467552447724	0.0184174686606677	0.061875102662707	-0.304
ZDHHC24	3.19308222419116	0.018482238381713	0.0620584410330243	-0.4078
MAPK13	6.54325771379852	0.0184933825508959	0.0620844413109886	-0.215
AKR7A3	-0.581755477926393	0.0185590583819527	0.0622705697152964	-1.3948
MIR31HG	3.73177748276816	0.0186099446812918	0.0624298328007467	-0.3772
ALDH7A1	6.3905021206474	0.0186749944512327	0.0626017509997873	-0.2309
LOC646214	0.70062097350672	0.0186759500533666	0.0626017509997873	-1.0884
RNF149	5.55797909097585	0.01868060922141	0.0626017509997873	-0.2544
DNAAF1	-1.37148772877874	0.0186852758196405	0.0626017509997873	-2.0299
GUCD1	5.3476397217632	0.0186913148565941	0.0626017509997873	-0.2698
LOC101928000	3.48790650597182	0.0186913527634884	0.0626017509997873	-0.4124
SNHG9	2.57096083216785	0.0186920543766346	0.0626017509997873	-0.5938
CSAG2	0.826439689896425	0.018707531675984	0.0626420943280931	-1.0658
RBM6	6.10361136151267	0.0187205226078237	0.0626740987948708	-0.2952
SCP2	6.3828858168831	0.0187573533312923	0.0627858896985832	-0.2801
GUSB	5.16716502183132	0.0187917124790815	0.0628778414622641	-0.246
HIST1H3C	-2.16471089444334	0.0188038761281427	0.0629070116539076	-4.7635
KDF1	3.18736990774596	0.0188292466755012	0.0629803457874588	-0.4206
EEF2K	5.39465701340872	0.0188408863499682	0.0629961943598938	-0.2365
MROH8	0.29633983144915	0.0189575507259949	0.0632948667209932	-1.1028
DONSON	5.23590906362488	0.0189645114240155	0.0632948667209932	-0.2455
LOC105376779	-0.784538838743031	0.0189683509986062	0.0632948667209932	-1.8628
JAK3	2.89586905034842	0.019044207221766	0.0635341371527688	-0.4494
PAIP2B	3.6005619697771	0.0190681630686137	0.0635930553490338	-0.3328
MOB2	3.06381925095328	0.0190769366775593	0.0635990788870568	-0.383
C3orf67	2.57595218342126	0.0191055267420086	0.0636711384085631	-0.4867
SLC35C1	4.22717768221333	0.0191506290441628	0.0637947173757948	-0.2834
FAN1	0.616524926875302	0.019159967035319	0.0637947173757948	-1.0662
CDH7	-2.07322549894967	0.0191666690343684	0.0637947173757948	-4.9305
LOC105376066	-2.07322549894967	0.0191666690343684	0.0637947173757948	-4.9305
LOC100507346	-2.07322549894967	0.0191666690343684	0.0637947173757948	-4.9305
TRAM1L1	1.13452739761979	0.0192072115491335	0.0638953637637538	-0.7167
PLEKHA6	5.1323525685706	0.0192094133264428	0.0638953637637538	-0.2394
WDR44	5.40010263996081	0.0192113087039463	0.0638953637637538	-0.2479
GUSBP5	-0.242251131599512	0.0192405228978925	0.063980871771207	-1.2234
VWA3A	-1.54996356618523	0.0192567898437265	0.0640233027475998	-2.339
CD96	-1.54815150994615	0.0193038937979594	0.0641565419944561	-2.3602
GEM	0.811312567649993	0.0194170630835473	0.0644857019562016	-1.0506
YIPF3	5.46162658320136	0.0194383008640643	0.0645444926472094	-0.2384
CD72	-1.43106230148401	0.0194624292767206	0.0646011107046931	-2.5087
BTBD9	3.17414203028728	0.01948044771323	0.0646256684449804	-0.369
CREB3	4.5772798655162	0.0195108622933617	0.0646795536639933	-0.2683
VKORC1	4.64481041180883	0.0195158473065751	0.0646843334111902	-0.2765
GUCY2C	-0.903113244162499	0.0195332709307743	0.0647208148104595	-1.6205
MROH6	3.35436042018146	0.0195370482481243	0.0647208148104595	-0.6661
CD2BP2	6.23923773193454	0.0195374896154931	0.0647208148104595	-0.2245
PGAP2	4.47981717251968	0.0195526377603512	0.0647474977241014	-0.2917
MRPS12	5.77718537900861	0.0195643422550092	0.0647745071105274	-0.2872
LBHD1	0.316534207400323	0.0195896174648684	0.064834673030935	-0.9683
TMEM64	5.21429744713414	0.0196150508949893	0.0649070815912496	-0.2788
RPL10	10.1951428591727	0.0196318021074016	0.0649507392665321	-0.2357
LOC100130950	-0.429978339756797	0.019735522627192	0.0652702357032639	-1.2565
FAM173B	5.73833337335267	0.0197748352674689	0.065376565129104	-0.2731
SIX5	3.6334027005326	0.0198648597771353	0.0655981615998709	-0.3335
SF3B5	6.01919954369544	0.0198682591879849	0.0655981615998709	-0.3711
FAM174B	5.00196733555086	0.0198740001863111	0.0655981615998709	-0.3558
MAD2L2	4.22856752542534	0.0198742020053071	0.0655981615998709	-0.3533
EPM2AIP1	3.41502475015567	0.0199554088688337	0.0658542921745171	-0.3529
HOXA-AS2	2.52220804046463	0.0199737896238037	0.0658911281843441	-0.5124
MMP2	-0.215698187494236	0.0200134840425731	0.0659863038976366	-1.1335
APOA1BP	5.65878718822687	0.0200375479258074	0.066053715228158	-0.2283
BOK	5.46859788776804	0.0200855787024208	0.0661762001067307	-0.2552
SDPR	1.57019065919674	0.0202351145430953	0.0666328014247382	-0.6708
SIL1	4.24827188390491	0.0202475725229577	0.066649780739112	-0.2767
PCSK6	4.70007733489569	0.020264502644645	0.0666934848171336	-0.256
C17orf58	3.55295271598439	0.0202920434166546	0.0667720880703761	-0.3329
LINC01000	4.95368392863687	0.0203416573072803	0.0668991705641703	-0.2544
DYNC1LI1	5.76951714313403	0.0205464447264843	0.0674754263224856	-0.2711
MAOA	1.71012374681889	0.0206179263236344	0.0676858232268062	-0.6187
LPP-AS2	0.449668340178738	0.0206359022670496	0.067732655840931	-0.9419
LRRC27	2.00723465846765	0.0206446510451881	0.0677491909906442	-0.5734
LOC101928120	-1.75238257546014	0.0206683170590754	0.0678146650306398	-2.9444
NDUFB1	4.36996377546002	0.0207153302950847	0.0679322920544398	-0.2785
ETFDH	3.93946346902144	0.0207339928299336	0.0679738122324968	-0.3105
SNHG16	6.60506562547155	0.0207354382297751	0.0679738122324968	-0.3103
C7orf55	-0.432792179733372	0.0209239681830616	0.0685549108309357	-1.4109
AIFM3	0.151465179971947	0.020978985014038	0.0687105042009827	-1.0937
JTB	6.36241989437269	0.0209867971207064	0.0687237611184962	-0.2665
IBA57-AS1	-0.946111180092597	0.0210444380622963	0.0689001544593404	-1.8461
VPS9D1	2.59247167820277	0.0212463309775578	0.0695042134073342	-0.4372
LARGE	3.09401007765425	0.0212482762091862	0.0695042134073342	-0.3809
GOLPH3L	5.3299531742069	0.0212884984015493	0.0695993601036324	-0.2327
TTC30B	2.69720730784845	0.0213023010400167	0.0696320157182713	-0.4454
ST7-AS1	-0.486387076159467	0.0213121708859974	0.0696518066048635	-1.3711
CORO1B	5.79026611476771	0.0213717425123718	0.0698127985755696	-0.2224
TRIM11	4.88469547063798	0.0213767278723397	0.0698127985755696	-0.2619
CRNKL1	5.64976583529628	0.0214078523114766	0.0698894405934043	-0.2409
KPNA6	6.58523632798998	0.0214592983413701	0.0700448686787149	-0.2323
ARPIN	5.29364709540452	0.0214829588319197	0.0701095631811809	-0.2339
EPB41L4A	3.69822799660458	0.0215462470713709	0.0702784146033494	-0.3386
NXN	5.2490700074	0.0216199020100696	0.0704934686722328	-0.2325
HERC6	2.40581974019673	0.0217154865196356	0.0707293348621707	-0.4638
B9D2	1.89050709686137	0.0217835248741558	0.0708498182972722	-0.5592
NUDT16P1	3.75356252163837	0.0218221040897169	0.0709626527007253	-0.3113
SPRR1A	-1.82281846124755	0.0218343485499505	0.0709898249559922	-2.8745
HIST1H4C	-1.21330392649491	0.0219505716752778	0.0713422888559499	-1.8287
VASP	6.18970751823776	0.0219568831523047	0.0713500994710707	-0.2706
IDUA	2.294144028255	0.0219647940248844	0.0713631037049811	-0.5003
SIRT2	4.18198320545568	0.0220367421496196	0.0715459300521883	-0.2818
RPS15	8.84510860203914	0.0220657517688536	0.0716094017641674	-0.2115
PGBD2	2.32572853526825	0.0222475396805079	0.0721277010135592	-0.478
ECM2	1.05727053492219	0.0222868733308932	0.0722039324807075	-0.747
SPATA12	-0.37577072727503	0.0223354025793007	0.072309826119474	-1.3252
AREG	1.97308965472659	0.022368164081847	0.0724030502620919	-0.5535
ANKRD54	4.84487091692855	0.0223872554677084	0.0724520006769162	-0.2629
INO80E	4.71664597378856	0.022443737790631	0.0726219207915205	-0.2482
AGAP5	2.08476877659201	0.0224674484005259	0.0726857589934432	-0.5043
THEMIS2	-0.645419666683835	0.022486047114241	0.072732507442106	-1.7619
PHYKPL	2.98835092173083	0.0225286691341964	0.0728192959833374	-0.4136
ACAD8	3.59203564314561	0.0226712338036527	0.0732023424689571	-0.3301
BAD	4.21286476889529	0.0226766082678819	0.0732067481058272	-0.3218
MICALL2	4.84335745994318	0.0227290724444284	0.0733438286478649	-0.2417
TMEM161B-AS1	3.01305892177834	0.0227311230548652	0.0733438286478649	-0.4631
RCE1	4.4221507686325	0.022794612839553	0.0735356868702737	-0.3332
ZNF18	2.30312572577064	0.0228223381140351	0.0735991175781356	-0.4741
LRRC10B	-1.37088583922761	0.0228538689799089	0.0736747716929572	-2.0429
LINC00174	0.794909255367375	0.0228900222835729	0.073765268633523	-0.7981
CCM2	5.88141211677762	0.022900453861825	0.0737858605191454	-0.2323
KLHL18	4.00532304098233	0.0229443191647803	0.0738880738529246	-0.3253
LOC105377621	0.718689582256571	0.0229655891757916	0.0739435266302031	-0.8535
NMU	3.35696042965539	0.0230428757164235	0.0741662092875577	-0.3418
LRRC46	1.21433654752235	0.0230550035435684	0.0741921637037518	-0.8201
BLOC1S4	3.23070627130746	0.0230628929853711	0.0742044720375282	-0.3834
CAPN10	4.127455452974	0.0230913941702492	0.0742830822858271	-0.2915
POLR2L	5.9304012780776	0.0230983558359699	0.0742923862123796	-0.3942
PHYHIP	0.0962944586514451	0.0231152257083186	0.0743204580012441	-1.0164
PER1	4.17214588032643	0.0231781698044324	0.0744834831807285	-0.2937
REPIN1	6.83389960413677	0.0232288714392519	0.0746332764862695	-0.2202
SH3BP5-AS1	0.621438694887237	0.0233212734343961	0.074903794478947	-0.8906
RNPS1	7.67226317225917	0.0233689831395542	0.0750438269473531	-0.2124
EFNA4	2.70849394020617	0.0233831056514156	0.0750759719965255	-0.4387
HADHA	7.15393472033598	0.0233876202507408	0.0750772631084095	-0.2021
ACTN4	9.77805873832997	0.0234352767616561	0.0752037990087528	-0.2291
EHHADH	2.6036547580413	0.0234494836335396	0.0752097282526176	-0.4412
CCDC103	1.81215288432459	0.0234678298343566	0.0752421323245546	-0.5627
ALG1L2	0.052722479132274	0.0235782704948991	0.0755299010624458	-1.0482
IGSF9	4.51128745968671	0.0235991377369775	0.0755834839519757	-0.2896
CENPB	6.88810402997513	0.0236371506759842	0.0756642664248349	-0.2503
LOC284454	2.70610121607608	0.0236409386331758	0.0756642664248349	-0.4325
GJB3	5.60536808730175	0.0237070554550645	0.0758492822270692	-0.252
LINC01270	1.38034422403438	0.0237851009401061	0.0760589950538758	-0.6871
ZNF720	4.09321135376688	0.0237950245598583	0.076077402515722	-0.3082
ZNF137P	2.14220542429706	0.0238213275756459	0.0761481625321295	-0.5333
ADSSL1	1.54974238150973	0.0239129765137632	0.0763876289125566	-0.7913
ARHGEF33	0.20938388555961	0.0239831588383884	0.076585017973346	-0.9864
HGSNAT	4.29300892330171	0.0240010857998508	0.0766154611579081	-0.2897
SNX30	5.64554583366535	0.0240144498325928	0.0766447196055619	-0.254
C6orf52	1.71343046392411	0.0240682708202614	0.0767768716854284	-0.5725
DEF6	3.54231140114014	0.0240691788370619	0.0767768716854284	-0.3203
TRNP1	3.17817805831885	0.0240813432416681	0.0767910920908109	-0.3736
PDE6B	0.960084579500364	0.024115414352113	0.0768863088390108	-0.7812
FAHD2B	2.92823054112952	0.024212520101736	0.077155483850112	-0.4088
CEBPD	2.63029213990191	0.0243241351040504	0.0774705880075968	-0.4484
DSCR3	4.92098991719775	0.0243650271508497	0.0775467112388272	-0.2507
RBM5-AS1	0.62514216121124	0.0243696250622671	0.0775478255423998	-0.8423
FANK1	3.43581194447343	0.024397313288497	0.0776088780963238	-0.3707
UQCRB	8.70800488237625	0.0246296929105251	0.0781710142167153	-0.2136
C4orf32	2.53312547913033	0.0246448547340076	0.0782055393749424	-0.4295
LOC100506746	0.807637263835873	0.0246811875124034	0.0783072226670902	-0.7568
CCL28	1.49490212645976	0.0247692162541099	0.0785182864967928	-0.5949
RWDD2B	3.91042939272361	0.024774475870583	0.0785213249120422	-0.2949
LYSMD1	2.74747545383831	0.0248109594129526	0.0786233075929287	-0.4696
LRRC8A	6.68465752708819	0.0248542573597225	0.0787270979607652	-0.2105
THYN1	4.19873906383086	0.0248669098098427	0.0787459333024266	-0.2729
PTRH1	2.42835532933317	0.0249500453599882	0.0789954956801846	-0.4352
HMGN3	6.12789213044567	0.025031225143175	0.0792387803387901	-0.2388
RAPSN	-0.824673758539731	0.0250485404006201	0.0792661039268019	-1.4708
EMC9	3.31964492368299	0.0250537868819688	0.0792689659128635	-0.3843
HSD11B1L	0.900958464394599	0.0250589441332943	0.0792715446365311	-0.7363
RBM42	6.1615719331619	0.0250875904232334	0.0793346701483716	-0.2289
GNL3	7.29779022740572	0.0251352657033125	0.0794441500484199	-0.2243
COPE	6.54424218225586	0.0251749003541585	0.0795556484101641	-0.4315
DNAH5	3.76889019598368	0.0251928489363175	0.0795985895087248	-0.3011
ENTHD2	3.04035087351302	0.0252256372145125	0.0796524311035206	-0.3751
RPS21	9.61806130039583	0.0252508032661945	0.0796736824850558	-0.2311
CCDC33	-0.944678609339098	0.0252515858131203	0.0796736824850558	-1.5489
AVPI1	3.98945986786002	0.0252764456812502	0.079710967759009	-0.3736
LOC100505920	0.796049342274261	0.025306738564461	0.0797927148934024	-0.8514
ATP13A2	4.30202377339809	0.0254029786688783	0.0800685045889229	-0.2817
UBTD2	5.33020494309677	0.0254559314596783	0.0802114572350167	-0.2261
IQGAP3	5.95555538963155	0.0254571200273711	0.0802114572350167	-0.2266
LSR	6.55735916402798	0.0254899807700738	0.0802872824255463	-0.2289
MT1A	3.45724222198333	0.0255167697890725	0.0803577970104031	-0.4366
SUSD1	4.26810300806485	0.0255550887758388	0.0804206617827973	-0.2934
PRSS53	2.30111284888399	0.0255556426776673	0.0804206617827973	-0.4899
RPL27A	9.03790381920594	0.0255677689377495	0.0804206617827973	-0.2012
ZMAT5	1.68507832171455	0.0255719731402902	0.0804206617827973	-0.6092
NANOS3	-1.26546049022199	0.025587334513656	0.080449465007611	-1.7244
ARL3	4.85818530690793	0.0255899454042067	0.080449465007611	-0.2375
TMX4	4.22225080592141	0.0256227066800952	0.0805108662911907	-0.2706
BRI3	6.19250574815575	0.0257108553074703	0.0807461507815547	-0.257
LOC103021296	-1.82477092530103	0.0257491247036751	0.080838524607101	-2.8392
MIR99AHG	-1.82477092530103	0.0257491247036751	0.080838524607101	-2.8392
SLC52A1	-1.82464181703177	0.025778878216082	0.0809180193797786	-2.8377
UBE2D4	3.78745051424645	0.0258958597882254	0.0812293498786673	-0.339
SFI1	3.77038900379036	0.0259638416205149	0.0814146157032154	-0.3008
EXD2	4.72937702758606	0.0259910921478841	0.0814860687363512	-0.2601
AKAP7	2.4382562650582	0.025996097492583	0.0814877671402121	-0.4794
STARD7-AS1	1.77675737888459	0.0260525421358645	0.0816506796965394	-0.633
SNRPB	7.73939307270781	0.0260825221491534	0.0817165821786417	-0.3178
SPAG16	4.64476668383301	0.0261314465037354	0.0818277336830519	-0.2483
WBP1	1.25989155457715	0.0261779937169311	0.0819453795089667	-0.6927
NOL3	3.6935140709136	0.026190533306691	0.0819705770695955	-0.3045
NCAM1	-1.8241634342818	0.0262316444312006	0.0820711055245928	-2.8451
DNAI1	-1.8241634342818	0.0262316444312006	0.0820711055245928	-2.8451
VAPA	8.06194644134339	0.0262415996864663	0.0820818613706573	-0.2031
MIR429	-1.82403427414763	0.0262623593764576	0.082124882605211	-2.8435
ALDH3B2	0.484891152524843	0.026308216684953	0.082240206130223	-1.1228
ALDH1A3	9.26190105664634	0.0263221906448251	0.0822698018167996	-0.2003
SLC38A10	6.20201330482949	0.0264282272927995	0.082558815444447	-0.2114
TRPV3	0.282810603357192	0.0264602141485604	0.082644597005324	-0.9201
TM7SF3	6.37846641823497	0.0264736884115126	0.082672537742144	-0.2097
TXNDC12	6.36084720416731	0.0266389792899469	0.0831318300713283	-0.2061
SPANXA2	-1.42874945926982	0.0266469896463706	0.08314261544764	-1.9218
ANKRD29	0.871574589481456	0.0267039457639819	0.0832812067036208	-0.8134
HPS1	4.06282715555539	0.0267050933415313	0.0832812067036208	-0.3206
NPHP4	3.58756870594297	0.0267686357162913	0.0834237402230508	-0.3976
RHBDD3	2.99299697725169	0.0267865816559026	0.083449801145078	-0.4128
C19orf53	6.87375829213517	0.0268830737835628	0.0836951180759021	-0.202
MYEOV	6.0269276339781	0.0268881307676294	0.0836951180759021	-0.2388
LOC100506639	1.43718780203929	0.0268884882364042	0.0836951180759021	-0.6368
ABCB6	4.54439214582442	0.0268948536175575	0.0836951180759021	-0.2701
COQ5	4.8517023837326	0.0268984165267235	0.0836951180759021	-0.2512
RCC2	8.10054080458114	0.0269849571524582	0.0839065613550051	-0.2156
C2orf82	0.677811727369955	0.0270364987935534	0.0839831786162218	-0.9095
LOC105377133	-1.82537817422506	0.0270405961824141	0.0839831786162218	-2.8324
SVIP	5.38712487936838	0.0270621716297273	0.0840358913543632	-0.2713
SLC25A33	3.43544399231919	0.0270926589088638	0.0841162552789485	-0.3594
CFAP61	-1.61322031635623	0.027136215515738	0.0842228409478602	-2.2382
CNFN	1.23209694460957	0.0272010285749518	0.0843809647687883	-0.7325
C10orf111	-1.90163438013815	0.0272807676886706	0.0845708430844575	-2.6994
PODXL	7.65859304114695	0.0273279813213978	0.0846884445770561	-0.1988
TMEM57	4.06762497552246	0.0273542190533497	0.084732402318885	-0.2873
ADAT3	0.61169524704213	0.0273987415554622	0.0848069558895417	-0.8841
LOC105369660	-0.165911921035617	0.0274998145679822	0.0850477070562566	-1.0827
ASCC1	6.36319165049498	0.0275776886012186	0.0852019433243943	-0.2413
VCX	-1.07077483904768	0.0276422136207333	0.0853723992319587	-1.6975
SULF2	8.77142580200464	0.0276649050471309	0.0854280288464853	-0.2122
MUC5AC	-0.987543441139832	0.0276773012570782	0.085451853838867	-1.7841
HR	2.60306869882877	0.0277418792853567	0.0856028486140004	-0.433
FAM179A	-1.26460467737324	0.0277449635872612	0.0856028486140004	-1.7273
DERA	5.85567456682103	0.0277880515132573	0.0857068201429339	-0.2121
DNM2	6.37412509104681	0.0278084692786115	0.0857452398545723	-0.2036
EAF1	4.74187949625564	0.027809901685962	0.0857452398545723	-0.2613
ALKBH7	3.90129723253764	0.0278728675166382	0.0859248681836789	-0.4776
SLC25A45	1.30523421313185	0.0280083719093095	0.0862920877366137	-0.6467
TM4SF1-AS1	-1.61261534949932	0.0280108957015322	0.0862920877366137	-2.2432
OSR2	4.37560514616561	0.0280571004240177	0.0864052674326697	-0.2559
CCDC30	1.31396888311018	0.0280750263862079	0.0864313122608114	-0.6657
TMC6	4.67221270760134	0.0281430183269384	0.0866260230275817	-0.3147
PPARG	5.58194696568047	0.0282050031896283	0.0868021810906701	-0.2289
PIGO	4.12296842695994	0.0282574967938224	0.0869197744680743	-0.2802
ZG16	-1.61382504519	0.0282827757001163	0.0869801507345978	-2.2329
NEDD8	5.63123870961291	0.0282866539719165	0.0869801507345978	-0.3432
CPSF3L	5.09700693015583	0.0282940548895812	0.0869882563260684	-0.2253
KIAA1407	3.09146914083644	0.0283286143022358	0.0870651822729994	-0.3688
RPP25L	2.49999470643397	0.0283393054484809	0.087083379947394	-0.4196
LOC100130691	1.82521630232373	0.0285262910110367	0.0876284652023365	-0.5827
PDSS2	4.49271299490742	0.0285477014668751	0.0876794814904563	-0.2626
EMP3	4.85113258647285	0.0287439605621395	0.0881784143879043	-0.2702
LRP8	6.606151567756	0.0287524678053714	0.0881896929191634	-0.2116
LOC150051	-0.00764390618407981	0.0288108526098359	0.0883390872094665	-1.0719
PFDN5	7.09143979336578	0.0288717788270345	0.0884961709647989	-0.1982
ABCA13	-0.4036568114395	0.0289111510352022	0.0886019763805021	-1.2865
SNORA70	1.1595488314428	0.0291859102159165	0.0893390303322891	-0.7008
LINC01389	0.400405558008419	0.0292633753426107	0.0895011191581004	-0.8525
CNPY3	5.50509290360723	0.0292688703896299	0.0895029309603155	-0.2317
MFSD4	-0.90120588721091	0.0292918298620561	0.0895581386638246	-1.6426
RGL3	4.07072938086248	0.0294340852899743	0.0899780075441679	-0.3393
ARHGEF39	3.08724445110082	0.0294793976609653	0.0900863548206531	-0.3565
CD27-AS1	3.53220287540101	0.0295184945148184	0.0901907340355691	-0.3109
AMH	0.767546783222948	0.0295309010873386	0.0902135425452567	-0.8009
ERN2	-1.26640392880708	0.0295401405265544	0.0902266698097334	-1.7096
LYPD5	0.782391775586701	0.0295631984040851	0.0902517976697288	-0.7714
SH3BGR	1.6092617664397	0.0295843526840822	0.0902942232152489	-0.6995
YIF1A	5.04791970283819	0.0295869874711667	0.0902942232152489	-0.2283
INADL	6.17405419539314	0.0296546653166334	0.0904554001705029	-0.2043
DLG3-AS1	-1.61395369716075	0.0298367290757454	0.0909655150850457	-2.2335
CRYBB2P1	4.69154409646591	0.0298532011264863	0.0910001736124784	-0.3498
ZNF133	3.66735940374883	0.0298846614498359	0.0910808646791661	-0.3971
NDUFV2	7.30384969888983	0.0299008780288156	0.0911150774985907	-0.1938
CFAP36	5.83647911900798	0.0299240521655229	0.0911552638634718	-0.2145
BTG2	2.19077619587268	0.0299868108690283	0.0912542376939215	-0.4922
MIR600HG	2.83844017399183	0.0299907017392647	0.0912542376939215	-0.4045
B4GALT5	6.37425758018928	0.0299915329844177	0.0912542376939215	-0.223
LOC101927027	4.32304209266288	0.0300364044966706	0.0913298801617618	-0.2591
EDEM2	4.42132059331886	0.0300600962754474	0.091371481452642	-0.3423
IL22RA1	2.273279009213	0.0300720752332491	0.0913926761208915	-0.4652
CARD10	6.05822086623982	0.0301250039159961	0.0915078321947463	-0.2252
LOC100996579	2.23504517320303	0.0302003875664989	0.0916758023634859	-0.4746
UCHL1	9.3255869697554	0.0302531374166247	0.0918206611268329	-0.1998
GNG2	-0.715719115569624	0.0303566712945855	0.0920889649641	-1.3999
IFT122	4.8025259184892	0.0305676155041708	0.0926826754100885	-0.2915
TAF1C	4.34718548194894	0.0306179407536318	0.0928198482893229	-0.3051
MRPS26	5.70869240524183	0.0306318474685691	0.0928465893053622	-0.2594
SLC25A26	3.90377257492281	0.030653660650503	0.0928972823432241	-0.2908
PROCA1	2.03220980443667	0.0307291696513738	0.0930952076261997	-0.5075
C1orf21	4.20012030909614	0.0308833059971334	0.0935311271207145	-0.324
PPP1R3E	1.72518161039236	0.0309296350227026	0.093640367657456	-0.5324
SBK2	0.380790863114491	0.0309450880288523	0.0936560887027069	-1.0435
CHTF18	4.29408448479714	0.0309631865495779	0.0936953312861087	-0.2669
DEDD2	4.86045558849799	0.0309972960180342	0.0937519277841671	-0.2293
FAM83A-AS1	-0.21938370382224	0.0310379261599754	0.0938592645314744	-1.2404
ANXA8L1	6.46664247073261	0.0311558014858488	0.0941533375145929	-0.2404
ADGRG2	0.399990613051929	0.0311735183656993	0.0941912862105603	-0.9234
ENKUR	0.015170493701522	0.031197386247439	0.0942478046224138	-1.0042
ZBTB48	2.8454262384436	0.031236419231976	0.0943501107708396	-0.3743
ARIH2OS	-0.716770609629153	0.0312478608409813	0.0943690566605383	-1.3914
BCR	5.61414191800939	0.0313489893894028	0.0946118615131323	-0.2337
TLL1	-1.07256553915495	0.0313899062223828	0.0946604357887343	-1.6647
PIEZO1	7.62651662856462	0.0313910099838408	0.0946604357887343	-0.2047
PAQR6	2.25335951654875	0.0314410515424454	0.0947800259179132	-0.4534
IGFALS	-1.42840370800243	0.0315071928123897	0.0949323835588357	-1.9325
FAM227A	2.92287613634452	0.0315593512049159	0.0950738474582417	-0.4127
LMOD1	-1.32043831590201	0.0315977825383029	0.0951582180830185	-2.0701
RPL35A	10.9886624823374	0.0316097257515085	0.0951784847962294	-0.2325
UQCRC2	7.2407629900984	0.0316525165477575	0.095291217758458	-0.2354
TPGS1	2.91893647793391	0.0317126894610076	0.0954255577386112	-0.4733
C1orf228	0.363642526047154	0.0317212965266507	0.0954326803588339	-1.0966
USP11	4.25138087973533	0.031917496215237	0.0958680175889055	-0.262
CHCHD1	5.88117254095299	0.0320170081606426	0.096151094091247	-0.2132
UBC	8.63209053014014	0.0322545275919729	0.0968484631116872	-0.2211
TRPV6	0.974592025423614	0.0322835348316552	0.0969196204385295	-0.7715
C1orf233	1.56820950426243	0.0323092130614872	0.0969807618629579	-0.6586
POLDIP2	6.6544578052027	0.0323232872148581	0.0970070576022439	-0.1934
UBE2E3	7.26856486819755	0.0323308483796044	0.0970138014493849	-0.2182
CORO2A	4.50522399719738	0.0323536729425257	0.0970663357828676	-0.2522
DTNB	4.02740002240653	0.0323692950913465	0.0970818516766752	-0.2758
LOC101060542	0.175573282207163	0.0323739758321733	0.0970818516766752	-0.9429
SLC22A18	0.345732431182747	0.0324835498428684	0.0973599878396659	-1.0727
BEST1	-0.678977551511688	0.0326090044818401	0.0976718598556971	-1.7151
ACSS3	2.56630051535638	0.0327300520702101	0.0979540705891402	-0.4047
STXBP2	5.44595549004697	0.0329980563069544	0.0986843723147282	-0.2313
THAP9	2.38179944949097	0.0330011006234343	0.0986843723147282	-0.459
WDR91	2.46597819765976	0.0330222043103522	0.0987151403127214	-0.4134
LEMD1	-0.241190675627494	0.0330864776759126	0.0988425358290723	-1.0849
ENDOG	2.97164540980973	0.0331593150825561	0.0990277206195229	-0.6042
TBL3	5.28576900021072	0.0332177942887306	0.099153703815413	-0.2357
GMEB1	2.99715363189628	0.0332537570871425	0.0992448241593713	-0.358
CATSPERG	-0.648449928693277	0.0333048065840525	0.0993809331478364	-1.4805
SSTR2	-0.550982875465405	0.0333109482679136	0.099381689688964	-1.2385
LINC00592	-0.90775777148411	0.0333159476827596	0.099381689688964	-1.8522
FASN	8.71808766550921	0.0333409002830173	0.0994394036984271	-0.1902
PHF13	4.49406136677468	0.033346189167494	0.0994394036984271	-0.2496
ATP1A1	8.73492296862833	0.0333769143945216	0.0995147720376264	-0.1984
EPHA2	6.28823925004318	0.0333883911899831	0.09953273506929	-0.2044
VSIG10	4.70047163600429	0.0336114684539266	0.100148680936002	-0.2617
ACHE	-1.6118813281953	0.0336261207308328	0.100175988913526	-2.2528
CDC42EP4	5.6121946145178	0.0337015917571587	0.100335332537294	-0.2426
SLC2A8	3.40731010578372	0.0337993493218573	0.100591851803162	-0.3152
HACL1	4.22784793497378	0.0338338147623795	0.100663318497718	-0.2832
VLDLR	2.56032453219116	0.0339704261843037	0.100971035561812	-0.4761
MFI2-AS1	0.58345462091426	0.0340495365042506	0.101182694582688	-0.8403
OAF	4.57997500855648	0.0340527210514918	0.101182694582688	-0.2473
UXS1	6.25552998775168	0.0341166768830744	0.101323255763365	-0.2224
HAL	-1.12073848314672	0.0342386510086083	0.101668967601359	-1.94
LOC102723665	-0.433123281088894	0.0343287149831675	0.101903255403692	-1.3893
ZSWIM8-AS1	-0.863349565308233	0.0343367730701228	0.101910604644474	-1.405
LOC100506551	-1.07401280857658	0.0343916219480677	0.101996483878937	-1.6585
ZNF717	3.96168618040863	0.0343936434464688	0.101996483878937	-0.3021
NRAV	3.80661180696589	0.0344118248127143	0.102033827152982	-0.2813
AMDHD2	2.51537243642808	0.0344370392642295	0.102058861819444	-0.4263
ELMO3	3.86403173888459	0.0344563475597747	0.102099509990464	-0.3344
C1orf145	0.821741383447375	0.0344878648461864	0.102176316233687	-0.7243
ODF2L	5.18588680703039	0.0344961907170761	0.10218440008615	-0.2246
STAG1	6.47709695587282	0.0345792641721471	0.102406941677312	-0.1986
MSTO1	2.97433013392808	0.0345856111597746	0.102406941677312	-0.4418
PRAF2	3.17633788271223	0.0345881464933341	0.102406941677312	-0.3465
FUNDC2	5.83554183475105	0.0347114599632528	0.102755377507563	-0.2109
UFC1	6.2402505630386	0.0347418693538358	0.10279539172182	-0.2141
DUSP7	4.16450262390248	0.0347982225836362	0.102945446683984	-0.2695
UXT	4.10588858427013	0.034821408538929	0.102949263797332	-0.2854
NR0B1	5.00028487108869	0.0348220696729035	0.102949263797332	-0.2321
EBP	5.88515884037834	0.0349730598211282	0.103378915170744	-0.2261
STX12	4.33693208685618	0.0351325363940174	0.103766313607698	-0.2514
SMIM12	4.26020536102087	0.0351779775100878	0.103840272703425	-0.2783
CASQ2	-2.26445337049708	0.035186017032394	0.103840272703425	-4.5453
GAL3ST1	-2.26445337049708	0.035186017032394	0.103840272703425	-4.5453
MAPK10	-2.26445337049708	0.035186017032394	0.103840272703425	-4.5453
NCF1B	-2.26445337049708	0.035186017032394	0.103840272703425	-4.5453
EPHA10	3.29162309986057	0.0352172642990096	0.103915690486944	-0.3459
FAM102A	6.27451174472802	0.0352462481207075	0.10395297962362	-0.1957
LCMT1-AS2	-2.26506526075907	0.0352469842172549	0.10395297962362	-4.5384
CD36	-2.26506526075907	0.0352469842172549	0.10395297962362	-4.5384
GPR108	4.36845916685688	0.0354198666424194	0.104412253419023	-0.247
LOC101928069	-0.650000462555526	0.0354367012390865	0.10444187800101	-1.4782
PPP1CB	7.76290884870587	0.0354413581406801	0.10444187800101	-0.2099
SLC34A3	1.08769041890697	0.0354692150330585	0.104507099684234	-0.8057
LINC01002	0.946547350943025	0.0354841606287078	0.104534264392075	-0.7014
DHFRL1	3.77654633686349	0.0355362917686616	0.104669635469922	-0.2999
PCBD1	6.24786482575508	0.0355516427224838	0.104669635469922	-0.2074
SFTPD	-2.165932870683	0.035575979847221	0.104669635469922	-4.7486
MIP	-2.165932870683	0.035575979847221	0.104669635469922	-4.7486
LOC101927727	-2.165932870683	0.035575979847221	0.104669635469922	-4.7486
CRYGN	-2.165932870683	0.035575979847221	0.104669635469922	-4.7486
ZSCAN32	3.89636705171994	0.0356092333971375	0.104750590541112	-0.2745
ZSCAN16	2.35923345564451	0.0356873133493391	0.104963362736513	-0.446
ACOT13	6.84208799773464	0.0357006318968551	0.10498562111936	-0.2119
MIR181B2	-2.0744444459309	0.0357442132280492	0.10508140835718	-4.8548
ABCC5-AS1	-1.4302100945379	0.0357574304008876	0.105101859507101	-1.9093
AFAP1-AS1	7.18584841173665	0.0357986469904034	0.105189135595816	-0.1869
TMEM91	1.47254539991046	0.0358876330013697	0.105382761472254	-0.5977
BLZF1	4.61585208254428	0.0358940452677812	0.105384639821263	-0.2361
RBBP9	5.3185306077417	0.0359558524648932	0.10554913050315	-0.2296
SLC29A2	4.90366622169605	0.0360238020865426	0.105714600689909	-0.2208
CYP27C1	1.73421982964589	0.036031452138682	0.105720056291189	-0.5776
GALNS	4.60957059086479	0.0360682844854173	0.105760135169576	-0.2336
ALKBH6	4.26820017820505	0.036084350667506	0.105790253057008	-0.2718
YPEL1	1.40053019971208	0.0361735831690156	0.106034832102368	-0.5787
RPL12	9.65722792742911	0.0361887089083742	0.106048866808924	-0.1942
MFSD11	4.94920779206575	0.0361907808908679	0.106048866808924	-0.2765
C5orf34	4.99136364339631	0.0361957980437339	0.106048866808924	-0.2198
KDELR1	7.04098220158649	0.0362358860362871	0.106132253405817	-0.2276
WDR45B	6.47395279695412	0.0363371427791583	0.106394687822986	-0.1938
CFI	-0.488689264818037	0.0363618366230929	0.106449918119176	-1.1606
HIST1H3E	-0.548517205855709	0.0366201923432877	0.107080127126448	-1.2536
HOXA3	5.35162386315042	0.036632544517665	0.107080127126448	-0.2511
RDH10	3.4477141487746	0.0367412798348316	0.107336982663576	-0.3022
RPL18A	9.10409861968138	0.0367680570006225	0.107398023776538	-0.2554
AMZ2P1	2.31677186055158	0.0368358097163522	0.107544305482445	-0.4238
FAM157B	-0.296069055142539	0.0369202092071991	0.107756249286431	-1.2713
PDDC1	5.34804505651644	0.0369563883200547	0.107827365378123	-0.2192
NKX2-8	-1.26353209583564	0.0369923753220314	0.107897875679662	-1.7512
TAS1R3	-0.320638394309005	0.0370711934716964	0.108093229199695	-1.2378
THRB-AS1	-2.26384123087169	0.0371618680854747	0.108288437951864	-4.5565
LINC01098	-2.26384123087169	0.0371618680854747	0.108288437951864	-4.5565
LHFPL5	-2.26384123087169	0.0371618680854747	0.108288437951864	-4.5565
NCF1	-2.26384123087169	0.0371618680854747	0.108288437951864	-4.5565
DHRS4-AS1	3.33518841435914	0.0371707536969468	0.108297044285263	-0.3582
TLE6	-0.487980500392141	0.0373149767741348	0.108630555890385	-1.163
RPL31	9.30163510463621	0.0375488907174506	0.109189638250682	-0.2453
PLA2G6	3.12342442032348	0.0375746537214293	0.109246974693698	-0.3519
LOC100129461	1.83960107919809	0.0375805763078673	0.109246974693698	-0.5304
RBP3	-1.67859377051267	0.0376194370931608	0.109297267544522	-2.1385
MACC1	6.43801975205748	0.0376203965271193	0.109297267544522	-0.1953
ACER2	-0.0752617092897987	0.0376261294404975	0.109297267544522	-0.96
ZNF561-AS1	1.68835426685562	0.0376337984106521	0.109297267544522	-0.5592
TCEA2	4.66537713901477	0.0376517339709971	0.109328934174903	-0.2494
TKFC	5.48428636095183	0.0376566793433278	0.109328934174903	-0.2651
LAPTM5	2.48975377044796	0.0377025945072996	0.109427434868881	-0.4398
C19orf40	2.6183019369168	0.0381503494890209	0.110586341738896	-0.4389
THOC3	5.58810659467677	0.038175469455716	0.110639648814337	-0.2279
HAUS4	3.69863203542509	0.0381808604037205	0.110639648814337	-0.2838
CCDC96	1.40353408667451	0.0382774353334206	0.110866707829117	-0.6339
PROSER3	3.20070996843203	0.038357286435675	0.111062747211686	-0.3265
PPP1R32	-0.0766807754721836	0.0384103097130266	0.111181007471225	-1.0761
LAT	0.961699166593175	0.0384250801403434	0.11120612920769	-0.7527
LINC01569	-0.268438395769449	0.0385243021427875	0.111459889303527	-1.1671
KCNAB1	1.80602231269137	0.0386317387264712	0.11173336853461	-0.5232
BRAT1	5.30747866999157	0.0386493591064721	0.111766624401672	-0.2405
SLC12A8	4.34359684813008	0.0386965437247855	0.111837767909166	-0.2598
LOC101928728	0.627144285073526	0.0387045912385032	0.111837767909166	-0.9112
XKR8	2.35712179114438	0.0388406676751909	0.112124482776452	-0.4524
PRR22	1.61658065815177	0.0388916822102102	0.112218515952204	-0.611
YTHDF2	6.29067971012894	0.0389065241237563	0.112243600569421	-0.2262
GMDS-AS1	0.418644580201429	0.0390768120665519	0.112681453338647	-0.8042
INPP5K	3.94607620114358	0.0390976384447986	0.112705903592017	-0.2932
PLCZ1	-2.16654348726737	0.039127738440317	0.112757062820273	-4.7322
SLC6A14	-2.16654348726737	0.039127738440317	0.112757062820273	-4.7322
LINC01272	-1.31813254412221	0.0392795709637034	0.113100282203052	-1.6304
BCAT2	4.57319021832407	0.039289987104852	0.113100282203052	-0.2422
DGKI	-0.645983983759073	0.0393464852779317	0.113209728281478	-1.2967
SNORD24	-0.944424780864721	0.0393638808398461	0.113240940531395	-1.5472
MFSD7	1.73737910433811	0.0394225769450188	0.113320510897223	-0.5979
ARMC3	1.41801369218774	0.0394533507095366	0.113375304408445	-0.5727
LINC01137	1.97868221391845	0.0394684273494207	0.113398742475767	-0.4833
JUNB	5.46575058038712	0.0394905803942339	0.113444537478699	-0.2235
FAM83A	5.26025116102372	0.0395607064135349	0.113578548904378	-0.2105
ATG9B	-0.548894112014107	0.0395683375893867	0.113578548904378	-1.2589
ZNF818P	2.59648154877061	0.0397566101632118	0.114065169753197	-0.419
TCTN2	3.65212191739099	0.0397664619728471	0.114075507507275	-0.286
KRT18	10.7450670233096	0.0398260359261682	0.114210510818116	-0.1918
EMD	6.63861407620544	0.0398801548904387	0.114329790778871	-0.1876
SAP25	0.133500169568596	0.039919401769484	0.114424336427021	-0.9673
FLJ10038	1.86318663845898	0.0399372620462229	0.114457559798406	-0.4921
PCYOX1	6.69338651534343	0.0399961142732094	0.11460823452703	-0.1906
H3F3AP4	5.98864576986443	0.0400101247394992	0.114630388770292	-0.317
ANKZF1	4.61962328366035	0.0400681076526937	0.114724493931552	-0.2328
STRIP2	4.03897008711062	0.0401920529152331	0.115025257567094	-0.2803
TRIM2	6.2252149585902	0.0404067473755762	0.115489382373208	-0.2071
FBXO44	3.58828787667021	0.0404167383538218	0.115489382373208	-0.3125
TIMP3	7.2607636335888	0.040419389414247	0.115489382373208	-0.1806
FAM35DP	-1.31727575083156	0.0404654266968018	0.115572094771091	-1.6326
LHB	-1.31727575083156	0.0404654266968018	0.115572094771091	-1.6326
ARL2	4.72496951224834	0.0404921225095256	0.115603840948607	-0.2321
GADD45G	0.386839801955314	0.0404932079050594	0.115603840948607	-0.9388
FAM86FP	0.911524572810132	0.0405188823495723	0.115652394648811	-0.6962
CTBP1	6.46420424129406	0.0405336948552547	0.11565850785832	-0.2115
ARRDC4	2.95012760552301	0.0405493703770055	0.115685154805846	-0.3481
TSKU	5.99580527151047	0.040638669826819	0.115885591433678	-0.1984
C14orf159	2.27287643352784	0.0408430833673663	0.116359445997915	-0.4411
TMUB1	5.30035626139471	0.0409359165569137	0.11655878591383	-0.2219
FAM161B	1.09290874938468	0.0409418317539231	0.11655878591383	-0.6465
ACTL10	-0.985132396194869	0.0409449766687878	0.11655878591383	-1.482
ALOX12-AS1	0.743484317757111	0.0409552553612038	0.116569869328677	-0.8182
AXIN1	5.37277519832281	0.0410469181161352	0.11677614728505	-0.2054
FBXO36	1.94176251533096	0.04124502612351	0.117266655802959	-0.471
TAF10	4.06706200363755	0.0412909809727111	0.117342488891316	-0.2766
PAPD7	6.8558259025412	0.0414969464434209	0.117872764006705	-0.1818
SPRYD4	2.83214951315832	0.0415106558647884	0.117893362393836	-0.3524
DGKQ	3.23724962387903	0.0415453243165826	0.117955122974111	-0.3368
ESYT1	5.7790077425709	0.041614584392263	0.118096666044638	-0.217
SLC25A40	5.34249033753037	0.0416974066168271	0.118256186903501	-0.2478
TMIE	1.28389642069553	0.0418239125132553	0.118561699820185	-0.5799
OSBPL9	7.74695541509812	0.0418850421985055	0.118698126416628	-0.1875
PCAT6	-1.16501312295053	0.0419251742170249	0.11879106443581	-1.5166
RPL23AP53	2.04341046744336	0.0419481950044146	0.118814583044116	-0.498
AIG1	4.30916084256354	0.0419521692759843	0.118814583044116	-0.2485
ENKD1	3.10762651372244	0.0420094672934679	0.118903075179775	-0.4318
DNAH1	0.856325345147848	0.0420408138054586	0.118973352477515	-0.666
SKIDA1	1.469488994929	0.0421992925742206	0.119366328669813	-0.5877
SNRK	3.33540557968264	0.0423230931972375	0.119679428347083	-0.3475
ZNF785	3.44834989561531	0.0423572863355468	0.11973902436385	-0.3186
CARD14	1.76695635305259	0.0424222049735114	0.119903974918164	-0.6339
MMP15	4.61987349422882	0.0424997337533975	0.120104510743348	-0.2379
ATP5J2	6.98357003740426	0.0425107812637299	0.120117137091882	-0.218
GPER1	-1.48797684945984	0.0425470312825605	0.120182361611392	-1.8157
LOC101928837	-0.189205018567292	0.0426421052254762	0.120413653982412	-1.0532
PLIN3	5.88806007631042	0.0426771423764554	0.120493954720781	-0.1968
MED10	6.38857550648837	0.0426859108844422	0.120500075631108	-0.2072
NBPF12	2.76181045162256	0.042736071905537	0.120615744984049	-0.4012
F11R	7.31126699231726	0.0427447789756536	0.120615744984049	-0.2023
PIGZ	0.0349538154870227	0.0428539525966717	0.120843645135131	-0.9237
REEP4	4.7593153812167	0.0430086960694742	0.121261274972096	-0.2245
LINC01537	0.07434817578881	0.0430204152188147	0.121275586818203	-0.972
JOSD1	6.94377870226143	0.0431047192537829	0.121494481194544	-0.1922
KLC4	3.61678637638987	0.0431265131179812	0.121537144717793	-0.2829
SCAMP2	5.73940089136685	0.0432087917121247	0.121725860954334	-0.2184
USP18	1.91492890866745	0.043213480764956	0.121725860954334	-0.4754
VPRBP	5.7905518203909	0.0432575876406358	0.121812512720569	-0.2191
DUSP19	3.0272543537619	0.0433000665438536	0.121880504987678	-0.3586
DDX11-AS1	1.65695203889461	0.043301761357914	0.121880504987678	-0.5344
ANKRD13B	3.68160948224239	0.0433619791290977	0.121993572350256	-0.2993
NKX1-2	-0.270818982820337	0.043398929673342	0.122078714964027	-1.3103
PAX8	2.55022406219958	0.0434256951381478	0.122135185709756	-0.4093
ZNF337	3.78775451420469	0.0437087376819966	0.122855537355278	-0.2872
MAFG-AS1	1.66105992279491	0.0437158684693291	0.122856664836218	-0.5168
LOC105372417	0.230819926490133	0.0437348527819753	0.122891099336269	-0.8383
ZNF324B	0.981955711195721	0.0437918536580496	0.122994473904823	-0.7095
SLC46A2	-0.344076666228714	0.0439383679925425	0.123311121609816	-1.4441
TSG101	6.09534384590503	0.0440021019151718	0.123433062778638	-0.1994
LOC101928505	2.77278805300702	0.0441903177224926	0.123827849630365	-0.3702
MT1G	-1.31667478621539	0.0442220522278701	0.123893804242458	-1.6393
AGAP3	5.17887418036317	0.0442908281040712	0.124052371566113	-0.2078
OR2B6	-0.82610970369924	0.0443089481935993	0.124084086243649	-1.4655
RNF103	4.40282913609914	0.0443353205840642	0.124138534013967	-0.2523
PIH1D2	1.49890982705925	0.0443783364463132	0.124221237375635	-0.6391
DHCR7	7.62021384455157	0.0443859958593441	0.124223630294065	-0.2197
IFI27L2	-1.54586097069112	0.0445402782067733	0.124598118134056	-2.4652
ENPP1	3.1466920934268	0.044570210255547	0.124651720011674	-0.3493
UBE2A	7.11669765059926	0.0445730953240691	0.124651720011674	-0.1786
LOC100507462	-0.19310463830042	0.044602641386835	0.124715242940429	-1.0196
RNF135	4.07177497347785	0.0446698857723834	0.124845902428143	-0.2564
ABCG5	-1.67811630408327	0.0446851304481845	0.12486939253973	-2.1636
ZNF213	3.08483210088338	0.0447285429481108	0.12497157637905	-0.3307
GP1BA	1.11851734110478	0.0447668198706649	0.125040248402518	-0.7411
SWSAP1	2.28502045681359	0.0447805343803913	0.125059421087414	-0.4084
TMEM145	-0.460614123434073	0.0449287319597029	0.125427955612807	-1.1993
CCDC181	-1.90224293630459	0.0450989072579829	0.125833050726232	-2.6922
TTC16	-1.90224293630459	0.0450989072579829	0.125833050726232	-2.6922
LOC644285	-1.67993493351933	0.0451753685173039	0.126007872826876	-2.1175
CPNE5	-1.11904219322089	0.0452859348217103	0.126277688422964	-1.5805
ZDHHC4	5.03141931357743	0.0453645064899526	0.126458150936108	-0.2131
DGCR9	-0.492957874831028	0.0454249499362663	0.126547452174682	-1.4958
C11orf31	6.14879888927668	0.0454960508135652	0.126689430087316	-0.2086
LOC102724023	2.71329480857694	0.0455078246397008	0.12670288952606	-0.3621
ARF1	9.05191509904991	0.045524584219448	0.126730224079025	-0.1833
ATP6V1E2	3.16702484426842	0.0455639359270133	0.126819617414464	-0.3163
TUFM	7.91232888366285	0.0455705899561175	0.126819617414464	-0.2013
BAX	5.60381513382754	0.0456814585698009	0.127070045352778	-0.2113
SRM	5.37894976325895	0.0457184420920633	0.127106239670266	-0.2215
RAB30-AS1	3.06662691358012	0.0457444677564997	0.127106239670266	-0.3203
CACNA2D4	-1.98443190417597	0.0457632257669074	0.127106239670266	-2.532
IL12A-AS1	-1.98443190417597	0.0457632257669074	0.127106239670266	-2.532
CLEC18A	-1.90298047263955	0.0457830170732524	0.127139452340933	-2.6878
GPR37L1	-1.98430245999944	0.0458070980852769	0.127142643968169	-2.5303
IMPG2	-1.98430245999944	0.0458070980852769	0.127142643968169	-2.5303
TRIM73	-1.98430245999944	0.0458070980852769	0.127142643968169	-2.5303
CFL1P1	-1.90285124883515	0.0458259529639873	0.127142643968169	-2.686
PLAC8L1	-1.90285124883515	0.0458259529639873	0.127142643968169	-2.686
GNG10	-1.90285124883515	0.0458259529639873	0.127142643968169	-2.686
C1orf56	1.51921293139769	0.0459027248892496	0.127316947064439	-0.5641
ABAT	3.61843400173281	0.0459320242525259	0.127378859904924	-0.2823
MPL	0.383479175638075	0.0459505697708166	0.127403912291647	-0.8212
ECHS1	6.1435442111837	0.0459550154711051	0.127403912291647	-0.2425
CLTA	6.54737464906381	0.0460039024286021	0.127500152632687	-0.1821
GPI	8.15312878339025	0.0460106817234959	0.127500152632687	-0.1838
TRAM2-AS1	3.30051620342561	0.0460609161485079	0.127616822859224	-0.2983
ALAS1	6.39606855086419	0.0460708877179178	0.127616822859224	-0.1905
FAM214B	2.40464466432383	0.0460737554483538	0.127616822859224	-0.4626
TIMM17B	4.14636473694742	0.046093031202028	0.12765084612018	-0.2513
KPNA7	0.481096556700089	0.0461034212271144	0.127660254500561	-0.7504
MKNK2	5.83257623780844	0.04614427290572	0.127715258666893	-0.1964
UNC5CL	-0.516925342254917	0.0461655456154172	0.127735404782519	-1.1268
ZNF500	2.54916310977445	0.0464183912548968	0.128302789873435	-0.3918
DCTN3	4.40290969326535	0.0464258203142407	0.128302789873435	-0.2506
ARL4D	2.19141446253038	0.0464268311735272	0.128302789873435	-0.4239
UQCC3	4.9756227101358	0.0464508193102049	0.128349652993356	-0.2448
YBEY	3.6527340756698	0.0465227009638214	0.128509370373055	-0.2836
CH17-360D5.1	0.556932882156634	0.0466794139482275	0.128922750535377	-0.7381
AGBL2	1.78851894362989	0.0467123238599937	0.128994128632286	-0.4975
AP1G2	3.79234051179268	0.0467622583151062	0.129112490592949	-0.2985
TTLL12	7.16731580600837	0.0467703146896982	0.129115207163939	-0.1751
LOC101927954	-1.12049074419244	0.0467928103102451	0.129142536681234	-1.5671
TXNDC11	5.14754442176082	0.0467943624094195	0.129142536681234	-0.2072
LOC100996447	2.65086643331533	0.0468602983913269	0.129265882053802	-0.39
CCDC66	4.41126746665556	0.0470143819912332	0.129593017912117	-0.2972
NR4A2	0.366405468536457	0.0471893768204432	0.12997725757906	-0.8789
UROD	5.52133444762594	0.0472960953892261	0.130231903080801	-0.1962
GPHA2	-1.67980605315629	0.0473817606822385	0.130428441347248	-2.1163
MFNG	1.90201578484204	0.0473969710069623	0.130450641143239	-0.4764
LPAR1	4.03226176495075	0.0474134980888338	0.13047645780973	-0.2883
ASPDH	-1.68066948211833	0.0475575173169526	0.130813626056695	-2.1136
EXD3	2.06491035554385	0.0475762423166602	0.130845417254135	-0.4442
SIVA1	5.36190082380731	0.0477517820914075	0.131229344251202	-0.3587
LOC145783	0.665005071649342	0.0477892548443138	0.131312558163425	-0.7753
CHMP4B	7.93207652733058	0.0478048504784092	0.131335643391097	-0.2
TRANK1	1.79481546368042	0.047894793108259	0.131562946582061	-0.5055
ADAMTS14	0.154143077692567	0.0479263164326957	0.131608298947838	-0.8975
OGFOD3	4.09914228648798	0.0479416678832956	0.131612494568037	-0.2657
IKBKG	3.58561750332284	0.0480068098393464	0.131771511115187	-0.3033
RAB38	3.26398232474921	0.0480696298158643	0.131895438496468	-0.3011
LINC01232	1.87922675217379	0.0480736332030836	0.131895438496468	-0.4661
UNC13D	5.60306255978876	0.0482050725245243	0.132196455461577	-0.2057
ZNF580	4.74763619626428	0.0482325577601006	0.132232103088812	-0.2596
EXOC3L1	-0.752471293961265	0.048240296586207	0.132233461633303	-1.3274
SOX9-AS1	-0.143107869214585	0.0482817769044678	0.132267724965181	-0.983
PLEC	9.57285182409412	0.0483592713046389	0.132460143576517	-0.1882
ZNF544	4.12057022904447	0.048386060927018	0.132513640606607	-0.2941
LOC101928403	0.244292370159162	0.0484827014471738	0.132738481946551	-0.9397
DOK7	2.67547632695899	0.0485087660667815	0.132770019987281	-0.4139
KANSL1	-0.550021624117362	0.048747472569906	0.133343401144172	-1.2342
HADHB	6.01814929895779	0.0487770904992531	0.133404429086796	-0.1873
CTH	3.15342145830758	0.0488331654795861	0.133481081952011	-0.3268
MMP17	0.0337429617003203	0.0488403580813173	0.133481081952011	-0.9097
ACCS	2.64022363567338	0.0488528035758717	0.133481081952011	-0.442
NFKBID	1.88295476733918	0.0488562987293678	0.133481081952011	-0.5029
LINC01578	5.35340015960365	0.0488701498658056	0.133498945974884	-0.2681
ZNF365	1.22517950621732	0.0488885613571788	0.133529260343605	-0.6319
NPIPB6	-0.64858508246487	0.0489935848298355	0.133796093441059	-1.281
RUSC1-AS1	-1.98382238283439	0.0491304119999023	0.134071817720638	-2.543
HNF4A	-1.98382238283439	0.0491304119999023	0.134071817720638	-2.543
COLCA1	-1.98369288622619	0.0491990762066587	0.134216726722768	-2.5405
CPT1C	-1.98369288622619	0.0491990762066587	0.134216726722768	-2.5405
HLA-C	6.22924771523014	0.0493813029376612	0.134653482663173	-0.2024
VPS37C	4.20142702383393	0.0494633413737971	0.134836906095272	-0.2659
CHCHD5	4.43245896911259	0.0494820585305753	0.134867790464942	-0.2984
ASPSCR1	4.49046777928276	0.0496067126327044	0.135187363162062	-0.2372
LOC541473	-1.90358848965083	0.0497714623173375	0.135535175427404	-2.6767
C5orf51	6.72852194402093	0.049834649144139	0.135673497707347	-0.1887
LOC105371371	-1.67945788416277	0.0498582082070761	0.135710667813983	-2.1278
HOXB5	2.08575366358234	0.0499796934695572	0.135980519222092	-0.5167
C3orf62	1.59443619793199	0.050041983763687	0.136126278675253	-0.5267
PPM1N	0.790763607863466	0.0500481804594816	0.136126278675253	-0.7734
WDR63	-1.7493164732717	0.0501307516323233	0.136330552927111	-1.9952
TTC39A	2.02768538254866	0.0501986769844862	0.136494942959306	-0.4482
CBR1	5.42422686426231	0.050255830144029	0.136609653828081	-0.2006
CYB561D1	3.74902999107742	0.0502927072352188	0.136669196678499	-0.279
THNSL2	4.29588371123709	0.0503712284196913	0.136841837206828	-0.2328
ACAA2	5.04475101157945	0.0504224859325164	0.136960705725937	-0.2092
C14orf79	2.43028246513648	0.0504551335043516	0.137028996913931	-0.4303
LOC101929340	0.283594311431261	0.0505467203282564	0.137237790130041	-0.8368
BLOC1S3	3.01507334275574	0.0505837076590422	0.137296486325227	-0.3294
SCAND2P	1.95904774052081	0.0507125467667386	0.137584819999046	-0.4531
EIF2D	5.32463082291016	0.0507218792749258	0.13758969213121	-0.2132
FGD2	-1.67798726944973	0.0507807093562403	0.137710475395842	-2.1649
MCAT	4.3638684195705	0.0507822258170764	0.137710475395842	-0.2434
THEM5	1.68524479498997	0.0508088326462645	0.137743695989041	-0.5318
LOC102723390	0.365026878978428	0.0508324854684214	0.137787357789384	-0.9598
ASIP	-1.3746216723567	0.0510088133400674	0.138203754279648	-1.9831
B4GALT4	4.94492076937714	0.0511539203903448	0.138519407093457	-0.2085
C1orf54	-0.518804467693028	0.0512012622287513	0.138601756116264	-1.1129
NAA20	7.25314739847485	0.0514134174958039	0.139072951519247	-0.1975
KCTD2	4.35109733653608	0.0514798671661099	0.139209614902976	-0.2405
LOC101928377	0.611401557297419	0.0515937960111271	0.139423580018599	-0.7464
LOC100288152	3.59413109304129	0.0515951188384439	0.139423580018599	-0.3132
CCDC174	3.6879347537618	0.0516073679124724	0.139432308511188	-0.3574
SLC25A11	5.13133840153747	0.0517453127648808	0.139709876435329	-0.2957
TPTE2P1	0.151300445406393	0.0519029813283878	0.140044461591937	-0.9772
FBXW4P1	-1.68101737767235	0.051930131572042	0.140097012262332	-2.0997
THAP9-AS1	4.28225149925566	0.0519560617901582	0.140146256507259	-0.2462
LOC105372476	-0.681769780517233	0.0520480121199704	0.140352807867383	-1.2253
NUDT16L1	3.61475145655862	0.0524192087689519	0.141214264145535	-0.3449
ATP5I	7.28476566198395	0.052453754295164	0.141279985012174	-0.4336
MED20	5.08999330898962	0.0525231839566428	0.141425257568211	-0.2033
RLN1	-1.26700321950507	0.0525556232072465	0.141470872496534	-1.6955
POLR2E	7.08614730136503	0.0528023722651464	0.142072234056376	-0.2051
EPCAM	9.00302422073533	0.0529112109517288	0.142323127616732	-0.205
ACOX1	4.70785815825029	0.0531325953095416	0.142865434285855	-0.2839
RPS3A	10.1382411396962	0.0531385496976432	0.142865434285855	-0.2486
IQCC	2.17008858699564	0.0531441259988631	0.142865434285855	-0.4866
MIR27B	-1.26520465790209	0.0532897204234968	0.143172499786808	-1.7221
TNNT1	6.74118609101416	0.0533155459616525	0.143220807397871	-0.2888
ZNF414	2.13553080372724	0.0533251079085393	0.143225418563821	-0.4494
IGFBP1	0.667973041873963	0.0535898236993224	0.143872914919828	-0.72
UBE2F	5.47798681497092	0.0536344356482457	0.143910003825749	-0.1961
C15orf56	-1.74918737426294	0.0536351701375106	0.143910003825749	-1.9957
GDNF-AS1	-1.74918737426294	0.0536351701375106	0.143910003825749	-1.9957
ZNF596	0.568347122675644	0.0539817695259262	0.144780661059761	-0.748
FAM63A	2.67948582136749	0.0543213014352854	0.145613861530868	-0.3783
NANS	6.19607147363727	0.0543260303947604	0.145613861530868	-0.2252
CCDC88B	2.28442431278846	0.0544524799507648	0.145845726816485	-0.4127
ULBP3	-0.517384588270003	0.0546462498227641	0.146321785973068	-1.1191
C11orf44	-1.37025020940251	0.0547543416573078	0.146589714224345	-1.5628
RAD51	4.1969672247218	0.0548181944106722	0.146739143278773	-0.2488
PARN	2.73536932086221	0.0548556776110867	0.146774915794812	-1.1461
LINC00899	-0.864999180285154	0.0548744015592559	0.146792704040004	-1.3898
NIPAL2	3.57148950255825	0.0548784073769186	0.146792704040004	-0.2798
TRIM62	2.51047041896273	0.0550553818020567	0.147179828697957	-0.3747
PRR14	4.97556898968859	0.0551396468153759	0.147361937089958	-0.2158
TEAD3	4.81613777360742	0.0552147032135121	0.147476169987692	-0.2064
C7orf43	3.21122561686476	0.0552734455203936	0.147611471828599	-0.3311
ATP1A1-AS1	0.612063095197469	0.0552860878457362	0.147623638980805	-0.7479
CNIH4	6.13054570194607	0.0553824581693996	0.147816001674694	-0.2313
CCT6B	1.50590266173565	0.0554537569184879	0.147941514877088	-0.5374
CMTM8	2.62394709956488	0.0555040676943033	0.148054099916306	-0.458
LOC105369195	3.03726732614493	0.0555326964562192	0.148087190549918	-0.3556
FAM86C2P	2.12261633966516	0.0556219390513801	0.148303508006717	-0.4369
PFKL	5.59327332337973	0.0556609460289412	0.14838583976407	-0.2087
PPFIA3	2.41187055320555	0.0557153975284993	0.148509314831404	-0.4171
ASL	3.48186460933738	0.0557289333884668	0.148523709188299	-0.2854
TMC5	5.35955253904501	0.0559254927536177	0.149004056583486	-0.1917
SLC27A4	4.80797398754079	0.0559538385941709	0.149036077819548	-0.2451
FAM98C	2.35909140498333	0.0560662430474914	0.149313688267688	-0.4156
JAK1	6.94260087819299	0.0561303518475148	0.149440820085785	-0.1763
MGMT	4.05544260497891	0.0561614381404621	0.149479984646782	-0.2821
SNRNP40	5.29420734708007	0.0561712877547356	0.149484406596276	-0.209
PALLD	7.59327949340269	0.0562393638136992	0.149643758312621	-0.1744
RPL10A	9.26576607890964	0.0563016241115955	0.149743946646458	-0.1764
TRABD	5.33223757213972	0.0565586221054809	0.150317980078273	-0.22
TMEM40	3.90262666262733	0.0566094967459211	0.150431291498331	-0.2713
SPATA6L	0.556625136364262	0.056623448833024	0.150440877925673	-0.7336
HDAC5	2.89819789755068	0.0566378261384284	0.150440877925673	-0.3258
HEXA-AS1	-1.02865841123635	0.0566914764221833	0.150561477096796	-1.4089
COMMD3	2.81972897996768	0.0567428645315444	0.150676034165509	-0.4225
TMED9	7.22748053412227	0.0568000933592372	0.150806065207422	-0.1945
PAK4	5.68584197905781	0.0568857630489693	0.150989603114566	-0.224
ZFPM1	3.42186957766252	0.0569071777584426	0.151024485704046	-0.2798
TMEM125	4.44206098762297	0.0569267029702063	0.151054078790831	-0.3055
MRPL37	7.19047533135231	0.0569348770902557	0.151054078790831	-0.1828
DHDDS	4.21640510463179	0.0570499692717732	0.151275456695026	-0.242
FAM166B	-0.682357594525039	0.0573281254754386	0.151941924359507	-1.219
LOC101927267	-1.02840391904731	0.0576453489324859	0.152650636801779	-1.4066
PIF1	4.83500784954133	0.0577033325394591	0.152737717680204	-0.2105
TVP23C	2.85522734256266	0.057744665243054	0.152802813259486	-0.3765
CBX8	3.26668379490828	0.0577684097943325	0.152843491189179	-0.3018
PAOX	1.47572154737438	0.0578447884254974	0.153023396246324	-0.5321
KANK3	-0.238851713178385	0.0578648309758613	0.153028732122019	-0.9582
AGFG2	3.82870199278464	0.0579625208287962	0.153223831487186	-0.2926
ELL3	2.41366891770374	0.057997634759053	0.153294457819787	-0.3942
MATN1	-1.16727761059468	0.0580273756989981	0.153350864325551	-1.4905
BCL3	2.65404853953861	0.0581939003463639	0.153724185316629	-0.376
FAM83F	1.46239388373921	0.0582259725080837	0.153764408231965	-0.5902
ACSL1	6.29277700905321	0.0582468652677474	0.153797334730691	-0.1816
MGAT5B	3.95685833095508	0.058309986207472	0.153941736544267	-0.244
CSRP2	2.48010930072109	0.0585636165670177	0.154454981804027	-0.3686
CGREF1	-1.98321261619658	0.0585932278640953	0.154510756592073	-2.5688
ARPC1A	7.84203507970342	0.0586073223623623	0.154525603270839	-0.1662
LOC102723316	-0.12031785869908	0.0587525196045612	0.154746432742795	-0.8875
FIBP	5.63765728682156	0.0587799811670806	0.154779653279421	-0.1871
HES6	2.47802699876718	0.0588112815693853	0.154839739880401	-0.4713
DPY19L1P1	0.0529992611204747	0.0588779371531519	0.154990101022939	-0.933
MICU1	6.25056900948908	0.0589732310887051	0.155154245100937	-0.1827
ZNF395	5.4635502406122	0.0590504286316919	0.155290208167699	-0.1928
GIGYF1	5.56093231002578	0.0590782014748589	0.155324176377106	-0.1996
MKKS	5.70873620553354	0.0590803615667521	0.155324176377106	-0.186
LINC00673	3.52427532745265	0.0590947388421373	0.155332511806978	-0.275
IFI30	4.58243602873821	0.0591408915615956	0.15537468009426	-0.2207
VAMP7	2.74451775909006	0.0593601274415468	0.155857685398084	-0.7539
MAMSTR	-0.292913897460949	0.0593791307774717	0.15588516127028	-1.0028
FAAH2	1.98871432701036	0.0595596540957785	0.156287900353312	-0.4491
SNX17	5.48713213502593	0.0595598780976453	0.156287900353312	-0.291
SIDT2	1.8807415608333	0.0595715148144268	0.156287900353312	-0.4846
LOC730101	2.90289420107727	0.0595839059190979	0.156287900353312	-0.3333
KLHL17	1.98384235626981	0.0596090531011506	0.156331399714783	-0.4508
TMUB2	4.39013744380808	0.0596321983837221	0.156369637129163	-0.2193
RPS27A	10.2160817716234	0.0596985120121258	0.156521044850405	-0.1895
ANAPC15	3.91150998168129	0.059716745555045	0.156523891866892	-0.2504
KDM4A-AS1	0.11745868350774	0.0598233736847302	0.156780865631415	-0.8458
TUT1	4.60137030766391	0.0599244547988077	0.156978167141202	-0.2396
KIAA0319L	5.76449231644745	0.0599556801083245	0.157029989827789	-0.1824
ACSM3	-0.268902345320236	0.0599784667980266	0.157029989827789	-1.0263
ATP2A1-AS1	0.465255921493428	0.0599786436825798	0.157029989827789	-0.7951
CRELD2	4.89832497547766	0.06007822727113	0.157268155586715	-0.1991
WDR5B	3.28381933267081	0.0601335748583383	0.15739047205933	-0.3113
ATP6V0B	5.66359262429192	0.060148397822247	0.157397501682544	-0.2231
SDHAF3	4.66501899393602	0.0602222927283749	0.157487204705517	-0.2998
ZNF768	5.88170329562785	0.0602534536493843	0.157544866456823	-0.1838
SH3D21	2.49388039381357	0.0603199677960976	0.157658313335641	-0.3624
PCCB	5.23762758029573	0.0603369642917868	0.157658313335641	-0.1905
IL1RL1	0.596357168252442	0.060339539618543	0.157658313335641	-0.7211
CIART	2.94115465153982	0.0603773864980808	0.157734626203343	-0.3712
PTGS2	0.300868881775978	0.0604575746884225	0.157898924679806	-0.7742
MIR29C	-1.37192771797167	0.0605651007725041	0.158044093725391	-1.5321
MIR4479	-1.37192771797167	0.0605651007725041	0.158044093725391	-1.5321
FLJ45513	-1.21592223397587	0.0607842763785555	0.158457482445653	-1.4074
HOXB7	5.21385035420213	0.0607938577559596	0.158459832551799	-0.1968
NAPSA	-0.824048886071557	0.0608082556842673	0.158474734585579	-1.2221
NUBPL	3.99153934712163	0.0609297524884353	0.158746048441398	-0.2455
LCA10	-1.90419626343444	0.061297671143249	0.159636274520849	-2.6507
ARRDC1-AS1	3.24779321673692	0.0613844363189332	0.159839433666873	-0.3005
SNORA64	-0.946331622090398	0.0614361349585373	0.159951237849837	-1.5215
NECAB3	3.59880038089037	0.0615615100156471	0.160231954212383	-0.2604
NAA60	5.23624737058973	0.061585167847768	0.16027068057432	-0.1894
APC2	1.94321878738589	0.0616283579251998	0.16033736672117	-0.4454
IFIT1	1.40889629652218	0.0617290799729311	0.160530781194563	-0.5217
CXCR6	-0.189048517724012	0.0620035399980422	0.161152708742064	-0.9126
GRB7	2.95904639715718	0.0620720576619096	0.161284868300003	-0.3744
TAS2R5	-1.26773000394927	0.0621200164323093	0.161386512023372	-1.6813
IL15	1.79195552577316	0.0621417530252786	0.161420011842556	-0.5043
GINS4	5.08484829990667	0.0623935333704841	0.161935789765646	-0.1941
TPI1	9.52277169998944	0.0625006582918382	0.162190763010064	-0.1709
TACC1	5.18082657376024	0.0625239960528453	0.16222826491483	-0.1942
IFT172	4.02632295059141	0.062560935878838	0.162301043826072	-0.2468
PTOV1-AS2	2.45094320835228	0.0626864824173835	0.162603640666632	-0.367
LOC101928674	-0.649623310287282	0.06272844375926	0.162689369124741	-1.4535
MDFIC	6.24826340828949	0.0627826748486189	0.162806890914259	-0.2362
LINC01521	2.30219121747073	0.0628300053595713	0.162906487408654	-0.3951
PIH1D1	6.09910176843266	0.0628478304292508	0.162929564373247	-0.1833
TMEM249	-0.265397049434637	0.0628866576805526	0.163007074061645	-1.0423
LIPE	1.93910639011707	0.0629029512037547	0.16302616087106	-0.4414
FAM81B	-0.714044431860266	0.0630850363272065	0.163428469304595	-1.1923
ACOT4	1.47083494443727	0.0631086835534518	0.163448748912707	-0.6095
SETD9	2.21862010206924	0.0631684799208902	0.163551803919412	-0.4399
DENND1C	3.99522772307256	0.0632099377781837	0.163635936483057	-0.2534
LOC105374013	1.80409600070374	0.0632306922214131	0.163666456429054	-0.4686
VWA5B2	-1.16740513879568	0.0632939967618	0.163807088869212	-1.49
GAS6	5.27751718128334	0.0633262507339077	0.163867332870052	-0.2572
YWHAQ	9.01907393511774	0.0633379884201582	0.163874477975965	-0.1783
LOC100505666	0.946030077967387	0.0633967466864475	0.163996153146963	-0.5979
SOWAHB	1.67416110532355	0.0634065975181895	0.163996153146963	-0.5938
STAT6	6.01073883368479	0.0636480227687806	0.164490133588174	-0.1799
ABLIM3	6.76929197210109	0.0639641552442079	0.165213584909205	-0.1705
MRPL51	7.9658211966988	0.0639802724326917	0.165231836685701	-0.2248
CDK5RAP3	5.72487347824857	0.0640036116005516	0.165256978110377	-0.214
LINC00337	-0.987043137168903	0.0640627473008469	0.165351267457127	-1.4677
CGB5	-0.987043137168903	0.0640627473008469	0.165351267457127	-1.4677
CFAP53	0.592141130840212	0.0641067908925782	0.165418173079139	-0.8354
NETO2	7.43839561525191	0.0641401994008791	0.165457606367451	-0.1724
C10orf10	0.0138203477252177	0.0641676857365638	0.165487818067969	-0.885
BCKDHA	4.60555971216089	0.0642405541083977	0.165646264943914	-0.213
KCNK2	-0.121013474415165	0.0643735309928759	0.165942273624109	-0.8842
ZFPL1	4.37481220407866	0.0644689724107358	0.166164839803811	-0.235
MED11	3.79848146208923	0.0645007855887333	0.166199907086509	-0.2611
BSN	0.0771625264856229	0.0645232093325901	0.166234223761751	-0.8895
FSTL5	5.14754071713168	0.0647858055220598	0.166805547377996	-0.1887
LOC101929099	0.134019893007861	0.0647906516464377	0.166805547377996	-0.86
ZNF653	2.25034069012	0.0649320417257536	0.167122424044178	-0.4077
EPHA7	0.969754183295961	0.065007641832044	0.167269839222804	-0.634
LOC101927769	-0.168748980348903	0.0650282654588559	0.167299325566076	-0.928
FLJ22447	0.484195115233266	0.0650911866057389	0.167394241175854	-0.8715
CNOT8	6.30972834774168	0.065232983917466	0.167707837543622	-0.1797
MKRN1	7.12658321891569	0.0652880485885153	0.167778521260126	-0.1652
RPS15A	10.0348171616161	0.0653286394085014	0.167859203524504	-0.2178
IMP3	5.71945641734378	0.06534040830075	0.167865816765901	-0.1906
SCAMP1-AS1	2.31094353292615	0.0654645591227145	0.16816110754809	-0.4109
YIPF1	3.84320759406729	0.0656009260853415	0.168463990239695	-0.2537
FOXQ1	6.46682877845447	0.065642692136255	0.168547536939447	-0.1779
LOC105378423	-0.549320930873428	0.0656806912880844	0.168597679999335	-1.0613
KIAA0930	5.85839513991781	0.0656932255334459	0.168606147242878	-0.1967
TMEM50A	4.99769688380906	0.0660814076522013	0.169483306841611	-0.2781
MFSD3	3.11195958785453	0.0662950588463405	0.169983510435224	-0.3773
MYLIP	4.20408830461445	0.0664432049261876	0.170267707626682	-0.2376
NTHL1	4.51405098388297	0.0664910308956366	0.170366352285016	-0.2423
OSER1	6.62472497556047	0.0665226207147035	0.170420994415141	-0.1678
SCOC-AS1	1.34294627072915	0.0665310269060426	0.170420994415141	-0.7139
EXOC1	4.8241131799669	0.0665474903224096	0.170439251308349	-0.1993
SARM1	0.249871383596904	0.0665980803687314	0.170520975485492	-0.78
NUGGC	-1.54897938902128	0.0666595371617582	0.170630469773564	-1.7044
ADCK5	2.90547641142626	0.0668406071520108	0.171045994416472	-0.405
SPDYE3	1.39115468877406	0.0669112608825373	0.171178808670348	-0.5243
AMN1	2.86474158176572	0.0673970942279013	0.172300987568207	-0.3176
PRKAB1	3.80863426625331	0.0674364942251508	0.172377574709375	-0.259
CRTAP	7.03099634776664	0.0675051409202782	0.172528888791908	-0.1851
RSPH3	3.14988495150898	0.0675378182792975	0.172588243352023	-0.296
ZNF444	4.94690096118173	0.0675726565423606	0.172645541400113	-0.2523
UBIAD1	3.95513542205774	0.0675791541874017	0.172645541400113	-0.2601
SORBS3	4.52679212080286	0.0677170382147115	0.172739880885713	-0.2192
TIE1	-2.37157592357668	0.0677201647403073	0.172739880885713	-4.2906
LYPLAL1-AS1	-2.37157592357668	0.0677201647403073	0.172739880885713	-4.2906
MIR548K	-2.37157592357668	0.0677201647403073	0.172739880885713	-4.2906
LINC00615	-2.37157592357668	0.0677201647403073	0.172739880885713	-4.2906
TAC4	-2.37157592357668	0.0677201647403073	0.172739880885713	-4.2906
CYP3A4	-2.37157592357668	0.0677201647403073	0.172739880885713	-4.2906
PPDPF	5.99743880077552	0.0677337510982012	0.17275039955976	-0.3368
CLSTN3	5.69636296840266	0.0677512492263459	0.172770890609885	-0.1804
SNAPC2	4.27143981335718	0.0682189974361818	0.173769501492247	-0.2271
SOAT2	-0.615517580443186	0.0682998689707364	0.173929162429919	-1.1249
TLN2	4.10675620794928	0.0683036275973811	0.173929162429919	-0.255
EAPP	4.67504323810497	0.0683102593461065	0.173929162429919	-0.2186
SMIM1	-0.903546321474041	0.0683662850088664	0.173974755941158	-1.3318
RPL32P3	2.8159936302659	0.0684423085102238	0.174119674493122	-0.3462
SLC25A23	4.93736105466152	0.0685892422721412	0.174444860256368	-0.2235
LINC00539	-1.54824658012515	0.0686315007716997	0.174479414857005	-1.7082
LOC101926911	-1.54824658012515	0.0686315007716997	0.174479414857005	-1.7082
CORT	-2.37096300285043	0.0686966953217718	0.174499355752646	-4.2987
LOC101928701	-2.37096300285043	0.0686966953217718	0.174499355752646	-4.2987
PPFIA2	-2.37096300285043	0.0686966953217718	0.174499355752646	-4.2987
LOC100505938	-2.37096300285043	0.0686966953217718	0.174499355752646	-4.2987
LOC730338	-2.37096300285043	0.0686966953217718	0.174499355752646	-4.2987
MUTYH	3.95877938383375	0.0689948590752744	0.17523235215334	-0.2458
GCDH	4.01062799008858	0.0690797977306327	0.175350498800115	-0.2481
OSBPL3	6.85778373721756	0.0691166177053845	0.175395186659647	-0.164
CELSR3-AS1	-1.54945477916147	0.0691455445848525	0.175444205968182	-1.6977
IQCE	4.95715724918579	0.0691850848794791	0.175493998484778	-0.2063
OSGEP	3.68649633748071	0.0691940075095	0.175493998484778	-0.2665
C4orf47	0.15326190470505	0.0694291024369701	0.175916209371097	-0.8832
LTK	-2.37218859357896	0.0694311032533505	0.175916209371097	-4.2814
FRZB	-2.37218859357896	0.0694311032533505	0.175916209371097	-4.2814
RASSF1-AS1	-2.37218859357896	0.0694311032533505	0.175916209371097	-4.2814
RGAG1	-2.37218859357896	0.0694311032533505	0.175916209371097	-4.2814
ROMO1	6.24701596541752	0.0694375659908042	0.175916209371097	-0.3937
TSNARE1	3.20004128785634	0.0694852241870699	0.175991602523499	-0.3198
UBE2E1	6.65488615403313	0.0695319761875276	0.176082085903663	-0.2041
SEPSECS-AS1	1.4761555741587	0.0696395415697035	0.176228629576386	-0.5408
LIPG	4.99315138013119	0.0696453967649583	0.176228629576386	-0.2041
RABIF	4.37240882835922	0.0696477630583713	0.176228629576386	-0.227
MYLPF	-0.121338636067746	0.0697245533146339	0.176349604504289	-0.8769
TMEM129	4.82505688949391	0.0699477570815565	0.176832614022657	-0.2189
EEFSEC	3.96503810668952	0.0699890959155202	0.176871668747749	-0.2526
AP4M1	2.50740368289476	0.0701635356654092	0.177189861268185	-0.353
ZNF764	2.59927035096918	0.0701856260205382	0.177221132590726	-0.337
UBA52	8.92133968556769	0.0702292041354959	0.177233114555932	-0.2422
PNPLA6	5.23909436106464	0.0702701556541766	0.177311950466157	-0.1894
NSUN7	2.60007008450313	0.070320490513341	0.177365415143901	-0.3531
MCM6	6.71102584468971	0.070469534384041	0.17771678680965	-0.1737
HSD11B2	1.73902070579031	0.0704844479502251	0.177729845549628	-0.4425
NKD2	-2.26567690185225	0.070810702567228	0.178404662719751	-4.5263
ACAT1	5.40410840353706	0.0710604635441276	0.179009220706719	-0.1885
ABHD2	6.90124582277538	0.0711229520494219	0.17909249829162	-0.1723
C19orf48	6.02434618577566	0.0711827159352873	0.179193555173001	-0.2064
TUBB4B	9.22158265054929	0.0712603970091571	0.179364374438049	-0.163
ZNF212	3.64844567944365	0.0714191668332809	0.179739221079181	-0.2915
WASH1	3.04114029845085	0.0715638719805902	0.180053755082367	-0.3489
HTATIP2	7.19340773699798	0.0716506883254356	0.180247342713126	-0.1588
LOC100132111	1.07185068026061	0.0716691342496672	0.180268905326801	-0.6084
EPN1	6.79208607906826	0.0717575877446513	0.18039197491963	-0.1939
PRSS36	0.682437064408637	0.0718089682038139	0.180471437710466	-0.6727
LETM2	0.24619400196116	0.071906655928701	0.180665119494686	-0.8638
NKTR	6.33329947223684	0.0719874476071902	0.180795548702279	-0.1793
ABCC5	6.69432860427936	0.0720181982628922	0.180832534497144	-0.1637
KIF17	-0.682819283871179	0.0720219850092428	0.180832534497144	-1.205
STARD8	0.354968950304746	0.072282503134656	0.181461685537167	-0.7847
RAB34	5.67151127785718	0.0723343650993312	0.181541953430491	-0.1787
CSNK1E	3.50635840512843	0.0723985232108923	0.181677998589423	-0.2776
ERMARD	-0.129720853966927	0.072517880529154	0.18192750129727	-1.5827
HNF1A	-0.823795509994772	0.0725430490009936	0.18194063780219	-1.2216
ATF5	4.99114677437878	0.0725657992909781	0.18197269668353	-0.2154
FAM157C	0.0963585133793098	0.0725891891687023	0.182006350427665	-0.8044
NUCB1	6.63277864345293	0.0727019700190529	0.182239072451988	-0.168
TRMT112	6.91301981534263	0.0728609694724742	0.182487290257853	-0.1949
PRRT3	-0.140644420255799	0.0729210477752076	0.182587662622986	-0.9908
GPR87	4.23327135471252	0.0729704443861397	0.182686290827395	-0.2186
MTHFS	-0.142254750116979	0.0730411145141318	0.182838144326065	-0.8555
GCAT	4.47780604571532	0.0730988520779063	0.182932507681187	-0.2185
LINC00857	4.77165056807282	0.0731378197721172	0.183004939385934	-0.2023
MFAP4	-0.943076757065507	0.0734403962633009	0.183611048231008	-1.2667
HIST1H2AE	-0.943076757065507	0.0734403962633009	0.183611048231008	-1.2667
TRNY	3.4278383574925	0.0734564804080814	0.183626113423242	-0.4186
C11orf80	4.20886023054207	0.0737483388966464	0.18428951968034	-0.2229
CBS	2.79076868642587	0.0737559278213739	0.18428951968034	-0.3706
LOC105376671	-2.3703498312031	0.0737622436625901	0.18428951968034	-4.3176
CASC2	0.559427357614993	0.0740801668695525	0.184982564132205	-0.7674
MIEF2	3.4379827644674	0.0744020663448444	0.185684774188856	-0.3815
NUDT1	5.23961096423044	0.0744341185283271	0.185739375048269	-0.1864
CIDECP	1.76611909542524	0.0745465444067955	0.185955589905483	-0.4877
ZNF425	2.4589469148305	0.0745521306126515	0.185955589905483	-0.3511
B3GNT4	-0.0709061578162331	0.0745615095370363	0.185955589905483	-0.8757
ATPAF2	3.91216045732579	0.0745860810747182	0.185991462382196	-0.265
LOC654342	0.251868620837854	0.0747091786119967	0.186260670942958	-0.8016
EPHB4	5.96363099777136	0.0748212427366414	0.186501448306953	-0.1822
MYO15A	-0.431565014137812	0.0748940527255117	0.186657450724497	-1.0653
RPS13	8.62666676483837	0.0750381701108181	0.186922948745066	-0.1843
SNORA78	-1.74992345083386	0.0750415365552469	0.186922948745066	-1.9859
FAM65B	-1.74992345083386	0.0750415365552469	0.186922948745066	-1.9859
CDC25A	4.80446079664278	0.0750992702719986	0.187015724742273	-0.1924
PSKH1	4.10315785651104	0.0751597128589833	0.187115194047947	-0.2259
FAM25BP	-1.26542709278668	0.0752541100833572	0.187324656896887	-1.3238
DUT	7.27309523827869	0.0752661913039019	0.187329187245267	-0.1805
CEMP1	1.65515042896046	0.0753024900675389	0.187393982916166	-0.4736
BCAP31	8.59672588146912	0.0753222992912979	0.18741773147907	-0.182
RINL	1.92021523132617	0.0753863821760416	0.187551620742139	-0.4111
DNPH1	4.28808045048925	0.0754571291032587	0.187702050539459	-0.248
CD19	-0.345593349230903	0.0755425601233263	0.187888961527445	-0.9164
CCDC121	1.94179648774045	0.0755778978953943	0.187951246966124	-0.4273
KRBOX4	2.45923626863389	0.0756504673316086	0.188080475501273	-0.3505
G6PC3	5.09838483590347	0.0757265825102399	0.188218446604076	-0.1944
ZC4H2	-0.785444336313955	0.075883030295554	0.188545906460532	-1.321
CFAP69	2.25330110876968	0.0760235319683754	0.188827972736689	-0.3763
LINC00909	2.82967956902212	0.0761760353325071	0.18915529121739	-0.345
TMEM51-AS1	-0.613549349360056	0.0763496055947259	0.189487248996927	-1.1507
ZNF76	4.23456582357329	0.0764068766806592	0.189599556977316	-0.2624
RFPL4B	0.169956148966676	0.0764273176443752	0.189624505424805	-0.9014
LIN37	2.22927325855132	0.0765419084648963	0.189831419771111	-0.3886
C8orf74	-0.904392689174254	0.0766350560687452	0.190028860309526	-1.3281
WASH3P	2.94319379427803	0.0766700024518843	0.190028860309526	-0.2999
PLBD1-AS1	-1.75113668321102	0.076694382272162	0.190028860309526	-1.9743
STMND1	-1.75113668321102	0.076694382272162	0.190028860309526	-1.9743
LOC101928868	-1.75113668321102	0.076694382272162	0.190028860309526	-1.9743
SPAG8	-1.75113668321102	0.076694382272162	0.190028860309526	-1.9743
KDM4C	3.39560865507289	0.0767307515350225	0.190043100473926	-0.2608
SV2A	-1.82352198318131	0.0770646759929911	0.190739252295017	-1.8416
TMEM258	6.86439228059728	0.0771885266328798	0.19094224149185	-0.248
LOC100272217	-0.146980026336217	0.0773945398016483	0.191296333417126	-1.052
POT1	5.5854873833255	0.0775142834380208	0.191540438338455	-0.1754
ULBP2	1.19748968450729	0.0775751513927478	0.191664902398972	-0.5839
BABAM1	6.53543186540772	0.0776036938777749	0.191704441999542	-0.1774
LOC100652768	-1.75005248711234	0.0776331583973824	0.191704441999542	-1.9886
GPR68	-1.75005248711234	0.0776331583973824	0.191704441999542	-1.9886
PAQR5	3.02277577609153	0.0777651826241011	0.191978522513264	-0.317
MADCAM1	-1.54656129892945	0.077868131009285	0.192154717451407	-1.7688
CASC10	2.74797574868689	0.0781075785994289	0.192615420087961	-0.3587
TSPAN12	2.91838239822261	0.078171593983541	0.192721218063947	-0.3188
HYAL1	-0.579471011173132	0.0782243617835915	0.192799237035405	-1.0204
GET4	6.22525783464885	0.078262083699679	0.192866171709144	-0.1807
CYP4F2	-1.98504118040839	0.0784757696097462	0.19326232969048	-2.5257
PHYHD1	-1.98504118040839	0.0784757696097462	0.19326232969048	-2.5257
SLC38A4	-0.787935059386355	0.0784962440623366	0.19326433111893	-1.2865
PRADC1	2.54761873572749	0.078516418097217	0.19326433111893	-0.3409
SYNPO2L	-1.26602675701372	0.0785288829478762	0.19326433111893	-1.3191
LOC101927824	-1.98491178862329	0.0785295140359456	0.19326433111893	-2.5241
CKMT1A	-1.98491178862329	0.0785295140359456	0.19326433111893	-2.5241
TMEM165	5.10363725522679	0.0786053351554702	0.193356867907061	-0.2314
LINC00426	-2.0721013236949	0.078609480368438	0.193356867907061	-2.3423
TNFSF14	-2.0721013236949	0.078609480368438	0.193356867907061	-2.3423
RPL19P12	-2.0721013236949	0.078609480368438	0.193356867907061	-2.3423
LOC100652777	-2.0719717633049	0.0786650548785675	0.193441438828546	-2.3407
MIR23B	-2.0719717633049	0.0786650548785675	0.193441438828546	-2.3407
AP2S1	6.50924819110011	0.0786781217390967	0.193447513867872	-0.2377
KALRN	0.284005585563728	0.0787228882995182	0.193508421523322	-0.8241
LOC104968399	0.137067017189147	0.0787240932654313	0.193508421523322	-0.7805
RNF215	2.35786243524873	0.0787407752395772	0.193523370055697	-0.3803
RAD18	5.4476772990152	0.0789666489698349	0.193974050537313	-0.1798
PTEN	5.97155636497229	0.0791464866631518	0.194363500204802	-0.1724
TRIM47	4.71514514873373	0.0791626794679307	0.194377118542911	-0.1938
C11orf54	4.23365003269949	0.0794634774773521	0.195037005220024	-0.2225
ZNF660	0.267334599668369	0.0795604573286374	0.19524475546215	-0.7185
SMOX	4.87834862243079	0.0795695103329535	0.19524475546215	-0.2005
TMEM101	4.34986013161616	0.0796652080303882	0.195453304368064	-0.2145
XKR9	-0.825358822666233	0.0797941511818905	0.195743351784009	-1.2149
TMEM214	5.14077599928615	0.0798801710632288	0.19592804016261	-0.2069
DCTPP1	6.86168959468767	0.0799436837764975	0.196031147216083	-0.1798
THAP7	3.63338778629043	0.0800825348584566	0.196318887656235	-0.2518
LOC642361	1.11927221349825	0.0801279164750254	0.196403765194423	-0.5631
LOC642423	-2.07149102731161	0.0805555815604344	0.19705892069215	-2.3501
PYCARD-AS1	-2.07149102731161	0.0805555815604344	0.19705892069215	-2.3501
LOC105371899	-2.07149102731161	0.0805555815604344	0.19705892069215	-2.3501
C4orf51	-2.07149102731161	0.0805555815604344	0.19705892069215	-2.3501
SIX3-AS1	-2.07136141424424	0.0806225276879136	0.197113280496926	-2.3481
TERC	-2.07136141424424	0.0806225276879136	0.197113280496926	-2.3481
HIST1H3A	-2.07136141424424	0.0806225276879136	0.197113280496926	-2.3481
LOC101927502	-2.07136141424424	0.0806225276879136	0.197113280496926	-2.3481
LOC339059	-1.07325608047024	0.0807005827147475	0.197277696577454	-1.3297
CYB5R2	2.20712811400217	0.0809532599267404	0.197842398021763	-0.4
MTFR2	4.28121889426957	0.0810184495508881	0.197895747257294	-0.221
GHRLOS	0.0733258975779366	0.0811058581348065	0.198056252823572	-0.8621
SEC31A	6.16535297007583	0.0811449370026337	0.198125179874292	-0.1725
LOC100507506	-0.863189705626616	0.0811571996648941	0.1981286222362	-1.1481
PDLIM1	6.79981712618298	0.0811827692716519	0.198164545503848	-0.1771
ZFP14	2.61942450495773	0.0812518369268312	0.198306622317678	-0.3273
CARHSP1	6.17032505751694	0.0813052012870752	0.198410340154638	-0.1655
CAMK2G	6.54138964514763	0.0813691860419408	0.198488227770792	-0.1632
BCAM	6.026510166231	0.0814277265406199	0.198550096931422	-0.1749
PACSIN2	6.92603757635505	0.0814556128374427	0.198572851956392	-0.1599
TRK-CTT3-1	-1.26495515104497	0.081466934374846	0.198572851956392	-1.3304
GATA6	3.47086897652909	0.0815634778170585	0.198748378407397	-0.2628
HSPBP1	5.8304821241883	0.0815999014335778	0.198800633146539	-0.2242
LMO1	-1.98565021171865	0.0816593195188397	0.198875738678754	-2.5172
TFPT	-1.98565021171865	0.0816593195188397	0.198875738678754	-2.5172
LINC00704	-1.9855208722847	0.0817329452132769	0.199028497774254	-2.5149
KDM5B	6.02144803600575	0.0818268680243395	0.199177507020312	-0.204
MROH2A	-0.862850716394733	0.0818922187251779	0.19931000467229	-1.1544
UBL5	7.151036137095	0.0819672404996859	0.199466001407927	-0.2334
SUCLG2-AS1	0.37218060188957	0.0820276751136708	0.199563023459368	-0.7354
POLA2	5.47204594387404	0.0823455217686145	0.200279755583244	-0.1976
DGCR2	5.19224113510363	0.0823661925252005	0.200303344976697	-0.189
LOC100270746	0.967290428167693	0.0825712049511625	0.200721693420562	-0.5808
RABEP2	5.06098887939181	0.0828722439175135	0.201426665551608	-0.1823
LOC102724450	-2.26628829397098	0.0831142316062234	0.201934177828482	-4.4888
PELI3	2.95589459264605	0.0832278898550295	0.202183414130861	-0.3585
DHFR	6.38273763263241	0.0834139170935644	0.20258141152855	-0.1863
ZNF441	1.54293500766225	0.0835510577869527	0.202860501523954	-0.5387
GNG13	-0.646790668310732	0.0837754250778659	0.203351171416237	-1.0878
ZC3H6	3.3594500472631	0.083879224190683	0.203548778652401	-0.2568
ZNF784	1.93576117734989	0.0838999104006617	0.203548778652401	-0.4308
FBXO32	3.48370981978782	0.0841749468407215	0.204103842412566	-0.2517
LY75	2.17269058519604	0.0842299711040985	0.204138792228437	-0.4752
NUDT22	4.62326702890722	0.0842322782043059	0.204138792228437	-0.2388
CCDC120	3.44039437910519	0.084341287348681	0.204344332028868	-0.255
VAMP5	-0.119498425007682	0.0843881684258063	0.204403662303505	-0.8886
CCDC12	5.57337294610105	0.0844328466758992	0.204471450957029	-0.2941
ARRB2	5.38914248135345	0.084597658637764	0.204728491005405	-0.1777
PCIF1	4.3804377670779	0.0846007743287017	0.204728491005405	-0.2097
TXN2	6.2656872658301	0.0846949208926451	0.204901997855305	-0.1625
CALR	9.48119459842992	0.084741505365798	0.20498753437896	-0.174
ZNF511	4.02734852563148	0.0848621160275797	0.205224902662538	-0.2196
EXOSC4	4.21002219499367	0.0849765605744819	0.205447237431829	-0.2366
DSN1	5.60388911358173	0.0850941074112088	0.205672438720253	-0.1897
HTRA3	3.84036220843091	0.08511347664239	0.205672438720253	-0.2333
INSIG1	6.84673837237443	0.0852719172722907	0.205997634209731	-0.1673
SNX29P1	-1.82291399385377	0.0853000383846479	0.206028291165009	-1.8559
FKBP9P1	-0.579219320418038	0.0853114865664331	0.206028291165009	-1.0194
FZR1	4.93344014757927	0.0855085184182452	0.206432625263619	-0.187
VPS33B	3.58302851070629	0.0855877816074653	0.206596660191179	-0.2539
PANK2	5.24483271637196	0.0856275633116599	0.20663804306909	-0.1752
CCZ1	4.41909842560017	0.0859283926912921	0.207297456495496	-0.2068
AGPAT3	5.28069671291844	0.0859428712894754	0.207297456495496	-0.1941
DLGAP1-AS2	3.37274350765222	0.0859512757092152	0.207297456495496	-0.2722
ASNA1	5.83319264311252	0.0859792337664796	0.207297456495496	-0.1655
PTGER4	4.88555497395256	0.0859808690905552	0.207297456495496	-0.2081
DBNDD1	4.39729314483151	0.0861516596626974	0.20765575637737	-0.2187
MMP19	-1.21159893372762	0.0863955797592716	0.208188714900378	-1.4953
LOC100129550	2.1920600255418	0.0864375246172068	0.208239970671558	-0.3643
TTLL1	1.36696579487387	0.0864411078662832	0.208239970671558	-0.4833
MEF2BNB	2.16677207742588	0.0866124806459389	0.208601246262831	-0.3827
STK35	5.84952942662107	0.0866621350401438	0.208665779120663	-0.1769
PPP2R1A	7.64297147068288	0.0866828000587106	0.208688012379246	-0.2158
HRH1	3.26895801592598	0.0867106772323966	0.208717379409453	-0.2958
LOC102724532	0.879216250835633	0.0867737443773723	0.208744258163752	-0.5961
LOC100287015	0.152684704939007	0.0867753431867477	0.208744258163752	-0.7924
LOC100507634	0.33515158017533	0.0868806511110094	0.208888866940944	-0.7527
LOC102723582	-0.0730691592937653	0.0869153407136485	0.208944753761966	-0.8523
LINC01128	2.83414186322477	0.0869724501999271	0.209054516240931	-0.424
C11orf98	0.769907541984537	0.0870906559641571	0.209311086793267	-0.6382
C8orf59	7.36038846536795	0.0871143652120459	0.209340509584192	-0.1568
POLL	2.85982320580193	0.087420732500183	0.20993855465974	-0.3067
S100PBP	4.64990277091109	0.0876169964348311	0.21029922257616	-0.2176
CHMP5	5.93138567009991	0.0876379967335891	0.210321975597266	-0.1818
C19orf24	4.46398718939825	0.0878387724727609	0.210666742180531	-0.2137
DCXR	5.10422331587502	0.0878453749480432	0.210666742180531	-0.2072
FLVCR1-AS1	1.84478644089175	0.0878657564212226	0.210666742180531	-0.4865
ABHD11	4.39167013928038	0.0878672555540561	0.210666742180531	-0.2064
PAMR1	-1.0298490838511	0.0879216168955472	0.210725618753461	-1.3986
RAET1G	-2.07088048429403	0.0882431665308389	0.211279349767216	-2.3678
MAN2B1	4.31635703842832	0.0882537463420152	0.211279349767216	-0.2351
LMBRD1	4.62176580008864	0.0882568098885184	0.211279349767216	-0.1949
PSMF1	6.64748040194692	0.0884766852574206	0.211722423130092	-0.1597
DHPS	4.83239977281262	0.0885517477981722	0.211826847951694	-0.182
ZNF446	2.14015239991649	0.0885551327545644	0.211826847951694	-0.4124
GAS6-AS2	2.24929492952088	0.0886168448769214	0.211919169998316	-0.3628
RRAGC	5.09584473052188	0.0887755551654962	0.212215075959316	-0.1762
MED15	5.26317429321039	0.0888084304903484	0.212265868948913	-0.2034
CYP1B1-AS1	-1.07457548040856	0.0890043474312933	0.212622790723069	-1.3143
EXO5	4.17945461303437	0.0891994242444068	0.212977333116125	-0.2266
LOC100131347	0.0731277085603043	0.0892214930127775	0.213002167705148	-0.8524
NPY4R	1.73983180585149	0.0894740599107422	0.213451653180726	-0.5954
B3GNT9	1.4037081730763	0.0894799245065785	0.213451653180726	-0.4764
CC2D1B	4.65971933292159	0.0895201822126099	0.213519786578705	-0.1904
ATAD3A	5.47822932999445	0.0895882577507039	0.213626336663643	-0.1869
GHRL	-1.75187181992839	0.0897548664219796	0.213939788666883	-1.9601
POLR2I	4.98144500805319	0.0900181192539066	0.214399319647661	-0.1896
RBM14-RBM4	-1.8230432496167	0.0902969840668299	0.215007400694411	-1.8636
SRP9	8.11400479606311	0.0903606150059891	0.215088960531066	-0.1792
LOC105379419	-1.75161404580097	0.0903899497719095	0.215116532790507	-1.9526
KLF3	5.55249683710771	0.0905451789181163	0.215457871002233	-0.1745
C5orf42	5.98165128116511	0.0906441329840267	0.215637124284127	-0.1681
PAQR8	2.29796756681742	0.0906847829706933	0.215677618279439	-0.3557
TMEM116	3.38174489056598	0.0907298199109356	0.215728522049237	-0.2855
HOOK2	5.6783806468806	0.0907848918709315	0.215831356426061	-0.1829
C16orf74	3.86393828139602	0.0908208922389359	0.215888829259637	-0.2346
NOD2	-0.787058310489515	0.0910784387661158	0.21638833655833	-1.0526
MAP2K2	6.37082396327672	0.0912013766160555	0.216571045023663	-0.1562
OVGP1	-1.21639300110748	0.0912455275054297	0.216616170369197	-1.3967
PPP2R2C	6.05905430962726	0.091581596444774	0.217329211581411	-0.1656
UBE2V1	2.29582129542671	0.0916330289871481	0.217367225268512	-0.3487
CDCP1	6.80918256469728	0.0916333351044299	0.217367225268512	-0.1917
PMPCB	6.42760430878351	0.0918002773529502	0.217650112124086	-0.1737
PFN4	0.317064210490688	0.0918484748493309	0.217707836516409	-0.7057
CGA	-1.42871596085678	0.0919304606747903	0.217789059184917	-1.4243
TMEM201	4.49016219454757	0.0921103351452899	0.218158572705295	-0.2487
TMEM109	6.94449389598666	0.0922650727818698	0.21844004262817	-0.1643
TMEM186	4.10053253410384	0.092310089393688	0.218518282153938	-0.2631
CD177	1.91378633688959	0.092381557161333	0.218659108976701	-0.3974
ARID5B	2.22234561158298	0.0924342655371007	0.218727148625445	-0.381
LOC105372489	-0.166871726125433	0.0925191042838113	0.218871163380233	-0.8105
NAT1	2.81921068693596	0.0925621563842161	0.218916275029181	-0.3231
PLA2G15	2.3684796658074	0.0927270288485995	0.219192624454232	-0.3621
SETD2	6.7589324441187	0.092814472800464	0.219342526271232	-0.1603
LINC01023	-0.11937488090771	0.0930546801463835	0.219830553950632	-0.8867
PEX12	2.42120065658497	0.0930582790341139	0.219830553950632	-0.3383
LOC105370579	-1.42763918815646	0.093069147211023	0.219830553950632	-1.4363
ERI3	6.0853709736182	0.0933678556388014	0.220414664837882	-0.2103
C10orf105	-0.98522632632693	0.0933768086029898	0.220414664837882	-1.1925
PRKRA	6.38201659545897	0.0936380002803648	0.220916946642329	-0.1689
POGLUT1	3.3389484069417	0.0937148307846671	0.221030843222651	-0.2705
TMEM18	4.47709522641059	0.093750563999928	0.221068237714116	-0.1918
ATP5O	6.72211723727929	0.0937971649631125	0.221105547862803	-0.1866
ARHGAP5-AS1	-0.0295158934613715	0.093802720650603	0.221105547862803	-0.8088
CYP4B1	-1.02887225039917	0.0940021737611348	0.221489892124842	-1.3976
RPLP2	8.28875936921607	0.0940733778127308	0.22162905992376	-0.2292
LOC100506571	-0.905450890377218	0.0941185735568266	0.221683277060181	-1.3072
AMPD3	3.48296718782952	0.0941950661559682	0.221801254706998	-0.2395
FAM174A	2.93661065033337	0.0942453896428763	0.221891131457357	-0.3159
RPL18	9.14577982293476	0.0942989624195684	0.221988634162687	-0.225
GSKIP	3.22803209335225	0.0944371688940774	0.22228532172902	-0.2636
STX10	5.39890418611506	0.0944777220373836	0.222352106937537	-0.1933
ZBTB42	1.69385395922831	0.0945904263950714	0.222559621866803	-0.4218
MRPS34	7.20546805453854	0.0946259166682139	0.222586101622847	-0.1869
GATA3-AS1	0.629576915078617	0.0946834258565209	0.222664244277198	-0.6594
CDH3	6.12591316610004	0.0946835302543759	0.222664244277198	-0.1633
HN1L	8.32131110094761	0.0947351351530464	0.222728219878173	-0.1476
DENND4B	4.488484921692	0.0948289008378007	0.222891259649142	-0.1894
LRRC47	5.14272470451056	0.094926301646373	0.223091473076234	-0.2174
ZNF837	1.37805717717873	0.0949458447091885	0.223108680784006	-0.5649
RPS20	9.84967740165635	0.0954163628030645	0.224127781694898	-0.1767
WDR13	3.56593021165013	0.0956055996311353	0.224543397255372	-0.2781
RASL11A	0.267845805383311	0.0956375321157821	0.224589501711566	-0.7321
STK17B	4.15211371507025	0.0960163366073932	0.225363106338978	-0.2032
GAK	5.94502710492711	0.0960848940980307	0.225453120555686	-0.1615
SIK1	2.18137094464095	0.0960986894245423	0.225453120555686	-0.3815
LOC653602	-1.42776759204689	0.0961040854603608	0.225453120555686	-1.4393
MYEOV2	6.6711665493461	0.0962322822780945	0.225724854846318	-0.2028
C1GALT1C1L	1.53317548867451	0.0962929700357431	0.225807734143514	-0.4559
SEMA3A	3.28921392679475	0.0963047227235647	0.225807734143514	-0.2504
CCDC183	0.0604014696121046	0.0964194745214187	0.22601873739895	-0.8887
TRNT	2.66879470171901	0.0965165776464857	0.226217311787681	-0.3331
DKK1	6.71801793874516	0.0965631423932562	0.226256958254447	-0.1618
CDS1	6.0727031321631	0.0966512026376194	0.2263875231399	-0.1584
ZNF350	3.10875653497828	0.0966716418009457	0.226406349290323	-0.2681
RBM23	5.8453244420558	0.0968275436242496	0.226684231393216	-0.1625
ZNF554	1.2246899811172	0.0969156707665318	0.226832369937667	-0.5358
NDUFA1	7.90596219659109	0.0969912166579072	0.226921908407888	-0.1992
KLF8	5.9329602644549	0.0970239313268656	0.226942879392567	-0.1698
TBXAS1	-0.372692517135053	0.0970250423783404	0.226942879392567	-0.8711
CST5	-1.42931820343472	0.0970973712799941	0.227024796373921	-1.4167
CCL26	-1.42931820343472	0.0970973712799941	0.227024796373921	-1.4167
OST4	4.76156046312092	0.0974980627139771	0.227742124284499	-0.1872
NAGS	-0.346627347842536	0.0976748684789056	0.22811211448777	-0.908
L2HGDH	4.60388026018274	0.0977771102168485	0.228292482941397	-0.2214
EID2	4.99006173515935	0.0978205368464132	0.228364670162164	-0.2012
CYHR1	5.01177252319767	0.0980539973495064	0.228821906635893	-0.2084
LOC339803	3.88758824465268	0.0982735585298913	0.229246369092984	-0.2631
ANAPC13	5.86927488048739	0.0983710021413565	0.229415050471717	-0.164
APCDD1L	1.03038352067364	0.0983856204798306	0.229419834906091	-0.5852
IGFL1	-1.61076537124744	0.0987112674933886	0.230048958986098	-1.6269
GGCT	8.08031300077688	0.0987184237892796	0.230048958986098	-0.1656
TF	-1.48965667743863	0.0987971789646189	0.230173723733803	-1.7683
KLHDC9	0.230534647510123	0.0990036229651289	0.230566416743385	-0.7405
TOR2A	2.97748518741189	0.0990630124496984	0.230675300418583	-0.2754
CTDSP1	4.93476563098422	0.0994703877109962	0.231535305119463	-0.1729
DCAF11	5.12190746842778	0.0995083789650417	0.231594207851326	-0.1731
LOC79160	-0.461038326804936	0.0996730962709477	0.231918435575124	-1.0136
ZNF517	1.85194626138411	0.0997721928568866	0.23199208379003	-0.3938
AKT1S1	7.02471153330242	0.0997809948465882	0.23199208379003	-0.1652
ERVMER34-1	-0.343810103768171	0.100110052283097	0.232697875538608	-0.9202
PDPK1	5.5135985780795	0.100146106675506	0.232734426964945	-0.1716
XAB2	5.03159547552971	0.100151274005073	0.232734426964945	-0.1872
PHPT1	5.97978530795577	0.100232083352021	0.232892568878007	-0.2499
ANKMY1	4.55968115882036	0.100319651388338	0.233036716598231	-0.1971
RPS12	9.07979228870722	0.100395153990417	0.233152770798761	-0.2414
SMAD6	2.85456784414293	0.100460213608789	0.233274187184183	-0.2872
CCBL1	3.83639793247839	0.10051757822801	0.233377706744314	-0.2547
SPON1	0.335110690921188	0.100548555372923	0.233390264067143	-0.661
LOC81691	2.86608075806436	0.100676125514707	0.233656667606978	-0.3167
INPP5D	-0.648761602710915	0.100811466333835	0.233941035895576	-1.0598
ELMOD2	5.37170328170728	0.100836768010296	0.233970009760544	-0.1652
SEPSECS	3.35669220477339	0.100894497130134	0.234074207600422	-0.2504
ZNF341	2.46035964898428	0.10099955972969	0.234258412199876	-0.4139
RLN2	0.928908970532658	0.101057085979763	0.234362063217297	-0.5791
MAML3	3.71590611859334	0.101169273232086	0.234540907736344	-0.2354
RPL9	9.28619274637727	0.101194438486317	0.234561410488344	-0.2505
LOC101927415	-0.616103499021425	0.101226838361471	0.234606723514918	-1.1153
LOC100287042	-0.0562348501036725	0.10156004381016	0.235289360380493	-0.9562
CAPN2	9.24577945217396	0.101577870209263	0.235300799205723	-0.1521
NUMA1	7.4612164863432	0.101894057374377	0.235943418496528	-0.1768
HIST1H3G	-0.680686652696715	0.101930276040911	0.235967425742185	-1.0248
PANO1	-1.02495349085204	0.102115830199287	0.23633704311843	-1.4851
CHCHD2	9.30601840759292	0.102217527737668	0.236529397523193	-0.1785
UBL4A	6.10640221124294	0.102348022765146	0.23675437197168	-0.1702
RECQL4	5.27102817538086	0.102529058752864	0.237022982979903	-0.1692
POFUT2	4.04566689136741	0.10288057207129	0.237715190954748	-0.2045
UQCC2	5.7945144646958	0.103161258127906	0.2382431281952	-0.1649
SUGT1P3	-1.82230576187427	0.103696522972288	0.239327904346662	-1.886
MEI1	-1.82230576187427	0.103696522972288	0.239327904346662	-1.886
HIST1H2BG	-1.42910087032547	0.103746569741547	0.239413143370203	-1.4289
RPL23A	10.212246277578	0.103886195658144	0.239674761523452	-0.1665
ZNF35	3.15130440941165	0.103957172268507	0.239808205323966	-0.2828
CYS1	-1.16715007180851	0.103984025082414	0.239809545465457	-1.4885
LOC100507557	-1.16715007180851	0.103984025082414	0.239809545465457	-1.4885
KIAA1161	2.85048611311085	0.104045820791911	0.239891450413883	-0.3471
FAM134A	5.29450807779152	0.104061082296923	0.239896340246576	-0.2013
EMC10	6.46458666580704	0.104266920078688	0.240310174593677	-0.1819
CFL1	9.96946027602884	0.104369422829676	0.240455348710067	-0.1711
LINC00629	1.0574454109253	0.104386358887266	0.240464021179297	-0.5436
SERPINB9P1	-0.402680442954921	0.104498716944296	0.240692477483606	-0.963
GANC	2.31988038042609	0.104513925262077	0.240697138839974	-0.3345
GOLGA3	6.56824566457674	0.104779656783339	0.241100422479411	-0.149
PFN2	7.88465927771548	0.104900863377785	0.241283880789322	-0.1494
PSMD6-AS2	1.11643985384409	0.104965352517133	0.241401798381554	-0.5111
PLEKHA3	5.44709456437294	0.104990626236715	0.241429509078909	-0.1795
C6orf1	3.52963592688129	0.105209616565585	0.241841697308148	-0.2768
UBOX5-AS1	-1.61318672205705	0.105259006380568	0.241924766521924	-1.5776
TOLLIP	4.06730012988668	0.105313486002666	0.242019511639562	-0.272
CERS5	3.67098219794537	0.105371734642445	0.242092422304615	-0.2417
COL4A3BP	4.69407462027328	0.105484937036275	0.242261040449646	-0.1846
ZER1	5.1823317276998	0.105630547287621	0.242538311756085	-0.1725
C20orf196	1.93498933117443	0.106065542237699	0.243318992094928	-0.3843
BCL2L2	4.74700271629784	0.106112821422353	0.243366289935487	-0.189
HTATSF1P2	4.44991071766284	0.106253569451961	0.243658480582214	-0.1937
LOC100128885	-0.679972099086289	0.106411422738621	0.243959177887262	-1.0275
ELF5	-1.32040494083984	0.106622093145679	0.244380782481798	-1.569
TXLNB	-1.55091889827958	0.106977856008411	0.245165420448099	-1.665
JPX	2.53781469676724	0.107017464168776	0.245194631760189	-0.3079
PVRIG	2.5932014790725	0.107226830881977	0.245553999566063	-0.3115
TYSND1	4.95460880428996	0.10723609857682	0.245553999566063	-0.1988
ZSCAN16-AS1	1.67758248813949	0.107241566528277	0.245553999566063	-0.427
MKNK1	5.71244772069429	0.10731358543304	0.245626481402404	-0.1616
ACP2	3.55598675281424	0.107651952240896	0.246246590666558	-0.249
KCNAB2	3.69654428477005	0.1078598470019	0.246655218667775	-0.2462
C19orf54	4.39735519733907	0.107871125429641	0.246655218667775	-0.1914
MCCC1	5.56781760628307	0.10794111037114	0.246784334494119	-0.1602
CCNY	6.24731357181652	0.107981768272022	0.246815470336051	-0.1567
ORC1	5.1868442065479	0.10806235541357	0.246938226115054	-0.1658
C9orf43	0.675699306439615	0.108301870874818	0.247392261597934	-0.6981
ZNF181	2.77609214767821	0.108360863266356	0.24748068551948	-0.302
MTMR9LP	-1.61210533155741	0.10838124894436	0.24748068551948	-1.5905
BMPER	-1.61210533155741	0.10838124894436	0.24748068551948	-1.5905
COMTD1	3.26312615787641	0.108464299275598	0.247601478680419	-0.2679
LOC101928304	-2.07013997590763	0.108709874509897	0.248044928015583	-2.403
MAN2C1	3.77629573213338	0.108792616634095	0.248171686776464	-0.2208
ADAM23	3.71387643736933	0.108854841850363	0.248282607798629	-0.2212
XAF1	2.96681417713965	0.10905819328231	0.248653225497921	-0.2706
TM9SF1	4.85151918436692	0.109371628374371	0.249305587164755	-0.1701
CCDC157	0.446718307212582	0.10962389547148	0.249787048892579	-0.7452
MCMDC2	1.831476660939	0.109763123355695	0.250041874217814	-0.4501
TMEM55B	3.56810905338952	0.109867981138105	0.25020507192215	-0.2791
ANKRD13C	5.54000119751152	0.109972692315519	0.250300644671752	-0.1631
TMEM175	2.16664589134495	0.1102396445705	0.250845687558151	-0.3663
RMDN2	1.9696796557321	0.110273074115027	0.250890483679453	-0.3747
C11orf49	5.07679752039625	0.110299131849042	0.250918498571478	-0.25
ZBTB7B	4.04698499891564	0.110426261391076	0.251051286171293	-0.211
OGN	-1.61283924487099	0.111366086413734	0.252904499759811	-1.5869
PLCH1	0.334748482408091	0.111421485732863	0.252998836261089	-0.663
LRWD1	4.17789955386159	0.111493782998692	0.253131513794818	-0.2091
LINC00910	1.40383318229222	0.112017888937904	0.254138339200511	-0.5023
SFMBT1	4.55863451342993	0.11216536307033	0.254434750026334	-0.1843
EPB41L4A-AS2	-1.61344412289128	0.112217815432245	0.254522106911551	-1.5799
CANT1	6.42521430822333	0.112396686709185	0.254863787840364	-0.1543
NDUFB3	6.55371844483804	0.112410342884017	0.254863787840364	-0.1489
RPL35	10.6504039803611	0.112516635632366	0.255009770341958	-0.1626
SPPL2A	4.96606407003186	0.112618860023059	0.255178094648252	-0.1696
LOC648987	1.53411315036025	0.112633161007929	0.255178826924888	-0.5075
SMARCC1	7.56537134681322	0.112698262350731	0.255294636738421	-0.1553
TSSC1	4.93572687157486	0.112721806000754	0.25531628912528	-0.1881
RNASE4	0.074732900119767	0.113252725221201	0.256328012848778	-0.7634
C10orf32	3.01833575489949	0.113417022261309	0.256668049882541	-0.2671
SLC10A5	-1.11841164510489	0.11354305686374	0.256889583108741	-1.2479
FBXL15	2.50946242589219	0.113640020230601	0.257077101527862	-0.3237
CSK	6.0113388061277	0.113753843517541	0.257302709361445	-0.1521
DCTN5	6.35448635207253	0.113835962408265	0.257424666137158	-0.157
RNF212B	-0.456011680268515	0.114000103406484	0.257731998487773	-0.902
TPP1	4.86568694541535	0.114067787705431	0.257821162851349	-0.1907
LOC101930452	-0.861071978791056	0.114169117496327	0.257986311302506	-1.1845
NCOR2	7.68475000303886	0.114197783012975	0.257986892668885	-0.1514
PNRC2	6.48166687900044	0.114211769640114	0.257986892668885	-0.1454
DYNLRB1	6.94704953375566	0.11430057838262	0.258155555975889	-0.1624
PLEKHF2	4.66526997420488	0.114534179356947	0.258555209390432	-0.1881
PLXDC1	0.303735707494418	0.114563412024723	0.25858922476797	-0.6967
LBX2-AS1	0.350752956230459	0.114599289562425	0.258606258374739	-0.6796
YIPF2	4.63072121167908	0.115056306427501	0.259477199523219	-0.1752
TMEM51	3.12533814133767	0.115239112078175	0.259761110025826	-0.339
FLJ21408	-0.403591589974662	0.115333376757473	0.259910960946947	-0.9461
FAM47E	-0.826752748228861	0.115334065218625	0.259910960946947	-1.1833
EXOC4	6.44225753903141	0.115462313632658	0.260135751903962	-0.1494
ATP6V0A1	4.73344576454077	0.115503287714772	0.260195955148184	-0.1776
ACADVL	7.57750288945787	0.115550555379441	0.260270319433323	-0.148
LDLRAD1	-1.75222011204691	0.115779305322317	0.260689072269883	-1.9154
CITED4	4.34480354410122	0.115822296574108	0.260753711463426	-0.1995
C1orf43	6.71932887780902	0.115851057965251	0.260754150439356	-0.1523
TMEM198B	2.8581458354885	0.116037329570011	0.261141209150656	-0.3515
MUC12	-0.190741720053216	0.116060284548485	0.26116067480798	-0.7703
PSMB6	8.01998444593609	0.116226215242038	0.261501822215755	-0.1731
TRHDE	-0.316658218293861	0.116277541612182	0.261575533938774	-0.8314
POLE4	4.90538007931015	0.116446505036041	0.261900627810517	-0.1933
CELF5	-1.11998818422509	0.116610379549336	0.262172301607472	-1.2372
GUSBP11	2.27848044772411	0.116683575774264	0.262296137924035	-0.3355
MAPK8IP1	3.99289899374918	0.116694195454591	0.262296137924035	-0.205
IFI16	4.67281294369476	0.116727346628811	0.262338352832153	-0.1802
SERTAD3	3.71026587340493	0.116778320026353	0.262406551256221	-0.2569
FAT2	-0.0956142583601066	0.116786438921823	0.262406551256221	-0.8099
CCDC84	3.83810811802793	0.116826225775408	0.262463644813666	-0.2149
ERMP1	6.14762885009758	0.117268666642513	0.263328017001933	-0.1807
ITGA10	-0.864374189071149	0.117295477446792	0.263355827852494	-1.1382
CHKA	6.12137970624134	0.117398306577249	0.263457097095791	-0.1532
RTN4IP1	3.54910939630839	0.117435516095347	0.26347582423948	-0.2828
HM13	7.19233596952484	0.117496071410971	0.263549037164636	-0.1473
TOM1L1	4.29868001725441	0.117586729766693	0.263717854867414	-0.1839
PDK2	4.25417149680072	0.117880580780109	0.264295019533802	-0.1935
LYRM1	5.69997329016437	0.11788760126432	0.264295019533802	-0.1635
DBH-AS1	-0.613390620498313	0.117901985050574	0.264295019533802	-0.9521
CD6	-0.677742438040504	0.118175636699002	0.264875926774338	-1.0627
SLC25A35	1.53008760717024	0.118833056787156	0.266251384966411	-0.4508
TPCN1	4.70517441154643	0.119190573188831	0.266821208919839	-0.1952
ND6	11.2276936971356	0.119204304335572	0.266821208919839	-0.2272
TSPAN31	3.07599095670478	0.119277965154008	0.266925957404049	-0.2601
C17orf100	1.93293186428752	0.119296086672493	0.266925957404049	-0.3808
C11orf63	2.27264352030376	0.119309586569733	0.266925957404049	-0.3311
C16orf93	-1.07359764872694	0.119531412271153	0.267323957175325	-1.3212
LOC102467147	-1.07359764872694	0.119531412271153	0.267323957175325	-1.3212
NDUFB2	6.47909202627134	0.11978051354211	0.267782642079936	-0.2269
CAMKK1	4.39286514432245	0.119825559121668	0.267817753100535	-0.2131
GAS6-AS1	-0.401361528651425	0.119918822247396	0.267993391963333	-0.816
MIR4426	0.154403823659239	0.120043476325088	0.26823131499082	-0.7054
CIC	5.22803938702458	0.120077771373716	0.268250097185335	-0.1577
SLC23A3	0.434940529067434	0.120256803995177	0.268518617139916	-0.6017
BOLA2B	0.690730446575807	0.120600969205818	0.269254163363265	-0.6858
HOXC6	1.86401259177411	0.120721943616696	0.269483419166025	-0.415
NPAS1	-1.03078475773941	0.120733177331229	0.269483419166025	-1.3654
TRIM38	5.68523135453358	0.120864903763106	0.269707968912877	-0.152
ATP6V1F	6.35513744438009	0.120892257778031	0.269707968912877	-0.1558
BCL2L12	5.31094007825254	0.120892874102436	0.269707968912877	-0.2108
TNFAIP8L3	-0.787649114564644	0.121129256897499	0.270202311085135	-1.049
LOC101929697	-1.06988893600727	0.121148831404202	0.270212958596837	-1.3779
C16orf46	2.08212635695727	0.121192466122071	0.270277261363857	-0.3901
S1PR1	-1.90172996230906	0.121388300921644	0.270579422021697	-1.6728
RNF181	5.11456385539817	0.121450982348895	0.270634836929285	-0.2244
SDHAP2	-1.82473723460961	0.121456574220072	0.270634836929285	-1.8295
LOC644794	1.56853951408847	0.121644027164705	0.270986377049281	-0.4597
RPL23AP64	0.465611279172638	0.121918601423793	0.271465543065346	-0.5775
PTS	4.92657874659731	0.121974964786871	0.271557921603552	-0.1632
ESPNL	0.369703189528613	0.122009956657736	0.271602703175664	-0.6478
NDUFC1	5.86397526270007	0.12207948279492	0.27172434014924	-0.2241
SNORD96A	1.71083497349299	0.122168462278271	0.271861981141923	-0.5323
ODF3B	-0.430369619690372	0.122178972632207	0.271861981141923	-0.9123
CLCN6	3.06637862561261	0.122409953473196	0.272254272109953	-0.2573
TM2D1	3.67451582563474	0.122419282522701	0.272254272109953	-0.342
ANAPC5	6.35292991190203	0.122455354610185	0.272254272109953	-0.154
MANBA	3.04340337135316	0.122580315233155	0.27244049609161	-0.2749
HINT1	8.30140783625546	0.122660464637744	0.272543187757368	-0.1673
NNT-AS1	3.81628155285518	0.122671306628083	0.272543187757368	-0.2209
PRDM1	0.137221195942482	0.122715751990112	0.272608757402225	-0.681
UCKL1	4.54083545898506	0.122813883354706	0.272760371596534	-0.1754
JKAMP	5.880203064036	0.122844059034589	0.272794202862847	-0.156
GMPPA	4.78162186728644	0.122984900520182	0.273073746521095	-0.1798
VAT1	6.8259459324064	0.123107790486827	0.273280134135155	-0.1426
ACTR1A	4.73313860416967	0.123206935575194	0.273414504321627	-0.221
METTL20	-0.00474691047275274	0.123343443521939	0.273670139151254	-0.7557
EHF	7.19336527497751	0.123451685209962	0.273843738176557	-0.1376
SLC4A8	0.666836083934293	0.123565361493524	0.274004491782279	-0.5845
COQ10A	2.14104058560353	0.123626426975628	0.274098135883784	-0.3541
COMMD9	5.22748413949507	0.123724085070284	0.274248044808536	-0.156
SPPL2B	3.53169536206045	0.123750862077252	0.274274097132732	-0.2707
LOC283575	-1.67894703026175	0.123808991352058	0.274369622010582	-1.471
CABIN1	4.86946641705995	0.123883739342008	0.274468634153847	-0.1738
MFSD5	4.15829926515095	0.123931464504824	0.274541052784864	-0.1942
LOC101927865	-0.788239702466694	0.123954392004007	0.274545078164473	-1.0452
TNNI1	0.420035828858128	0.123963358857896	0.274545078164473	-0.5778
EEF2	10.3098613125449	0.124056169574882	0.274655681878283	-0.1447
EIF3C	5.3822095938137	0.12411177327918	0.274740455072718	-0.3804
COQ6	3.49452702494406	0.124214507790253	0.274834572078398	-0.2267
LDLRAD2	-1.90185928212291	0.12465748297092	0.275614267786982	-1.6755
CEBPB-AS1	0.278702184745273	0.124704142865378	0.275684043612296	-0.7956
CFAP74	-0.788113280521399	0.124886939299556	0.276054723798607	-1.044
ANGPT4	-1.82460812343963	0.12508456498275	0.276375175386516	-1.8263
C2CD4A	-1.90160063133374	0.125092466817418	0.276375175386516	-1.6718
ST3GAL6-AS1	-1.90160063133374	0.125092466817418	0.276375175386516	-1.6718
ATP5SL	4.76697937330793	0.125363744173342	0.276773553468198	-0.2186
C2orf15	3.32662572644721	0.12583687274483	0.277683784459036	-0.2636
LINC00116	3.84280916170166	0.125854560524808	0.277689250295008	-0.2637
EFNA1	3.21158936859615	0.126025123987995	0.277988773711254	-0.2771
EEF1B2	7.94504956742268	0.126035992550835	0.277988773711254	-0.149
PHLDB3	3.24861977136693	0.126231509988817	0.278386379120058	-0.2594
FKRP	3.20151206666142	0.126445544931005	0.278791046891357	-0.247
RNF207	3.16432029620573	0.12650483387077	0.278888086842745	-0.2599
TRAFD1	4.65430065147831	0.126526753549482	0.278902730354908	-0.1944
INCA1	2.32355379212349	0.126741187226258	0.279240539947207	-0.3255
ENDOD1	4.27310513628314	0.126808599323012	0.279321644454743	-0.2055
STAG3L5P	0.25158335777564	0.12694444806369	0.27958714487281	-0.7028
SGCA	-1.90112120087571	0.127106982842834	0.279843834874431	-1.6822
CYP27A1	-1.90112120087571	0.127106982842834	0.279843834874431	-1.6822
TRIM28	7.64729441461724	0.127232227213435	0.280020173226	-0.1627
C19orf52	3.45291002130099	0.127233092512581	0.280020173226	-0.2271
C8orf44	0.388476424781397	0.127286573694148	0.280036597898332	-0.7015
MAT2B	6.47376689975653	0.127339542524361	0.280119374421586	-0.144
NPIPB9	-0.344731713104098	0.127902694477258	0.281150775168694	-0.7705
LOC101927181	0.585826499810288	0.12791621048155	0.281150775168694	-0.5753
PARVB	4.80883754598636	0.127971910919214	0.281239341006522	-0.1693
DBH	-1.82534449707448	0.128192945238886	0.281657288275497	-1.8191
MEGF8	5.79905122975959	0.12821861864294	0.281679795661312	-0.1559
VCPKMT	3.02794002588881	0.128343161627858	0.28191947523501	-0.2793
FGFR1OP	4.8582456498266	0.128441048358656	0.282100550870503	-0.1788
DHRS4	2.66196835002233	0.128499292728224	0.282126649193801	-0.2833
LOC100996693	-1.21481257417547	0.128571991958681	0.282183352538714	-1.4008
SLC11A2	4.85265154771355	0.128745728525713	0.282450321759307	-0.1743
GSTM3	5.4371629721195	0.128755016305924	0.282450321759307	-0.1695
CEND1	-1.02849793467895	0.128947442032062	0.282804481227454	-1.1134
SLC12A9	4.35326785834252	0.12904610884004	0.282952890101341	-0.2194
EARS2	5.81814975556949	0.12930307598011	0.283448241485698	-0.1578
FAM104B	4.29329315637093	0.129519066911898	0.283853551685907	-0.1833
BET1	5.11032122296682	0.129869859587542	0.284588183486995	-0.16
CAND2	-0.490655900010949	0.129948500504027	0.284642611928024	-0.9681
HSD17B6	1.42215022002023	0.130055150475093	0.284823275800541	-0.4471
APOLD1	3.71357981763849	0.130229106832751	0.285135832854246	-0.2358
CSRP2BP	5.02771638536065	0.130549254210001	0.285733986914971	-0.1728
TMEM184A	4.37239134628715	0.130617931597569	0.285850031077107	-0.1958
PSMD10	6.62937296320203	0.130939947494367	0.286451729353765	-0.1827
FICD	1.33505009469747	0.131116779503057	0.286735496718713	-0.436
IVD	5.79123709276421	0.131191895741015	0.286836403331345	-0.1505
ATP6V0C	6.71651384819113	0.131290645060883	0.286978210755685	-0.2524
PUM1	6.55062596648585	0.13140019801435	0.287123419252143	-0.1399
CNIH2	-0.517100682960771	0.131419987471018	0.287123419252143	-0.9399
PSMB5	6.21764419402076	0.131444904412049	0.287143493472104	-0.1609
GMPR2	4.86861339300589	0.131640474120714	0.28746752339088	-0.1782
PSMB10	3.61605454261468	0.132031546494211	0.288117664429818	-0.2596
KAT2B	2.48241820306288	0.132089043082524	0.288205757202649	-0.305
LINC01144	0.451273766881287	0.132162786547532	0.288297745395118	-0.6978
COL4A3	1.66558191687179	0.1324443651367	0.288842949460709	-0.4109
MIR6748	-1.90099181771109	0.132626588607293	0.2891712649725	-1.6828
CHRNB4	-1.90099181771109	0.132626588607293	0.2891712649725	-1.6828
PLAC8	4.83092536242644	0.132754285122634	0.289265994710976	-0.1667
PRR13	6.77668276267901	0.132776349160924	0.289265994710976	-0.1537
ATP5D	5.29164319566646	0.132864469451889	0.289265994710976	-0.1742
THTPA	1.14300513190862	0.132976493471067	0.289265994710976	-0.4594
BTBD16	-2.48541917164856	0.133351370042045	0.289265994710976	-4.0095
GALR3	-2.48541917164856	0.133351370042045	0.289265994710976	-4.0095
LOC105373988	-2.48603337977559	0.133351370042045	0.289265994710976	-4
LINC01426	-2.48603337977559	0.133351370042045	0.289265994710976	-4
CSDC2	-2.48603337977559	0.133351370042045	0.289265994710976	-4
LOC102546229	-2.48603337977559	0.133351370042045	0.289265994710976	-4
ENO1-AS1	-2.48664733541098	0.133351370042045	0.289265994710976	-3.9907
GBP1P1	-2.48664733541098	0.133351370042045	0.289265994710976	-3.9907
CASQ1	-2.48664733541098	0.133351370042045	0.289265994710976	-3.9907
FAM25C	-2.48664733541098	0.133351370042045	0.289265994710976	-3.9907
LOC105378191	-2.48664733541098	0.133351370042045	0.289265994710976	-3.9907
IPW	-2.48664733541098	0.133351370042045	0.289265994710976	-3.9907
C2orf27A	-2.48664733541098	0.133351370042045	0.289265994710976	-3.9907
CHKB	-2.48664733541098	0.133351370042045	0.289265994710976	-3.9907
RNF138P1	-2.48664733541098	0.133351370042045	0.289265994710976	-3.9907
PCDHGA2	-2.48664733541098	0.133351370042045	0.289265994710976	-3.9907
TBX18	-2.48664733541098	0.133351370042045	0.289265994710976	-3.9907
NKAIN2	-2.48664733541098	0.133351370042045	0.289265994710976	-3.9907
TAGAP	-2.48664733541098	0.133351370042045	0.289265994710976	-3.9907
FAM225B	-2.48664733541098	0.133351370042045	0.289265994710976	-3.9907
BMX	-2.48664733541098	0.133351370042045	0.289265994710976	-3.9907
PTPN22	-2.48726103875482	0.133351370042045	0.289265994710976	-3.9813
MIR6739	-2.48726103875482	0.133351370042045	0.289265994710976	-3.9813
IL37	-2.48726103875482	0.133351370042045	0.289265994710976	-3.9813
RUNX1-IT1	-2.48726103875482	0.133351370042045	0.289265994710976	-3.9813
LINC01179	-2.48726103875482	0.133351370042045	0.289265994710976	-3.9813
EFCAB9	-2.48726103875482	0.133351370042045	0.289265994710976	-3.9813
TMEM213	-2.48726103875482	0.133351370042045	0.289265994710976	-3.9813
ANAPC2	4.95537942386485	0.133405285051943	0.289329618567409	-0.1742
IL32	-0.787437796970982	0.133412397518649	0.289329618567409	-1.0642
LOC105377135	-1.26469923528882	0.133590074812435	0.289680532815751	-1.3267
PDIK1L	3.24705459135301	0.13367696521307	0.289800104136065	-0.242
LOC102723899	-1.82521543773233	0.133889404975855	0.290226190600713	-1.8125
SEC22A	3.96586294919232	0.134150913583418	0.290655005741618	-0.1963
RPL3	9.77302180801498	0.134198151628026	0.290722849901655	-0.1481
ARTN	2.57544488658274	0.13427737981796	0.290859972230265	-0.2826
MRPS6	5.15253919235753	0.134308301585035	0.290892437268525	-0.1572
AGAP11	0.0355089307648863	0.134541822296453	0.291176739456925	-0.7015
ZNRF2	4.81185994486076	0.134563757634933	0.291176739456925	-0.1679
KCNAB3	1.45571357309082	0.134567164263698	0.291176739456925	-0.4238
LINC01126	-0.680308352294208	0.134856267521873	0.291507971892581	-1.0181
ADAMTS13	1.08488503479357	0.134926645613187	0.291574436826982	-0.4893
PEX1	4.64912423745575	0.134967400013819	0.291627986111052	-0.1676
PNPO	5.25465216776234	0.135089428092828	0.291822577122551	-0.1634
XPC	4.60470837535948	0.135360901190265	0.292270681505556	-0.184
ADAMTS17	0.951166822613473	0.135457755026789	0.292376067128052	-0.5116
ZNF396	-0.548954057282677	0.135504407458946	0.29242901186997	-0.8885
RNU5F-1	-2.16480677782326	0.135772476928564	0.292674735955586	-2.1318
DPYD-AS1	-2.16480677782326	0.135772476928564	0.292674735955586	-2.1318
RAD21L1	-2.16480677782326	0.135772476928564	0.292674735955586	-2.1318
CHDH	-2.16480677782326	0.135772476928564	0.292674735955586	-2.1318
MAGEC2	-2.16480677782326	0.135772476928564	0.292674735955586	-2.1318
C11orf94	-2.16467704820009	0.135844054451461	0.292759893526842	-2.13
PTPRZ1	-2.16467704820009	0.135844054451461	0.292759893526842	-2.13
LYZ	-2.1654178507502	0.135930598611495	0.292877258143687	-2.1249
LOC100506801	-2.1652881740513	0.136003138860008	0.292895281706772	-2.123
ST6GALNAC5	-2.1652881740513	0.136003138860008	0.292895281706772	-2.123
UBE2E1-AS1	-2.1652881740513	0.136003138860008	0.292895281706772	-2.123
GIPC1	6.82100290343502	0.136066697978601	0.292963042610844	-0.1384
NKIRAS1	3.77937458284159	0.136127722893321	0.293059871360905	-0.2423
ARID1A	6.33814023940665	0.136193551439306	0.293132454029235	-0.1432
UPP1	5.6926186573654	0.136335668409757	0.293369161066539	-0.1465
PINK1-AS	1.79700415023341	0.136386310220553	0.293443545007239	-0.3981
LAMA5	7.94850651779692	0.136610008750979	0.293777306066026	-0.1608
SLC9A5	2.09297411070464	0.136663634046103	0.293832446489891	-0.34
NPPA-AS1	-2.0727113736332	0.13678188220215	0.293938525182615	-2.3352
LOC284023	1.90632370448146	0.136787802652897	0.293938525182615	-0.3614
MPST	5.1483152148506	0.136788470276786	0.293938525182615	-0.1724
RWDD2A	1.05355807317534	0.136828567132562	0.293938525182615	-0.4872
PDF	1.56309631523818	0.136851743717295	0.293938525182615	-0.4355
LOC105372269	-2.07258186587992	0.136857880370959	0.293938525182615	-2.3332
SYT5	-2.07258186587992	0.136857880370959	0.293938525182615	-2.3332
NACAD	-2.07258186587992	0.136857880370959	0.293938525182615	-2.3332
PCDH9	0.153522527646475	0.136924149490919	0.29401167644157	-0.6952
C10orf67	0.654303108310143	0.137369720999145	0.294798048356674	-0.5641
ERCC1	4.90026027233759	0.13737111072361	0.294798048356674	-0.1606
LINC00957	-1.26589889298448	0.137426057842487	0.294881301360183	-1.3176
TPPP	1.23514461275462	0.137505214079379	0.295016475288887	-0.4934
GDF9	-0.0273274627569124	0.137546996779462	0.295071442209854	-0.7113
TMEM75	-0.986415642058239	0.137653166776908	0.295229818218895	-1.1822
GPN2	3.5914819950054	0.137760095255621	0.295424444847482	-0.2414
QPCTL	3.72029979519862	0.137803040686733	0.295481831192977	-0.3048
TEN1-CDK3	-1.11708882052977	0.138151837787855	0.296090625810646	-1.2594
P4HA3	-0.292146631011726	0.138229584367474	0.296222478250099	-0.7215
ENPP5	2.89158407328317	0.138593458694781	0.296860425986221	-0.2739
ASCC2	5.16760857646723	0.138608581896721	0.296860425986221	-0.1663
CASD1	4.0763868485355	0.138640812905403	0.296865558354222	-0.2119
C19orf70	4.06430897582437	0.138769850981102	0.297101254780227	-0.2687
MYH16	4.3797125189032	0.138902133393106	0.29734959512483	-0.2255
ARR3	-0.292271040659807	0.139104255708186	0.29774736689045	-0.7223
VSTM2L	-0.901012515542602	0.13920131919921	0.297875077923551	-1.0937
CPS1	4.84151849041604	0.139353479443767	0.298129946426067	-0.1702
IFT52	5.0368186720943	0.13975401593636	0.298857832369005	-0.1648
WBP2	6.00576112796039	0.140079489464467	0.299413553408654	-0.1479
GNAL	1.77322915637716	0.140227353482353	0.299694517112366	-0.387
LURAP1L	0.380628106816448	0.140810404870087	0.300533214134615	-0.7113
LOC102723505	-2.16419545691651	0.140817326561541	0.300533214134615	-2.1433
LOC401052	-2.16419545691651	0.140817326561541	0.300533214134615	-2.1433
HUS1B	-2.16419545691651	0.140817326561541	0.300533214134615	-2.1433
MIIP	3.4261776599467	0.140863874299746	0.30059741545484	-0.256
HIGD2A	5.46740673995803	0.140914913022514	0.300598888087381	-0.1589
LINC01135	-2.16406567432781	0.140931591151217	0.300598888087381	-2.1407
SPDYE17	-2.16406567432781	0.140931591151217	0.300598888087381	-2.1407
LOC613038	-0.374887847287883	0.14094804377897	0.300598888087381	-0.8509
RPS28	7.06152808086367	0.140997307741341	0.300601056887297	-0.1493
CUEDC1	5.69738914508209	0.14166992010012	0.301684285934263	-0.1434
CYSTM1	3.9675334665231	0.141670649830983	0.301684285934263	-0.2028
GPT	0.0755288687992017	0.141697638379489	0.301706564760433	-0.6692
LOC101927045	1.96020240449079	0.14171736354033	0.301713374786271	-0.4017
TOP2B	7.59637197216852	0.141922228837917	0.302035381899174	-0.1301
XPNPEP1	4.24114461797452	0.141934790825647	0.302035381899174	-0.1831
ITGB5	7.32833106131173	0.142033850150905	0.302175733405771	-0.1406
ACTG1	11.1984824233785	0.142261683796691	0.302554671411043	-0.1541
OAS2	-1.11589262650624	0.142361249671562	0.302731155970184	-1.2883
MYZAP	0.569956560317133	0.142547478832414	0.303091867407938	-0.5458
PRSS27	1.91429786496112	0.142601301467535	0.30317099797267	-0.3481
ITPR1-AS1	-1.02671006517314	0.142687151513396	0.303269434161265	-1.1293
DCP1A	4.56751249032656	0.142747560773962	0.303340643637463	-0.1766
SNAP29	4.78311135501723	0.142897126234752	0.303587796641643	-0.1674
ITGB3BP	6.00029055878511	0.143014418078773	0.303801630957189	-0.1525
SEC14L5	-2.37280101305456	0.143108246822992	0.303894864952953	-4.2541
LOC101928737	-2.37280101305456	0.143108246822992	0.303894864952953	-4.2541
NUP62CL	3.84297613704056	0.143250274768713	0.304161085854574	-0.2111
LRP1	5.57637311323039	0.143411868654683	0.304468784063251	-0.1728
EIF3CL	2.79942622228999	0.143488237883215	0.304560082641085	-0.2894
SSC4D	1.07470140615947	0.143552397601489	0.304599092272891	-0.48
PSMD8	7.37647792537665	0.143582263749036	0.304599092272891	-0.1316
GPX3	6.31816661811342	0.14358888349609	0.304599092272891	-0.1547
LOC100132062	-0.583571576419811	0.143613279449057	0.304612992868826	-0.9819
APH1A	6.44424913089605	0.143650664070124	0.304656891643143	-0.1408
TTC8	2.76252875016909	0.143742420050379	0.304783144886693	-0.3064
MIR4517	-1.0255170320465	0.143743584436592	0.304783144886693	-1.1592
AP2A2	1.36490919879705	0.143761358502177	0.30478543268096	-0.702
SNORA33	0.798148592277224	0.143864598794973	0.304933486079302	-0.5157
CATSPER2P1	-0.192713221049553	0.143924835794247	0.305025749043391	-0.7585
TRPS1	3.56335307551962	0.144301595959764	0.305753242321431	-0.2222
PRKG1-AS1	-0.291239320127032	0.144503768544349	0.306146083154884	-0.7303
SLCO1B3	5.84366105335106	0.144593334056948	0.306230604050196	-0.1603
ZFP90	3.0985231075528	0.144593985917654	0.306230604050196	-0.2624
FAM46B	1.23869680332751	0.144682112428351	0.306381701019832	-0.4202
CLIP3	0.357328975220343	0.144893975361056	0.306723610179898	-0.6454
SEC14L4	1.44106308431931	0.145014808275484	0.306837081580578	-0.4589
PIGC	4.50314136875512	0.145089479471112	0.306929681971891	-0.1744
CCDC173	1.06703306159123	0.145289811960149	0.307312108347177	-0.4708
RND1	-0.074055764144099	0.145550354705816	0.307756228342528	-0.7282
LINC01450	-2.07332117731616	0.145768163382305	0.308109712945161	-2.3197
SEZ6	-2.07319172215881	0.145904300995164	0.308210626193651	-2.3161
HORMAD2	-2.07319172215881	0.145904300995164	0.308210626193651	-2.3161
LINC00589	-2.07319172215881	0.145904300995164	0.308210626193651	-2.3161
LOC100129098	-2.07319172215881	0.145904300995164	0.308210626193651	-2.3161
CDK11A	4.33867098331618	0.145917202135831	0.308210626193651	-0.22
EPS8	7.88362517656363	0.146183005168986	0.308629228907715	-0.1285
FAM50A	5.78432949642635	0.14653156138251	0.309257824809145	-0.1518
EVPLL	1.01289061976765	0.146586110836874	0.309337191011209	-0.4638
DBIL5P2	-1.82595151761556	0.146794004577671	0.309677193614436	-1.7942
KIAA1191	6.67540153572905	0.146985838638529	0.30996574681587	-0.1356
RPL39	9.97903882807781	0.147009479970711	0.309979795142678	-0.2468
CEBPZOS	5.56242975092989	0.147333448140497	0.31055529722352	-0.1508
HS1BP3	2.824556478035	0.147474675797079	0.310745346416375	-0.357
SBF1	6.22090303757693	0.148035407001168	0.311693319011607	-0.1513
MB	1.4130411243752	0.148061155919624	0.311693319011607	-0.4436
KCTD21-AS1	0.755898969937749	0.148347846219757	0.312005353307013	-0.5442
DVL2	5.36797234261117	0.148427782420346	0.312069284333276	-0.153
OS9	6.44648290219391	0.148558415979494	0.312307973528516	-0.1448
LOC441455	0.730426688497972	0.148670000577503	0.312434618457799	-0.5545
NRSN2	2.70933575552541	0.148713457167621	0.312489971691078	-0.3464
SERINC1	6.1268686273993	0.148753175985634	0.312537458947375	-0.1405
RGPD8	0.546113240683269	0.148881989266765	0.312772105414738	-0.8477
GNB2L1	9.98659524120917	0.148951094433112	0.312881277179943	-0.138
ATP5H	7.14842222849914	0.149002611398869	0.312953482938075	-0.1373
NID2	0.0754064624182849	0.149050718343523	0.312995987416897	-0.6699
ZNF436-AS1	1.76262824579214	0.149057138179366	0.312995987416897	-0.401
KLHL2	4.82341216579329	0.149507969069187	0.313762212130944	-0.1718
MBOAT7	1.92412317491467	0.14961786352175	0.313956749017595	-0.3919
ILK	4.98196270635815	0.149677989895522	0.314046820311763	-0.1516
EEPD1	2.48131170903359	0.15002673630684	0.314670048025928	-0.2932
CLUHP3	1.96044006147413	0.150153418131137	0.314863404709629	-0.3342
TMEM52	1.54950861591651	0.150451550631718	0.315416112578393	-0.3855
TMBIM6	9.19656101226674	0.150483754531097	0.315447401850926	-0.1371
LOC728673	-0.100910483138776	0.150509083041595	0.315464273249983	-0.8732
RGL1	1.47430369376434	0.150533129066991	0.315478453018826	-0.3891
LOC105377866	-1.48841789717325	0.150623602541278	0.315631828282089	-1.2951
APAF1	4.6082479156019	0.150741084251089	0.3158192207488	-0.1901
THAP7-AS1	0.227203480077205	0.150780622833662	0.3158192207488	-0.733
LOC100506548	4.89879077810253	0.150893003385288	0.315978741661141	-0.1637
VPS29	6.3441484377946	0.151004260689767	0.31613919531564	-0.1401
FAM160A2	3.08538699458724	0.151033855281779	0.316164896459599	-0.2323
PITHD1	5.27928841503532	0.151240092843725	0.316420423009039	-0.1794
FAM129B	8.03956344501028	0.151242583872528	0.316420423009039	-0.131
LCMT1-AS1	-1.2154179742509	0.151385996035647	0.316575342912574	-1.0667
LSM14B	6.62783295950902	0.151451287088341	0.316675603835158	-0.1303
PRSS3	-1.26397103757455	0.151584187937812	0.316917193654683	-1.3334
TSC22D4	4.81494032181107	0.152086296384903	0.317784986471647	-0.189
ZDHHC9	6.78701970042461	0.152599616719092	0.318644071869451	-0.155
KDM8	1.55235681609952	0.152602164787172	0.318644071869451	-0.4259
ZDHHC7	6.27788060398551	0.152637106438372	0.318680582701157	-0.1544
C6orf165	1.24372269197835	0.152682558436244	0.318686887417075	-0.4624
ARL6IP1	9.01193625730867	0.152685993410834	0.318686887417075	-0.137
LOC100507564	-1.16545044963498	0.152692495849976	0.318686887417075	-1.1646
TMEM105	0.481690887655389	0.152782211018824	0.318829384647306	-0.5348
ZCCHC24	2.80924870184843	0.152885184033502	0.318943197316377	-0.2901
LINC00324	0.335021579436933	0.152945713590599	0.318969211868474	-0.5787
CADPS2	4.41536173499795	0.152950070152093	0.318969211868474	-0.1866
MPV17	4.36729672938923	0.153468101926448	0.319830327485073	-0.1775
MTRNR2L4	-1.48699374900557	0.153739473137642	0.32035929934948	-1.3289
LOC440600	0.367102034251016	0.153862386393532	0.320542248773288	-0.622
TATDN3	2.99549949239871	0.154002595813933	0.32077927071435	-0.2471
OAT	6.88443988592095	0.154011300822266	0.32077927071435	-0.1546
VPS51	5.7987495947544	0.154665275938535	0.321994443783087	-0.168
CHMP4A	5.08600101294584	0.154692889772801	0.322015210455216	-0.1857
SNORA25	0.0323199552368479	0.155073469342069	0.322660275394212	-0.7737
SLC35A5	5.39507479595783	0.155263287255521	0.322981605758521	-0.1429
RDH5	-1.16557812785236	0.155302111954355	0.323025561790897	-1.1658
BBS12	1.8832850008681	0.155364383696419	0.32311827167485	-0.3425
TRIAP1	5.29637220372255	0.155605774063299	0.323546584430478	-0.1519
MRPL36	5.9134634014593	0.155644979522437	0.323591247712289	-0.1551
TMPO-AS1	2.91140932628493	0.155682345111311	0.323632076104771	-0.2433
SYT17	3.84976016088746	0.155707703614334	0.323647937741465	-0.1913
CASP10	3.30605483058926	0.156282854822658	0.324695549976379	-0.2459
ACADL	-1.82608051408522	0.156372778272778	0.324845407390514	-1.7926
LOC101928131	-1.16485204251719	0.156544470131971	0.32516507529062	-1.169
UBE2Q2	4.72177655467842	0.156787328543252	0.325558401943313	-0.1698
CFAP52	-0.489081776292476	0.156836216527868	0.325622878304647	-0.8086
SMCO4	3.02791368165675	0.157036765296167	0.326002181856587	-0.248
DCST2	-0.550834524539392	0.157192871566272	0.326214966842545	-0.8753
PANX2	5.01078165322872	0.157361824283346	0.32652846830152	-0.16
RN7SL2	8.84046877125427	0.157416539374008	0.326567766228624	-0.2691
COA4	5.83845596562807	0.157507015563823	0.326644107251296	-0.1624
ANKRD24	-0.320460312848416	0.15763017317125	0.326763120129217	-0.7946
PPP1R21	3.63451887966402	0.157819702577813	0.32706964357595	-0.2026
CTBP1-AS	0.0146525325218395	0.157913934481541	0.327227785232124	-0.6791
SH3BGRL	5.7109008998792	0.158236816210785	0.327785239616941	-0.1838
C2orf16	0.243724188632455	0.158275192311205	0.327827536967706	-0.7257
DLEC1	-0.941981854137801	0.158340162663576	0.327924901824872	-1.0152
SVIL	6.87060351514263	0.158496187942543	0.328210799351073	-0.1263
OIP5	5.03869856752279	0.158569472784659	0.32830991790133	-0.1641
LOC100093631	4.29434957247173	0.158587939368132	0.32830991790133	-0.2242
SLC2A12	2.71347457892078	0.158598004271025	0.32830991790133	-0.2613
TNFRSF21	7.85609044530986	0.158722490076676	0.328455880621151	-0.1275
RGPD5	0.306073446826104	0.158776020655567	0.328497190247835	-0.6396
CCNO	0.948993575668237	0.158778440334515	0.328497190247835	-0.5912
LIPA	5.85250362234477	0.158807324186219	0.328519717885963	-0.1536
GRIN1	0.535241063530722	0.159030218512398	0.328869015537193	-0.6583
C7orf57	-0.486163214042412	0.159103141927568	0.32894529547335	-0.8332
COPRS	5.70135817334026	0.159201629598132	0.329074382919328	-0.1382
RRM2	7.50608790860727	0.159231817259779	0.329099519517098	-0.1313
EAF2	0.787540518455602	0.159352637822219	0.329274675278147	-0.5003
SLC13A3	1.64675528165302	0.159594405243304	0.329662306191645	-0.3678
INHA	0.959982171124921	0.159673160017142	0.329787669337361	-0.4727
TMEM147	5.23695647055044	0.15978336964313	0.329849932023344	-0.1437
LOC105372022	-1.37154900785111	0.159793645859688	0.329849932023344	-1.1246
LINC01522	-1.37154900785111	0.159793645859688	0.329849932023344	-1.1246
TEPP	-1.68003017017513	0.159933732220422	0.330052465328599	-1.447
LOC105373957	0.436627895437034	0.159964147103931	0.330052607315706	-0.535
LOC90246	1.41097803116674	0.160099983390918	0.33026345659107	-0.474
CARD8	3.98426424189894	0.160679443870395	0.331260572544283	-0.1912
MYO1E	6.61339227932446	0.161242898101252	0.332202950878734	-0.1309
XRCC1	4.48569250777183	0.161755453203292	0.333108579095239	-0.1721
SH3BGRL2	5.54972034002347	0.161867243707223	0.333263606757536	-0.1525
KRT83	-1.67929531443637	0.161991548607172	0.333481925053286	-1.4509
MYOT	0.865497111576742	0.16207013292252	0.333606082606103	-0.5084
SCX	1.6923042688446	0.162098614674293	0.333627092389391	-0.385
LINC01186	-0.36996161475605	0.162194628367665	0.333787074228396	-0.7399
HIST1H4H	-0.986882969871937	0.162286153620159	0.333937784094862	-1.1653
H2AFV	8.2499109483154	0.162351851339151	0.334035320415591	-0.129
SDHAF4	3.37881601292356	0.162438803114545	0.334176559573939	-0.2644
PORCN	2.19427591265862	0.162533838394884	0.334334394787268	-0.305
LOC100506674	1.5314957718351	0.162608028861429	0.334366730416324	-0.3893
DNER	0.433886421387033	0.162611211523832	0.334366730416324	-0.5894
SNORD23	-0.1222354786275	0.162781752989611	0.334542798894331	-0.8523
PEX19	5.54446807682054	0.163064433555199	0.334970892857673	-0.144
SLC38A9	4.28347204764668	0.163378735587954	0.335536005655818	-0.1873
PLCG2	1.91326647558286	0.16339368373577	0.335536005655818	-0.4047
LPAR2	3.04423485652138	0.163746882426955	0.336147878734566	-0.2344
SIRT4	0.462982445090216	0.163855406465887	0.336257228017225	-0.5619
LOC105376114	0.748746567789377	0.164066187719686	0.336612003516051	-0.4851
IDH1-AS1	-1.68063586284247	0.164132315273778	0.33667410647619	-1.4409
PDZD11	5.69834007922921	0.164183997197369	0.336718449876078	-0.1435
ANO8	3.0666908729111	0.164486885368716	0.337183477706826	-0.2234
RPS4X	9.81926834297885	0.164542874900174	0.3372321715301	-0.1292
DGCR10	-1.68050704195579	0.164579809805534	0.3372321715301	-1.439
IPO5P1	2.45752719138656	0.164599041541834	0.3372321715301	-0.3079
HERC2P7	-1.749411873607	0.164703747266755	0.337277802591349	-1.308
TMEM178A	-1.749411873607	0.164703747266755	0.337277802591349	-1.308
ALDH1L1-AS2	-1.749411873607	0.164703747266755	0.337277802591349	-1.308
LOC101928885	-1.749411873607	0.164703747266755	0.337277802591349	-1.308
CDKN2AIPNL	5.05260675432094	0.164779043013411	0.337359389782578	-0.1746
HOTAIR	3.40480273744621	0.164789763509889	0.337359389782578	-0.2383
SFXN5	3.6307414659248	0.164799027064036	0.337359389782578	-0.1911
PSMG3	5.16025769506712	0.164948551172912	0.337589770203215	-0.1529
PMEPA1	8.68150775915584	0.165135380057299	0.337934256061659	-0.1231
LYPLAL1	4.47704272303346	0.165174194602625	0.337975801016085	-0.1851
CACNA2D2	0.595638989873802	0.165640750245193	0.338740622434888	-0.5802
ZNF10	2.88551007388463	0.16570811144894	0.338802473133816	-0.2432
SNAPIN	4.22091111979983	0.165728928845738	0.338807091266271	-0.1775
AZIN1-AS1	0.372871308610466	0.165788507569069	0.338879658980511	-0.5828
LOC100506844	1.62138934061045	0.165950411978797	0.339132045833395	-0.4747
PLS1	5.99047003992296	0.166313368936506	0.339621573076605	-0.1484
INPPL1	5.4875940739796	0.166553976915952	0.340074868871226	-0.1399
MIER2	3.67385813670654	0.166659823510724	0.340214887399282	-0.1896
PI4K2B	5.71765250322596	0.166694938807761	0.340248524471655	-0.1526
ARHGEF4	3.95833815477026	0.166905539894688	0.340640305904687	-0.1761
CCDC97	4.58532036371373	0.166930878621216	0.340653936967238	-0.1808
P2RX6P	-1.16425340766464	0.166988624955112	0.340713904157187	-1.1768
IFNAR1	5.49179969061903	0.167009499724196	0.340713904157187	-0.1437
TTC6	1.3909949861158	0.167016253741382	0.340713904157187	-0.4374
RGS3	5.88623084272784	0.167130869022258	0.340862157677991	-0.1397
CDYL2	0.744372277809608	0.167402919945591	0.341350129177562	-0.5309
ZNF547	1.21054680497763	0.167571461165638	0.341543238537694	-0.4119
ILVBL	4.99544073234709	0.167690445975482	0.341745566167492	-0.1654
GSN-AS1	-0.0760008369937001	0.16776658352887	0.341824413940073	-0.8136
PILRB	-0.216503787058093	0.167865671279816	0.341911825826656	-0.7134
PRR16	1.05647300756601	0.168017535546219	0.342182968421661	-0.4529
CDK5R1	1.89903547654394	0.168197588803282	0.342511453563046	-0.3438
LOC101928205	-1.68015903138944	0.168216468597339	0.342511694257531	-1.4488
NALCN	2.67303090917755	0.168441303355837	0.342893001122229	-0.2845
DUSP6	3.67533983041739	0.168604354840946	0.3431866542509	-0.2033
PODNL1	-0.237880980725532	0.168705283692266	0.343219048867186	-0.6989
VWDE	4.77647389415541	0.16879903707974	0.343314975593553	-0.158
HAUS5	3.81837831883317	0.16882962482313	0.343338936256107	-0.2035
SZRD1	7.39310821292989	0.168902300797841	0.34344847442252	-0.1393
GCA	3.47221355294952	0.169037524731085	0.343685159983371	-0.2783
LINC00176	-0.612057771311117	0.169117668802761	0.343809817557151	-0.775
LINC00961	-1.6797724147058	0.169592805508923	0.344660609748514	-1.4425
OAS1	3.50350511431591	0.169711114127923	0.344862655779093	-0.2096
SERPINI1	1.33599933214184	0.169777477111411	0.344959112091923	-0.4266
ZNF878	0.0569375826864863	0.170075245240853	0.345448784725969	-0.6385
ATP1A2	-1.67955315062761	0.170275929447955	0.345626858713568	-1.4567
SMIM17	-1.67955315062761	0.170275929447955	0.345626858713568	-1.4567
C10orf55	-0.515815133729766	0.170276510038882	0.345626858713568	-0.7928
PRDM2	5.07457762374399	0.170702206719349	0.346375401341385	-0.1518
NPTN	6.77708438398653	0.170937538020148	0.346814369203803	-0.1246
MCM2	7.33614133289103	0.171114549198603	0.347134927232993	-0.1226
RPS6KB2	5.14583095936219	0.171153566801327	0.347175501725003	-0.144
MADD	5.63445759097849	0.171248224940836	0.347290334872239	-0.1498
TMOD4	-0.122469363288599	0.171451379870073	0.347625098945809	-0.9514
MTX1	3.86624756895088	0.171686326873315	0.347958099463463	-0.2128
MGC72080	2.09685743283775	0.171706212657152	0.347958099463463	-0.3035
LDHD	-1.67916637980703	0.171786938969074	0.348034886008147	-1.4503
DNLZ	3.02601343874163	0.171976626752637	0.348341872627998	-0.2444
C9orf152	-0.714685244018635	0.17211319420103	0.348502492605813	-0.9601
ADRBK1	6.09982045755463	0.172199385561653	0.348599687604073	-0.16
LINC01348	-1.48587589545632	0.172366795446465	0.348861221471248	-1.3315
PSMA7	8.18213943575429	0.172535795636589	0.349164558822921	-0.1529
CATSPER3	-1.11529418924697	0.172642585977771	0.349303230589624	-1.3092
CCDC110	1.80415036049534	0.172741910138062	0.34946546004881	-0.3409
KRTCAP2	5.46502677527413	0.172878931453613	0.349703908323231	-0.1427
MTUS1	4.40020363126861	0.173044159665253	0.349999355068564	-0.1691
ST3GAL4	4.82887179842087	0.173579161103039	0.350953688927369	-0.1685
ANG	-0.643901387590785	0.173582996079059	0.350953688927369	-0.9159
PPP6R2	5.32318038856485	0.173588628349874	0.350953688927369	-0.1442
OCIAD1	6.46977058174988	0.173685423825333	0.35106300900745	-0.1382
IDS	8.09584722140626	0.173762717219737	0.351163936945991	-0.1304
CD99L2	4.58139624711307	0.173773828131578	0.351163936945991	-0.1742
IRS1	6.0003128196806	0.173886310846992	0.35128756474608	-0.1343
GULP1	4.64956355991293	0.174016288627459	0.351498270102113	-0.2156
OOEP	0.559213142620878	0.17427865962141	0.351911426838675	-0.5403
FAM229A	-1.26444327673122	0.174509894687546	0.352305468552526	-1.3232
COX7B	7.40356568773603	0.174559471553155	0.352305468552526	-0.1584
RDH10-AS1	-1.43065015028167	0.174584979596836	0.352305468552526	-1.3843
LINC01176	0.539668195013267	0.174608889102939	0.352305468552526	-0.5546
MIR614	3.56530998986047	0.174695912338528	0.352442101409234	-0.3077
FAM219A	3.88111430447743	0.174896675113018	0.352769163723705	-0.1895
PI4KAP2	1.75232263956342	0.174939074734862	0.352794064238486	-0.3908
PARP12	4.3120189466923	0.17496174499502	0.352794064238486	-0.1608
SMKR1	2.21812810048989	0.174966994829933	0.352794064238486	-0.4126
MIR21	-1.37288017143597	0.175045013718496	0.352873428715202	-1.1145
FAM109B	-1.37107542332738	0.175241327640844	0.353191176574437	-1.1356
BANF1	8.07136123207203	0.175264901977735	0.35319969649029	-0.1301
GPD2	6.47713988941605	0.175385034958538	0.353402781258616	-0.1262
TFPI	5.44981335138014	0.175426443967423	0.353447209035347	-0.142
COL18A1-AS1	-1.68037821006262	0.175753503715524	0.353949913274198	-1.4322
LHFPL2	4.37828927929544	0.176001353197357	0.354384902567214	-0.1605
ZNF445	5.08302274718954	0.176554055298393	0.355287790291828	-0.1395
PEBP1	7.56330298361367	0.176613172366072	0.355289264431407	-0.1509
ANKRD37	-0.517570009662857	0.176964717623184	0.355840477161309	-0.7724
PDCD5	7.35377361993969	0.176978264561054	0.355840477161309	-0.1209
CILP2	-0.117962519453224	0.17699060645283	0.355840477161309	-0.6572
PARD6A	0.450065510825114	0.177004128675605	0.355840477161309	-0.548
LSM5	7.31918277252539	0.177050133820805	0.355893772630765	-0.1249
CCNI	6.9090688902224	0.177071837594927	0.35589821282979	-0.1233
NOSIP	5.72134844651055	0.177122319421455	0.355960486939463	-0.1332
CYP2W1	-0.682912292114905	0.177346412694711	0.356245034912147	-0.9932
SLC16A4	3.18641963604935	0.177586832340616	0.356498934537754	-0.2233
C2orf42	2.7410132345908	0.177589896129007	0.356498934537754	-0.242
OVCA2	0.705687450947453	0.177605050921389	0.356498934537754	-0.566
IFT27	4.97552621297177	0.177669571701645	0.356589237135579	-0.1428
ANXA4	5.43246950430816	0.177825337285862	0.356862631360964	-0.1492
SLC9A4	-0.071088509931001	0.177856046864306	0.3568850287486	-0.6431
FAM122B	7.26152592536394	0.177974989824959	0.357023067599064	-0.1269
FLNA	10.5347003069346	0.178111469961056	0.357122789193743	-0.1314
LOC101930085	4.27529755281248	0.178672666461935	0.358012095151914	-0.1683
PYGL	6.36406947087591	0.179160536833056	0.358714055760504	-0.1365
MIEN1	4.98421931871552	0.17918401398907	0.358721719419285	-0.1717
LOC101929626	-0.786434221805641	0.179416882699045	0.359148531858965	-0.8391
DEXI	4.39843518733904	0.179526414668755	0.359295905155628	-0.1623
SLC35A4	5.72177768684905	0.179605956055718	0.359369392125515	-0.1617
MDGA1	3.05374680878285	0.180030445833412	0.360100341748084	-0.2444
C12orf73	3.7079572482879	0.180273754900111	0.360493722027987	-0.1864
SNORA67	0.986573599337775	0.180286354191253	0.360493722027987	-0.5012
LOC105274304	-0.118646256042781	0.180361122384928	0.360548739349922	-0.7636
RAB11FIP1	5.69004871649571	0.180720228527406	0.361044921426606	-0.1359
LOC101928514	-1.37335320815689	0.180746135024336	0.361057166101792	-1.1032
MAP3K1	5.36916778763293	0.181021030928607	0.36134259530317	-0.1474
DLK2	1.33732515224833	0.18102757321663	0.36134259530317	-0.4544
NOA1	5.06196724029255	0.181089932232974	0.36139481761482	-0.1397
RFX1	3.60166553122077	0.181245652251196	0.361659266313021	-0.2022
LOC105373982	-1.37021670144793	0.181381568018067	0.361890918659872	-1.1414
PATZ1	4.49765934509391	0.181478381621183	0.362044512608055	-0.1589
BHMT	-1.54665646792614	0.181883365898338	0.36272504309435	-1.2458
HAS3	2.47489060053948	0.181900389184984	0.36272504309435	-0.2747
CDKN2B	4.30403124547863	0.181942754749119	0.36272504309435	-0.1639
IFNLR1	2.3392936788671	0.181950787674593	0.36272504309435	-0.2765
DPY19L2P2	-0.611596393829542	0.181998323550846	0.36272504309435	-0.7835
EVA1B	2.34622083113254	0.182391824620238	0.363469615791623	-0.2863
AFMID	3.79995390850991	0.182456412253107	0.363518963450041	-0.2354
TUBA4A	7.45719215229219	0.182585606488713	0.363736668709946	-0.1526
PSMB2	8.70902363012639	0.182623777653768	0.363773015258831	-0.1204
OXNAD1	4.13727562840536	0.183198494327361	0.364768833313609	-0.1731
STX17-AS1	-0.516985258084948	0.183203627993672	0.364768833313609	-0.7769
LINC00960	2.23165876830457	0.183503880440222	0.365286974301242	-0.3045
FAM213B	0.992240299884842	0.183678311517316	0.365594336574371	-1.1638
LOC101927322	-0.786307656162416	0.183866389465947	0.365809154979329	-0.8384
GLB1L	1.64398244816344	0.184088534826621	0.366171310938635	-0.3647
FOXA1	4.7103282462761	0.184112662132435	0.366179405151949	-0.1768
TTC3	6.88619093444685	0.184470811563216	0.366731910693463	-0.1268
TEAD2	5.34404752759178	0.18453192198031	0.366813454668178	-0.143
RANBP17	2.46610581490656	0.184587243060166	0.366843534651251	-0.2895
P2RY1	0.772909833142032	0.184932465107032	0.367489613910305	-0.4699
NRGN	2.18190401092488	0.185018669757253	0.367580894013322	-0.2869
C11orf73	4.82429091622182	0.185072474845444	0.367647780280568	-0.2052
CLUL1	-0.237552350131962	0.185097911584613	0.367655720484474	-0.7103
SCOC	6.33194022225516	0.185116749709316	0.367655720484474	-0.1412
GNS	6.75447287999443	0.18513779083358	0.367657512178595	-0.1487
ADPGK	5.36678650433336	0.185499977540271	0.368136492007304	-0.1461
CFD	-1.48371608651884	0.185851256776556	0.36875469196879	-1.4554
MAP1LC3C	-0.317989209495551	0.185856770406514	0.36875469196879	-0.673
SYCE1L	-0.316376212739293	0.18587207906972	0.36875469196879	-0.6865
PRKCH	4.81046689505498	0.186341920233558	0.369526188983688	-0.1477
POLB	3.92937516166842	0.186719774820475	0.37012454541533	-0.1777
PLA2G4B	-0.987477120560819	0.18672475149404	0.37012454541533	-1.1469
LOC553103	1.29382793925553	0.187007609474765	0.370443893074143	-0.395
LOC102724164	1.68967898024826	0.187134865345862	0.37065575585918	-0.4739
ATP5J	6.38366626008044	0.187276859276914	0.370896761006655	-0.1259
URB1-AS1	0.835534358017798	0.187361894229362	0.370984679072802	-0.5192
C7orf13	1.31328090502408	0.18756606578794	0.371348671188008	-0.4508
NFYC	5.84581649436423	0.187979700985206	0.371925590244491	-0.1436
NAGLU	3.10027701558666	0.188180327831148	0.372241853384487	-0.2607
SECTM1	0.613954005722034	0.188266971404243	0.372332556597971	-0.4963
IKZF2	4.50550353816347	0.188292425059105	0.372342559778924	-0.1654
SNRPE	7.76460539668845	0.188313843666421	0.372344582473105	-0.1267
CDKN2B-AS1	1.43230102294231	0.188372289113696	0.372419808323547	-0.4079
LOC389602	-1.31797109153484	0.188433476570818	0.37250043836241	-1.2224
TRAF3IP2	4.40153797867553	0.188487060200059	0.372560231004931	-0.1555
TROAP	5.57382131952756	0.188524945991649	0.372560231004931	-0.1362
MACROD1	4.18036896165236	0.188946803202472	0.37327268036623	-0.1873
IFNE	0.318675227231929	0.189339477833283	0.373967489702955	-0.5475
ABCD3	6.3149516976706	0.189376211787787	0.373999580527676	-0.1281
CBLN3	-0.321411327404261	0.189403040567237	0.374012104769658	-0.7872
STK11IP	3.82961672220082	0.189426451544168	0.374017877935359	-0.1823
ACOT2	3.39039399590851	0.189654646274917	0.374387459168997	-0.2119
CCDC142	1.79707162837276	0.189751232750865	0.374537626240652	-0.3223
KIF16B	4.70831043361196	0.189951639699601	0.374892663173613	-0.1446
RUNX2	4.04638151104351	0.189980805233393	0.374909694123968	-0.1658
CLN6	5.91019383781726	0.190167525097193	0.375197053731153	-0.1394
ST5	4.31467124383162	0.190192135472951	0.375205059995051	-0.1731
UBA1	7.07124111141116	0.190579054753957	0.375927738907427	-0.1159
PPP1R35	4.0033640684262	0.191157000704344	0.376782790418754	-0.179
CCDC160	-0.677835741019073	0.191227604131859	0.37685750764743	-0.8611
PIP5K1C	4.40564770545673	0.191341331124451	0.377023997950133	-0.181
UQCRBP1	2.48830204216897	0.191431738712833	0.377161431247732	-0.4126
ZNF205	3.24211198889403	0.191547178810734	0.3773481489553	-0.2169
NEK4	5.04893729839031	0.191688953437832	0.377586699823161	-0.1636
ZBTB3	2.07841575372353	0.191756384224501	0.377678773373879	-0.3962
ZNF282	4.6283649927572	0.192109658668704	0.378252149337345	-0.1599
C18orf8	3.4319168572934	0.192157624895319	0.378264998931306	-0.2022
C15orf39	4.82187578377977	0.192415149898971	0.378731102593597	-0.1661
DAP	7.69799919672428	0.192504766131337	0.378825806887322	-0.1209
LIME1	2.55695817439353	0.192646121364269	0.378981421511432	-0.2481
ZNF75D	4.28316083145047	0.192732886928866	0.379070414110469	-0.1661
TAPT1-AS1	1.24631342216047	0.192799908600679	0.379161384403102	-0.391
NEURL2	-0.750636075103179	0.192850804504243	0.379220625487878	-0.8968
ZBED8	3.48498900577714	0.193375494911704	0.380006785264593	-0.1867
MSL3	5.47237514290964	0.19352788475944	0.380265317422057	-0.1397
DCTN2	5.95022183443499	0.193739918659881	0.380640976652473	-0.13
RPSAP9	0.420259098697196	0.193841343832654	0.380763340782588	-0.5082
ESPNP	-1.42639961508093	0.193843913739777	0.380763340782588	-1.0381
HAPLN3	0.268516388860084	0.193896083590087	0.38078387500222	-0.5499
GBAP1	0.233157836063466	0.19403508517432	0.380944205471177	-0.5786
DISP2	-0.316046106012604	0.194090380759108	0.381001504423471	-0.6947
ATRN	6.07546202136866	0.194217243600617	0.381209547271569	-0.1239
IFT74	4.58524951732192	0.1943867178105	0.381501173978551	-0.1508
LCK	0.449204037919599	0.19444271923657	0.381570061526693	-0.54
VRK3	4.61799353025089	0.19454799267903	0.381718750479208	-0.1547
ALX3	1.09600703056126	0.19458765156995	0.381718750479208	-0.4589
LOC101060022	-1.5483416443426	0.195043223013112	0.382342822565948	-1.1939
SYNGR4	-1.5483416443426	0.195043223013112	0.382342822565948	-1.1939
TRIM45	2.69724352162125	0.195045941419625	0.382342822565948	-0.2472
GSR	7.24302881042435	0.195465741637473	0.383116932938379	-0.114
ANO7P1	-1.9837885951494	0.195554123191779	0.383116932938379	-1.4903
SNORD75	-1.9837885951494	0.195554123191779	0.383116932938379	-1.4903
IPCEF1	-1.9837885951494	0.195554123191779	0.383116932938379	-1.4903
ARMCX4	2.43340255454086	0.195566756028306	0.383116932938379	-0.2544
TPO	-1.54894582466681	0.195854874575202	0.383487569619958	-1.1896
LOC102724385	-1.54894582466681	0.195854874575202	0.383487569619958	-1.1896
SH3GL1P2	-1.90246774762428	0.195872288682344	0.383487569619958	-1.6685
FLJ12825	-1.90220920112561	0.196329681755165	0.384161865058937	-1.6648
LOC101929679	-1.90220920112561	0.196329681755165	0.384161865058937	-1.6648
POU5F1B	-1.98426868308279	0.196638015450974	0.38472013825667	-1.4817
HIST1H2BO	-1.31724230712284	0.196837661952345	0.385028217786564	-1.225
RGMB-AS1	-0.680317520329863	0.196885655398668	0.385080836185781	-0.8326
ETFA	7.01323944298888	0.197220082167337	0.385464595772606	-0.119
LUNAR1	-1.90294675398711	0.197221145310604	0.385464595772606	-1.6593
RELN	-1.90294675398711	0.197221145310604	0.385464595772606	-1.6593
SEMA6C	-0.944018581807802	0.197229666362396	0.385464595772606	-1.0032
CIITA	-0.944018581807802	0.197229666362396	0.385464595772606	-1.0032
LOC102723728	-0.944018581807802	0.197229666362396	0.385464595772606	-1.0032
DET1	1.53293442082869	0.197384072652185	0.385559986126502	-0.3573
ELOVL6	5.53273445582414	0.197439860864641	0.385627698720967	-0.1278
HOXB8	-0.984130116524409	0.197537235634763	0.385774127729059	-0.9351
LRG1	4.72858229103726	0.197557094661425	0.385774127729059	-0.1615
PNPLA3	3.86480909039715	0.197751853927318	0.386024938764452	-0.1726
NAPRT	1.27377581358407	0.19777011679798	0.386024938764452	-0.8155
TMEM221	-0.214664977077145	0.197987883551	0.386408681003535	-0.6062
C17orf97	2.53620399346973	0.198167345789616	0.386591471854783	-0.2422
MBD4	5.68663746628159	0.198343252945943	0.386828142370904	-0.1331
LRP5	6.4055334827748	0.198555244454527	0.387100471385919	-0.1224
ADCY6	5.01416213798847	0.198584098361898	0.387100471385919	-0.1543
TRNS1	-1.54847027814056	0.198596790918083	0.387100471385919	-1.1956
NDUFB11	4.71810170524821	0.198844263205559	0.387541461415682	-0.2099
CDNF	-1.31857155649427	0.199003583325508	0.387810569725712	-1.2143
MIS18A	4.8999767577729	0.199330435680711	0.388406066152958	-0.1712
MRPL52	4.60360638467141	0.199598801412102	0.388833854072553	-0.2253
TGFB2-AS1	-1.98391808347316	0.199806714563151	0.389084947313588	-1.4942
BBOX1-AS1	-1.98391808347316	0.199806714563151	0.389084947313588	-1.4942
A1BG	-1.98391808347316	0.199806714563151	0.389084947313588	-1.4942
GRM1	-1.54821299961711	0.199945478830516	0.38925924171737	-1.1929
FLJ20021	0.644320432604139	0.19996018672357	0.38925924171737	-0.4899
C14orf80	3.38847217497612	0.200057251108765	0.389379250183069	-0.2005
TCEB3	5.93888971822467	0.200068768360439	0.389379250183069	-0.1237
CD164L2	-1.98365909561168	0.200397123340404	0.389818847490934	-1.4899
PDCL2	-1.98365909561168	0.200397123340404	0.389818847490934	-1.4899
FIZ1	4.21848126189531	0.200499830676569	0.389977083830326	-0.167
KLF3-AS1	-1.26504968732722	0.200804755648108	0.390528562811532	-0.9785
ADD1	6.82271282811283	0.200917854643887	0.39070689756911	-0.1152
DPY30	6.24616601381588	0.201043673818152	0.390909927492191	-0.1336
C14orf119	4.77854264000708	0.201244241142093	0.391174921879264	-0.1386
FAM13A	4.11718629733658	0.201553132147616	0.391608554755947	-0.1884
TMEM218	3.59052200172079	0.201617358068325	0.391691655730057	-0.2648
CHAD	0.249401466785977	0.201726693619992	0.391862366325449	-0.6184
STK31	-1.9030759695589	0.201855070353743	0.392052963607868	-1.6595
SDHB	6.32354882616716	0.201932366744566	0.392102728208162	-0.1267
P3H2	4.51309368890755	0.20193634151036	0.392102728208162	-0.1475
TMEM180	2.26922720797653	0.201974677304279	0.392135457712105	-0.291
A4GALT	2.30340513144805	0.202131762869524	0.392335898564357	-0.2683
C15orf65	0.418427291897401	0.202138602233827	0.392335898564357	-0.5615
USP46-AS1	0.387046369834529	0.202229637208748	0.392463511946731	-0.5134
SNORA41	-1.90281752727101	0.202506547986514	0.392875615307312	-1.6541
DPP4	-0.748189378332355	0.202931478030228	0.393565798075823	-0.9501
SMAGP	4.55660692587762	0.202995199074927	0.393572679939662	-0.158
ACADS	1.56018655098557	0.203106745774049	0.393663525942354	-0.3643
TMEM60	4.77311323197032	0.203419504079591	0.394227862683335	-0.1768
ATP6V1D	6.18403864606158	0.203573216458103	0.394442012275433	-0.1256
SNORD22	1.70158360432104	0.203601013019723	0.394454005485309	-0.4121
GLIPR1	3.75567957919221	0.203921387816632	0.395032773342575	-0.1743
LOC100131655	0.0788820859005961	0.203988310340022	0.395078569230579	-0.582
CCDC61	3.22383219799413	0.204457702420096	0.395903671550834	-0.1977
PRKX	5.04993083543414	0.204496541366092	0.395936881872879	-0.1317
GATB	4.21449579452926	0.204565977132241	0.395939384571744	-0.1565
EID3	1.88031123777172	0.204645725303604	0.395939384571744	-0.3128
SLFNL1	0.733657265547001	0.20507164890836	0.396587714244812	-0.4565
MRPL24	5.88709934466446	0.205176420030711	0.396670506176414	-0.1261
RAB2A	6.75326959493889	0.205280270602926	0.396823022038016	-0.1228
CLPTM1L	6.59317229319248	0.205522578771883	0.397207304473798	-0.1915
LIPT2	2.37734815078307	0.205550902469722	0.397219993171085	-0.2985
NXF1	5.54873227615625	0.205596020564929	0.397246333661711	-0.1311
ZSCAN22	1.84678616425902	0.205608052518049	0.397246333661711	-0.3094
FAM53B	3.52800894915033	0.205640799164382	0.397267558682007	-0.1902
FAM206A	4.9485508754218	0.206444717538806	0.398651868350798	-0.1328
HCN2	0.0741532562348761	0.206576371996955	0.398863907686559	-0.6619
JSRP1	-1.98317881480545	0.206698727765224	0.399015752784385	-1.5054
MAGEB6	-1.98317881480545	0.206698727765224	0.399015752784385	-1.5054
HIBADH	6.34783789781469	0.206949133219762	0.399349777749904	-0.1179
SPACA6P-AS	-0.456311703052947	0.206976887786131	0.399349777749904	-0.7279
ADAMTSL5	1.81536997773335	0.207135693640323	0.39956352737719	-0.3362
SKAP2	6.63414950613637	0.207367335801785	0.399883604351683	-0.1142
RPLP1	10.2587626549369	0.207446373131436	0.39997565517665	-0.315
LINC01431	-1.54967830039137	0.207742469022966	0.400480096566343	-1.1826
COX5A	6.82303887121386	0.207936237544783	0.400768998376009	-0.1312
PIK3R1	3.9686535243182	0.208162816237339	0.401121002029646	-0.1601
STX1B	-0.613357728417025	0.208427946841788	0.40154712933133	-0.7681
CKS1B	7.14329411270341	0.208626479627078	0.401818066306033	-0.1212
FBF1	3.40318207636421	0.208634610567204	0.401818066306033	-0.2115
GLMP	2.95554571387749	0.208853025916402	0.402153869964121	-0.2122
EXOC3	6.63301179441735	0.208992110165753	0.402323621896394	-0.1173
CYB5R3	6.24087262344576	0.209103046293028	0.40246549426732	-0.1613
CLCN3	6.50369494626188	0.209390297651359	0.402933411396987	-0.1184
GGT7	1.56766616289461	0.209612694020647	0.403276355995461	-0.3498
MRPS28	4.92385684246048	0.209659228588322	0.403323380095722	-0.1732
AADAC	1.46806855429938	0.21039761070926	0.404428666142297	-0.3496
SLAMF9	-1.61159514484732	0.210716427615066	0.404970062978175	-1.0748
FLJ42351	-1.07058064976807	0.210953855621021	0.405268465385436	-1.0546
CSAG1	4.566561493747	0.211219526931364	0.405683712115622	-0.1449
LOC101927043	-0.859978888669536	0.211335093410878	0.405777604681215	-0.9826
LINC00880	-0.902547456956744	0.211466408460995	0.405944348355828	-0.8412
SPDYE18	-0.902547456956744	0.211466408460995	0.405944348355828	-0.8412
TRIM17	2.84598871230875	0.211728998641306	0.406346515354967	-0.2258
SLC43A1	-0.71326227754462	0.211805435974463	0.406390042523855	-0.7799
ATP1B3	6.80364823854337	0.211832145303298	0.406390042523855	-0.1136
RNF13	5.59614800261324	0.211940091940832	0.406506570583005	-0.1293
ECI2	4.93445586226641	0.211977564632288	0.406506570583005	-0.1751
SPACA6P	2.0080095019024	0.211981953985003	0.406506570583005	-0.308
PRSS23	8.15295175385874	0.212343694277326	0.407114732485493	-0.1115
RPS11	9.87020362812606	0.212503765964626	0.407378846104192	-0.1489
TACC3	7.29949795746086	0.212547862017476	0.407420597332113	-0.1163
PET117	2.29117653721488	0.212580429637846	0.407440243933703	-0.4131
TRNI	0.555745973231705	0.21260797648003	0.407450264394229	-0.5158
HAGHL	2.75875006624382	0.212816748883868	0.407764753109141	-0.2437
CRTC3-AS1	-1.31844356804449	0.213149855337765	0.408274447491998	-1.2074
ZNF440	3.3728280434615	0.213248001250629	0.408419587791804	-0.2135
LINC01125	-0.519115128837127	0.213451675464482	0.408766787714212	-0.7686
AKR7L	-0.241261797375592	0.213678908923458	0.409159026778545	-0.6816
DPY19L2P3	-1.98330835559483	0.213738720475046	0.409230632511006	-1.514
TRND	-0.901954014272647	0.21383614234893	0.409374225537129	-0.845
MIR3176	-1.21443576952463	0.214607735406008	0.410679121338793	-1.0695
C11orf86	-1.9830492627934	0.21467896193297	0.410686275704527	-1.507
DHRS4L1	-1.9830492627934	0.21467896193297	0.410686275704527	-1.507
RPL23AP87	-1.9830492627934	0.21467896193297	0.410686275704527	-1.507
HSP90B2P	0.891247630816494	0.21480463242093	0.410883630498377	-0.4477
SDF2	4.63311041552933	0.214963773409481	0.411101890568142	-0.1531
PIP5KL1	0.562138690565564	0.215157012166665	0.411385254934504	-0.5858
FBXO27	4.70546941688643	0.215206205849385	0.41143622305858	-0.1424
HOXA11-AS	-1.02883902188618	0.215527453541728	0.411964107617818	-1.0958
RBP5	2.85407953504208	0.215569339281002	0.411966044038719	-0.2555
C9orf85	3.38538116278723	0.215596164808607	0.411966044038719	-0.1923
CBX3P2	0.53123667103822	0.215642372015211	0.412011213344813	-0.512
SDHA	8.38291134945989	0.215714263575664	0.412105441171759	-0.1104
RAB13	6.27052360428269	0.215920386664769	0.412287745324587	-0.1585
LRRC14	3.57615593247087	0.215956642705432	0.412309607742143	-0.2175
RBM43	2.78965210733402	0.216091816223643	0.412395170079325	-0.245
ATG10	3.04996426833239	0.216518844465825	0.413080575250088	-0.2388
CAMTA2	4.19718919639802	0.216838949494173	0.41358445068324	-0.1805
CCDC130	3.26748891703284	0.216850918160603	0.41358445068324	-0.2094
C19orf71	1.94517501021371	0.216875629718787	0.413588373148038	-0.3072
C1orf101	-0.318817114281636	0.217195943262499	0.414096661087228	-0.6724
STKLD1	-1.26624907341553	0.217308469257162	0.414226756808674	-0.9626
SUN3	-0.863536811395465	0.217323831984744	0.414226756808674	-0.9136
DAZAP2	7.22969165476963	0.217471264774978	0.414421232748643	-0.1155
AMACR	0.980575545715165	0.217671366949269	0.414667029153974	-0.4072
ZBTB17	3.40491217335086	0.217706022827677	0.414667029153974	-0.1928
OSBPL1A	5.03900928322312	0.217713818713894	0.414667029153974	-0.1317
CRYBB3	-0.166591761772261	0.21774636298842	0.414685750335551	-0.6822
RWDD3	2.92372557922253	0.217794253352609	0.414733690331203	-0.2117
LOC101929331	-1.21336503019313	0.21824127927753	0.415454931646568	-1.0805
COX7A2	7.00100759923362	0.218456634971126	0.415691508029276	-0.2018
NHP2	7.47187429718231	0.218678626045813	0.416027198529842	-0.1089
SFT2D3	3.56990639183235	0.219398237022558	0.417135410860635	-0.1786
GOLGA2	7.10818657910093	0.219590105245925	0.4174132612838	-0.1421
SH3RF2	4.97978688083426	0.2196744906452	0.41749431675398	-0.128
CEP170P1	-0.988071049390277	0.220338882212651	0.418444464129217	-1.1227
MRPL54	3.70115111717869	0.220436841424243	0.418586954133657	-0.186
TBC1D3K	-1.26842311670409	0.221003793368912	0.419401793320464	-1.2323
GAL3ST2	-1.90368394811105	0.221089805567975	0.419492364952493	-1.6385
CHPF2	5.29879190168849	0.221297917977779	0.419785410494839	-0.1399
MIR3654	4.52837366254147	0.221461471820359	0.420052013459998	-0.1462
ZFP41	3.80790761020343	0.221538347256824	0.420154172815353	-0.2005
DNAJB3	-1.55015347533024	0.221935978192127	0.420798106378721	-1.1657
CTAGE15	-1.55015347533024	0.221935978192127	0.420798106378721	-1.1657
APBA3	2.5934684282468	0.222227731943545	0.421111633211684	-0.2541
PRPF31	0.113526872069058	0.222386031731062	0.421324138157147	-0.6255
LEKR1	0.639813180858081	0.222593337981122	0.421673132529144	-0.4728
RRN3P1	1.30006056972235	0.222694862869985	0.421777924738505	-0.3679
RPL13AP20	0.930171663323413	0.222982921778657	0.422235890466877	-0.427
TMEM92	2.62310874627588	0.223021266076484	0.42226469959472	-0.2672
MRPS15	7.26846421678854	0.223111655220203	0.42239203336099	-0.1112
C19orf43	7.09670678203653	0.22354847122656	0.423043525522139	-0.1462
CEP126	3.30494306376877	0.223605345329535	0.423107295225537	-0.1886
SLC22A15	1.30039633650694	0.223656309580033	0.423159870213813	-0.3665
LOC101928238	0.197590418905508	0.223840002922869	0.423463532990663	-0.6626
CBY1	5.30296413763497	0.22402147787718	0.423675137276059	-0.1449
PTCH1	4.13232877555475	0.224208243109658	0.423917766508156	-0.1602
PTGR2	4.58732040217961	0.224253906031095	0.423917766508156	-0.1646
NDUFA4L2	-1.21323712881391	0.224311538222133	0.423917766508156	-1.0803
GIMAP2	-1.21323712881391	0.224311538222133	0.423917766508156	-1.0803
PDIA5	4.63802783691853	0.224312315100175	0.423917766508156	-0.1401
PLGRKT	4.2386981474125	0.224631389749151	0.424432897046213	-0.1498
NIT1	2.74424816158897	0.224655333553584	0.424434209805881	-0.2214
MFSD9	4.29444907999405	0.224723200941992	0.42447457386415	-0.149
LOC102724434	0.855218300079095	0.224793121516396	0.424544109393133	-0.4443
PCTP	4.25236463903214	0.224806524184017	0.424544109393133	-0.1562
SPATA33	3.69272829846725	0.224906069127301	0.424677600209775	-0.1789
CDKL3	1.14346436500947	0.224983573387987	0.42474665106216	-0.3732
ARRDC1	5.31349166507146	0.225055728923204	0.424838939843037	-0.1317
ISOC2	5.35976037063667	0.225521516078035	0.425514248120783	-0.1658
PLD2	5.04477669764228	0.225530010123614	0.425514248120783	-0.1263
NKAPP1	1.27628205897107	0.225606166910446	0.425613948859884	-0.3646
STK38	6.30878368186058	0.225847201179915	0.425936622390551	-0.1187
C10orf91	0.373933687696193	0.225945447922621	0.426077894564133	-0.6202
CACFD1	3.31750104985297	0.226122592978039	0.426367905123639	-0.2119
ACTR1B	4.93901551596129	0.226294175632368	0.426559263845586	-0.1455
LINC01535	1.33516547223332	0.22657950741244	0.427053013351384	-0.3544
SRRM2-AS1	-0.863748953891591	0.226795945606436	0.427313358583972	-0.9042
LOC93622	5.15823779378962	0.226811264498175	0.427313358583972	-0.1247
CHI3L2	-1.42833669542952	0.227351728155203	0.428084089797893	-1.0092
SNX32	-1.42833669542952	0.227351728155203	0.428084089797893	-1.0092
METTL18	3.58718198814847	0.227384499275316	0.428084089797893	-0.2075
MAF1	6.64314221792932	0.227500391963146	0.428258110505176	-0.1163
CCDC80	7.34339785758971	0.227686722986013	0.428497993545882	-0.1302
HARBI1	1.87160624772551	0.227698238134783	0.428497993545882	-0.2967
AP3M2	4.43607743569485	0.227989333511553	0.42891315669692	-0.1471
SNTA1	2.45804059491426	0.228072918337013	0.428961954909888	-0.3368
IGSF6	-1.42820833909176	0.22809363703878	0.428961954909888	-1.0082
LPL	-0.0742700313937166	0.22844269700012	0.42940501188719	-0.615
TSSC4	4.00745233857908	0.228462471541426	0.42940501188719	-0.1782
LINC01410	0.990110726580291	0.228531944992009	0.4294913720171	-0.4199
SETD4	3.68792884611173	0.228702667386726	0.4297237439082	-0.2045
NACAP1	-1.26709763100944	0.228755431473622	0.429778651536734	-1.2892
NSFL1C	7.28289525100001	0.228974143590794	0.430080753312407	-0.1387
PON3	-0.611260903980001	0.228986904151873	0.430080753312407	-0.8066
TOB1	4.73618327399952	0.229191339618695	0.430420439880556	-0.1776
TWSG1	6.57140740597558	0.229218744153997	0.430427627368377	-0.1499
MTX2	6.16397361391893	0.22932694944248	0.430542244860336	-0.1169
FADS1	7.64475897766244	0.229712881087109	0.431052262128404	-0.1071
SLC9A7P1	-0.824109368219253	0.229809728733178	0.431052262128404	-0.7673
COX17	6.40536368212688	0.229884425985825	0.431052262128404	-0.141
MUC20	-0.826423102970019	0.22990205460313	0.431052262128404	-0.9801
KHDRBS1	7.73044393708777	0.230059172429282	0.431052262128404	-0.1087
MIR324	-1.42773407221499	0.230144210333473	0.431052262128404	-1.0138
C1orf234	-2.26454934230675	0.230275995762146	0.431052262128404	-1.8771
LOC105373280	-2.26454934230675	0.230275995762146	0.431052262128404	-1.8771
ST6GALNAC1	-2.26454934230675	0.230275995762146	0.431052262128404	-1.8771
LOC101928766	-2.26454934230675	0.230275995762146	0.431052262128404	-1.8771
ALS2CR11	-2.26454934230675	0.230275995762146	0.431052262128404	-1.8771
LOC105374753	-2.26454934230675	0.230275995762146	0.431052262128404	-1.8771
TRI-TAT2-2	-2.26454934230675	0.230275995762146	0.431052262128404	-1.8771
SNORA5C	-2.26454934230675	0.230275995762146	0.431052262128404	-1.8771
PCAT1	-2.26454934230675	0.230275995762146	0.431052262128404	-1.8771
HIST2H2AB	-2.26441949603168	0.230354177767567	0.431052262128404	-1.8753
SLC1A2	-2.26441949603168	0.230354177767567	0.431052262128404	-1.8753
BTG4	-2.26441949603168	0.230354177767567	0.431052262128404	-1.8753
LOC105371937	-2.26441949603168	0.230354177767567	0.431052262128404	-1.8753
ADAMTS9-AS2	-2.26441949603168	0.230354177767567	0.431052262128404	-1.8753
CCDC162P	-2.26441949603168	0.230354177767567	0.431052262128404	-1.8753
PRUNE2	-2.26441949603168	0.230354177767567	0.431052262128404	-1.8753
ESR2	-0.118288247014428	0.230671035507607	0.431556714923845	-0.652
LAMTOR5	6.08918782179252	0.230706159323743	0.431578199058741	-0.1306
C17orf59	2.57090877418825	0.230886913480079	0.431606747132124	-0.2643
PIM3	5.42410639918246	0.230964934177733	0.431708389305692	-0.124
LOC105378594	-1.42893908450314	0.231046811183739	0.43180257384551	-1.0046
ZKSCAN5	4.58027388204688	0.231217078404479	0.432046978848737	-0.1534
SLC52A3	1.79604889679517	0.231446579741817	0.432431558670209	-0.3796
LOC100130987	1.03396683268046	0.231560012295613	0.432592269561971	-0.4031
SQSTM1	9.21503651066306	0.231579987424909	0.432592269561971	-0.122
ASB16-AS1	2.62890035203723	0.231985623174223	0.433217014798344	-0.2399
IGDCC4	-2.26393724199921	0.2323106281636	0.433510396985666	-1.8853
CGB2	-2.26393724199921	0.2323106281636	0.433510396985666	-1.8853
CGB1	-2.26393724199921	0.2323106281636	0.433510396985666	-1.8853
FLJ43315	-2.26393724199921	0.2323106281636	0.433510396985666	-1.8853
DRC7	-2.26380734251019	0.23240393598262	0.433510396985666	-1.8832
CDRT15P1	-2.26380734251019	0.23240393598262	0.433510396985666	-1.8832
DNAJC5G	-2.26380734251019	0.23240393598262	0.433510396985666	-1.8832
LOC101930332	-2.26380734251019	0.23240393598262	0.433510396985666	-1.8832
CPA5	-2.26380734251019	0.23240393598262	0.433510396985666	-1.8832
CABLES1	3.60114046054506	0.23283237893527	0.434265213510655	-0.1679
ZNF565	0.884221285408881	0.232945323702241	0.434431487333549	-0.4015
SAPCD2	6.80078593352122	0.233012034593249	0.434511512107696	-0.1108
VOPP1	7.5946884962823	0.233052688697105	0.434542935844587	-0.1269
URAHP	-0.049378053205505	0.233131587260336	0.434645655333405	-0.6611
SCGB2B2	0.263999953130807	0.233327542914361	0.434922158816068	-0.5304
MIR1244-3	1.70789650016221	0.233379253971938	0.43492781486274	-0.3263
ZNF471	-0.786898735910161	0.233383794848367	0.43492781486274	-0.8343
ATP2A1	0.890697086454814	0.233402048762613	0.43492781486274	-0.3981
HARS2	4.71142555962865	0.233574476711605	0.435160286442193	-0.1343
ZNF197	3.50663563181176	0.234333228771236	0.436435092738835	-0.1731
TMEM203	5.11852865245075	0.234526754210475	0.436711589643659	-0.1348
SCNN1B	-1.11863338653572	0.234571721617485	0.436750775099316	-0.9466
PPARD	4.65805147291373	0.234743834485911	0.436982098743223	-0.1508
ZCCHC3	5.27543706678987	0.235194541335084	0.437776462746053	-0.1319
BDNF-AS	-0.239828100487692	0.235350468230098	0.438022035682401	-0.5579
LOC100288798	1.03344670055577	0.23553876317892	0.438283116970173	-0.4008
PTP4A2	8.03473278581583	0.235644191139966	0.438434605936733	-0.1056
ACOT1	-1.61073172270284	0.235673779651102	0.438444973128557	-1.0906
EFNA5	4.47735893813076	0.235790946785361	0.43861825193739	-0.1605
ANKRD63	-1.42846504093419	0.235921607818139	0.438805414768991	-1.0109
FOXO1	4.07393087833596	0.236220396122564	0.439279212897656	-0.152
CRYL1	1.76600080582337	0.236242512720705	0.439279212897656	-0.302
LOC339874	-0.902207879374541	0.236324245557025	0.439290059422552	-0.851
LOC101930071	-0.900766468376102	0.236366728382331	0.439290059422552	-0.8599
TMEM150A	0.925606630611321	0.236751986300044	0.439868131680602	-0.409
LOC102724708	-2.16589905207351	0.236789294664016	0.439892679697393	-2.1105
INO80C	4.14058559472989	0.236902992682116	0.44001739051203	-0.1566
CLDN15	2.18449510389694	0.236904630332096	0.44001739051203	-0.2513
COX5B	7.17762227893816	0.23692950047725	0.440018815942287	-0.211
GUCA1B	0.193050672563694	0.237233105549966	0.440448243152668	-0.4993
PDCL3P4	-0.823644100153558	0.237315548783392	0.440511384711955	-0.7732
ZDHHC1	1.97206942377495	0.237452306856705	0.44067594937237	-0.3006
DENND2C	-0.191271851106	0.237643743905282	0.440900814516158	-0.7447
CLIP4	6.43930448897178	0.237694227457714	0.440900814516158	-0.1278
SPR	5.01357714957756	0.237720657361498	0.440905041226405	-0.1464
PLOD2	6.22939492474614	0.237816155495469	0.441037049200068	-0.1257
STK33	2.21555600703436	0.238163932413831	0.441592601071187	-0.2462
LITAF	7.83977272888177	0.238201709372657	0.441617792861503	-0.1111
SDHAF1	2.47751988249889	0.23829800960582	0.441707526014717	-0.2313
TBCD	5.26051459882132	0.238416882409758	0.441882091905841	-0.1766
LYRM4	5.10402492773651	0.238671314887735	0.442218971337713	-0.1269
SPTY2D1-AS1	0.4060955596483	0.238813732148563	0.44243794338382	-0.4864
EIF3F	6.18436873436411	0.238954280050717	0.442653408077716	-0.1264
RRP7A	6.21146003131279	0.239202431220032	0.442888395978996	-0.1276
KPTN	3.5532011167741	0.239357863462608	0.443086306567976	-0.2126
STX5	5.19159112139176	0.239720740487863	0.443623095625588	-0.1407
LOC105374860	-1.21490698267148	0.240016771052341	0.444125904351464	-1.0569
GLA	5.98182433138678	0.240156611096283	0.444339626246452	-0.1192
CNOT3	3.39334142401356	0.240655413778956	0.445127176691855	-0.2742
GANAB	8.77293705595812	0.240713071922957	0.445158342949686	-0.1169
WFS1	5.4091333400257	0.240745416298327	0.445158342949686	-0.1265
SP100	5.67100195893332	0.240818298773244	0.445248011181319	-0.1161
ZFYVE19	3.93436557801768	0.241047757184629	0.445582002345341	-0.1566
NRIP2	1.86211009278615	0.241442429929665	0.446130870525907	-0.2832
LOC102724159	1.39665489867265	0.241471383352529	0.44613921409612	-0.3721
TMEM63A	5.55561666740687	0.24186682673476	0.446639388287968	-0.1281
CMTM2	-1.75001881301152	0.241897433995564	0.446639388287968	-1.3013
MGC50722	-1.75001881301152	0.241897433995564	0.446639388287968	-1.3013
TRHDE-AS1	-0.945672278653139	0.242000654762855	0.446755380053664	-0.9715
GAMT	3.61598021484459	0.242053154002428	0.446807116225312	-0.1626
LOC101929607	-1.74988977384143	0.242366452261645	0.447294981044137	-1.3
PAIP1	7.72465252625829	0.242564098642426	0.447614493562734	-0.1119
CAMK2B	-2.26332489216443	0.242601126713008	0.447617320273036	-1.9046
IVL	-1.11923055712673	0.242614668279014	0.447617320273036	-0.941
HSPA2	4.08440994738065	0.242758391800799	0.447812621226434	-0.1631
C5orf66-AS1	-2.26319493941958	0.242769583275527	0.447812621226434	-1.901
ZNF79	2.47625453161801	0.243391948736764	0.448824587488724	-0.2561
LOC100505625	-1.8236174713488	0.243716347157106	0.449286643815019	-1.1391
C9orf24	-1.8236174713488	0.243716347157106	0.449286643815019	-1.1391
LINC01004	3.68223025445981	0.243839334746595	0.449467982141947	-0.1714
PRMT2	5.88617674663262	0.244026558829971	0.449521366399963	-0.1126
TAF6L	4.04259808853761	0.244101601699857	0.449521366399963	-0.1572
C3orf35	-1.42941298393205	0.24412395583249	0.449521366399963	-0.9931
LOC101930010	-1.42941298393205	0.24412395583249	0.449521366399963	-0.9931
RPL8	10.3077019561226	0.244151650903874	0.449521366399963	-0.1114
PCBP2-OT1	-1.82348826461833	0.244188397819261	0.449521366399963	-1.1377
LOC101927668	-1.82348826461833	0.244188397819261	0.449521366399963	-1.1377
LOC105373472	-1.75049652391837	0.244270474886363	0.449627121347594	-1.2943
DBI	7.9725021221517	0.244413322957427	0.449754019142303	-0.1327
ZNF438	2.7697328590461	0.244810415437436	0.450348543352059	-0.2169
FARS2	3.96666168048255	0.245265034019282	0.451127909928092	-0.1562
CHMP1A	6.44319427582591	0.245283503174093	0.451127909928092	-0.1407
SNORD104	3.01550175308511	0.245452856163981	0.451393909754168	-0.2397
AQP11	1.26368828539626	0.245667304563609	0.451742779221721	-0.4067
LINC01481	0.682459102087992	0.245880715811957	0.452001844798512	-0.4316
LOC554206	-0.715157268980245	0.246270412674122	0.452578282039337	-0.7661
PGM3	5.09925860543071	0.246312753539382	0.452610531315043	-0.1416
HFE	4.8180218729446	0.246803029135927	0.453328916380469	-0.1317
NACA	9.62625902375199	0.247123491230723	0.453734934718704	-0.1138
ZNF816	3.07012011278822	0.247192337073728	0.453815698473247	-0.2127
EIF4A2	8.12076634359472	0.247711305847946	0.45468140096662	-0.1016
FOXC1	5.03540330883192	0.247713694895596	0.45468140096662	-0.1284
DFFB	2.01686656546069	0.247915861872996	0.454956672089573	-0.2682
CD276	5.9606566360541	0.2479364706601	0.454956672089573	-0.137
ITGAE	5.12707557664628	0.24808234703913	0.455129266158814	-0.187
NT5C1B	-1.98269838226273	0.248211945454397	0.455184055872975	-1.5598
PCDHB4	-1.98269838226273	0.248211945454397	0.455184055872975	-1.5598
DUS2	3.94467287290529	0.248353115376253	0.455345830070698	-0.1729
PLCL2	3.0801988926236	0.248374987721517	0.455345830070698	-0.193
MAPKAPK5-AS1	3.93444774879196	0.24898393021816	0.456278922913344	-0.15
SOAT1	6.24100854447205	0.249247059162281	0.456671714084693	-0.1163
TMC1	-1.11718312350643	0.249525745233603	0.456950747816698	-0.9537
PARP4	7.10685113081505	0.249608745895481	0.457056897198385	-0.1033
C1QTNF9B-AS1	-1.4856242219826	0.249732270002005	0.457237220053816	-0.9072
ERCC5	0.694187645529765	0.250204268336851	0.457988754398721	-0.4362
MCOLN1	2.62291951951819	0.250218001554166	0.457988754398721	-0.2167
GOLGA2P7	1.36721993180713	0.250269956322832	0.458037927080664	-0.4268
ROPN1L	1.30098473417005	0.250491323930802	0.458351168655981	-0.3325
ZNF621	5.67341570167838	0.251128947014343	0.459379765199784	-0.1177
TMEM182	2.91118206292038	0.251216844260401	0.459474783777743	-0.2038
RAB11B-AS1	1.22500686469952	0.251484627986188	0.459688903370869	-0.4264
PDE6G	-1.82300952038847	0.251488905015609	0.459688903370869	-1.1488
ACKR2	-1.82300952038847	0.251488905015609	0.459688903370869	-1.1488
DSG2	7.64234285238741	0.251499384688225	0.459688903370869	-0.1059
ZNF276	3.32340249040751	0.252000095336665	0.460419709814467	-0.1779
ARRDC5	-1.82288026171852	0.252102720746061	0.460515036015618	-1.1469
CCND3	5.94709881716837	0.252153088816846	0.460560959423745	-0.1097
CSTF3-AS1	-1.74976072360497	0.252413161491681	0.460840911476227	-1.2979
LOC652276	1.98574651474165	0.253063154454215	0.461853538710002	-0.2793
PRKCSH	7.91734743288191	0.253364051667061	0.462356470135332	-0.1155
OXCT1	6.01810401147528	0.253807248241752	0.463118952913686	-0.1214
COPG2IT1	0.481412302230553	0.254236088501992	0.463623417410085	-0.4584
GPC1	8.14113681731691	0.254645785756047	0.464277785355278	-0.1065
ZNF576	3.15671216831132	0.254766648612357	0.464451761240982	-0.1884
NCF4	1.03521344072502	0.254829197371397	0.464507254502798	-0.363
LMAN2L	3.76026637809441	0.254847976615909	0.464507254502798	-0.1887
NRG4	3.02228377293794	0.255131890849824	0.464839101731975	-0.2299
SPATA4	-1.07394631949648	0.255665558660239	0.465625542587922	-1.0237
PCBP1-AS1	1.90266544295873	0.256316528007457	0.465650348966842	-0.2974
TRNR	0.420290637264147	0.256915548223093	0.465650348966842	-0.431
CALU	8.70382194066406	0.256937377911566	0.465650348966842	-0.111
UBQLN2	6.7132204687963	0.257399082204986	0.465650348966842	-0.1036
ELP5	4.97911310367774	0.257448973229989	0.465650348966842	-0.1194
PNKD	6.163748073417	0.257549984035357	0.465650348966842	-0.1221
NLGN1	-0.712334976323372	0.257800081839445	0.465650348966842	-0.8105
LINC00667	2.84498670718518	0.257885099037155	0.465650348966842	-0.2167
LOC101927814	-2.48787449000695	0.258306369631201	0.465650348966842	-3.9721
CCDC144NL-AS1	-2.48787449000695	0.258306369631201	0.465650348966842	-3.9721
RASGRP4	-2.48787449000695	0.258306369631201	0.465650348966842	-3.9721
MYO7B	-2.48787449000695	0.258306369631201	0.465650348966842	-3.9721
KIAA2012	-2.48787449000695	0.258306369631201	0.465650348966842	-3.9721
C20orf141	-2.48787449000695	0.258306369631201	0.465650348966842	-3.9721
LOC729506	-2.48787449000695	0.258306369631201	0.465650348966842	-3.9721
LINC00705	-2.61115614548241	0.258306369631201	0.465650348966842	-3.6193
KRTAP5-9	-2.61115614548241	0.258306369631201	0.465650348966842	-3.6193
MIR613	-2.61115614548241	0.258306369631201	0.465650348966842	-3.6193
ATP5EP2	-2.61115614548241	0.258306369631201	0.465650348966842	-3.6193
ITGAL	-2.61115614548241	0.258306369631201	0.465650348966842	-3.6193
CXCL17	-2.61115614548241	0.258306369631201	0.465650348966842	-3.6193
LRRC17	-2.61115614548241	0.258306369631201	0.465650348966842	-3.6193
AGRP	-2.61177114050454	0.258306369631201	0.465650348966842	-3.6097
C19orf18	-2.61177114050454	0.258306369631201	0.465650348966842	-3.6097
ID2-AS1	-2.61177114050454	0.258306369631201	0.465650348966842	-3.6097
LINC00319	-2.61177114050454	0.258306369631201	0.465650348966842	-3.6097
EGFLAM	-2.61177114050454	0.258306369631201	0.465650348966842	-3.6097
COL21A1	-2.61177114050454	0.258306369631201	0.465650348966842	-3.6097
SNORA5B	-2.61177114050454	0.258306369631201	0.465650348966842	-3.6097
LOC641746	-2.61177114050454	0.258306369631201	0.465650348966842	-3.6097
GJC3	-2.61177114050454	0.258306369631201	0.465650348966842	-3.6097
CFTR	-2.61177114050454	0.258306369631201	0.465650348966842	-3.6097
NPM2	-2.61177114050454	0.258306369631201	0.465650348966842	-3.6097
NHS-AS1	-2.61177114050454	0.258306369631201	0.465650348966842	-3.6097
LOC102724601	-2.61238588165452	0.258306369631201	0.465650348966842	-3.6002
LOC101929771	-2.61238588165452	0.258306369631201	0.465650348966842	-3.6002
LOC101927478	-2.61238588165452	0.258306369631201	0.465650348966842	-3.6002
LINC00702	-2.61238588165452	0.258306369631201	0.465650348966842	-3.6002
LOC101929427	-2.61238588165452	0.258306369631201	0.465650348966842	-3.6002
CKMT1B	-2.61238588165452	0.258306369631201	0.465650348966842	-3.6002
HSPB9	-2.61238588165452	0.258306369631201	0.465650348966842	-3.6002
USH1G	-2.61238588165452	0.258306369631201	0.465650348966842	-3.6002
SERPINB2	-2.61238588165452	0.258306369631201	0.465650348966842	-3.6002
CST1	-2.61238588165452	0.258306369631201	0.465650348966842	-3.6002
ENTPD3	-2.61238588165452	0.258306369631201	0.465650348966842	-3.6002
TNRC18P1	-2.61238588165452	0.258306369631201	0.465650348966842	-3.6002
TSPO2	-2.61238588165452	0.258306369631201	0.465650348966842	-3.6002
GJA1	-2.61238588165452	0.258306369631201	0.465650348966842	-3.6002
FAM71F1	-2.61238588165452	0.258306369631201	0.465650348966842	-3.6002
SIT1	-2.61238588165452	0.258306369631201	0.465650348966842	-3.6002
LOC101928438	-2.61238588165452	0.258306369631201	0.465650348966842	-3.6002
C1orf100	-2.6130003691351	0.258306369631201	0.465650348966842	-3.5907
AMHR2	-2.6130003691351	0.258306369631201	0.465650348966842	-3.5907
RNU6-36P	-2.6130003691351	0.258306369631201	0.465650348966842	-3.5907
CABP1	-2.6130003691351	0.258306369631201	0.465650348966842	-3.5907
KCTD19	-2.6130003691351	0.258306369631201	0.465650348966842	-3.5907
SKAP1	-2.6130003691351	0.258306369631201	0.465650348966842	-3.5907
LOC101927855	-2.6130003691351	0.258306369631201	0.465650348966842	-3.5907
WDR87	-2.6130003691351	0.258306369631201	0.465650348966842	-3.5907
TNFRSF6B	-2.6130003691351	0.258306369631201	0.465650348966842	-3.5907
AGR3	-2.6130003691351	0.258306369631201	0.465650348966842	-3.5907
MSC-AS1	-2.6130003691351	0.258306369631201	0.465650348966842	-3.5907
HCFC1-AS1	-2.6130003691351	0.258306369631201	0.465650348966842	-3.5907
FAM103A1	3.85662604942418	0.258613354741277	0.46608802463161	-0.1702
NABP2	5.46557286982367	0.258625749864056	0.46608802463161	-0.118
PIFO	-1.37202244897081	0.258690130872315	0.466158032692231	-1.1195
AVIL	0.0553457455292525	0.258851467331089	0.466402722818432	-0.5338
SNX21	2.59569018850102	0.259172290732132	0.466796501539641	-0.2149
PJA2	5.52693626962471	0.259284113792589	0.466889170453143	-0.1375
CLDN3	3.19027424689029	0.259286754955973	0.466889170453143	-0.1779
GATC	5.27177096368552	0.259924037997513	0.467873519787281	-0.1167
RIT1	5.24038616753591	0.259976401605445	0.467905750420051	-0.1221
UBL7-AS1	2.27761231705265	0.259993204002027	0.467905750420051	-0.2576
GLTP	4.87598015272573	0.260095046495962	0.468042894906878	-0.1291
GOLGA7B	1.32614602168751	0.260163856226135	0.468120575523784	-0.3398
GATA6-AS1	-0.549172438031549	0.260198903527252	0.468137497072386	-0.7212
CYP2S1	2.42358917106359	0.260531179387153	0.468550606924624	-0.2398
LTB4R	2.74567270483734	0.260815206754287	0.468922829870619	-0.234
ADGRG1	6.21611588382313	0.26103841013563	0.469231706915721	-0.107
TOM1	4.19295165522801	0.261460241339849	0.469758402143094	-0.1443
NCK2	5.03047699962557	0.261482549752875	0.469758402143094	-0.1194
LOC100507437	-0.371921850905899	0.261485806451475	0.469758402143094	-0.58
KLHL12	5.30641409386962	0.261802339214564	0.470188244436899	-0.1159
UBE2E4P	1.40175417631855	0.26184549648052	0.470189200672131	-0.4184
NDUFA4	7.84523743975978	0.261949158075546	0.470266872831858	-0.1345
SDHAP1	3.93733520391049	0.262047388423852	0.470396963919945	-0.1561
FAM175A	2.47568172839057	0.262368095739303	0.470833771337533	-0.2263
HSPA6	-0.372046720237457	0.26251869399171	0.470965141265002	-0.5809
PPP1CA	7.54546204397479	0.262563670779336	0.47098132379849	-0.1029
SSBP1	6.82316558032332	0.262579311657594	0.47098132379849	-0.171
LGMN	5.01498087275685	0.262790374817396	0.471208277239009	-0.138
FAM220A	4.28487784741083	0.262809086264658	0.471208277239009	-0.1346
MAP2K1	6.45300110692393	0.262943018100267	0.471355826633787	-0.1047
LOC102723828	1.82708809482702	0.263387072429407	0.471966469794979	-0.3055
PLEKHM1P	2.11506766140068	0.26349784828078	0.47207229815642	-0.2651
GRAP	-1.48575283408214	0.263685702518174	0.472348718632854	-0.9162
CDK14	5.42823307877826	0.263703885862513	0.472348718632854	-0.1128
EPPK1	4.51331202900147	0.263859276739878	0.472580688331523	-0.1365
MLF2	8.12979613802441	0.264038584034535	0.472855443411269	-0.1066
HLCS	4.55650734241858	0.264504926561155	0.473597679413539	-0.1493
ZNF563	0.337308234201322	0.264605391636713	0.473718750006748	-0.4267
ARPC3	7.60544097300484	0.264642125405805	0.473718750006748	-0.0981
KCTD11	3.83454893770876	0.26465039062877	0.473718750006748	-0.1528
C1orf174	4.23606077744825	0.264703895607632	0.473768070413033	-0.1408
ADPRHL2	4.53105839932329	0.265050374315886	0.474248714447792	-0.1274
SMPDL3A	1.21021001205554	0.265198181502776	0.474466679881878	-0.326
NSMCE4A	4.76725178567243	0.26524908632035	0.474511251334082	-0.1295
MBIP	3.73573768504866	0.265401167585507	0.474643780901354	-0.1736
ZNF783	3.45660665900485	0.265731274600203	0.475141052801304	-0.1731
LRP1B	-0.142639800837187	0.266670484052335	0.476540363827274	-0.6063
FLRT1	0.233263832242316	0.266760245565272	0.476545175571632	-0.4969
TMEM191A	2.29448245180625	0.266765624162799	0.476545175571632	-0.2359
LOC105371591	-0.645885176439439	0.266766165178559	0.476545175571632	-0.707
LOC102724488	0.136354727062454	0.266777590619089	0.476545175571632	-0.489
CDCA7L	7.09687033280363	0.267569951381496	0.477726849136488	-0.1081
PDGFD	3.492760592054	0.267718724389757	0.477792320556072	-0.1599
SSC5D	-1.31639118954942	0.267737480241489	0.477792320556072	-0.8797
LOC105372493	-1.31639118954942	0.267737480241489	0.477792320556072	-0.8797
MESTIT1	-1.31639118954942	0.267737480241489	0.477792320556072	-0.8797
SLFN13	5.21549795488925	0.268010329710468	0.478185748553001	-0.1144
SUGCT	1.44915435942058	0.268081824577947	0.478219945150985	-0.3365
KLHL4	0.501072737574746	0.268081886430499	0.478219945150985	-0.5129
ZNF684	2.81281787457516	0.268118976431676	0.478239377990883	-0.2201
VAMP2	3.98726134300649	0.268175633563918	0.478293705191763	-0.2009
NOC2L	6.6656943468005	0.268387409104756	0.478531159353104	-0.105
LOC100270804	0.0559586120175184	0.268445895430253	0.478588697946748	-0.5285
CLCN2	3.84820997521	0.268484131694764	0.478610126766879	-0.1578
C15orf40	3.17615532844695	0.268632019654336	0.478827001641237	-0.1863
TPRG1-AS1	-2.26258228656498	0.26887289111227	0.479029349167344	-1.9463
KGFLP1	-2.26258228656498	0.26887289111227	0.479029349167344	-1.9463
CASC9	-0.140807562129945	0.269081865425605	0.479301252337774	-0.5059
DNAJC1	4.27135893136614	0.269145454944585	0.47936774882618	-0.1724
LINC01252	-1.75097408616944	0.269400756834754	0.479728854543042	-1.2722
BDH2	2.88425007822384	0.269533011851591	0.479917552361519	-0.2204
PRKD2	5.43969055887896	0.269897962950442	0.480334728474496	-0.1108
LOC401585	-1.11765325593596	0.269898863096592	0.480334728474496	-0.9449
HOXD8	-0.583789785938903	0.270536967203196	0.481235786150398	-0.7953
MAD2L1BP	4.24102686925898	0.27082004347297	0.481623822952926	-0.1627
SNORD12B	-0.945418609961368	0.270834255391912	0.481623822952926	-0.9554
LINC01011	0.905278778351665	0.27094136685902	0.481767370544295	-0.3762
ATG9A	5.23907343633531	0.271132429186626	0.48201320744289	-0.1131
LOC102724156	0.386042161403494	0.271225355163256	0.482131458993222	-0.4359
ETS2	5.09871388053724	0.271466328474784	0.482512831529126	-0.1139
PPP4R2	5.3881283719112	0.271529169888238	0.482577543368348	-0.13
NDUFA3	-1.82240132680526	0.271900316196466	0.483096075180796	-1.1716
EIF6	7.46781250330914	0.27208630559796	0.483332450617529	-0.1294
ACTL8	1.60434392377999	0.27232538234914	0.483710077852297	-0.2958
CBWD3	2.28824001957427	0.272371361026575	0.48374468011491	-0.4386
LOC100133985	-1.11825079939158	0.272425252318458	0.48379168029226	-0.9363
PROB1	0.760275500992014	0.272461916654811	0.48379168029226	-0.3873
HSDL2	6.88163403790001	0.272477325633491	0.48379168029226	-0.1004
ZNF69	1.42596763029891	0.272632938783792	0.483973836098494	-0.2992
CCNB2	7.05204716254771	0.272694756440626	0.484014153569172	-0.1073
CNGB1	0.353501417254335	0.272708675701824	0.484014153569172	-0.4517
CEP44	4.42992104900885	0.272739215297093	0.484021300132569	-0.1416
RBP4	-0.646850784625125	0.273328263731051	0.484878124834717	-0.7062
XPA	4.7702975839387	0.273370597926933	0.48490610530063	-0.1259
DEPDC4	1.41892488574834	0.27343815098379	0.484978809322847	-0.3885
TCTEX1D4	-0.789513544101578	0.273924232170932	0.485605047826037	-0.8084
KLF4	4.77808086916887	0.274162520128784	0.485933103637969	-0.1445
SOX7	4.70447888492724	0.274313564477601	0.486069554922228	-0.1402
TRIM16	7.27104504294032	0.274528303243317	0.486392537268052	-0.1071
PSMG1	5.34669265638979	0.274717788879288	0.486681024141706	-0.1236
PIGG	4.6027372046932	0.274917470289232	0.486893028482754	-0.1266
COMMD7	5.02038270380903	0.274960194436132	0.486921457913088	-0.141
RAB33A	-1.31712037078452	0.275241672567176	0.487227798892897	-0.8769
CBX6	6.95411487521957	0.275265924432276	0.487227798892897	-0.0971
PITX2	-0.321659963026325	0.275266625645341	0.487227798892897	-0.7858
LOC100130705	-0.0942815203703101	0.275397278612082	0.487411800130119	-0.5808
ZNF793	2.60180115425253	0.27552066944738	0.487539479912427	-0.2275
ZBED6CL	2.72722144390073	0.275522831631053	0.487539479912427	-0.2035
CENPK	5.902784935968	0.275928369658306	0.48816244950887	-0.1142
ARSK	3.41725950731345	0.276250633202606	0.488543210282552	-0.1637
WAC-AS1	4.37932645324733	0.276461676462545	0.488821730314791	-0.13
ZNF655	5.70232033182749	0.276562945732476	0.48895343185087	-0.1121
MYLK-AS1	0.75855040382146	0.276789468875936	0.489259154124621	-0.3813
UPF3B	6.22237510387016	0.277294652499832	0.489962367018673	-0.1127
GAPDH	12.2060248080134	0.277346474863814	0.490006507801586	-0.1079
TIAM1	4.22191950140011	0.2775346735679	0.490196691239898	-0.1382
DNAJA4	-0.98663652222711	0.277563508899634	0.490200195266685	-0.915
TMEM208	4.21176873132601	0.277679670975689	0.490357909976028	-0.1497
TMEM117	1.24050565263469	0.278076398037226	0.490868567256585	-0.356
LINC01530	-1.75170930183331	0.27840255400444	0.491301790807642	-1.2576
LAYN	4.14197065484733	0.278590470486161	0.491585891087894	-0.1322
INTS6-AS1	-0.190337460905622	0.278652077455604	0.491647078962937	-0.6383
CAPS2	3.59439349403584	0.278750595341781	0.491773373459563	-0.1559
CDK2AP2	5.66396055244817	0.278882141237795	0.491847963655523	-0.1129
CAMK2N2	0.925173474358142	0.278891050344825	0.491847963655523	-0.3593
ZNF610	-0.643069668495361	0.279195563755073	0.492272958461716	-0.7516
EPM2A	2.39564417355888	0.279398886987964	0.492403553780749	-0.2209
OR7E91P	-0.749464294156528	0.27940449241974	0.492403553780749	-0.7181
COX7A2L	6.67977472811879	0.279793043656851	0.492993128558969	-0.1024
FAM73B	4.52218872839907	0.27988786115871	0.49307981987445	-0.1579
MKS1	3.52002632017517	0.280108550340386	0.493358581284524	-0.1665
PITPNM2	4.10140272957457	0.280298233044051	0.493466420479121	-0.1434
EML5	1.26520781839796	0.280301197695064	0.493466420479121	-0.3409
ARHGAP1	5.65067273569097	0.280330107431691	0.493466420479121	-0.1074
HIST1H2BN	-0.942202874966282	0.280448350500539	0.493600949252345	-0.7702
MAGEC1	-0.791315581569452	0.280489496469316	0.493600949252345	-0.9798
RAB1B	7.99138561934965	0.28087513879904	0.494177021382143	-0.1019
PCAT7	0.720062432187009	0.280985638915026	0.49417935982158	-0.4366
MATN1-AS1	-0.52107417852181	0.281221730012184	0.494460551199309	-0.7336
AZI2	5.15614283384165	0.281281569764083	0.494518137289397	-0.1178
OVOL1	2.96426065650142	0.281540997160119	0.49478363921401	-0.1918
KEAP1	6.77339538874051	0.281872460108978	0.495270801900819	-0.1022
NDUFB4	7.50434017237583	0.281986474523002	0.495423450956782	-0.1136
SHROOM4	-0.580829388876493	0.282013695243291	0.49542359703248	-0.6552
LOC101929512	-0.713177912574719	0.282158032250642	0.495534106471162	-0.8141
FAM131A	3.07518577057145	0.282573653201103	0.496216295963768	-0.1799
ACVR2B-AS1	-1.02633524339595	0.282799941567636	0.496479907526801	-0.8693
GALNT3	5.88591826832704	0.282957246171244	0.496540725874041	-0.1207
LOC101929089	-1.61267689330159	0.282975992111828	0.496540725874041	-1.0574
PRSS50	-1.61267689330159	0.282975992111828	0.496540725874041	-1.0574
CACNA2D3	-1.61267689330159	0.282975992111828	0.496540725874041	-1.0574
PNLDC1	-1.61267689330159	0.282975992111828	0.496540725874041	-1.0574
EIF4G3	6.88538270517779	0.283012505918606	0.496551682348078	-0.0968
CXorf40A	3.19851715918797	0.283036634887933	0.496551682348078	-0.1866
CDH26	-0.264934924472523	0.283157597620001	0.496716162405182	-0.667
BMP8B	1.93531197033562	0.283624163069417	0.497300473678399	-0.265
SULT1A3	-1.26479378737016	0.283626891539192	0.497300473678399	-0.9748
SCAF1	6.21844699070911	0.283713902499912	0.497405263040276	-0.1057
NBR2	2.23943604954396	0.283908657570509	0.497698910371348	-0.2292
NDUFS6	9.02811797167427	0.283990123305111	0.497793921368997	-0.1387
PIANP	0.0972938901726557	0.284124654785391	0.497981921828159	-0.52
CGB7	-0.137007452164745	0.284499823323101	0.498484372760198	-0.7881
PHC2	5.62227839985526	0.284503995239517	0.498484372760198	-0.1368
SNORA61	1.92023688062907	0.284569933397768	0.498515156081203	-0.3668
RELL1	3.6039700223286	0.28459273426152	0.498515156081203	-0.1585
LOC101927579	-1.61207171265077	0.28476805047961	0.498742686008673	-1.0621
LOC101929718	-1.31651934803899	0.285129628309543	0.499168248409956	-0.8869
LRP4-AS1	0.0150993996163596	0.285262108860817	0.499256548687861	-0.5568
C6orf132	5.05842342872741	0.285432944753667	0.499459775656374	-0.1205
TMEM167A	6.97487372815704	0.286317221082637	0.500719148202378	-0.1025
GLUD1	6.60243476706339	0.286490673653023	0.500974495997088	-0.0994
GFI1	-0.943137421450386	0.286547371800169	0.500977668989072	-0.7591
DOCK9-AS2	-0.943137421450386	0.286547371800169	0.500977668989072	-0.7591
CD82	2.09338290794601	0.286603400099271	0.501027642651757	-0.2508
AKAP8L	4.81608997247859	0.286686373691061	0.50110111766505	-0.1299
GABRQ	-1.61280564219861	0.286711622561333	0.50110111766505	-1.0586
GTF2H2C	0.164390762156136	0.286727775806809	0.50110111766505	-0.88
LINC00894	1.86012996847047	0.28682805861405	0.501180420947368	-0.2595
LOC105373474	-1.26419364990669	0.287459414101774	0.501995318905873	-0.979
ARMCX5	2.61400550547063	0.287560506736783	0.502123826971469	-0.2009
LOC105379282	-0.902886964014523	0.288185702911788	0.503071160103041	-0.8337
LIN7A	-1.61220051268142	0.288707755496571	0.503837948986273	-1.0644
CDKL2	-1.61220051268142	0.288707755496571	0.503837948986273	-1.0644
EVA1C	-0.460309138618768	0.288898211295122	0.504073950626375	-0.7006
LOC100506271	-1.26466582134372	0.288973092249435	0.504156419352607	-0.9737
RPN1	7.75892101895246	0.289020965287946	0.504167084396533	-0.0989
PARM1	0.769965009731506	0.289293861229071	0.504474995758708	-0.3956
FAM45B	1.74197104068898	0.289472715441219	0.504690468254693	-0.2763
TLR2	-0.315808063970431	0.289511709347276	0.504710252658888	-0.5748
SDCBP	6.76054081246921	0.289658485619373	0.504917914013871	-0.1169
RPARP-AS1	2.29817118155793	0.289722938695449	0.504982047815936	-0.2441
SMIM6	-1.07343706660013	0.289890892049152	0.505178324288786	-1.0054
MEX3D	5.52273585895256	0.289993979830813	0.505309735209633	-0.1286
GPR61	-1.61194290164147	0.290102459122117	0.505402280153962	-1.0615
LOC101929680	-1.61194290164147	0.290102459122117	0.505402280153962	-1.0615
MRVI1	-1.21178813572195	0.290591231942076	0.506108903867061	-0.8216
LOC101559451	-0.027262979087507	0.290686827694741	0.506174643992119	-0.4914
OPA3	5.07134404913174	0.290696219484236	0.506174643992119	-0.1236
PLA2G12A	4.42179228463545	0.290712157222687	0.506174643992119	-0.1376
ZNF528-AS1	0.785944803416841	0.290931483212569	0.506411628292207	-0.3817
CDC34	5.46923111363482	0.291060445745972	0.506539513588032	-0.1116
MOAP1	-1.74733110474096	0.291165387954736	0.506625554946785	-1.4023
PACS2	4.32851305367444	0.291485953864232	0.50713500178647	-0.1322
CEP89	4.26081052824517	0.291911367220975	0.507826750522787	-0.14
TMEM236	-1.61341053357378	0.291948819416281	0.507843510935076	-1.0521
P4HA1	5.95561652519328	0.2923132795717	0.508283763392795	-0.1071
C1orf115	2.65271736555407	0.292429054708865	0.508436649787146	-0.2103
UFSP1	-0.119693664390836	0.292487794308587	0.508490350718747	-0.5381
ANKDD1B	-1.67891337283352	0.292726843897557	0.508857480688802	-0.9205
ARMT1	4.60694926371207	0.292795901378174	0.508929065558406	-0.1501
SNORA73B	-0.518121753739615	0.292855237815137	0.508983741579698	-0.6055
LOC101929005	-1.26071628518633	0.292898451649693	0.509010388702217	-1.142
IFITM10	-1.31917179029055	0.293081209082036	0.509085685347445	-1.1984
RPL4	10.0981091250677	0.29329991476447	0.509284027018363	-0.1017
YARS	6.84384946142668	0.293306981818091	0.509284027018363	-0.0964
MRPL41	6.19527335726352	0.293403215444713	0.509402672482994	-0.1566
NRBP1	6.32401602175266	0.293586652394849	0.50967268221	-0.099
SNORD17	0.462725309571551	0.29433378203825	0.510823987535916	-0.4931
ZNF552	2.93599904472864	0.294369384725592	0.510837213645476	-0.1949
C14orf166	7.59037538127788	0.294461165903662	0.510947917948603	-0.1028
JMJD7	1.10781746808073	0.29449741824123	0.510962256929472	-0.3747
SLC16A3	7.62946021579032	0.294631592923474	0.511146475378783	-0.1196
LOC105374378	1.00223857225517	0.294824999480469	0.511384816200992	-0.3456
TTC23L	-0.0975117364782098	0.295530839978698	0.512414380724771	-0.5634
SHBG	-0.346356786031887	0.295634287352021	0.512459101444622	-0.6223
ACTR10	4.87734112852814	0.295640763311533	0.512459101444622	-0.1272
PLEKHH1	3.44386383304157	0.29579101990682	0.512573408582716	-0.1767
GLYCTK	1.3782941354611	0.295953365426336	0.51275739197335	-0.3498
PEX11A	3.1000437408261	0.296203544167922	0.513062543935597	-0.1641
TOMM20	8.07658952026835	0.29657570580013	0.5136406493774	-0.0965
TMEM231	3.49531590385353	0.296693420737076	0.513754036376993	-0.1624
FAM229B	2.85475154568604	0.296697458672362	0.513754036376993	-0.1863
TTC25	0.629345190264754	0.296775053499246	0.51383966015575	-0.3965
MSANTD1	-0.263702439971529	0.296895581208513	0.513962019726191	-0.519
SUMF2	7.07728143869571	0.29721255351274	0.51429212377776	-0.1112
MRPL11	6.82980586224476	0.297466445958737	0.514597501887871	-0.0955
EID2B	0.496658908349294	0.297717035216431	0.514884633849105	-0.4166
RAET1E	-0.862318580517337	0.298588883500432	0.516099096495349	-0.6973
TYMSOS	0.817520780196045	0.298848657382837	0.516450311357541	-0.4119
NAPA-AS1	-0.518831528154845	0.298883864378228	0.516462264845143	-0.6025
TMEM206	4.33018719739449	0.299259321134161	0.516964247409655	-0.1242
PDE4B	2.06716562967436	0.29966126605351	0.517462738656155	-0.2589
LPPR2	4.31280179688612	0.299855325692717	0.517748872207154	-0.132
S100A3	-0.427851080743047	0.29990891698267	0.517792433179082	-0.6164
SNORA16A	-0.647521799896956	0.299944333114165	0.517804609487678	-0.6861
DPH6	3.17284426140887	0.299995558063471	0.517844072239668	-0.1675
RAB43	1.67084041108535	0.300041222352278	0.517873929778121	-0.3199
PPP2R2D	4.70097213020563	0.300074961226979	0.517880769243155	-0.1393
PPP1R12B	4.22345538320636	0.300210712756904	0.518019543675807	-0.1509
ZNF600	4.2209252929003	0.300994863107777	0.519176324725584	-0.1543
RIOK3	4.63992301779324	0.30117386530981	0.519386934167381	-0.1151
FBXW5	5.94260169720791	0.301448918617635	0.519766693543516	-0.1001
ITGB1BP2	0.33350080109246	0.301580463330859	0.519940781808306	-0.5838
ZNF625-ZNF20	-0.518372683577505	0.30179308296396	0.520209094758762	-0.6073
KLHL30	-1.67817798091444	0.302405085444446	0.521116409276364	-0.9305
SETD3	4.6365414241698	0.302454482755447	0.521152339517078	-0.1143
NT5C	4.28227615586457	0.302633101186726	0.521361696259779	-0.1358
MTERF1	4.26490931896762	0.302752306373435	0.521517843475507	-0.1396
NLRP6	-2.07145721144635	0.303033141436125	0.521755449406573	-1.2726
KCNJ8	-2.07145721144635	0.303033141436125	0.521755449406573	-1.2726
LRIT3	-2.07145721144635	0.303033141436125	0.521755449406573	-1.2726
CLCN1	-2.07145721144635	0.303033141436125	0.521755449406573	-1.2726
DIP2C	1.06798633331971	0.303118977473758	0.521854022327511	-0.331
C20orf194	1.49352564164655	0.303419531177678	0.522223716524906	-0.2839
MIR4691	-1.61293438012704	0.304287333755752	0.523357814121681	-1.0614
FNDC5	-1.98500742010404	0.304366569870985	0.523357814121681	-1.477
DOC2GP	-1.98500742010404	0.304366569870985	0.523357814121681	-1.477
USP30-AS1	-1.98500742010404	0.304366569870985	0.523357814121681	-1.477
LOC105376908	-1.98500742010404	0.304366569870985	0.523357814121681	-1.477
IZUMO1	-1.98500742010404	0.304366569870985	0.523357814121681	-1.477
DDX11L2	-1.98500742010404	0.304366569870985	0.523357814121681	-1.477
LOC105379177	-1.98500742010404	0.304366569870985	0.523357814121681	-1.477
HEPHL1	0.497996341857409	0.304441836338678	0.523374988862821	-0.4202
NAIF1	3.6700594866647	0.30475987986444	0.523738937377198	-0.1454
RAB5B	6.56761628850307	0.304875960815841	0.523809742735814	-0.096
PRRT2	0.034084502081336	0.304932707379867	0.523840360019465	-0.5749
RABGGTA	3.20233440471334	0.305045794337631	0.523947567551024	-0.1601
LOC100507250	-1.75158040636372	0.30531849518281	0.524305751863171	-1.2355
DEPDC1-AS1	-0.610975920240868	0.305550833684178	0.524556706764939	-0.6122
URM1	6.34245871008978	0.305670185792675	0.524664438538133	-0.1421
HS1BP3-IT1	-0.547465858069078	0.305814761748701	0.524664438538133	-0.5559
NHSL1	3.6836796385287	0.305893712609416	0.524750574835323	-0.1481
RPS14	9.05377897561338	0.306037111882877	0.524884883225795	-0.1673
PLCXD3	-0.579740063627422	0.306045608178986	0.524884883225795	-0.655
SH3RF3-AS1	0.0750416992994807	0.306072253587647	0.524884883225795	-0.5483
SHFM1	8.45757757983192	0.306087010671659	0.524884883225795	-0.0983
NIPSNAP3B	1.20095380304689	0.306185349949281	0.524924455614344	-0.3594
ARHGEF17	5.28110276392121	0.306330587945699	0.525055977235628	-0.1101
PLEKHH3	3.33496492672958	0.306570171622474	0.525318664646132	-0.1569
RNF11	6.18317844769672	0.306691031837952	0.525336518559628	-0.1197
UNC119	4.32238663978756	0.306803732390942	0.525336518559628	-0.1237
MIR4263	-2.07158681619635	0.306893693513782	0.525336518559628	-1.2753
MIR4470	-2.07158681619635	0.306893693513782	0.525336518559628	-1.2753
RASA4	-0.90626317481643	0.3070616486904	0.525519589246455	-1.0188
RRP9	4.83644694350817	0.307211789963711	0.525727262615064	-0.118
MBOAT2	6.16989941315598	0.307247419863776	0.525738953700731	-0.0991
USF2	6.28880615727076	0.307317953363623	0.525810361443889	-0.1001
LOC100128573	-2.07132759543834	0.30741639038903	0.525830940030183	-1.2713
HPN-AS1	-2.07132759543834	0.30741639038903	0.525830940030183	-1.2713
VSNL1	-2.07132759543834	0.30741639038903	0.525830940030183	-1.2713
DCHS1	-0.747776545673157	0.307586514143413	0.526072644013692	-0.7309
ATG101	4.9139303109046	0.307702492462063	0.526220269759753	-0.113
RGS12	4.02081819262017	0.307754147458312	0.526220269759753	-0.13
BAIAP2-AS1	4.23127345616424	0.307759302159558	0.526220269759753	-0.127
CBX2	5.34573550624583	0.308253369080446	0.526723039925531	-0.1027
BSCL2	2.00835753238697	0.308274662689575	0.526723039925531	-0.2326
TMEM8B	0.866943819271337	0.308284163102777	0.526723039925531	-0.3542
SRL	-1.98513680361752	0.30843642473082	0.526835270386026	-1.4777
LOC100289333	-1.98513680361752	0.30843642473082	0.526835270386026	-1.4777
LOC100335030	-0.457112917513143	0.308482582856056	0.52686481734682	-0.5692
RPL23	9.93300708817532	0.308613508262565	0.526974536260034	-0.1095
AGAP7P	-0.487631503747729	0.308741907830902	0.527011899893496	-0.6461
HEBP1	6.4365181275099	0.308916236671171	0.527201443281574	-0.1069
LINC01226	-1.98487802539396	0.308997340223096	0.527201443281574	-1.4731
TBC1D3	-1.98487802539396	0.308997340223096	0.527201443281574	-1.4731
C19orf38	-1.98487802539396	0.308997340223096	0.527201443281574	-1.4731
FOXD3-AS1	-2.07084665466016	0.30913016676062	0.52726366518495	-1.2823
USH2A	-2.07084665466016	0.30913016676062	0.52726366518495	-1.2823
QTRT1	3.7983902923031	0.309149335678117	0.52726366518495	-0.1425
APEX2	5.7509202623496	0.309301127230979	0.527473272183909	-0.104
MIR4477B	-1.16554478692139	0.309647755724704	0.527967782467106	-0.8567
LOC101928943	-1.61375788254053	0.310253872827741	0.528653602981448	-1.0321
TMEM254-AS1	1.80685419085029	0.310532431237546	0.52907886744495	-0.2561
CDK10	4.70151365776752	0.310752686217322	0.529305937636074	-0.1118
PGK1	8.96541997754118	0.311219039356446	0.529754292073779	-0.0954
STRADA	3.64966208392168	0.311472530475088	0.530048819575894	-0.1439
NBL1	-1.61181407965174	0.311537238937848	0.530048819575894	-1.0605
LOC105374372	-1.61181407965174	0.311537238937848	0.530048819575894	-1.0605
CLIC2	-1.61181407965174	0.311537238937848	0.530048819575894	-1.0605
GLIDR	1.09512887290783	0.311798979029738	0.530395281510147	-0.3341
ALOX12	2.49487085446755	0.312003194026069	0.530643777728705	-0.2156
WDR1	8.12588449232023	0.312101197238872	0.530662145552095	-0.0895
HSD17B1	3.11454972204408	0.312350434458409	0.530985059451594	-0.1593
VSIG10L	1.47764488134588	0.312378370864928	0.530985059451594	-0.3155
ABHD17C	5.74056797707533	0.312436440361679	0.531007796796142	-0.1015
UFD1L	6.0067260604613	0.312722270279118	0.531421182743701	-0.1019
ZFAND2B	3.5969361837422	0.312771790815138	0.531455864959155	-0.1535
SMA5	-1.82179289041666	0.312860885530412	0.531557778151996	-1.2174
SETBP1	3.26988769461276	0.312976439486114	0.531655148344515	-0.1583
ZNF598	5.66920144102672	0.313027949536	0.531693175170192	-0.099
WDR81	2.43888082202162	0.31328448438567	0.531956769951721	-0.2232
RHD	-0.68325708003762	0.313417155492065	0.532057778906468	-0.7942
TSPAN17	6.44364390573982	0.313464057774929	0.532086538098863	-0.1093
PGAM2	0.638642917202085	0.313492703976302	0.532086538098863	-0.4031
NCOA4	7.80575306581098	0.313930767009064	0.532717160903315	-0.0892
CYB561	6.18135347938245	0.313951793063035	0.532717160903315	-0.0998
NUDCD2	6.7740902175729	0.314506772590054	0.533559672930399	-0.0911
MLANA	-1.67904232868177	0.314604587525219	0.533626437783182	-0.931
SLFN11	-0.262999804063269	0.314891893928816	0.533960631753995	-0.5247
SCNN1G	-2.0709763121219	0.314918608791371	0.533960631753995	-1.2884
LOC101927932	-1.26684842164704	0.315018907065937	0.534034018033933	-0.9468
SSBP3-AS1	-1.98561646508883	0.315315008255581	0.53428250949727	-1.4626
FFAR4	-1.98561646508883	0.315315008255581	0.53428250949727	-1.4626
HMSD	-1.98561646508883	0.315315008255581	0.53428250949727	-1.4626
MAGEA2B	0.790228741700932	0.315596828919361	0.534564456184066	-0.419
TBC1D10C	-2.07071698593163	0.315683481989541	0.534626268902207	-1.283
CRB3	3.43382897792902	0.315691891913113	0.534626268902207	-0.1698
SFTA1P	4.05476848205499	0.315892131916467	0.534801967138312	-0.1347
GLUD2	-0.828280173260123	0.315912818449801	0.534801967138312	-0.9175
ACSM4	1.29097418209738	0.316080773523883	0.534947945921666	-0.3131
HECA	3.5222607333676	0.31608695731031	0.534947945921666	-0.1478
GOLGA8A	4.50070522986394	0.316179265526549	0.535054567246262	-0.1265
SNORA6	0.078668906778405	0.31647218798755	0.535500626925639	-0.4827
GLS	6.26470528450784	0.316766760075551	0.535949394989737	-0.1188
RAB11FIP4	4.88436315616717	0.316845862382664	0.536033552373081	-0.1102
LOC101927056	-1.1656724573076	0.317184623679548	0.536457521761518	-0.8577
ZFYVE9	4.84939984405115	0.317358840213442	0.53670245363007	-0.1105
NOP10	6.49196928768073	0.317651702413638	0.537069363697949	-0.0949
C6orf223	0.076526144974265	0.317703672681824	0.537086605100415	-0.4688
DUSP4	7.28050861897353	0.318074689587824	0.537664030844011	-0.0882
NKPD1	-0.861852555567014	0.318678171303275	0.538484699677212	-0.7073
TRPV4	1.30207768778772	0.318914823169112	0.538834707244359	-0.2929
RASGRF2	0.357182099095663	0.319019941169318	0.538962432536283	-0.4004
SNHG10	1.8933709758516	0.319267649209416	0.539206099833713	-0.2443
FAM64A	4.86502257769062	0.319351881047577	0.539273697197722	-0.1384
UTS2	3.15154214025871	0.319515642378483	0.539417192795102	-0.1826
ACTBL2	-0.941140600809015	0.320012418211963	0.539889724321006	-0.7947
SPTBN5	1.78457322965834	0.320218178223183	0.540186939719315	-0.2468
ZGLP1	0.796521648480808	0.320350508368542	0.540356590225363	-0.3382
ELOVL1	6.66072828172385	0.320377943284363	0.540356590225363	-0.0998
EMILIN2	-1.48743507567175	0.320771892957555	0.540852229160586	-0.8841
LRRC26	0.476701771296578	0.321172737028836	0.54124706795887	-0.5071
LOC148709	-1.16528941432671	0.321233661176384	0.541266862107641	-0.8535
CLEC2B	0.875613258855158	0.321243780178368	0.541266862107641	-0.425
ERICH5	2.16516710556466	0.321423315826688	0.541419455040785	-0.2345
LSS	3.68452754986977	0.321709794771844	0.541752053625568	-0.1477
RAC3	4.01525793748596	0.321876875356425	0.54195929728876	-0.145
EHMT1-IT1	-1.98574579625754	0.322231586718414	0.542380587048808	-1.4617
CPNE1	6.34700443079469	0.322329730014287	0.542445755083041	-0.0974
R3HDM2	5.00124323459251	0.322693689834572	0.542993534218173	-0.1129
ATXN10	7.59083288593163	0.322714715505433	0.542993534218173	-0.0931
RND3	6.56265058911351	0.323001671241389	0.543378752050642	-0.0942
TATDN1	5.20986815007236	0.323038597549148	0.543378752050642	-0.1078
ANXA8	6.54727660818746	0.323095758639048	0.543378752050642	-0.0918
SUSD4	1.20415678906099	0.323671419031302	0.543951525898504	-0.3314
AP5B1	5.05824188729462	0.324025923151913	0.544402232558918	-0.1088
PSPH	6.42162352574484	0.324058952552126	0.544402281245651	-0.1009
LOC105369647	0.155822414646415	0.324088737542601	0.544402281245651	-0.4333
TM4SF19-AS1	1.2540197195799	0.324221806006707	0.544555261756186	-0.32
NDRG4	2.16370203253773	0.324239466218763	0.544555261756186	-0.2182
MAPK12	4.4463920675142	0.324442318736324	0.544845825669242	-0.1137
ZNF775	2.02679115308601	0.32450866682493	0.544857005569384	-0.2234
SNORD88B	0.156385620564993	0.324714332678887	0.545152184788096	-0.4361
PARL	6.61288749308067	0.324907116209955	0.545425684002661	-0.0994
LENG8	-0.261264150056334	0.325024234513249	0.545572124427536	-0.5545
POLR3H	5.13798303094093	0.325070326953695	0.545599327835493	-0.1057
PSMC4	6.94276148546166	0.325148736247786	0.545680761991136	-0.0874
NHLRC1	0.247971677027788	0.325244198509005	0.545790797681809	-0.4879
HSD17B7P2	1.01029171153324	0.325435646418176	0.546061871416381	-0.358
FMO5	-0.748705307380611	0.326040353501585	0.546875477170611	-0.7101
TBCB	6.07474339104391	0.326191215133996	0.546977870844234	-0.0997
CPSF4	5.30046672635914	0.326191283954929	0.546977870844234	-0.1223
MTG2	5.23840249402377	0.326442731848644	0.547349238852759	-0.1014
CTSK	0.780272497683524	0.326823632188151	0.547786653436181	-0.405
UGT1A6	6.34883557497063	0.327114150474749	0.54816445900458	-0.1183
LGALS8-AS1	-1.21635966924942	0.327190435667705	0.548200127895523	-1.0407
PPP1R12C	5.74149931624907	0.327358924021196	0.548419953525979	-0.1025
GPR157	1.09365905773766	0.327381718532325	0.548419953525979	-0.3575
FAM86B2	-1.1658876558461	0.327651514169876	0.548620200191255	-0.8467
LOC101928569	-2.07023585103915	0.327834031012972	0.548875464982834	-1.3078
KLHL26	2.79876064416644	0.327983005731363	0.549024184176761	-0.2356
UNC5A	2.26145342272688	0.328537126084062	0.549750116754412	-0.2263
CCDC6	7.05253763901839	0.328767570385578	0.550034894149478	-0.1023
TNS2	2.24886132509637	0.328968963821534	0.550270973385186	-0.2091
CDCA2	5.83767999788822	0.32901946814229	0.550305030728873	-0.0954
CISH	0.884251899294758	0.329097141107532	0.550384518876797	-0.3474
GNRH1	0.86087365320322	0.329188562633258	0.550486983551595	-0.3538
ACVR1C	-1.48803822251573	0.329405491764333	0.550789266322434	-0.877
WWTR1-AS1	-0.677086907777319	0.32959905186142	0.55096027414646	-0.6801
NUP85	5.58481642629928	0.329630013303796	0.55096027414646	-0.0982
PPP6R1	7.51127348460537	0.32965592516936	0.55096027414646	-0.0864
COPA	7.28212220376586	0.329735053421666	0.550997083319536	-0.0926
ZNF852	2.48160466251002	0.329783521850308	0.551027638193229	-0.1904
SNRPB2	6.67355157894148	0.329926151165217	0.551191296687317	-0.0919
PARP6	4.54579435402116	0.330093068158392	0.551343005699872	-0.1318
SIRT6	3.17588428740904	0.330167780692436	0.551417345560435	-0.1736
TPGS2	5.70598591698167	0.33021513124041	0.551445978405134	-0.0991
GDPGP1	0.0356959341091689	0.330580555822968	0.551911974846524	-0.4903
POMT1	4.41125465682181	0.330584873189458	0.551911974846524	-0.1182
SP110	3.11527242936025	0.330704542715766	0.552061277598668	-0.1656
FAM213A	6.36563525045102	0.330900676426846	0.552287689600338	-0.0955
ATG5	5.58118067221822	0.331187711174241	0.552564691573472	-0.1209
Mar-02_1	3.92862515625826	0.33136461436702	0.552775850099358	-0.1278
DCAF8	6.42446506934548	0.331374830383839	0.552775850099358	-0.0908
CHAC1	1.06002669947288	0.331850542575882	0.553417694826464	-0.3252
CCNE1	4.19552837800879	0.331960235865568	0.55355006082954	-0.1237
ATP6V1E1	5.75401923380147	0.332010043963149	0.553582552067883	-0.0985
ENTPD2	1.02320966959313	0.332047977092103	0.553588176041094	-0.336
TTC28-AS1	3.50477840171467	0.33210963201455	0.553588176041094	-0.1447
SND1	7.8345417741079	0.33212700832139	0.553588176041094	-0.093
FBLN5	-1.54722770631197	0.332195358705641	0.553588176041094	-0.7653
RTBDN	-1.54722770631197	0.332195358705641	0.553588176041094	-0.7653
DNAJC27-AS1	-1.54722770631197	0.332195358705641	0.553588176041094	-0.7653
HEY1	-1.07199645515381	0.33229481156463	0.553703366185094	-0.7629
CHCHD6	4.59504335839024	0.332782987186472	0.554365016340564	-0.1196
SMTN	5.36436496317586	0.332858124361454	0.554389008150963	-0.1067
CEACAM19	0.912117803013653	0.333007969365438	0.554537397494794	-0.3753
LOC101926944	-1.54709896782491	0.333240120259714	0.554772171754637	-0.7638
LINC01461	-1.54709896782491	0.333240120259714	0.554772171754637	-0.7638
CCDC88C	3.37555231093017	0.333324185537053	0.554861523768071	-0.1601
LOC101927657	-1.07259311956611	0.333643196522087	0.555341921563386	-0.7592
TOE1	4.25848576986014	0.333718147840017	0.555359196090548	-0.1199
NCBP2-AS2	4.54088378831072	0.333786589528329	0.555359196090548	-0.1335
CES4A	-1.61449100687325	0.333805678062094	0.555359196090548	-1.0107
ICK	4.19590745059446	0.334017582986777	0.555661107618607	-0.1273
RAD1	6.40129239927927	0.334523404543838	0.556401172863731	-0.0911
ITGB2-AS1	-1.0721239012451	0.334794454792446	0.556676608074986	-0.764
C15orf48	1.35973198396976	0.33481097483914	0.556676608074986	-0.2823
LOC100128531	-1.75244416295525	0.335379345441577	0.55721562890257	-1.212
WBSCR28	-1.75244416295525	0.335379345441577	0.55721562890257	-1.212
SLC52A2	5.34242730776888	0.335412520613877	0.557220036065787	-0.1591
KDELC2	6.30786826140397	0.335561259114777	0.557365694331668	-0.0934
MIR186	-1.48635663698564	0.335757983740129	0.557590989826235	-0.8994
TP53	7.18926259929706	0.335827369117259	0.557655489412832	-0.0923
ZC3HC1	4.47133035954491	0.336114376511909	0.558081314925094	-0.1571
PLGLB2	-0.398513955606009	0.336359077261459	0.558386042964918	-0.5397
ZNF358	4.64322539594015	0.336798275572143	0.559013484757255	-0.1508
RPS10P7	-0.168078397589111	0.337091655567613	0.559449569458396	-0.5529
LOC101929125	-1.07186899853799	0.337199736515639	0.559578073795974	-0.762
SNORD38A	-1.75231533002994	0.3373640693888	0.559749018518762	-1.2023
LOC440311	-0.28897252552123	0.337472254062569	0.559860950377134	-0.6068
PRR19	-0.120344413766756	0.337710800887636	0.560120685109902	-0.5263
RPL23AP82	4.11847118811725	0.338340255540962	0.560909889679968	-0.123
ASPRV1	-2.07036556125347	0.338919238889047	0.561670768326823	-1.3222
NUDT4	5.74547448226102	0.338922282202469	0.561670768326823	-0.1038
SLC25A14	4.24100268310296	0.339130970871685	0.561957031946114	-0.1297
SMIM2	-1.6784360065302	0.339156582930668	0.561957031946114	-0.956
POLI	3.01384814772123	0.33963225407953	0.56259199986171	-0.1581
RHEB	7.36931238076195	0.340155535561754	0.563334195351228	-0.0949
RNR1	10.347664503815	0.340172883958805	0.563334195351228	-0.0893
ZNF214	-0.139861818424039	0.340271751788224	0.563395710198242	-0.5077
GPATCH3	3.34022294973438	0.340407957378232	0.563519012504262	-0.1424
C17orf89	5.23486153283556	0.340866465233253	0.564175719791321	-0.1471
GPR156	1.38331099533287	0.341023945800252	0.564385201208358	-0.2923
MXRA7	1.72420380151104	0.341106952795686	0.56447140411875	-0.2776
HIP1R	4.69000073237226	0.341146923917138	0.564486381132173	-0.1052
SMIM7	5.73187050183313	0.341360554393517	0.564697384023641	-0.135
COBL	5.6788189604689	0.34136723981622	0.564697384023641	-0.1041
LOC105370368	-1.07318955901721	0.341579809766552	0.564946639526923	-0.7537
PCNT	6.03226825689152	0.341752668689847	0.565181331606292	-0.1018
CDPF1	2.85615556259535	0.341915419485222	0.565399266134258	-0.2041
CPED1	0.616905334907865	0.341955368472969	0.565414111660404	-0.3754
CCDC124	6.63800988621774	0.342397901121816	0.565940795190572	-0.098
JHDM1D-AS1	-0.64550705597397	0.342859861663987	0.566440396246094	-0.6981
NXT1	4.5063694325699	0.342905549242543	0.566440396246094	-0.113
FAM131B	-0.426696474019787	0.343068809654345	0.566538886368229	-0.4891
LGI4	-1.16276627137598	0.343070080455783	0.566538886368229	-0.8996
MAP3K10	3.29612519369376	0.343283504782514	0.566769705427952	-0.1486
FAHD2A	3.66304144065697	0.343302990941186	0.566769705427952	-0.1368
COX20	0.557447053319224	0.343470857117928	0.566995566284916	-0.3869
LMAN2	7.47183904823637	0.343859300309602	0.56743156345043	-0.0864
TUBB2B	0.567858258065031	0.34396441517405	0.56750242778287	-0.449
CIT	6.26858631859755	0.344328452691786	0.568000382428955	-0.0989
NFATC4	2.34411153588676	0.344877198423538	0.568737753234487	-0.2002
CRADD	2.40873815775623	0.345191866851482	0.569133261906492	-0.2061
RPS3	10.6751352719903	0.345233443380395	0.569133261906492	-0.1278
C14orf169	3.6245995576644	0.346159799797829	0.57052286668933	-0.1333
CLEC16A	5.32384906628016	0.346170124579191	0.57052286668933	-0.1014
BMS1P17	-1.55075694601387	0.346224868765978	0.570545520343056	-1.1333
TMEM86B	2.65656950285852	0.346246374883913	0.570545520343056	-0.1752
TMEM240	-1.02918741795018	0.346403638485745	0.570753142977956	-0.8366
ZNF564	2.81045960294504	0.346910139220868	0.571484524599906	-0.1942
TMEM19	5.61948175502312	0.34703029777848	0.571630886605064	-0.1058
MCTP1	1.90512422882789	0.347234447377098	0.571760807370461	-0.2517
OSGEPL1	2.54334326092041	0.347484164565139	0.57201721445457	-0.1762
WDR83	2.48669451100817	0.348306588893179	0.573061020803342	-0.1863
ULK2	2.57138081238583	0.348769132599943	0.573666932583527	-0.1815
MRGPRF	-0.785556650288798	0.349157574706517	0.574254115661456	-0.6364
FADD	5.91302261859532	0.349407345381039	0.574613142714733	-0.0954
WNT16	-1.02931460545629	0.349491560348063	0.57469986720539	-0.8374
LINC01220	-1.48864113411702	0.349759573593295	0.575053617575566	-0.8614
UBE2Q1-AS1	-1.98622526532764	0.349875359517504	0.575136909539119	-1.4211
RNF40	7.13176426184448	0.349883354367959	0.575136909539119	-0.0942
PI4KAP1	-0.139535228051205	0.350284386740099	0.57553703657065	-0.516
FAM71E1	-0.0274635809662119	0.35061241504739	0.575838020853851	-0.4859
UBXN10-AS1	-1.1634933234126	0.350625297973894	0.575838020853851	-0.8772
MRPL18	6.34798029971461	0.350659766848824	0.575842826625181	-0.0948
TSNAXIP1	0.356263013215985	0.351043345256185	0.576420877045954	-0.3981
RAI14	7.82504694966648	0.351195392774661	0.576618678882472	-0.0827
LOC101927402	-1.07092999434279	0.351494951145692	0.576931713810954	-0.777
CCDC171	1.79282387143357	0.351499426534163	0.576931713810954	-0.254
C12orf76	2.21011559543969	0.351606800949185	0.577034678005063	-0.197
DDX58	3.06465543498441	0.351833230947371	0.577318006304622	-0.1526
KLHL31	1.17307668491062	0.351842689425133	0.577318006304622	-0.3048
LOC153684	-0.0748085494564137	0.351990772488909	0.577509080844569	-0.4967
PSMD9	5.53694668212631	0.35235013477588	0.578046734405865	-0.0922
PTHLH	1.49828493261684	0.352490140918746	0.578172507871755	-0.2754
ZNF75A	4.1165824955082	0.352627924207969	0.578306100222333	-0.1163
HECW2	-1.37164376201081	0.353328913510737	0.579316855877455	-0.7574
SREBF2	7.30286997367108	0.353641430758457	0.579707824476441	-0.0817
CXADR	4.86388285798827	0.353855622251042	0.579891224399913	-0.1044
MMADHC	7.0301070488977	0.353903304531282	0.579917307918776	-0.0986
CRYGS	-0.0746853310645474	0.35412779228556	0.580233079874814	-0.4952
TMEM25	2.78605754394251	0.354281504930843	0.580384195981812	-0.174
INAFM2	2.8590715077822	0.354283604295646	0.580384195981812	-0.188
LOC100133669	1.01588931398768	0.354344021200342	0.58043082697209	-0.3516
ZNF263	5.19640263038989	0.354396290420843	0.58043082697209	-0.1014
TMEM144	3.00128018644542	0.354580822908465	0.580662675189893	-0.1569
DHRS12	1.55047882230594	0.354631798105303	0.58069171370985	-0.2665
FAM132A	-1.26744754021784	0.354662171771737	0.58069171370985	-0.9225
ERP29	7.31006219853624	0.354806293762704	0.580823502414986	-0.1043
C2CD2L	2.75574339615108	0.356013378182734	0.582225229069604	-0.1744
LINC01372	-0.984096884293917	0.35675538501843	0.583281954943261	-0.6854
NFS1	5.36747790300747	0.35707109689805	0.583641323750632	-0.0927
RTCA-AS1	-1.16576000276788	0.357342466040409	0.583980311523919	-0.8375
TONSL-AS1	-0.680536774724517	0.357483477757049	0.584158464906255	-0.6466
PDE2A	3.31340482166546	0.357542964251148	0.584159669624935	-0.1376
PSMA6	7.4786564643689	0.35765204131316	0.584224737492219	-0.0812
NSF	-1.37224535776296	0.357710819633881	0.584268473046089	-0.7525
DPH6-AS1	-0.0916317852619998	0.357896514347644	0.584380829101554	-0.5001
C7orf60	3.44519624349164	0.358523022023801	0.585228566708379	-0.1436
ASIC2	-0.611898894678746	0.358743485008419	0.585483735232764	-0.5974
ZWINT	7.41846889681901	0.358930749435192	0.585564277794853	-0.0851
ZNF230	2.06860294027496	0.358953211700384	0.585564277794853	-0.2255
MTOR	6.21754533503983	0.359031961921065	0.585640412511702	-0.0885
UNC45A	6.02747790440686	0.359066896406842	0.585645069311473	-0.099
PIP4K2C	5.78570482628226	0.359110835843211	0.585664411216157	-0.0952
SYT15	1.38577380943686	0.359183473737872	0.585730549044984	-0.2613
CPT1B	-1.82422517986864	0.35925685418683	0.585745568458941	-1.1336
CTU1	2.93884897117732	0.359585152999089	0.585951301005574	-0.224
ASB9P1	-1.82409602503825	0.359704000348897	0.585951301005574	-1.1321
LOC105379472	-1.82409602503825	0.359704000348897	0.585951301005574	-1.1321
HRC	-1.82409602503825	0.359704000348897	0.585951301005574	-1.1321
CD14	-1.82409602503825	0.359704000348897	0.585951301005574	-1.1321
LOC100996654	-1.82409602503825	0.359704000348897	0.585951301005574	-1.1321
CASC21	-1.82409602503825	0.359704000348897	0.585951301005574	-1.1321
TSPAN3	7.0350969184946	0.360340319382013	0.586883118087075	-0.0809
ZNF709	1.08843389227178	0.360416360723997	0.58691595608333	-0.285
ANKRD20A5P	2.86601375019964	0.360523571351174	0.586919771587929	-0.1684
SYCE2	0.82200305316414	0.361165176097364	0.587649862284623	-0.4065
ZNF333	1.27715633240871	0.36163027018176	0.588039744583434	-0.345
TLR5	0.155456399726584	0.361706862250219	0.588098146360485	-0.4371
FHIT	0.447566832377342	0.361730613797211	0.588098146360485	-0.3869
ITM2C	6.15933931100888	0.36193873084243	0.588335514168079	-0.0944
KHK	2.04899024212177	0.361941069216789	0.588335514168079	-0.2295
TXNL4B	3.77425391340137	0.362060639852049	0.588477478733886	-0.1327
DMAP1	4.552922380455	0.362561057934014	0.589133482300255	-0.1093
ZNF665	2.30147691237536	0.362739377228526	0.589370778807758	-0.2064
FLAD1	5.12947681248633	0.36285019631643	0.589498370023382	-0.1001
SPAG17	-1.90121681550421	0.363008134632226	0.589597553900883	-0.9568
KHDRBS3	-1.90121681550421	0.363008134632226	0.589597553900883	-0.9568
SH2D3C	-1.90121681550421	0.363008134632226	0.589597553900883	-0.9568
LOC105376752	-0.584332176212837	0.363309380130232	0.590034342465752	-0.736
AANAT	-1.90108744059157	0.363497438380341	0.590182251429341	-0.9552
SIGLEC15	-1.90108744059157	0.363497438380341	0.590182251429341	-0.9552
LOC105373985	-1.90108744059157	0.363497438380341	0.590182251429341	-0.9552
RIN3	3.6652877192212	0.363729673318137	0.590461556444253	-0.1337
COX6C	7.6970056388554	0.363734151170688	0.590461556444253	-0.1103
WDSUB1	2.40267664178524	0.363881929296815	0.590596417251302	-0.1992
ZNF542P	1.46793531621569	0.364005781399824	0.590692404020906	-0.2462
SNX7	5.22047422638869	0.364049990038504	0.590711636133937	-0.0927
NCDN	4.17960302790971	0.364190696344286	0.59088742912027	-0.1179
NOL9	5.16936844349998	0.36459514301669	0.591262356632617	-0.1017
LOC100506606	-1.12029684839397	0.364597922815406	0.591262356632617	-0.9093
OPRL1	-1.48876949313966	0.364616104895377	0.591262356632617	-0.8589
MIR631	-1.82483264612982	0.364954204652918	0.591547896665513	-1.126
SPON2	-1.82483264612982	0.364954204652918	0.591547896665513	-1.126
LOC101927761	-1.82483264612982	0.364954204652918	0.591547896665513	-1.126
KIAA0195	4.88353726875481	0.365092197199353	0.591648693410997	-0.0979
ST3GAL6	2.58543921749125	0.365113616343574	0.591648693410997	-0.1782
GRHL1	3.44337259367005	0.365258970954613	0.591831700874005	-0.1346
FBXO8	3.4180556937477	0.365318927621095	0.591844347664992	-0.1392
GPR107	7.08114609680119	0.365384901295478	0.591844347664992	-0.0829
SRD5A1	5.35899192487584	0.365441482605272	0.591844347664992	-0.093
ZNF671	0.117831413237801	0.365441994153007	0.591844347664992	-0.4477
SEC1P	-1.82470354316031	0.365472886584961	0.591844347664992	-1.1238
RPS24	10.7931366021618	0.36602812428857	0.592657156276021	-0.0886
LOC653712	-1.1171901180209	0.366305074198096	0.592946374728162	-0.6971
KLHL32	-0.214508397348137	0.366667576456435	0.593324169100219	-0.4804
LOC283038	-1.98635454419178	0.367040354511049	0.593822112012914	-1.4172
NBAT1	-0.142326383779888	0.367182761252255	0.593999866142771	-0.505
GRIN3A	-0.944112372166074	0.367388916844264	0.594228055808353	-0.7578
SMPD1	2.41914830984108	0.367855711359856	0.594867983934681	-0.1783
TADA2B	3.88261084098624	0.367882314779938	0.594867983934681	-0.1197
CACNA1A	-0.344130436981676	0.367946624791039	0.594872295176688	-0.5044
ZNF578	-1.42747724792139	0.367982736055562	0.594872295176688	-1.0126
C1QTNF2	-1.42747724792139	0.367982736055562	0.594872295176688	-1.0126
ENDOU	-0.94555321958208	0.368207943321734	0.595183656214058	-0.7307
IFT88	4.01561722076734	0.368345637149775	0.59535351498949	-0.1164
HEXB	6.29751679355668	0.368411622687043	0.595407452529626	-0.0885
SNORA20	-1.98609597528421	0.369267992539601	0.596566322633656	-1.3984
LOC101928596	1.88170719323292	0.369292069022948	0.596566322633656	-0.3674
ALK	-1.82396685909809	0.369739174237266	0.597130074741288	-1.1281
RHBDL1	1.49287543945223	0.370027732640184	0.597543236362601	-0.2787
ECSIT	4.38072382082846	0.370160327734377	0.597651626701936	-0.1215
CEP72	3.97319649408294	0.370522377754437	0.598088728478262	-0.116
LCN12	-0.548428608578787	0.370603456312413	0.598118584468877	-0.5548
TTLL3	-0.983756000899791	0.370747985503383	0.598282968562694	-0.6949
NACA2	1.44016356459638	0.371261213291969	0.598846502019631	-0.2816
NTF4	0.835137018514003	0.371434659530916	0.599073340789504	-0.304
LOC100293704	-0.826854531813864	0.371545967630003	0.599199928008245	-0.7403
TBC1D8	4.21620556303522	0.371991388831616	0.599759321249667	-0.1161
LINC01564	0.0974483451953659	0.372162664219907	0.599923234176846	-0.4207
PRELID2	3.60380181351252	0.372191638381188	0.599923234176846	-0.131
NFYC-AS1	2.35367816359329	0.372229579140195	0.599931420215714	-0.2225
LOC441454	0.536751896910236	0.372306097423938	0.599998159760434	-0.4752
RPL6	10.1534072850037	0.37235692629464	0.599998159760434	-0.0949
NIT2	6.59251410793378	0.372369585346501	0.599998159760434	-0.1337
DUSP28	1.78204458343166	0.373632252979184	0.601767129279928	-0.2801
BHLHE40-AS1	-0.902514306703661	0.373967887311673	0.602201442247677	-0.6134
PLA2G4A	1.93254382554287	0.374271325454371	0.602530627645062	-0.2119
PLA2G4F	0.0552552771022791	0.374491582006012	0.602757203520071	-0.4339
VPS45	4.7856361259909	0.374577151289177	0.602757203520071	-0.0959
GPC2	0.571924821926821	0.374777253623657	0.602972904041022	-0.349
PALB2	4.77989904360114	0.37541589396005	0.603840754196888	-0.0967
USF1	4.48055935559852	0.375749618464414	0.60421783094216	-0.1034
GABRB3	2.49454831940138	0.375806234478429	0.604226532029931	-0.1871
MIR612	-0.486932599293749	0.375971302176038	0.604414590747248	-0.5104
ASTE1	2.77221201921301	0.376126008262028	0.604556823985877	-0.1715
PPP2R3C	3.9120620098217	0.376340985954834	0.604795866161219	-0.1263
C6orf203	3.62442191401864	0.376617040401162	0.605090302960903	-0.1203
CD63	7.89949366572342	0.376727141447616	0.605118131684587	-0.0936
LRPAP1	6.66074260585221	0.376753692274953	0.605118131684587	-0.0833
LINC00479	-0.985073565824243	0.376786011839757	0.605118131684587	-0.6857
RD3	0.994854288660988	0.376844923970593	0.605118131684587	-0.2974
DSTNP2	2.83367124881873	0.376979444834777	0.605118131684587	-0.1634
DPAGT1	4.6691958066176	0.376980321693908	0.605118131684587	-0.1133
MEA1	6.09886521121387	0.37726430130058	0.605426958908526	-0.1178
ACKR3	3.77441045360461	0.377790015091621	0.606057514544169	-0.1212
VMAC	0.64011222253468	0.37799190364015	0.606274836834878	-0.344
TCEAL1	5.04139233197678	0.378323381985694	0.606699899993924	-0.1023
CDC42P3	-0.983033152665672	0.378411104602681	0.606733982577424	-0.7014
ADGRA2	-1.82457442908949	0.378821368261943	0.607178481035122	-1.1148
TBC1D25	2.58328674949959	0.379251772095594	0.607688404236474	-0.1715
HIST1H2AI	-1.31746503380904	0.379307868385286	0.607688404236474	-0.8678
HMGCLL1	-1.31746503380904	0.379307868385286	0.607688404236474	-0.8678
CYP20A1	3.34669414508427	0.379377899896489	0.607688404236474	-0.1402
EIF1B-AS1	-1.31686414287033	0.379432675794097	0.607688404236474	-0.8715
RASA4B	-1.67696441062921	0.380282602985739	0.608985894746285	-1.0055
SLMAP	6.76689635063618	0.380417602794371	0.609095225102091	-0.0799
LOC105376526	-0.901454164395606	0.380582457451076	0.609191549231355	-0.6226
ZNF700	3.72195371353086	0.380601682341104	0.609191549231355	-0.1288
IER2	5.26835161591908	0.380655464208902	0.609208920364488	-0.1141
MIR6835	-0.615084313912384	0.380723509049006	0.609264409291607	-0.5717
FBXO7	6.27865994597391	0.381042305000067	0.609667688000107	-0.0828
COL9A3	0.893284907206757	0.381358644664215	0.610066895985796	-0.3039
LSMEM1	1.10689951721116	0.381493171365961	0.610228628446244	-0.2689
PPAN	1.9321501897325	0.382039610466403	0.610943874603965	-0.2078
RHOBTB2	5.00780597394116	0.382074179248109	0.610943874603965	-0.1041
RIPK3	-0.0757486079562155	0.382201920810386	0.611094610817516	-0.4897
ZNF211	2.64324644000517	0.382271971781428	0.611153088435217	-0.1766
ZBTB11-AS1	1.65197507017723	0.382307684301321	0.61115666239973	-0.2751
UCN	-1.67782944444807	0.38271777627974	0.611758665945445	-0.9987
ARL14EPL	-1.8253108191666	0.383463426550405	0.612735957558354	-1.1036
TRNS2	-0.901200177648165	0.383661090556536	0.612998150638904	-0.6207
FAM86EP	1.50388242549839	0.384096338864498	0.613639867183887	-0.2391
NAP1L4	2.79764671485641	0.384562290879437	0.614276768072009	-0.6654
TANGO2	3.30484533602119	0.384913773787395	0.614349576075538	-0.1301
PIGU	4.51550866439965	0.384962636684685	0.614349576075538	-0.122
LOC105371437	-0.215456479856572	0.384966617131856	0.614349576075538	-0.4796
CEP70	6.11610704619638	0.384988523957594	0.614349576075538	-0.0822
EXOC6B	5.06323005739133	0.384989564521783	0.614349576075538	-0.105
GRIN3B	-0.267944578044537	0.38581261140596	0.614349576075538	-0.6297
GTF3C1	7.17408366846011	0.38584546256587	0.614349576075538	-0.0774
IL12RB2	-2.37105910267294	0.385944941191528	0.614349576075538	-1.5767
MUC15	-2.37105910267294	0.385944941191528	0.614349576075538	-1.5767
LOC100129203	-2.37105910267294	0.385944941191528	0.614349576075538	-1.5767
LOC105370705	-2.37105910267294	0.385944941191528	0.614349576075538	-1.5767
LINC00618	-2.37105910267294	0.385944941191528	0.614349576075538	-1.5767
LOC729739	-2.37105910267294	0.385944941191528	0.614349576075538	-1.5767
ATF7IP2	-2.37105910267294	0.385944941191528	0.614349576075538	-1.5767
CDH15	-2.37105910267294	0.385944941191528	0.614349576075538	-1.5767
CYP4F35P	-2.37105910267294	0.385944941191528	0.614349576075538	-1.5767
SBSN	-2.37105910267294	0.385944941191528	0.614349576075538	-1.5767
DACT3-AS1	-2.37105910267294	0.385944941191528	0.614349576075538	-1.5767
IGLON5	-2.37105910267294	0.385944941191528	0.614349576075538	-1.5767
NIM1K	-2.37105910267294	0.385944941191528	0.614349576075538	-1.5767
GDPD2	-2.37105910267294	0.385944941191528	0.614349576075538	-1.5767
RGS16	-2.37092908618693	0.386021252583397	0.614349576075538	-1.5747
PRAP1	-2.37092908618693	0.386021252583397	0.614349576075538	-1.5747
CDKN1C	-2.37092908618693	0.386021252583397	0.614349576075538	-1.5747
PDE3A	-2.37092908618693	0.386021252583397	0.614349576075538	-1.5747
MIR1469	-2.37092908618693	0.386021252583397	0.614349576075538	-1.5747
SPIB	-2.37092908618693	0.386021252583397	0.614349576075538	-1.5747
PCBP3	-2.37092908618693	0.386021252583397	0.614349576075538	-1.5747
KLHDC7B	-2.37092908618693	0.386021252583397	0.614349576075538	-1.5747
CD38	-2.37092908618693	0.386021252583397	0.614349576075538	-1.5747
FLJ38576	-2.37092908618693	0.386021252583397	0.614349576075538	-1.5747
ADCY1	-2.37092908618693	0.386021252583397	0.614349576075538	-1.5747
CDCA3	6.3624856451786	0.38627080633953	0.614693152068904	-0.0823
LOC105369728	-1.31806569328447	0.386624455496462	0.614745323922668	-0.8623
MYBPHL	-2.06949502610112	0.386641033301816	0.614745323922668	-1.3687
SNORD55	-2.37167198389502	0.386959591428832	0.614745323922668	-1.5687
FAM25G	-2.37167198389502	0.386959591428832	0.614745323922668	-1.5687
KCTD14	-2.37167198389502	0.386959591428832	0.614745323922668	-1.5687
SNORA70G	-2.37167198389502	0.386959591428832	0.614745323922668	-1.5687
FITM1	-2.37167198389502	0.386959591428832	0.614745323922668	-1.5687
RHOJ	-2.37167198389502	0.386959591428832	0.614745323922668	-1.5687
RBFOX3	-2.37167198389502	0.386959591428832	0.614745323922668	-1.5687
DHRS9	-2.37167198389502	0.386959591428832	0.614745323922668	-1.5687
LINC01473	-2.37167198389502	0.386959591428832	0.614745323922668	-1.5687
MRPS36	-2.37167198389502	0.386959591428832	0.614745323922668	-1.5687
LOC642574	-2.37167198389502	0.386959591428832	0.614745323922668	-1.5687
FAM221B	-2.37167198389502	0.386959591428832	0.614745323922668	-1.5687
FAM166A	-2.37167198389502	0.386959591428832	0.614745323922668	-1.5687
PACERR	-2.37154202087258	0.387044410230453	0.614745323922668	-1.5666
LINC00862	-2.37154202087258	0.387044410230453	0.614745323922668	-1.5666
CRYAB	-2.37154202087258	0.387044410230453	0.614745323922668	-1.5666
FAM3D	-2.37154202087258	0.387044410230453	0.614745323922668	-1.5666
PLSCR2	-2.37154202087258	0.387044410230453	0.614745323922668	-1.5666
ST7-AS2	-2.37154202087258	0.387044410230453	0.614745323922668	-1.5666
VIM-AS1	0.538281170916017	0.387238959708613	0.614878955226312	-0.4079
GBA2	4.20365264721162	0.387263554660549	0.614878955226312	-0.1077
POR	6.5489465082438	0.387279577463918	0.614878955226312	-0.0808
NPIPB4	1.71373315299178	0.387296949285022	0.614878955226312	-0.3276
DND1	2.50393009492589	0.387686286835133	0.615352526239958	-0.1717
TMEM173	3.06372277316369	0.387779189098949	0.615376988542282	-0.1606
LRRC43	-2.2651611932817	0.388330236801132	0.615545552671733	-1.8682
C1QTNF9B	-2.2651611932817	0.388330236801132	0.615545552671733	-1.8682
LINC01225	-2.26503140017885	0.388424888627211	0.615545552671733	-1.8658
LINC00456	-2.26503140017885	0.388424888627211	0.615545552671733	-1.8658
LINC01444	-2.26503140017885	0.388424888627211	0.615545552671733	-1.8658
ZNF793-AS1	-2.26503140017885	0.388424888627211	0.615545552671733	-1.8658
SHISA7	-2.26503140017885	0.388424888627211	0.615545552671733	-1.8658
LINC01494	-2.26503140017885	0.388424888627211	0.615545552671733	-1.8658
BCRP2	-2.26503140017885	0.388424888627211	0.615545552671733	-1.8658
VEGFA	5.99820084552605	0.388589721952065	0.615699875365119	-0.0909
HOXC9	1.91861834641521	0.389088141209607	0.616222183215285	-0.2123
PTGES2	6.07982541513289	0.389672727504671	0.616848970342563	-0.0926
GAD1	1.50758791549949	0.389836206215197	0.617032233454538	-0.2467
LOC102606465	2.39486308076074	0.389951168860261	0.617160688228255	-0.1944
NOP56	7.95474511809527	0.390574433553189	0.617844387495825	-0.0793
LINC00461	0.351144370005374	0.390666666628382	0.617844387495825	-0.3667
TNFRSF14	-2.37044597056098	0.39077139172075	0.617844387495825	-1.5889
LMNTD2	-2.37044597056098	0.39077139172075	0.617844387495825	-1.5889
PSG10P	-2.37044597056098	0.39077139172075	0.617844387495825	-1.5889
DIP2A-IT1	-2.37044597056098	0.39077139172075	0.617844387495825	-1.5889
MTTP	-2.37044597056098	0.39077139172075	0.617844387495825	-1.5889
LOC102546298	-2.37044597056098	0.39077139172075	0.617844387495825	-1.5889
ASTN2	1.70086473153406	0.390865872251164	0.617844387495825	-0.2317
NUTM1	-2.37031590056913	0.390890812641147	0.617844387495825	-1.5861
SNORD20	-2.37031590056913	0.390890812641147	0.617844387495825	-1.5861
CBY3	-2.37031590056913	0.390890812641147	0.617844387495825	-1.5861
FBP2	-2.37031590056913	0.390890812641147	0.617844387495825	-1.5861
NDC80	7.16570910183205	0.391334677962327	0.618191501870974	-0.0768
GPRC5A	7.82241025006615	0.391361735546586	0.618191501870974	-0.0852
ZNF628	2.62301304576301	0.391383487931604	0.618191501870974	-0.1572
LINC00887	0.610876522245709	0.391551225486901	0.618352869592463	-0.3478
SLC44A2	7.22391159950161	0.391942637491155	0.618901007788376	-0.0828
CEP68	3.33977166566056	0.391966118100855	0.618901007788376	-0.1375
NLGN4X	0.693962476520897	0.392487496443603	0.619509920030643	-0.3225
AGPAT4	-1.90073726463157	0.392766748759226	0.619816871515112	-0.9869
RAB2B	3.61903097575866	0.392783818282117	0.619816871515112	-0.1183
GLTSCR1	3.16995466655017	0.39329461443728	0.6204117532105	-0.1397
MED14OS	-1.3179376629412	0.393296736410228	0.6204117532105	-0.859
LOC100289098	-0.116998727898851	0.394410011892635	0.621899220686815	-0.4341
RNU6-8	0.794153591166643	0.394484812138754	0.621963445064781	-0.3274
CTRL	-0.316673648751591	0.394703176510979	0.622146536900746	-0.5417
LOC101927765	1.92568578577424	0.394789744349141	0.622229264684272	-0.2021
ZNF606	3.0925127616929	0.395121424457581	0.622698266997375	-0.1391
PLSCR3	-1.48536696508288	0.395408578259928	0.623097022418061	-0.9084
LINC01573	-0.0965830217449458	0.395714149834215	0.623431939435805	-0.4624
GTF3C2	5.86666652081124	0.395757709581592	0.623431939435805	-0.0841
NRBP2	3.83093372960077	0.395989375986467	0.623689245794922	-0.1116
KDM4B	3.99583581510101	0.396304006235001	0.624077110137685	-0.1276
PPP1R3D	2.72366410073917	0.39648875362224	0.624247826712831	-0.1905
LYG1	-0.824329602533638	0.396518359482372	0.624247826712831	-0.5593
UBB	9.44955037625889	0.396882290055726	0.62466446135506	-0.0956
HIST2H2BC	-0.550309675253821	0.397221863910905	0.625135245504352	-0.5412
SELO	4.18073627657084	0.397249889521033	0.625135245504352	-0.106
RGPD4	-0.787583026542089	0.397750753808376	0.62570769164375	-0.6244
Sep-09	7.11166672046234	0.397810578341502	0.625747881975052	-0.0797
AK2	7.74734347222216	0.397972861827878	0.625895293377821	-0.0774
DPM2	5.49974044234402	0.398406711733966	0.626415720387158	-0.1003
INTS1	6.45611023970842	0.398499833405148	0.626508177630415	-0.0905
ARL6IP4	6.76893620511592	0.398588745592058	0.626577810668237	-0.1034
CHST4	1.25511687407868	0.398612768027	0.626577810668237	-0.2782
THNSL1	4.57405920773859	0.399153778799614	0.62726619486664	-0.0955
TTLL5	5.68508870232039	0.399390927968195	0.627530835785125	-0.0969
NBPF3	4.01300008796187	0.399481762387668	0.627619539944	-0.1092
IQCH-AS1	3.34738884606547	0.399700699616011	0.6279094718346	-0.1332
PDCD4-AS1	-0.267992049123034	0.399989894848317	0.628309716085947	-0.4856
CAST	8.15079060858159	0.400104430790751	0.62843555781777	-0.0757
R3HCC1L	3.32838593122882	0.400349600502861	0.628658378357151	-0.1577
TCAF2	1.1533825609538	0.400391166280891	0.628669573546396	-0.2605
RAB11A	7.10260897161678	0.401094895372452	0.6294497042826	-0.0787
AUNIP	4.04208168987844	0.401341738017202	0.629728815577314	-0.1124
FAM122A	3.43564324116629	0.401715577046186	0.63026122160151	-0.1262
TPRG1	-0.823018828206149	0.401878381666146	0.630462467620277	-0.5674
RFESD	1.11718490424974	0.402090253557175	0.630686456649178	-0.3204
DCDC2B	-1.82556891037146	0.402555994309651	0.631254271784658	-1.1019
PSTK	1.80048100708134	0.402891134042412	0.631709137136331	-0.2392
ZNRF1	5.21999029948031	0.402929342578678	0.631709137136331	-0.0894
GSTA4	0.74711093592058	0.402949874120978	0.631709137136331	-0.3015
MIR200A	-2.26577279511868	0.403099585114026	0.631726845724239	-1.843
ODF3L1	-2.26577279511868	0.403099585114026	0.631726845724239	-1.843
CECR1	-2.26577279511868	0.403099585114026	0.631726845724239	-1.843
PEX7	2.4846417895695	0.403219301600255	0.631860220602082	-0.1682
DES	-2.26564305514631	0.40332845667542	0.631922786222664	-1.8377
SMIM5	-1.31866612145986	0.403702785136209	0.63245499403129	-0.8507
SPDEF	-0.823357548434315	0.404181256205817	0.633150249982272	-0.5605
SNORD36A	1.40907504895469	0.404264357538146	0.63322609276846	-0.2898
CYP1A1	-1.31660787196059	0.404799481922815	0.633943516774385	-0.8692
RGPD2	-1.74937818525166	0.404826551191706	0.633943516774385	-0.749
TXNL4A	5.89566413452344	0.405329015735571	0.634621484671406	-0.0848
LRRC1	4.8631342244476	0.405387541587822	0.634658687867873	-0.1011
LEAP2	-0.144684876384071	0.405611040737157	0.634954138200784	-0.5668
LOC101927686	-2.36970246382162	0.406007538672772	0.635356902623875	-1.6166
CSNK1G2-AS1	-1.89999863771133	0.406298085399502	0.635648114410258	-1.0091
CCDC170	-1.67951950663497	0.406613385323058	0.635923409788208	-0.9131
FAM90A1	1.07344367723486	0.406700978751157	0.636005916402357	-0.2906
KDM6B	4.06742493874744	0.406894475340497	0.636178277111249	-0.1086
FSCN1	8.94499150038567	0.406943172592932	0.636178277111249	-0.1117
EXOSC6	4.42347206929869	0.406950587209967	0.636178277111249	-0.1039
C5orf15	6.51345772889989	0.4070543981147	0.636286076888601	-0.0766
ECEL1P2	-1.21465799550385	0.407356776240865	0.636649713813306	-0.7566
KIZ	3.11818605917858	0.407581616059786	0.636807240786758	-0.1655
LINC00452	-1.67926166468258	0.407891910106823	0.6372051462188	-0.9102
GPS2	5.81480183604048	0.408164560749395	0.637530135270445	-0.1023
RNF112	-1.74950726790046	0.408583730870132	0.638075670724134	-0.7513
SPAG5-AS1	-1.74950726790046	0.408583730870132	0.638075670724134	-0.7513
NUP210L	-1.68012540082235	0.408641509064336	0.638111315497264	-0.9073
CYP39A1	1.62682840542352	0.408705610620708	0.638156827530932	-0.2123
EPC1	4.5474428018394	0.408801368292029	0.638203376720505	-0.1062
GINM1	3.81609235475817	0.408805340018054	0.638203376720505	-0.1171
RGL4	1.79088897494192	0.408860169328158	0.638234395147914	-0.2046
SLC25A18	-0.375651415886634	0.408992063040751	0.638331119335894	-0.5378
SARS2	4.17662280969793	0.40917195725342	0.638557296257347	-0.0993
RGS9BP	-1.26514421777784	0.40944829789313	0.638735328794201	-0.6564
FEM1A	4.12024537604286	0.409460974631821	0.638735328794201	-0.112
ELOVL7	5.03277430915362	0.40975263903885	0.638924005270494	-0.103
VMO1	-0.714661225320835	0.409812751503259	0.638924005270494	-0.5786
OLFML2B	-1.74924909152944	0.409925935995649	0.638924005270494	-0.7482
CMAHP	-1.74924909152944	0.409925935995649	0.638924005270494	-0.7482
LOC100101148	-1.74924909152944	0.409925935995649	0.638924005270494	-0.7482
CPNE4	-1.67986766162402	0.409960079114282	0.638924005270494	-0.9037
UBR5-AS1	-0.371183495270362	0.410002782714133	0.638925377825797	-0.442
BLACAT1	2.85597911648791	0.410245846120078	0.639195030022032	-0.1628
DDRGK1	5.65606087303273	0.410881828300548	0.639967465016194	-0.1509
DOCK2	-0.52045791327029	0.411027684824611	0.640030826864389	-0.5763
TFAP2A-AS1	0.0330132151365393	0.411324129586635	0.640273986164189	-0.4845
APOBEC3H	-0.71525051397193	0.411430693122229	0.640330667829447	-0.575
LOC643770	-1.31553343599054	0.411633123722041	0.640591109595906	-0.8891
TTLL10	-0.429276409281178	0.412158801025282	0.641251421908637	-0.4727
BMP5	-1.54614659069793	0.412162804769791	0.641251421908637	-0.8357
LOC100132287	-1.214186708932	0.412360513218919	0.64144968722943	-0.762
SLC16A8	-0.217509832983058	0.412587805514822	0.641701246734686	-0.4525
SNORA76C	-0.714408655928287	0.412592530355595	0.641701246734686	-0.5767
MYO16-AS1	-0.520583202511797	0.412772428921123	0.641871674819764	-0.5779
GTPBP2	4.94140545615823	0.41293143902468	0.641954896605175	-0.0924
PPAP2C	5.81483004055799	0.413229584424905	0.64236370003926	-0.1077
ZNF581	3.26933878672209	0.41344825473527	0.642634487846927	-0.135
ZFYVE26	4.27107226146775	0.413903602470116	0.64291875833357	-0.1055
ATP6V0D1	4.98303821672445	0.414090108524773	0.643035627813015	-0.0951
DOK1	3.45096763199383	0.414119734673402	0.643035627813015	-0.1225
ANAPC1P1	-1.68060224281491	0.414173380653648	0.643064231775216	-0.897
LINC01271	0.251345956587685	0.414296979161991	0.643201433079455	-0.3524
ATG4D	3.230747131133	0.414434126137186	0.643359643432013	-0.1614
MAST1	1.7367363310508	0.414614061186901	0.643584244624442	-0.2188
ZBTB20	4.85107006046892	0.41485743658169	0.643852534407493	-0.0882
FAM212B	-0.216156053179694	0.415024190858366	0.644001838360419	-0.4753
CD160	-0.00680480167403194	0.415080636094094	0.644034684050125	-0.4165
NAAA	1.07629066132153	0.415454482926514	0.644503639578906	-0.2556
FAM172BP	0.0356819012180056	0.415488789121612	0.644503639578906	-0.3991
MUT	4.54023022644562	0.415593272272578	0.64461094125813	-0.1018
LOC105369590	-1.11535522985885	0.415750066414654	0.644748403474365	-0.709
BANK1	0.93805253245583	0.415752530987085	0.644748403474365	-0.2947
PEX11B	3.62788562171646	0.415937421584291	0.644923226576125	-0.1361
RPL30	10.1587674015571	0.415971241944231	0.644923226576125	-0.0797
MEGF9	5.78503016524072	0.416436165620836	0.645554735352661	-0.0868
CHURC1	4.83981569500942	0.416452355691645	0.645554735352661	-0.0923
PEX2	4.68777169309884	0.416628288151899	0.645612938502765	-0.0966
DPP3	6.40579169523637	0.416998504529942	0.6459673057869	-0.075
RNF157-AS1	-0.165613551303524	0.417694794649057	0.646936130577178	-0.5493
LOC101927354	-0.821494805918696	0.417941184770472	0.64720792850706	-0.6242
ST20	2.70987567915731	0.418100958150976	0.647400431891791	-0.1709
RCAN2	-0.715839588803058	0.418261991522637	0.6475125890841	-0.5703
ANKAR	1.2836278334542	0.418279796399474	0.6475125890841	-0.2584
MSTO2P	0.509554384116172	0.41867422348547	0.648053850714614	-0.364
FAM127B	5.62100640626578	0.418700436523821	0.648053850714614	-0.1287
MBD3	6.81059803811202	0.418788322665101	0.648117389425209	-0.0789
UBXN6	5.09998662937032	0.418812491402782	0.648117389425209	-0.0852
ACP1	7.02050074381534	0.419064145233912	0.64829573826601	-0.0758
ITPKA	2.02906606689125	0.419069785674692	0.64829573826601	-0.2135
CAB39L	3.52756205308276	0.419452251286412	0.648722492331815	-0.1279
MAATS1	-1.26394398443767	0.420341074037556	0.64998391568658	-0.6768
MT1X	4.232454789669	0.42046870368882	0.650074242424043	-0.2299
RPS6	9.63663194411918	0.420935075320213	0.650685074940374	-0.0804
GBX2	0.0397825361439931	0.421234698430154	0.650927768286855	-0.4338
CEP83-AS1	-0.715587205617549	0.421627533725517	0.651314288009227	-0.5673
LINC00885	-0.715587205617549	0.421627533725517	0.651314288009227	-0.5673
NT5DC3	4.02361263072019	0.421965229491562	0.651780796141633	-0.1244
UBR2	5.12717837616759	0.422149845142617	0.652010792971541	-0.0927
GPATCH1	3.69342768659676	0.422751476756482	0.652774334742986	-0.1195
LINC00938	3.08344068555072	0.422896807247733	0.652888297092145	-0.1366
ASH2L	5.13501956831076	0.423135451400454	0.653146258625745	-0.0847
RALY-AS1	0.496620104806773	0.423317628279595	0.653216534807451	-0.3385
CD27	-1.43039953926046	0.423344865327502	0.653216534807451	-0.966
PMM1	3.93238733438519	0.424430444228846	0.65459172001705	-0.1107
RAB41	0.0767567631314372	0.424515089381142	0.654649335482571	-0.3774
ZNF599	1.53232333107659	0.424578715635376	0.654654479108059	-0.2486
ENOSF1	4.42579944168987	0.424804984662647	0.654948044928746	-0.097
GRB14	2.54685902220532	0.424996544654767	0.655118587256274	-0.1546
MTL5	3.0374107578479	0.425023255229147	0.655118587256274	-0.1351
GATSL3	0.99653478400091	0.425334127693506	0.655398362211292	-0.3581
GNAI1	4.63106820385023	0.425488453107852	0.655558882600806	-0.1192
SGMS1-AS1	0.250468877524372	0.42617354084494	0.656448208037903	-0.3442
MIR210HG	-1.36958079751027	0.426628389609502	0.656871711285406	-0.7858
TPST2	3.04774263876886	0.426789768118449	0.657009360550671	-0.1369
LINC00664	-1.67913272717194	0.426962766504686	0.657220258457804	-0.9067
SLC12A5	0.355424539046402	0.427380090836447	0.65761420208529	-0.3075
LOC100289580	-0.00741963248629035	0.427425623574116	0.65761420208529	-0.4206
RPL7A	10.6501409897231	0.427507120613295	0.65761420208529	-0.0839
TFDP2	5.37388114823413	0.427559360516345	0.65761420208529	-0.0874
TMEM9B	4.89645962176714	0.42905324114866	0.659322854055616	-0.0902
USP3	4.99974482738515	0.429097104845263	0.659322854055616	-0.0999
LOC100505915	-1.82604685260443	0.429728337354638	0.660141410867239	-1.0616
TMEM128	3.88320743700954	0.429999187125013	0.660501906617942	-0.1109
C1QTNF1	0.974379473427224	0.430037763963959	0.660505587996469	-0.2641
CARS2	5.73364145152944	0.430131688819275	0.660594271984914	-0.0798
IQCB1	4.24016716216587	0.430613138828478	0.661166817699974	-0.0999
GMCL1	4.96982708732797	0.430681463923214	0.661216113479286	-0.0933
PANK4	0.640845535987517	0.43156834201309	0.662522002336946	-0.6952
PCGF3	5.90868550491964	0.432077830023249	0.663081108347716	-0.0762
HMGN2P46	-1.7481635558544	0.432595349693531	0.663763716927644	-0.7781
PPAPDC2	2.94453459335464	0.432738664727476	0.663927814376401	-0.1361
SPG21	6.23882195358521	0.432805056886225	0.663934328251287	-0.0809
LOC101927905	-0.263918816902224	0.432815646391245	0.663934328251287	-0.3927
LOC101927151	2.84761462438778	0.432945979186172	0.664078457067952	-0.1374
LRRC20	5.46344616774041	0.433180553923033	0.664326629067447	-0.0784
ICA1	4.77811338292501	0.433414271198388	0.664629225955294	-0.0882
SSR2	7.17778980093876	0.433681378941617	0.664927123033356	-0.0711
LINC01534	0.824418256175039	0.435005235436467	0.666453136801624	-0.2839
C14orf93	3.2429111977134	0.435707301920189	0.667416722927922	-0.1355
NDUFAF1	3.86426713905378	0.435927088288872	0.667641352667924	-0.1094
LOC105378579	-1.11680717740834	0.436066835176919	0.667743343649541	-0.6785
CCDC50	6.70867230511743	0.436639312684459	0.668505875615048	-0.0723
GEMIN8	3.25200319387546	0.436723069965216	0.668523927996393	-0.1334
LINC01124	-0.678821799033506	0.436890566833226	0.66870393908228	-0.4671
LEPR	5.07152002548589	0.436924992319146	0.66870393908228	-0.1393
TRIB1	4.90005499002001	0.436950552657347	0.66870393908228	-0.0861
TSSK4	-0.0746984826053928	0.437368356108315	0.669231138137071	-0.3915
SPDYE6	0.418472933656645	0.437488484141688	0.669358847342496	-0.3424
PM20D1	-1.68120770960181	0.437799897844084	0.669666940514587	-0.874
RAP1A	6.1017524982068	0.438297445993453	0.670255244053082	-0.0879
CKMT2-AS1	2.0925170197608	0.438918540291048	0.671075491205453	-0.1998
TRIM7	2.73879333668399	0.439078613569651	0.671229205269432	-0.154
ZNF23	3.48732851861635	0.439241097781307	0.671365160841891	-0.1281
PPA1	8.1548613359623	0.439831367109491	0.671986060586733	-0.069
PCOLCE	1.91282304930662	0.43993099788771	0.672082033258412	-0.1976
GALT	1.87348506365736	0.440029380463042	0.672149659836298	-0.2234
CEP250	6.01207063685418	0.440268714429589	0.672372900336839	-0.1004
LOC102723373	0.118946854285238	0.440707070581242	0.672707999816672	-0.3687
RARRES2	-1.54830806594465	0.441215688651631	0.673255902041473	-0.7507
LOC101929895	3.21354176926214	0.441529046701581	0.673621450491733	-0.139
LDHA	11.0993819536222	0.441825829243202	0.673961592468574	-0.0748
PLS3-AS1	1.78773867107487	0.442027316865466	0.674212607293504	-0.2076
HSP90B1	9.77893565547393	0.442223098844873	0.674344249252064	-0.0727
NDFIP1	6.59125653735075	0.442258294319615	0.674344249252064	-0.0742
TPI1P3	-1.54783232297387	0.442261376878558	0.674344249252064	-0.7566
FANCG	4.34195859750439	0.442925293754661	0.675300163920585	-0.0924
SAT2	3.86243827947231	0.443345663302318	0.675861718854365	-0.0996
CABLES2	4.03547032000469	0.443685296681663	0.676077989480849	-0.1102
SLC7A7	0.452124283086501	0.443880565087931	0.676077989480849	-0.338
STX3	5.69862306519348	0.443886997825612	0.676077989480849	-0.0785
ESPL1	5.66933518145247	0.443892859717349	0.676077989480849	-0.0785
PEX16	3.87532617225198	0.443916896357742	0.676077989480849	-0.122
STAT4	0.350710440960255	0.444388471564562	0.676624802439759	-0.362
NUDC	7.78992479761838	0.444461252785801	0.676624802439759	-0.0962
SMG9	5.17179124780515	0.444788869672651	0.676889661488162	-0.083
CNKSR2	0.832009817760411	0.444820621651703	0.676889661488162	-0.2947
CMTR1	4.99254410279352	0.445151380246488	0.67728007315442	-0.1093
SLC35E3	3.15081169869226	0.445268039518237	0.677346577212411	-0.1271
LOC100422556	-1.6813364710636	0.445453816099096	0.677457919585562	-0.8737
IL10RB	3.34694292954562	0.445495744554189	0.677465248861414	-0.1239
LOC105371169	0.300712365351721	0.44558548469797	0.677545278081471	-0.3423
TMEM241	4.01210876072838	0.445739825672256	0.677723516071683	-0.0968
TBX2-AS1	-1.61156151468482	0.446047437511652	0.677980526337929	-0.612
LOC102723566	-0.71609193149679	0.446095563966674	0.677980526337929	-0.5702
NOTCH2NL	1.2333792923942	0.446127507583751	0.677980526337929	-0.2475
SRSF8	4.93720139184898	0.446131686179751	0.677980526337929	-0.0818
BTBD3	4.63471358671489	0.446737197400035	0.678561800127718	-0.0853
LACTB2	3.44521006236051	0.447486912586553	0.679304929002171	-0.1219
FBXO24	-1.16721100097424	0.447748514704752	0.67958903262803	-0.8247
SENP8	1.8599312075079	0.448035251724306	0.679911184994093	-0.2008
ADRM1	7.53942371461186	0.448328664369678	0.680293580859845	-0.0672
MIR6840	-1.68107893714313	0.448361764072396	0.680293580859845	-0.8633
LOC102724378	0.249538900095373	0.448740444341657	0.680698425583821	-0.4627
PPT1	7.53843765949024	0.449015455249265	0.680947099120777	-0.0709
CASP2	5.90689417773476	0.449571660685449	0.681676099457937	-0.0864
SLMO1	3.37111001286282	0.449821059439097	0.681997613248082	-0.1231
IFITM1	1.24755780381883	0.450235796451615	0.682476586082615	-0.2325
NBPF11	3.54009137250875	0.450249123728036	0.682476586082615	-0.1166
VAX2	-0.609305212819304	0.450525591906249	0.682774029990374	-0.4815
ALDH5A1	4.7817708452954	0.450557555833372	0.682774029990374	-0.0865
GTF2IRD2	1.24073262686754	0.450635669822697	0.682774601645827	-0.2552
TLE2	2.85238189601262	0.450679037738395	0.682774601645827	-0.1446
MED16	4.54960846357978	0.450904057806084	0.682947805955081	-0.0954
CDK19	5.55249686181569	0.450971505301737	0.682947805955081	-0.0784
LOC105374156	-1.54817941836211	0.451206574420289	0.683247115346449	-0.748
CASC11	-1.02796300059764	0.45144252782889	0.683420462409962	-0.5932
SETDB1	4.80240101899177	0.451843546615666	0.683928014842518	-0.0834
ZNF502	1.99790027313623	0.452016949377083	0.684053471377967	-0.1872
UCKL1-AS1	0.512444715446112	0.452076310921076	0.684053471377967	-0.3083
NOL4L	4.80794562846752	0.452199813319819	0.684183639314323	-0.0867
MIR4292	-0.517629901738673	0.45241383120025	0.684434461891367	-0.4511
TNNT2	-0.823399061664608	0.452820266634001	0.684838603899455	-0.5845
FAF1	6.24467726126642	0.453064932497215	0.685049727734941	-0.0756
HSPB6	-0.397567320149151	0.453072437153356	0.685049727734941	-0.4178
ALG3	6.29174106998128	0.453516712825644	0.68549437898203	-0.0918
CYP2R1	2.13480879705496	0.453959851146143	0.685937017259061	-0.1879
ENGASE	2.97313927810282	0.454237719227065	0.686186495838584	-0.1268
ZNF766	4.22030080830289	0.454341144442434	0.686285945138265	-0.1028
LRRC75B	-0.579832989864959	0.45449427708864	0.686460455243668	-0.4872
TRAP1	7.48240390804508	0.454595736486174	0.686556896533057	-0.067
LINC00260	-1.11834503217232	0.454644927281671	0.686561265421902	-0.6569
GGPS1	6.22978832105244	0.454673844158129	0.686561265421902	-0.0733
LYPD8	-1.02762172763574	0.454812334057256	0.686713586183877	-0.5994
NUP50-AS1	3.0566657753014	0.455307432499765	0.687233773271245	-0.1259
SLC39A3	3.91463362226743	0.455364252783179	0.687262714848687	-0.1066
CAMK1	1.28556448853888	0.455933540845599	0.687847089797596	-0.2267
SMC1B	-0.141101525603179	0.455939835322124	0.687847089797596	-0.384
ZBTB7A	5.73389610341988	0.456110991225704	0.688048442886832	-0.0907
MTFMT	3.66842074627565	0.456513661471226	0.688485204776432	-0.1181
METTL25	1.35546292764388	0.45706992974138	0.688982327602805	-0.2663
AKTIP	4.18611959889066	0.457631706225189	0.689544769630822	-0.0959
TGFBR3L	-0.00769672280966874	0.457823174749442	0.689662503360492	-0.4003
STEAP3	5.26679815129885	0.458221620324154	0.690034966645035	-0.08
ZSWIM3	1.67321674489097	0.458302933719836	0.690100491421093	-0.2079
CSNK1D	7.10440989260989	0.458469333237006	0.6902941152639	-0.0661
PDXDC2P	3.24527657099973	0.458940870182575	0.690947099295159	-0.1623
LOC100506302	1.5678214964263	0.459213239822428	0.691162641690236	-0.2311
GSDMC	2.85232406555321	0.459235475662936	0.691162641690236	-0.1371
DPCD	3.74617913970357	0.459331113673626	0.69123579928916	-0.1192
HEIH	2.69391614698733	0.460272231230069	0.692437565169851	-0.1431
SPATA24	2.11751147325416	0.46074964988817	0.693023678980121	-0.1939
APITD1-CORT	-1.61082698968796	0.460801216759538	0.693023678980121	-0.6234
CD46	7.69654205872268	0.460813674361289	0.693023678980121	-0.0824
TNFSF9	2.49541346311419	0.460859361836605	0.693035297338473	-0.1858
PRIM1	5.04444351067076	0.461166232228584	0.693439645462896	-0.0867
CDT1	5.40579082253929	0.461321998639575	0.693616735888987	-0.074
DUS1L	6.38083706274909	0.461440715425692	0.693738096089223	-0.0701
FDX1	5.09806295668904	0.461667174520051	0.693936433408939	-0.0814
HADH	5.35755297634807	0.461686673980334	0.693936433408939	-0.077
STARD3NL	5.50472410731158	0.462146310871043	0.694406475419332	-0.073
IFIT2	2.0334567803712	0.462168342581418	0.694406475419332	-0.1741
PLEKHH2	0.833986350770878	0.462252321494973	0.694406475419332	-0.2459
ARHGAP44	-0.212418922776324	0.462494583304191	0.694693196709011	-0.3781
FZD9	0.575113917755623	0.462718271379823	0.694830752320308	-0.3044
SNX25	4.17101712125814	0.462759147068956	0.694830752320308	-0.0996
LOC101927851	-0.118392364264063	0.46287955682803	0.694928387290502	-0.4294
TMEM160	3.52744175245813	0.46316831129228	0.69530471926255	-0.1858
RMDN1	5.56085132047624	0.4632168325303	0.695320382722674	-0.0739
COX6A1	7.29527143787329	0.463756418484326	0.695874991843032	-0.0777
SLC2A9	-1.3689781688473	0.463776896678033	0.695874991843032	-0.8132
ZNF334	1.33830225110842	0.463921810784008	0.69603522170224	-0.2703
XYLB	1.88466126020288	0.464263553974652	0.696398881428301	-0.1963
ATP6V1H	3.99422286540388	0.464612995437637	0.696465330635437	-0.1147
MIR3124	-2.16477293376089	0.46476380241735	0.696465330635437	-1.0184
MMP21	-2.16477293376089	0.46476380241735	0.696465330635437	-1.0184
LINC00238	-2.16477293376089	0.46476380241735	0.696465330635437	-1.0184
LOC101928266	-2.16477293376089	0.46476380241735	0.696465330635437	-1.0184
LOC102724596	-2.16477293376089	0.46476380241735	0.696465330635437	-1.0184
TRG-GCC1-5	-2.16477293376089	0.46476380241735	0.696465330635437	-1.0184
CLSTN2	-2.16477293376089	0.46476380241735	0.696465330635437	-1.0184
C1orf105	-2.07206752158756	0.464895559361801	0.696465330635437	-1.2665
NPIPA3	-2.07206752158756	0.464895559361801	0.696465330635437	-1.2665
DLGAP4-AS1	-2.07206752158756	0.464895559361801	0.696465330635437	-1.2665
LOC102467073	-2.07206752158756	0.464895559361801	0.696465330635437	-1.2665
BHMT2	-2.07206752158756	0.464895559361801	0.696465330635437	-1.2665
ZNF474	-2.07206752158756	0.464895559361801	0.696465330635437	-1.2665
DIXDC1	2.04213931438591	0.465199979957003	0.696750417105181	-0.1935
NCK1-AS1	2.67293404013287	0.465528963086548	0.696957253576186	-0.1577
CDCA4	5.0552711204567	0.466016801194906	0.697573197984111	-0.0973
MRPL14	6.19746056216097	0.466346739807812	0.697952621899608	-0.1039
ZNF629	5.35457352915195	0.466537784572688	0.698042519995888	-0.0826
DLG1-AS1	0.248546938585674	0.466640377188541	0.698042519995888	-0.337
C19orf35	-2.16416159902279	0.466746067649608	0.698042519995888	-1.0254
LINC01322	-2.16416159902279	0.466746067649608	0.698042519995888	-1.0254
HIST1H2BL	-2.16416159902279	0.466746067649608	0.698042519995888	-1.0254
LOC102724646	-2.16416159902279	0.466746067649608	0.698042519995888	-1.0254
F8A2	-2.16416159902279	0.466746067649608	0.698042519995888	-1.0254
RHPN2	4.55830005386515	0.466852790046572	0.698095976033308	-0.0836
F3	8.83303166821846	0.466935373937541	0.698146780229628	-0.0681
NSL1	5.30386969917411	0.467075369192569	0.698240302068848	-0.0755
MOGS	5.84111806267489	0.467590917590261	0.698773683177725	-0.0726
LOC105378951	-2.16490265503363	0.468060087179129	0.699084099774374	-1.0202
LSP1	-2.16490265503363	0.468060087179129	0.699084099774374	-1.0202
SPATC1L	-2.07219707366654	0.46812555179223	0.699102237459307	-1.2677
BCL2A1	-2.16464320118593	0.46850798147951	0.699102237459307	-1.016
LOC728485	-2.16464320118593	0.46850798147951	0.699102237459307	-1.016
SYN3	-2.16464320118593	0.46850798147951	0.699102237459307	-1.016
SLC34A1	-2.16464320118593	0.46850798147951	0.699102237459307	-1.016
HIST1H4J	-2.16464320118593	0.46850798147951	0.699102237459307	-1.016
SLC45A1	-2.07193795825923	0.468564153450873	0.699102237459307	-1.2634
VSTM5	-2.07193795825923	0.468564153450873	0.699102237459307	-1.2634
LOC100996379	-2.07193795825923	0.468564153450873	0.699102237459307	-1.2634
RHEBL1	0.734890856472559	0.46895594840913	0.699432190757728	-0.2897
CTSZ	7.46424114916241	0.468988246367206	0.699432190757728	-0.0965
TRNH	1.48716311522879	0.469021082343126	0.699432190757728	-0.2869
LOC439994	0.271605833726493	0.469427871006646	0.699981639557079	-0.3269
CSPG5	1.5567080474633	0.469501898253354	0.700034846007288	-0.2333
SAMD12-AS1	0.193310689287696	0.46967186251622	0.700231075712219	-0.3258
MTMR2	6.75559102623317	0.469712380932729	0.700234299061563	-0.0662
NEBL-AS1	-2.16429137325452	0.470617013323883	0.701182093792606	-1.0295
LOC105373840	-2.16429137325452	0.470617013323883	0.701182093792606	-1.0295
CRB2	-2.16429137325452	0.470617013323883	0.701182093792606	-1.0295
HOXB4	-0.677180248962767	0.470779049444881	0.701282241533584	-0.4929
MYL2	-2.07267758527316	0.470799471529119	0.701282241533584	-1.256
LINC00222	-2.07267758527316	0.470799471529119	0.701282241533584	-1.256
LOC101928602	-0.943358280243419	0.471014524624111	0.701444591561445	-0.5297
ARFGEF3	4.82909952040923	0.471174931751733	0.701498087918744	-0.0779
EP300-AS1	-0.942296773506053	0.471284523771739	0.701604033758204	-0.5386
CDKL1	2.20074235470037	0.471406130695953	0.701727847520003	-0.1867
MDH2	8.02273856761152	0.472073761553936	0.702514516876797	-0.0653
LOC105372483	-0.402788668778642	0.472882329985705	0.703409094452784	-0.4784
TRIM6	1.79796215263432	0.473744542355373	0.704289932022776	-0.2025
MSS51	0.117176324519321	0.473868674278087	0.70435975554639	-0.3495
ZNF431	4.16217285413253	0.47393324420063	0.704398380373419	-0.0887
SLC39A5	-1.427828950361	0.47401222412107	0.704401071514388	-0.6367
CRAT	4.14590911634921	0.474291076644293	0.70470073209231	-0.0882
PDGFRL	1.64711225960061	0.4745895726323	0.704972110494326	-0.214
ARPC5L	7.00941247018941	0.474680187801755	0.704994432765098	-0.0641
CHST7	0.938725131828738	0.474847055149773	0.705067738008479	-0.2444
PGLYRP1	-1.42843153636925	0.474982140899919	0.705210960008859	-0.6321
GGCX	4.28929189530527	0.47545932066707	0.705632498016262	-0.0922
RPL24	10.6558149878731	0.475501423231095	0.705637618477229	-0.0678
COLCA2	-1.54938767057502	0.475732787302757	0.70581725831973	-0.7205
LOC102724642	-1.54938767057502	0.475732787302757	0.70581725831973	-0.7205
ARMC2	1.58775738061822	0.475836514402242	0.70581725831973	-0.2214
CD200R1L	-2.07280708472203	0.475893110903679	0.70581725831973	-1.2555
HIST1H4I	-2.07280708472203	0.475893110903679	0.70581725831973	-1.2555
TRC-GCA8-1	-2.16355001610186	0.47641963317384	0.706253903631476	-1.0416
SHC4	-2.16355001610186	0.47641963317384	0.706253903631476	-1.0416
MIR5587	-2.16355001610186	0.47641963317384	0.706253903631476	-1.0416
TAT-AS1	-2.16355001610186	0.47641963317384	0.706253903631476	-1.0416
CRIPAK	2.55986940194188	0.476492879797478	0.706305132639068	-0.1451
TRIM74	-0.582302533408236	0.477778528175664	0.707743416031149	-0.4627
FAM20B	7.41443261874954	0.47781209479535	0.707743416031149	-0.0655
GSDMB	3.55297480416812	0.477898258573933	0.707813614191605	-0.1252
PARS2	3.09125665971428	0.478636752779275	0.708752168829814	-0.1244
RPS29	8.80080181053527	0.478648416383807	0.708752168829814	-0.2358
MED31	3.51181468111054	0.478693661288641	0.708761677249426	-0.1477
THAP2	2.89851583574146	0.479071214723837	0.709263165679862	-0.1239
LOC100130100	-0.400226174306305	0.479239825082944	0.709397733456111	-0.3845
LOC100996573	0.558860800207307	0.479353272255909	0.709508135098416	-0.2688
ERC2	-0.314571543155607	0.479553667786287	0.709689669188266	-0.4344
MARK2	5.96204996356548	0.479690301332599	0.709719275559439	-0.0691
AP2A1	5.44628254962688	0.47973093204923	0.709721871595684	-0.0773
CCER2	-1.42722613007098	0.480143396923315	0.710274520235965	-0.6434
C15orf61	1.86336363054617	0.480398971520936	0.710479878814501	-0.1881
SEMA4F	3.28947114992161	0.480611446358663	0.710678970089401	-0.1252
NAPB	3.79877933858463	0.480808930665088	0.710877609650582	-0.115
ALG14	2.9250889756063	0.480823659288201	0.710877609650582	-0.1338
NELFB	6.48499363466597	0.480955438535955	0.710998927892515	-0.0754
OSBPL2	5.85671850866826	0.481046196011655	0.710998927892515	-0.0788
KRT86	-0.398399733585237	0.481089334650158	0.710998927892515	-0.4213
ST20-AS1	0.418401586920066	0.481121299312894	0.710998927892515	-0.3314
LOC401320	3.32584384625306	0.481132486753503	0.710998927892515	-0.1199
LINC01273	-0.942423864373262	0.481143101417478	0.710998927892515	-0.5412
PAX8-AS1	5.32997068407471	0.481217284894825	0.710998927892515	-0.0749
RDH11	6.82343765310087	0.481578638434387	0.711360111923146	-0.0711
CCDC8	2.34640820441716	0.481846394261238	0.711698039937959	-0.1532
LINC00471	-0.340945280947937	0.482948409078348	0.712921982383304	-0.4022
SENP3	2.88542153270949	0.483453825671569	0.713437316422291	-0.2126
ADD3	6.43530737589006	0.484031685239535	0.714174609693118	-0.0678
BOLA3	4.86924170730151	0.484153527492382	0.714296654105457	-0.0805
UQCR11	5.8065551994183	0.484369858727929	0.714558071994914	-0.1003
KLF2	-0.0293870900096916	0.48468972614725	0.714798904640455	-0.3712
F8A1	3.08916318512144	0.485169371831418	0.715390683479069	-0.1792
PLEKHA8P1	3.08099431859612	0.485263161788428	0.715398068467937	-0.1219
LOC102724200	1.82793089254076	0.485895112325421	0.716113762058035	-0.2227
CFAP58	-1.48571926200971	0.486211015059351	0.71634801799076	-0.5146
EFCAB10	-1.48571926200971	0.486211015059351	0.71634801799076	-0.5146
SRRM2	9.27915338202025	0.486322594247159	0.716396778873246	-0.0716
EVI5L	3.92224082130675	0.486657848991258	0.716774965000759	-0.0939
F2RL1	5.45398820126774	0.487252298904719	0.717418982886083	-0.0725
SKA2	6.40885766132635	0.487331753696433	0.717478104474361	-0.073
FN3K	1.63511631462053	0.487385805894448	0.717499820370053	-0.1973
GFPT1	6.84527154019369	0.487608352592958	0.717711689505526	-0.0628
TSTD3	1.2143754946339	0.488335033147861	0.718607477442154	-0.2163
SNORA71C	-0.824668049765451	0.488622091082252	0.718915779684992	-0.5534
LOC100506314	3.07861910437365	0.488649736931351	0.718915779684992	-0.1198
PTGES2-AS1	-0.344303474470826	0.489421141814912	0.719625673725277	-0.3586
ZNF385A	3.66742767790415	0.48982966910248	0.720052374517664	-0.1019
STRN4	6.1676269430405	0.490016920320711	0.720269637469799	-0.1006
MBTPS1	6.5220191442415	0.490235931069362	0.720353311415848	-0.0637
FBXO25	2.82249988512835	0.49059289860832	0.720536118824898	-0.1287
CLDND1	6.73537493945947	0.491406618157031	0.721615123960324	-0.0707
IL18BP	2.7257654204157	0.492232692814005	0.722545893605831	-0.1367
DCST1	-0.824921285882462	0.492238347873341	0.722545893605831	-0.5551
RAC1	9.01054475490484	0.49232138933529	0.722551594477454	-0.068
LOC102724297	-2.07328740269275	0.492511550467557	0.722714481579915	-1.2238
COL10A1	-2.07328740269275	0.492511550467557	0.722714481579915	-1.2238
RPL36	8.63134839334246	0.492826922383769	0.723119136395923	-0.0621
MAP1A	2.75537109000474	0.492994393343723	0.723248605342576	-0.134
METTL23	4.37983653049566	0.493227276547623	0.723473980447808	-0.0847
CEBPA-AS1	0.355545407440082	0.494158289297871	0.724315835361055	-0.307
KDELR2	8.39898372125537	0.494231488325181	0.724364968759192	-0.063
SLC35C2	5.27213954966245	0.49428541785566	0.724385854409001	-0.0704
DISP1	3.40020962036278	0.494500547133733	0.724537101255065	-0.1143
CATSPER2	1.04148400170435	0.494945563258416	0.725120472100605	-0.2678
GNA11	5.94901495107451	0.49508444137129	0.725265732761536	-0.0671
ISY1	4.05168627334688	0.495231245285932	0.725422579951855	-0.098
DDX12P	4.83297401120256	0.495391812078401	0.725541349482815	-0.0768
SNRNP35	4.39734325943325	0.495489556800889	0.725582623629224	-0.099
SMYD5	4.62560242868173	0.495563019175472	0.725617458940281	-0.0757
GNA14	0.0569875941828984	0.495613436983476	0.725633082490203	-0.3448
FAM162A	5.20287514412309	0.49622302786279	0.726292599748505	-0.0718
OXA1L	5.78261937179455	0.496519385491474	0.726643103377016	-0.0747
RAD23A	7.20726910079813	0.496653019838287	0.726643103377016	-0.0651
TRERF1	4.69993955996842	0.496891126082511	0.726643103377016	-0.0797
SGPL1	5.94086466336828	0.496998569546458	0.726643103377016	-0.0671
CNGA1	-0.344758588322047	0.497095485359409	0.726643103377016	-0.3536
HIPK4	-1.37151552822531	0.49772505777793	0.726643103377016	-0.7564
MATN3	0.339614409870515	0.49778294917338	0.726643103377016	-0.3553
RPN2	7.72503353600266	0.498001018660075	0.726643103377016	-0.0739
OTUB1	6.57886233118961	0.498150565676233	0.726643103377016	-0.0642
TAPT1	3.65352557325379	0.498267853915738	0.726643103377016	-0.0978
MPC2	6.23451216636004	0.498633456234398	0.726643103377016	-0.0643
SNAI3-AS1	0.0554099067298267	0.499319916096901	0.726643103377016	-0.3345
NABP1	3.85695812150997	0.499483992137727	0.726643103377016	-0.105
ANKRD16	2.69710334377279	0.499611183252134	0.726643103377016	-0.1274
CERS2	6.58549953847771	0.499668752577514	0.726643103377016	-0.0621
ICAM5	1.84227854606704	0.499880078391681	0.726643103377016	-0.1906
ACOX3	3.29256137406787	0.499944809978454	0.726643103377016	-0.1224
APTR	3.14457332507995	0.500006760849187	0.726643103377016	-0.1117
MTERF2	3.46042734104949	0.500015438895243	0.726643103377016	-0.0987
STS	3.39429688915924	0.500134074680478	0.726643103377016	-0.1297
COMMD1	3.31276680342772	0.500547494788977	0.726643103377016	-0.1128
LAMTOR5-AS1	-0.786494643881774	0.50102698373939	0.726643103377016	-0.4347
GAL3ST4	-0.373755057158678	0.501486829814101	0.726643103377016	-0.4253
KIF21B	0.877696873933112	0.501511935912053	0.726643103377016	-0.2632
IFFO1	-0.860972497986886	0.501709063998629	0.726643103377016	-0.4931
PKN2-AS1	0.211409129955758	0.501834478155784	0.726643103377016	-0.3385
GOLPH3	7.82422441656249	0.501989917935055	0.726643103377016	-0.0684
NPC1	4.82359166727046	0.502100343132582	0.726643103377016	-0.0803
TAS2R4	-1.37138728364873	0.502713735463766	0.726643103377016	-0.755
ALDH9A1	5.83935171644841	0.503017259043895	0.726643103377016	-0.0819
BDH1	-0.785903417119402	0.503178693751318	0.726643103377016	-0.4383
NCSTN	5.46059943125593	0.503262992536505	0.726643103377016	-0.0779
SPTBN1	8.83172710018961	0.503333504518554	0.726643103377016	-0.0652
TAP2	0.783815958948231	0.503354170148917	0.726643103377016	-0.2644
WDR89	5.25866498226005	0.503396724786155	0.726643103377016	-0.0691
AATBC	-0.457870504872792	0.503695997770516	0.726643103377016	-0.4031
FAM227B	-0.29126613085182	0.503939826207267	0.726643103377016	-0.3333
GTF3C6	5.7937380938511	0.504084086817433	0.726643103377016	-0.0685
PUS10	3.2862411372455	0.504163363606431	0.726643103377016	-0.1045
ANKRD23	0.72271200031333	0.504196454785338	0.726643103377016	-0.2581
TTC41P	0.137546715804628	0.504390387348868	0.726643103377016	-0.3088
ANKRD39	3.02835370891537	0.504443030136688	0.726643103377016	-0.1171
THOC7-AS1	-2.07341684955214	0.504469014810864	0.726643103377016	-1.2196
GBE1	5.50341706457741	0.505176441600633	0.726643103377016	-0.0745
TRNP	8.54689801179228	0.505374845912442	0.726643103377016	-0.0728
HIST3H3	-2.74886630888506	0.505537579754135	0.726643103377016	-3.0872
PPP1R14D	-2.74886630888506	0.505537579754135	0.726643103377016	-3.0872
MYL4	-2.74886630888506	0.505537579754135	0.726643103377016	-3.0872
KISS1R	-2.74886630888506	0.505537579754135	0.726643103377016	-3.0872
TULP2	-2.74886630888506	0.505537579754135	0.726643103377016	-3.0872
CDC42EP5	-2.74886630888506	0.505537579754135	0.726643103377016	-3.0872
LBP	-2.74886630888506	0.505537579754135	0.726643103377016	-3.0872
B3GALT5	-2.74886630888506	0.505537579754135	0.726643103377016	-3.0872
PVRL3-AS1	-2.74886630888506	0.505537579754135	0.726643103377016	-3.0872
TM4SF4	-2.74886630888506	0.505537579754135	0.726643103377016	-3.0872
CFAP99	-2.74886630888506	0.505537579754135	0.726643103377016	-3.0872
RPL21P44	-2.74886630888506	0.505537579754135	0.726643103377016	-3.0872
PCDHGB3	-2.74886630888506	0.505537579754135	0.726643103377016	-3.0872
PCDHGA12	-2.74886630888506	0.505537579754135	0.726643103377016	-3.0872
HLA-H	-2.74886630888506	0.505537579754135	0.726643103377016	-3.0872
HSD17B3	-2.74886630888506	0.505537579754135	0.726643103377016	-3.0872
C9orf173	-2.74886630888506	0.505537579754135	0.726643103377016	-3.0872
FZD8	-2.74948209233843	0.505537579754135	0.726643103377016	-3.0774
MSMB	-2.74948209233843	0.505537579754135	0.726643103377016	-3.0774
PDE6C	-2.74948209233843	0.505537579754135	0.726643103377016	-3.0774
OR51B4	-2.74948209233843	0.505537579754135	0.726643103377016	-3.0774
OR4C6	-2.74948209233843	0.505537579754135	0.726643103377016	-3.0774
PDZD3	-2.74948209233843	0.505537579754135	0.726643103377016	-3.0774
GPR132	-2.74948209233843	0.505537579754135	0.726643103377016	-3.0774
SKOR1	-2.74948209233843	0.505537579754135	0.726643103377016	-3.0774
GOLGA6B	-2.74948209233843	0.505537579754135	0.726643103377016	-3.0774
SNORD71	-2.74948209233843	0.505537579754135	0.726643103377016	-3.0774
KLHL10	-2.74948209233843	0.505537579754135	0.726643103377016	-3.0774
MIR5010	-2.74948209233843	0.505537579754135	0.726643103377016	-3.0774
IGFL3	-2.74948209233843	0.505537579754135	0.726643103377016	-3.0774
PLA2G4C	-2.74948209233843	0.505537579754135	0.726643103377016	-3.0774
KLK1	-2.74948209233843	0.505537579754135	0.726643103377016	-3.0774
LOC388813	-2.74948209233843	0.505537579754135	0.726643103377016	-3.0774
PRODH	-2.74948209233843	0.505537579754135	0.726643103377016	-3.0774
ZNRF3-AS1	-2.74948209233843	0.505537579754135	0.726643103377016	-3.0774
LINC00636	-2.74948209233843	0.505537579754135	0.726643103377016	-3.0774
LINC01213	-2.74948209233843	0.505537579754135	0.726643103377016	-3.0774
MASP1	-2.74948209233843	0.505537579754135	0.726643103377016	-3.0774
PCDHB10	-2.74948209233843	0.505537579754135	0.726643103377016	-3.0774
PCDHGB1	-2.74948209233843	0.505537579754135	0.726643103377016	-3.0774
PCDHGB4	-2.74948209233843	0.505537579754135	0.726643103377016	-3.0774
MICB	-2.74948209233843	0.505537579754135	0.726643103377016	-3.0774
LOC153910	-2.74948209233843	0.505537579754135	0.726643103377016	-3.0774
LOC102659288	-2.74948209233843	0.505537579754135	0.726643103377016	-3.0774
MACC1-AS1	-2.74948209233843	0.505537579754135	0.726643103377016	-3.0774
LOC441204	-2.74948209233843	0.505537579754135	0.726643103377016	-3.0774
NPC1L1	-2.74948209233843	0.505537579754135	0.726643103377016	-3.0774
CALCR	-2.74948209233843	0.505537579754135	0.726643103377016	-3.0774
LOC101928632	-2.74948209233843	0.505537579754135	0.726643103377016	-3.0774
CNGB3	-2.74948209233843	0.505537579754135	0.726643103377016	-3.0774
IL3RA	-2.74948209233843	0.505537579754135	0.726643103377016	-3.0774
MAGEA1	-2.74948209233843	0.505537579754135	0.726643103377016	-3.0774
LINC00624	-2.75009762053171	0.505537579754135	0.726643103377016	-3.0677
LINC01352	-2.75009762053171	0.505537579754135	0.726643103377016	-3.0677
FAM177B	-2.75009762053171	0.505537579754135	0.726643103377016	-3.0677
CNNM1	-2.75009762053171	0.505537579754135	0.726643103377016	-3.0677
LINC00958	-2.75009762053171	0.505537579754135	0.726643103377016	-3.0677
SYT13	-2.75009762053171	0.505537579754135	0.726643103377016	-3.0677
PRG2	-2.75009762053171	0.505537579754135	0.726643103377016	-3.0677
ANO2	-2.75009762053171	0.505537579754135	0.726643103377016	-3.0677
INHBC	-2.75009762053171	0.505537579754135	0.726643103377016	-3.0677
LOC101927583	-2.75009762053171	0.505537579754135	0.726643103377016	-3.0677
SDS	-2.75009762053171	0.505537579754135	0.726643103377016	-3.0677
DLEU7-AS1	-2.75009762053171	0.505537579754135	0.726643103377016	-3.0677
BDKRB2	-2.75009762053171	0.505537579754135	0.726643103377016	-3.0677
DEGS2	-2.75009762053171	0.505537579754135	0.726643103377016	-3.0677
C16orf89	-2.75009762053171	0.505537579754135	0.726643103377016	-3.0677
CCDC144NL	-2.75009762053171	0.505537579754135	0.726643103377016	-3.0677
TBC1D29	-2.75009762053171	0.505537579754135	0.726643103377016	-3.0677
KRT35	-2.75009762053171	0.505537579754135	0.726643103377016	-3.0677
ZACN	-2.75009762053171	0.505537579754135	0.726643103377016	-3.0677
C19orf67	-2.75009762053171	0.505537579754135	0.726643103377016	-3.0677
SPACA4	-2.75009762053171	0.505537579754135	0.726643103377016	-3.0677
ST3GAL5-AS1	-2.75009762053171	0.505537579754135	0.726643103377016	-3.0677
FAP	-2.75009762053171	0.505537579754135	0.726643103377016	-3.0677
LINC01117	-2.75009762053171	0.505537579754135	0.726643103377016	-3.0677
TMC2	-2.75009762053171	0.505537579754135	0.726643103377016	-3.0677
WFDC10B	-2.75009762053171	0.505537579754135	0.726643103377016	-3.0677
CD80	-2.75009762053171	0.505537579754135	0.726643103377016	-3.0677
PARP15	-2.75009762053171	0.505537579754135	0.726643103377016	-3.0677
GALNTL6	-2.75009762053171	0.505537579754135	0.726643103377016	-3.0677
WWC2-AS1	-2.75009762053171	0.505537579754135	0.726643103377016	-3.0677
MTNR1A	-2.75009762053171	0.505537579754135	0.726643103377016	-3.0677
SOWAHA	-2.75009762053171	0.505537579754135	0.726643103377016	-3.0677
EXTL3-AS1	-2.75009762053171	0.505537579754135	0.726643103377016	-3.0677
MIR3149	-2.75009762053171	0.505537579754135	0.726643103377016	-3.0677
LINC01419	-2.75009762053171	0.505537579754135	0.726643103377016	-3.0677
MAGEA4	-2.75009762053171	0.505537579754135	0.726643103377016	-3.0677
PRPSAP1	4.93460275152531	0.505825913560009	0.727000305302435	-0.0769
LINC01560	0.465617084142205	0.505953941870378	0.727127069415541	-0.2867
DHRS13	3.19215392058057	0.506351845243112	0.727641631514346	-0.1182
WBP2NL	0.136418683054097	0.506498657513389	0.727795316140451	-0.3034
GCC1	5.04250852194802	0.506729441161636	0.728069626778438	-0.0749
GINS3	4.29114664471268	0.507184060772271	0.728550807574048	-0.0872
FUK	2.09557455566505	0.507567349576008	0.728986667757029	-0.1854
LOC100134368	-0.268772521160815	0.507691716179446	0.729107927200437	-0.4545
GLIS2	1.54520031069814	0.508636800039455	0.729891009394773	-0.2276
KCND2	-1.31768772803391	0.508740263301395	0.729982099098504	-0.5379
WDR37	3.5314596411669	0.508991231290081	0.730284809684982	-0.1022
TMEM106A	1.67200270703203	0.50909932660761	0.730325106596616	-0.2012
CDK7	0.661931177055331	0.509241565953474	0.730471755169845	-0.3123
RNF10	6.48356483112658	0.509644453772161	0.730992233506016	-0.0614
HIST1H4D	-1.61009211251081	0.510290082843047	0.731793938930421	-0.6564
TP53I3	3.69401697906147	0.510335279220243	0.731793938930421	-0.0963
LOC105379238	-0.750611833590182	0.510413254009853	0.731793938930421	-0.5081
TAF1A-AS1	1.25254907309211	0.511296469718893	0.732901095413639	-0.212
LOC101929162	-1.21623857364885	0.511544622629156	0.733141673003444	-0.7267
PKP1	0.624137985282648	0.512461226265212	0.734340042911908	-0.3071
SNORD68	-1.54999144170435	0.512544532510351	0.734401772663761	-0.6844
HOXC10	0.786454829156508	0.512964875942608	0.734888705580181	-0.2145
AKAP14	0.0179163181467626	0.5138245012467	0.735909927022259	-0.4087
B4GALT2	5.63844112664164	0.513896599040401	0.735909927022259	-0.0653
C19orf12	3.35227867001377	0.513899047684308	0.735909927022259	-0.1071
TFAP4	4.66418288084755	0.513919569435078	0.735909927022259	-0.0813
DYNLT1	6.58998961171684	0.514044174454471	0.736030623438496	-0.0862
SPATA25	-0.751538973549748	0.515061339996881	0.737029314635132	-0.4957
PIN4	5.06396330780652	0.515254262559962	0.737201246344894	-0.0729
ALG6	4.19621818818123	0.515265551235804	0.737201246344894	-0.0838
PYCR1	5.34820063418246	0.515331140085752	0.737237308471554	-0.0848
NAGK	3.82691836366359	0.515634270246301	0.737461282151237	-0.1116
SLC25A16	3.75414592338745	0.515649280601475	0.737461282151237	-0.0981
DDIT4	6.80731957389907	0.51604189208658	0.737815309517851	-0.0593
TMEM126A	4.13711790867234	0.516058484182375	0.737815309517851	-0.1177
KIF9-AS1	0.333330038162438	0.516205878332111	0.737968247050197	-0.3199
IARS2	8.26794883836884	0.516260215713841	0.737988137034835	-0.0581
NPY6R	-1.07068210192762	0.516807365247057	0.738522789077614	-0.556
PDE8A	5.80328608405931	0.51689385677078	0.738522789077614	-0.0646
CCDC159	0.403685593011574	0.516917407911577	0.738522789077614	-0.2528
NDUFAF6	4.45224362649936	0.517291452300266	0.738941529983854	-0.0761
TTC4	0.526826392981218	0.517952939464224	0.739651071861464	-0.2676
TBL1XR1	7.45740210448474	0.517990740236022	0.739651071861464	-0.0697
EXTL1	-1.4870496299844	0.518598896166584	0.740461555483901	-0.8681
LOC101927989	0.820454147254696	0.518838589127721	0.740745857755195	-0.2683
SNAPC3	3.86569361169501	0.519214625954341	0.741166800486546	-0.092
C8G	-1.48838438349166	0.519532335660028	0.741504363991046	-0.8456
GLTPD2	0.48652944033489	0.519618511501329	0.741541497086006	-0.2875
MYOM1	-1.37259044285825	0.51963959094113	0.741541497086006	-0.7382
RFX3	2.86686794955066	0.519711077944458	0.741585543141631	-0.1112
TMEM41A	5.10617061679523	0.520018839910815	0.741850741690383	-0.0782
CCDC90B	5.37627305815596	0.520159748690718	0.741983716276669	-0.0647
TRIM22	-1.90182553838869	0.520355911453232	0.741983716276669	-0.9499
ADAM21	-1.90182553838869	0.520355911453232	0.741983716276669	-0.9499
PRPF8	-1.90182553838869	0.520355911453232	0.741983716276669	-0.9499
OMD	-1.90182553838869	0.520355911453232	0.741983716276669	-0.9499
INHBE	-1.90169621565901	0.52071825648865	0.742256821695909	-0.9485
ZNF781	-1.90169621565901	0.52071825648865	0.742256821695909	-0.9485
CA3-AS1	-1.90169621565901	0.52071825648865	0.742256821695909	-0.9485
C8orf37-AS1	-1.90169621565901	0.52071825648865	0.742256821695909	-0.9485
SRPR	6.20243916412355	0.52082791866007	0.742256821695909	-0.0607
NUDT17	-0.423954251644781	0.520832048966071	0.742256821695909	-0.3875
TINCR	1.65568547864629	0.521828346687334	0.743026269045195	-0.1789
CDRT15	-1.9837548066992	0.521860364904551	0.743026269045195	-0.7375
SLC11A1	-1.9837548066992	0.521860364904551	0.743026269045195	-0.7375
LAMB2P1	-1.9837548066992	0.521860364904551	0.743026269045195	-0.7375
RANBP3L	-1.9837548066992	0.521860364904551	0.743026269045195	-0.7375
MAP3K11	5.7505654076854	0.522005276641778	0.743146286917453	-0.0681
ZNF528	2.88801833561272	0.522026072711953	0.743146286917453	-0.1161
LOC105375354	-1.26488833361795	0.522378237391066	0.74340887865276	-0.6535
LOC100506272	0.856517722298695	0.522577023430701	0.74340887865276	-0.2324
GTF3C2-AS1	-1.9024340175115	0.522745466428568	0.743515311752389	-0.9436
LOC100131257	-1.9024340175115	0.522745466428568	0.743515311752389	-0.9436
TTC31	3.86377720962909	0.522814369168495	0.743515311752389	-0.0869
MYO7A	1.42841090239027	0.522987122742731	0.743515311752389	-0.245
CCNG1	6.42292287368823	0.523126689359679	0.743515311752389	-0.0602
TMEM251	-1.90230474692498	0.523127331431252	0.743515311752389	-0.9417
C14orf142	-1.90230474692498	0.523127331431252	0.743515311752389	-0.9417
TOMM20L	-1.26476037549192	0.523317365818769	0.743650800216973	-0.6524
PPP2R5A	5.1430521237073	0.52337033730821	0.743668187881279	-0.0684
LOC100507424	0.651790727827822	0.523583879923724	0.743855821936771	-0.2987
DDX49	4.64444866161458	0.524182783130779	0.744474940783841	-0.0783
NEIL2	3.90153065536586	0.524657070048391	0.745032355098034	-0.09
SDR39U1	1.28671630866336	0.525103591275369	0.74532036521575	-0.2006
SMUG1	4.51371985903815	0.525173592104635	0.74532036521575	-0.0905
SPATA20	4.31959730093956	0.525174663152487	0.74532036521575	-0.0957
LRP2BP	1.66351436675467	0.525475592568229	0.745474629391689	-0.1856
SNORD4A	-0.751791559378083	0.525499497313418	0.745474629391689	-0.4964
SNORA55	-0.679999344701206	0.525617247756652	0.745474629391689	-0.4583
FAM179B	3.67270675890232	0.525640879989787	0.745474629391689	-0.1092
AES	7.12524216321876	0.525682606254144	0.745474629391689	-0.0582
SPDYE2B	-1.37186077438897	0.525702111982413	0.745474629391689	-0.742
ZNF224	2.30116550813401	0.525816489653627	0.74553475494937	-0.1501
KCNMB2-AS1	2.42839938993869	0.525827426858463	0.74553475494937	-0.1416
PRPSAP2	4.98755069116052	0.52713244373945	0.747052652025407	-0.068
ZDHHC8	3.36496008323758	0.527174598910518	0.747052652025407	-0.0999
VWF	-1.98327455636933	0.527184449827088	0.747052652025407	-0.7489
DNAJC27	2.08711356196279	0.527674157966778	0.747283241485693	-0.1481
MINPP1	4.15742673453655	0.527674321572168	0.747283241485693	-0.0783
GLIPR1L2	-1.98314501264852	0.527689194669945	0.747283241485693	-0.7469
NPIPA5	-1.98314501264852	0.527689194669945	0.747283241485693	-0.7469
LOC101929412	-1.98314501264852	0.527689194669945	0.747283241485693	-0.7469
ZRANB3	3.64819675777828	0.527702330986057	0.747283241485693	-0.0904
E2F8	5.38599115955925	0.528176639154298	0.747868655776913	-0.0713
SIX3	0.322233178308979	0.528210914087835	0.747868655776913	-0.3217
FKBP9	6.89707855315953	0.528327100792464	0.747975149442979	-0.0565
TRUB2	5.30751306797764	0.528413021489738	0.747980780050916	-0.0653
MLLT4-AS1	-1.42808571528219	0.528796667196813	0.748291756944811	-0.6517
GRIN2C	-1.90156688176739	0.528973807520984	0.748368399729006	-0.9457
CNN1	-1.90156688176739	0.528973807520984	0.748368399729006	-0.9457
LINC00997	1.53755248667673	0.529074660767617	0.748453080741854	-0.1718
ADHFE1	-1.26501628104597	0.529415773733513	0.748819583580926	-0.6544
CXCR5	-1.98401377799246	0.529565520559656	0.748973360965066	-0.7434
BEST4	-1.26536029572118	0.529782458835059	0.74916410290417	-0.6466
LOC100129973	-1.26355984420292	0.530000674117983	0.749414631453637	-0.662
XPO6	7.27381189479204	0.530059146726634	0.749439264454882	-0.0607
POM121L1P	0.266328181177319	0.530259706718524	0.749622174717983	-0.291
LINC00638	-0.612117881478216	0.530378436508772	0.749716510793971	-0.4274
LPIN2	4.36707889661754	0.530450840944972	0.749760804606024	-0.0895
MSRA	3.25706430454188	0.530512798719822	0.749790326966715	-0.111
BTN3A2	4.40533772677009	0.530872524887768	0.750182584902167	-0.0798
HIRIP3	5.57479517371772	0.530919642796863	0.750191098986031	-0.1138
SULT1B1	-1.9025632769465	0.531334546468603	0.750719253953317	-0.9435
C11orf74	4.05191184935442	0.531838596500384	0.751256996108868	-0.1139
IL17RD	4.22368699506372	0.531887381348739	0.751267778251651	-0.0899
LNX1	-0.751286347065095	0.532087838063025	0.751456239834657	-0.4879
ACTR5	3.68455941964822	0.532266445818444	0.751570595936384	-0.1104
SNORD14D	-0.61329194219199	0.532523967929303	0.751817922706469	-0.4203
SEC61A1	7.95258946988085	0.532797424873321	0.751958717350489	-0.0634
REPS2	4.39309341377478	0.532871930034028	0.751958717350489	-0.0769
MIR4712	-1.90304225305715	0.532907324832516	0.751958717350489	-0.93
TRPA1	-1.90304225305715	0.532907324832516	0.751958717350489	-0.93
SVOPL	-1.26463240666632	0.532997324057963	0.752020955870018	-0.6498
ZNF786	3.55232075931472	0.533103574302326	0.75209554823374	-0.0928
CAV2	8.02555867174607	0.533247191375255	0.75214098166937	-0.0711
ENC1	6.12890225877585	0.533861312261848	0.75271641308714	-0.062
COLEC11	0.192918186888167	0.534114955314558	0.752957731600199	-0.3128
MAP4K2	3.84495699659295	0.534318568188718	0.753186609594103	-0.1017
TMEM87A	5.92783758947064	0.534936330142864	0.753999200361962	-0.0611
PARD3B	2.77836102550784	0.535276822233856	0.7543632955805	-0.1129
ZCWPW2	-0.941616060826923	0.535656616128568	0.754781351037599	-0.6126
WNT4	-0.613166084228915	0.536583247507756	0.755853685686852	-0.4187
LOC100507144	-0.613166084228915	0.536583247507756	0.755853685686852	-0.4187
TARBP2	4.48975831606671	0.53665847666733	0.755901330918817	-0.0771
FAM96B	5.2999501260941	0.536748481886259	0.755969779765125	-0.0731
GCSHP3	0.556724741583939	0.537102069497598	0.756351078428583	-0.251
C9orf84	-0.117663329337536	0.537763955671171	0.757107949003848	-0.3187
CNKSR3	2.14191739972383	0.538526414580808	0.758122935270453	-0.1335
LOC155060	1.23114959103755	0.538607832552629	0.75817908790815	-0.208
RASSF8-AS1	0.65433997940527	0.538775402225904	0.758356495222522	-0.2489
ARHGAP35	7.57944987461955	0.539062881639935	0.758527205735984	-0.0555
ZNF329	3.5886862061673	0.539317080650837	0.758767927278181	-0.096
SUOX	3.75426295146733	0.539792814572423	0.759361499226495	-0.0844
TCEANC	-0.0668596294642129	0.540441098800642	0.760061923059523	-0.3713
LOC105369214	-1.26343177603032	0.540444994699587	0.760061923059523	-0.6626
LINC01123	2.98282876260323	0.540707865465429	0.760255914351268	-0.111
LOC105376902	-0.712606185660222	0.540834627429535	0.760293800680413	-0.4071
C5orf63	3.01761655381665	0.540867720521328	0.760293800680413	-0.1012
TMEM243	3.51563938134205	0.540982298535703	0.760293800680413	-0.0895
NFU1	5.52628336184166	0.540997604441639	0.760293800680413	-0.0643
C8orf76	2.24634803888264	0.541022470905824	0.760293800680413	-0.1426
HSD17B7	4.48223910252502	0.541031801983759	0.760293800680413	-0.073
NEK11	2.81548031858359	0.541067980852318	0.760293800680413	-0.1181
PTTG1IP	7.30246830470505	0.541676769265562	0.760973535953221	-0.0581
FAM3C	7.8105867198854	0.541760620724532	0.76103277100239	-0.0595
LOC105374382	-1.37246228770673	0.542342778471321	0.761785110416803	-0.7257
IL1B	-0.237126020720519	0.5423796486195	0.761785110416803	-0.3337
PIGN	3.9961971735286	0.542994126821411	0.762413534783239	-0.0896
LRRIQ3	0.669421123592801	0.543401529216089	0.762868218807208	-0.2175
PKI55	2.15619028776049	0.543469509353917	0.762904987525191	-0.1578
TSPAN10	1.42798222999149	0.544127756552712	0.763594152019857	-0.1958
TRAPPC3	6.96213616566633	0.544298630624508	0.763716532217433	-0.0542
CLEC18B	-1.26595998588857	0.544357468862917	0.763740389760329	-0.6348
ARHGAP39	4.40237641355137	0.544463811502583	0.763830887788454	-0.0798
DNM1P35	-1.16551144526418	0.544666129295387	0.764056005564514	-0.5692
N6AMT1	2.81739950986862	0.544888690811766	0.764309484399508	-0.1152
GPD1	-1.37392071602354	0.545148074556872	0.764555830768245	-0.6893
EIF2B4	4.46623466048132	0.545278427398294	0.764673312252486	-0.0747
DMKN	6.39511181506751	0.545315614166034	0.764673312252486	-0.0578
CD68	5.41436227209194	0.545704411092025	0.764983469929818	-0.0935
TMEM102	3.0294498904489	0.54579042754522	0.764986567774705	-0.1216
TMEM147-AS1	1.92435710420928	0.54600464273242	0.765169322002231	-0.1527
ATG2B	3.64777557765117	0.546246773209097	0.765449884226687	-0.0839
LOC101927160	-1.90317146039733	0.54644969709641	0.765675467817336	-0.9256
LOC101927401	-1.16563911842569	0.547014904923238	0.766290984060669	-0.57
ZBED5	4.82052023772868	0.547170143983177	0.766447785089292	-0.0741
CLPTM1	6.36692575975765	0.547491745192296	0.766723634568162	-0.0672
IRAK4	3.9903117076121	0.547861878091211	0.76712428642684	-0.0832
LOC730202	-1.90278380494609	0.548747980779795	0.768129361839897	-0.9108
APEX1	6.82595374317739	0.549447222277722	0.768872335574282	-0.0567
MAP1S	4.40857615961793	0.549501263402629	0.768889021589514	-0.0755
EIF3K	6.90928375053388	0.549594424109825	0.768960438883275	-0.066
DFNB31	3.16831596978227	0.550068554796481	0.769387950993301	-0.0971
MAML2	5.45447279388611	0.550146832824841	0.76943848770783	-0.0623
HSPB1	7.81011605048228	0.550267031069967	0.769488695458699	-0.0578
DCAF13P3	-1.16418666805539	0.550537599364442	0.769690183335675	-0.5769
KSR2	2.16129452175753	0.550950516045955	0.770208486173133	-0.1423
RAB28	4.09263729262454	0.551119973267336	0.770327404637354	-0.0738
BUD31	5.90600843510978	0.55211191164603	0.771514879521222	-0.0594
PI16	-1.26321543645226	0.552267260037456	0.77163562675982	-0.6809
RRAGA	4.49869618228602	0.552655413915491	0.772059782402908	-0.092
AP1S1	7.52102226391078	0.552824408821072	0.772236774614545	-0.0622
NPDC1	4.839689558641	0.552921391739661	0.772313154368727	-0.0654
APPL1	6.08390163294385	0.553422423130383	0.77295384872376	-0.0608
SPATA41	-0.430853089297449	0.553863763013403	0.773476699049899	-0.4213
GTF2IP1	4.5068369941418	0.553881512197597	0.773476699049899	-0.0818
ZNF740	5.413694293772	0.554022813211973	0.773555677093521	-0.061
AIFM2	6.16118576808634	0.554347155907819	0.773949348291002	-0.0627
WIPF3	-1.26681505426505	0.554724387037381	0.774299951303709	-0.6147
NUP37	5.66833136211388	0.554725518355676	0.774299951303709	-0.0662
FAM57B	-0.548521415887878	0.554785124903077	0.774323948029861	-0.3946
PVRL2	5.75827695677764	0.554878388248601	0.774373648008771	-0.0615
NDUFV1	7.27612586268798	0.554958454912274	0.774388255971755	-0.0616
CCR1	-1.16371561088554	0.555101207281321	0.774409876213342	-0.5847
ADCY5	-1.16371561088554	0.555101207281321	0.774409876213342	-0.5847
LINC00893	0.300139250206072	0.55525202783539	0.774561092699845	-0.2677
CYP4V2	2.22482403080202	0.555622382193418	0.774959294775998	-0.1281
PFKFB3	5.37777046250033	0.555696930771533	0.775004061739122	-0.0606
CBX5	8.80824053921527	0.555868375751147	0.775124737833253	-0.0549
SUMO2	7.90630597041588	0.556022415431624	0.775161910356604	-0.0542
TAGLN	2.05954997184976	0.556123381848653	0.775243468160432	-0.1474
MOB3B	3.56126599507177	0.556215921623634	0.775313267554483	-0.0996
FOXO6	2.46099167785305	0.556786044810067	0.77593506150424	-0.1208
TRPV2	-0.0063264752000769	0.556796310487156	0.77593506150424	-0.3173
UCP3	-0.163091088634425	0.55682209062426	0.77593506150424	-0.3575
POP4	5.90570571640272	0.556832013626591	0.77593506150424	-0.0576
RFC5	5.63007379136711	0.557393494556288	0.776551939532515	-0.061
RAD9B	0.65344385471449	0.557515877945047	0.776571262408188	-0.2473
PSMB4	7.85269669083356	0.557516462825379	0.776571262408188	-0.0893
LRRC29	-1.11919726861111	0.557543795814205	0.776571262408188	-0.6565
LYRM5	3.52499943522295	0.557841345767809	0.776867160602419	-0.0903
CCDC42B	-1.16598196674289	0.558335975206374	0.777437385658422	-0.5593
LOC101927770	-0.481969914574725	0.558613943601227	0.77770579992252	-0.4431
LOC105369445	-0.752591812172492	0.558987593482663	0.778036464561421	-0.4652
PDE7B	-0.486315743197714	0.559021927347292	0.778036464561421	-0.3616
LSAMP	1.01765514095707	0.559122081608109	0.778116536197412	-0.1948
CTSW	-1.16456998252864	0.559219375176093	0.778164938435731	-0.5831
LOC90784	2.20363494572512	0.561283942359567	0.780441673393331	-0.1469
SIGLEC16	-1.7499851381551	0.561464455313568	0.780602779392621	-0.744
RTCA	5.40087065609276	0.561822746200953	0.780922495404644	-0.0611
DNAJC21	7.72782012410571	0.561973497691833	0.780953655618642	-0.0566
IRAK2	1.23901345500803	0.562209759955983	0.78122251314937	-0.2094
EEF1G	10.3084126886153	0.562566028201969	0.781598585301	-0.0541
LNP1	2.25244562168647	0.562679375699655	0.781696574292132	-0.1225
LOC100506747	-1.07196316788223	0.56293194294244	0.781987943262607	-0.5034
SLC16A13	3.32722891420067	0.563143532188006	0.782187411339492	-0.0953
LINC00998	5.40863061780543	0.563731282045062	0.782860055150971	-0.0708
C4orf36	-0.548478631347298	0.564007862014463	0.78318456902229	-0.3829
TRIM66	3.73953140062945	0.564307492133886	0.783358810109213	-0.1027
NLRP3	-1.75011416915193	0.564347889491475	0.783358810109213	-0.7451
PATE4	-1.75011416915193	0.564347889491475	0.783358810109213	-0.7451
FTO-IT1	-1.82297579040072	0.564665687958481	0.783680766258935	-0.5662
SNORA29	-1.82297579040072	0.564665687958481	0.783680766258935	-0.5662
LDAH	4.17325544501632	0.564751644968247	0.78368090837187	-0.0836
MICA	-1.90352107879048	0.565046613825063	0.783914677238231	-0.8837
NDUFA13	6.75917865428517	0.565502847122529	0.784484800689125	-0.0603
KATNBL1	5.18742144696122	0.565639302655582	0.784614475289136	-0.0672
ZNF620	1.87882750094019	0.565867651376268	0.784774590653655	-0.1592
LOC644656	1.1555522898736	0.565966005457022	0.784804719036038	-0.1867
STX2	3.68883792977286	0.566137783086368	0.78494807989859	-0.0855
HSD52	-1.75059185010144	0.56629438664829	0.785040844976362	-0.7368
LINC00162	-1.75059185010144	0.56629438664829	0.785040844976362	-0.7368
NYAP1	-0.488067333611566	0.566673496942539	0.785332981111591	-0.3487
LINC01237	-1.07255984503149	0.567080486626788	0.785608047549974	-0.4986
SLC37A3	5.62863680109147	0.567225015199456	0.785679808610112	-0.0569
FLJ46906	0.0366039435098075	0.56734585130317	0.785724364679377	-0.307
CD226	-1.98240536563229	0.567373135805411	0.785724364679377	-0.7821
KLHDC3	6.20437195103375	0.567394871716798	0.785724364679377	-0.0638
LOC100996251	-1.8231050408524	0.567782881875392	0.785915861059758	-0.5693
GINS2	5.35623200261012	0.567945177107361	0.786080906237451	-0.0581
LOC221946	0.350862576431205	0.568226996845397	0.78635173244463	-0.2816
EXOSC5	4.74494872090268	0.568603901402812	0.786744392650184	-0.0733
TOP3A	5.27684547825961	0.568679445542582	0.786744392650184	-0.0621
RP1L1	1.26271355645991	0.568683118175495	0.786744392650184	-0.2127
C10orf95	-0.648201885418849	0.568764015524651	0.78675176466477	-0.4915
STK36	3.95930200238824	0.568774637929756	0.78675176466477	-0.0841
SNORA1	-0.51571658742884	0.568883981940822	0.7867837859327	-0.308
FLJ32255	2.120047986254	0.568983533227287	0.786851848627284	-0.1327
KCNJ14	1.6908103535987	0.56923737568871	0.787093655273278	-0.2026
SERP1	7.48391751962917	0.569426046749659	0.787294903776263	-0.0537
NTN3	-1.75072082948508	0.569566685823083	0.787370090594139	-0.7372
ABCA17P	0.40551579261778	0.569638731402687	0.78741006136802	-0.2529
ASGR1	-0.578626864265268	0.570378512994233	0.788134281957518	-0.333
SRGAP2	6.04561833329511	0.570530942759067	0.788285241126885	-0.0553
ATP5E	-1.75046285966117	0.570837975572432	0.788622325926947	-0.7324
LOC646471	0.483346212320266	0.570916029746119	0.788638244479808	-0.2566
CHKB-AS1	0.857281443980357	0.571031684562806	0.788738324383642	-0.2338
COPZ1	6.77366938768854	0.571933565888207	0.78968531075897	-0.052
IER3IP1	5.4900902548152	0.572463129513676	0.790260455164081	-0.0731
FRMPD2B	-1.11945218174515	0.57276711929094	0.790537274497271	-0.6558
MALAT1	7.53108044815751	0.572975874920639	0.790765616310189	-0.0699
EPHA6	0.078610481088313	0.573034736188846	0.790787069609463	-0.2889
TMEM120A	3.0696252816674	0.574212387834698	0.79211284209689	-0.1025
EPHA1-AS1	-0.582176913462181	0.574851161416371	0.792934099192842	-0.4569
OGFR-AS1	-1.07243243432809	0.575621398746733	0.793936556022995	-0.495
LOC101928445	-0.216247610931238	0.575772191598041	0.79399051718431	-0.3514
RNF41	4.53009308296253	0.575804273316573	0.79399051718431	-0.0672
LOC105369889	-0.23605036783206	0.575909053101359	0.794033356500144	-0.3385
PKM	10.852150735959	0.577145804937181	0.795518986122741	-0.0635
HOXA13	0.0769874089168047	0.577160877037451	0.795518986122741	-0.2861
CD164	7.55335049371539	0.577660788148494	0.796087819765902	-0.0666
ATP6V0E2-AS1	-0.488650785783709	0.577962956501017	0.796323904443967	-0.341
HIST1H4K	-1.75024318908547	0.578075505151204	0.796357941540172	-0.7475
LOC728024	1.26265762530937	0.578423641035711	0.796537828373533	-0.2172
RPS6KA4	6.34702557592001	0.578809430928615	0.796948862737219	-0.0526
MED6	5.23785232243478	0.579055561989421	0.797197946208983	-0.0642
RBBP6	7.04235785590434	0.57934205684983	0.797501778755127	-0.0552
TEP1	3.7550696146731	0.579494187048433	0.797651050196501	-0.0789
SLC22A18AS	-1.82249688566078	0.57959631891463	0.797723698391003	-0.586
GNG12-AS1	-1.21632633666394	0.579634359068616	0.797723698391003	-0.7086
PPP1R9A	3.74371231278247	0.579921859985584	0.798059209701253	-0.0858
ARHGAP12	5.95569828847592	0.57998247128679	0.798082459923995	-0.0548
TMEM61	-0.118425617639633	0.580128770730815	0.798183345091943	-0.3934
IL10RB-AS1	-1.75119832127032	0.580410014155667	0.79836989288923	-0.7191
TMED1	4.45807614277156	0.580641425077552	0.798543419700591	-0.078
MED26	3.38558037164147	0.580656743351536	0.798543419700591	-0.089
SNORD45B	-0.370694765934174	0.580779180737888	0.798579281417759	-0.3087
WARS2	4.40913296008231	0.580853505797175	0.798599750271793	-0.0655
METTL4	4.53091067266782	0.58088333062331	0.798599750271793	-0.0667
LHX4-AS1	2.00225661055172	0.581005447397994	0.798647349423822	-0.1496
ZBED1	-1.02928138646483	0.581357447248003	0.798957146386653	-0.5794
OBFC1	4.35306679336376	0.581362112872497	0.798957146386653	-0.0655
ATP2A3	1.54894678600079	0.581776362800901	0.799406087557823	-0.1613
BCO2	-0.189754485975697	0.581939179571694	0.799569629130793	-0.3027
HIC2	2.61924109409534	0.582593280268669	0.80027634066496	-0.111
CDKN3	6.89405973418737	0.582957397819771	0.800486668266096	-0.0554
NBPF19	2.92711184543895	0.583276170308706	0.800696790898721	-0.1067
COCH	0.157698672736478	0.584039991154893	0.801671735227347	-0.2592
NDST2	3.05505364300455	0.584087817329084	0.801677106470172	-0.1033
NEURL1B	4.37755920111571	0.58419311712546	0.801761355152789	-0.069
KLC2	5.49673559887314	0.584577884688543	0.802147742292045	-0.0547
MUM1	4.78341362647018	0.584656162307581	0.802155636486337	-0.0623
DYRK4	4.05963563942364	0.585139849574129	0.802577993525567	-0.0803
POLR3F	4.06973504389732	0.585423878279077	0.802846472538878	-0.0719
CCSER1	0.463967482156054	0.585459134229359	0.802846472538878	-0.2755
ZSWIM7	3.20043559453206	0.585584891041599	0.802947106118028	-0.0894
LOC146880	3.8453335903672	0.58566524133514	0.802996969268819	-0.0734
PRKAB2	3.84991368897717	0.585903628791105	0.803142862833038	-0.0736
PQLC2	2.90747379037267	0.58629566824247	0.803559588546136	-0.0976
GORAB	3.43757371699116	0.586605221306845	0.80376250604052	-0.0996
ACPT	-1.75084979781389	0.586841775128918	0.803846543317561	-0.7348
FTSJ1	4.97471053211216	0.586857292360674	0.803846543317561	-0.0639
LINC00663	0.24655332925805	0.5870133897082	0.804000033199257	-0.3071
NRTN	0.34013800265809	0.58707496286675	0.804024045168446	-0.2189
NDUFB8	5.76387901568816	0.587212580105658	0.804108436051767	-0.0579
FAM21EP	-0.643340001223914	0.587224675144728	0.804108436051767	-0.3781
UNC119B	5.60789940517718	0.587378368114854	0.804258568087061	-0.0639
C2orf73	-1.82271725611922	0.587676130209557	0.804498155040649	-0.5668
LINC01503	0.860147976733671	0.587838502440401	0.804647199561517	-0.1965
CCDC74A	1.16756694865507	0.588624589808891	0.805360901712591	-0.1756
MYB	1.29394858874161	0.588715388954213	0.805364416691503	-0.1651
GUSBP4	2.4711134932518	0.589210862587287	0.80574959177125	-0.1226
C11orf45	2.35678422234861	0.590032652172798	0.806471876668238	-0.128
LINC00094	3.93341259091537	0.590041802962283	0.806471876668238	-0.0763
REP15	0.556059397336902	0.590304790999798	0.806692436895899	-0.2493
PCMTD1	4.61665435435729	0.591678229683961	0.808327303832253	-0.0647
GABPB1-AS1	2.30347168340411	0.591920147209091	0.808476298627052	-0.1092
SRRD	2.51503089515404	0.591985219774248	0.808482664137344	-0.1173
RMND1	3.67344750145646	0.592307116803963	0.80882330199515	-0.0856
EIF2AK3	3.90562227275093	0.592813916610713	0.80933374675779	-0.0778
ARMC7	3.67442902964951	0.593036307110318	0.809521371985403	-0.0922
ZNF501	1.60641301028547	0.593335112066925	0.809803065632011	-0.1467
PSMG2	6.00269662927031	0.593439184461284	0.809853677036367	-0.0563
LOC101928592	0.823425825889792	0.59346091648732	0.809853677036367	-0.1816
ZFP36	3.63254723793935	0.5937046278206	0.810125695903495	-0.0977
SPDYE2	0.231555625095638	0.593906577687254	0.810280134687879	-0.2278
ICAM3	4.0159622924578	0.594240709485728	0.810614839152017	-0.0699
KLLN	-0.264464116553892	0.594460654427597	0.81071101197405	-0.2629
CCDC183-AS1	0.641139578992073	0.594475800572179	0.81071101197405	-0.2239
EYA4	4.11948184265634	0.594488842971988	0.81071101197405	-0.0696
LINC01465	-1.21619867927068	0.594550533874611	0.810734579206372	-0.6964
GID8	6.73838611041638	0.594633879742934	0.810753512219921	-0.0491
HGFAC	-1.61203809299399	0.594653238859813	0.810753512219921	-0.6048
LOC646903	0.500358996711777	0.594912116171252	0.811041239733657	-0.2287
GLMN	3.68898820381687	0.594953126780956	0.811041239733657	-0.077
GIPR	-0.372312288263932	0.595184983086529	0.811236154339829	-0.2937
LINC00083	-1.11847954684913	0.596139636915186	0.812281677952026	-0.4079
ZNF540	-1.31973840355719	0.59617452907971	0.812281677952026	-0.7813
IFIT3	2.42330272304002	0.596611123481932	0.812815870916877	-0.1155
SNHG11	2.76373976586822	0.59675837459555	0.81295581573139	-0.1044
IL17RB	0.583634906923121	0.597487048282278	0.813705598913933	-0.2381
UBE2B	5.42914166272741	0.597786209051252	0.813991573986698	-0.0673
ZFPM2-AS1	3.08608033235066	0.598087685097845	0.814264736725119	-0.0849
SYVN1	4.7514501114095	0.598103352703397	0.814264736725119	-0.0606
CBR3-AS1	-0.343473813219897	0.598120624423962	0.814264736725119	-0.36
LOC101927572	-0.31632241772525	0.599467795835984	0.815733756766676	-0.2924
ZNF687	4.02415558503921	0.600549261124407	0.816779208156684	-0.0772
EIF3L	7.92533550516974	0.600798637243636	0.816996642198869	-0.0477
ZNF790	1.72536769520602	0.601047120393948	0.817249998904804	-0.1624
LOC729970	1.45778171877262	0.601074481556464	0.817249998904804	-0.1775
BCL10	4.55515726128617	0.601142787370991	0.817282002252369	-0.0632
ACSM6	-1.67827332761283	0.602017516032044	0.817998031438626	-0.4522
GPR21	-1.67827332761283	0.602017516032044	0.817998031438626	-0.4522
PFKFB1	-0.520675733158275	0.602077028757461	0.818003887549022	-0.4124
KRT16P2	-1.61290077957218	0.602175805965087	0.818030901832899	-0.6015
SMG7-AS1	0.0340885908227133	0.602186529893313	0.818030901832899	-0.2926
OAZ1	8.41196192280781	0.602304801152143	0.818130688231661	-0.0544
LOC101928222	-1.61190927911464	0.602461967738167	0.818261557242508	-0.603
FAM157A	-0.55256463931711	0.60258043249169	0.818261557242508	-0.5075
LTC4S	-0.42732826286818	0.602646502458327	0.818290408990645	-0.3279
CENPN	6.88828354106365	0.602811370824791	0.818453397722548	-0.0469
C5orf28	4.70012347800947	0.603115644210356	0.818744735328991	-0.0669
MIRLET7I	-1.6133769435074	0.603211007042961	0.818813305418715	-0.5921
TMEM44	3.64636994129342	0.603592765426799	0.819061725993343	-0.0769
MGC16275	0.0168101012721113	0.603664473548365	0.81906344326265	-0.2844
FAM71F2	-1.61324824284074	0.603980619075768	0.819370601311379	-0.5897
SPRY3	-1.6125145242769	0.604426221050019	0.819853264840564	-0.5951
ATXN3	2.82941570843582	0.604488588551377	0.819866311051709	-0.0973
DOC2A	1.36636536797021	0.604551538801449	0.819866311051709	-0.1895
PROC	1.57790692676174	0.604966496271742	0.820098637850815	-0.1577
SNUPN	5.06804031466441	0.6055393320793	0.820753288769745	-0.0606
LOC613037	-0.0444415542902301	0.605977693876428	0.821147998566431	-0.3514
SNORA18	2.16533648218004	0.606294252926198	0.821410603444948	-0.1347
TOB2	6.1157696432533	0.606342764509688	0.821415368721347	-0.0526
TFEB	1.23757870925792	0.606997364094459	0.821875241334157	-0.1767
TMEM65	5.42378276642214	0.607050163826138	0.821885775052653	-0.0721
MINK1	6.5093195287151	0.607136265410921	0.821896850568284	-0.0513
LOC100507487	0.173697068824039	0.607148385558933	0.821896850568284	-0.2841
ARHGAP33	2.26773210164468	0.607327443046076	0.82207828280931	-0.112
DHX58	2.09193646590838	0.607813492060372	0.822492262327044	-0.1497
SPRNP1	-1.82210894498438	0.607867514330174	0.822504398281327	-0.5895
CAPN13	-0.902268486450153	0.609031477129777	0.823774071755295	-0.4024
LOC401261	0.612516998948858	0.609666357780071	0.824266387294155	-0.2342
SPPL3	4.94406816385447	0.609809769696008	0.824399226567708	-0.073
ALG13	5.22375191651517	0.609890726462189	0.824444435624589	-0.0568
SEC61B	6.36947283011284	0.610128502355547	0.824646919301316	-0.0553
TUBD1	3.51296349436636	0.61063531230505	0.825178754624656	-0.0796
CASKIN1	-0.189709731595922	0.610728806744121	0.825178754624656	-0.289
ZNF577	1.68777332936055	0.610747991481614	0.825178754624656	-0.1526
NOX1	0.303951220400261	0.61085544209985	0.825262854360605	-0.2103
ARHGAP26	4.96092840537836	0.610926852867294	0.825298255582753	-0.0573
GOLGA8B	4.77165344967373	0.611636093576229	0.826071835868754	-0.0594
SLC12A3	-0.824043174910928	0.611676989436586	0.826071835868754	-0.3544
AP4B1-AS1	-1.61350563321316	0.611956589832015	0.826322448518733	-0.5904
ZNF215	2.26154163029941	0.612034888590955	0.82634309659586	-0.1161
MFSD2A	2.10016195933456	0.612062409737578	0.82634309659586	-0.1215
FAM228B	1.98264074125904	0.61218664030025	0.826449700903746	-0.1176
GPR39	3.02227109719698	0.612353139112256	0.826613347207435	-0.0857
CENPBD1	3.78310593026902	0.612730838878712	0.826939764513179	-0.0725
MAP3K12	2.00818586857032	0.613199752588952	0.827389111845078	-0.1178
EIF5A	10.2449897397249	0.613531259579856	0.827714061106256	-0.0615
UNG	6.56972964156632	0.614170318180785	0.828270172764158	-0.0463
DGUOK	5.29572055928108	0.614912443824865	0.828923487025145	-0.0554
LOC101928063	-1.61311953121138	0.614933003742229	0.828923487025145	-0.5804
TFE3	4.91907086489572	0.614984415937603	0.828923487025145	-0.055
PRDX3	7.13636477359926	0.615128085788232	0.829005449217161	-0.0549
EIF2AK1	8.25531865591927	0.61555678934388	0.829358712900307	-0.05
NACC2	5.25919778763563	0.615923131638252	0.829716901481341	-0.0662
FAM185A	2.76749021421835	0.616265217810067	0.830098883159538	-0.1263
RAD9A	3.29914647499163	0.616299313230959	0.830098883159538	-0.0833
AXL	7.91413245613285	0.616506290127499	0.830316402255081	-0.0482
OPHN1	3.5819229963776	0.616586527801394	0.830363208287271	-0.076
ELFN2	6.12465906571934	0.616814054736776	0.830577491214844	-0.0545
FDPSP2	-0.787802904738507	0.616929454062443	0.830641206089237	-0.4265
STK11	5.18842015027788	0.617141076794521	0.830803591030217	-0.0666
NME5	-0.863809454841328	0.617446210511316	0.831054084232805	-0.4607
TRNE	0.248700140115658	0.617509238202126	0.831054084232805	-0.2492
PPP5C	6.15548118473928	0.617809505784655	0.83133561860431	-0.0475
PERM1	1.31058378228003	0.617994555473652	0.831444868451127	-0.1663
PNMT	-1.67766670059464	0.618040172060579	0.831444868451127	-0.473
SRA1	5.07093885938684	0.618680880478608	0.832140142490051	-0.0572
ADGRL3	0.319504105911643	0.618862703494294	0.832262063719472	-0.2382
LOC105376684	-0.266433289768618	0.61916164821603	0.832541434030481	-0.3667
CTDSP2	6.12446175849683	0.619650728637751	0.832938760466203	-0.0586
FANCL	5.3034478766871	0.619685267564196	0.832938760466203	-0.0524
LOC105376068	-1.48679814499306	0.619864830279917	0.833077362081382	-0.499
TTC9C	4.72774763662619	0.620145058234064	0.83318870938483	-0.0638
BEND6	3.70387368318583	0.620474325005256	0.833453133131258	-0.0738
UGT1A4	-0.714628227006246	0.62047883065222	0.833453133131258	-0.3933
RBM26-AS1	1.19337119394342	0.620683495450867	0.833482743137258	-0.1731
NMNAT3	0.353306453168142	0.620755793856377	0.833496456590183	-0.2246
COL4A2	-0.214363940372902	0.621054807833333	0.833588995885884	-0.245
LOC101928793	-0.214363940372902	0.621054807833333	0.833588995885884	-0.245
GUSBP1	3.6008948483358	0.621126222162227	0.833588995885884	-0.0698
LOC102724235	-1.48619451390826	0.62117357033477	0.833588995885884	-0.5033
DNAJC12	-1.48619451390826	0.62117357033477	0.833588995885884	-0.5033
ARHGAP30	-1.61398161026082	0.622203254375326	0.834541371822493	-0.5703
ARHGEF26	-1.61398161026082	0.622203254375326	0.834541371822493	-0.5703
EIF1	8.51209439561165	0.62355426173023	0.8358663555272	-0.0633
TNFSF4	-1.48740154048525	0.623562186334438	0.8358663555272	-0.4936
LOC101927592	-1.48740154048525	0.623562186334438	0.8358663555272	-0.4936
CHRNA10	0.386329159407614	0.623696931074539	0.8358663555272	-0.2118
ERLIN2	4.74853176181129	0.623727857403029	0.8358663555272	-0.0556
HIST1H3H	-0.715217527858519	0.623740543456784	0.8358663555272	-0.3893
FAM134C	4.74173486659654	0.623946582684005	0.836081093179624	-0.0701
ACRBP	-1.54719410340319	0.624066205876853	0.836118644832514	-0.3584
PLCB4	4.45232646625364	0.624352879238039	0.836441341701742	-0.0648
ADA	4.03808488386355	0.625021597312791	0.837152918601783	-0.0772
GLE1	6.93472093061749	0.625162142174604	0.837218314813643	-0.0443
PIN1	6.07143466850062	0.625543726433468	0.837606444900204	-0.0484
GYS1	5.30863484189728	0.626373000590043	0.838470853407525	-0.0497
GDE1	7.0619725152873	0.626660025342603	0.838732069109572	-0.0437
CA7	-1.54732283380825	0.626777312906809	0.838766062485465	-0.3609
TTC9B	-1.54732283380825	0.626777312906809	0.838766062485465	-0.3609
BAG6	-0.216079068725679	0.627036715208282	0.83899019883043	-0.3412
C2CD4D	-0.0727065165545344	0.627256059356062	0.839099188070951	-0.2954
ISM1	-0.0727065165545344	0.627256059356062	0.839099188070951	-0.2954
IL20RB	1.49872964759405	0.627333394056829	0.839141151956439	-0.1357
TMEM68	3.57518465985615	0.628161641097136	0.840056431794047	-0.0764
ST3GAL3	2.75951777163885	0.628291628169107	0.840056431794047	-0.0913
ZDHHC16	4.60445940518083	0.628873154029038	0.840056431794047	-0.0559
NDUFA11	5.39268596825132	0.629279347799665	0.840056431794047	-0.0622
PGAM1	7.43230401422248	0.629557306528279	0.840056431794047	-0.0461
ARPP19	7.64724775060341	0.63016352671147	0.840056431794047	-0.0427
RNF19A	4.57090197156229	0.631870697864515	0.840056431794047	-0.0556
ARL6IP6	4.63562327700808	0.632109721189673	0.840056431794047	-0.0572
GNB5	4.33763474965664	0.632210845870939	0.840056431794047	-0.0631
ALDH16A1	5.13083206384955	0.632643392323863	0.840056431794047	-0.055
GEMIN2	3.61719129091598	0.632972781819191	0.840056431794047	-0.084
DCAKD	4.80193433017569	0.63310648688989	0.840056431794047	-0.069
EDARADD	-2.48551543972286	0.633171368398668	0.840056431794047	-1.2061
MRPL23-AS1	-2.48551543972286	0.633171368398668	0.840056431794047	-1.2061
VSTM1	-2.48551543972286	0.633171368398668	0.840056431794047	-1.2061
DDC	-2.48551543972286	0.633171368398668	0.840056431794047	-1.2061
RHCG	-2.48538519858687	0.633171368398668	0.840056431794047	-1.2037
SFTPB	-2.48538519858687	0.633171368398668	0.840056431794047	-1.2037
LINC01398	-2.48612960809541	0.633171368398668	0.840056431794047	-1.1965
DCT	-2.48612960809541	0.633171368398668	0.840056431794047	-1.1965
HSD17B13	-2.48612960809541	0.633171368398668	0.840056431794047	-1.1965
C1orf195	-2.48599942075928	0.633171368398668	0.840056431794047	-1.1941
MIR6732	-2.48599942075928	0.633171368398668	0.840056431794047	-1.1941
CYP4X1	-2.48599942075928	0.633171368398668	0.840056431794047	-1.1941
LOC101928370	-2.48599942075928	0.633171368398668	0.840056431794047	-1.1941
LINC00167	-2.48599942075928	0.633171368398668	0.840056431794047	-1.1941
FKSG29	-2.48599942075928	0.633171368398668	0.840056431794047	-1.1941
LOC100288846	-2.48599942075928	0.633171368398668	0.840056431794047	-1.1941
ABCC11	-2.48599942075928	0.633171368398668	0.840056431794047	-1.1941
CNTD2	-2.48599942075928	0.633171368398668	0.840056431794047	-1.1941
LOC105372412	-2.48599942075928	0.633171368398668	0.840056431794047	-1.1941
NREP	-2.48599942075928	0.633171368398668	0.840056431794047	-1.1941
SPDYE16	-2.48599942075928	0.633171368398668	0.840056431794047	-1.1941
SNORD103B	-2.486743524008	0.633171368398668	0.840056431794047	-1.187
HOXC-AS3	-2.486743524008	0.633171368398668	0.840056431794047	-1.187
NPIPB15	-2.486743524008	0.633171368398668	0.840056431794047	-1.187
LOC105373498	-2.486743524008	0.633171368398668	0.840056431794047	-1.187
SNORD119	-2.486743524008	0.633171368398668	0.840056431794047	-1.187
HIST1H1D	-2.486743524008	0.633171368398668	0.840056431794047	-1.187
PLCH2	-2.48661339042885	0.633171368398668	0.840056431794047	-1.1845
C1orf146	-2.48661339042885	0.633171368398668	0.840056431794047	-1.1845
LOC103021295	-2.48661339042885	0.633171368398668	0.840056431794047	-1.1845
LINC01132	-2.48661339042885	0.633171368398668	0.840056431794047	-1.1845
CD5	-2.48661339042885	0.633171368398668	0.840056431794047	-1.1845
ZNF559-ZNF177	-2.48661339042885	0.633171368398668	0.840056431794047	-1.1845
LGALS7B	-2.48661339042885	0.633171368398668	0.840056431794047	-1.1845
MIR4782	-2.48661339042885	0.633171368398668	0.840056431794047	-1.1845
C20orf197	-2.48661339042885	0.633171368398668	0.840056431794047	-1.1845
MYRIP	-2.48661339042885	0.633171368398668	0.840056431794047	-1.1845
HIST1H2BI	-2.48661339042885	0.633171368398668	0.840056431794047	-1.1845
RRS1-AS1	-2.48661339042885	0.633171368398668	0.840056431794047	-1.1845
UPK1A-AS1	-2.48735718766063	0.633171368398668	0.840056431794047	-1.1775
AHSG	-2.48735718766063	0.633171368398668	0.840056431794047	-1.1775
LOC101928942	-2.48735718766063	0.633171368398668	0.840056431794047	-1.1775
LOC729732	-2.48735718766063	0.633171368398668	0.840056431794047	-1.1775
OR10AD1	-2.48722710779568	0.633171368398668	0.840056431794047	-1.1751
VWA8-AS1	-2.48722710779568	0.633171368398668	0.840056431794047	-1.1751
LOC728392	-2.48722710779568	0.633171368398668	0.840056431794047	-1.1751
TBC1D26	-2.48722710779568	0.633171368398668	0.840056431794047	-1.1751
SNORA80B	-2.48722710779568	0.633171368398668	0.840056431794047	-1.1751
LOC401010	-2.48722710779568	0.633171368398668	0.840056431794047	-1.1751
ZPLD1	-2.48722710779568	0.633171368398668	0.840056431794047	-1.1751
OSTCP1	-2.48722710779568	0.633171368398668	0.840056431794047	-1.1751
CCAT1	-2.48722710779568	0.633171368398668	0.840056431794047	-1.1751
TCEA3	0.763147296501179	0.633348106937972	0.840168801065224	-0.1765
GAS2	-0.0284617011725329	0.633863947118014	0.840730908063533	-0.2758
WIPI2	6.47103593296067	0.634048121154419	0.840853007394673	-0.0539
LOC102724352	-0.899765872804711	0.634816661723959	0.841505444120868	-0.4376
KIFAP3	3.76153630428448	0.635806859998838	0.842612595797486	-0.0764
TBC1D7	3.42111253967855	0.635836498669269	0.842612595797486	-0.0929
EFCAB11	2.53858156332059	0.637033905607233	0.843957365699499	-0.1135
CENPT	4.10683593515297	0.638001261374871	0.844372387554661	-0.0697
USHBP1	-2.37228461442447	0.638020628378362	0.844372387554661	-1.5512
LOC400927-CSNK1E	-2.37228461442447	0.638020628378362	0.844372387554661	-1.5512
LOC105376336	-2.37228461442447	0.638020628378362	0.844372387554661	-1.5512
LINC01285	-2.37228461442447	0.638020628378362	0.844372387554661	-1.5512
LOC646029	-2.37215470482324	0.63812097277052	0.844372387554661	-1.5471
PATL2	-2.37215470482324	0.63812097277052	0.844372387554661	-1.5471
Sep-04	-2.37215470482324	0.63812097277052	0.844372387554661	-1.5471
CEACAM16	-2.37215470482324	0.63812097277052	0.844372387554661	-1.5471
LOC101929231	-2.37215470482324	0.63812097277052	0.844372387554661	-1.5471
UPK3A	-2.37215470482324	0.63812097277052	0.844372387554661	-1.5471
SGK494	2.80725581842215	0.638207283892121	0.844372387554661	-0.0993
GHET1	0.015026962026238	0.638624584867088	0.844713115587129	-0.2603
LOC105372109	-0.646784949597455	0.638730820931462	0.844732866857761	-0.3519
TLDC1	5.70901113395887	0.638732060369442	0.844732866857761	-0.0488
RANGRF	0.745650037430949	0.638814494213517	0.84478068861731	-0.2316
SLC25A5-AS1	1.19099013252382	0.638999662079223	0.844903152815115	-0.1652
KIAA1875	-0.242192415553683	0.639464800855594	0.845456938327037	-0.2801
ALG1L	-0.749482828645039	0.639663899561245	0.845658928987623	-0.3172
ARL17A	0.500218454866926	0.639887152261852	0.845797387989734	-0.2166
ADCY9	3.67975191690745	0.639941813161975	0.845797387989734	-0.0737
MRPL17	5.58462751077571	0.639953950498587	0.845797387989734	-0.0503
HOGA1	0.868444065957395	0.640469110568887	0.846355706300804	-0.1972
TRAPPC2B	3.12992714354644	0.640616067083844	0.846488630622658	-0.0827
SNORD15B	-1.61363431195979	0.640888557596291	0.846726118647988	-0.5853
MIR6859-4	-1.61363431195979	0.640888557596291	0.846726118647988	-0.5853
TTC30A	3.01102260980954	0.641195963725094	0.846990802449485	-0.0833
IGIP	2.70001208770084	0.642239182939722	0.848114184779724	-0.0911
CDK20	2.47456839405048	0.642437535830979	0.848281473609891	-0.0944
ACTB	11.7857777660396	0.64251351025755	0.848320434169512	-0.0477
ZNF888	3.64324524767004	0.642992137479626	0.848758780043811	-0.0661
ZFHX2	0.867448596574077	0.64303147933753	0.848758780043811	-0.197
REEP2	-1.21077019189385	0.643254213203622	0.848883383784984	-0.5371
LOC105371697	0.70982729023754	0.643391449184707	0.848981504287276	-0.229
CEP120	4.68630976987815	0.643460099968782	0.848981504287276	-0.0519
EEF1A1	12.9906002175501	0.643534344650945	0.848992845494122	-0.0465
THAP1	3.51211683087306	0.64418216809152	0.849700301023149	-0.0683
Mar-09	3.33143589235345	0.64419009758967	0.849700301023149	-0.079
DDX19B	4.98032618683133	0.644247213727151	0.849700301023149	-0.0585
KIF24	3.80578812897992	0.644374758617733	0.849733140228643	-0.0653
ADM	4.21058275654757	0.644955348715873	0.850375909732557	-0.0598
EEF2KMT	2.85711616833255	0.64511722096925	0.850527911173151	-0.1063
LARP6	4.0181518584634	0.645466735420135	0.850887500951371	-0.0591
ZNF410	5.18606226656282	0.64554646206198	0.850909473747545	-0.0526
POLR2J3	3.55002154554989	0.645922145298934	0.851281741595245	-0.07
RAD21-AS1	-0.579716933169705	0.646074749618755	0.851359941463837	-0.3311
LOC101927854	-1.42757214208116	0.646292276848016	0.851470914775939	-0.6344
LINC00672	0.266749583859042	0.646423124130182	0.851573138556834	-0.2201
TRAPPC11	5.16136810205183	0.646878264921565	0.851865368564387	-0.0524
COPS7A	6.18572732674096	0.64737544824344	0.852207137698898	-0.0462
TMED10P1	0.959523940911794	0.647417878656114	0.852207137698898	-0.1715
LOC100147773	-1.37113671871235	0.647643957951322	0.852381810710066	-0.4231
TIAF1	-1.37113671871235	0.647643957951322	0.852381810710066	-0.4231
DSG2-AS1	-1.37173851028665	0.648436617501504	0.853117533086441	-0.4177
ESRRA	5.23170291035659	0.649103585290477	0.853933490888733	-0.0671
RBBP8	5.97770847855956	0.649190018567885	0.853985659243069	-0.0495
MIR3934	-1.42890559027166	0.649302815844233	0.854072498454667	-0.6244
SNORD80	1.6488906938906	0.649747767013078	0.854490780562909	-0.1507
LINC-PINT	2.91038559982252	0.649808435392896	0.854491305663957	-0.0835
UBE2Z	6.46145400820322	0.649907876898265	0.854560515748684	-0.0445
BPGM	4.49593739222276	0.650826315745397	0.855583295186	-0.0565
PTPMT1	5.731647269924	0.651190450291816	0.855938718448224	-0.0465
MOV10	5.62385795298513	0.651605272518432	0.856360654747426	-0.0448
FBXL14	4.03913908131999	0.651938126268776	0.85667475945892	-0.0589
FMR1	7.15192639828968	0.652499399530264	0.857288883614574	-0.0398
L3MBTL2	4.8218840920899	0.652919437655888	0.857655580216282	-0.0494
SNORD6	-0.747499050225083	0.653043558557742	0.85775690373625	-0.3521
LOC105376502	-0.517597090511567	0.653154639357276	0.857779375304398	-0.2963
BLOC1S2	4.74894630773818	0.653315090167948	0.857915091247609	-0.0515
CCDC28B	0.614653396941318	0.653677117820291	0.858280312350922	-0.176
GLUD1P3	0.959114843963326	0.654703730192393	0.859072184172524	-0.1677
BOK-AS1	-1.37234006903839	0.65519841510338	0.859564726250568	-0.4099
UBA6-AS1	2.52206684571682	0.655220351144988	0.859564726250568	-0.1022
SLC35F3	3.72854379135369	0.655842968464011	0.860123226573578	-0.0596
SNX6	6.15770325799916	0.65587318970442	0.860123226573578	-0.0447
FUOM	1.61794283731602	0.655950678849319	0.860123226573578	-0.1369
AMY2B	0.466678395876938	0.656184011875157	0.860296406419985	-0.2126
ALKBH3-AS1	-1.48546202121118	0.656214729111715	0.860296406419985	-0.5115
FAM193B	4.2431659296587	0.656275057679176	0.860296406419985	-0.0625
LOC101928530	-1.4886076253725	0.656984715337486	0.861025010940626	-0.4551
TTYH3	6.47943011261327	0.657591154640543	0.861706646035247	-0.0418
PLIN4	0.0795308651727785	0.658521738254304	0.862532131838899	-0.2018
AP1B1	5.90357334056203	0.659168333904567	0.863163818399475	-0.0448
PLEKHF1	1.94767676283647	0.659410508415053	0.863262692120847	-0.1025
MYO18A	6.52146789156561	0.659870897298869	0.863555777855781	-0.0546
GLO1	7.53457341957338	0.66013463470026	0.863777085083712	-0.0389
LOC105378828	-0.518056150501746	0.66020435531533	0.863806400819656	-0.2904
NLRC4	-1.31695881240561	0.660899651165556	0.864468297748684	-0.5421
BCAS3	2.91813108284916	0.66118873969655	0.864722518224817	-0.086
LOC101928103	1.68616639448953	0.661392292914082	0.864926769300823	-0.1245
FAM120C	4.38956414648326	0.66156154835787	0.865086141882478	-0.0519
LOC100996273	0.404029667993595	0.661672560174341	0.865169335234405	-0.1857
ESRP1	7.4471300007814	0.661802402515518	0.865277136741624	-0.0386
RCOR3	4.63367279820268	0.662151782989857	0.865609949893507	-0.053
HLA-DMA	0.0104071912909977	0.662474935069727	0.865970386269006	-0.3168
SNORD102	0.399504348293019	0.662837624099931	0.866320422792693	-0.2178
SRPK3	-0.547317206376738	0.663315168389327	0.866731497295962	-0.2454
KAZN	3.84844326554542	0.663352094705391	0.866731497295962	-0.0618
LOC100506860	-1.31622955464089	0.663698586772939	0.867073236018805	-0.5454
GPRASP1	0.0551968903614121	0.663796375457411	0.867138935982146	-0.2368
ROM1	2.67881800060218	0.664029460569226	0.867381356049784	-0.0953
CEACAM1	0.136648107585236	0.664129356636257	0.867449777116084	-0.2169
POLM	4.79986798401131	0.664404072233491	0.867746511853957	-0.052
CDAN1	3.77490444170051	0.664889873680446	0.868070480863207	-0.0692
SDHAP3	2.10109622296997	0.665142275686996	0.868275823020508	-0.1274
RBM44	0.176100386600592	0.666059568499617	0.869256277878238	-0.2081
RNF139-AS1	1.07577281127526	0.666598382576358	0.869741285900085	-0.1581
ITGA7	-0.0719661507540822	0.667587522659949	0.870963363785825	-0.2845
HTR1D	3.89406164801228	0.667919449477874	0.871253282516932	-0.0636
TGM1	-0.45588055818288	0.668052365998354	0.871253282516932	-0.2799
HINT3	4.45564333863199	0.668064188946759	0.871253282516932	-0.0866
C7orf25	4.1472020758675	0.668205712810359	0.871340249504709	-0.0529
POLR2C	5.93539555333182	0.668432583454305	0.871511587169103	-0.0435
SAR1B	5.78170563601755	0.668875427099272	0.871763092119169	-0.0445
FCRLB	-0.456338736363262	0.668911995749634	0.871763092119169	-0.2749
SSTR1	-1.31670255737218	0.669138224980342	0.871995676725043	-0.5392
ATP6AP1L	1.51843573975662	0.669898291687409	0.872690256269781	-0.1362
INTS5	4.50640307624	0.669963049127723	0.872690256269781	-0.0601
PNPLA4	4.46320481292815	0.670965791577101	0.873742726736354	-0.0642
LOC100506136	-0.14511431886765	0.671005314901604	0.873742726736354	-0.3371
LOC100996813	-0.399737061053272	0.671195283401092	0.873927757918147	-0.249
IL21R	0.175978410629425	0.671675755205544	0.874390068242449	-0.2094
TRIB3	5.29180490975746	0.672186314215263	0.874843755066218	-0.0598
FBXO9	4.69558359017528	0.672303563934957	0.874881524070341	-0.0486
ARL4A	4.56645072047145	0.672498694788622	0.875063162655815	-0.0538
LOC100132356	0.642204271807753	0.672985525091458	0.875634220374147	-0.1729
CD99	3.67228288398625	0.673590088251357	0.876279741159194	-0.086
LOC399815	1.86802574513147	0.674610405961268	0.877248206512494	-0.1155
UBOX5	2.38762797459281	0.674857253933997	0.877506697138109	-0.0964
SLC18B1	4.81020432343914	0.67499010518727	0.877554433862612	-0.0488
KRIT1	6.0177361303698	0.675569427314707	0.877981151578186	-0.0406
LOC100132215	0.0747243370055084	0.675637044419904	0.877981151578186	-0.2679
MUS81	4.32092376204362	0.675654973626311	0.877981151578186	-0.0499
CCDC23	3.81041402145465	0.675762973432916	0.877996501529522	-0.0553
HPSE	2.36029555905233	0.676173610549854	0.878371615465932	-0.0957
MAP2K5	3.97505661018359	0.676211757537176	0.878371615465932	-0.0613
LOC285500	-1.42684650277134	0.67688534283249	0.878954322409129	-0.3164
TBC1D13	4.55610933908888	0.677680160318134	0.87962081629026	-0.053
TPTE2P6	-1.31888864246073	0.677687707116702	0.87962081629026	-0.5091
ECE1	6.68525402102536	0.677770175365714	0.879665315048803	-0.038
LRFN4	3.86775742931019	0.678026861966875	0.879873357411663	-0.0614
ERH	8.8579147756266	0.679380214155511	0.881253743756075	-0.0428
SNORD99	-1.21415332956354	0.679597869346584	0.881410820033478	-0.467
LOC101929448	-1.21415332956354	0.679597869346584	0.881410820033478	-0.467
AKT1	6.79548985040307	0.680001921251381	0.881872208166883	-0.0415
RNF17	0.902022712123202	0.680816797385776	0.882803569363927	-0.1937
SLC25A3	8.37042579035299	0.680882905722422	0.882826585715095	-0.0511
LOC100288637	1.57632585997046	0.681138144180671	0.883032094884415	-0.1184
RALY	7.93692606692125	0.681287926755443	0.883163558250896	-0.0401
ACBD4	2.40324955353374	0.681474722232593	0.88334297991183	-0.1076
BCOR	1.15021129520693	0.68158441374795	0.88335972294353	-0.1398
PKIG	4.19413743704621	0.681684349900788	0.88342652742165	-0.0666
GTSE1	6.55265365725187	0.682166485438223	0.883925854081923	-0.0411
LOC100132352	3.36289633416966	0.682314464221265	0.883929382544949	-0.0674
DCPS	4.51085569327119	0.682928846110836	0.88453699997158	-0.0503
COQ7	4.73401838308543	0.683102193213951	0.884698754207853	-0.0449
CCDC65	0.154563449860812	0.683181140431132	0.88473823506496	-0.2336
PEX26	5.46783411647406	0.684117560328201	0.885699608634256	-0.0427
WDYHV1	3.52067012684488	0.684166465029794	0.885700112436811	-0.0589
LOC101928994	1.98663746816822	0.68430426578315	0.885752884014264	-0.0995
AKR1C4	1.69205789283601	0.68435823849463	0.885759943421337	-0.1317
CBWD2	4.45462863765062	0.684543163115956	0.885860570332123	-0.0599
SLC25A4	4.86170527570613	0.684581558186109	0.885860570332123	-0.0447
FAM72A	2.6239492857183	0.684928704452608	0.886120611289801	-0.0869
LOC654841	0.983514409754004	0.685472217090664	0.886613167989727	-0.1638
LINC00847	2.78518587466838	0.685503114930707	0.886613167989727	-0.0947
TMEM14A	5.94632079883796	0.685616037132964	0.886696399397804	-0.0657
KCND1	-0.516929743871304	0.685873008107162	0.886903076640058	-0.3148
RPL26	10.6715457251778	0.68594359135789	0.886931525166771	-0.0458
RASGRF1	2.37800395147921	0.686314029150566	0.88715916704473	-0.088
ANO7	1.76888204244021	0.686698833238082	0.887429683604702	-0.1254
UGDH-AS1	1.23912958722874	0.686757150009776	0.887429683604702	-0.1347
TRNM	-0.290076657797229	0.686766354621343	0.887429683604702	-0.2124
ZNF343	3.99880412978688	0.686954677821248	0.887547388415053	-0.0599
RNF2	4.359097847375	0.68766226069191	0.888272994494552	-0.0572
DYRK1A	5.46212014674382	0.687900762656187	0.888518205960899	-0.0476
DUSP13	-1.31657441372977	0.688173903024312	0.888808119816897	-0.534
LOC105373801	-1.36954727493955	0.688748593584458	0.889487430990229	-0.4397
LINC01393	-1.54537878946439	0.688959430743182	0.889633849741656	-0.4429
PTPRCAP	0.15824740331986	0.689448577183095	0.890139549155204	-0.1853
STAM-AS1	0.919593167594595	0.689572507079875	0.89018374527534	-0.1497
CYP3A5	-0.290779736298461	0.690070872623889	0.890714772300276	-0.21
CIAPIN1	5.51433873960294	0.690200330544857	0.890795138524348	-0.0555
STX8	4.44582473536445	0.69048502897897	0.891099582146195	-0.0527
GBP3	4.59212105795233	0.690903329215014	0.891450362438991	-0.0545
CYB5RL	2.00476240872317	0.690971659248783	0.891475520229384	-0.1085
TRIP6	5.9757791852803	0.691780738626498	0.892330188961023	-0.0462
MIR5581	-1.21222672021327	0.69196962698461	0.892510775062247	-0.4855
LRRC4	-1.21522353039427	0.69225577671018	0.892576904162316	-0.4504
LOC101927768	-1.11749932342922	0.692368880626065	0.892576904162316	-0.4082
TXK	0.979573751413996	0.693030515667505	0.892576904162316	-0.1643
TM2D2	5.25192785786	0.693168862911203	0.892576904162316	-0.0405
NAALAD2	0.353354853496679	0.693431399415294	0.892576904162316	-0.218
C16orf95	1.98634309732761	0.693537735143344	0.892576904162316	-0.1015
IL17D	1.36392995824913	0.694419294787707	0.892576904162316	-0.1154
ACVR1	2.81266429125897	0.694452302192496	0.892576904162316	-0.082
PCED1B-AS1	-2.26390335582869	0.694599392633332	0.892576904162316	-0.7175
LOC102724135	-2.26390335582869	0.694599392633332	0.892576904162316	-0.7175
ARGFXP2	-2.26390335582869	0.694599392633332	0.892576904162316	-0.7175
ANGPTL6	-2.26390335582869	0.694599392633332	0.892576904162316	-0.7175
C2orf50	-2.26390335582869	0.694599392633332	0.892576904162316	-0.7175
VARS2	-2.26390335582869	0.694599392633332	0.892576904162316	-0.7175
LRRN3	-2.26390335582869	0.694599392633332	0.892576904162316	-0.7175
CLCNKB	-1.21535126789433	0.694692484406242	0.892576904162316	-0.4511
MYLK3	-1.21535126789433	0.694692484406242	0.892576904162316	-0.4511
HCLS1	-1.21535126789433	0.694692484406242	0.892576904162316	-0.4511
MCU	6.75524818797009	0.695100819136507	0.892576904162316	-0.0376
CHRNB2	-2.26451547003059	0.695225480567311	0.892576904162316	-0.7104
LOC105378559	-2.26451547003059	0.695225480567311	0.892576904162316	-0.7104
F2	-2.26451547003059	0.695225480567311	0.892576904162316	-0.7104
SLC22A11	-2.26451547003059	0.695225480567311	0.892576904162316	-0.7104
C11orf88	-2.26451547003059	0.695225480567311	0.892576904162316	-0.7104
HOTTIP	-2.26451547003059	0.695225480567311	0.892576904162316	-0.7104
PTENP1	-2.26451547003059	0.695225480567311	0.892576904162316	-0.7104
MAGEA8	-2.26451547003059	0.695225480567311	0.892576904162316	-0.7104
ARNTL2-AS1	-1.11677383697345	0.695333650714714	0.892576904162316	-0.4115
KCNMB4	3.65685714490251	0.695356541605899	0.892576904162316	-0.0559
EIF2B1	5.83494283957542	0.695632310234791	0.892576904162316	-0.0413
SAC3D1	4.97695438728632	0.695729951859464	0.892576904162316	-0.0446
MYRFL	-2.16538402050839	0.696085234155781	0.892576904162316	-1.0103
LINC00312	-2.16538402050839	0.696085234155781	0.892576904162316	-1.0103
LINC00506	-2.16538402050839	0.696085234155781	0.892576904162316	-1.0103
LINC00881	-2.16538402050839	0.696085234155781	0.892576904162316	-1.0103
GRXCR2	-2.16538402050839	0.696085234155781	0.892576904162316	-1.0103
ZNF251	-2.16538402050839	0.696085234155781	0.892576904162316	-1.0103
SLC46A1	2.90983824696816	0.696097472740194	0.892576904162316	-0.0681
SNORD60	-1.11762692412061	0.696207355158644	0.892576904162316	-0.4095
TAMM41	2.3259547735428	0.696515091619697	0.892576904162316	-0.0761
LOC100996274	-2.2640332469275	0.696665240609196	0.892576904162316	-0.7202
ZEB2	-2.2640332469275	0.696665240609196	0.892576904162316	-0.7202
LOC100129931	-2.2640332469275	0.696665240609196	0.892576904162316	-0.7202
MRI1	4.12503042380597	0.696707627937147	0.892576904162316	-0.0511
CFLAR	5.02043747353074	0.696787239729859	0.892576904162316	-0.0416
GAB2	3.07162144467981	0.696788050902755	0.892576904162316	-0.0791
ADAMTSL4-AS1	-0.319092963617963	0.696937493725157	0.892576904162316	-0.2677
ALOX12B	-2.26377345337434	0.696952166031927	0.892576904162316	-0.7159
SCARNA17	-2.26377345337434	0.696952166031927	0.892576904162316	-0.7159
SOX30	-2.26377345337434	0.696952166031927	0.892576904162316	-0.7159
LRRC2	-0.400112059706355	0.696979282083238	0.892576904162316	-0.2528
LOC101059948	-1.26655944615503	0.697103068893019	0.892576904162316	-0.612
MIR133A1HG	-2.2632909920886	0.697453600722437	0.892576904162316	-0.7276
CASS4	-2.2632909920886	0.697453600722437	0.892576904162316	-0.7276
ARHGEF38	-2.2632909920886	0.697453600722437	0.892576904162316	-0.7276
MEN1	5.61706911123317	0.697457122644272	0.892576904162316	-0.0402
RGS4	-2.26464530792208	0.697502079893698	0.892576904162316	-0.7114
SH2D4B	-2.26464530792208	0.697502079893698	0.892576904162316	-0.7114
MIR635	-2.26464530792208	0.697502079893698	0.892576904162316	-0.7114
MORC2-AS1	-2.26464530792208	0.697502079893698	0.892576904162316	-0.7114
TRT-CGT1-1	-2.26464530792208	0.697502079893698	0.892576904162316	-0.7114
LINC00950	-2.26464530792208	0.697502079893698	0.892576904162316	-0.7114
MAGEB17	-2.26464530792208	0.697502079893698	0.892576904162316	-0.7114
HNRNPL	7.98007897197223	0.697577138689962	0.892576904162316	-0.0401
LOC100294362	-0.263637324566659	0.697606711228993	0.892576904162316	-0.2648
TMLHE-AS1	-1.21436902063456	0.697653024744989	0.892576904162316	-0.4512
HOXB3	2.89269013171404	0.697701227921202	0.892576904162316	-0.0702
EGLN2	-2.26438562079254	0.697824720071563	0.892576904162316	-0.7064
CLDN16	-2.26438562079254	0.697824720071563	0.892576904162316	-0.7064
SLC10A4	-2.26438562079254	0.697824720071563	0.892576904162316	-0.7064
TRR-ACG2-4	-2.26438562079254	0.697824720071563	0.892576904162316	-0.7064
CCDC9	4.02302888842691	0.698097598428855	0.892576904162316	-0.0563
ST7L	3.77435768811227	0.698482545418741	0.892576904162316	-0.0525
FAM110A	3.47023582358252	0.698563138839225	0.892576904162316	-0.064
LOC728975	0.81107081933413	0.698676223850057	0.892647011169896	-0.1569
LZTS3	3.13570377496782	0.698754696947175	0.892684796883668	-0.0643
TRA2A	6.88585561575933	0.698823019732796	0.892709610820931	-0.0402
FGF19	0.234709702123857	0.699399449513709	0.89297433227013	-0.1694
SMA4	-1.11869429666651	0.699758065244902	0.893341485252513	-0.3979
CARNS1	-0.398948901147783	0.699923313300194	0.893383144639678	-0.2654
UPF1	6.8362068021122	0.699953088192174	0.893383144639678	-0.0398
LOC100289561	0.154713459071779	0.700037868834878	0.893383144639678	-0.2506
TRMT2A	3.53089765334596	0.700057330324777	0.893383144639678	-0.063
CIAO1	6.0795250852764	0.700435774031443	0.893607545469391	-0.0369
SPOCK3	-2.26342093643658	0.700553855760185	0.893607545469391	-0.7342
PCDHB14	-2.26342093643658	0.700553855760185	0.893607545469391	-0.7342
RBPMS-AS1	-2.26342093643658	0.700553855760185	0.893607545469391	-0.7342
WDR38	-2.26342093643658	0.700553855760185	0.893607545469391	-0.7342
LOC101928402	-2.26342093643658	0.700553855760185	0.893607545469391	-0.7342
ATXN2L	7.34737525096585	0.700821791104675	0.893867993074031	-0.0374
GFAP	-2.26316103637607	0.70096140725171	0.893867993074031	-0.7284
FAM83C-AS1	-2.26316103637607	0.70096140725171	0.893867993074031	-0.7284
MYO1G	-2.26316103637607	0.70096140725171	0.893867993074031	-0.7284
SNX11	3.43392816539385	0.701002851492161	0.893867993074031	-0.0848
SAR1A	7.36452750291441	0.701826101281284	0.894542854499136	-0.0342
UGP2	6.92546754645979	0.701954051225827	0.894643476625154	-0.0347
WDR88	-0.264090823310126	0.702103694402359	0.894748775476761	-0.2601
NOSTRIN	-1.1161757351281	0.702134693113501	0.894748775476761	-0.4187
APOBEC3F	3.11016026353943	0.702455282633589	0.895094830722329	-0.0805
C2CD3	5.29739536959123	0.703259130884301	0.895869003797628	-0.0432
IRGQ	4.70830764407977	0.703484707857357	0.895968803309886	-0.0463
SP2-AS1	1.41180789791785	0.703570059083605	0.896014998160467	-0.1325
RAPGEF1	5.64137342402236	0.703857317385195	0.896318302607709	-0.0389
SYT1	-0.430988681482674	0.704298054717606	0.896816997065259	-0.3024
TVP23A	-1.11882179956504	0.7043793554109	0.89685796571219	-0.3978
FAM110C	4.63318075000542	0.704560191504623	0.896995388403966	-0.0484
DLGAP4	5.39354191747924	0.704585553774806	0.896995388403966	-0.0592
PABPC3	-2.16599485945737	0.70478389699744	0.897102075505036	-0.9875
ELK1	4.1330612167351	0.70604363797126	0.89832480012799	-0.0505
CIR1	5.94212737162175	0.706316541691408	0.898572458893264	-0.0509
ZBTB32	-1.31948875297992	0.707063556465557	0.899209494032408	-0.4769
PSMD4	7.66414906706788	0.707192759830418	0.899311160731688	-0.0332
REEP5	6.20758706343221	0.707423975968323	0.899432467737794	-0.0374
RALBP1	7.29587590196228	0.707583873250286	0.899432613149786	-0.0384
MYH7B	0.481058810334738	0.708225154344386	0.90005975758518	-0.1769
LINC00346	3.69368485146954	0.708284163633703	0.900072093226846	-0.0601
QDPR	4.73522997504608	0.708831226228497	0.900475579699802	-0.0473
LINC01061	0.614790121554001	0.708955279833817	0.900475579699802	-0.1946
SUN1	7.53471985880876	0.708958927942929	0.900475579699802	-0.0336
FNTA	4.75184798183769	0.708993082558021	0.900475579699802	-0.044
MT2A	7.71629739104395	0.709094924066847	0.900475579699802	-0.0426
LZTS2	4.27205498750182	0.709275336616947	0.900516763702551	-0.0508
PTPRS	6.1627486208603	0.709553534196747	0.900744685369294	-0.0492
LINC01119	1.07126130354648	0.709619051667012	0.900765220917325	-0.1753
TDP1	3.36139811710404	0.710088878103856	0.901190433191722	-0.0632
PDZD9	2.64407644314021	0.710102124313263	0.901190433191722	-0.0892
DDX11L16	-2.16612447493592	0.710362238891647	0.901457878020708	-0.984
OSR1	1.46925702664808	0.710674146414136	0.901717505117197	-0.1114
H3F3B	8.92827425562178	0.710708003465193	0.901717505117197	-0.0374
LHX5	-1.21496802346852	0.710715007730683	0.901717505117197	-0.4345
MTFP1	4.41616366733762	0.711057523872296	0.902055739144557	-0.0609
FAM200A	3.59039162410935	0.712295670749416	0.903220793582089	-0.0523
BCDIN3D-AS1	-0.85907282980069	0.712434543876945	0.903258313466567	-0.3783
PRSS48	-2.26254836960289	0.713229752141196	0.903965728623276	-0.7614
HCFC1	7.03576795522465	0.713580757228245	0.904317611479697	-0.0326
SNHG8	4.82843418935295	0.713606458752001	0.904317611479697	-0.0649
RAD54L2	4.87125700247089	0.714101450826626	0.904819273062943	-0.0487
MAL2	8.29692302118908	0.714568093405783	0.905249003933192	-0.0337
ACTR3C	3.29335815037221	0.714907938198152	0.905589739088639	-0.0671
CFL2	5.08435272961769	0.715075841454254	0.905676742166564	-0.0426
BRF1	3.92530753674151	0.715303126043656	0.905901759906554	-0.0484
SCARNA22	0.354642001228188	0.71575669111195	0.90628325654962	-0.162
ARMCX3	5.34816301502358	0.715923127406701	0.906324100378061	-0.0389
AKAP8	5.53483679374388	0.715934479160387	0.906324100378061	-0.0436
TRMU	4.43410522762851	0.716119976312354	0.906442059426803	-0.0435
ASB9	2.80339896903748	0.716126962265161	0.906442059426803	-0.064
PPP1R36	-0.942263572789562	0.71700762290951	0.907138852794197	-0.315
LOC102723730	-1.16730523158698	0.717025287347736	0.907138852794197	-0.5263
SPC24	5.0422190100567	0.717545371946368	0.907671030366748	-0.0382
OAZ3	0.438563355759212	0.717607448813062	0.90768666150705	-0.1747
LINC01604	2.10208330733512	0.717751497097916	0.907797003605191	-0.0836
MCTS1	7.14399264974526	0.717794136012321	0.907797003605191	-0.036
TSC1	5.21347324951442	0.718077154292723	0.907966236928103	-0.0376
LOC101928489	-1.02652351675143	0.718267641453044	0.908113944448011	-0.3705
ZNF833P	0.466611278843258	0.718343200688745	0.908113944448011	-0.1573
MYPOP	2.93945569032704	0.719266178372982	0.909028961742966	-0.0868
WDR33	6.60333625758891	0.719549842778559	0.909261571936414	-0.033
C1orf35	5.21445768119576	0.719807807245815	0.909524593651688	-0.0516
ITGB6	5.35366558839715	0.720036314195501	0.909687401519244	-0.0366
LRP4	4.05016165377195	0.720145798952396	0.909762764215275	-0.0492
PCED1B	1.95170023629948	0.720376548446934	0.909897019958366	-0.0827
HEATR5A	4.60392459528072	0.720979491717063	0.910457094540707	-0.0433
KDM2B	5.28518427791722	0.721803014867324	0.911288785575233	-0.0368
AP1M2	6.25307850783849	0.72266158329623	0.912003378821092	-0.0432
SCARNA10	-1.1641934600762	0.722902178323578	0.912178110825779	-0.3351
FLOT2	5.9256246876846	0.723446935398472	0.912733051322357	-0.0353
CBR4	5.44387040392973	0.723562872465621	0.912753164713403	-0.037
ARSG	1.51389612200966	0.723648012798707	0.912796195079388	-0.1016
TNRC6C	-0.942603829628625	0.723696983324883	0.912796195079388	-0.308
LINC00959	0.813654669220886	0.724397496366524	0.913307115061941	-0.1228
GOLGB1	7.43107718229829	0.724402225355878	0.913307115061941	-0.0373
ST8SIA1	-0.941074149789358	0.725472251043975	0.914396667866175	-0.3262
ERAL1	5.24907923993108	0.725516856597368	0.914396667866175	-0.0369
ZFYVE1	2.03692009543051	0.727136236993856	0.916247870138033	-0.0842
ZNF25	2.3685316677448	0.727569173788423	0.916603604767197	-0.0827
GRIK5	-0.266116476090063	0.727743233231804	0.916759623646136	-0.2583
PTP4A1	7.7393969003543	0.728553646393106	0.917463983482964	-0.0352
TMEM159	3.47482844794104	0.729485663698446	0.918528699445417	-0.0678
TEFM	3.99819935240423	0.729542070796493	0.918528699445417	-0.0459
LRRC28	2.25159527479435	0.729550073507808	0.918528699445417	-0.092
CRISPLD2	4.41699335138289	0.729745621777669	0.918648191364856	-0.0472
KCTD18	4.20424293245853	0.730462083299015	0.919423317202621	-0.0434
SNORA27	-0.902947545356003	0.730876401208933	0.919754572307871	-0.3835
RHNO1	5.91661913929494	0.732085726561675	0.9207686547785	-0.0348
LOC101927245	-0.861066264497621	0.732298862962824	0.920973273784053	-0.2848
LSM7	6.26043999674996	0.732597373431732	0.921221769484069	-0.0829
MRPL27	5.28903196453126	0.732980131536834	0.92136163136644	-0.0396
SOGA3	-0.861193182367472	0.733420435237681	0.92136163136644	-0.2864
INPP5J	-0.237466720411433	0.733499239592466	0.92136163136644	-0.2215
TRPM6	-1.48364885206254	0.733577368066459	0.92136163136644	-0.6073
C16orf45	-1.48460048179017	0.733600569449482	0.92136163136644	-0.5442
UGT1A3	1.11376151244478	0.733744083000835	0.92136163136644	-0.1422
LOC284930	-0.138288621417215	0.733823338970746	0.92136163136644	-0.1814
BRIX1	7.89717951542013	0.734041169986852	0.92136163136644	-0.03
CELA2B	-2.07155300250335	0.734183512861425	0.92136163136644	-0.4848
LOC105369337	-2.07155300250335	0.734183512861425	0.92136163136644	-0.4848
HIC1	-2.07155300250335	0.734183512861425	0.92136163136644	-0.4848
CACTIN-AS1	-2.07155300250335	0.734183512861425	0.92136163136644	-0.4848
RNU5D-1	-1.98449379425793	0.734266045013812	0.92136163136644	-0.7329
C11orf72	-1.98449379425793	0.734266045013812	0.92136163136644	-0.7329
TTC36	-1.98449379425793	0.734266045013812	0.92136163136644	-0.7329
CHRM5	-1.98449379425793	0.734266045013812	0.92136163136644	-0.7329
LOC101928855	-2.07142339481308	0.73439690853652	0.92136163136644	-0.4832
RPL17-C18orf32	-2.07142339481308	0.73439690853652	0.92136163136644	-0.4832
TUBA4B	-2.07142339481308	0.73439690853652	0.92136163136644	-0.4832
IL2RB	-2.07142339481308	0.73439690853652	0.92136163136644	-0.4832
OR2A7	-2.07142339481308	0.73439690853652	0.92136163136644	-0.4832
SENCR	-1.98436435543254	0.734475012120716	0.92136163136644	-0.7313
CIDEB	-1.98436435543254	0.734475012120716	0.92136163136644	-0.7313
CCDC79	-1.98436435543254	0.734475012120716	0.92136163136644	-0.7313
SYCE3	-1.98436435543254	0.734475012120716	0.92136163136644	-0.7313
HIST1H2AH	-1.98436435543254	0.734475012120716	0.92136163136644	-0.7313
SNORD49A	-0.90222733385706	0.735295031192886	0.921930718399956	-0.3865
SPRN	1.70804850836309	0.73538916872293	0.921930718399956	-0.1057
LOC105373551	-2.07094248466199	0.735433668495758	0.921930718399956	-0.4919
LOC105372836	-2.07094248466199	0.735433668495758	0.921930718399956	-0.4919
SLC4A9	-2.07094248466199	0.735433668495758	0.921930718399956	-0.4919
PDGFRB	-2.07094248466199	0.735433668495758	0.921930718399956	-0.4919
MIR4467	-2.07094248466199	0.735433668495758	0.921930718399956	-0.4919
CLEC19A	0.0353013651157949	0.735536800991042	0.921972709229478	-0.1954
MIR6759	-2.07081282425768	0.735669174810791	0.921972709229478	-0.4903
DNAH6	-2.07081282425768	0.735669174810791	0.921972709229478	-0.4903
GPC3	-2.07081282425768	0.735669174810791	0.921972709229478	-0.4903
NFE2L2	7.21811334988212	0.735819290279972	0.922097540043325	-0.0302
PLIN2	1.30183258033242	0.736576465701756	0.922856355627703	-0.1062
TTC32	3.48278807976443	0.736833027609849	0.923114449083544	-0.0568
APOBEC2	-0.785996937356758	0.737003632902607	0.923264826890139	-0.2463
TMEM81	1.29546482832932	0.737089750705935	0.923309351508683	-0.0972
SNORD62B	-0.320498488061737	0.737289248227546	0.923495884435134	-0.2453
TRAPPC6B	4.25947531292039	0.737502514048649	0.923699636146551	-0.0488
FAM72C	-0.00786454192984228	0.737744072418746	0.923734095819305	-0.2612
VEGFB	5.71276892365031	0.737751496306352	0.923734095819305	-0.0348
FOXE3	-1.98510304547377	0.737964052285192	0.923734095819305	-0.723
MMP7	-1.98510304547377	0.737964052285192	0.923734095819305	-0.723
LGSN	-1.98510304547377	0.737964052285192	0.923734095819305	-0.723
FANCC	5.10724583050078	0.737985417809189	0.923734095819305	-0.0484
MDH1	7.15405057380264	0.738241893223571	0.923919959128893	-0.0372
RNVU1-14	-1.98497365903567	0.738267802592703	0.923919959128893	-0.7203
HINFP	3.39809309918238	0.738285734211891	0.923919959128893	-0.0647
KIAA1107	2.71248873645079	0.738646727345774	0.924234471629372	-0.0654
LOC100131626	-1.98462322187944	0.738817464504794	0.924234471629372	-0.734
LINC00284	-1.98462322187944	0.738817464504794	0.924234471629372	-0.734
ZFP69B	1.97584627982164	0.738961990974752	0.924234471629372	-0.0897
NUTM2F	2.2050942491482	0.739232068313486	0.924329671905423	-0.0781
SLC22A23	3.87177672793184	0.739532494727139	0.924329671905423	-0.0462
CIRBP	5.46117512673771	0.739638640394993	0.924329671905423	-0.0355
ANKRD62	-1.9842349054014	0.739648078355285	0.924329671905423	-0.726
ELOVL3	-2.07129377586431	0.739676390056219	0.924329671905423	-0.4795
NPBWR1	-2.07129377586431	0.739676390056219	0.924329671905423	-0.4795
LIAS	3.87122476370658	0.739905986600566	0.92442675139474	-0.0538
COA3	5.20546148018106	0.740389294545139	0.924934725876721	-0.0509
LOC101927147	-2.0710721338009	0.740888780667083	0.925084849179829	-0.499
CLDN14	-2.0710721338009	0.740888780667083	0.925084849179829	-0.499
TAPBP	-2.0710721338009	0.740888780667083	0.925084849179829	-0.499
CXorf38	3.06226561482031	0.741089287557335	0.925247326700611	-0.0587
CDKN1B	6.52050464747098	0.74112113023105	0.925247326700611	-0.0341
LOC100507002	0.983152928533585	0.741269160686332	0.925260322255637	-0.1388
LOC101929295	-2.07033172001597	0.741434775102854	0.925260322255637	-0.5082
TBC1D22A-AS1	-2.07033172001597	0.741434775102854	0.925260322255637	-0.5082
BAALC-AS1	-2.07033172001597	0.741434775102854	0.925260322255637	-0.5082
SPATA2L	3.12786865666471	0.741693242151772	0.92550228505583	-0.0763
C11orf65	0.0776321760052029	0.741764244785277	0.92550228505583	-0.1857
HTT	6.36168472736824	0.741780753447464	0.92550228505583	-0.0353
AGAP2	-0.751042456125754	0.742280741838091	0.925999536900108	-0.3129
TNFRSF10D	3.79520110729551	0.742712150358929	0.926413961573609	-0.0458
WDR73	3.8047178164679	0.742839819116925	0.926507053207528	-0.0453
FAM184B	1.66529024288306	0.743091569258602	0.926757732503419	-0.1055
NDUFA5	6.7879292254319	0.743743211920854	0.927443721094748	-0.0365
HCAR2	0.11743822290719	0.744150068070068	0.927697599200162	-0.1724
SNRPD3	7.63680679433639	0.744370934740783	0.927909579011795	-0.0302
CDIP1	-1.06919843069334	0.7445111351622	0.9280209807129	-0.3091
WDR53	4.58287033548826	0.744624309775351	0.928083328881176	-0.0418
TRQ-CTG4-1	-1.98523242071664	0.744662828738577	0.928083328881176	-0.7201
ZNF302	4.87623561778039	0.745035450455821	0.928420968158462	-0.0361
TAPBPL	3.28839488388696	0.745259499359215	0.928573397508998	-0.0598
OPN3	3.43018882769035	0.745761867626751	0.929009120122414	-0.0601
SAE1	7.61723768601521	0.746046029345918	0.929299693759489	-0.0326
ROPN1B	-0.679756220542004	0.746284996961409	0.92949127786114	-0.2886
LAG3	1.37694362487801	0.747274962272059	0.930195807393885	-0.1021
MRPS16	7.06509829308041	0.747334808483005	0.930206876911826	-0.0289
APOBEC3B	4.20971115487611	0.747438259613325	0.930272216219038	-0.0454
TRIM24	5.40336469191359	0.747571269794214	0.930349255000416	-0.0329
CTDNEP1	6.92047038388915	0.747854916585931	0.930488373895875	-0.0293
PBX4	0.75072801432994	0.747918650768867	0.930488373895875	-0.1474
ZAR1L	-0.750789751134369	0.748019685325146	0.930488373895875	-0.3081
FAM86JP	1.5224376985577	0.74871403960635	0.931225201461611	-0.125
PARVA	5.91160374627848	0.748952423564622	0.931342080529304	-0.0312
AKT2	6.55510013948499	0.749012074185541	0.931342080529304	-0.0297
GTPBP3	4.4404723478066	0.749307536843674	0.931618939398308	-0.0401
PHKG1	0.1742162941759	0.749989697725371	0.93236717205818	-0.1927
LOC101926933	-2.07046142190092	0.750250104840142	0.932500402639	-0.5257
PIPOX	-2.07046142190092	0.750250104840142	0.932500402639	-0.5257
SNORD12	-0.680092516589948	0.750402113369785	0.932601227112341	-0.2819
BRD1	4.89137356620595	0.750433393201155	0.932601227112341	-0.0353
KXD1	6.33648997101701	0.751040854929995	0.933165578683862	-0.031
HERC2P9	-1.98571205178664	0.751203469461654	0.9332405946575	-0.693
TMEM150B	-1.98571205178664	0.751203469461654	0.9332405946575	-0.693
PHACTR3	-0.7129524191365	0.75146889070419	0.933506809247121	-0.2263
ZSCAN2	2.44887133863039	0.751787662887275	0.933775722796986	-0.0653
ZNF691	3.13636526687964	0.752128997258452	0.933945515844803	-0.0575
NR3C2	-0.680807016512649	0.753333739570103	0.935059882349184	-0.2775
BNIPL	-0.0944900391464907	0.753517663544625	0.935224588052939	-0.1628
LOC100288123	-0.71375302775243	0.75403828354945	0.935679914660057	-0.2135
GRHL2	6.93451295258866	0.754128684824225	0.935728489781218	-0.0315
ABHD4	5.03638800674684	0.754267575266407	0.935837219930918	-0.0425
NANP	4.22227411600878	0.754673847031774	0.93610101495936	-0.0375
OSGEPL1-AS1	-2.06972070837532	0.755254596995175	0.936743523523604	-0.5493
SLC37A4	4.24914762997542	0.755427308011829	0.936881520234061	-0.0484
RPS7	10.0100984805248	0.755468495802236	0.936881520234061	-0.0323
SEPT7P2	3.17518965598039	0.755640090161458	0.936967023431881	-0.0504
PARP9	4.80584998221589	0.756461911033035	0.937794964540206	-0.0349
GEMIN7	3.27448658353046	0.756564579628544	0.937830380011034	-0.0493
RAD51-AS1	0.140434021688716	0.756593220683748	0.937830380011034	-0.1459
SLC9A8	4.15189963802256	0.757115546965067	0.938159331120224	-0.0434
ZNF585B	2.69752084644075	0.757670942278871	0.938720103307978	-0.066
CCDC18	4.87881315408928	0.757997046289714	0.938993481472879	-0.041
FAM69A	4.49540184378148	0.75847060920059	0.939264648050873	-0.0365
ING2	4.51709361107874	0.759163517620029	0.939794807922195	-0.037
ZNF16	2.68296111133354	0.759274663275994	0.939794807922195	-0.0724
MAST3	2.64950696593674	0.759462053271477	0.939918598367845	-0.0612
ATP6AP2	5.48389177651852	0.760429015183882	0.940987738168301	-0.0336
UBAP1L	-0.783968567782742	0.760806492543637	0.941297405808197	-0.2677
MST1L	-1.82358375493168	0.760885507094191	0.941297405808197	-0.5601
KLRG2	-1.82358375493168	0.760885507094191	0.941297405808197	-0.5601
C21orf59	5.90185564426333	0.761130090214585	0.941472384779285	-0.0351
RAMP2-AS1	-1.90118305737583	0.761549557131698	0.941736009957073	-0.3489
LAMA5-AS1	-1.90118305737583	0.761549557131698	0.941736009957073	-0.3489
IFT80	6.06452188159295	0.762120651102812	0.942142874245006	-0.0297
RPS2P32	-1.82419147701184	0.762305528688238	0.942142874245006	-0.5542
TNKS2-AS1	-1.82371295345016	0.762496008595974	0.942142874245006	-0.5617
MIR141	-1.82371295345016	0.762496008595974	0.942142874245006	-0.5617
SNORD42B	-1.82371295345016	0.762496008595974	0.942142874245006	-0.5617
OVOL3	-1.82371295345016	0.762496008595974	0.942142874245006	-0.5617
CFLAR-AS1	-1.82371295345016	0.762496008595974	0.942142874245006	-0.5617
CCDC40	1.93034166999337	0.762497861906768	0.942142874245006	-0.086
PPP2R1B	5.86930660689965	0.762817081362693	0.942282200240701	-0.0336
LOC729867	-0.548948329788524	0.762908452222897	0.942331306074507	-0.2315
ZBTB4	6.19613709515562	0.763027920250382	0.942397923838033	-0.0335
ZNF157	-1.82345454529628	0.763065628296111	0.942397923838033	-0.5585
DENND5B-AS1	-1.9013124240375	0.76320914295494	0.942447653800418	-0.3511
BRWD1-IT2	-1.9013124240375	0.76320914295494	0.942447653800418	-0.3511
FAM83H	3.75961874144569	0.763427721855571	0.942476608415701	-0.0637
VPS18	3.05223313767102	0.763510048690922	0.942476608415701	-0.054
LINC01424	-1.90105367954499	0.763817606073977	0.942476608415701	-0.3478
C12orf49	5.41633870261882	0.76394622442842	0.942476608415701	-0.0311
PSG8	-1.82432062363637	0.763982117611555	0.942476608415701	-0.555
RHOG	4.07199123911863	0.764261422565606	0.942558810994915	-0.0419
IRF9	2.38611428510124	0.764602485790353	0.942782600343229	-0.0653
CYP2D6	-1.82406231927875	0.764616519537787	0.942782600343229	-0.5508
ZFHX4	-1.90057407690211	0.764736187037262	0.942802797849288	-0.3576
MSANTD3-TMEFF1	-1.90057407690211	0.764736187037262	0.942802797849288	-0.3576
HSBP1	7.13257822006341	0.764955799675745	0.943009864196125	-0.0288
METRNL	0.682393924996954	0.765387108081487	0.943477855849806	-0.1536
MCPH1-AS1	-0.986189035435678	0.765569795387571	0.943639334588852	-0.3819
SWT1	2.02502074060268	0.765943141808812	0.943972051364455	-0.0792
SNORD83B	-0.751253338069241	0.766079351798727	0.944076187824866	-0.2898
CYP7B1	2.02272983843947	0.766681350468255	0.944690519313476	-0.077
LOC101928053	-1.90070349578028	0.766884316679187	0.944876836424056	-0.362
SDC4	6.76639356282346	0.766946504073066	0.944889686756505	-0.0285
EP400NL	1.56939717403483	0.767027608525729	0.944913360582294	-0.1025
EPB41L1	6.65886913896567	0.767069237720727	0.944913360582294	-0.028
DAGLA	3.31748824465621	0.767708033355197	0.945173986589868	-0.0516
GKAP1	2.0976298449144	0.76773030485251	0.945173986589868	-0.0675
MIR7856	-1.90044464684623	0.767743795388162	0.945173986589868	-0.3581
ANGPTL2	-1.90044464684623	0.767743795388162	0.945173986589868	-0.3581
EYS	-0.487117839204677	0.76774677076803	0.945173986589868	-0.2104
GRHPR	5.51640808361492	0.767870733924366	0.945195589060482	-0.0303
SEC16B	0.247323195116182	0.768514206996784	0.945863382744791	-0.1673
LINC01184	3.41492471899605	0.768565809576919	0.945863382744791	-0.0451
FAM32A	6.23835010165262	0.768655715674316	0.945910262578383	-0.0285
LRRC75A	3.39964433495284	0.768731154087161	0.945939333311891	-0.0479
FBXL6	3.58425080339056	0.76885231313619	0.945962084862684	-0.0647
CD101	0.247760924267864	0.769138826582434	0.946185877229712	-0.1722
MMP16	1.47735480507435	0.76949563052246	0.946497253120741	-0.0894
LOC642236	1.60262881332083	0.770145230171597	0.947168642011093	-0.0819
LOC101927751	-1.82492805159313	0.770470293691922	0.947210576066159	-0.541
FRAT1	0.268579763683691	0.770533617223067	0.947210576066159	-0.1469
EPS15	6.47448629439568	0.770687249457561	0.947210576066159	-0.0282
CELSR2	4.66548721458728	0.770692640700621	0.947210576066159	-0.041
ALAD	5.06038030291784	0.770779954964498	0.9472473145629	-0.0401
FDXR	3.20719223646465	0.77095689063323	0.947337214471309	-0.0547
C1GALT1C1	5.78837881905958	0.771409125594322	0.947714794710805	-0.0301
POLR3E	5.74933559289294	0.7714199084905	0.947714794710805	-0.0292
LOC730668	-1.90144177953186	0.771684482611127	0.947848477060401	-0.3583
GAREM	2.40738879272707	0.77186711864092	0.947869466693671	-0.0682
ZNF607	3.16598042601093	0.771909255112555	0.947869466693671	-0.0553
RPS25	9.43021445858972	0.772243056397533	0.948164799076239	-0.0269
TMEM140	3.48273716909718	0.772253637021505	0.948164799076239	-0.0473
FECH	6.25089471011244	0.772614023804892	0.948415923788469	-0.0313
FLJ42969	-0.713921371008679	0.773777657312755	0.949525099946336	-0.2329
ORAI2	5.4142686543576	0.774360435461967	0.950078203805371	-0.0344
P4HA2	4.41092100158703	0.774384513180539	0.950078203805371	-0.0337
NOP14-AS1	1.9539467371086	0.774498921267042	0.950154714511869	-0.0889
PMS2P5	1.09596935423157	0.775306502872408	0.950953743378036	-0.1155
FRMD8	4.75932488453665	0.775780651439931	0.951471385467745	-0.0414
IQCH	1.90242961795512	0.775942121724675	0.951541571451983	-0.0827
LOC101928621	0.465990326376427	0.776435170180833	0.952018299873819	-0.1486
MYO16	-0.681773219120311	0.77676824348283	0.952087864408143	-0.2666
ADI1	5.4471573041185	0.776769402773606	0.952087864408143	-0.0373
NUDT18	1.61103358487789	0.776815199772188	0.952087864408143	-0.0916
ZNF266	3.65385036244871	0.776841562590916	0.952087864408143	-0.0489
LOC101929705	0.435249627845818	0.776856969118301	0.952087864408143	-0.1557
DNTTIP1	5.22125834089203	0.776933063590339	0.952117205404124	-0.0294
ZNF763	-1.9000943234213	0.77753776513604	0.952538547867638	-0.3898
LOC105369201	3.7851394435641	0.777899082898232	0.95272545668792	-0.0467
SLC24A1	4.46370932427948	0.778146263332841	0.95290033427719	-0.0369
ATP6V1A	6.20871946152217	0.77862168291734	0.953212891570866	-0.0286
CDC42SE2	5.94543748207428	0.778656766861135	0.953212891570866	-0.0292
FAM45A	3.77975782247758	0.778662568579991	0.953212891570866	-0.0415
GGN	-0.455389463593576	0.779422775223212	0.954015567179011	-0.1405
ZNF346	3.63285726914174	0.779869344296695	0.9543946080563	-0.0423
PVR	6.35339135044107	0.779889283686672	0.9543946080563	-0.028
ALG8	5.75612177559323	0.780063725286823	0.954544096041038	-0.0299
LHX4	0.585349468168022	0.780180195913557	0.954622631139269	-0.1359
SOHLH2	-0.941582845863456	0.780261725387092	0.954658404843292	-0.3646
TRPM8	-0.751127006913049	0.780631507579568	0.954918842292455	-0.2784
SUGP1	4.8752795501818	0.780736489749209	0.954919292299448	-0.0318
USP54	4.86925042481579	0.780927004443364	0.955088322711734	-0.031
OSMR-AS1	-0.519600815152357	0.781388657691566	0.955588915783577	-0.2778
FAM186A	-1.67948586188958	0.781836794533638	0.955667643715637	-0.4385
C16orf86	-1.67948586188958	0.781836794533638	0.955667643715637	-0.4385
GPR85	-1.67948586188958	0.781836794533638	0.955667643715637	-0.4385
GTF2B	4.20112647303403	0.78209425420249	0.955667643715637	-0.0331
SNORA51	-1.67935694354379	0.782181389147348	0.955667643715637	-0.4372
SNORD19	-1.67935694354379	0.782181389147348	0.955667643715637	-0.4372
RAB33B	3.49371015706252	0.782254742141088	0.955667643715637	-0.0437
SNORD95	-1.67875074489278	0.782570730537789	0.955915033017735	-0.4423
C5orf30	4.94723353398193	0.782597835423043	0.955915033017735	-0.0321
B3GALNT1	4.29686826799897	0.783448770846945	0.956826382163623	-0.0378
LOC728175	-1.82505713526503	0.783672571397762	0.95685046624432	-0.5337
LOC101926913	-1.74886642582566	0.783678142598875	0.95685046624432	-0.2608
KATNAL2	2.42191460599561	0.783819360159158	0.956958887117341	-0.068
DYNC1I1	-1.74873728859018	0.784045864664111	0.957043414369351	-0.2595
ADAM32	-1.74873728859018	0.784045864664111	0.957043414369351	-0.2595
MYPN	2.70650501184308	0.784213745223427	0.957077935592391	-0.0699
FBXO46	4.15191097671582	0.784257039117404	0.957077935592391	-0.033
FAM111A	6.78014861630133	0.784340997609253	0.957077935592391	-0.0273
ANKRD45	-1.68009176950308	0.784612657034298	0.957077935592391	-0.4316
MIR497HG	-1.68009176950308	0.784612657034298	0.957077935592391	-0.4316
LOC105372715	-1.68009176950308	0.784612657034298	0.957077935592391	-0.4316
SLC9C1	-1.68009176950308	0.784612657034298	0.957077935592391	-0.4316
LOC101928268	-1.68009176950308	0.784612657034298	0.957077935592391	-0.4316
GS1-259H13.2	-1.68009176950308	0.784612657034298	0.957077935592391	-0.4316
GSAP	3.21210844882713	0.784650825044441	0.957077935592391	-0.0506
LIX1L	-0.859964946250166	0.784857587022068	0.957266175085174	-0.2984
IGF2BP2-AS1	-1.67996290253231	0.784988856090121	0.95727037478318	-0.4296
SLC2A4	-0.371161890347503	0.785100467473477	0.957306581231352	-0.1772
LINC00896	-1.67961476921494	0.785369385241839	0.957453305830894	-0.4398
KLHL25	2.18696297578698	0.785430582171531	0.957453305830894	-0.0704
LOC105376855	-0.550369568128595	0.785754622128578	0.957700282631553	-0.2171
PTGES3L	-1.67900867338238	0.785792207122896	0.957700282631553	-0.447
SNORD101	-0.51488990720743	0.78584302332497	0.957700282631553	-0.1744
TMEM190	-0.372654140320205	0.785955680262455	0.957726792924922	-0.1627
SNAP47	5.29184218619722	0.785969698269127	0.957726792924922	-0.0311
EPX	-1.67922801417577	0.786563570057075	0.958163456980045	-0.4338
SAP30L	5.34143193074369	0.786746140443064	0.958254342388885	-0.0294
C1orf220	1.21109356510769	0.786770066721461	0.958254342388885	-0.1199
PDE7A	4.26310063177593	0.786916811231069	0.958369133144389	-0.0353
SPAG5	7.1549860869933	0.787094049370501	0.958521043646712	-0.0246
CNOT11	6.23629274204735	0.78752349930748	0.958680383780723	-0.0288
CNP	4.61295314978649	0.78759280413266	0.958680383780723	-0.031
FAM196A	-1.74899555198064	0.787644997607749	0.958680383780723	-0.2658
LOC105372342	-1.74899555198064	0.787644997607749	0.958680383780723	-0.2658
SNHG7	4.89911950102278	0.788012513399901	0.958999829653262	-0.0299
SCART1	-1.68022062546172	0.788803830825041	0.959714096584195	-0.4309
TMEM88	-1.68022062546172	0.788803830825041	0.959714096584195	-0.4309
RASL10A	-1.82553523750232	0.789319845676523	0.960078826215644	-0.5023
PSEN1	5.81714484595656	0.789523162936051	0.960220580729598	-0.0274
UBAP1	5.18630689128308	0.789541582895048	0.960220580729598	-0.0293
RAI1	6.47463486421845	0.789860368064341	0.960544289860286	-0.0258
NDST3	-1.74812983971331	0.789951331683121	0.960590921948115	-0.2726
DTD1	5.95678277479034	0.790094339357573	0.960636847107017	-0.0297
GRTP1-AS1	-1.67983402454767	0.790377929344318	0.960917653044078	-0.4222
ACO2	5.68338758444256	0.79069261723704	0.961013424831475	-0.0273
CTBP1-AS2	3.08137688480409	0.790717905552362	0.961013424831475	-0.0561
TEC	3.1771370674537	0.790776167699465	0.961013424831475	-0.0465
SLC3A2	8.83484186648407	0.790825190690362	0.961013424831475	-0.0352
CEP41	4.46322166257945	0.790900343804931	0.961040056240754	-0.0339
LINC00240	-0.0113649994019934	0.790952390721808	0.961040056240754	-0.2561
ZHX1	5.10487744515725	0.791115947572783	0.961174812916859	-0.0281
MPDU1	5.61955073057427	0.791419855266164	0.961480061072675	-0.0294
EMBP1	0.655603241707306	0.791805043751032	0.961820006568556	-0.13
SLC16A10	0.4073131966585	0.79201909109197	0.961981671147831	-0.1256
SLC38A7	4.1208682793843	0.792164204103953	0.962064243621724	-0.0368
IGBP1P1	-1.68069743766971	0.792581105832931	0.962378494718057	-0.4149
TEKT5	-1.68069743766971	0.792581105832931	0.962378494718057	-0.4149
RTTN	4.06369793140109	0.793458436302998	0.963123484916724	-0.0413
DTX2P1-UPK3BP1-PMS2P11	2.18589868933526	0.793570577384584	0.963195562843758	-0.0724
PML	4.88789997059571	0.794045332811577	0.963643661225032	-0.0322
FCER1G	-0.401105994041979	0.794588267788877	0.96423846162947	-0.224
ARMCX1	-1.74838820655926	0.795106826972614	0.964799796634529	-0.2849
STXBP5-AS1	-1.90022378337129	0.795156537037857	0.964799796634529	-0.4244
ATF3	1.70425989783066	0.795280260831418	0.964842541523173	-0.0908
HDAC7	5.77885631757114	0.796012925464365	0.965518036494416	-0.0273
ZNF546	1.15766209455727	0.796082285273834	0.965538014879027	-0.0993
APLP1	-0.292389698929231	0.796549990641754	0.965912761817061	-0.1945
PLEKHA5	5.66479743489475	0.796628536129527	0.965943846677779	-0.0267
PYCRL	-1.74800063965511	0.797010823009106	0.96621486053883	-0.2767
TEX21P	-1.54779873338034	0.797486758757886	0.966539373293668	-0.3529
LINC01151	-1.54779873338034	0.797486758757886	0.966539373293668	-0.3529
RAB3D	4.23637856943576	0.797953920789077	0.967037093595684	-0.0472
STEAP2	3.89098415194192	0.798486210529599	0.967108740938003	-0.0459
LPAR5	3.69250796068904	0.79858929770674	0.967108740938003	-0.0363
ZNF750	-1.5479274128564	0.79877411909966	0.967108740938003	-0.3543
LOC101928844	-1.5479274128564	0.79877411909966	0.967108740938003	-0.3543
KIF5C	-1.5479274128564	0.79877411909966	0.967108740938003	-0.3543
ABCA2	5.60288843100249	0.798807663486205	0.967108740938003	-0.0283
FAM177A1	4.20728346663767	0.799145425879725	0.967325215147876	-0.0336
C19orf45	-0.265947901092112	0.799461240461554	0.967522655836354	-0.2479
PLA2G4D	-0.18852633188663	0.799467531950669	0.967522655836354	-0.178
FKBP11	2.60610675258432	0.799537299728708	0.967542950009764	-0.0575
PRC1-AS1	-1.54853175489567	0.799722439631487	0.96756439356358	-0.3491
MORF4L2-AS1	1.22844127798147	0.80025332459326	0.968024429749175	-0.106
HIST1H4E	-1.68043979539585	0.80092450695856	0.968643776020899	-0.3966
MIR106B	-1.68043979539585	0.80092450695856	0.968643776020899	-0.3966
GPKOW	3.87976261537566	0.801009530936047	0.96865187567039	-0.039
GLS2	1.18070638821415	0.801037322907312	0.96865187567039	-0.1003
ISLR2	-1.61092225067451	0.801781527168781	0.969166626497601	-0.1982
EML2-AS1	-1.61092225067451	0.801781527168781	0.969166626497601	-0.1982
SH2B2	2.01708013646892	0.801839728490176	0.969172807422978	-0.067
COLEC10	-0.752726784305112	0.801892928226084	0.969172942581622	-0.2847
CCT6P3	1.44170315815407	0.801947322161113	0.969174520943551	-0.0878
HTR7	0.480678542281475	0.802095263115474	0.969217551290723	-0.1578
MRPL16	5.97686253846157	0.802158904836236	0.969217551290723	-0.0254
ABCB9	1.97876767751639	0.802183818227666	0.969217551290723	-0.0881
FTX	1.20964755910917	0.802195289220137	0.969217551290723	-0.1231
RNFT1	3.86574932336678	0.802455285328447	0.969251443612188	-0.0326
FAM186B	0.733607152184663	0.802971148758123	0.969705714872547	-0.1051
PLA2G7	1.33397778995362	0.803268500438617	0.969837451387549	-0.0909
SNORD47	0.470619642417158	0.803324381699952	0.969837451387549	-0.1148
TRNK	-1.61105114783983	0.80339897991531	0.969837451387549	-0.2015
LINC01311	0.798663781674403	0.803764611479843	0.970186605302692	-0.125
MBLAC1	-0.372767911998567	0.803794500723226	0.970186605302692	-0.2806
ZNF324	1.50478647686754	0.803852505233355	0.970192472268949	-0.0775
MTHFSD	3.49489502346744	0.804005860032793	0.970255787440362	-0.0512
LOC729603	-0.140834195365146	0.80401125944335	0.970255787440362	-0.1629
GATA2	4.10179935988099	0.804072456077622	0.970265500571953	-0.033
ZSWIM8	4.19349715714242	0.804261606299195	0.970365467226099	-0.0339
SNORD29	-0.215595102092595	0.80434885978362	0.970406607468263	-0.2273
CARF	2.00215390104729	0.804621094587741	0.970606759798719	-0.0611
LIN7B	-0.18827812523766	0.805130935532226	0.971029289758625	-0.1766
HMGN3-AS1	1.9243517500616	0.805219196830228	0.971071585237986	-0.0749
MRPS10	6.2649545538944	0.805615521760666	0.971431302180918	-0.0242
NME4	6.41490797469308	0.806177172418079	0.971905861431979	-0.0264
PP2D1	-0.642129082519633	0.806241071493999	0.971918713760859	-0.2318
FAM21A	5.51341895049984	0.806457977410725	0.97205181801203	-0.0319
TBC1D8B	1.83989914304767	0.806803544382056	0.972404139845435	-0.0719
PRPF6	6.90955660521338	0.807405948223172	0.972834798974303	-0.0229
SNORA44	-0.166180488858544	0.807426919456307	0.972834798974303	-0.2205
SNORD83A	-0.139437965252225	0.807869825518814	0.973261472290519	-0.1685
ACACB	3.50779671073941	0.80788805604133	0.973261472290519	-0.0462
PEMT	5.01727861490772	0.807968279536297	0.97329389054534	-0.0291
RUVBL2	7.27391582177253	0.808651058686603	0.973987842408301	-0.0215
KDM2A	7.58915430426144	0.808948015824082	0.974152702960716	-0.0224
NIFK-AS1	2.80846797261637	0.809699273780537	0.974928765475365	-0.0537
CYP4F11	6.52464230075744	0.810135524601479	0.975261070697303	-0.0239
PARD3-AS1	-1.61031637889028	0.810316633552089	0.975414773976456	-0.2171
WDR61	5.04551491164354	0.811234517789718	0.976397407780793	-0.026
STOX1	3.23974871249959	0.811409589482358	0.976537244748495	-0.0411
SECISBP2	5.36217463884682	0.811558411336978	0.976651968185094	-0.0308
RGCC	-0.238203794152114	0.811922067003836	0.976896411732817	-0.1877
FZD7	4.82322917247475	0.811996921360202	0.976922090177399	-0.0323
TMBIM4	5.05005169831404	0.812160641327721	0.977054673349514	-0.0292
APOO	4.74500954062477	0.812429965786264	0.977165270565184	-0.0286
WDR92	4.63435814263534	0.812468467482062	0.977165270565184	-0.0316
TYW1B	0.835207480385416	0.81260974207298	0.977165270565184	-0.0939
ALKBH5	6.85427287357715	0.812618503893808	0.977165270565184	-0.0316
UBE3B	5.58888445883277	0.81273430479085	0.977165270565184	-0.0258
LOC105372824	-1.68130286656648	0.812813593505974	0.977186458979784	-0.3715
KCNA7	-0.317822274732131	0.812858981489209	0.977186458979784	-0.158
MAST4	3.71737158122339	0.812922872329295	0.97719891731373	-0.0396
SERINC4	0.718840003719278	0.813115777903216	0.977237764410869	-0.1251
ACBD5	4.52540974377858	0.813373950802121	0.977407574200799	-0.0274
SPN	-1.74851737335078	0.813744372902775	0.977607085529947	-0.3151
VAV3	0.0155047561497614	0.814300547810749	0.977766091107624	-0.1643
SNORA62	0.0156276950408917	0.814305195508343	0.977766091107624	-0.1636
RAB12	6.64731694427918	0.814376010930283	0.977786810624351	-0.0274
LOC101928650	-1.42732103953405	0.814533050768829	0.977846739977361	-0.292
PRNCR1	-1.42732103953405	0.814533050768829	0.977846739977361	-0.292
RNF222	-0.371536640865426	0.815508460635712	0.978486148095267	-0.1884
NPIPB11	2.13667368579783	0.815548051567572	0.978486148095267	-0.0872
SCARB2	6.22908770865205	0.816998695552918	0.979818429568156	-0.0228
WWP2	5.17779081530975	0.817034177986199	0.979818429568156	-0.0282
OTUD5	4.793599904089	0.817844687142663	0.980460639729966	-0.0292
ZNF182	2.68225751892798	0.817891930458351	0.980460639729966	-0.0566
AOC2	-0.0475485780328712	0.817954229365472	0.980463997306367	-0.1417
RNF217-AS1	0.0578643927751912	0.818200881062164	0.980587000525091	-0.1523
MGAM	-1.11302043438025	0.818212192101157	0.980587000525091	-0.2895
ANO9	2.61012382849942	0.818339981382947	0.980675771309379	-0.0564
HPD	-0.140789120236895	0.818462514770995	0.980758232337334	-0.1526
C22orf39	3.03987977726894	0.818566372966802	0.980818305649904	-0.0396
MEPCE	6.61924862651795	0.818677726477326	0.980887351484548	-0.0221
TRAPPC2	3.70152094616319	0.81883301870022	0.981009029360233	-0.0387
F12	3.28085564852633	0.819242519172813	0.981177683528104	-0.0431
DIP2A	4.58335538921672	0.819442943035259	0.981288971338255	-0.0279
ARHGAP19	4.0834998118309	0.820665773435529	0.982688860018301	-0.0327
ZNF433	1.44008823529938	0.820741615072353	0.98271521773207	-0.1042
LOC105371592	0.0987983872545468	0.821266618914177	0.983127213537174	-0.1425
RPSAP58	2.75985757964857	0.821301113806718	0.983127213537174	-0.0478
RAB40AL	-1.48787627728177	0.821933006525364	0.983819103535736	-0.4758
KCNIP2-AS1	-1.37161028446894	0.822179806376444	0.983985482182271	-0.4171
FOCAD-AS1	-1.37148204786142	0.822601992921969	0.984361692631323	-0.4159
VCAN	-1.48521028149927	0.822986016154511	0.984658901964418	-0.164
NUDT13	3.2309508683726	0.823010011248037	0.984658901964418	-0.0421
FBXO16	2.31997147844624	0.823012170523393	0.984658901964418	-0.0588
MTA3	5.85799645852208	0.823764789675232	0.985430181528802	-0.0237
PLEKHJ1	4.08471235669607	0.824069031055859	0.985729539441473	-0.0296
EFCAB5	0.20686706302839	0.824259609235274	0.98582831670592	-0.2086
PRIM2	5.27756042793202	0.824732104541642	0.98614031478538	-0.0259
DUSP23	4.52365219893857	0.824736542843075	0.98614031478538	-0.0311
APOL3	2.79821869854159	0.824915901815124	0.986194856818843	-0.0444
WNK2	5.04378049954143	0.825624229205801	0.986878539146278	-0.0272
FNTB	2.31490603022482	0.825770096600982	0.986985684272013	-0.0698
C15orf52	6.6979313827793	0.825977485933695	0.986985684272013	-0.0215
NDUFV3	5.01503472786034	0.825993937394111	0.986985684272013	-0.0238
GALNT9	1.7731679939695	0.826017786025385	0.986985684272013	-0.0665
LOH12CR1	3.36066481776729	0.826038862454322	0.986985684272013	-0.0437
ANKRD13D	4.06778497887382	0.826058033954925	0.986985684272013	-0.0387
MIR940	-1.37208370683198	0.826092312427496	0.986985684272013	-0.4086
CMC2	5.64085683346565	0.826944237455078	0.987680340136075	-0.0221
UCN2	-1.61299080861756	0.82763492069548	0.988270227341975	-0.5561
C19orf66	3.08332494432925	0.827654661800584	0.988270227341975	-0.0411
ZFP82	1.1178304134839	0.828094454090161	0.988666035829572	-0.074
TWIST1	0.667880871337256	0.828367661347772	0.988862880112792	-0.1312
DEDD	4.33478998588725	0.829178693106516	0.98970161630288	-0.0289
DPYSL4	0.0753218746750167	0.830400955711108	0.9907805383234	-0.1773
NUTM2D	-1.3719555095541	0.830833208569699	0.991093247232646	-0.4024
BISPR	-1.3719555095541	0.830833208569699	0.991093247232646	-0.4024
UNC50	5.48826305262799	0.830994746659362	0.99115641545886	-0.0326
YDJC	4.215109311184	0.831475664723788	0.991535680658271	-0.0273
ZNF34	1.78007061173287	0.831768054378314	0.991586564866903	-0.0741
TRAF3IP3	1.17544167956735	0.831903767053607	0.991586564866903	-0.0967
WDR70	5.86416962184764	0.831906290549325	0.991586564866903	-0.0273
PP14571	0.193178187078564	0.83265706205848	0.992267529744645	-0.1448
ZNF713	1.14841104692865	0.832906084337551	0.99236397644912	-0.0873
ZMYND12	0.0342894456486212	0.832931267042608	0.99236397644912	-0.1794
LOC100128361	1.14595846562393	0.833226777157163	0.992586495515901	-0.0855
MIR181A1HG	-1.37002728997442	0.833295760443719	0.992603902039706	-0.1198
CLDN23	2.32222995474641	0.833592640835015	0.992740021511148	-0.0503
INPP5B	4.46471571984217	0.834147321006166	0.993294207311236	-0.0246
LIFR-AS1	0.213775618517383	0.834576504390164	0.993610842842497	-0.1137
RNASEH2C	4.42610200974098	0.835150087602867	0.994203110906862	-0.0337
PRDX4	6.13828484177875	0.835182893781093	0.994203110906862	-0.0225
MYOF	8.5950319457257	0.835780849545301	0.994793453831782	-0.0188
PLEKHA1	5.31036177936228	0.835878255643238	0.994836262795681	-0.0213
DPH1	2.82429234998011	0.835964069168991	0.994873536293944	-0.0454
MYO9B	6.47038963764752	0.836433620332135	0.995237709234404	-0.0212
LOC100652901	-1.26545480740073	0.836654116289731	0.995370319125795	-0.3421
GCC2	5.45052796776047	0.836795336081389	0.995473455982134	-0.0223
IDH3B	6.92024160195065	0.837923972694558	0.996102106238969	-0.0213
FERMT3	0.192738506779731	0.838133567558994	0.996162071708945	-0.1378
CD59	8.14128296153224	0.838167324759456	0.996162071708945	-0.0224
BNIP3L	5.62703981892994	0.838192680955363	0.996162071708945	-0.0206
METAP1D	5.12678711022631	0.838653544396419	0.996580036874375	-0.0249
ANKLE1	-1.26399877815694	0.838711141892329	0.996583611454462	-0.3507
RBM4B	4.08744156000578	0.838821171654989	0.996649483223787	-0.0306
RNU86	-0.073771186856177	0.839033153001642	0.996836472809968	-0.1544
TMCO6	2.4247164591299	0.839235658025244	0.996947304327749	-0.0535
SPDYA	-1.16440885632222	0.839722824165721	0.997113798625287	-0.3049
ASB16	1.98296806623504	0.83979492501627	0.997113798625287	-0.0491
SPOP	5.28398291015828	0.839830787390849	0.997113798625287	-0.0218
TACC2	3.61941008152839	0.839982661782612	0.997120974933569	-0.0343
RPS18	-1.26339833462849	0.840119858589496	0.997124145565455	-0.358
PMS2P9	0.0744356892764288	0.840149189695871	0.997124145565455	-0.1601
SPTSSA	5.94894979236788	0.840538748845833	0.99729663348636	-0.0389
LOC101927481	-1.37002132476225	0.840555831375717	0.99729663348636	-0.4273
AMDHD1	1.32141262454125	0.84104382119814	0.997742609658816	-0.0723
SLC17A5	4.3216209453927	0.841107513291475	0.997742609658816	-0.0254
RPL26L1	6.06999949245564	0.841225936787887	0.99781825105579	-0.0192
PMP22	2.01353090348929	0.841684665196347	0.998232654311993	-0.06
IFFO2	5.24294121168482	0.842094803355593	0.998376590963987	-0.0204
ZNF419	3.24042866526105	0.842118882262691	0.998376590963987	-0.0407
TMPPE	1.33718232325061	0.842121899695394	0.998376590963987	-0.0616
FAHD2CP	0.353821039855032	0.842258460873358	0.998459120889872	-0.1449
PTOV1-AS1	-1.1654781028808	0.842367765585679	0.998493470335366	-0.2946
RFNG	3.49646674328833	0.842686534646337	0.998772016912519	-0.0427
SDHAF2	5.30387085754156	0.84302404024106	0.999061732202925	-0.0261
EFCAB2	4.21377846700093	0.843668287832611	0.999546256257521	-0.0303
STYX	5.04145967766183	0.843739512758188	0.999565771895749	-0.0209
SNORA26	-1.31791038980629	0.844151463093111	0.999988911182132	-0.2204
LINC00908	-1.16393786623707	0.844444588805744	1	-0.3136
INPP5A	4.71913559119909	0.844767737756439	1	-0.0239
USP32P2	4.34703640924374	0.845029118136801	1	-0.0244
GALK1	1.89750699532766	0.845268055324312	1	-0.0519
COX18	3.903432464688	0.845591342222116	1	-0.0261
TSACC	0.983591717495305	0.845656133774787	1	-0.0945
U2AF2	8.43272434104144	0.845705584070614	1	-0.0202
LOC148696	-1.26519897408878	0.846387177862684	1	-0.3278
GPR137C	1.41974011718221	0.847318442988914	1	-0.0796
LOC105371419	-1.16308314968565	0.847406005456331	1	-0.3194
ZNF624	3.41366094930068	0.847543826455567	1	-0.0301
LOC100130370	-1.16607627186044	0.847556943475416	1	-0.2838
FSIP1	0.40577122532957	0.848174290601216	1	-0.1092
SETD6	3.57120232507357	0.848506540568115	1	-0.0346
FAM72D	3.82426215204985	0.848599680297397	1	-0.0261
MIR205	-0.0530406722938915	0.849217412107189	1	-0.1767
ABHD6	2.6939793602066	0.849861300161677	1	-0.0426
C21orf33	4.40961313244491	0.850823948351669	1	-0.0237
LOC728613	3.85667337749557	0.851036755490973	1	-0.0265
HMGN4	6.20334711410377	0.851039734640363	1	-0.0185
LOC647323	-1.07026605661701	0.851156265636263	1	-0.2703
LOC100129046	-1.07278136513705	0.851254089688553	1	-0.2499
NBEA	2.54048213446161	0.851280678243852	1	-0.0539
CHADL	-1.07252656977637	0.85230120878777	1	-0.2461
AZIN2	0.402521950166631	0.852463678955353	1	-0.0976
LOC389765	1.44485932243413	0.852656426067842	1	-0.0663
ABHD11-AS1	-1.3192329180271	0.852723597531815	1	-0.4721
MTMR7	0.542570458613629	0.853492671596328	1	-0.0975
TMPRSS9	0.511751395686396	0.853529274199706	1	-0.1015
THOP1	5.79389972434344	0.853798961959108	1	-0.0188
SNORA45A	-0.983562254561089	0.854001726528845	1	-0.2242
ZC3HAV1	6.41941925721297	0.854102918877513	1	-0.0179
NUMB	5.9170077605692	0.855186673495073	1	-0.0191
YIPF5	5.90354949043134	0.855568345898456	1	-0.0196
MMP25-AS1	0.536431899900615	0.85581006952915	1	-0.1216
DEPDC5	3.59955085900852	0.856028490089133	1	-0.0282
IGSF23	-0.982966640989375	0.856184875959437	1	-0.2294
LOC105371730	-0.94332510192391	0.856291789267022	1	-0.3047
FMR1-AS1	-0.984030417685674	0.856428115718487	1	-0.2186
TLX2	-1.21146518830259	0.856491712278668	1	-0.2172
POLR3GL	3.25670045074613	0.857194841195833	1	-0.0441
PFDN4	6.26400694582236	0.857303314080825	1	-0.0189
EVI2A	-1.16645912053214	0.857402940523934	1	-0.2824
B4GAT1	4.62541098360752	0.857751375564972	1	-0.0248
LOC100289361	-1.07001085049596	0.858255014727214	1	-0.2718
COX4I1	8.27278781867131	0.859725847190174	1	-0.0162
SNHG22	0.584479511716668	0.86024354990682	1	-0.1094
C9orf89	4.8679551177338	0.860545136958378	1	-0.0274
RHOBTB1	3.21625382463431	0.860973355412162	1	-0.0338
JADE2	5.66619637685676	0.861150442629871	1	-0.0178
RNF34	5.09914350150465	0.861479615410642	1	-0.0212
ZNF559	3.32617038249999	0.861726805806099	1	-0.0356
FBXL19	5.84736808638346	0.862056321344939	1	-0.017
TEX22	-1.21197731441538	0.862299098345343	1	-0.2368
LOC102723743	-1.21197731441538	0.862299098345343	1	-0.2368
SLC15A3	0.432252697317137	0.862330921746422	1	-0.134
MOXD1	0.683422044115542	0.862503178444276	1	-0.0671
SYT16	1.72435186517508	0.862568054156481	1	-0.0668
A2M-AS1	-0.863437485920033	0.862809245086643	1	-0.2659
LOC100129518	-0.863098549145435	0.863167275290917	1	-0.2733
AFG3L1P	4.17514224918538	0.863595787874743	1	-0.0268
TRNG	0.533432980189229	0.863738334396057	1	-0.098
SPATA32	-0.900326929943915	0.863895214384561	1	-0.2041
MCM3AP	5.73343284354166	0.864191656977331	1	-0.0193
PDGFC	4.98366025734599	0.864309371028123	1	-0.0211
LOC101928324	-0.823079349454523	0.864642288704705	1	-0.1667
CASP7	3.99817510799414	0.86473377719394	1	-0.0226
TOM1L2	5.18320071697461	0.865004348015415	1	-0.0209
GCSAM	1.49567917893232	0.865063422735077	1	-0.0634
C18orf65	-0.943071054643607	0.865139868443137	1	-0.294
GATAD1	5.26739901854281	0.865275484015159	1	-0.0173
COL1A1	3.77246080985077	0.865539562297695	1	-0.0245
LRRN4CL	-1.21629300335101	0.866564480999611	1	-0.3857
NIPA2	6.64448203721468	0.866574242677705	1	-0.0159
NEK2	6.26194547024429	0.868307306541521	1	-0.0159
WDR93	0.0761941420608625	0.86839956797967	1	-0.1051
BLNK	-1.16329869563739	0.86854257401135	1	-0.3101
ZMIZ1	6.61895684893369	0.869342028225743	1	-0.0158
CD99P1	-1.37028399427754	0.869399471648222	1	-0.1658
UQCRFS1	6.2217181143567	0.869423519187544	1	-0.0208
MX1	1.99392242681865	0.870552359352043	1	-0.0682
TTC33	4.84437237037445	0.870721887013487	1	-0.019
H2AFZ	8.67400168837548	0.870857943127968	1	-0.0215
LINC01001	-0.943833071854483	0.870865831586023	1	-0.3055
GTPBP6	2.38635007328545	0.871607564964615	1	-0.0907
TRK-TTT3-1	-0.862464621232889	0.872034873261683	1	-0.2602
RAB32	3.99060892240936	0.872257335799523	1	-0.0252
VMP1	6.5235475057251	0.872341668297892	1	-0.0158
SMCO2	0.529490291709217	0.872425910541313	1	-0.0926
MYDGF	5.6526270826555	0.873249114106735	1	-0.0168
CCDC134	5.32228197718865	0.873333815809711	1	-0.0186
STAMBP	5.63489427667889	0.873879053744427	1	-0.0165
BCL2L11	4.21023799780155	0.874687266317268	1	-0.0213
PRR12	5.10712632465195	0.87537484980724	1	-0.0175
HM13-AS1	-0.824051569765975	0.875398837453969	1	-0.1686
ZEB1-AS1	1.84407273478854	0.87555968781403	1	-0.0468
POLR2H	6.11377443656448	0.875730818221269	1	-0.0218
ALKBH3	4.47494174794485	0.876109555074644	1	-0.02
DEF8	5.21742618329238	0.876131773070572	1	-0.019
PNKP	3.92258814274044	0.876159465144578	1	-0.0215
FDX1L	4.13428007099668	0.87621382342774	1	-0.0223
LOC101928068	-0.944426864931907	0.876282950998414	1	-0.2926
CDK16	5.59894487301898	0.877124427814562	1	-0.0178
LINC00173	-0.78755856230181	0.877475795977036	1	-0.2389
FIG4	3.99854747319817	0.877797282445089	1	-0.0209
RPAP1	4.85475260257296	0.878143689909049	1	-0.0193
HMGCR	7.01056058186289	0.878250804614528	1	-0.0142
ATXN7L1	2.94794957393056	0.878306455521859	1	-0.0306
RAPGEF3	0.995529524812298	0.878722961415475	1	-0.0585
STOM	2.97166376675361	0.878724496921844	1	-0.0289
CLHC1	3.06683405073664	0.878735347023026	1	-0.0363
WDR59	5.15680551411983	0.879457637168655	1	-0.0191
GDPD1	0.919664329566134	0.879498781950512	1	-0.0573
PLBD1	4.34869862399075	0.879603297905307	1	-0.0192
MRPL33	6.75266382626473	0.881611656398123	1	-0.0136
HNRNPU-AS1	4.33308202122374	0.882351079598705	1	-0.0271
LAPTM4B	7.3396256911972	0.882363546776553	1	-0.0152
SLC38A6	4.33341376915307	0.883750785568699	1	-0.022
C1orf204	-0.517356169803542	0.884055788314154	1	-0.1505
STXBP3	5.43151475658828	0.884385474732893	1	-0.0181
CCT5	10.6331757785211	0.884843610787014	1	-0.0135
CHTF8	6.53516930240906	0.88515002063371	1	-0.016
ZSCAN5A	2.79778159846889	0.885592165006971	1	-0.0388
AP3S1	5.68463517107108	0.886146844727134	1	-0.0147
LOC101927391	2.07577073637462	0.88614828712315	1	-0.0492
ERLEC1	5.76916343517587	0.886343094336781	1	-0.0141
CCDC28A	2.74555120509755	0.887604787718504	1	-0.0261
LOC100506472	1.12647660927354	0.887834158050818	1	-0.0827
FSD2	1.08812643280891	0.887990092978667	1	-0.0627
PLCD3	4.88777121890459	0.888086719478642	1	-0.0151
CCDC81	-0.458305896799125	0.888330417996673	1	-0.1185
USP3-AS1	-0.399829384112372	0.888528027167844	1	-0.1119
CTAGE4	0.968294224355916	0.888858250972916	1	-0.0827
MNS1	5.30037801329822	0.88927758581371	1	-0.0265
ANKRD46	3.43262610970358	0.889588723079349	1	-0.0225
ZNF844	2.1389869788817	0.890552048495591	1	-0.0388
APIP	5.42216276777758	0.890872176701783	1	-0.0162
TBCC	3.71639041542694	0.890950858352985	1	-0.0261
PCM1	6.66057916043176	0.891222138496392	1	-0.0136
SDHD	6.34358732899018	0.891370439845615	1	-0.0168
OTX1	2.27351500717249	0.891590401215804	1	-0.029
SLC25A17	5.19013725518718	0.891659974208137	1	-0.0194
TNFRSF19	-0.614892875326646	0.89296085385722	1	-0.2112
BCKDHB	4.49012495898116	0.893254250168539	1	-0.0145
IMMP1L	3.4186878738523	0.893620074915796	1	-0.028
ZBTB25	2.92284979390331	0.893642515714957	1	-0.0289
PPP1R7	7.33377675951182	0.89401497244469	1	-0.0133
CCDC13	-0.864071022013132	0.894229965261398	1	-0.2653
MIR1254-1	-0.317074517332761	0.89431550227622	1	-0.1513
SPDYE1	1.28321455653564	0.894482776223399	1	-0.0659
FUT3	2.96779577560328	0.89477193359646	1	-0.0291
RALGPS2	6.56853323936611	0.895238465519402	1	-0.0125
H3F3C	-0.344737203563439	0.895662714230645	1	-0.0959
CTBS	4.21940384890456	0.896026742512045	1	-0.0208
PRRC2A	-0.862210977913402	0.896148915502327	1	-0.2363
PQLC2L	-0.264884860721987	0.896549036563954	1	-0.1348
SAP18	6.8159962487627	0.89692950730677	1	-0.0128
DCAF8L2	3.0252386521446	0.897066196616651	1	-0.0241
XPNPEP3	5.77675373511113	0.897255824239223	1	-0.0147
FIRRE	2.40635680520465	0.897474024584772	1	-0.0336
LOC105370941	0.924839551311139	0.897570821776944	1	-0.0593
SLC25A21-AS1	-0.782538956074235	0.898064877786293	1	-0.1366
PPP1R3B	1.30315007345578	0.898307285390486	1	-0.0657
ATG14	4.58461372720652	0.898445063423231	1	-0.0175
PARD6B	4.01342651161829	0.898447480431426	1	-0.0156
EPAS1	7.88372622040655	0.898748262245736	1	-0.0117
FKBP2	6.40869673143375	0.899267832951357	1	-0.0178
HOXC11	1.34403437144287	0.899306461786963	1	-0.0694
COG1	4.00854673171591	0.899446961827494	1	-0.0245
ERICH6-AS1	-0.212229619737712	0.899651155334211	1	-0.1333
C19orf25	3.51836893838361	0.899806479557765	1	-0.0199
RPL27	9.95192830011744	0.90079794350375	1	-0.0164
GSK3A	5.97925087545523	0.901070072265495	1	-0.0129
SPTBN4	-0.426712773264173	0.901309293142058	1	-0.1899
INE1	-0.400785604387354	0.901634129731558	1	-0.1074
NNAT	-0.211652759399758	0.902113095561239	1	-0.139
ABCC10	3.2320001404918	0.902122756949475	1	-0.0214
GMPR	-0.095017034123855	0.90218395667372	1	-0.1443
RRP1	5.33754638634001	0.902308591159362	1	-0.0129
TUBB	-0.116451868446505	0.902482623951839	1	-0.104
METTL12	0.841325344952897	0.90266356780957	1	-0.0699
CNPY4	2.52347140477873	0.902664543944054	1	-0.0283
HOXB6	4.18032879747039	0.903222188635499	1	-0.0181
LOC653653	-0.262323700032047	0.903600664674559	1	-0.1503
RGS19	4.38331724881806	0.9041134218342	1	-0.0143
CCDC64	3.31111298737544	0.904798511414701	1	-0.0226
LOC100506990	1.52052652225507	0.905103394538064	1	-0.0481
CCDC17	-0.191402278754504	0.905472268910459	1	-0.154
RASIP1	-0.16245075023238	0.905567852731584	1	-0.1297
RTN4R	1.38238038148843	0.905806830360481	1	-0.0427
RNFT2	2.62867750574609	0.906357365018167	1	-0.0319
ABHD17A	4.52400316644749	0.906520703247267	1	-0.0139
WTH3DI	-0.369054068470727	0.906828090816192	1	-0.0799
BET1L	4.65798814281694	0.9070748100468	1	-0.0164
CLPP	4.75682642206521	0.907302103984096	1	-0.0132
LOC283335	1.648491704417	0.907327496289494	1	-0.0479
LOC100128288	-0.0504039059577028	0.907371670867176	1	-0.1229
ZXDA	1.50558236713198	0.907646234669573	1	-0.0403
SAMD10	3.20807204699181	0.908169469550462	1	-0.0263
CASP6	4.53739175029698	0.908603988001528	1	-0.0173
C17orf70	4.10512871933937	0.908707453976411	1	-0.02
ATP2C2	2.67854658747356	0.908899816412414	1	-0.0321
TMCC3	4.25653493773745	0.909133630245974	1	-0.0184
ISCA1	5.89302366014436	0.909769549916945	1	-0.0112
LRGUK	0.0771740781366733	0.909888483593114	1	-0.0956
TRNL1	2.32687590540213	0.910090861790073	1	-0.0424
CCDC82	5.086657608474	0.910228383695815	1	-0.015
ARFGAP1	5.60142555294089	0.910345777321799	1	-0.013
LINC01234	5.13979601799713	0.910486272570783	1	-0.015
ROCK1P1	-0.00643099787230599	0.910646100627384	1	-0.1221
LOC100507373	1.61813605413391	0.910670077588697	1	-0.0448
RPL34	8.07010816920121	0.910706865341897	1	-0.0101
TEKT4P2	1.70257925171626	0.910796111121615	1	-0.0405
F8A3	-0.241211653554475	0.910985989462769	1	-0.1527
LRRC39	-0.31955834536642	0.911550518281182	1	-0.1326
LINC00926	-0.426184013790911	0.911551769096781	1	-0.1006
CD37	0.119485929449544	0.911830213370636	1	-0.095
RASA2	4.51922418992332	0.912362089432283	1	-0.0132
KIAA1024	0.119118632485487	0.912684458839036	1	-0.0978
TBC1D9B	6.83944430803011	0.912700560604663	1	-0.0104
KAT5	4.30177360175446	0.913068851820619	1	-0.016
ERCC3	6.13798704326904	0.913074755331366	1	-0.0115
LOC100507577	0.0591079350325888	0.913272089629593	1	-0.0713
LOC101928891	-0.217568909185817	0.913276137248551	1	-0.1983
MAP1LC3B2	0.158448660493941	0.914675988804434	1	-0.0835
COL28A1	-0.141420782224919	0.914851200295608	1	-0.0601
ZNF710	3.90685245097422	0.914979371918429	1	-0.013
LOC101927759	-0.453134831017214	0.91534699871983	1	-0.1755
ANXA2R	-0.190906681335602	0.915633296080609	1	-0.1356
MTMR10	-0.0307073102901562	0.915911967583434	1	-0.1446
TRNL2	0.178219733300282	0.91641916600493	1	-0.0403
TIA1	6.31941044240269	0.916604631498137	1	-0.0101
ORC3	5.34786667290139	0.916808206509868	1	-0.0114
MLF1	5.16861105702989	0.917465577121118	1	-0.0162
FOXO3	6.64757504523428	0.917584493662564	1	-0.0096
LINC00115	0.0543413639135752	0.917657567808104	1	-0.123
MGST1	9.43276218891884	0.917912189554927	1	-0.0094
REXO2	6.59723343678202	0.917912857662575	1	-0.0098
ANKHD1-EIF4EBP3	-0.0704004341174257	0.918167541218074	1	-0.1159
PICK1	4.49132796241009	0.918276043786856	1	-0.0144
RNF170	3.568220597216	0.918350024357322	1	-0.0193
LPCAT3	6.64015773958791	0.918367690596461	1	-0.01
CHRDL1	5.19624084076208	0.919374492422995	1	-0.0116
C9orf163	0.32160159878548	0.919463755504549	1	-0.0864
TRAPPC9	4.32754119274883	0.919483095450334	1	-0.0156
M1AP	2.00388210465984	0.919655604724286	1	-0.0398
LLGL1	5.04315220850386	0.919767390114019	1	-0.0124
RPL36AL	7.75267658600727	0.919819781885207	1	-0.0115
MAP2K3	5.88279770588071	0.919864610988244	1	-0.0128
TMCO1	6.37788954727562	0.920183107398461	1	-0.0095
MED27	4.84506775564769	0.920189961025933	1	-0.015
LOC100506499	0.0609812618065116	0.920239902618956	1	-0.0789
GLIPR2	2.04638237022619	0.920323887262516	1	-0.0345
NDUFS7	4.40734600577355	0.920672889067167	1	-0.0202
MIR205HG	6.44222103450361	0.921139960036752	1	-0.0105
DAPK3	4.37876252369863	0.921503369884215	1	-0.0112
RPL21P28	3.96667753251447	0.921706723628685	1	-0.0428
GIT1	6.07291565246868	0.921888016062147	1	-0.01
LOC101928841	-0.115709125756438	0.922004433763284	1	-0.0972
DEPDC1	7.27400270277912	0.922706597397504	1	-0.009
USMG5	6.35025934320055	0.922855464639324	1	-0.0111
ZNF527	2.10086963975007	0.923135348366556	1	-0.0305
SLC30A9	6.37196457413306	0.92350432765848	1	-0.0092
NELFCD	6.99180412840797	0.923897206404773	1	-0.009
NSMCE2	5.13842693821263	0.924135631175606	1	-0.0107
CREBL2	5.30242344846973	0.924139592213492	1	-0.0103
ADAMTS7	0.266196916667872	0.924464781229047	1	-0.1136
CPEB3	0.422228056580665	0.924592068914186	1	-0.069
RBL2	6.15678303832288	0.924705767733946	1	-0.011
BANP	4.28634403520238	0.925430693768185	1	-0.0126
ZBTB40	5.10930972782048	0.926138893474603	1	-0.0142
MFF	6.81323121371108	0.928076179358269	1	-0.0084
MCF2L-AS1	0.374711219395832	0.928861329974182	1	-0.0603
CAPN5	1.76032611050515	0.929842363706059	1	-0.0583
ZDHHC11	0.616466506000839	0.93017598918187	1	-0.057
YKT6	7.25121854363409	0.930315067379163	1	-0.0086
LOC100996664	0.602941450790208	0.930537641303024	1	-0.0352
MKL1	4.9858548804017	0.930938368204412	1	-0.011
ZNF490	2.3065673507948	0.931488687731628	1	-0.0299
KATNA1	3.8345898214782	0.931494523451628	1	-0.0114
SPDYE5	0.263989798892561	0.932116796306692	1	-0.1074
UCK1	4.38421883570061	0.932423522377646	1	-0.0098
ACD	3.91034851989713	0.932463872474464	1	-0.0119
FASTKD3	4.68889793291178	0.932475098952961	1	-0.0102
LINC00470	3.12534393094975	0.932563248853162	1	-0.0105
SMARCD3	2.48427302309092	0.933030717665601	1	-0.0181
GOLM1	7.6054721154335	0.933049637319378	1	-0.0081
HDHD1	4.10174248863704	0.933820070204489	1	-0.0143
TSSK6	0.0633647571218536	0.933933299458342	1	-0.0369
TOB1-AS1	0.774314391707624	0.934728883376144	1	-0.075
ZNF865	4.67979150504901	0.93480633965126	1	-0.0112
L3MBTL1	2.51624901969959	0.935386213366504	1	-0.0178
PIGS	5.10034835511552	0.936279086772789	1	-0.0097
LINC00526	0.255839175743548	0.936463893569564	1	-0.0692
ME1	7.59426162773051	0.93703132760496	1	-0.0071
TP73-AS1	3.55860013399132	0.937341930873101	1	-0.0159
EIF2B5	6.17684617696141	0.937601539392996	1	-0.0104
LOC729737	3.30504084623412	0.937811863481163	1	-0.0224
RAB36	2.35611083243195	0.937963497303802	1	-0.0351
GMDS	4.09313624535147	0.937992652226109	1	-0.0154
HK1	7.53109178728631	0.93849647041044	1	-0.0085
DNAJC18	2.70793533919709	0.938669373330889	1	-0.0158
SEC24C	7.00586459769916	0.938753720929818	1	-0.008
SLC39A4	5.30679194607317	0.938937711716868	1	-0.0088
ZNF394	3.70413894448591	0.939014325122555	1	-0.0216
CSTF3	5.76871213293165	0.939305531122195	1	-0.0084
SLC2A6	2.61927011166586	0.939731968682597	1	-0.0263
ARMC10	4.50405409722597	0.94062062234953	1	-0.0127
STXBP1	5.00443236385831	0.940982204551691	1	-0.0096
CHAF1B	5.01911193568644	0.941350907336868	1	-0.0113
ZNF613	2.28737293232489	0.941356043209022	1	-0.0158
CASP1	0.327093479410491	0.942070666065264	1	-0.0786
GHDC	3.54647356460555	0.942149684300137	1	-0.018
OBSCN	5.05378086302695	0.942470720242033	1	-0.01
ANGPT1	3.66812715823179	0.942700910925344	1	-0.0117
SIMC1	2.84833611598511	0.94402789470543	1	-0.0144
BBS4	2.85106684349464	0.944083278622884	1	-0.0196
DCAF15	4.41119165408798	0.944133846416516	1	-0.0101
ADSS	6.88856796940632	0.944584546191821	1	-0.0065
ZNF692	4.2741770161677	0.944634685753213	1	-0.0139
PSMA1	7.01586469462811	0.944961637097432	1	-0.0068
DKFZP586I1420	2.89076682129902	0.945721294916727	1	-0.0218
HYKK	1.2859363846516	0.945827244942732	1	-0.0399
TIGD1	3.6261969418906	0.94584173775127	1	-0.0218
C14orf28	1.35462146462307	0.947042877454756	1	-0.0253
CECR5	4.42814899653215	0.947310002364627	1	-0.0067
MTCH1	7.49740365867233	0.947630924827197	1	-0.0061
CXCL16	5.25371691931645	0.947751907965878	1	-0.0076
PDLIM3	1.29827351024432	0.948624645832262	1	-0.0303
SNORA32	1.2679181649029	0.948797993929148	1	-0.0471
GOLGA1	5.15592558384779	0.948874089082882	1	-0.011
DROSHA	7.55680333976066	0.948965806382315	1	-0.0074
SLC15A4	3.96431854414365	0.949198574337202	1	-0.0081
ZNF584	3.13817534912836	0.949540874456362	1	-0.0149
ABTB2	4.51784894798062	0.949832016468178	1	-0.0105
ZNF767P	4.06642939510957	0.95005715363399	1	-0.0117
MRPL38	5.69729117658313	0.951556865701327	1	-0.0102
WDR66	1.52327683655894	0.951903066155382	1	-0.0189
KIF1C	8.21879885650219	0.952166872225763	1	-0.0059
RPL17	3.33878951185847	0.952906813441791	1	-0.014
VEZF1	5.86371060043868	0.953075603740988	1	-0.0055
SRCAP	7.44749072480484	0.953251388118611	1	-0.0068
UBE2D2	7.10795278238263	0.953497486549062	1	-0.0053
LCMT2	3.14010357447083	0.95363778224019	1	-0.0146
GIN1	2.97980909521869	0.953670322851391	1	-0.0199
PIGX	5.77282230820006	0.953775133572415	1	-0.0055
ARHGEF18	6.2692113771776	0.954010842867018	1	-0.0084
ADAM1A	1.27042990165746	0.954779082031126	1	-0.0623
LINC01024	1.47103765204525	0.954841445011381	1	-0.0258
ARFIP2	5.05262445710562	0.954867492598669	1	-0.0061
KIAA0895L	3.34471937421185	0.955066170003481	1	-0.0103
C18orf21	3.36276272493535	0.95516534138705	1	-0.0093
TSHZ1	3.45364792765232	0.955571491106007	1	-0.013
LOC103611081	1.72745533150944	0.955633145684624	1	-0.0283
CDK11B	4.98890345766366	0.95589570156607	1	-0.0083
KCNK6	1.76262628694032	0.95624519194946	1	-0.0207
PLEKHG2	3.49464139225788	0.956345596309356	1	-0.0121
ADRA1B	3.39972449186232	0.956472890814046	1	-0.0128
RCAN1	3.5283038774957	0.956771847878025	1	-0.0131
CTDP1	3.29765036317779	0.956786762002316	1	-0.0177
SIRPA	5.18584014124247	0.957643359888886	1	-0.0075
SLC19A1	4.47905769661468	0.95852175490119	1	-0.0147
WIPI1	1.93441982802712	0.958615565372184	1	-0.0253
PHKA1	5.27777479229086	0.95923430658262	1	-0.0083
CDC45	4.86616179434793	0.960898650373641	1	-0.0095
ZNF200	3.46339934104933	0.961064934653125	1	-0.0174
ICT1	5.34506527715688	0.961163025172754	1	-0.0056
HNRNPUL2	7.3343074698954	0.96211564805768	1	-0.005
SUMO3	6.84800534138913	0.962135514126436	1	-0.0047
BTBD2	5.76528322267825	0.962246923938928	1	-0.0051
TET1	2.13871262605016	0.962354943005297	1	-0.0188
MAP3K3	3.83756197026854	0.962444894269293	1	-0.0068
TBC1D9	4.62002335642672	0.962513241294022	1	-0.0079
IMMP2L	3.79236123982038	0.96256294486313	1	-0.0161
NEURL4	4.80452957678233	0.963579620699371	1	-0.0091
ID3	3.7650462069704	0.965546613398987	1	-0.0102
FOXRED1	4.93668602690755	0.965917281959436	1	-0.0091
ZFYVE28	2.07134489791884	0.96610093751264	1	-0.032
C5orf45	1.9037124590066	0.966579337901644	1	-0.0257
NR2F1-AS1	2.31611506895787	0.966714476463204	1	-0.0291
ABCA3	2.39799367222407	0.967159251046115	1	-0.0201
MCM3AP-AS1	2.18177910261253	0.9672616752517	1	-0.0163
DCAF12	5.20785547141051	0.967520766926758	1	-0.0058
ARFIP1	5.45274554083934	0.968472970976314	1	-0.0054
GPR135	4.35241299771992	0.96902109179639	1	-0.0093
KBTBD4	3.56022131923912	0.969176750812411	1	-0.0188
PKN1	7.10982185950136	0.969275611543786	1	-0.0037
ZNF397	2.70361305458842	0.96941117862418	1	-0.0203
TFIP11	4.29035534698032	0.969734122266475	1	-0.0046
SYMPK	5.8737961687828	0.970241778939583	1	-0.0041
XRCC6	9.76975878178647	0.97060926590281	1	-0.0035
SLC12A6	4.76795121579493	0.971985094994308	1	-0.0066
POLR2A	8.04606513476881	0.972142218100965	1	-0.0052
MAP4K5	6.24985980167053	0.97250010934502	1	-0.0035
SETSIP	2.85534786091929	0.972763395671348	1	-0.0149
DCTN6	5.07510767726844	0.97283326114498	1	-0.0029
CCT8	7.92191877718608	0.973426814255623	1	-0.0032
ITFG1	5.1163333590425	0.973473222408186	1	-0.0027
TOMM22	7.28206558581553	0.973652032200508	1	-0.0049
MRPS14	4.55955014316642	0.974202448440043	1	-0.0045
EHBP1L1	7.48145100849695	0.975066397364015	1	-0.0037
CAMK2D	3.26019376153265	0.975544276143417	1	-0.0072
STX4	5.85414066954842	0.977338459747908	1	-0.0039
GSTO1	5.79492325906304	0.977628450919808	1	-0.0064
PLCB3	6.42944245334527	0.979311477110135	1	-0.0029
BTN3A3	3.60350579774708	0.979338635501615	1	-0.0059
ZSWIM1	3.68489734191071	0.97968197316443	1	-0.0053
SLC25A5	9.04643764844086	0.97996488883243	1	-0.0026
WDR27	3.74607324453221	0.98029727456388	1	-0.0073
NUTF2	7.07474949684056	0.980499113892582	1	-0.0035
BBIP1	3.53112668934422	0.980727388812372	1	-0.0123
MIA3	6.09149689132424	0.980785466115848	1	-0.0024
EOGT	3.64419732386222	0.981148075678766	1	-0.0031
DRG1	6.22979257913892	0.981416420373869	1	-0.0035
C19orf47	3.89695624735552	0.98164255635639	1	-0.0057
CCDC112	3.33806863617012	0.981700663844493	1	-0.0071
VRK1	4.01066871245854	0.982784996696763	1	-0.0038
ZNF189	3.86015851671909	0.983262041928512	1	-0.0116
FAM109A	4.05604700614364	0.983307268908135	1	-0.0077
ATG4A	4.13510881124145	0.983898754452524	1	-0.0071
AHSA2	6.02319922313805	0.985306281705884	1	-0.0026
GRAMD1A	4.20858633412555	0.98549947762707	1	-0.0012
TMEM127	5.84747492229651	0.986068873933252	1	-0.0032
NLGN2	6.19077495612616	0.986639998146744	1	-0.0021
SUPT4H1	5.75910366638871	0.986653374231309	1	-0.0018
XBP1	4.59195396424941	0.987211765113848	1	-0.0046
RHOF	3.54360053371444	0.987660566345769	1	-0.0031
YEATS4	4.64380792747603	0.988558471047834	1	-0.0013
AMZ2	6.08516843430375	0.98925410523509	1	-0.002
FERMT1	5.70476511651378	0.989659292669558	1	-0.0032
BRE	5.28541936250871	0.992266717827609	1	-0.0029
MAPK1	6.48179441819411	0.993059811933065	1	-0.0011
DAGLB	5.09992724282085	0.993922165630869	1	-0.0032
SEMA4B	5.1846525807149	0.994040079184762	1	-0.0027
NCAPG2	7.71435054410782	0.995316253206398	1	-8e-04
PRKAG1	5.38886877268893	0.995356774786896	1	-0.0019
NDC1	7.28964674283206	0.99613520375211	1	-9e-04
OAZ2	6.56093835572498	0.996710344937967	1	-6e-04
GPX8	5.88936818369038	0.997130669987791	1	-0.0017
MASTL	5.13742179501381	0.998990309043642	1	-2e-04
MIR7113	-2.37102518820884	0.999999999999996	1	-0.3285
GOLGA8O	-2.37102518820884	0.999999999999996	1	-0.3285
NXPH3	-2.37102518820884	0.999999999999996	1	-0.3285
CACNA1G-AS1	-2.37102518820884	0.999999999999996	1	-0.3285
ZNF442	-2.37102518820884	0.999999999999996	1	-0.3285
GMFG	-2.37102518820884	0.999999999999996	1	-0.3285
RNF225	-2.37102518820884	0.999999999999996	1	-0.3285
LOC100505984	-2.37102518820884	0.999999999999996	1	-0.3285
LOC100996624	-2.37102518820884	0.999999999999996	1	-0.3285
PRKG2	-2.37102518820884	0.999999999999996	1	-0.3285
LOC105377310	-2.37102518820884	0.999999999999996	1	-0.3285
LOC101927189	-2.37102518820884	0.999999999999996	1	-0.3285
IFI44L	-0.487085056162791	0.999999999999998	1	-0.063
APCDD1L-AS1	1.64575673618227	0.999999999999998	1	-0.0065
NR0B2	-2.16351614359394	0.999999999999999	1	-0.1922
C14orf178	-1.98311120972574	0.999999999999999	1	-0.1009
SCGB1B2P	-1.98311120972574	0.999999999999999	1	-0.1009
DSCR9	-1.98311120972574	0.999999999999999	1	-0.1009
CYP19A1	-2.16425751754311	0.999999999999999	1	-0.184
ADAMTS10	-2.16425751754311	0.999999999999999	1	-0.184
LOC105376909	-2.16425751754311	0.999999999999999	1	-0.184
GRK7	-2.16425751754311	0.999999999999999	1	-0.184
C9orf139	-2.16425751754311	0.999999999999999	1	-0.184
MIR5008	-2.1647390889277	0.999999999999999	1	-0.1751
DCTN1-AS1	-2.1647390889277	0.999999999999999	1	-0.1751
STARD4-AS1	-2.1647390889277	0.999999999999999	1	-0.1751
C2orf61	-1.02789650431866	0.999999999999999	1	-0.1093
LINC00921	-1.31787080355058	0.999999999999999	1	-0.1887
LOC102724552	-2.07203371871281	0.999999999999999	1	-0.4748
LOC101928118	-2.07203371871281	0.999999999999999	1	-0.4748
ACSM1	-2.37028196915736	0.999999999999999	1	-0.3354
TCP10L	-2.37028196915736	0.999999999999999	1	-0.3354
SCARNA7	-2.37028196915736	0.999999999999999	1	-0.3354
HOXA4	-2.37028196915736	0.999999999999999	1	-0.3354
LOC105370641	-2.16499852607524	0.999999999999999	1	-0.1774
ALDH8A1	-2.16499852607524	0.999999999999999	1	-0.1774
LINC00271	-2.16499852607524	0.999999999999999	1	-0.1774
TRS-AGA5-1	-2.16499852607524	0.999999999999999	1	-0.1774
LRRIQ4	0.175432519487385	0.999999999999999	1	-0.0414
ASB14	0.51130461002327	0.999999999999999	1	-0.0346
TAX1BP3	-1.75068717025156	0.999999999999999	1	-0.2367
LOC101060091	-1.31812686473402	0.999999999999999	1	-0.209
RASGRP3	-1.21219329851251	0.999999999999999	1	-0.2002
DCAF4L1	-1.21313692681627	0.999999999999999	1	-0.183
YTHDF3-AS1	-0.67934472336321	0.999999999999999	1	-0.1082
LOC105378949	-1.98324075637812	0.999999999999999	1	-0.1014
RACGAP1P	-1.98324075637812	0.999999999999999	1	-0.1014
MAP3K7CL	-1.98324075637812	0.999999999999999	1	-0.1014
LOC100132781	-1.98324075637812	0.999999999999999	1	-0.1014
HYI	-1.98410946639304	0.999999999999999	1	-0.1006
LOC101928344	-1.98410946639304	0.999999999999999	1	-0.1006
PARD6G-AS1	-1.9839799946351	0.999999999999999	1	-0.0966
SEPT5-GP1BB	-1.9839799946351	0.999999999999999	1	-0.0966
LOC729887	-0.784315680337343	0.999999999999999	1	-0.0763
SMG1P5	1.33119921336194	0.999999999999999	1	-0.05
ZNF705E	-1.67849767031218	0.999999999999999	1	-0.0174
JMJD4	2.32583606556149	0.999999999999999	1	-0.0155
LINC00882	0.673640552012948	0.999999999999999	1	-5e-04
C12orf79	-1.74995146254305	0.999999999999999	1	-0.2472
MIR1914	-1.21484682490997	0.999999999999999	1	-0.1771
CCL22	-2.16486881315187	0.999999999999999	1	-0.177
CHRNG	-2.16460935340081	0.999999999999999	1	-0.1679
MIAT	-1.02721385761396	0.999999999999999	1	-0.1288
STAB2	-0.861033104809109	0.999999999999999	1	-0.0818
CHRM4	-2.265127334889	1	1	-0.6946
SNORA71D	-2.265127334889	1	1	-0.6946
LOC100133286	-2.265127334889	1	1	-0.6946
LOC100303749	-2.265127334889	1	1	-0.6946
MIR3607	-2.265127334889	1	1	-0.6946
C3AR1	-2.37163808338858	1	1	-0.3173
LOC100506321	-2.37163808338858	1	1	-0.3173
MIR4435-2	-2.37163808338858	1	1	-0.3173
HGD	-2.37163808338858	1	1	-0.3173
SNORA22	-2.37163808338858	1	1	-0.3173
CALHM1	-2.3717680379942	1	1	-0.3167
LOC100133920	-2.3717680379942	1	1	-0.3167
GRIK1-AS2	-2.3717680379942	1	1	-0.3167
SNORD50A	-2.3717680379942	1	1	-0.3167
CCDC154	-0.904014681868016	1	1	-0.1579
CCDC144A	-1.02602120799197	1	1	-0.1467
MBNL1-AS1	-0.319265443983367	1	1	-0.1137
RNF5P1	-0.096811067873715	1	1	-0.1076
RCN3	-0.942951811509013	1	1	-0.0944
LOC400684	-0.711612389640576	1	1	-0.063
LOC100128568	-0.371004282459476	1	1	-0.0419
CCDC27	-2.90107659183738	1	1	-2.2434
PLA2G2F	-2.90107659183738	1	1	-2.2434
RCAN3AS	-2.90107659183738	1	1	-2.2434
MIR3671	-2.90107659183738	1	1	-2.2434
RPE65	-2.90107659183738	1	1	-2.2434
BRDT	-2.90107659183738	1	1	-2.2434
CD53	-2.90107659183738	1	1	-2.2434
MAB21L3	-2.90107659183738	1	1	-2.2434
LOC105371405	-2.90107659183738	1	1	-2.2434
B3GALT2	-2.90107659183738	1	1	-2.2434
RAB7B	-2.90107659183738	1	1	-2.2434
ECHDC3	-2.90107659183738	1	1	-2.2434
GOLGA2P6	-2.90107659183738	1	1	-2.2434
SFTPA2	-2.90107659183738	1	1	-2.2434
UBQLNL	-2.90107659183738	1	1	-2.2434
USH1C	-2.90107659183738	1	1	-2.2434
SCN8A	-2.90107659183738	1	1	-2.2434
MGAT4C	-2.90107659183738	1	1	-2.2434
PLEKHG7	-2.90107659183738	1	1	-2.2434
C12orf42	-2.90107659183738	1	1	-2.2434
LINC00412	-2.90107659183738	1	1	-2.2434
SCEL-AS1	-2.90107659183738	1	1	-2.2434
SNORD8	-2.90107659183738	1	1	-2.2434
NKX2-1	-2.90107659183738	1	1	-2.2434
LOC283731	-2.90107659183738	1	1	-2.2434
LOC105376732	-2.90107659183738	1	1	-2.2434
CCL17	-2.90107659183738	1	1	-2.2434
DPEP2	-2.90107659183738	1	1	-2.2434
HSD17B2	-2.90107659183738	1	1	-2.2434
SNORA38B	-2.90107659183738	1	1	-2.2434
ZBTB7C	-2.90107659183738	1	1	-2.2434
CEACAM7	-2.90107659183738	1	1	-2.2434
CD79A	-2.90107659183738	1	1	-2.2434
IGFL4	-2.90107659183738	1	1	-2.2434
CGB	-2.90107659183738	1	1	-2.2434
KLHL41	-2.90107659183738	1	1	-2.2434
BPIFB1	-2.90107659183738	1	1	-2.2434
NKAIN4	-2.90107659183738	1	1	-2.2434
MIR4326	-2.90107659183738	1	1	-2.2434
CECR2	-2.90107659183738	1	1	-2.2434
GGT3P	-2.90107659183738	1	1	-2.2434
SERHL	-2.90107659183738	1	1	-2.2434
LOC105373099	-2.90107659183738	1	1	-2.2434
EGOT	-2.90107659183738	1	1	-2.2434
COLQ	-2.90107659183738	1	1	-2.2434
LINC01214	-2.90107659183738	1	1	-2.2434
LINC00578	-2.90107659183738	1	1	-2.2434
LINCR-0002	-2.90107659183738	1	1	-2.2434
ATP13A4	-2.90107659183738	1	1	-2.2434
MIR5091	-2.90107659183738	1	1	-2.2434
RNF175	-2.90107659183738	1	1	-2.2434
LOC642366	-2.90107659183738	1	1	-2.2434
LOC101929380	-2.90107659183738	1	1	-2.2434
LOC731157	-2.90107659183738	1	1	-2.2434
CSF2	-2.90107659183738	1	1	-2.2434
MSX2	-2.90107659183738	1	1	-2.2434
PNPLA1	-2.90107659183738	1	1	-2.2434
LOC102723649	-2.90107659183738	1	1	-2.2434
GBX1	-2.90107659183738	1	1	-2.2434
TCF24	-2.90107659183738	1	1	-2.2434
DMRT1	-2.90107659183738	1	1	-2.2434
LOC105376057	-2.90107659183738	1	1	-2.2434
RGAG4	-2.90107659183738	1	1	-2.2434
C1orf168	-2.9016931652605	1	1	-2.2334
TBX15	-2.9016931652605	1	1	-2.2334
HIST2H4B	-2.9016931652605	1	1	-2.2334
SPRR2D	-2.9016931652605	1	1	-2.2334
AIM2	-2.9016931652605	1	1	-2.2334
ATP1A4	-2.9016931652605	1	1	-2.2334
NHLH1	-2.9016931652605	1	1	-2.2334
FCGR2A	-2.9016931652605	1	1	-2.2334
F5	-2.9016931652605	1	1	-2.2334
LOC284578	-2.9016931652605	1	1	-2.2334
CAMK1G	-2.9016931652605	1	1	-2.2334
ESRRG	-2.9016931652605	1	1	-2.2334
TRIM67	-2.9016931652605	1	1	-2.2334
CYP2C9	-2.9016931652605	1	1	-2.2334
PITX3	-2.9016931652605	1	1	-2.2334
KCNQ1	-2.9016931652605	1	1	-2.2334
MIR4489	-2.9016931652605	1	1	-2.2334
LGR5	-2.9016931652605	1	1	-2.2334
TPH2	-2.9016931652605	1	1	-2.2334
PTPRQ	-2.9016931652605	1	1	-2.2334
ANKS1B	-2.9016931652605	1	1	-2.2334
KLHL33	-2.9016931652605	1	1	-2.2334
RNASE7	-2.9016931652605	1	1	-2.2334
TRAV30	-2.9016931652605	1	1	-2.2334
LOC102724890	-2.9016931652605	1	1	-2.2334
LOC101927178	-2.9016931652605	1	1	-2.2334
LOC102723418	-2.9016931652605	1	1	-2.2334
C14orf105	-2.9016931652605	1	1	-2.2334
LOC100128233	-2.9016931652605	1	1	-2.2334
IL17C	-2.9016931652605	1	1	-2.2334
DPEP1	-2.9016931652605	1	1	-2.2334
CDRT4	-2.9016931652605	1	1	-2.2334
LOC101928021	-2.9016931652605	1	1	-2.2334
SERPINB3	-2.9016931652605	1	1	-2.2334
FGF22	-2.9016931652605	1	1	-2.2334
SMIM24	-2.9016931652605	1	1	-2.2334
SHD	-2.9016931652605	1	1	-2.2334
MIR8085	-2.9016931652605	1	1	-2.2334
CD33	-2.9016931652605	1	1	-2.2334
LINC01122	-2.9016931652605	1	1	-2.2334
ARHGAP25	-2.9016931652605	1	1	-2.2334
LOC100509620	-2.9016931652605	1	1	-2.2334
UPP2	-2.9016931652605	1	1	-2.2334
WISP2	-2.9016931652605	1	1	-2.2334
WFDC13	-2.9016931652605	1	1	-2.2334
RIMBP3	-2.9016931652605	1	1	-2.2334
NDUFA6	-2.9016931652605	1	1	-2.2334
CACNA1D	-2.9016931652605	1	1	-2.2334
LOC105377650	-2.9016931652605	1	1	-2.2334
GPR15	-2.9016931652605	1	1	-2.2334
LOC152225	-2.9016931652605	1	1	-2.2334
LOC101929694	-2.9016931652605	1	1	-2.2334
LINC01391	-2.9016931652605	1	1	-2.2334
ANKUB1	-2.9016931652605	1	1	-2.2334
SOX2-OT	-2.9016931652605	1	1	-2.2334
PROM1	-2.9016931652605	1	1	-2.2334
PPARGC1A	-2.9016931652605	1	1	-2.2334
CXCL6	-2.9016931652605	1	1	-2.2334
CCDC158	-2.9016931652605	1	1	-2.2334
ENPEP	-2.9016931652605	1	1	-2.2334
MYOZ2	-2.9016931652605	1	1	-2.2334
SEMA5A	-2.9016931652605	1	1	-2.2334
C1QTNF3-AMACR	-2.9016931652605	1	1	-2.2334
LOC102467080	-2.9016931652605	1	1	-2.2334
GUSBP3	-2.9016931652605	1	1	-2.2334
PCDHA7	-2.9016931652605	1	1	-2.2334
PCDHB11	-2.9016931652605	1	1	-2.2334
ATP10B	-2.9016931652605	1	1	-2.2334
FBLL1	-2.9016931652605	1	1	-2.2334
TRL-TAA4-1	-2.9016931652605	1	1	-2.2334
MRPS18B	-2.9016931652605	1	1	-2.2334
LOC105375110	-2.9016931652605	1	1	-2.2334
PBOV1	-2.9016931652605	1	1	-2.2334
ZC3H12D	-2.9016931652605	1	1	-2.2334
SLC22A3	-2.9016931652605	1	1	-2.2334
LOC442497	-2.9016931652605	1	1	-2.2334
NPSR1	-2.9016931652605	1	1	-2.2334
POU6F2	-2.9016931652605	1	1	-2.2334
LINC01447	-2.9016931652605	1	1	-2.2334
PILRA	-2.9016931652605	1	1	-2.2334
CTTNBP2	-2.9016931652605	1	1	-2.2334
FGF17	-2.9016931652605	1	1	-2.2334
BIN3-IT1	-2.9016931652605	1	1	-2.2334
IDO1	-2.9016931652605	1	1	-2.2334
LOC105375938	-2.9016931652605	1	1	-2.2334
RGS22	-2.9016931652605	1	1	-2.2334
HAS2	-2.9016931652605	1	1	-2.2334
ANXA13	-2.9016931652605	1	1	-2.2334
CCAT2	-2.9016931652605	1	1	-2.2334
C9orf66	-2.9016931652605	1	1	-2.2334
LINC01474	-2.9016931652605	1	1	-2.2334
C9orf50	-2.9016931652605	1	1	-2.2334
OBP2B	-2.9016931652605	1	1	-2.2334
IL2RG	-2.9016931652605	1	1	-2.2334
NHSL2	-2.9016931652605	1	1	-2.2334
ZMAT1	-2.9016931652605	1	1	-2.2334
RNF128	-2.9016931652605	1	1	-2.2334
LOC101927278	-1.90153313143905	1	1	-0.332
LRRC73	-1.90265880018386	1	1	-0.3292
LINC01160	-1.90227101313735	1	1	-0.3281
CHRNE	-1.90227101313735	1	1	-0.3281
GPR35	-1.90227101313735	1	1	-0.3281
RNF150	-1.74973171955284	1	1	-0.2637
DDAH2	-1.74973171955284	1	1	-0.2637
HYDIN2	-1.11759360130763	1	1	-0.1532
DKKL1	-1.26229146074932	1	1	-0.0857
ACY3	-1.822812795169	1	1	-0.041
LINC01301	-1.822812795169	1	1	-0.041
LIPI	-0.89851023531032	1	1	-0.0405
NRN1L	-2.07229281749897	1	1	-0.4758
HS3ST5	-2.07229281749897	1	1	-0.4758
LINC00854	-1.74934449614011	1	1	-0.2534
HAVCR1P1	-1.74934449614011	1	1	-0.2534
CLPSL2	-1.74934449614011	1	1	-0.2534
ERBB4	-1.75042919464878	1	1	-0.2214
LOC100507472	-1.31838288298728	1	1	-0.206
MIRLET7F1	-1.21193729176733	1	1	-0.2038
LOC102723422	-2.16364597378201	1	1	-0.1941
MBL1P	-2.16364597378201	1	1	-0.1941
FAS-AS1	-2.16364597378201	1	1	-0.1941
EIF4E3	-2.16364597378201	1	1	-0.1941
SLC6A2	-1.213864260795	1	1	-0.1806
SPINK5	-1.21471904592959	1	1	-0.1777
GLUD1P7	-1.98337029180872	1	1	-0.1045
MEX3B	-1.98337029180872	1	1	-0.1045
MOGAT1	-1.98337029180872	1	1	-0.1045
CXCL3	-1.98337029180872	1	1	-0.1045
ANKRD34A	-0.941508603359561	1	1	-0.1008
LOC101926889	-0.0986936885609558	1	1	-0.0968
TUBB8	-1.98372101748376	1	1	-0.093
HIST4H4	-1.98372101748376	1	1	-0.093
LOC441155	-0.612639204002589	1	1	-0.0923
C9orf135	-0.613729506005622	1	1	-0.0882
LOC101929140	-0.547618715644603	1	1	-0.0827
NECAB2	-1.82246314424095	1	1	-0.0522
CORIN	-1.82246314424095	1	1	-0.0522
KCNN3	-0.31509772945071	1	1	-0.0421
DNM3	0.372609698248228	1	1	-0.0404
C1orf111	-1.67750393916768	1	1	-0.0207
PPP3CC	2.05851857234745	1	1	-0.0139
LINC00184	-0.82042151303378	1	1	-0.0135
MX2	0.356058675419947	1	1	-0.0102
GLTSCR1L	4.09582947106995	1	1	-0.0029
SLC7A5P2	1.81880662511565	1	1	-0.0018
HIST3H2BB	-2.37041204212816	1	1	-0.3361
ACTN1-AS1	-2.37041204212816	1	1	-0.3361
ISLR	-2.37041204212816	1	1	-0.3361
CDIPT-AS1	-2.37041204212816	1	1	-0.3361
CIB4	-2.37041204212816	1	1	-0.3361
LOC101929741	-2.37041204212816	1	1	-0.3361
HLA-E	-2.37041204212816	1	1	-0.3361
LOC100129924	-2.37089516874625	1	1	-0.3254
RORC	-2.37089516874625	1	1	-0.3254
LINC00933	-2.37089516874625	1	1	-0.3254
MFSD2B	-2.37089516874625	1	1	-0.3254
LOC101927948	-2.37089516874625	1	1	-0.3254
MIR149	-2.37089516874625	1	1	-0.3254
LOC105369188	-2.37089516874625	1	1	-0.3254
MIR3911	-2.37089516874625	1	1	-0.3254
RNU6-45P	-1.42719259840757	1	1	-0.289
LINC00936	-1.42719259840757	1	1	-0.289
ACY1	-1.42706414643302	1	1	-0.2881
MIR4258	-1.26083247510089	1	1	-0.1516
BCL2L15	-1.82233383890771	1	1	-0.0507
ACTA2	-0.263038426673629	1	1	-0.0328
LOC101927817	-1.67836866828951	1	1	-0.0097
ADCK2	4.49114020068153	1	1	-0.0016
NCRNA00250	-2.26525711961487	1	1	-0.6928
RNF103-CHMP3	-2.26499753882551	1	1	-0.6834
BRWD1-AS1	-2.26499753882551	1	1	-0.6834
VWCE	-2.61125250278736	1	1	-0.674
CAPN3	-2.61125250278736	1	1	-0.674
MIR6773	-2.61125250278736	1	1	-0.674
HOXB-AS1	-2.61125250278736	1	1	-0.674
NXPH2	-2.61125250278736	1	1	-0.674
TMPRSS11E	-2.61125250278736	1	1	-0.674
MIR135B	-2.61112214395758	1	1	-0.6716
LOC101929541	-2.61112214395758	1	1	-0.6716
LOC414300	-2.61112214395758	1	1	-0.6716
LOC254896	-2.61112214395758	1	1	-0.6716
TXNDC12-AS1	-2.61186745786629	1	1	-0.6643
RNVU1-3	-2.61186745786629	1	1	-0.6643
RPLP0P2	-2.61186745786629	1	1	-0.6643
OVOL1-AS1	-2.61186745786629	1	1	-0.6643
MMP13	-2.61186745786629	1	1	-0.6643
SCN3B	-2.61186745786629	1	1	-0.6643
GRASP	-2.61186745786629	1	1	-0.6643
GPR84	-2.61186745786629	1	1	-0.6643
LOC102724050	-2.61186745786629	1	1	-0.6643
LINC00437	-2.61186745786629	1	1	-0.6643
ISM2	-2.61186745786629	1	1	-0.6643
TRR-CCT3-1	-2.61186745786629	1	1	-0.6643
LOC643802	-2.61186745786629	1	1	-0.6643
SNORD11B	-2.61186745786629	1	1	-0.6643
LOC100130451	-2.61186745786629	1	1	-0.6643
CCL20	-2.61186745786629	1	1	-0.6643
MIR659	-2.61186745786629	1	1	-0.6643
MIR378I	-2.61186745786629	1	1	-0.6643
LOC105373071	-2.61186745786629	1	1	-0.6643
SNORD121A	-2.61186745786629	1	1	-0.6643
C9orf131	-2.61186745786629	1	1	-0.6643
TRIM34	-2.61173715308914	1	1	-0.6618
LINC00565	-2.61173715308914	1	1	-0.6618
SCG3	-2.61173715308914	1	1	-0.6618
MAGOH2P	-2.61173715308914	1	1	-0.6618
FUT6	-2.61173715308914	1	1	-0.6618
CCDC108	-2.61173715308914	1	1	-0.6618
BIRC7	-2.61173715308914	1	1	-0.6618
SLC22A14	-2.61173715308914	1	1	-0.6618
MIR579	-2.61173715308914	1	1	-0.6618
PCDHGA6	-2.61173715308914	1	1	-0.6618
LINC01268	-2.61173715308914	1	1	-0.6618
ENPP3	-2.61173715308914	1	1	-0.6618
RAET1E-AS1	-2.61173715308914	1	1	-0.6618
MRPS24	-2.61173715308914	1	1	-0.6618
LHFPL3-AS2	-2.61173715308914	1	1	-0.6618
LINC01239	-2.61173715308914	1	1	-0.6618
IL1RAPL1	-2.61173715308914	1	1	-0.6618
LOC100130417	-2.61248215910516	1	1	-0.6545
LINC01358	-2.61248215910516	1	1	-0.6545
MIR554	-2.61248215910516	1	1	-0.6545
SNORA80E	-2.61248215910516	1	1	-0.6545
BECN2	-2.61248215910516	1	1	-0.6545
GALNT18	-2.61248215910516	1	1	-0.6545
TSPAN18	-2.61248215910516	1	1	-0.6545
C12orf71	-2.61248215910516	1	1	-0.6545
MRPL42P5	-2.61248215910516	1	1	-0.6545
MIR6775	-2.61248215910516	1	1	-0.6545
SNORD7	-2.61248215910516	1	1	-0.6545
MIR4728	-2.61248215910516	1	1	-0.6545
XIRP2	-2.61248215910516	1	1	-0.6545
MIR6512	-2.61248215910516	1	1	-0.6545
TMPRSS11D	-2.61248215910516	1	1	-0.6545
LOC101928419	-2.61248215910516	1	1	-0.6545
PPP1R11	-2.61248215910516	1	1	-0.6545
RSPH10B	-2.61248215910516	1	1	-0.6545
OR2A20P	-2.61248215910516	1	1	-0.6545
CLDN2	-2.61248215910516	1	1	-0.6545
PTGFR	-2.61235190833728	1	1	-0.6521
TREH	-2.61235190833728	1	1	-0.6521
MIR200C	-2.61235190833728	1	1	-0.6521
SNORA2A	-2.61235190833728	1	1	-0.6521
HOXC12	-2.61235190833728	1	1	-0.6521
MIR4740	-2.61235190833728	1	1	-0.6521
WASH5P	-2.61235190833728	1	1	-0.6521
CDK5R2	-2.61235190833728	1	1	-0.6521
LOC105374278	-2.61235190833728	1	1	-0.6521
PCDHB12	-2.61235190833728	1	1	-0.6521
PCDHGA5	-2.61235190833728	1	1	-0.6521
ADGRF2	-2.61235190833728	1	1	-0.6521
ABCB4	-2.61235190833728	1	1	-0.6521
CDH17	-2.61235190833728	1	1	-0.6521
SCARNA23	-2.61235190833728	1	1	-0.6521
ACMSD	-2.07216327372979	1	1	-0.477
LOC105374089	-2.07216327372979	1	1	-0.477
LOC105375304	-2.07216327372979	1	1	-0.477
TAS2R3	-2.07190415244602	1	1	-0.4652
FOXP3	-2.07190415244602	1	1	-0.4652
LOC101929715	-2.07277329853087	1	1	-0.4558
LOC102546294	-2.07277329853087	1	1	-0.4558
CYP26C1	-2.07290278967633	1	1	-0.4458
LOC100506476	-2.07290278967633	1	1	-0.4458
LOC101928491	-1.37341441312734	1	1	-0.3659
FER1L6	-2.36966851842769	1	1	-0.3558
MIR503	-2.36966851842769	1	1	-0.3558
MIR662	-2.36979864494904	1	1	-0.3523
TMED11P	-2.36979864494904	1	1	-0.3523
KLB	-1.54754134162194	1	1	-0.349
LOC101927211	-1.54754134162194	1	1	-0.349
RBFOX1	-1.54827448679984	1	1	-0.3458
TIGD5	-1.54827448679984	1	1	-0.3458
ARL13A	-1.9019211083778	1	1	-0.3445
TRABD2A	-1.90179179389275	1	1	-0.3434
ZRANB2-AS2	-2.37054210368974	1	1	-0.3404
TPH1	-2.37054210368974	1	1	-0.3404
ADRA1D	-2.37054210368974	1	1	-0.3404
PLCXD2-AS1	-2.37054210368974	1	1	-0.3404
FILIP1	-2.37054210368974	1	1	-0.3404
BVES-AS1	-2.37054210368974	1	1	-0.3404
RNU11	-2.3711551962713	1	1	-0.3302
MEIOB	-2.3711551962713	1	1	-0.3302
CRYM	-2.3711551962713	1	1	-0.3302
S1PR4	-2.3711551962713	1	1	-0.3302
PTGER1	-2.3711551962713	1	1	-0.3302
TMC4	-2.3711551962713	1	1	-0.3302
LOC105378994	-2.3711551962713	1	1	-0.3302
LOC101929692	-2.3711551962713	1	1	-0.3302
LOC101928605	-2.3711551962713	1	1	-0.3302
SNORD50B	-1.2661823120062	1	1	-0.3251
KCNK7	-2.37150811739191	1	1	-0.3091
SUCLA2-AS1	-2.37150811739191	1	1	-0.3091
LOC105375433	-1.54948266389949	1	1	-0.309
VTN	-1.90300853579485	1	1	-0.3056
NNMT	-1.90287931440025	1	1	-0.2911
NDNL2	-1.42779543188128	1	1	-0.2847
C8orf31	-1.42779543188128	1	1	-0.2847
LOC102724009	-1.42766703032724	1	1	-0.2837
SLCO4A1-AS1	-1.42826967989359	1	1	-0.278
LOC101928043	-1.1658209864142	1	1	-0.2634
SOBP	-1.7494735816825	1	1	-0.2546
LOC101929464	-1.74921539952382	1	1	-0.2511
LOC101929950	-1.74921539952382	1	1	-0.2511
CCL27	-1.74921539952382	1	1	-0.2511
LOC102724593	-1.75020951925581	1	1	-0.249
HIF1A-AS1	-1.75008049643126	1	1	-0.2489
RPS16P5	-1.75008049643126	1	1	-0.2489
RUNDC3B	-1.75008049643126	1	1	-0.2489
LRRC71	-1.31597934993753	1	1	-0.2468
ATOH7	-1.74982241758934	1	1	-0.2415
FES	-1.07337773279576	1	1	-0.2381
ACTG1P17	-1.48348644176045	1	1	-0.2364
NLGN3	-1.316452427228	1	1	-0.2348
SNORA53	-1.7508161414691	1	1	-0.2339
GOLGA6L5P	-1.7508161414691	1	1	-0.2339
SPIN2A	-1.31619608824094	1	1	-0.2327
KCTD16	-1.31679723692137	1	1	-0.2279
LRRC70	-1.31666910121807	1	1	-0.2231
HIST1H3B	-1.61018741947895	1	1	-0.2187
TMEM262	-2.16377579265159	1	1	-0.2058
LINC01058	-2.16377579265159	1	1	-0.2058
SATB1-AS1	-2.16377579265159	1	1	-0.2058
HCST	-1.21232128586468	1	1	-0.2013
DLGAP3	-2.16338630208537	1	1	-0.1955
TNNC2	-2.16338630208537	1	1	-0.1955
VTRNA2-1	-2.16338630208537	1	1	-0.1955
SMCO3	-1.21279313172356	1	1	-0.193
AGPAT1	-1.21279313172356	1	1	-0.193
MIOX	-1.61165672973145	1	1	-0.1921
WWC2-AS2	-1.61165672973145	1	1	-0.1921
ABCG1	-1.21364850183061	1	1	-0.1909
ROR1-AS1	-2.16438728341891	1	1	-0.1884
BCL2L2-PABPN1	-2.16438728341891	1	1	-0.1884
LOC388942	-2.16438728341891	1	1	-0.1884
SEPT7P9	-1.61226207314913	1	1	-0.1867
ACOT6	-1.61213327835698	1	1	-0.1857
ALOX12P2	-1.61213327835698	1	1	-0.1857
LOC101927018	-1.61213327835698	1	1	-0.1857
LINC01312	-1.21411994946574	1	1	-0.1856
SLC17A7	-1.61200447258705	1	1	-0.1837
SNORD69	-1.61200447258705	1	1	-0.1837
LINC00475	-1.61200447258705	1	1	-0.1837
PRR25	-0.902574902199999	1	1	-0.1827
PRMT5-AS1	-2.16412774035764	1	1	-0.1823
EDNRA	-2.16412774035764	1	1	-0.1823
KCNH8	-1.31885523384608	1	1	-0.1803
CSNK1A1P1	-1.61286717826795	1	1	-0.1795
ZNF649-AS1	-1.61187565583754	1	1	-0.1784
FLJ37035	-1.2144634560241	1	1	-0.1694
PTGER2	-2.16547986080051	1	1	-0.1622
SLC26A8	-2.16547986080051	1	1	-0.1622
PPIAL4A	-2.16535018949637	1	1	-0.1586
CAMK2A	-2.16535018949637	1	1	-0.1586
PRSS42	-1.11686815880107	1	1	-0.156
LOC101927973	-2.1656095208127	1	1	-0.1556
ALPPL2	-0.824855126670945	1	1	-0.1532
FAM218A	-1.48568568919223	1	1	-0.1442
FTH1P3	-1.48628951860187	1	1	-0.1386
NBPF4	-1.48616095149645	1	1	-0.1376
USP12-AS2	-1.48616095149645	1	1	-0.1376
SLA2	-1.48616095149645	1	1	-0.1376
JAM2	-1.48616095149645	1	1	-0.1376
SPANXC	-0.749829143739548	1	1	-0.1372
DRAIC	-1.82098724820287	1	1	-0.1321
ATP1A3	-1.48749647038457	1	1	-0.1259
SNORA73A	-0.266288270427768	1	1	-0.1253
LOC105370554	-1.48775336942098	1	1	-0.121
ISL2	-1.82111666875557	1	1	-0.1196
FAM87B	-1.98250115645252	1	1	-0.1173
LOC105378176	-1.02815107883775	1	1	-0.1153
CNBD2	-1.02815107883775	1	1	-0.1153
FAM156A	-0.215235068862039	1	1	-0.1152
NTN5	-1.02840561146025	1	1	-0.1143
PRR34	-0.751599268835387	1	1	-0.1137
PKD2L2	-0.458888569680026	1	1	-0.1095
CD8A	-1.11827841634643	1	1	-0.1088
MT1DP	-0.941040923208619	1	1	-0.1065
SYNGAP1	-0.941040923208619	1	1	-0.1065
LOC101927100	-0.940913720432568	1	1	-0.1063
WASF3	-0.165652690978587	1	1	-0.1017
FAM212A	-1.98298165184979	1	1	-0.1016
SEC24B-AS1	-0.941635758087749	1	1	-0.1015
LOC101929574	-1.37123149812773	1	1	-0.1
TMEM9B-AS1	-0.612429849349995	1	1	-0.0997
CLDN20	-0.612303924372159	1	1	-0.0988
TMEM220	-1.48711104026569	1	1	-0.0981
LINC00571	-1.48637898116679	1	1	-0.0974
LOC284009	-1.37097495135822	1	1	-0.0974
C4orf26	-1.37097495135822	1	1	-0.0974
LOC105378846	-1.98385051166597	1	1	-0.095
LOC100506125	-1.98385051166597	1	1	-0.095
KIAA1211	-0.61276510309567	1	1	-0.094
LOC102723859	-1.21553344787847	1	1	-0.0933
TEX12	-1.37144856675941	1	1	-0.0895
SNORD35B	-0.613603682812895	1	1	-0.0889
KLF17	-1.98446002166627	1	1	-0.0878
CNGA4	-1.98446002166627	1	1	-0.0878
LOC401127	-1.98446002166627	1	1	-0.0878
VPREB3	-1.98471887155972	1	1	-0.086
RASD1	-1.98433057991388	1	1	-0.0833
CLRN1-AS1	-1.98433057991388	1	1	-0.0833
SNORD62A	-1.98433057991388	1	1	-0.0833
CACNB2	-0.29107652634241	1	1	-0.0781
USP27X-AS1	-0.54795302836321	1	1	-0.0744
SNORD94	-1.26314854372443	1	1	-0.0738
LOC105379045	-0.486167804952641	1	1	-0.0723
LOC400499	-0.786596720710927	1	1	-0.071
LOC102724927	-0.863318936642422	1	1	-0.0694
ZNF492	-1.26374908168536	1	1	-0.0686
SAA2	-1.98506928656609	1	1	-0.0678
SNORD63	-1.26349296627258	1	1	-0.0667
LOC100506286	0.432835146590954	1	1	-0.0657
TTLL13P	-1.2643493891526	1	1	-0.0648
N4BP2L2-IT2	0.495120441770682	1	1	-0.0619
TBX20	-0.345023662346907	1	1	-0.0611
SLCO1C1	-1.8225924384417	1	1	-0.0598
PPP1R42	-1.8225924384417	1	1	-0.0598
CSNK2B	-1.2649494662876	1	1	-0.0587
B3GNT8	-1.82207519483604	1	1	-0.0587
RAB40A	0.821057191295744	1	1	-0.0579
LOC101927595	-1.82332978635845	1	1	-0.0578
SGPP2	-0.190140818403886	1	1	-0.0576
UGT1A1	0.332990523647223	1	1	-0.0573
FLJ27354	-1.98493989720325	1	1	-0.0564
MGC16142	-1.98493989720325	1	1	-0.0564
RPS15AP10	-0.785837256310569	1	1	-0.0564
ALOX15P1	-0.139281615274865	1	1	-0.0563
PINLYP	-0.642348693848181	1	1	-0.0562
EMILIN1	-0.239449629513241	1	1	-0.0556
SNORD14B	-0.786808144787265	1	1	-0.0548
PROSER2-AS1	0.0572066088349016	1	1	-0.0546
UGT1A5	-0.785710643107854	1	1	-0.0545
ARRDC3-AS1	-0.140103814472552	1	1	-0.0537
ARID3C	-1.67689700699473	1	1	-0.0532
TMPRSS3	0.269023725722314	1	1	-0.053
LOC105370548	0.0138318811962794	1	1	-0.0526
LDLRAD4	-0.549834648736625	1	1	-0.0516
FOXD4	-1.98532803170649	1	1	-0.051
CELA1	-1.67702613411408	1	1	-0.0503
HRNR	-1.37265167817744	1	1	-0.0469
LOC101928323	-1.26554931325132	1	1	-0.0454
PP13	0.13840466149442	1	1	-0.0453
TCTEX1D2	-0.191042889858938	1	1	-0.0451
LOC100506083	0.406790466457411	1	1	-0.0443
LINC00460	-0.0928960758759884	1	1	-0.0443
CRIP3	0.269509618735719	1	1	-0.0439
TRIM36	-1.16450325668621	1	1	-0.0418
TXNDC2	-1.82393760867985	1	1	-0.0417
ELDR	-1.069890444124	1	1	-0.0409
FMO4	-1.16437549025842	1	1	-0.0409
RARB	-0.3707543758506	1	1	-0.0401
CLIC1	-0.644031222687136	1	1	-0.0391
WAS	-1.82380842948611	1	1	-0.0389
TMEM86A	-0.713972689054804	1	1	-0.0387
ACSBG1	-0.713972689054804	1	1	-0.0387
SNORD19B	-0.371585161792579	1	1	-0.0385
MIR138-1	-1.82367923917863	1	1	-0.038
ASAP1-IT2	-1.82367923917863	1	1	-0.038
SH2D1B	-1.82355003775557	1	1	-0.0365
LOC644070	-1.82355003775557	1	1	-0.0365
OPA1-AS1	-1.82355003775557	1	1	-0.0365
LOC105376056	-1.82355003775557	1	1	-0.0365
LOC100133331	0.336064574536985	1	1	-0.0358
ADCY10P1	-1.26529349572896	1	1	-0.0333
C11orf16	-1.82342082521511	1	1	-0.0322
PPP1R27	-1.82342082521511	1	1	-0.0322
NKX6-1	-0.00362777246403286	1	1	-0.0317
CXXC4	-0.71443594069239	1	1	-0.0313
GLT8D2	-0.371916109951201	1	1	-0.0312
STK4-AS1	-0.316007734379581	1	1	-0.0312
IER3	-1.16570010658928	1	1	-0.0296
MYCL	1.32133155290705	1	1	-0.027
LOC101928132	-1.82415777339664	1	1	-0.0266
SNORD59B	-1.82415777339664	1	1	-0.0266
PIK3IP1-AS1	-1.82415777339664	1	1	-0.0266
MIPEPP3	-0.26241569114784	1	1	-0.0266
SELPLG	-0.645795730273815	1	1	-0.0242
REN	-1.07095760338045	1	1	-0.0219
CCNT2-AS1	-0.161718496784667	1	1	-0.0216
LOC105371921	-1.07083006213639	1	1	-0.0211
LINC01433	-1.07083006213639	1	1	-0.0211
CYTH4	-1.82329160155541	1	1	-0.0187
HAP1	0.212002552890948	1	1	-0.0186
GUCY2D	-1.07155465898406	1	1	-0.0183
FLJ35934	-0.6466354267103	1	1	-0.018
ZNF30	1.42250019754073	1	1	-0.0173
ZNF19	1.31098080241779	1	1	-0.0169
LOC102723885	-1.82402861276072	1	1	-0.0167
SNORD110	0.0372683950507333	1	1	-0.0167
AOC3	-0.71489906135688	1	1	-0.0162
TIGD3	-0.317621079259708	1	1	-0.0159
HSD17B14	2.12489950444607	1	1	-0.0156
LZTR1	3.17159622888898	1	1	-0.015
FAM35BP	0.248700289591846	1	1	-0.0149
IGFBPL1	-0.316792582232582	1	1	-0.0147
PLCXD1	0.0385741719580238	1	1	-0.0142
LCTL	0.656630253748482	1	1	-0.0136
AP4B1	2.70054999728301	1	1	-0.0134
LOC100507391	-1.07240634545735	1	1	-0.013
HSPA1A	-0.788959300194072	1	1	-0.013
PLEKHM3	2.99035819896495	1	1	-0.0124
FUT11	2.39438654535647	1	1	-0.0123
GPRC5D	0.0369460527106563	1	1	-0.0122
PPP4R1L	1.94281781278357	1	1	-0.0117
MTCP1	1.66115949695917	1	1	-0.0115
ZNF568	2.08078746837587	1	1	-0.0109
LINC01515	2.12786156679757	1	1	-0.0107
PTDSS2	2.38584122320525	1	1	-0.0107
DLX1	0.0361325664318518	1	1	-0.0107
N6AMT2	3.54045535302506	1	1	-0.0091
ZNF32	2.438318250333	1	1	-0.009
FAM131C	2.42079361496653	1	1	-0.0088
IQUB	-0.162869647670377	1	1	-0.0084
KMO	-0.265802843033762	1	1	-0.0079
LOC101928433	1.91328518742586	1	1	-0.0077
SLC25A29	0.972894581074649	1	1	-0.0076
PAXBP1-AS1	0.0351967431705958	1	1	-0.007
PARVG	1.26901661484866	1	1	-0.0066
WDR47	3.15966547356082	1	1	-0.0054
KCNC4	2.44428585298749	1	1	-0.0051
DENND3	4.10970335984083	1	1	-0.0049
ZNF595	3.56337245412298	1	1	-0.0048
ELMO1	2.25433138778328	1	1	-0.0048
FAM50B	3.59357125396859	1	1	-0.0046
LOC105373289	0.152134194228092	1	1	-0.0045
LOC100130093	-0.116340971921046	1	1	-0.0044
HOXC-AS2	0.213097595108114	1	1	-0.004
TMEM217	1.18545322973531	1	1	-0.0033
RGPD1	-1.54607933654105	1	1	-0.0031
LOC105378577	-1.67897501732976	1	1	-0.0029
TRIM68	2.33877798944299	1	1	-0.0028
TCTN3	4.37416762080182	1	1	-0.0027
ERICH2	1.8969815225123	1	1	-0.0027
FLCN	3.89040403369783	1	1	-0.0027
STEAP3-AS1	-0.983783536128742	1	1	-0.0026
C19orf68	4.17919583259425	1	1	-0.0025
LOC389705	-0.899699454457931	1	1	-0.0024
LOC100289097	4.33971560915341	1	1	-0.0024
EML3	5.01926766927829	1	1	-0.0021
RP9P	3.08006429289549	1	1	-0.0019
CENPI	5.13496905559603	1	1	-0.0019
RAB30	2.59658897448741	1	1	-0.0018
MAGIX	-0.515399534134985	1	1	-0.0018
HSPBAP1	2.9038504215178	1	1	-0.0017
C3orf52	2.83097538779114	1	1	-0.0015
SSSCA1	5.019978862417	1	1	-0.0015
SH2D2A	1.76703518141816	1	1	-0.0014
ZNF670	2.2640984985953	1	1	-0.0013
SNORD14C	-0.265305502293335	1	1	-0.0011
MICU2	5.18054985271448	1	1	-0.001
CTPS2	4.48257848773145	1	1	-9e-04
NBPF1	3.07975511819894	1	1	-9e-04
S1PR2	2.4677614374377	1	1	-9e-04
GBF1	5.59455891075098	1	1	-7e-04
PRDM15	3.32369386092303	1	1	-6e-04
ENTPD5	3.98830946671997	1	1	-6e-04
COLGALT1	7.05419511141042	1	1	-5e-04
BDNF	4.11553965371279	1	1	-5e-04
BBC3	1.46403808356952	1	1	-5e-04
LOC150776	3.08955721443163	1	1	-3e-04
ZNF398	4.0134392908726	1	1	-2e-04
