logCPM	PValue	FDR	log2FoldChange
ALDH1A1	11.7691322154711	0	0	19.482
SPP1	12.1517036904218	0	0	13.681
MACROD2	7.31679277433991	0	0	10.3898
GJB1	6.89524935940663	0	0	9.9662
FGB	8.56478990778761	0	0	7.4035
TFPI2	10.1038366197922	0	0	7.1174
ABCB1	6.45788312943651	0	0	6.9439
PDZK1	6.71624031270987	2.25453468300651e-317	5.14484814662085e-314	7.9502
EPDR1	5.90482312361697	1.82399894040767e-301	3.02717496873477e-298	7.7819
PCSK5	5.63982500919129	6.74948730636518e-299	1.02682200220836e-295	10.1835
ITGB8	6.61655164526996	1.4899127541871e-289	2.09229594157229e-286	5.613
ADGRL2	5.82683063391728	5.92038425473021e-286	7.72018106816819e-283	8.8949
SEMA6A	5.52595507413891	1.94207371119913e-268	2.36363317811009e-265	7.0412
NNMT	7.66212424870509	2.52669825993202e-267	2.88296271458243e-264	5.0517
VAV3	6.04854430148911	3.32651065103896e-265	3.5722810850216e-262	7.4881
ACE2	5.40941666574527	6.88808023343096e-253	6.28743963707578e-250	8.2616
NUPR1	5.47555393785588	1.23990027122684e-249	1.07788663578653e-246	6.2519
FGFR1	5.58878985816146	5.08811276972462e-248	4.22220848745876e-245	6.0619
ADAMTS1	5.42395270585959	5.00814028139834e-244	3.97515691205253e-241	6.0618
AKR1B10	5.79822680861523	8.74657082256604e-241	6.14143834372175e-238	5.429
P3H2	6.01976919209451	4.32374683223291e-239	2.9234934136757e-236	5.0324
GABARAPL1	6.91000853210919	2.45820844637418e-238	1.60275190703597e-235	4.9356
IGFBP7	5.41953056618263	1.0648852002082e-236	6.70363593620722e-234	7.9178
FGG	5.40760545641777	3.30672363369238e-234	1.94734021473187e-231	8.7262
C3	5.19145783700593	2.04224222400798e-233	1.12979315277241e-230	7.5399
FAM149A	5.43564586094618	1.25159853619864e-224	6.34699524356731e-222	5.327
ZNF704	5.97415928588301	1.39245686207799e-217	6.8704574254313e-215	4.7908
ANXA4	9.09771904343349	1.17490077982362e-210	5.64447069380525e-208	3.7155
GGT1	5.90305658245731	2.48573362263516e-209	1.16357828243148e-206	4.535
SULT1B1	4.82634928189894	5.49256329844879e-209	2.50680588941203e-206	7.1722
HAVCR1	8.20387687617315	2.53379384374718e-207	1.12821805881582e-204	3.692
TNFSF10	5.62643882163929	1.90995665815078e-203	8.30194494076207e-201	5.4455
PAPSS2	7.55442380635403	4.30215861071915e-202	1.7850047181202e-199	3.9221
SNX10	6.02647834640362	8.02757399122939e-200	3.25669757297519e-197	4.2485
C14orf105	5.39402708177264	1.31788569088774e-199	5.23028721148837e-197	5.1059
SIRPA	4.8614379886707	5.51497369569389e-192	2.14215659124655e-189	6.144
LOC100422737	4.64213949557615	1.84614992290079e-191	7.02152354009932e-189	12.3479
FGFR3	5.47911511716961	5.04347826060782e-188	1.8790559005236e-185	5.1705
CREB5	6.06974545389506	3.87572309283761e-186	1.41510401565687e-183	3.8687
PDZK1IP1	7.79516753626555	4.90336650739931e-183	1.75521292076631e-180	3.3772
ACTR3C	5.72134865961392	1.63000802166097e-181	5.72258200835435e-179	4.2086
DAPK1	8.85602812849147	3.81461653329962e-180	1.31395546097958e-177	3.3406
NR5A2	6.70674549265413	3.62594191710174e-179	1.22583695627054e-176	3.6606
NR1H4	4.3252501095531	2.97043618719972e-172	9.85968782427602e-170	9.7106
DOCK8	4.27921502092044	3.24574939673913e-171	1.05811430333696e-168	11.9829
ID4	5.67314001946218	1.2473668589877e-168	3.99507532941746e-166	3.7929
PTPRD	4.23512887701801	2.50981105885462e-166	7.63651844840831e-164	11.9386
ONECUT2	6.09647767925274	5.67351198836223e-162	1.61836929468033e-159	4.1316
PKHD1	5.01013481878771	9.93948349224448e-159	2.74932137324872e-156	4.2352
CD24	9.58431068521478	1.7545973608469e-158	4.78088498800312e-156	3.2183
DAB2	4.34295288893705	1.23248939198578e-157	3.30887152060183e-155	6.5461
GPC4	4.23975325466899	2.22462081911157e-154	5.88589531502911e-152	8.7751
NYAP2	4.54159439189324	1.2078310984909e-153	3.10565697662674e-151	5.2974
SPTLC3	4.47234709489942	6.13499343851064e-153	1.55556166963125e-150	5.9709
SAMD11	4.17372683787372	1.04977405139789e-152	2.62529795648218e-150	7.7884
GNE	4.20760889552696	7.97122008752498e-151	1.96652153943049e-148	7.0486
P2RY6	4.52975551189553	1.81456342099954e-150	4.41688930850236e-148	5.4409
RGS2	6.7966804612133	2.9945221668267e-150	7.09973982825822e-148	3.5575
CYS1	3.99789224059762	3.7628981880892e-148	8.80711145150725e-146	11.6995
SULT1E1	4.05555881512985	1.27405819924565e-144	2.87150697350971e-142	7.6683
LOC101927412	4.16537400275388	1.27286696837023e-143	2.83383650909352e-141	6.6495
EFHB	4.57453611394072	1.00303989878715e-141	2.20620438460943e-139	6.4368
AKR1C3	4.71050154508884	6.52445132422734e-141	1.41798075446541e-138	4.4953
LOC105373347	4.05950002433144	1.79479610832967e-138	3.85479973572547e-136	9.4419
VNN2	3.93394864152975	7.58308320670234e-138	1.60972984908788e-135	9.3153
PPP2R2C	4.1617395992476	1.26155899859346e-133	2.58775517733958e-131	6.3619
LCN2	8.95161399291062	5.43677303891576e-133	1.1028192066494e-130	3.0883
CLDN2	4.17347866151226	4.75765839263079e-132	9.54459468306239e-130	7.4816
SLC25A30	5.97344920923099	1.74719774715024e-129	3.42976796472846e-127	2.993
SLC4A4	4.77525109540762	3.23259020469995e-129	6.27810284861727e-127	3.8656
CFAP221	4.05910039860025	1.0840735232159e-127	2.06154648331556e-125	8.0608
DNM1	6.0799911151573	3.64977992764802e-127	6.86911158341673e-125	3.0478
FREM2	5.19294189750702	7.66101447078888e-124	1.4271375528441e-121	3.2437
PLEKHA2	5.33788539583193	9.98140565176294e-123	1.82220541578584e-120	3.2002
VGLL3	5.99687090997387	3.77090491745224e-120	6.61938847817385e-118	3.3464
MPC2	7.4288487086049	2.57908426933663e-119	4.48416784961995e-117	2.5972
ID3	6.10464080318799	4.6735464369018e-118	8.04908148604521e-116	2.9283
NPAS2	5.04940766366121	7.7616512312466e-117	1.32426826988447e-114	3.2887
DCDC2	3.66465042266079	5.72417504298369e-115	9.58720546648717e-113	8.194
PDE5A	5.46438931802879	5.91143972911508e-115	9.81084033588408e-113	3.0369
BCL2	3.77122670170394	1.11001812903534e-113	1.7933177843955e-111	9.1519
PLXNB1	5.08586224540916	3.39012623605639e-111	5.28975594576457e-109	3.291
DSE	4.91698109245506	5.47871933287419e-110	8.47622882550434e-108	3.1825
ARHGEF25	4.74215775052832	7.79601820624683e-110	1.19600091069951e-107	4.7223
RUNDC3B	3.86316718749774	1.8328292881889e-109	2.76530012274187e-107	6.5101
NEO1	5.37757711860547	1.39455490813099e-108	2.06983694332027e-106	3.1309
SPINK1	3.90970213103624	1.12012711902032e-107	1.63592325478679e-105	5.5634
BCL6	5.08138324771198	3.04549791448528e-107	4.412588089432e-105	3.0021
PTGFR	4.00843557988904	6.28516195231376e-104	8.89472221716589e-102	4.5137
LOC613266	3.36418318794392	1.4646777059217e-103	2.05685816917743e-101	11.059
DOK4	6.01131620696936	1.85221188135355e-103	2.58121985541912e-101	2.6878
CYFIP2	4.2974281026871	4.58866208926781e-100	6.25153844042337e-98	4.2272
ARHGEF38	4.8956165838801	3.19753725878504e-99	4.32401779232442e-97	2.9651
KCNJ13	3.7934352248502	1.0199209357593e-97	1.35910048198699e-95	5.1922
LGSN	4.53667989119123	1.30837515790631e-97	1.73084760019838e-95	3.5364
CFI	7.69014506724741	1.50923656715988e-97	1.98220307698351e-95	2.4864
CAPN5	5.4036433150026	1.86726293819642e-97	2.43491087140814e-95	3.0281
SLC16A7	6.5418177726312	1.59970606168279e-95	2.04225411622944e-93	2.6384
HOGA1	3.43026812676298	1.82030417363566e-95	2.30774118013143e-93	7.0329
GATA2-AS1	5.26349151156357	9.0045888752746e-95	1.11828418031982e-92	2.6559
BMP5	3.3309419025188	3.15114363462268e-94	3.8608911539377e-92	8.7044
ASRGL1	6.67990069569662	4.83111163633189e-94	5.879784935525e-92	2.536
ZFHX4	4.73317982608299	4.42433259261284e-93	5.34904740468477e-91	3.0478
NCKAP5	3.24340545092251	3.13352859280045e-92	3.76353276251086e-90	10.9361
SPNS2	4.36485789129532	3.1820442941756e-92	3.79682357088038e-90	3.4183
FILIP1L	4.1189969618185	2.96129790195951e-91	3.48783577407567e-89	4.1243
TLR3	4.48228162749685	3.00150794314385e-91	3.51253391089962e-89	3.21
PHGDH	6.43507960726467	4.50109211237786e-90	5.13574610022314e-88	2.3637
NPNT	3.2756842757908	3.91911479602331e-89	4.41650368618528e-87	6.5674
HNF1B	5.0088280524992	1.0077838735152e-88	1.12871793833703e-86	3.3887
CCDC50	6.10140804194381	3.09734913961803e-88	3.42698217532525e-86	2.3749
TRNP1	8.92355770448207	5.05070181915689e-88	5.55455496448965e-86	2.7684
MMP7	4.25597883905966	6.64880579123955e-88	7.26829931286642e-86	3.7445
BAMBI	4.92711098016626	6.63473482841219e-87	7.16708396612385e-85	2.9535
C1S	3.53839593477466	1.39586764347634e-86	1.49899762937083e-84	5.0886
RNF19A	5.90862360004874	1.60556208437398e-86	1.71410183697844e-84	2.3153
GPRC5B	3.86528130119881	1.07467006341732e-85	1.14064980684574e-83	3.95
TINAG	3.58200337003458	1.99743531032504e-85	2.10781381649098e-83	4.6289
AXL	4.53887844170932	1.89230402377321e-84	1.97405155760021e-82	2.9763
CHST9	3.01417048238634	2.64829424577141e-84	2.74700339493198e-82	10.7035
CPEB4	5.69636585573929	4.64333554668771e-84	4.78919399662886e-82	2.609
KLHL24	4.98445101885569	6.16402014725695e-84	6.32192987687207e-82	2.6814
DLC1	3.18721553144979	8.43304091367729e-84	8.55297749556069e-82	7.1736
TACC1	5.94867323170473	3.37038669298207e-83	3.38075711357586e-81	2.2419
PRRG1	4.724068521111	4.23976691102966e-83	4.22957293594303e-81	2.9839
ITM2B	8.48122858178615	6.25624416996197e-82	6.10770019073934e-80	2.1158
LOC100130417	3.27981870195091	3.35258915235163e-81	3.23835278123446e-79	8.6542
CLDN1	5.66378355772129	4.15585063307698e-81	3.99311627144492e-79	2.2507
ADAMTS10	3.16246233062004	6.94305819590325e-81	6.6362549960424e-79	6.7598
TPD52L1	5.95199674947167	9.5263222583925e-81	9.05794474735487e-79	2.4269
SYT14	3.78352245469021	4.61273143505865e-80	4.3184628245349e-78	4.1506
CDK14	4.59847780347351	1.06378972661708e-79	9.80835618642492e-78	3.2254
ZNF706	8.22523554652266	2.53951757358251e-79	2.31807164116611e-77	2.2229
ADAMTS9	4.40933956470266	8.10069486795222e-79	7.28503869504117e-77	2.9922
LOC642236	4.01232745640453	8.49526409201179e-78	7.4922483702303e-76	3.5044
CHL1	2.95072569982383	1.09109546439777e-77	9.57646096059886e-76	10.6385
KIF12	3.16120732818111	2.17515653751599e-77	1.8999836243489e-75	7.1477
BIVM	4.24816970702431	5.57127709139444e-77	4.84329688478557e-75	3.1556
ADCY6	5.28505068371187	2.22752161640034e-76	1.92728126203813e-74	2.2766
FSTL1	5.98621948973594	2.8855371632449e-75	2.47316274423469e-73	2.0987
FGF5	3.61494902160699	5.63465710235075e-75	4.80683645142595e-73	4.4344
SATB2	3.63863329680518	6.99940121309102e-75	5.94330551377627e-73	3.8809
TGFA	6.1095350460405	7.53757803376683e-75	6.370649286317e-73	2.2192
LOC90246	3.57751083090721	1.27879461342125e-74	1.07583753283956e-72	4.0134
ID2	6.10098300713837	1.36899958243368e-74	1.14644295306923e-72	2.4965
CAMK2N1	5.8983961595271	1.47887686922414e-73	1.22719891475254e-71	2.0799
YPEL5	5.72473085616859	2.60051959395214e-73	2.14819392340227e-71	2.1164
NPC1L1	2.89758432312434	3.5027542078763e-73	2.88046309995449e-71	10.5853
SYNE2	7.94901754308851	3.58152765960928e-73	2.93203448223439e-71	1.9592
ZFAND5	9.54020895754431	8.43866161281859e-73	6.87750921444715e-71	2.1292
NR2F2	7.45882190279438	9.53946041140746e-73	7.74010618980687e-71	2.1858
ALDH1A3	9.04460754511444	3.38555514241498e-72	2.72276188017303e-70	1.9945
TNFAIP6	2.80953103001278	3.70039199814637e-72	2.96291036483158e-70	10.4953
FREM1	3.05788360778444	5.86738148850203e-72	4.67750726873769e-70	5.5137
ASS1	4.9150932431818	3.1074556898193e-71	2.45583164819659e-69	2.406
ANK3	6.08940198706599	1.22089978535988e-70	9.56598561439057e-69	2.0944
RNF213	8.97475643484558	3.51972176073673e-70	2.72271357898346e-68	1.9614
PROM2	6.35719257725531	5.1946819254102e-70	4.00143937680542e-68	2.2718
BCAT1	6.0214599309925	5.26151839441589e-70	4.03589410959901e-68	2.1334
GSTA2	2.71107928517613	3.01965977736982e-69	2.30656522575997e-67	10.3942
LGALS2	3.34647683608102	8.91936965928053e-69	6.70090586419035e-67	4.8915
ANXA9	3.89842470672708	1.17547590954509e-68	8.7948722150226e-67	3.292
MAN1A1	3.32607034498155	2.47065938650215e-68	1.84099419428503e-66	4.2362
SOD2	6.79535276143162	3.47645894868545e-68	2.57992823443909e-66	1.925
GUCY1B3	5.19244257006315	6.245555912303e-68	4.61614853178152e-66	2.1794
LINC01504	4.45763219989318	1.26110063733106e-67	9.28332791738539e-66	3.1611
GBP2	5.49848615306551	2.39909462587492e-67	1.7519148595989e-65	2.3415
CABP1	2.68968505632674	6.03683790713701e-67	4.37335368383703e-65	10.3722
MGAT4B	7.44873889280815	2.65697781373534e-65	1.90967665226584e-63	1.8802
BMF	5.79815437970888	4.02991066503866e-64	2.86264782493953e-62	2.2068
WDR91	4.36620694937643	4.19244143243198e-64	2.96655855777047e-62	2.6598
SCN9A	3.17848825878243	1.77062170064443e-63	1.24804902575153e-61	4.2631
LOC101927811	2.99692584817478	1.8697817025634e-63	1.31287441392298e-61	4.9154
METTL7A	3.99030563930303	2.49752635829803e-63	1.74692878149765e-61	3.0509
TNFRSF19	2.97513143013955	5.96045282250866e-63	4.13741546493225e-61	5.427
GATA2	4.74911688443081	8.12159145239211e-63	5.61620354374509e-61	2.4732
GPX2	3.92126837790292	1.85348163737772e-62	1.27207371323187e-60	2.9756
HSPB8	4.1409232571425	4.73169360098599e-62	3.17580141101471e-60	2.7252
LRRC75B	3.45148749076063	6.05052678504595e-62	4.04609586035893e-60	4.5519
ALDH1L2	3.68724399374526	9.24853907524641e-62	6.12856457514117e-60	3.368
SLC16A4	5.30175214350362	9.26535836294348e-62	6.12856457514117e-60	2.0631
SGK2	4.4916710615351	1.15723103503867e-61	7.59942797685827e-60	2.5254
CITED4	3.65924728074952	1.35307669791067e-61	8.85368035736814e-60	3.4474
JUNB	6.30372310151114	2.33203366054069e-61	1.5150749646559e-59	1.8977
ANXA13	2.7067680619029	5.81613946666335e-61	3.75192374923696e-59	5.9821
BTG1	6.4328120767644	8.72314740034888e-61	5.60738658242145e-59	1.8132
EML1	3.59754730198597	2.28555571375983e-60	1.45891975910487e-58	3.2712
PPP2R3A	5.76544578214535	2.32772114610484e-60	1.48065774366864e-58	1.9719
KIAA1456	2.50864373751053	2.41349721492682e-60	1.52988906790639e-58	10.1874
EIF4E3	3.49352308815464	4.28789497812241e-60	2.70864396957102e-58	4.4168
BET1	6.06965141993054	5.01584111076202e-60	3.15755845924385e-58	1.987
ACSM3	5.00916901643729	2.91239808004513e-59	1.80233014743403e-57	2.1895
CLINT1	8.2994823593578	3.41556651772535e-59	2.09948088712438e-57	1.8205
TPM1	7.99905135901124	4.83493604107942e-59	2.94221974553153e-57	1.7424
BICC1	6.90459617243492	1.09265314287574e-58	6.51878293344426e-57	1.8251
BIRC3	7.19350009501964	1.67947067378977e-58	9.98710639110944e-57	1.7522
AGPAT2	5.57814633519128	2.70171846050615e-58	1.59619974805826e-56	1.901
VLDLR	5.22081319655851	2.99899926122315e-58	1.76612033912548e-56	1.9562
NPDC1	4.82836730129013	5.12389412895907e-58	3.00777528033045e-56	2.2028
WWP1	5.75063255464592	9.78643741639779e-58	5.72632056005635e-56	1.8362
SQSTM1	8.49572517350458	1.95102863279521e-57	1.13433053249393e-55	1.7587
NFKBIZ	7.45938633784556	2.2920489106199e-57	1.32836967975482e-55	1.7202
NBR1	7.50488930836964	4.14640851860981e-57	2.39546942771331e-55	1.7296
STRA6	2.93308946217581	4.53880632566048e-57	2.61389426754756e-55	4.4555
HID1	4.57336969764946	2.21336461826733e-56	1.25099642325351e-54	2.2552
NINJ1	4.53450652641859	3.48990835196739e-56	1.94837207564271e-54	2.2735
MAPK10	3.55666825872265	4.52653476266391e-56	2.49656853858587e-54	3.1711
TJP3	4.71448857660374	5.63436369154832e-56	3.09822119135259e-54	2.1286
NBEA	4.46527740401609	1.10265375501484e-55	6.0450591446099e-54	2.2827
SLC17A3	2.41364796670903	1.30432285096725e-55	7.10797551261434e-54	10.09
TBC1D9	5.36679065174378	1.53030087661242e-55	8.31463476292746e-54	1.9115
GCC2	7.06400385804975	8.92229031452763e-55	4.7766959525518e-53	1.8717
PBX1	5.76393498407835	1.27319050686446e-54	6.75679241084812e-53	2.0831
HIP1R	6.67882772717054	2.01829353288222e-54	1.06184342179533e-52	1.7525
LOC104798195	2.448457026976	2.52882145357166e-54	1.32661392116104e-52	6.9505
TMEM2	8.31255055250024	2.74442502339361e-54	1.43559378874137e-52	1.6925
GALM	5.54441080720411	4.48102994208215e-54	2.33064622856557e-52	1.7983
EGFL7	3.45094502922126	5.51499003408018e-54	2.852171616492e-52	3.3085
COL4A1	5.04706500698079	7.75567619186821e-54	3.98838379038721e-52	2.298
RAB9A	5.39188040111139	1.36908950344806e-53	7.02081403790671e-52	1.8359
LRRC19	2.51726697016807	2.58758057267537e-53	1.31584598704071e-51	6.0951
CORO2A	4.76879734440181	3.83566070679614e-53	1.9397180571543e-51	2.034
SLC6A20	3.01610249368084	5.17540147116151e-53	2.61000357064985e-51	4.2294
BPGM	5.4591205023455	5.58338165631403e-53	2.80799491784212e-51	1.7859
SYCE1L	3.96981371325076	5.80996019480336e-53	2.91391849770138e-51	2.8082
AMACR	3.57497264926358	2.5221551211331e-52	1.25120825791864e-50	3.848
SGPP1	5.56432367409376	2.61718731918844e-52	1.29483392138494e-50	1.7561
LRG1	5.32662661419571	6.58771254199315e-52	3.23293763888782e-50	1.8789
ARHGEF10L	4.65630700041224	7.03888932390884e-52	3.44509285515495e-50	2.1051
PAX6	2.67715105450008	9.70629206319677e-52	4.73791625416364e-50	4.6973
SMIM14	6.15099317036546	1.38260848806276e-51	6.73090681548635e-50	1.852
FGA	2.52221511156499	1.76720182360073e-51	8.55756936118167e-50	5.5331
CYP2C9	2.3381643345028	2.19291017341137e-51	1.05629995054876e-49	10.0112
EDAR	2.31663026406468	2.29751461796262e-51	1.10377439119804e-49	7.6659
ZNF189	5.24024509071344	3.24383914218517e-51	1.55431830392999e-49	1.9985
FLRT3	4.80824741888972	3.5642045730686e-51	1.69890649310549e-49	2.0362
HNF1A-AS1	2.39232107478531	4.68706460255123e-51	2.21676298922734e-49	6.3548
ASAP3	3.62742596658216	7.95269470277238e-51	3.75153474144219e-49	2.8323
MCAM	5.8315506118855	9.21400353578551e-51	4.33533114817784e-49	1.7878
RAC1	9.71660840252384	1.52442925019874e-50	7.11764204389467e-49	1.7171
DLX3	2.61503447400287	2.69383542258199e-50	1.25136538103452e-48	4.8976
CAT	5.51855128413268	4.69988106478671e-50	2.17217794224674e-48	1.7911
FLJ31356	2.74873278329262	6.91777893619528e-50	3.18113280249826e-48	4.2565
NMRK1	5.02049731958051	1.00776509627509e-49	4.61096731769373e-48	2.0098
GSG1	2.49915308637364	3.36237561545015e-49	1.53076132757252e-47	5.5082
LLGL2	6.40057579751966	3.45432433914595e-49	1.56871007799623e-47	1.6218
C12orf75	7.19136988762108	3.53286601644362e-49	1.60039707186588e-47	1.708
LOC100506178	4.41261342486566	6.10273188120232e-49	2.75770973324825e-47	2.2852
SYNGR1	2.47945123020653	7.08070160629652e-49	3.19173551912468e-47	5.4875
RAB11FIP5	5.37186847263644	7.21646699181653e-49	3.24492170942371e-47	1.8609
GAB1	5.49169023733741	1.2446320182883e-48	5.58280150512807e-47	1.7141
BLVRA	5.07428857371574	1.64349102428695e-48	7.35381670082906e-47	2.0447
HIST1H2AC	4.11142434257147	2.94519407774405e-48	1.30821078061546e-46	2.2904
UGT2B7	2.14682841902407	4.46073657246274e-48	1.96703398229178e-46	9.8147
IL1RAP	5.29691201653368	6.17632482580508e-48	2.71698761493729e-46	1.787
RNASET2	4.77552430818218	7.04457247309712e-48	3.09148353530916e-46	1.8939
VPS13A	7.40211939468771	7.11966968485287e-48	3.11694699680273e-46	1.6049
CALCOCO1	4.96529446743943	8.70223405497192e-48	3.80066949539635e-46	2.199
ULK1	4.60799217546324	1.00334350831311e-47	4.37160837416807e-46	1.9666
IQCE	5.81625977859098	1.77205385374142e-47	7.70252741759606e-46	1.7466
TTC39A	4.74340794527339	2.56087494975083e-47	1.10785149484955e-45	1.9086
ERO1LB	2.51322756904722	3.65423972554768e-47	1.56968942187291e-45	4.7894
CHMP1B2P	3.31964818721495	5.35295105699107e-47	2.28860596010372e-45	3.0399
PIK3AP1	4.50425145479613	6.6970999378553e-47	2.85659477723099e-45	2.0572
PPAP2A	3.95668480142915	7.4078890087602e-47	3.15241076326168e-45	2.4103
TBC1D16	5.12597923862062	9.26864994073193e-47	3.92595065703021e-45	1.8361
RASSF8	4.86729199276235	1.0418950615773e-46	4.40297135281368e-45	1.8461
SLC4A3	2.83198390856799	1.67688195511404e-46	7.05372280473777e-45	3.7631
FUT4	4.40455682272483	3.64548312213209e-46	1.51945068213798e-44	2.1053
RAB20	4.27072027447079	6.17916793255331e-46	2.56963302452604e-44	2.3017
LINC00673	5.11710588074888	1.77022831755996e-45	7.29509890866243e-44	1.8219
ACMSD	3.01017462015861	2.0700193835114e-45	8.51132294265407e-44	3.351
NCMAP	3.45587769943881	3.52308866853931e-45	1.44533722995177e-43	2.9547
GET4	6.8169471128149	3.71149629411772e-45	1.51921695841733e-43	1.5882
ERBB3	7.2656181311096	5.60099729189623e-45	2.27226236801906e-43	1.8083
CXXC5	5.38012593909129	6.89429586061274e-45	2.79073758827819e-43	1.6729
FARP1	5.30986444831201	3.1148527014271e-44	1.23350869668662e-42	1.6432
RASSF2	4.93019038610595	3.54492606927897e-44	1.40078290737569e-42	1.9749
ZDBF2	4.2864495389072	3.72685290919138e-44	1.46949085767166e-42	2.5873
DHRS3	5.53724027451584	3.79621000411791e-44	1.49361228093053e-42	1.9882
CACNG6	2.78267662562379	4.06715485792546e-44	1.59334719069286e-42	4.6895
TGM2	6.40447785869523	7.74006623749095e-44	3.01928737674433e-42	1.5317
GLRB	4.3386344919923	7.96853237751045e-44	3.10178096127571e-42	2.0538
TENM3	2.0230480549271	1.37699381886213e-43	5.32593202481927e-42	9.686
VWDE	4.17821909311147	1.67783169333777e-43	6.47579183796496e-42	2.1866
LINC01508	5.11921113383419	2.41870224982716e-43	9.29596384691464e-42	1.7704
GDF15	4.23156828400525	2.49469922346127e-43	9.5679052570397e-42	2.167
CA2	2.02298719042337	3.12576085445359e-43	1.19630796978836e-41	9.6859
PLEKHA1	5.69740522118739	8.06429209568354e-43	3.0480686645714e-41	1.588
C11orf63	2.17062786573471	1.02708720948922e-42	3.8740710943048e-41	7.515
CTIF	3.62975048488558	1.55171609841942e-42	5.82883314665534e-41	2.9473
CASZ1	3.45289578691622	2.21413166524455e-42	8.28303026243945e-41	2.852
CACHD1	2.78825416072406	6.73430015838241e-42	2.47865692926269e-40	3.777
COL27A1	4.05048147964524	8.60767459283623e-42	3.14283414733637e-40	2.4012
TYMP	3.76975096480539	1.23396803204791e-41	4.4785925234725e-40	2.4133
PTGS1	3.62476178783015	1.32783992929136e-41	4.80020707903822e-40	2.5387
LPGAT1	7.24984678812155	1.54141472140996e-41	5.55030910336492e-40	1.4339
MAPK9	6.48169683671744	1.60352080999005e-41	5.76257399747604e-40	1.4732
CYP1B1	4.77258138983915	4.00735652248434e-41	1.42887306004832e-39	1.752
RELN	1.8961069950933	4.01806409814101e-41	1.4298982100519e-39	9.5549
TMEM106B	6.72776507129351	4.5302835899373e-41	1.60904391474505e-39	1.5563
PTPN13	7.2442951626644	4.70344032526106e-41	1.66730109860128e-39	1.43
NATD1	2.61602086930489	5.60984282988637e-41	1.9809147137796e-39	3.9456
ATP13A3	8.60629485760209	6.88693532897077e-41	2.42250272380906e-39	1.5586
PKD2	5.18959139114664	7.06012464544712e-41	2.47388935752942e-39	1.6397
PNPLA2	4.59058125164847	8.37372007345402e-41	2.92855620040185e-39	1.9752
DENND1B	5.30648007460674	8.39271575882672e-41	2.92958735933347e-39	1.6045
FOXC1	3.89873646474749	8.95313214535952e-41	3.11924390163518e-39	2.3722
APOL2	6.5066909061361	9.31138811640511e-41	3.23788002767794e-39	1.5226
TRIQK	4.84379621821482	9.70085461514199e-41	3.3668973736508e-39	1.8488
ZNF618	5.13388335614524	1.1797311514178e-40	4.08674988620177e-39	1.6788
RAB40B	3.76916922797073	1.41754052495138e-40	4.90125375445312e-39	2.3978
LOC80078	2.36002574159091	1.42260378600201e-40	4.90946213936722e-39	4.4861
AMN	2.60216866178272	2.12629125419371e-40	7.2692084525394e-39	3.7771
MXD4	4.48185978231178	4.62303950949195e-40	1.57166125298482e-38	1.8711
SERPINE2	4.43278392296235	4.97583333836974e-40	1.688453781139e-38	1.9706
CDC14B	6.28327514819923	5.44467838642072e-40	1.83730219265243e-38	1.5008
PCMTD1	5.22093529264022	1.08214130688262e-39	3.62487554099984e-38	1.6185
SBF2	4.94062983689762	2.98588806595625e-39	9.89298957025361e-38	1.6413
PGBD5	3.94037459737515	3.16200729266276e-39	1.04575371621107e-37	2.1408
EPHA6	2.21907544293636	3.94014783015408e-39	1.30074753684074e-37	5.7791
WSB1	6.75293915638021	4.1874813206642e-39	1.37990359187808e-37	1.4404
NAALADL2	4.48854131112499	9.63400137011294e-39	3.15194138015738e-37	1.8633
FCGR2A	2.3757927660492	9.79069568601281e-39	3.19747657323524e-37	4.2563
RPS6KA6	3.97400329753026	1.26208648953422e-38	4.11440195588157e-37	2.0657
KIAA0895	4.37895999566175	1.26812738744744e-38	4.12672612927639e-37	1.8671
KYNU	4.75185768369766	1.33909084167697e-38	4.34217449478771e-37	1.888
HFE	2.851645155183	1.59296934626896e-38	5.15624971373868e-37	3.2142
NTN4	7.4311418865088	1.68978273121895e-38	5.4599422196696e-37	1.4067
DIRAS2	1.78853336532416	1.77149489388839e-38	5.71385349519903e-37	9.4428
ABCC3	7.66229579759037	1.78838741833055e-38	5.75816590988405e-37	1.5147
UNC5CL	4.18297184439664	2.13504968667047e-38	6.83815211927301e-37	1.9491
ELF3	8.36801523327405	2.18604909800339e-38	6.98923158198771e-37	1.4381
CASC1	2.56005522091267	2.65205132184853e-38	8.44953733536942e-37	3.6614
KLF9	3.71053632185089	2.75228775847837e-38	8.75361765135559e-37	2.6437
C2CD4A	2.63019993103326	2.83960732638311e-38	9.01562980007828e-37	4.1276
ASZ1	1.80458988725333	5.14002457080946e-38	1.62627883127725e-36	9.4598
ID1	7.79376607761478	5.79639848188067e-38	1.83077942361961e-36	1.4172
CDK19	5.03283326936304	6.65351811688179e-38	2.09425218520334e-36	1.6358
LFNG	5.12540206502537	8.76186188090921e-38	2.74368011145589e-36	2.0184
PHEX	3.08658731811933	1.02640569792328e-37	3.20308759338247e-36	2.8011
TSLP	2.24870511108656	1.15927145892529e-37	3.59926186294899e-36	4.5055
TP53INP1	4.23718122670366	1.24090513291578e-37	3.84617387207308e-36	2.0847
ZNF114	3.38655946466198	2.23437749491825e-37	6.86713729751305e-36	2.4899
UPK1B	1.87359974162191	2.79983977880357e-37	8.59056722719967e-36	6.3506
FRAS1	5.3570055035277	2.83790644044411e-37	8.69275502965564e-36	1.5273
JPH2	2.03776122795598	3.40142063388497e-37	1.03666669603012e-35	7.3795
PPARA	3.60868897361474	3.514495166761e-37	1.06934372940648e-35	2.2836
ABCA2	4.92068961180574	3.64533494850993e-37	1.10730839966717e-35	1.6743
SECTM1	3.90513121527717	4.38965002237592e-37	1.32897928372296e-35	2.5514
MAP3K5	5.41568657619078	5.23262292806985e-37	1.58156894329211e-35	1.4629
GSTA1	1.75575743421879	5.3011261569158e-37	1.59962577058934e-35	9.4078
CERS2	7.56534318732978	8.42690123130798e-37	2.53028797497958e-35	1.383
SOCS3	4.90169173182708	1.25566721157268e-36	3.757944363028e-35	1.6955
SOGA3	2.77581353613361	1.5973146119407e-36	4.77259829060382e-35	3.2709
HERC3	5.2130766365349	2.11526140173566e-36	6.29954521208584e-35	1.5118
ANXA1	11.20423516997	2.42960261423629e-36	7.22391291946215e-35	1.6022
RAP1GAP	3.13744679655155	2.70801741706071e-36	8.038628612335e-35	2.6643
STARD10	5.38790369625505	8.35684932910219e-36	2.44100226163343e-34	1.5635
ING4	4.65736232094845	8.97430780189279e-36	2.6129978186819e-34	1.6728
SPEG	3.27742246458341	9.54350474151559e-36	2.77430290702402e-34	2.488
ZNF12	6.38445145053844	9.58001075652498e-36	2.78048770065374e-34	1.3905
HNF1A	3.08027478300164	9.66445882687765e-36	2.80054540227744e-34	2.7367
PGPEP1	4.2162451101991	2.24457411152616e-35	6.46324053312642e-34	2.1819
CARHSP1	5.35789396524831	2.7693762453925e-35	7.94932904652287e-34	1.6888
GAREM	4.10632999627383	3.02686736543467e-35	8.63413915990241e-34	1.8795
DSCAML1	5.64927328946697	3.30379172094473e-35	9.40936375313057e-34	1.4162
TRAM1	7.99922760560476	3.50336880078093e-35	9.93128894830072e-34	1.3904
ZDHHC4	4.87552310805552	9.1581637802776e-35	2.56428585847773e-33	1.5673
LHX9	2.15338147582041	1.16329734934672e-34	3.24231395567537e-33	4.9258
KIAA1033	6.99353440017309	1.200794827684e-34	3.3417241424084e-33	1.3105
CAPS	2.43382546989191	1.7835411813813e-34	4.94086916650941e-33	3.6648
RGS14	3.69231922986263	3.26053573488325e-34	8.96450909277539e-33	2.2197
FGD4	6.03721994824526	3.79713892364751e-34	1.04084937222386e-32	1.378
NLGN1	1.68085652161682	3.89552027676109e-34	1.066216164506e-32	7.003
CTDSP2	6.85223737583561	4.38026927918408e-34	1.19352531284753e-32	1.3247
OBSL1	5.78612424658089	4.78446900596144e-34	1.30171782671881e-32	1.5191
VCAN	7.07609262920035	4.84019724749602e-34	1.31492025223642e-32	1.3114
GPR160	4.09221586005774	5.68653473991361e-34	1.53570086112223e-32	1.8911
C6orf132	4.88123545753363	6.10873091215108e-34	1.64728200195318e-32	1.6734
ZFP62	6.04047938984426	6.3271294694488e-34	1.70365893206869e-32	1.3099
KCTD12	2.90944776267439	9.57761110015438e-34	2.57509378857759e-32	3.9127
USP42	5.16394760506397	9.86293531961113e-34	2.64790804698266e-32	1.4262
NEAT1	8.74321925936465	1.34175894242382e-33	3.58640574712874e-32	1.6254
KIF13B	5.59020517428948	1.37242988358164e-33	3.66302338518516e-32	1.4075
CACNA1H	2.63670878938524	1.55064796001677e-33	4.12662232624872e-32	3.2662
ACVR1B	6.24754525016264	1.76840848642291e-33	4.69245135583382e-32	1.7083
GPRIN2	3.10997099798094	2.17393701240023e-33	5.75179624614181e-32	2.6569
SESN2	4.23617578728408	2.20780448434087e-33	5.83294915573473e-32	1.8367
LRP1	4.15124176866497	3.62730276305152e-33	9.54179239802142e-32	1.9424
CLVS1	1.72301141516255	3.80603776872702e-33	9.99755762674538e-32	6.1901
PDX1	1.89627346882601	5.27914001269856e-33	1.38074470016941e-31	5.1287
SEMA5A	1.73896764875602	7.45643100538332e-33	1.9418631160382e-31	7.0641
TMEM27	4.42665757142923	1.01033862544469e-32	2.62371862675935e-31	1.8958
VGLL1	2.13962318997173	1.06909033740556e-32	2.77234562495397e-31	4.9066
RBL2	6.63118470343875	1.42877287740075e-32	3.69981243259972e-31	1.3031
TRPC7	1.80387179464911	1.48194247323028e-32	3.82663957444016e-31	5.3437
KANSL1L	5.14090145296792	2.26748615315789e-32	5.81393640618685e-31	1.4316
CASP4	7.11060181751285	2.32429021184401e-32	5.95033716533021e-31	1.369
N4BP2L1	2.24780396286173	2.34626526013955e-32	5.9906879145605e-31	4.3644
CCZ1B	4.71295767196926	2.35409956829437e-32	5.99932871097347e-31	1.5256
PTPRH	5.08759654737637	2.389109935558e-32	6.07459484450512e-31	1.727
IFIT2	4.30844723652277	2.89257482536979e-32	7.34448484171778e-31	1.715
MFAP3L	1.89539988369806	3.33539905725005e-32	8.45708960960514e-31	5.4383
SLC7A13	1.57329937425891	3.64834153782653e-32	9.22494779980071e-31	9.2162
SERPINB9P1	3.45934483794723	4.07944195052644e-32	1.02865044542556e-30	2.2007
MVP	6.98434505389889	4.25954338271729e-32	1.07258239992947e-30	1.2468
TFDP2	6.02890951804853	4.30564475393614e-32	1.08269766705039e-30	1.2767
ZNF888	4.78157241888516	4.83933448343648e-32	1.21355618584638e-30	1.8135
AFF1	7.08026826821903	5.77063250642048e-32	1.43918944039907e-30	1.2334
UGCG	8.28954541179381	6.26033115935341e-32	1.55706547200485e-30	1.5036
COBLL1	6.14555862064675	7.91565073396018e-32	1.9607614626754e-30	1.5776
STAT3	7.40829937341129	9.24994221241015e-32	2.28507368105223e-30	1.2807
TNS1	1.72323755926426	9.63026863354383e-32	2.37581329964833e-30	5.6535
LINC00661	1.59273785307149	1.40955188209789e-31	3.44943420369693e-30	9.2386
FOSL2	7.4755056811662	1.57293036855699e-31	3.83895946636047e-30	1.348
PALMD	1.47817283118493	1.59672607087367e-31	3.89183326433506e-30	9.1169
CLSTN3	5.06067867120243	2.35616704124925e-31	5.6672181166069e-30	1.6122
PDCD4	6.07356734441992	2.46702330236314e-31	5.92604965893967e-30	1.2666
PP14571	2.62011692468301	2.83973761558127e-31	6.80344487008552e-30	2.9962
C1RL	5.45241437335121	3.63657699869936e-31	8.68970545657794e-30	1.5718
ZNF467	2.65824599180775	4.07029511761e-31	9.71337355125335e-30	3.2887
MIA2	3.40839577911966	4.18458204996027e-31	9.9730717890437e-30	2.9282
TRAK2	6.78671175269308	5.28940767435128e-31	1.25570125491492e-29	1.2354
OGFRL1	6.32072496781275	5.82878464886317e-31	1.37837166515085e-29	1.2587
OTUD1	2.51857454283691	6.6781745030661e-31	1.57515185695058e-29	3.4802
HNMT	6.16153474545033	6.83390062092374e-31	1.6077279605101e-29	1.266
NAV1	5.30462940212474	1.30970473096685e-30	3.04974101639425e-29	1.3533
DMPK	3.84330084494889	1.47103392911505e-30	3.42104400126425e-29	1.8787
CTTNBP2NL	5.96515407532661	1.79714425824917e-30	4.14250828012587e-29	1.3695
PICALM	8.32011112457453	1.91269626976493e-30	4.40330177816249e-29	1.2458
KLHL2	5.8273274849861	1.92250403816508e-30	4.42030651394732e-29	1.3677
TNIK	4.46852603875098	2.29880518371895e-30	5.278866343896e-29	1.5879
PALM	1.5830856075125	2.54669898680933e-30	5.84077094261195e-29	6.0418
ZC3H6	3.77053033806937	2.92933829224871e-30	6.70991215348712e-29	1.8905
TIMP2	6.84974920763062	3.08200799381093e-30	7.04194467271743e-29	1.2373
VNN1	2.72494860393352	3.09522722802638e-30	7.06330853435619e-29	3.4163
TSPAN9	4.51044289118661	3.61090981507391e-30	8.20931128069606e-29	1.7806
ARL4A	5.48143056164831	3.83077704274772e-30	8.67675753007474e-29	1.4333
ADAMTSL3	1.48746507549131	4.7918516424285e-30	1.08267380673484e-28	9.1256
TMC6	4.34628669095069	5.08271094065009e-30	1.14555519669763e-28	1.6319
GBP3	7.2046353177535	5.29117570660944e-30	1.19106909617586e-28	1.2146
APPBP2	6.30061832715689	5.80622706163397e-30	1.30540001523633e-28	1.2807
LOC101930332	1.48786449261755	6.22047643521164e-30	1.39681448709992e-28	6.7997
PLA2R1	2.05651664524671	7.07046284555994e-30	1.58378367740543e-28	4.2958
DYRK2	5.93323467102717	7.1351374314104e-30	1.59631211945868e-28	1.332
AUH	4.93565159538801	9.39103550359958e-30	2.08567815272158e-28	1.4522
LOC100288152	2.96922862080989	1.01256171697311e-29	2.24336489139091e-28	2.6006
COL18A1	5.42475382322935	1.13176841661325e-29	2.49535799682264e-28	1.3432
RNF130	5.38568649471198	1.15374876381519e-29	2.54075240436793e-28	1.3922
FRMD4B	4.04346854776268	1.23828535678672e-29	2.72363102090341e-28	1.724
RAB26	2.73263504992235	1.25292853977148e-29	2.75252267413575e-28	3.0387
LOC100506860	2.64122307140177	1.64643326968994e-29	3.61265453983889e-28	3.021
ITPR2	4.96058306373081	1.74415285421867e-29	3.82247953260697e-28	1.4036
TLN2	2.33312786519675	1.95034923776516e-29	4.26925367921353e-28	3.2705
OAF	4.62657335689049	2.02632848132162e-29	4.43025781497095e-28	1.5311
HIST1H2BD	3.61964912017662	2.34132022157054e-29	5.11281602452055e-28	2.2087
PARM1	1.79687917464952	2.36944159835656e-29	5.16804370604508e-28	5.0225
DRAM1	4.01471855812364	2.40742527780326e-29	5.23837376300075e-28	1.8182
ZBTB18	6.05938508547653	2.74419218329651e-29	5.95695273463272e-28	1.4229
PSMG3-AS1	2.3599707735079	3.78396116149137e-29	8.17514733303981e-28	3.2385
PAX8-AS1	6.71740028578033	4.29337357287268e-29	9.24290423895798e-28	1.1889
ABCC4	6.42209006848859	4.45021368316917e-29	9.55801188234546e-28	1.2315
PAX8	4.09773725602709	4.68551886379426e-29	1.00515666718482e-27	1.6954
BCAM	5.33710020795385	4.80606067087711e-29	1.02980567614475e-27	1.5216
PBXIP1	4.74841355270401	5.12812696271665e-29	1.09752738372046e-27	1.5521
AHSA2	5.44169797552015	5.28777504356281e-29	1.13037027160753e-27	1.3887
C9orf16	4.7822802469981	5.56287662093716e-29	1.18778801861788e-27	1.4211
LAMB2	5.11813456036775	6.66155317516299e-29	1.41905851535327e-27	1.3449
KNDC1	1.99010973046087	6.86754846564013e-29	1.45614360962516e-27	4.5519
TCP11L2	2.74868047458815	7.08152973663685e-29	1.49803484208624e-27	2.8922
BID	3.57798850047561	7.86203992207276e-29	1.65738338126282e-27	2.087
THBS1	6.64565724676987	1.36119318408323e-28	2.83351684932993e-27	1.1885
TMEM59	7.36516628447171	1.41247453063125e-28	2.93691742952211e-27	1.2715
FTL	8.7450207391943	1.41921421814007e-28	2.94757392108818e-27	1.2533
CYP4V2	2.93221812435137	1.58021031414891e-28	3.27449710500596e-27	2.4195
ASNS	6.44988947353331	1.76072362475234e-28	3.64029110911425e-27	1.2155
FAM102A	6.51736235346212	1.80999864421641e-28	3.73793385167587e-27	1.2397
NEURL1	1.64639169999768	2.25917142320232e-28	4.64976702389872e-27	5.5722
KLHL7	5.52934177564789	2.49346360995891e-28	5.12620176389751e-27	1.266
RHOBTB1	5.32456329407138	2.83754055630556e-28	5.81393270436748e-27	1.2796
PLCB1	4.82429852656767	3.2910181260809e-28	6.72797613770805e-27	1.4443
CTSF	3.69052916929667	3.30284840599672e-28	6.74460855703312e-27	1.9383
CREBRF	3.74417662927427	3.4665774466977e-28	7.06315154764656e-27	2.0503
TVP23C	4.03432674313566	4.82921450254688e-28	9.77407316613037e-27	1.9517
RAB11FIP4	5.06094065775749	5.88471424777627e-28	1.18577641619651e-26	1.4095
DCAF6	6.89567875097075	6.61068344375008e-28	1.32912595758922e-26	1.2402
PVRL4	3.72142513011018	8.08724819226285e-28	1.6188684539249e-26	2.2982
ADM	3.16549645568363	8.34808749951459e-28	1.6692517567485e-26	2.371
RHBDL2	3.15246921562009	8.52389586266552e-28	1.70254095042475e-26	2.2056
PIK3R1	5.51514493216759	8.73038243486782e-28	1.74187827028357e-26	1.2633
MBNL2	5.50871374245767	9.05930480451161e-28	1.80553131562406e-26	1.3631
PPFIBP2	2.90635523044974	1.02940558397328e-27	2.04714905675558e-26	2.4723
SLC7A11	5.75025419349469	1.08876118474526e-27	2.16048089007712e-26	1.274
HDHD3	4.86544515179452	1.09339216509487e-27	2.16731458913919e-26	1.4116
LOC102724560	3.76226260421527	1.21545772267999e-27	2.40665902226094e-26	2.0614
SESTD1	4.75739343415984	1.29221753775726e-27	2.55587468789778e-26	1.4095
PMS2	5.82121356128953	1.39911776793236e-27	2.75834708114181e-26	1.2051
PALM3	5.07234439552036	1.54721067378087e-27	3.04702028700578e-26	2.502
C9orf84	5.909365388441	1.58907954923172e-27	3.12544916493251e-26	1.2643
NDRG1	5.76264993664747	1.59045917737856e-27	3.12544916493251e-26	1.2673
OXR1	5.67009287367351	1.60274395617362e-27	3.1462036197748e-26	1.2108
PPP1R3B	4.5845896047231	1.62690477941209e-27	3.19020125165919e-26	1.4239
TPRN	4.03221659492145	1.98766569339396e-27	3.88094383942247e-26	1.9865
PTPN3	6.14506362351906	2.00566366996724e-27	3.91190127766261e-26	1.1636
PNRC1	4.88527129650017	2.01579262425029e-27	3.92746106171968e-26	1.3579
SH3GLB2	5.43375020915388	2.03528074813634e-27	3.9612031277161e-26	1.2396
HTRA1	1.40740680272614	2.13655053872809e-27	4.15387291107774e-26	6.7148
CYP4F11	1.73131243586433	2.77803656430365e-27	5.38956806779251e-26	4.4699
XBP1	5.59411057538107	2.81337625706313e-27	5.45233513258435e-26	1.2138
TRAPPC6A	3.31190095162613	2.95743327453829e-27	5.7254402820754e-26	2.1431
CYBA	8.12276872122019	3.01519754679428e-27	5.8249149644737e-26	1.2504
TMEM37	1.41802359175083	3.21001954368442e-27	6.19472693335125e-26	6.7251
KIFC3	5.81692921624492	3.59309956808149e-27	6.91207857901956e-26	1.2158
PSG5	1.28841612628353	3.79382261091937e-27	7.26757876022497e-26	8.9163
CYP26B1	1.7807417705791	4.63886160887311e-27	8.86775471534948e-26	4.3262
AGPAT3	5.40217832314118	5.10831459346076e-27	9.75495724039954e-26	1.2523
ACSF2	4.56365100904814	6.14114975843489e-27	1.16905974963491e-25	1.4188
IER5L	5.44919840940244	8.74295507529725e-27	1.6557197910231e-25	1.5723
TMEM170B	3.65586806815058	9.81388647548412e-27	1.85276433812242e-25	1.8525
LANCL1	5.54747378555166	1.1025652404979e-26	2.07723746445094e-25	1.2496
ARMC7	4.70693949879395	1.12222576675731e-26	2.10992313057893e-25	1.4584
CD81	6.15809635249485	1.13825494770889e-26	2.13785826392732e-25	1.1839
TSTD1	4.72082269741048	1.14717034760946e-26	2.15238868098235e-25	1.3726
CBR4	5.41688194767198	1.29852394622907e-26	2.43136955511364e-25	1.2935
TRIM38	5.29932806874077	1.34043210441104e-26	2.50726726415245e-25	1.3939
HMOX1	3.34741260313293	1.46785893543148e-26	2.73441150257521e-25	2.0252
ANKS1B	1.58243634502306	2.60092247277871e-26	4.81566335325033e-25	5.1043
HHLA2	6.20080593800319	2.75770660637994e-26	5.09561657956196e-25	1.2212
TBKBP1	3.50408121588866	3.24772673815317e-26	5.97686485198832e-25	1.9818
FANK1	3.73356108059426	3.81127434387437e-26	6.99986161184814e-25	1.977
ARL8A	4.16965865916746	4.47951516743253e-26	8.21064547155103e-25	1.6143
ANKMY2	4.46905548189038	4.57883763770365e-26	8.3842788278754e-25	1.5302
SUCNR1	1.26499972156983	4.64873275304735e-26	8.5037339819271e-25	8.8899
HDAC5	4.0542456655848	5.07293324211642e-26	9.26114692680773e-25	1.655
YPEL2	2.99629374159998	7.04043152390824e-26	1.27890664577581e-24	2.2641
USP33	7.35408102181519	7.18183751268323e-26	1.30329647745075e-24	1.1827
ST6GALNAC6	4.67440224346916	8.85580444699926e-26	1.60070857410315e-24	1.4575
RAB25	5.23154286568869	9.6157349457481e-26	1.73463297598397e-24	1.2126
WFDC21P	1.7723530960329	9.87806639375366e-26	1.78019723676571e-24	3.9869
LRRC41	5.75206914355662	1.00266098548456e-25	1.80518530088817e-24	1.211
RBKS	3.49158742324498	1.42324293522829e-25	2.55233035614221e-24	1.8899
C9orf116	3.46688529539746	1.57781631313148e-25	2.82398182475768e-24	1.9031
CRP	1.36424050756714	1.67649490059765e-25	2.99179774245462e-24	8.9943
LRRC1	5.39791649011026	1.80558883114015e-25	3.21275143287472e-24	1.1782
PRSS12	2.55955200758244	1.88471284736187e-25	3.34701534449789e-24	2.6712
CRACR2B	3.28165713085974	2.14520784492227e-25	3.79118242177163e-24	2.1405
ELFN1-AS1	4.12557927867723	2.29840883899587e-25	4.05016908925759e-24	2.07
NACC2	5.95406356968794	2.56553813812825e-25	4.51653464316966e-24	1.2267
LINC00472	3.07722226986667	2.70213490835644e-25	4.75242532629626e-24	2.1529
ANTXR1	1.52676729183997	3.31812066798845e-25	5.81339836034521e-24	4.7306
CCDC74A	1.98920405313034	3.49622822480022e-25	6.1195726243483e-24	3.7223
UGT1A6	1.21842304318446	3.67786440376631e-25	6.42517632106772e-24	8.8402
RAB24	3.85749272923428	3.98533911142064e-25	6.95567407438769e-24	1.7427
ATP11B	6.12768377065173	4.11369553515408e-25	7.16599481772642e-24	1.1166
AHRR	2.10944331713919	4.46378072382275e-25	7.76102675181983e-24	3.751
NFIX	2.53768637451465	5.0770078722513e-25	8.80207556655458e-24	3.1529
CEBPB	5.2366158253795	6.44432477483411e-25	1.11093100178821e-23	1.3111
PSAT1	7.92717047878374	6.55480911062122e-25	1.12784726789351e-23	1.2058
C20orf194	3.67695331396755	6.98932661090417e-25	1.20147972324545e-23	1.7572
LOC100131564	4.59995975782322	8.12055063312478e-25	1.39331552968352e-23	1.3905
MAP1LC3B	6.01374552614149	9.47201676713789e-25	1.61156699068844e-23	1.189
TRABD2B	2.38745208473215	1.04355285139226e-24	1.7705484066001e-23	3.1482
ADAMTS13	2.65865838378509	1.16481482068195e-24	1.97079326843092e-23	2.489
TBC1D9B	7.40405329315828	1.18707188167591e-24	2.00659113628476e-23	1.1494
PDZD8	6.67415579390106	1.44568255635976e-24	2.44147833014837e-23	1.1044
TRANK1	4.04274968567614	1.54712044195617e-24	2.60555634578892e-23	1.8433
CCNL2	6.79108474615155	1.97879023652415e-24	3.32029361746184e-23	1.1222
FAM220A	4.9738696806613	2.01411724029178e-24	3.37336920539144e-23	1.2338
FYN	3.8724801659252	2.02494543535836e-24	3.38839632153091e-23	1.7097
HBP1	5.05037656305541	2.31850447466657e-24	3.87606389098104e-23	1.444
KIAA1407	4.11434496011285	2.7373917141619e-24	4.56381946426846e-23	1.6158
JAZF1	1.96749247440914	3.25311945124127e-24	5.4039079801511e-23	3.4892
TOMM7	8.59741322995094	3.71706591552072e-24	6.16897775943148e-23	1.305
IRF1	5.51776288229189	3.79988533185403e-24	6.30069996533398e-23	1.1757
CXCL5	6.85849007807478	4.13041489058657e-24	6.83014984081055e-23	1.3092
MAGI1	4.99767098791299	4.36010977133201e-24	7.19694068584423e-23	1.2641
INPP5A	4.68514231763449	4.39917991345721e-24	7.25487158988933e-23	1.3185
IDH2	4.51250268556953	5.0727734178983e-24	8.33560319686332e-23	1.4599
ZNF862	3.88377141286631	5.41461317099874e-24	8.86539713450699e-23	1.6063
TIMD4	1.77216685378969	5.53517954207574e-24	9.05468079929523e-23	3.7125
GOLGB1	7.23958568875614	5.82736880363059e-24	9.51560329866547e-23	1.1235
AFTPH	6.35587234341182	5.84027126205082e-24	9.52814943342268e-23	1.1639
WASF3	3.63330914690538	7.10290295885741e-24	1.15365299303293e-22	1.7342
FGF2	4.84827951522686	7.73853339380064e-24	1.25465955272846e-22	1.38
TMEM52B	1.06928878864284	7.87255261605433e-24	1.27525572811613e-22	8.6813
AGT	1.43886812647574	1.06112159356579e-23	1.70827476297505e-22	6.7507
OPTN	3.70036719946677	1.06710763781823e-23	1.71639797674093e-22	1.6662
CACNB3	3.16147975646478	1.0878960071251e-23	1.74675721249567e-22	2.0747
SOX6	1.4272035675262	1.09948510871228e-23	1.76226515756378e-22	4.9372
FAM8A1	4.58943428040306	1.11375381888283e-23	1.7835692734671e-22	1.4879
DPYD	5.51772371706011	1.40195109848353e-23	2.23723944527233e-22	1.1744
ADAMTS15	2.35939046581878	1.45340584271259e-23	2.31530340877496e-22	2.7935
CHST11	5.10400827093142	1.6078107208061e-23	2.55458594595615e-22	1.1933
DMTN	4.42936168670333	1.70297010560363e-23	2.70181939062768e-22	1.5922
APOL1	8.27364873587051	1.70343674332409e-23	2.70181939062768e-22	1.4474
GUCY1A3	4.78241062438567	1.75043541936436e-23	2.77395390763157e-22	1.3767
SPEF2	2.69346334817937	1.95531505466789e-23	3.09058282580233e-22	2.3342
C9orf9	3.00329661311783	2.27345170576486e-23	3.58721990842206e-22	2.1264
DOCK11	3.37666675256188	2.48020855517605e-23	3.90333511924948e-22	1.8478
CDC42EP1	5.64211032387395	2.81225767736934e-23	4.41829398950557e-22	1.1547
TMEM54	4.93568672763602	2.9213955326594e-23	4.58187258111942e-22	1.2706
SKIL	5.92242980535153	3.26810299382545e-23	5.11685147986941e-22	1.1118
LRRN2	1.52725921347732	3.34701548688177e-23	5.23143105552342e-22	5.0488
THBS3	3.61309192079315	3.3504131023363e-23	5.23226189873837e-22	2.0412
RAB17	4.13573262502511	3.64686350461529e-23	5.68549446116624e-22	1.5521
RFK	6.05606884263433	3.83969835113952e-23	5.97591927522619e-22	1.304
TOB1	4.28732760612178	3.95984831742427e-23	6.15242475599127e-22	1.8055
GYS2	1.39675506989008	4.6736326147803e-23	7.24909405398718e-22	4.9004
MICAL1	3.1994153005291	4.70184546207793e-23	7.28048267647961e-22	2.04
RNPEPL1	4.85176825455193	4.93056922384403e-23	7.62171649030454e-22	1.2851
COL28A1	2.75560501558242	5.64729840121592e-23	8.70752361592888e-22	2.291
MYRF	5.20251977173601	6.11890391859119e-23	9.41084329720309e-22	1.2208
TBC1D15	5.88080046185183	6.26185372697523e-23	9.6225927306111e-22	1.0676
GLRX	4.55745890458309	6.31781891801896e-23	9.7004291141593e-22	1.373
CASP1	1.73221198916913	6.93627442479449e-23	1.06321264398865e-21	4.0986
ODF3B	1.76417069391507	7.01583665783621e-23	1.07450599014646e-21	3.8379
SLC44A3	4.39009075932333	7.38238017722245e-23	1.12969599761419e-21	1.3574
CNKSR3	4.47470678667217	7.48887874391408e-23	1.14503325250331e-21	1.3893
RNF216	5.94456474178264	7.75643015348323e-23	1.18494886093715e-21	1.0556
PRRT2	2.33415722200115	8.06327347753763e-23	1.23079532279203e-21	3.3421
BCO1	3.22216712502887	8.29821440960921e-23	1.26559901638952e-21	1.9405
XRN1	6.28257352227429	1.10242856354039e-22	1.67716132133278e-21	1.0498
ARHGEF28	5.83924086056077	1.17626067999805e-22	1.7879945856823e-21	1.1117
SFRP4	1.02912587066067	1.45503617342747e-22	2.20624089552259e-21	8.6374
TK2	4.15355540534203	1.45742306374597e-22	2.20802617856817e-21	1.4626
BLNK	1.42780643103397	1.46794465382006e-22	2.22212252074121e-21	4.6239
LOC101927021	3.27133461982022	1.5846780667184e-22	2.39287698809025e-21	1.9155
GNAQ	7.06034620040887	1.62608595952479e-22	2.4533739898417e-21	1.039
CRYAB	1.27682783219711	2.15722306106221e-22	3.2493617329003e-21	5.169
SECISBP2L	6.06021616804482	2.19638203360232e-22	3.30017698810238e-21	1.0887
AZIN1-AS1	3.15207844226535	2.26516107039529e-22	3.40072208068555e-21	1.944
SLC17A1	0.974264480665172	2.42107619976652e-22	3.62288254942112e-21	8.5785
ARHGAP29	8.33822459270893	2.69474188074182e-22	4.02579441692493e-21	1.0579
SCRN2	4.34589661394204	2.78136825157834e-22	4.15181183980491e-21	1.4863
CYP27B1	1.83493227873541	3.21440053094439e-22	4.79428889648045e-21	3.3398
RNF103	4.44574328848685	3.32236133791276e-22	4.94319711368667e-21	1.3745
GNAI1	5.08699607477176	3.42940836596671e-22	5.09416429040587e-21	1.2062
DAGLB	5.54203076523411	3.46898691586231e-22	5.14876627121808e-21	1.1919
MAPRE3	3.45529956937992	3.74391261752941e-22	5.53880621925584e-21	1.9172
CSNK1A1P1	1.20764029156221	3.82404712018203e-22	5.64820422540802e-21	6.5002
GALNT9	1.91056957272629	3.884055737721e-22	5.73220061017256e-21	3.2424
B4GALT1	7.48975448017935	4.00782014927456e-22	5.91007791964106e-21	1.0217
IFT140	4.10463153259788	4.12699222863352e-22	6.08090154365888e-21	1.429
DNM2	7.31817461556447	4.75990339462849e-22	7.00215925643333e-21	1.0496
C12orf57	3.94261937989	4.95076290396977e-22	7.27120897625681e-21	1.5383
TMPRSS13	4.49187311483424	5.41924396087257e-22	7.95287120174354e-21	1.3761
HSPA12A	2.7174344478307	6.31390357342097e-22	9.24351432529055e-21	2.5617
SIAE	5.14872750529764	7.09546093553104e-22	1.03627787871244e-20	1.1904
MED12L	0.917297537337067	7.11245206795631e-22	1.03792905637578e-20	8.5174
SLC25A37	6.48583029648783	7.76360289029026e-22	1.13114392949034e-20	1.1604
UGDH	7.58928744384597	7.82407139088073e-22	1.13904503438532e-20	1.0632
JMY	4.74577937560189	8.99465871085796e-22	1.3073765081642e-20	1.3095
HSPB1	9.28734116899396	9.11453850418413e-22	1.32374713550028e-20	1.05
YPEL3	3.04981579031058	1.08239334032522e-21	1.56454258281688e-20	2.0804
CACNA1D	2.92485334886568	1.30775614230684e-21	1.88730404220978e-20	2.0766
UBE2H	7.80987800096503	1.47443689769928e-21	2.12617061646114e-20	0.9954
ZNF316	5.78865644900848	1.7905899298007e-21	2.5800323408399e-20	1.4333
DDIT3	4.16240854389632	1.81781911443241e-21	2.61720076917019e-20	1.4823
SRGAP1	5.87242486562637	1.83812999032038e-21	2.64435784895894e-20	1.042
GOLGA2P5	3.94072600654618	1.93728703065249e-21	2.78481197099149e-20	1.5335
RAVER2	4.79011687399298	2.00929555093071e-21	2.88605032083329e-20	1.3144
VAT1	6.90365228588593	2.13964204972209e-21	3.0708573317395e-20	1.076
CASC4	6.74044223662841	2.19064380946441e-21	3.14158628323505e-20	1.0877
FAM160B1	4.45198525809438	2.44703838105451e-21	3.49828760254746e-20	1.4241
LARGE	1.51757640002194	2.5048805773306e-21	3.57537918840871e-20	4.0354
PHYKPL	5.10877671445675	2.5787633986135e-21	3.6779612972725e-20	1.204
DLX4	1.55511379111592	2.63046901499506e-21	3.74585353648594e-20	3.9046
RIT1	5.45984592882755	2.85510762142216e-21	4.05625250869128e-20	1.0835
CFH	6.04676998144912	3.06972463954378e-21	4.34762552517542e-20	1.1485
VWA1	5.9005167808994	3.95531657541161e-21	5.56304001546336e-20	1.0402
CLIC3	1.3540234505342	4.57248515165889e-21	6.4162405018205e-20	4.2778
SHROOM3	7.04532387267316	4.69426255139205e-21	6.58206276023143e-20	1.0185
ABTB1	2.22439705234979	4.99009399215711e-21	6.99149316353187e-20	2.7339
FBLIM1	4.23617116223975	5.05212480719318e-21	7.07297473007045e-20	1.3441
UBXN6	5.31302512628471	5.26951131934625e-21	7.36601827304634e-20	1.1534
SIPA1	5.07345648618892	5.33074255351139e-21	7.44590941521835e-20	1.1374
CRABP2	7.67611439043173	5.70609450511675e-21	7.96410254475622e-20	1.1185
BMP4	2.14090863996543	6.06513455667159e-21	8.44585022628501e-20	3.1208
ZSCAN31	4.38222999293508	6.34740362747101e-21	8.83217992554198e-20	1.3016
PDPR	5.33009435710585	6.51294218632514e-21	9.05561862555611e-20	1.1051
HSD3B7	4.92963258892323	6.56050278053549e-21	9.11480508078051e-20	1.1754
DYSF	2.36586965239624	7.07995563431714e-21	9.78438077669143e-20	2.5633
RNF24	4.17724383186999	8.58032727170577e-21	1.17864901935486e-19	1.3763
RNF128	2.52219947069867	1.03621306492586e-20	1.41277861936419e-19	2.2866
NEK7	6.50410092174019	1.03705727488683e-20	1.41287444853239e-19	1.0727
ARMC9	4.24585225484541	1.05571751615083e-20	1.43722438291198e-19	1.3155
SMAD7	4.07061582204562	1.08010110245862e-20	1.46822976369952e-19	1.6001
GRN	6.41901676795414	1.30789831088755e-20	1.77392210724837e-19	0.9951
HIST1H2BK	5.9973334906906	1.39076026244587e-20	1.88211411054201e-19	1.0191
ANKRD44	3.50113322440193	1.42588644073421e-20	1.92679369815275e-19	1.6374
MEIS2	4.85415228053484	1.45158954867984e-20	1.95862666671835e-19	1.1899
ARHGEF16	4.85343818818412	1.52319384352916e-20	2.05372428415571e-19	1.1539
COX19	5.15010830835299	1.63469648983867e-20	2.20243683531327e-19	1.1258
EPN3	4.66993175742359	1.75540483172285e-20	2.36332379114546e-19	1.1853
CARD6	4.4206360454762	1.8086256064564e-20	2.43318121381489e-19	1.3127
BTN3A1	4.58845837109255	1.87631039292759e-20	2.52238015709028e-19	1.2426
ABHD17B	4.98518271760031	1.88088661243898e-20	2.52667152293495e-19	1.1653
MAGED2	4.78804789558274	2.02140389375372e-20	2.70945297242056e-19	1.1607
KCNC4	1.63670751233831	2.13360835079223e-20	2.85356439941853e-19	3.4364
ACBD5	6.2846206764126	2.57688387745405e-20	3.43987174977535e-19	1.0007
FAM13A-AS1	1.78069567538602	2.5776427222243e-20	3.43987174977535e-19	3.2764
CDR2L	5.33352495880159	2.57954678693233e-20	3.43989818423934e-19	1.1531
CCDC74B	1.4280135037143	2.6155677926598e-20	3.48538727173702e-19	3.9347
ADCK3	4.62449666370428	2.7838192434701e-20	3.70376378125829e-19	1.2026
SEZ6L2	4.40674308859372	2.78553224784599e-20	3.70376378125829e-19	1.2995
ATP6V0A1	5.20471934245894	3.14662331614303e-20	4.17476419037116e-19	1.2138
OLR1	0.888262304406382	4.14612716540114e-20	5.47696798347057e-19	8.4872
SCTR	0.779608204909411	4.20258831667826e-20	5.54753812793047e-19	8.3672
FAM65A	5.10236978490112	4.32487814602401e-20	5.69660717415687e-19	1.1103
TSPAN31	6.81149833084698	4.75036704199979e-20	6.24803319299339e-19	1.0045
TSC22D4	4.6138681654783	4.94250479794256e-20	6.48672664207328e-19	1.1766
PPFIBP1	6.44806823761694	4.99970229620274e-20	6.55708082754865e-19	0.9735
SLC18A2	3.96463843960484	5.05204759299106e-20	6.62097493594004e-19	1.4722
ARHGEF40	3.05831857148813	5.41349461873631e-20	7.08958090097921e-19	2.3246
ADAM10	7.94240186724963	5.52853097726796e-20	7.2350438366311e-19	1.0135
IGSF3	5.82724544254678	6.76933750943658e-20	8.81462379260158e-19	1.1264
RNR1	11.4902228389346	7.53414183531053e-20	9.76176673849745e-19	1.0954
PAN2	4.84982053578977	7.6364680289856e-20	9.88733052036604e-19	1.1211
INSR	3.45821648520979	8.03148044399157e-20	1.0384044404073e-18	1.6341
ELFN1	1.29952803546612	8.58038662020433e-20	1.10545898474559e-18	4.2163
NOTCH1	5.01347072986722	8.96235274778813e-20	1.15304236619887e-18	1.2131
FAM63B	5.30509216283389	9.72964395784254e-20	1.24736221976386e-18	1.0684
TMEM132A	4.66355070281508	9.74251800096055e-20	1.24813620088095e-18	1.3354
PDZD3	1.15832614990741	9.88170242824078e-20	1.26507966009792e-18	4.6408
ERP27	5.88826448155047	9.92262156444704e-20	1.26942802579219e-18	1.0855
MAP3K1	6.11412717686369	1.03938706960801e-19	1.32820963585827e-18	1.016
TCEA2	3.46438592318285	1.1191173775198e-19	1.42871376531479e-18	1.7354
IFT80	6.302809641544	1.12749756114988e-19	1.43840639247745e-18	0.9649
ADGRG1	5.92349472115071	1.19260303858616e-19	1.51828180421401e-18	1.0308
NUDT1	5.88702761953871	1.30397188397508e-19	1.65890666995464e-18	1.0074
TBC1D32	3.51587087269503	1.30738584919077e-19	1.66209164782915e-18	1.6032
RSPH3	3.60316296159915	1.31305430009573e-19	1.66813634673262e-18	1.5377
SMARCD3	2.02433511345951	1.56440406832142e-19	1.97645402569382e-18	3.3731
ADD3	6.61048141138561	1.58240249116402e-19	1.99642984648862e-18	0.956
ALDH3B2	1.66307836504608	1.5842336117742e-19	1.99735972489985e-18	3.2426
ZNF320	5.03624847342946	1.58603039136844e-19	1.99824505347289e-18	1.1469
LOC441204	0.989160909317239	1.71766505072029e-19	2.16110910861128e-18	8.5978
SLC35E2	4.2548543262313	1.87398002080679e-19	2.35453401650714e-18	1.355
SEMA4D	4.59814289703362	1.90045455791165e-19	2.38615532388137e-18	1.3455
LOC101927630	3.69316481212731	2.30150183588019e-19	2.87388628699239e-18	1.4883
UBE2L6	6.37313180574766	2.34908186321511e-19	2.93129449725598e-18	0.9555
TMEM86A	1.49760850581888	2.46495680366505e-19	3.07168951588458e-18	3.5337
ABI3BP	1.53601647343575	2.52815779790295e-19	3.14829800535581e-18	3.4431
C19orf66	4.69975896590087	2.65441078703045e-19	3.29652539646448e-18	1.1401
ADAMTSL4	2.42310012564673	2.85807257850215e-19	3.54463131746843e-18	2.4265
H6PD	4.82518485758079	3.1742286382313e-19	3.92340677180437e-18	1.2337
PCGF5	5.11612480800184	3.18556924511898e-19	3.93475995527011e-18	1.043
TCTN1	4.29721086783207	3.25186058139269e-19	4.01392608342833e-18	1.3661
DNAH7	1.75554173385957	3.34280651238203e-19	4.11783236774942e-18	3.0621
PRSS8	5.08042465803121	3.43290320282552e-19	4.22311865706082e-18	1.3466
IGF2BP3	7.91800217657327	3.75382956611111e-19	4.60860205507226e-18	0.9547
WWC2	6.4747982063881	3.85605947948072e-19	4.73092888826613e-18	0.9575
PAPPA2	0.960290187234799	3.96476330722814e-19	4.86102880703539e-18	5.3697
CCDC30	1.87257462228709	4.070461736197e-19	4.9839268582168e-18	3.1111
SHH	1.1713341111447	4.88476411253018e-19	5.95699757103213e-18	5.0565
PCDH9	1.41700452905071	5.0122593466071e-19	6.10839830651931e-18	3.7464
SNX13	6.39751323472723	5.31451631109987e-19	6.46812065169595e-18	0.981
PSMB10	5.78645918436027	5.49391731996816e-19	6.67311740474642e-18	1.0342
EVC	4.59112896527389	5.5301142903043e-19	6.71261745238001e-18	1.6115
CCDC64	2.73227776175989	5.60709654048492e-19	6.80153850120217e-18	2.06
RNF125	2.44886281088792	5.69876818184969e-19	6.90814820238034e-18	2.2654
ZSWIM4	3.9688960534668	5.72825531664959e-19	6.93928527277737e-18	1.3743
MBTD1	5.56389347985694	5.84840486350177e-19	7.07544593691771e-18	0.9886
MDGA1	0.763946065846833	5.92776533003395e-19	7.16196451787556e-18	8.3514
ALDOB	0.763946065846833	5.92776533003395e-19	7.16196451787556e-18	8.3514
GPR108	4.91810400242827	6.09765026035415e-19	7.36234809213131e-18	1.1117
ITM2C	5.88223162211093	7.1116792352284e-19	8.56403800252835e-18	1.1147
ZER1	5.28783330809942	7.49233929025155e-19	9.01648952424735e-18	1.12
HOXB6	4.68903523758824	7.58214941415798e-19	9.11855861033387e-18	1.1914
C15orf52	3.23303387711053	8.33452638419631e-19	1.00102048467032e-17	1.7646
LOC100130872	0.917195664205457	8.55459745462607e-19	1.02542830683949e-17	5.3201
CDC42BPA	5.66518006973603	9.23161803015357e-19	1.10368316148319e-17	1.0625
PITPNM1	5.26799938787101	9.32395426403997e-19	1.11399286023765e-17	1.0464
CCDC64B	3.68230935611581	9.89824458765375e-19	1.18183357221849e-17	1.4737
FAM110C	2.57943423046865	1.00154256914335e-18	1.1950432119138e-17	2.1881
PPP1R26	5.49243396060596	1.03025900064317e-18	1.22770289267244e-17	0.9979
CFAP69	3.00468691488376	1.14481687582227e-18	1.36154898273689e-17	2.0001
DNPH1	4.00245280863582	1.20009489963325e-18	1.42358235787555e-17	1.3215
TTYH3	6.20669540774022	1.22930431276418e-18	1.45728438531317e-17	1.151
ADAP1	6.03123402916592	1.29496896355938e-18	1.53313575867315e-17	0.9794
RAPGEF5	5.02579050518801	1.37735759521993e-18	1.62751069633237e-17	1.2212
CCNG2	5.70481702432364	1.68189489724603e-18	1.98222551608286e-17	0.9895
EIF2AK1	8.36379327142936	1.83237819731818e-18	2.15818686259617e-17	1.0983
LYRM5	4.74967835183507	1.91033371811571e-18	2.24565694513331e-17	1.1437
HECA	3.87670152082487	2.00375561252777e-18	2.353961548411e-17	1.4394
IFT81	5.25222079198453	2.13668610932105e-18	2.50689856116742e-17	1.0765
DRC7	0.663056688224038	2.15016882652122e-18	2.52109711605469e-17	8.2401
ICA1	5.51741539863674	2.26994642638112e-18	2.65471761435066e-17	1.0515
RHOB	5.36278976425292	2.33097352812607e-18	2.72260094238449e-17	1.0164
DNAAF5	6.58875829069397	2.38336546439238e-18	2.7820153400222e-17	0.9496
PHC1	3.68098277207907	2.54348443290414e-18	2.96323240632406e-17	1.426
TMC1	2.0373231243215	2.67183359097882e-18	3.10286221608838e-17	3.0012
RALGPS1	3.89753299575899	2.91138989246561e-18	3.37412559797942e-17	1.3665
TDRD7	4.90520338618392	2.91280781245375e-18	3.37412559797942e-17	1.0745
EMX1	0.795489423243879	2.91760246177792e-18	3.37753649601887e-17	6.0485
ZFPM2-AS1	3.17658783452837	2.97024839975944e-18	3.43412633223612e-17	1.7586
CCZ1	6.30949182973669	2.98458118821576e-18	3.44851355519411e-17	1.2598
CTSD	7.35401977006355	3.00684309311767e-18	3.47203842555067e-17	1.0419
LINC00094	4.45057711594781	3.07166200166566e-18	3.54240439055011e-17	1.1911
DUSP16	5.59478856507596	3.19629506571079e-18	3.68381077775354e-17	0.968
GABRP	0.609737255368425	3.52188011153163e-18	4.04826861915613e-17	8.1807
FBXO41	4.04752888527078	3.54021344869624e-18	4.06478847291815e-17	1.5888
CRYL1	3.28461767313151	3.68512583401937e-18	4.22851396768432e-17	1.6688
MGAT3	0.747743727988166	3.73769832842636e-18	4.28614451531104e-17	8.3342
SAMD12	4.90339711445395	3.93099004416125e-18	4.50146980776502e-17	1.0916
GPR107	7.35852363566313	3.95802751196418e-18	4.52742796105377e-17	0.9091
ARFGAP3	5.43163390223368	4.24064868366807e-18	4.84463594299401e-17	1.0131
MAML1	6.21834894209811	4.25303338873697e-18	4.85574593775998e-17	0.927
TFAP2C	4.38913577282995	4.78539986299353e-18	5.45673078693379e-17	1.1905
ESPN	1.55545071486106	5.08426714890704e-18	5.79390643386061e-17	3.3417
RBPMS-AS1	2.12007637671952	5.26335634489313e-18	5.98678089921302e-17	2.6674
SPATA13	5.71792492614256	5.27743901824102e-18	5.99906143941519e-17	0.9437
OSGIN2	5.51966235776171	5.97242940842497e-18	6.77221560746623e-17	0.9998
KCNK5	4.77770332557177	6.00643072055905e-18	6.80505563942577e-17	1.0816
RASSF6	5.01103626332618	6.00884623726684e-18	6.80505563942577e-17	1.0259
ATP11A	7.68431868843434	6.29869940546275e-18	7.12434781958377e-17	0.9395
GFPT1	7.84930425345351	6.33565702748711e-18	7.15741056273543e-17	0.9003
CCND3	4.73892447785543	6.55554872466732e-18	7.38297948905161e-17	1.3437
AKT3	1.84552678228338	6.76033634492604e-18	7.60892110437545e-17	5.7912
CTAGE5	5.74879515528296	7.00320556807711e-18	7.87741964576806e-17	1.0641
TUBA1A	3.55694986004179	7.19503325693976e-18	8.08820979918055e-17	1.6535
EBF4	0.795882729141887	7.24662527484196e-18	8.14119329338553e-17	6.0521
OVOL1	3.40474037300213	8.63006553471083e-18	9.6716069000418e-17	1.5223
TMEM219	3.99834774578714	9.83342413926365e-18	1.09932021485852e-16	1.3052
PNPLA7	1.17099369027201	9.84951602205739e-18	1.1004453151694e-16	4.3384
CA5B	2.97883052401542	1.04048086058855e-17	1.16106470604552e-16	1.7756
BRE	5.83103228725272	1.06797947507692e-17	1.19029507307719e-16	0.9291
TJP2	8.60083462059016	1.07214138865475e-17	1.1934764141025e-16	1.0463
TAPBPL	4.35010422108269	1.17538465653426e-17	1.30522033392271e-16	1.218
PTGES	4.88400619251305	1.20937812484008e-17	1.34215240407785e-16	1.2852
KDM5B	6.2205097240976	1.28291795359792e-17	1.42203704680532e-16	0.9448
GEMIN8	3.84884059662699	1.29785606425096e-17	1.43772210612654e-16	1.3268
PADI3	1.45854831998098	1.37757674943977e-17	1.52418431138015e-16	3.4885
PANX2	2.9274032480702	1.47515049648746e-17	1.63016631137259e-16	2.2644
NOXA1	2.4393913710771	1.51559515660319e-17	1.67384786321524e-16	2.404
ATG2A	4.44758033260667	1.55289027649744e-17	1.71400029551011e-16	1.1398
ACAA2	5.00231115804531	1.57525434188029e-17	1.73763403416112e-16	1.1592
LIMCH1	6.22591605204744	1.67676328311832e-17	1.8473742001574e-16	0.9722
SLC26A11	3.50646632475152	1.71939770881342e-17	1.8897847424502e-16	1.5518
MVB12B	2.10206137999837	1.79752604284205e-17	1.97446663285947e-16	2.4302
FBXO9	5.48608827735015	1.83794554252329e-17	2.01765086135329e-16	0.9519
HOXA3	5.32975011232016	1.90582162938018e-17	2.08965043038826e-16	1.0803
NFATC4	3.76669634859367	2.01974244954132e-17	2.20792923106744e-16	1.3878
MIR4458HG	4.25815726563765	2.09146409079852e-17	2.28087027727704e-16	1.2015
SYK	5.18422358773776	2.22009151361683e-17	2.41681518620089e-16	0.9927
XK	0.535626976345264	2.25396461260401e-17	2.45222753085214e-16	8.0982
CEACAM7	0.663273909948198	2.30911660178736e-17	2.50924004060893e-16	8.2413
FXYD6	1.05704887622281	2.31106048272721e-17	2.5098584278803e-16	6.3415
MBD5	4.2935512138446	2.36228388506998e-17	2.5609177319381e-16	1.3618
RDH12	1.06929934872653	2.4890110641102e-17	2.69350242954332e-16	4.2229
PTH1R	0.680020022326368	2.51169441195605e-17	2.71643916970792e-16	5.9223
LEPR	3.73267753737994	2.57633619775797e-17	2.78470062914562e-16	1.4397
LMO4	6.3074632945087	2.64761130739731e-17	2.86004686555298e-16	0.9691
WDR72	3.29281522696071	2.73010630358938e-17	2.94393506664664e-16	1.8217
EGOT	0.811015711943863	2.83804678226976e-17	3.05491639487716e-16	6.0644
SLC16A5	3.82349870360476	2.85172780446323e-17	3.06783398929174e-16	1.6176
ALPK1	4.93381699482237	2.89064305814616e-17	3.10786688277481e-16	1.0215
DOCK4	2.56888206293034	3.00600166071143e-17	3.22999213172147e-16	2.0528
ZBED6CL	3.52526780581336	3.04821621827305e-17	3.27150119228647e-16	1.5491
CA12	1.33170795623261	3.27142907562049e-17	3.50694123338389e-16	3.8322
GUSBP11	3.38658408294982	3.37101460312975e-17	3.60975154856756e-16	1.554
VPS13C	6.81587274918301	3.44753836376949e-17	3.68706856291598e-16	0.8915
SH3BP2	5.09369594232345	3.70038314105019e-17	3.9528493050329e-16	0.9882
MIOS	5.86092308151737	3.72860274941137e-17	3.98066501714936e-16	0.9891
BBS1	4.36552166002037	3.77424213546787e-17	4.02703474138524e-16	1.196
VPS37D	1.49688323417112	3.8011103277335e-17	4.05321246800577e-16	3.3982
MOB3B	4.54942467403222	4.23591201818255e-17	4.49859277509834e-16	1.0977
PDGFD	2.99003995978766	4.26128165963673e-17	4.52290453362373e-16	1.7871
CDH6	1.13360962357715	4.39538594906054e-17	4.65982380290645e-16	4.298
TANK	6.11485264850251	4.62352394444419e-17	4.89600076158777e-16	0.9459
FNBP1L	7.62153803279771	4.74566152509298e-17	5.0195131403301e-16	0.9133
LACTB2	5.96973721052404	4.76550860138886e-17	5.03467158720804e-16	0.8958
TRPS1	4.70099208950851	4.85081387575035e-17	5.11887041131204e-16	1.0839
RIPK2	6.25748484064448	4.85490687092075e-17	5.12022991539741e-16	0.9011
STYK1	3.52566042538097	5.32581397942826e-17	5.6039227670572e-16	1.6635
RXRA	6.3015238723067	5.92584483288968e-17	6.22452377843694e-16	1.0239
KIAA1522	7.2440244012332	6.46196679065505e-17	6.77597161000567e-16	0.9767
RAB36	1.97420215712365	6.90136356137131e-17	7.22841613174955e-16	2.7964
NDFIP2	5.97111861571841	6.98550519681189e-17	7.31234993537832e-16	1.0042
ADPRHL1	2.44286226069374	7.07783396096595e-17	7.40475282472174e-16	2.1177
SCN3A	0.85759034970119	7.40333930106428e-17	7.7408569461758e-16	4.7073
DYNC2LI1	4.26707611071863	7.6782873994539e-17	8.01456916892112e-16	1.355
RFX5	5.87149798833548	7.76329371652398e-17	8.09404283774196e-16	0.953
ALOX15	0.973741241115097	7.86163520420089e-17	8.19189567853262e-16	5.3804
CARD11	6.52660510041415	7.8900738542964e-17	8.21683903502767e-16	1.0712
POMT1	4.8664687794444	8.22794443255987e-17	8.56381719274875e-16	1.0534
C1R	2.6274130044364	9.67075178170006e-17	1.00426191425891e-15	1.9302
PITX2	3.20125826596584	9.94092515833571e-17	1.03173126600669e-15	1.571
BACE2	3.38017083246638	1.00666518613602e-16	1.04418634307381e-15	1.6257
LCA5	3.17371505253967	1.01951186911325e-16	1.05691133915568e-15	1.5815
BRE-AS1	1.30955631383498	1.02953644028882e-16	1.06669791452399e-15	4.4866
BEND7	2.12679652329766	1.15280345838494e-16	1.19103451818198e-15	2.4129
SMARCA1	5.80560038809382	1.21740317356265e-16	1.25493576152229e-15	1.0492
AGBL5	5.16616171010656	1.26228178234423e-16	1.29899753204488e-15	0.9979
EPB41	5.53147646147791	1.28252205897641e-16	1.31908296950272e-15	0.9315
NDRG2	1.96764580244742	1.33093792897709e-16	1.36810826753411e-15	2.4785
DAB2IP	5.55687445013437	1.46463120818447e-16	1.5038418074587e-15	1.0016
HAVCR2	0.730675732112868	1.47854685363829e-16	1.5172766363137e-15	5.1118
MACC1	6.99676812773208	1.5883634883306e-16	1.62540156070422e-15	0.8867
DPP4	7.02829197311733	1.65415068492677e-16	1.69177450442706e-15	0.9575
SLC3A1	1.85708076366786	1.71061389132872e-16	1.74756391718507e-15	2.9334
DPM3	5.50659548003811	1.81335996166584e-16	1.84942455084757e-15	1.0096
SMAD9	1.497650315492	1.9246773992305e-16	1.95967153376196e-15	3.0484
NCS1	5.63193370509367	2.19662576594369e-16	2.23282850685234e-15	1.0603
TEF	3.70707600681774	2.36324911111327e-16	2.39952590503248e-15	1.3733
ZSWIM8	4.0910726610141	2.46725631571429e-16	2.50234618331556e-15	1.3041
PFKFB3	6.97348937877544	2.51991896806308e-16	2.5543387385319e-15	0.9304
RBM43	4.04401012227567	2.57907041549682e-16	2.6113981977432e-15	1.2979
OSBPL2	5.58619810801169	2.70677290654509e-16	2.73918216085849e-15	0.9245
C1RL-AS1	4.02207104715109	2.91481034545969e-16	2.94318460545974e-15	1.2236
CACFD1	3.39796947567511	3.04921345001588e-16	3.07549396372872e-15	1.5623
DNAJC4	3.9624617699042	3.21071524485911e-16	3.2365995312064e-15	1.2309
ABCD1	2.54058282499825	3.2282395169313e-16	3.25246912919966e-15	1.9296
WLS	5.93614573227838	3.25916047520414e-16	3.28181101132525e-15	0.9311
RALGAPA2	6.05334210304901	3.28787628931745e-16	3.3070782114479e-15	0.8792
KIRREL	7.46564982663274	3.58785621694023e-16	3.59889577453082e-15	0.9822
LINC00963	4.10779768029252	3.64851456141643e-16	3.6577310177495e-15	1.4146
Sep-06	3.68342298507319	3.72817297494931e-16	3.73553928818192e-15	1.5257
LOC401320	3.58501782122231	3.7698719175602e-16	3.77524858623033e-15	1.3723
GPR137B	2.68825385865515	3.78418260521961e-16	3.78542672004872e-15	1.8754
HGSNAT	3.96923054082899	4.00729121013073e-16	4.00202999628811e-15	1.2245
BRSK2	0.93216769890654	4.0848180797899e-16	4.07722465088269e-15	4.3865
PHF2	5.20281758185667	4.10155472798606e-16	4.091693066345e-15	0.9478
PRDX5	7.71147139040846	4.39400749246121e-16	4.38104865004761e-15	0.8667
LYRM9	1.63684823453159	4.41477847424975e-16	4.39935566735281e-15	2.9188
MAP9	4.69031920975198	4.86631442703463e-16	4.83348401414278e-15	1.0683
BAIAP2-AS1	4.31450756132543	4.89065075952267e-16	4.85501469634833e-15	1.3051
TMBIM1	6.23556603345583	5.21147927884964e-16	5.16507957191525e-15	0.9304
ECHDC2	5.83237609566769	5.74873558703759e-16	5.6852067647323e-15	0.8924
PRDM16	0.396194924587892	6.40312387681379e-16	6.32551025406454e-15	7.9422
PDK2	3.91351909151506	6.90347525001461e-16	6.80139472014391e-15	1.3622
CYP4F12	0.591182279237366	7.01009771117632e-16	6.90271541613997e-15	5.8221
SLC39A8	5.67470704118856	7.01460902028475e-16	6.90343408486892e-15	0.9788
TMEM123	8.73318244535433	7.13249255023356e-16	7.01566724122111e-15	0.8667
OSTF1	5.64505683166392	7.26642490006497e-16	7.14355697229866e-15	0.9187
CERKL	2.36982906295881	7.82087094979066e-16	7.68035610862712e-15	2.3161
Mar-09	4.32598175107335	8.04386334745099e-16	7.88238160338515e-15	1.1711
AES	6.35221428388942	8.31615585554231e-16	8.14483590658693e-15	1.1788
AK8	1.7881375159138	8.37636941245171e-16	8.19941018733075e-15	2.7801
VPS41	6.86476740134709	8.81250366794053e-16	8.61247681809006e-15	0.8521
LMBRD1	4.27455664854574	8.99206916194159e-16	8.78326455967927e-15	1.2065
SLC26A10	0.697212915088148	9.81859678555848e-16	9.58034756371757e-15	5.0764
EEF1D	4.60618525974624	1.01847798673432e-15	9.93233660567399e-15	2.7865
TBL1X	5.41855299514638	1.07720974735693e-15	1.04882886121323e-14	0.931
CARD14	2.56572658171536	1.1059356519734e-15	1.07507780950087e-14	2.0153
SNX30	5.82009864224915	1.26303949004766e-15	1.22518857228002e-14	0.9028
F12	2.82980285811907	1.33207829032791e-15	1.29078669151945e-14	2.0728
APOE	2.57431658297454	1.37331100320892e-15	1.32862563193334e-14	1.9112
C11orf54	4.78210311240661	1.37549343040666e-15	1.33003220685932e-14	1.1225
FAM107B	5.67270378664486	1.39791785565783e-15	1.35099991386391e-14	0.8719
SLC35E2B	4.44135675614977	1.54338534311292e-15	1.48922002240325e-14	1.2123
SPSB3	3.65700338243315	1.60840887942761e-15	1.5503227298221e-14	1.3398
BSDC1	5.31441169911588	1.63155353345274e-15	1.57097264275914e-14	0.9656
DMXL2	5.54675841765309	1.66850122691766e-15	1.60570154974216e-14	0.8807
FAM63A	3.12490963759962	1.70559403468812e-15	1.64053344031962e-14	1.6175
GLI2	1.08264687909591	1.82116334475355e-15	1.7489299327628e-14	3.74
MAF	0.960714902665536	1.87630087145978e-15	1.80093316032438e-14	4.8279
ASAH1	5.98195455653444	1.8983554970691e-15	1.82018791777802e-14	0.9164
RASSF9	1.79682336443067	2.09757315774264e-15	2.00069464826278e-14	2.7087
LINC00847	4.01126453440778	2.10371272685809e-15	2.00550284812122e-14	1.2192
PITPNM2	4.35507107040026	2.24776569455053e-15	2.13836427929726e-14	1.0874
LMTK3	3.15534263949758	2.31280346443043e-15	2.19794586395845e-14	1.5087
ZNF354C	3.92717348143282	2.34699076937734e-15	2.22927489520045e-14	1.2042
APOL6	6.89860546537793	2.36194601104108e-15	2.24114794062193e-14	0.9006
LAMB1	8.68415577827516	2.38459724429932e-15	2.26146531386641e-14	0.9172
RGL3	4.92158393013319	2.48582169634375e-15	2.35379465189064e-14	1.168
STAU1	7.56382491497319	2.52913691529708e-15	2.3919371801139e-14	0.8785
BMPR1B	3.57528217574341	2.86284188697615e-15	2.70098405626029e-14	1.6434
MNX1	3.21279232151756	2.96623155277597e-15	2.79394264684045e-14	1.5901
CXorf38	4.53990137950303	2.97388257200919e-15	2.7985154760103e-14	1.0245
ANKRD42	4.50829668895176	2.9797932307407e-15	2.80263293252973e-14	1.2211
SLC18B1	4.31711274712386	3.14721779589356e-15	2.95705651476236e-14	1.1598
LRCH4	5.024692727548	3.28653101635081e-15	3.08636369519035e-14	1.0352
LOC105375304	0.332147351263864	3.5669938335159e-15	3.34458343218625e-14	7.8702
PDGFC	5.17991196839392	3.84420551582191e-15	3.5952774537318e-14	0.9064
CLCN3	7.14946441744557	3.87186986581966e-15	3.61929627600634e-14	0.8303
PHLPP2	5.22016075819011	4.1001463646214e-15	3.82876071777638e-14	1.0153
RAB3IP	5.14119262304083	4.10587280762649e-15	3.83214795378472e-14	0.9467
PHYH	2.90524637346051	4.42806413166547e-15	4.12022114106446e-14	1.7665
HIST2H2BE	3.31433471261924	4.43622418369202e-15	4.12571109003981e-14	1.5108
LYPD1	3.30439979202875	4.66297544148961e-15	4.32712216458944e-14	1.4828
KIAA1107	3.81323164869234	4.75497591818387e-15	4.40867650392914e-14	1.314
PECR	4.47111229684474	4.89991989267431e-15	4.53845446781645e-14	1.0786
GOLGA8B	4.49405265079269	5.30694662997744e-15	4.90798468474509e-14	1.2227
GAL3ST1	0.33185044143868	5.49920841872782e-15	5.08064518685703e-14	7.869
SCP2	7.27339469721795	5.76225473717498e-15	5.31828728421973e-14	0.8404
PDK4	3.11014573204333	5.78690052692773e-15	5.33833532185915e-14	1.7581
LIPH	4.71255545934901	5.9466731686246e-15	5.48295279628337e-14	0.9949
PTGFRN	6.31709401831734	6.36026079939137e-15	5.85541710306045e-14	0.8375
FCGRT	3.11598679817692	6.43835397303383e-15	5.92432409938033e-14	1.7665
AAK1	6.54364223342901	7.96916582207115e-15	7.30346843613107e-14	0.8226
NINL	3.98022032683145	8.00500204522858e-15	7.33263007213713e-14	1.3754
PLXNB2	7.77264834823365	8.13428885012121e-15	7.44358783197056e-14	0.8493
WDR78	3.54882068262617	8.95673091876356e-15	8.17979387958717e-14	1.5997
FMNL1	2.40289563094764	9.02431962564807e-15	8.23739895429156e-14	1.9988
RNF182	0.353444185939209	9.06099022175366e-15	8.26673850516416e-14	7.8929
SPATA6	3.56862319943631	9.24182288876365e-15	8.42330098139137e-14	1.3137
SGSH	4.3610542002669	9.7640912735509e-15	8.89487276895934e-14	1.2234
ZNF629	3.71857069602719	9.79589071207607e-15	8.91939056556912e-14	1.2813
FAM160B2	4.73554367481023	9.93719475218758e-15	9.04354074755416e-14	0.9681
DNAJB13	0.714098591114282	1.11471248516355e-14	1.01043650095064e-13	4.541
PCAT1	1.4368584323104	1.15921730366871e-14	1.04869529711477e-13	3.3281
OFD1	5.44161190380823	1.18261472025334e-14	1.0693320620577e-13	0.9318
C9orf85	4.37677917755806	1.20803694344382e-14	1.09123812169769e-13	1.0642
EMB	5.24170190316675	1.23464782113737e-14	1.11472456096359e-13	0.8868
MXI1	4.22100695381261	1.27656923468139e-14	1.1508665653503e-13	1.0842
LRRC16A	5.92369702075169	1.29321901590361e-14	1.16415218709745e-13	0.8568
DNAJC27-AS1	1.76391707301552	1.34498228006335e-14	1.20955647807076e-13	2.4701
CANX	10.2041994137123	1.40651913079061e-14	1.26240969772435e-13	0.8712
APPL2	5.37917191163574	1.41699161292091e-14	1.27118422041691e-13	0.9371
C11orf71	3.910863713312	1.56217110913492e-14	1.39730503519682e-13	1.1788
DCLK1	1.55523401180727	1.68056923044615e-14	1.5010015592478e-13	2.7359
SPAG16	5.43282077881838	1.7094151116271e-14	1.5252728386053e-13	0.8714
TRIM66	4.72943276542919	1.83567956840593e-14	1.63553763791209e-13	0.9799
HS3ST1	3.94218434453649	1.94902055681438e-14	1.73398242130621e-13	1.1871
CFTR	0.609194251900123	2.21201644993283e-14	1.95746836209277e-13	5.8387
TCIRG1	5.34216652501843	2.32462072153412e-14	2.05412758433334e-13	0.9057
TMEM229B	0.696746033507342	2.36009218163264e-14	2.08345468413373e-13	4.5238
THRB	4.62904860794498	2.4329689161079e-14	2.14371430019613e-13	0.9785
STK3	5.19169303180728	2.43304997261524e-14	2.14371430019613e-13	0.8899
KIAA1804	5.86089383657418	2.47744265148681e-14	2.18177486953899e-13	0.8448
ATP13A4	0.679297301616435	2.6951178592361e-14	2.36776090655506e-13	5.919
MALSU1	5.7170803906806	2.86494495057206e-14	2.51454014507902e-13	0.9262
RNASEL	3.34268533701699	2.86632377645316e-14	2.51454141580629e-13	1.3977
CITED2	5.01321233175038	2.95883662034841e-14	2.59320793764189e-13	1.1379
Aug-04	3.30569366916818	2.97092789331999e-14	2.60130741584891e-13	1.3958
HOXB-AS3	2.39070867997078	3.26541032652649e-14	2.85231248426161e-13	1.953
KREMEN1	2.92534647147664	3.27767298166294e-14	2.86165461278042e-13	1.6052
PIWIL4	1.04295645302454	3.31112488917839e-14	2.88947877518359e-13	3.4946
ZNF626	5.11895642758553	3.32824528079852e-14	2.90303133522493e-13	0.8966
CIB4	0.218330922836525	3.4053643620934e-14	2.9688792642969e-13	7.7403
WARS2	4.88324784961711	3.57203385972893e-14	3.10676751516014e-13	0.9639
PARP8	4.76643435093422	3.72759456636537e-14	3.23897983834204e-13	0.9475
LINC01474	0.218405710503699	3.78470877574991e-14	3.28704297859611e-13	7.7406
ZBED3	2.26492397396795	3.78822424508701e-14	3.2885317079557e-13	2.0011
SLCO4C1	0.746745369291085	4.23622037503868e-14	3.66299532031635e-13	4.178
PVRL2	4.42111098773563	4.23764576934056e-14	3.66299532031635e-13	1.0219
CYB5D2	3.69036843531918	4.25395527127103e-14	3.67361435346849e-13	1.3056
RSRP1	4.21030170545443	4.54349215424704e-14	3.91624139603088e-13	1.135
LINC00886	0.714172626627374	4.77401330109524e-14	4.10524667097478e-13	4.1363
BCL7A	4.49704707966825	4.81723408681866e-14	4.14046259364225e-13	1.0009
THBS2	2.13999276220999	4.85045597755081e-14	4.16705526240789e-13	2.2015
ICAM5	3.08929561974419	5.21166692666628e-14	4.46686344663003e-13	1.4665
TSC1	5.6759706005138	5.22283080382523e-14	4.47223260575203e-13	0.8636
RBP5	2.92430647568574	5.60942124381743e-14	4.79876261607924e-13	1.607
SLC25A27	1.77279857883787	5.64983100057671e-14	4.82696427095648e-13	2.5451
HMGN3	6.83806692026342	5.67461801027566e-14	4.84545492963482e-13	0.8867
DIP2C	2.02937150641898	5.9740750748306e-14	5.08450883758076e-13	2.2967
ARHGEF11	4.85562777380311	6.61863435874684e-14	5.62260534449894e-13	1.0064
CUL7	3.86944563895151	6.65764254652423e-14	5.65311266648122e-13	1.1471
SEMA3E	5.24824119741461	7.14850634740503e-14	6.06427192742687e-13	0.9371
LINC01179	0.194586771503291	7.22393932655731e-14	6.1254173871635e-13	7.7134
ALDH3B1	5.78096439989565	7.28007811963339e-14	6.17015348895205e-13	0.8212
C1orf21	0.69703667541218	7.45324952051434e-14	6.3139917979819e-13	4.1194
HRK	0.242061000827651	7.84586988404722e-14	6.63735869338119e-13	7.7684
ACACA	3.91543048912115	1.00734304337776e-13	8.49032991685336e-13	2.1496
NIPA1	4.83627596400674	1.00805622154676e-13	8.49242011100951e-13	0.9048
SAT1	7.2518634533521	1.03089425369683e-13	8.68081434293784e-13	0.8492
WDR19	4.63940461265422	1.04224832009331e-13	8.77237682416941e-13	0.9899
TTLL7	2.33819470485607	1.09390521623679e-13	9.20291872240495e-13	1.9144
HEIH	3.45095766978908	1.16474840927562e-13	9.77189658076091e-13	1.3716
ADARB1	3.70512148330067	1.19698419136455e-13	1.00331236903357e-12	1.2432
SLC8B1	3.66965684546655	1.20347068824002e-13	1.00828641048691e-12	1.2313
NDUFA4	8.52538862575892	1.22602629677935e-13	1.02624191077505e-12	1.0517
REPS2	3.40775913682454	1.23352893115774e-13	1.03204877026653e-12	1.3001
NR2F2-AS1	2.0095677749041	1.24687388715145e-13	1.04273612843962e-12	2.1214
FAM214A	4.35232304843789	1.25253133970363e-13	1.04698773523945e-12	1.0201
KIAA0195	4.79715049734714	1.28397387926965e-13	1.07277927413944e-12	0.9847
LEPROT	7.24896568079203	1.31183184728457e-13	1.09505268422621e-12	0.7946
KCTD18	4.29227186867613	1.47411011659225e-13	1.22658861843701e-12	1.0148
RPRD2	6.70497001288577	1.50680433880169e-13	1.25265118438814e-12	0.808
PIK3C2B	4.38641080670063	1.52011608943118e-13	1.26314243644314e-12	1.098
PPAPDC1B	4.60228410750208	1.63571266052048e-13	1.35488068650009e-12	1.0217
MIR137HG	0.353221880527484	1.64185447150001e-13	1.35935125767366e-12	7.8912
LEMD1	1.4968320686053	1.65499417483343e-13	1.36960895991655e-12	2.6672
HEBP2	4.7718559848304	1.66590535711044e-13	1.37801396463109e-12	0.9533
MSC-AS1	0.26452015668099	1.8147250430595e-13	1.49772244060101e-12	7.7914
C11orf85	3.14366509095587	1.82702691973426e-13	1.50719401024259e-12	1.4097
MAPK11	1.87250697528371	1.89978315729076e-13	1.56509211730596e-12	2.3096
DDIT4	7.50655231491483	1.94040312538618e-13	1.597834887553e-12	0.8093
LNX1	2.70681815586249	1.97953331524164e-13	1.62785406320051e-12	1.6949
LOC100129550	2.94728243771642	1.98549971749888e-13	1.63202534185770e-12	1.9091
GNAS	8.49993824789992	2.0313212357593e-13	1.66893791539252e-12	0.8943
HPN	1.27634079535739	2.03846205072509e-13	1.67405142591261e-12	2.8961
RALGDS	4.94598342759705	2.22927513173982e-13	1.82337127262734e-12	0.8891
IQCK	3.5193855202104	2.54522189373777e-13	2.07435584339628e-12	1.2421
ZNF514	4.26105905759762	2.67506427901022e-13	2.17920452822894e-12	1.2451
HR	0.45759078534953	2.68399021833877e-13	2.18550068804605e-12	4.8026
HNF4G	6.32067777210343	2.76406904827828e-13	2.24870073731588e-12	0.7998
PNMAL1	3.25189645071515	2.80636824724685e-13	2.28108008556271e-12	1.3796
TRIB3	5.77325591478345	2.98215205471033e-13	2.42288241703568e-12	0.9684
ALAD	5.51760956362069	2.98642838537885e-13	2.42527742898026e-12	0.9175
ADM2	1.91695472342203	3.0152149454273e-13	2.44756620914721e-12	2.2044
ZNF558	4.51962354961404	3.07005416753401e-13	2.48986712050204e-12	0.9913
TMEM44	2.88420836397173	3.08745361276069e-13	2.50286648110831e-12	1.508
FBXO44	2.2721524634866	3.10252516889643e-13	2.51396801967924e-12	2.0056
FAR2	3.01478340577822	3.36868648087239e-13	2.72842681432149e-12	1.5419
CYP3A5	1.36440742025077	3.45248776359111e-13	2.79506060364166e-12	2.8884
SRRM3	1.30001854321323	3.54617910858611e-13	2.86709680276121e-12	3.0395
GULP1	5.71369277941815	3.63498506791675e-13	2.93629590264992e-12	0.8639
OSBPL7	3.67177101270503	3.67372177498454e-13	2.96627442388845e-12	1.1806
KLHL36	6.02606584092034	3.68627042459858e-13	2.97509075470697e-12	0.8705
B4GALT4	4.40173555407832	4.15774458553188e-13	3.35116049242693e-12	1.0738
SLC22A3	4.36306784459742	4.33876982434158e-13	3.49398243992853e-12	1.1267
LRSAM1	4.39657507100532	4.38357808121567e-13	3.52540094496358e-12	1.0229
EMID1	0.902727751586528	4.59569553188408e-13	3.68139612242544e-12	3.534
LOC100506548	5.24816368790464	4.65261753440677e-13	3.72535902228640e-12	0.8204
HLX	0.945833783953595	4.68474017524657e-13	3.74943518804478e-12	3.3793
MAN1B1	5.47773783468974	4.70082471112975e-13	3.7606597689038e-12	0.8063
CDC42BPG	5.68162572767413	4.73063757540659e-13	3.78285236866503e-12	0.8926
ACSS1	1.25318184270836	5.03163750426359e-13	4.01650958801207e-12	2.9908
SLC2A13	3.74370192035944	5.0620048462871e-13	4.03898428644306e-12	1.2276
USP20	4.13193784393928	5.66101253984236e-13	4.50119533655758e-12	1.0995
HMGN3-AS1	3.46911059358402	5.71296696788501e-13	4.54052786093639e-12	1.4156
DTX4	4.15322504610972	5.71919068495977e-13	4.54349630742496e-12	1.0826
LOC100131257	0.194137409165663	5.77296687835207e-13	4.58422285042172e-12	7.711
DMXL1	5.91053699335135	5.79619711982297e-13	4.60066846171688e-12	0.7904
BCL3	4.98108637070768	5.82222335446764e-13	4.61931810339684e-12	0.9917
KIAA0513	4.32155597993246	5.88036967411183e-13	4.66342436014707e-12	1.0703
C7orf31	2.59505318587371	5.98662506895432e-13	4.74356889144228e-12	1.8101
MIPEP	4.75780674890835	6.24673732103928e-13	4.94537886092338e-12	0.9422
FLOT2	5.52755630266447	6.30852806356498e-13	4.99213213387266e-12	0.9532
STK36	4.47116036861363	6.44652759460706e-13	5.09471029295007e-12	1.034
WDR31	3.40686821145907	6.53763856138632e-13	5.16001424888321e-12	1.2639
KIAA1109	6.8517934087909	6.56956122943418e-13	5.17849351487696e-12	0.758
HS1BP3	4.22926900531596	6.58611071967345e-13	5.1892981138696e-12	1.0612
ANKRD29	3.31786991928722	6.59390517400549e-13	5.19319813876808e-12	1.3348
RIMS3	3.55333336436081	6.80428985791927e-13	5.3496604498783e-12	1.2104
CYP4F3	1.05692234318708	6.86310819536235e-13	5.39358171392747e-12	3.7137
MARVELD3	5.06554399034041	6.87843216084859e-13	5.40329851671479e-12	0.9535
ATF3	3.29913594229573	7.05610102124265e-13	5.53571896191688e-12	1.605
ALS2CL	4.53901384096928	7.0891442483991e-13	5.5548294939772e-12	1.0484
EPB41L5	5.3714309841031	7.55139973783999e-13	5.91412928417018e-12	0.865
PCSK6	4.24126303937105	8.19359727200822e-13	6.40335238860368e-12	0.9956
RAB3B	6.30824100644959	8.20036288224287e-13	6.40589750869602e-12	0.7909
PAQR7	3.28243276525452	8.39969015648763e-13	6.55599587417008e-12	1.5934
KANK1	4.43017845119673	8.65682771961087e-13	6.74803786717404e-12	1.112
ARSE	4.21536653764703	8.6739201188303e-13	6.75847570163747e-12	1.0401
EEF1A2	8.29227636112908	8.70284250758195e-13	6.77811829430103e-12	0.8022
YIPF1	4.50042253970456	9.2016405935252e-13	7.14830428405941e-12	0.9778
LINC01111	2.14000535290024	9.51102965257682e-13	7.37923320601115e-12	1.948
C1GALT1	6.45977867465714	9.97384497400624e-13	7.71863136267307e-12	0.7898
NISCH	5.43362132228036	1.03962935412243e-12	8.03193969058787e-12	0.8772
WIPI2	6.29576231179981	1.04491531318729e-12	8.06936292620437e-12	0.7577
SLC7A2	3.46584871038196	1.04605208139448e-12	8.0747259187897e-12	1.2344
CTBS	4.64762776122036	1.06497035070136e-12	8.21728601961288e-12	1.0272
SLC34A1	0.591152005277716	1.19955038031466e-12	9.22451210742392e-12	3.9953
RBAK	5.48831144047859	1.20811348129615e-12	9.28645040612315e-12	0.8546
MATN2	2.32275306052055	1.24581348080168e-12	9.56415933789548e-12	1.9286
STX7	5.64036786801172	1.24675555702667e-12	9.56736841070993e-12	0.797
PRKAB1	5.50065109787819	1.29120052577545e-12	9.89595163667366e-12	0.7884
ACVRL1	0.218183220409108	1.33931214782723e-12	1.02217736499723e-11	5.3958
MYLIP	3.79752162938388	1.35068387466257e-12	1.03042560868533e-11	1.1439
SYT13	3.16195670680899	1.35867055970396e-12	1.03608561979764e-11	1.3432
CEBPD	5.40508486587314	1.38129673361221e-12	1.05246048283909e-11	0.9874
STBD1	2.47888574650956	1.38202122821007e-12	1.0525731974219e-11	1.7289
INPP5E	3.53613274235334	1.40067228238244e-12	1.06588883648078e-11	1.3659
PAQR8	2.36989489131074	1.53883365912087e-12	1.16762041899046e-11	1.7362
MIB2	3.50172645682793	1.61803859999485e-12	1.22618981658389e-11	1.2446
SETDB1	5.17882537001227	1.73066431533218e-12	1.30936625531307e-11	0.8116
KRCC1	5.11690331018401	1.75316529589456e-12	1.32584033313385e-11	0.868
KLHDC7A	2.69265768061417	1.76294959855178e-12	1.33213608738251e-11	1.5426
WDR26	7.27331991805444	1.80164843304099e-12	1.36081480321044e-11	0.7515
POMGNT1	5.55205220088143	1.82075401385254e-12	1.37410852736221e-11	0.7981
FAM73A	6.17211066692376	1.82905068390253e-12	1.37979955724482e-11	0.8175
LIPC	0.0951631124429342	1.85411193228628e-12	1.3975502657233e-11	7.5993
FZD4	2.36503747293069	1.87118398376506e-12	1.40983635194448e-11	1.727
RCAN3	4.59572260036179	1.90460470708521e-12	1.43442506322391e-11	0.973
NXNL2	1.71340915787938	1.98990888893995e-12	1.49558570096697e-11	2.473
ZFP36	4.14485651694674	2.12434637434447e-12	1.59465737705726e-11	1.0903
PHF21A	4.30003868134035	2.18216637178035e-12	1.63604227035819e-11	1.034
C7orf26	3.96417737503952	2.21095973011534e-12	1.65694913107495e-11	1.0579
TNFRSF1A	6.92639783765221	2.27444602118528e-12	1.70173305585076e-11	0.7481
AGA	3.6643011115554	2.27583711008172e-12	1.70207629175141e-11	1.227
CPEB2	4.02799319435193	2.2929197081058e-12	1.71414996687876e-11	1.215
IQUB	0.5167346823258	2.34634085803389e-12	1.75265133814512e-11	4.3181
CEP70	5.51878772917679	2.42799931856176e-12	1.812164986086e-11	0.8849
VPS13D	5.59993599461415	2.56616611911176e-12	1.91138019871499e-11	0.7742
LOC100093631	3.80814488395026	2.58007757428637e-12	1.92095824617341e-11	1.2172
TMEM167B	5.68896412271681	2.64045370013479e-12	1.96481384109079e-11	0.7962
TSPAN33	3.14114725931194	2.65777485538722e-12	1.97558378501422e-11	1.387
CEP112	2.83020168001667	2.71218902944402e-12	2.01521053811681e-11	1.497
LOC100506985	1.93034830440996	2.82718754871039e-12	2.09809495484784e-11	2.436
HS2ST1	6.9808670922249	2.87770892702632e-12	2.13385272834251e-11	0.7757
SUN1	7.55773418835429	2.98529223816616e-12	2.21003629764645e-11	0.7345
COA5	5.39847236639847	3.01302130985422e-12	2.22966019589375e-11	0.8626
ADAMTS9-AS2	0.627678903885565	3.07059954210803e-12	2.27134786226598e-11	3.7108
GSTM4	1.35354140734884	3.09107697561315e-12	2.28464377598355e-11	2.6774
CCDC33	0.332557960665964	3.11546679583309e-12	2.30080751718159e-11	5.5288
TTC33	3.39140293067998	3.22776962742658e-12	2.38278052237362e-11	1.2142
SH3PXD2A	4.14473770012596	3.2376122906916e-12	2.38618691880767e-11	1.1938
MAPK8IP2	2.6373769722601	3.33611717420078e-12	2.45779479952419e-11	1.556
GNG4	4.59720611321132	3.35042471934859e-12	2.46733980138878e-11	1.0068
SERAC1	3.64367586995443	3.39087950097719e-12	2.49411346373246e-11	1.1383
ZFC3H1	6.58476908693439	3.4062112861188e-12	2.50261967505793e-11	0.8213
SH3BGRL2	5.32566517746397	3.56343324377671e-12	2.61366160298866e-11	0.7852
FSTL3	3.89408535983121	3.56698312796928e-12	2.61521461783964e-11	1.0615
ZMYND10	0.713923945782974	3.57801273443966e-12	2.62224811240186e-11	3.5434
UBA7	2.95016130461693	3.65665809932431e-12	2.67451723803143e-11	1.4269
WBP2	5.91015697725212	3.99509464784221e-12	2.9173779156403e-11	0.7954
BDH2	4.47769531213838	4.21277731199385e-12	3.07265132272312e-11	0.9382
VWA5B2	0.170406899227162	4.40966855002306e-12	3.21112521137699e-11	5.339
ZNF217	7.30245928998918	4.5613650958627e-12	3.31497934673843e-11	0.7487
INPPL1	6.80958651581162	4.8218857470435e-12	3.49735185530497e-11	0.7712
PREPL	6.41546936022522	5.05668461733098e-12	3.65603304451463e-11	0.7344
GABARAPL2	6.20708491428508	5.18908617059742e-12	3.75027542084032e-11	0.7883
TSNAXIP1	0.572764046045057	5.24526094359589e-12	3.78787514977399e-11	3.9716
SLC25A29	4.75861097705437	5.32502237779902e-12	3.84243511972723e-11	1.0151
LETMD1	5.70729058639277	5.39846923475092e-12	3.89081935845293e-11	0.7467
LOC102724279	0.194588631271486	5.41249243788867e-12	3.89938681713084e-11	5.3693
LAMTOR5	6.73055406414746	5.4513867807688e-12	3.92585866152723e-11	0.7597
FOXO4	3.23482709200536	5.81306520961732e-12	4.18302398371201e-11	1.5401
LOC101929512	2.08924617044672	5.85247627590786e-12	4.20972446386816e-11	2.0008
EFNA1	4.28872763500525	5.86310912599043e-12	4.21571170555657e-11	1.0899
ARMCX3	6.36710468433556	5.94633616758734e-12	4.27050798880702e-11	0.7595
PAQR6	2.47518376799399	6.05338974281467e-12	4.34568160223455e-11	2.0907
ZNF204P	3.13793277492767	6.06161181173992e-12	4.34987363345613e-11	1.6036
PLXNA3	4.46352424075598	6.34278939473918e-12	4.54807396662838e-11	0.9577
SLC28A1	0.331743272763173	6.42488187097419e-12	4.60512930649803e-11	4.6531
PHLDB2	7.13139529131505	6.54152771522112e-12	4.68322078310105e-11	0.7295
TUSC3	5.95668434175122	6.6627491939054e-12	4.76626760516995e-11	0.735
SH2B1	4.52538102996446	6.71703811687203e-12	4.80322161620117e-11	0.9637
FAM171B	2.26569339797828	6.90400935465446e-12	4.93305654710653e-11	1.7528
DHX40	6.45067301457934	6.98166500426854e-12	4.98659140523969e-11	0.7656
SULT2B1	2.95758085501437	7.02943252201345e-12	5.01874540953765e-11	1.3851
CDKN2AIP	4.81342925476398	7.23409804819256e-12	5.15680179491618e-11	0.8356
PMS2CL	3.31007497400588	7.33471930274431e-12	5.22648850862217e-11	1.2277
KIAA1191	6.60199383605082	7.57032633101449e-12	5.38596560791117e-11	0.7221
HS6ST1	3.65881580161046	7.57940006394533e-12	5.39032051294842e-11	1.1223
HIST1H2BC	2.6669605176248	7.72129357237358e-12	5.4805573661451e-11	1.5059
IFT22	5.01169398068403	7.80591025323364e-12	5.5384647331144e-11	0.8037
LOC728743	2.15180907831043	7.86431721894027e-12	5.57773796227558e-11	1.8509
SLC41A2	4.90669512675922	7.91703116346134e-12	5.61076556367043e-11	0.8649
ARHGEF12	8.37053083518399	8.0217519182944e-12	5.68057032662461e-11	0.7302
RHBDF1	3.66349078064023	8.17725831603058e-12	5.78470702139649e-11	1.1062
C1orf228	1.47775369473852	8.24651541559963e-12	5.83068882367106e-11	2.4782
CSDC2	0.287959601246751	8.44824079505345e-12	5.96869519947739e-11	5.4796
ATP1B1	6.88934767243285	8.48198359956792e-12	5.98558533412107e-11	0.7155
PARD3	7.27118750332355	8.54951976947963e-12	6.03091317278285e-11	0.7709
LOC101927973	-0.0122452960290467	8.81583511022636e-12	6.21637256748909e-11	7.4722
METTL21B	3.58580427319407	8.93595567713291e-12	6.29621022160318e-11	1.2888
LINC00839	2.89843288605677	9.42675134046584e-12	6.62922852355718e-11	1.3962
PLEKHM3	3.94218911498115	1.0223014626945e-11	7.17536928218021e-11	1.0878
LOC155060	2.14674970562537	1.04173788586268e-11	7.30617243346486e-11	1.9594
BBS10	4.94117110730742	1.18830040200026e-11	8.32129349402254e-11	1.0885
TSPAN15	5.29312727229195	1.2256781092925e-11	8.57645824578146e-11	0.8004
CFAP36	5.38620433559332	1.24840379372476e-11	8.73213013725641e-11	0.8022
TGOLN2	7.77737572916428	1.26764584490821e-11	8.85993206150241e-11	0.7175
ARSD	5.42342291769499	1.29255972574755e-11	9.0236980318345e-11	0.7961
PAPPA	0.746859938660795	1.3476650035956e-11	9.40121219168566e-11	3.3473
NQO1	8.53840767107006	1.38063541168521e-11	9.61284518524988e-11	0.7199
GPR37	-0.0685454257235927	1.39226337341771e-11	9.69011061575053e-11	7.4069
NFATC1	1.79510501350815	1.43071061621885e-11	9.95011543226334e-11	2.0993
ACCS	2.55634534644047	1.43858786446893e-11	1.00010891293773e-10	1.7513
SERPINA5	1.94732338186942	1.44529273153261e-11	1.00438767060751e-10	2.1882
IFITM10	1.28736521496641	1.44986132618984e-11	1.00717916175501e-10	2.5942
ZMYM3	6.62533793653219	1.47791415830651e-11	1.02588596479254e-10	0.7332
BTBD16	0.145848001838271	1.50226516775936e-11	1.04160094578864e-10	5.3105
VWA5A	0.84186201509957	1.51545242462897e-11	1.04954853808901e-10	3.2564
SP6	1.39745342620632	1.53182303630761e-11	1.06048393442669e-10	2.7262
DRAM2	5.67060493621857	1.55657209178361e-11	1.07720925351029e-10	0.9102
IRF2BP2	6.82249715057372	1.56583634938209e-11	1.08288936996524e-10	0.7156
PDE8A	4.9594491845629	1.61724995179685e-11	1.11708343246323e-10	0.7999
CARF	2.88055693269462	1.6255806884587e-11	1.12241305024591e-10	1.4088
CCT6B	1.04258057391255	1.63350974707464e-11	1.12746139669545e-10	2.8608
CFAP53	1.70444504241661	1.67726886028663e-11	1.15722676921363e-10	2.4017
IFT172	4.00310134135865	1.75648805413009e-11	1.21051135961491e-10	1.0583
TRIB2	2.10238525278979	1.80683719238998e-11	1.24474036921779e-10	1.9417
CPT2	5.50590560077863	1.81576035591618e-11	1.25041573208622e-10	0.7445
DECR1	4.83087665957709	1.88288559850192e-11	1.29517556466658e-10	0.9212
SNX25	3.60124207905011	1.94301176261964e-11	1.33552796454759e-10	1.1068
KITLG	6.95619237741029	2.10800957753362e-11	1.44458794472424e-10	0.7053
TEAD3	3.85644193874938	2.15238350437468e-11	1.47333757989742e-10	1.1524
PPM1H	4.82418478398685	2.16847195428819e-11	1.48379400290424e-10	0.9661
EZH1	4.11610839102333	2.18936509170532e-11	1.49640767930259e-10	1.0016
DBN1	6.29500275160054	2.19413224125068e-11	1.49910472291439e-10	0.9527
PSD4	5.1522908588293	2.23028908254159e-11	1.52266856734776e-10	0.8242
ANXA11	6.94849229005314	2.2757096585269e-11	1.55251702264825e-10	0.6978
FZD2	4.03191835643804	2.33938451961963e-11	1.59416960769601e-10	1.1226
NR6A1	3.65842829488437	2.43421195937111e-11	1.65446662435886e-10	1.1025
C8orf44	3.30403442149917	2.50110241195852e-11	1.69929756727632e-10	1.2765
ACADL	0.264298401532187	2.50222454076261e-11	1.69942750060127e-10	5.4477
ARHGAP26	5.29305590324173	2.57169307128602e-11	1.74530961744973e-10	0.7551
ARHGAP44	2.43791741856033	2.61263599997079e-11	1.77177870785538e-10	1.8309
EPS8L1	4.12651949613198	2.62943206077456e-11	1.78250693284443e-10	1.1111
FLJ10038	2.99205635265517	2.76051925733646e-11	1.87067704387285e-10	1.2945
ARAP2	5.84781929291696	2.79246485102033e-11	1.89162294323663e-10	0.7504
PLA2G6	2.82843686123088	2.83516823640404e-11	1.91699375273304e-10	1.4483
ARID5B	5.31942408783914	2.84212189919824e-11	1.92098398340478e-10	0.8725
MCCC1	5.60146090628489	2.96816279292479e-11	2.00543227045281e-10	0.7518
SCARB2	7.07391180529809	3.14608108262986e-11	2.12093265304619e-10	0.6947
ENTPD8	1.02970656491707	3.15783000985997e-11	2.12728209077504e-10	3.137
CCDC160	0.241392697136196	3.216575904947e-11	2.16525847052775e-10	4.5483
LIMD2	1.33287889183576	3.26963913747074e-11	2.20016705100132e-10	2.5526
ATP6V0A4	0.437260267932401	3.28802781385097e-11	2.2117257100097e-10	3.8134
AQP4	0.0428277829304367	3.31477012689094e-11	2.22889294425492e-10	7.5397
SLC1A5	5.83930748252014	3.34781997135668e-11	2.25028723847892e-10	0.7977
SLC22A15	-0.127535367941919	3.38106058342211e-11	2.27095813138168e-10	7.3366
AGFG2	4.1748726788461	3.47012971813488e-11	2.32906941670112e-10	0.9595
FUT9	-0.127611641975672	3.5148855457756e-11	2.357375111083e-10	7.3363
ZNF641	2.80285218469546	3.58018657861791e-11	2.39940845004583e-10	1.4177
STAT6	6.96781394321217	3.69516719733506e-11	2.47193009727186e-10	0.7553
LIMS1	6.04986171925368	3.7231522601443e-11	2.48825839754563e-10	0.7074
AP1S1	6.12918329990514	3.72366451692302e-11	2.48825839754563e-10	0.9685
TMEM9	5.83322046788396	3.84543995513978e-11	2.56775244407578e-10	0.8567
FAM183A	1.8033027847509	3.90348423342233e-11	2.60555788538786e-10	2.1134
LAPTM4B	7.99683058140946	4.23507408494514e-11	2.82482690883297e-10	0.7683
TIA1	6.82848004020098	4.239523159521e-11	2.8267616800663e-10	0.7179
GNGT1	0.19429090261237	4.46186200490991e-11	2.97283769203048e-10	4.4929
CBLC	4.2043787915386	4.52817971646637e-11	3.0137239848272e-10	0.9778
GIT2	5.83257226440781	4.5851433649634e-11	3.04941265102994e-10	0.774
DSC3	3.26068091244926	4.63176998973893e-11	3.0793005437973e-10	1.4278
ZNF471	4.51838117669774	4.68422420794266e-11	3.11190673727078e-10	0.8784
TRNC	10.0575166890497	4.69109199363143e-11	3.11420274311765e-10	0.8861
CD37	3.05627808856887	4.77848786097721e-11	3.17106777135587e-10	1.7517
FOLR3	0.042376087731068	4.81499778166009e-11	3.19413515632219e-10	5.1887
ZBTB34	3.92601046393979	4.95804308724736e-11	3.28783271343218e-10	1.1028
PRKAA2	5.90736340220421	5.09068123231444e-11	3.37333853274528e-10	0.7139
KIF3C	4.59513581653766	5.3387333506986e-11	3.53386207579237e-10	0.8486
HMGCL	5.18852156889463	5.48148108641106e-11	3.62572169251885e-10	0.8321
ZDHHC1	1.55518127610483	5.58664766449158e-11	3.69394566327267e-10	2.2763
EXOC6B	5.37954611770742	5.73605151813788e-11	3.79135975796977e-10	0.7325
LAPTM4A	7.22002897825991	5.75745028148440e-11	3.80412639662611e-10	0.7157
RFNG	3.37726929175291	5.96361452601614e-11	3.93891992716898e-10	1.2401
TTC14	4.72390856527583	6.26263597901016e-11	4.13044372950901e-10	0.8132
LOC101929563	0.218706756935698	6.28905998191698e-11	4.14637338497206e-10	5.3997
SEMA6A-AS1	1.13380071466451	6.31136407322299e-11	4.15807515412338e-10	2.8359
NLRX1	3.51209414669871	6.45759850363999e-11	4.24675498135633e-10	1.0958
GPRIN3	-0.0980444387228748	6.52213737286038e-11	4.28456782579846e-10	7.3706
SDK1	-0.0980444387228748	6.52213737286038e-11	4.28456782579846e-10	7.3706
CRELD1	2.97237295336701	6.5351423855633e-11	4.29156688456272e-10	1.3659
MST1L	1.01580594006267	6.63671342808024e-11	4.35670047979263e-10	2.8286
HMBOX1	5.33286077433607	6.69410951085428e-11	4.38964307579582e-10	0.7889
CFAP57	1.13269486913195	6.73856323430272e-11	4.41720683681977e-10	2.7238
UHRF1BP1L	5.25384787051892	6.85446008592511e-11	4.49156580504842e-10	0.7411
ATP7A	4.42626724251909	6.94545624146269e-11	4.5495604285663e-10	0.9336
NEURL3	1.59188229325698	7.26564678031654e-11	4.75077534460812e-10	2.1902
RORC	1.75528988223666	7.29151430129238e-11	4.76427648834623e-10	1.9933
ZNF853	0.872221633853949	7.46445669567884e-11	4.87204581466975e-10	3.1085
WDFY3	6.60030665124492	7.5611407505392e-11	4.93162506401728e-10	0.6922
TNKS	5.35182880280135	8.04056870345398e-11	5.2369522912102e-10	0.8222
SSH3	5.77527933770834	8.91622689324998e-11	5.78857176967182e-10	0.8847
ETNK1	6.75231703717521	9.21718215304729e-11	5.97758001371337e-10	0.7734
NRSN2	5.20109058987368	9.43257920491743e-11	6.10859049184011e-10	0.8392
SLC12A7	3.25158146382801	9.58222075288858e-11	6.19451211277386e-10	1.2237
MGAT1	5.46077245290128	9.67867193516328e-11	6.2546490211802e-10	0.7657
KDELR2	8.14588285190547	9.85334844682019e-11	6.3607754329968e-10	0.7073
MUC1	5.702805204793	9.99930794361914e-11	6.45043695472477e-10	1.1567
PRKD2	4.46651381834103	1.01774403529747e-10	6.56071154957293e-10	0.9078
LRMP	-0.158110145920895	1.02724380217354e-10	6.61961272590194e-10	7.2994
ZNF292	6.24349375993849	1.03054344582791e-10	6.63853251483218e-10	0.7072
LINC01057	1.66291926306316	1.05431216494852e-10	6.78685574164321e-10	2.0367
THAP2	2.83771463833455	1.07832506929139e-10	6.93898571201397e-10	1.3891
LOC100132352	4.17766217496323	1.08908381720487e-10	7.00574847318253e-10	0.9225
EFNA2	1.58346450799867	1.10427967581762e-10	7.10099674594097e-10	2.2403
DCDC1	0.310415856193563	1.16363451053997e-10	7.47214619219755e-10	4.0705
ZNF436-AS1	1.66301619108551	1.24168713066459e-10	7.96494738489558e-10	2.0358
ATOH8	-0.127306525211614	1.29755129293918e-10	8.31453015229826e-10	7.3379
JUND	5.20298009286768	1.37673933172652e-10	8.80958753592687e-10	0.7377
NFKBIE	2.66689190270126	1.37901677237833e-10	8.81797905307839e-10	1.3942
SLC29A4	1.44774522160471	1.39902815880224e-10	8.94280744646135e-10	2.3627
KBTBD3	3.32819523350664	1.42243939257801e-10	9.08291484816515e-10	1.2204
NBEAL1	6.55477675277983	1.49013656713855e-10	9.5052177392318e-10	0.695
RBPMS	5.93152390457806	1.49692668905098e-10	9.54519512235932e-10	0.7779
SLC26A1	1.78804123357042	1.63395461884876e-10	1.03935454779453e-09	1.9318
RNF208	1.5644980447758	1.6363558675699e-10	1.04051942592672e-09	2.153
THNSL2	2.98217876885917	1.65049154342551e-10	1.04914253540307e-09	1.3108
PLEKHA4	3.67759633128109	1.6785783202222e-10	1.06662463675519e-09	1.0519
PLEKHH3	4.1283343568638	1.7066016375249e-10	1.08405426216613e-09	1.0757
HEXIM2	3.21255020234902	1.81398024273115e-10	1.15026131682181e-09	1.3612
DGCR5	1.97384436361015	1.82856005714794e-10	1.15870157595602e-09	1.8152
TP53INP2	2.52212190697727	1.85341585316186e-10	1.17363717708369e-09	1.4708
GRAMD1A	4.0468888338939	1.86668842099363e-10	1.18163189367752e-09	0.9435
FLT3LG	0.663250338039376	2.05681168860783e-10	1.29838015861772e-09	3.4832
HLF	0.696756410852353	2.07206799643446e-10	1.3071068881447e-09	3.0807
RHBDD1	4.49006012835577	2.07527671975948e-10	1.30867881851223e-09	0.8493
KATNAL2	1.76227056156511	2.11361779073102e-10	1.33239662940558e-09	2.2843
RWDD2A	2.49783160966682	2.26530643734255e-10	1.42604945931468e-09	1.5966
MMP24	5.92162775675887	2.37909692880085e-10	1.49613480992726e-09	0.7897
SIDT2	2.91471898882789	2.42340654806423e-10	1.52347486024313e-09	1.3038
AGPAT4	2.98714829748401	2.46038555984942e-10	1.54618928676802e-09	1.3265
MDH1B	1.64512476081434	2.51646539157084e-10	1.58088754950163e-09	2.0141
UNC119B	6.26367812716264	2.54791396363985e-10	1.59954323659591e-09	0.7016
GLIS3	5.97120943447686	2.55061094434854e-10	1.60068591956091e-09	0.6884
MMAA	3.31884215520971	2.57280168810258e-10	1.6140573064605e-09	1.1448
MPZL1	6.80573644070377	2.61113325007365e-10	1.63697969139233e-09	0.6708
MSRB3	0.375540014110022	2.73558223468446e-10	1.71264709452673e-09	3.7348
RBCK1	6.18649610208569	2.80897546083012e-10	1.75799300695628e-09	0.6735
MMP15	4.05312072213531	2.81936597171779e-10	1.76328691948201e-09	0.9247
PVRL3	4.4466158140907	2.83470597506202e-10	1.77227370824425e-09	0.8278
BAIAP2L2	3.05585693715069	2.91113484548228e-10	1.81881169538414e-09	1.2739
PSENEN	5.65135571014351	2.94650723703873e-10	1.84028176939374e-09	0.7007
SELM	1.71410139777809	2.95590864229112e-10	1.84552216736206e-09	1.9384
SUV420H2	3.12242685873398	2.96923984858326e-10	1.85321171540978e-09	1.3568
FZD1	2.67145753919197	3.00321143266628e-10	1.87377402306068e-09	1.4419
MAP4	8.04853717131209	3.00902531330684e-10	1.87676003142226e-09	0.6925
CNTNAP1	2.51275938306945	3.03285096805728e-10	1.89032868804553e-09	1.562
CRMP1	2.59477185502145	3.11679892543185e-10	1.94198911886293e-09	1.6306
FGFR2	1.77139324184249	3.2786856128543e-10	2.04007104799823e-09	1.9122
FAM117B	4.24501648394147	3.41001700925204e-10	2.11817864991171e-09	0.935
GATS	3.8059926380444	3.50024093100437e-10	2.17200538533024e-09	1.0863
TLDC1	6.0250832420801	3.52469101830313e-10	2.18494937963131e-09	0.6673
REPIN1	7.25296388341645	3.53648943668662e-10	2.19082418730199e-09	0.6774
FAM83E	1.38565557371688	3.5365681857904e-10	2.19082418730199e-09	2.2832
TDRP	4.87889670580273	3.63979698699238e-10	2.25247911167908e-09	0.8008
LINC01089	2.93121722569691	3.66071389692781e-10	2.26388864845237e-09	1.2605
ARL3	4.48209875601432	3.71593807031384e-10	2.29648494961576e-09	0.9278
SMC5-AS1	1.9746443703303	3.74261163998069e-10	2.31218673771531e-09	1.7721
BCRP3	-0.188726719631232	3.8317763853087e-10	2.36647191103504e-09	7.2645
ZBTB44	6.67720693708035	3.85472020168428e-10	2.37931586825734e-09	0.7142
SPATA20	6.03126163823	4.05054636099633e-10	2.49567243895879e-09	0.6921
LOC399715	-0.0398121846645206	4.06230411247572e-10	2.5020723305451e-09	5.0891
MAPKAPK2	6.19931440428923	4.22144897097499e-10	2.59746452356317e-09	0.7053
DGKA	4.75957265494745	4.26135748840479e-10	2.62113687022634e-09	0.871
HSDL2	6.66789412176618	4.27105660879362e-10	2.62621789997091e-09	0.6587
PTK7	5.32027327319749	4.33635641982152e-10	2.66457498486239e-09	0.7697
MANSC1	4.34875224511789	4.42186387963355e-10	2.71620279228096e-09	1.0823
HOXB5	2.02927566671054	4.46449257068602e-10	2.74146573731732e-09	1.7621
DLGAP1-AS1	2.55416641407272	4.47275621212191e-10	2.7456165907363e-09	1.4193
TTBK2	4.44280025169152	4.58023548483317e-10	2.80593218158102e-09	0.8459
ACOX1	5.44729039130535	4.87344861622803e-10	2.9825570880945e-09	0.7136
LOC388942	1.61030990190537	4.97365152956988e-10	3.04184195389708e-09	2.0823
UBN2	5.65725315018403	5.04342893645467e-10	3.08142030334393e-09	0.6961
LRRC23	3.2118211376155	5.05710764983984e-10	3.0877109449992e-09	1.183
LOC100129046	1.83397428226977	5.10290152784432e-10	3.11254828908539e-09	1.8996
ZNF579	4.15811289170852	5.20622396305361e-10	3.17344990549271e-09	1.0627
LOC105377595	0.218674335148621	5.20935280172305e-10	3.17429722123685e-09	3.9598
PAFAH2	4.69056971068407	5.3041572790566e-10	3.22883278714429e-09	0.78
ZFYVE27	4.24678215344622	5.36303919159948e-10	3.26358811606134e-09	0.8627
TCF12	5.75591755043525	5.41750106126052e-10	3.29563143533396e-09	0.6712
NPHP1	3.83448653393582	5.70014323878441e-10	3.46180355845802e-09	0.9806
LRCH1	4.6172655499365	5.74588306447672e-10	3.48842172348144e-09	0.7875
AHCYL1	7.45023420651301	5.91161187972563e-10	3.58546134472661e-09	0.6555
ARHGEF17	4.36514108611053	6.07585547442857e-10	3.68018638159151e-09	0.8351
C2orf68	5.07374869302239	6.18710698017178e-10	3.74384570865151e-09	0.7897
HOXC9	2.25935347506722	6.25196581707003e-10	3.78058588792416e-09	1.5532
RNF207	3.88697291406272	6.36209903311729e-10	3.84590993207249e-09	1.1289
PCK2	3.89044682601564	6.73972248726896e-10	4.06745037115974e-09	0.9371
RAB32	2.83230074088416	7.44466793718997e-10	4.48043522167664e-09	1.3336
LINC00379	-0.253337320915579	7.44612207634035e-10	4.48043522167664e-09	7.1843
SIRT2	3.61024621200259	7.44952780335956e-10	4.48100756435361e-09	1.0072
SGSM3	4.61432819484595	7.52170311281895e-10	4.52293188496781e-09	0.8626
PMM1	3.38271856324957	7.68455470236159e-10	4.61933587903567e-09	1.0915
FBXW5	6.03676364314393	7.69978700879626e-10	4.62696878316605e-09	0.6676
COL4A5	4.86536427476387	7.74055470788823e-10	4.64993638523223e-09	0.8547
MRPL41	5.99101949469403	7.915729331147e-10	4.75047845724588e-09	0.6616
CTTNBP2	1.29928893269284	7.96026902713582e-10	4.7756382306734e-09	2.2488
RNR2	14.6808913263494	8.0638507549347e-10	4.83460293537235e-09	0.9758
TAAR3	0.713533746743258	8.17365522051436e-10	4.89882631995109e-09	2.9162
C6orf106	6.41047835818704	8.21105605159765e-10	4.91962715057324e-09	0.6999
GSTK1	5.89289022068655	8.25021499476548e-10	4.9398466692174e-09	0.6974
MZF1	3.42723403762571	8.45386611709271e-10	5.0534963927192e-09	1.0748
HIST1H3E	0.554619698519679	8.47303458740931e-10	5.06329687161193e-09	3.1127
SERINC1	6.37808914674289	8.74525322108972e-10	5.22084181831962e-09	0.6481
FBXO6	0.627685376775657	8.90881669967239e-10	5.31154009370409e-09	2.9933
TRIM32	4.73513686247365	9.13066198210737e-10	5.44025343163682e-09	0.7599
DNAH6	2.16446583612108	9.22042317485216e-10	5.49015151598503e-09	1.6163
LTC4S	0.287631376879636	9.23715457332956e-10	5.49832063549737e-09	3.6289
SUMF1	4.61532374045071	9.38593876019769e-10	5.58506186460786e-09	0.7947
DNAL4	3.83224977350673	9.42400674561351e-10	5.60588684092278e-09	0.9748
GOLPH3	7.23985139905369	9.48469482407448e-10	5.64014946932586e-09	0.6378
FZD7	0.730618069340963	9.5340399648076e-10	5.66764681203281e-09	2.9387
FOXD3-AS1	0.515713237377736	9.58375543198913e-10	5.69534632703104e-09	3.5786
GCM1	-0.286476416685109	9.73545704852091e-10	5.77985378464383e-09	7.1442
KLF8	1.96601077484443	9.98475988097001e-10	5.9256997479251e-09	1.9384
CCDC176	2.9834372669108	1.00286460787166e-09	5.94811445136615e-09	1.4504
KLC4	2.81094739852151	1.02127625652734e-09	6.05338290232568e-09	1.2918
PPP1R1B	0.0423023456400424	1.03141227102333e-09	6.11147757864394e-09	4.3098
FLJ22447	0.309897311699258	1.04050588881275e-09	6.16136085182148e-09	3.6555
KIAA0232	5.50427809537544	1.05498250391533e-09	6.24294739289449e-09	0.6727
FKBP8	6.18661182111441	1.05530979702412e-09	6.24294739289449e-09	0.646
PRRG2	1.19518193501659	1.08978208440802e-09	6.44270133839147e-09	2.3777
ZKSCAN1	6.84229073167748	1.10257331777616e-09	6.51621187741068e-09	0.6422
TMEM198B	3.12286805121269	1.1059348318225e-09	6.53396320056682e-09	1.311
MYO10	8.02798111748376	1.12562193732668e-09	6.64812490709667e-09	0.687
MYRIP	-0.0688092812987778	1.13111577723067e-09	6.67780052490296e-09	5.0522
INVS	4.49886557026311	1.19144397509562e-09	7.01418936128526e-09	0.7924
MED25	4.32226691033935	1.23118170352796e-09	7.23879329455923e-09	0.9559
APOOL	4.37213714610434	1.25069774376008e-09	7.34880528164916e-09	0.8801
TSFM	6.25155604974087	1.25632652989535e-09	7.37950358100692e-09	0.6877
KLHL13	1.77066304073885	1.30197310773151e-09	7.63534245253659e-09	1.9142
HIST1H1C	4.37994622595212	1.3329016474127e-09	7.81170223921868e-09	0.8264
KDM7A	3.27638665411627	1.34107685991632e-09	7.85709215488844e-09	1.085
CES2	4.84702650995318	1.34334175825925e-09	7.86783674648084e-09	0.7374
C9orf66	-0.320395898951649	1.36332927529469e-09	7.98234100377803e-09	7.1029
LINC00173	-0.286092097608778	1.39762297561981e-09	8.17003043321016e-09	7.1463
KDELC1	2.55034427600625	1.4038412033517e-09	8.20375320370955e-09	1.3637
MAP3K12	2.49746136549723	1.42415757003615e-09	8.31449331582349e-09	1.3865
IL1R1	4.24588168644031	1.43615242475182e-09	8.38184100584053e-09	0.8842
ZNF821	2.51532317330144	1.49164049321749e-09	8.68902005238627e-09	1.6541
RIOK3	5.9230358212813	1.53612994764587e-09	8.94247076665271e-09	0.6569
AKAP3	2.53021323323032	1.54231639198395e-09	8.97276228555096e-09	1.4349
SYT15	1.61898715033233	1.58737538329903e-09	9.22608245702234e-09	1.9205
FAM227A	2.86614830907114	1.60353657154461e-09	9.31112075385446e-09	1.2516
SRC	5.8103982970893	1.60691521759119e-09	9.32777240456114e-09	0.6804
CLMP	1.31006693980601	1.65334865733887e-09	9.58511689056159e-09	2.1819
IDUA	1.25360415102561	1.65948943929552e-09	9.61461098184038e-09	2.3665
NCOA3	6.83250567244394	1.71804307448748e-09	9.9475402371847e-09	0.6262
TMEM80	2.78258077579873	1.72767141375278e-09	1.00001170987542e-08	1.4785
LOC105372109	0.917748091008253	1.73007328016844e-09	1.00108455793202e-08	2.703
LIG4	4.6059643121011	1.80639895259451e-09	1.04425646860562e-08	0.8397
CLHC1	3.06919209422247	1.81622618777446e-09	1.04960510554006e-08	1.3016
GALNT14	-0.157840492844743	1.83372909465392e-09	1.05938475797475e-08	4.945
LOC642852	4.45163823014691	1.84004187099645e-09	1.06269548867166e-08	0.8965
CYB5R3	6.02196366230553	1.84185750185611e-09	1.06340767090086e-08	0.7631
GRAMD1C	4.07725963085263	1.85003859746895e-09	1.06779338082179e-08	0.8989
CUL9	3.6420601193344	1.86455385719307e-09	1.07481197401063e-08	1.0351
ZNF219	2.6640332005434	1.93385501355632e-09	1.11370527216038e-08	1.3619
LINC-PINT	3.37522676151823	1.96322371302721e-09	1.12990580406762e-08	1.0563
TOM1	4.01750082704222	2.00536376992854e-09	1.153068377443e-08	0.8761
RNF157-AS1	1.71390711248346	2.01573821359167e-09	1.1586686658479e-08	1.9881
FOXL2	0.241658162688956	2.10639749780035e-09	1.20925763269947e-08	3.5759
HYDIN	2.27543315412752	2.17714210235186e-09	1.24673482498543e-08	1.735
C9orf91	3.46062024281605	2.17955051694173e-09	1.24772261640917e-08	1.0727
CD47	7.6497089983805	2.22087727802944e-09	1.27098230682462e-08	0.629
CTDSP1	5.1487153385162	2.24027984693352e-09	1.28168439002251e-08	0.6994
LOC105375205	2.85153746070718	2.24423417676434e-09	1.28354445899153e-08	1.3211
ZNF358	4.2107667574612	2.303662683525e-09	1.31629627387895e-08	1.0196
ETV6	5.59512491836138	2.32954697479815e-09	1.33059705934613e-08	0.7108
NIPAL2	2.30870079631393	2.33014833409815e-09	1.33059705934613e-08	1.846
SLC2A5	-0.0122416437080835	2.33678825708536e-09	1.3339714328127e-08	4.2427
PGAM1P5	1.06869566822775	2.35574336001456e-09	1.34437170304551e-08	2.4205
GAPVD1	6.80742229438715	2.3796493271594e-09	1.35674197740855e-08	0.714
PIM3	5.37821081155206	2.38579212055626e-09	1.35981957392679e-08	0.6893
NFE2L2	7.20215871471014	2.4014625417125e-09	1.36747037309742e-08	0.6202
SCYL3	4.30264654752429	2.40881460784516e-09	1.37122916996636e-08	0.8177
MTMR11	3.57051425698767	2.42999810811701e-09	1.3824258479833e-08	1.0237
LINC00674	5.31861838414837	2.51506690155991e-09	1.42859556175724e-08	0.6844
B4GALNT1	1.06890503443977	2.62022699835652e-09	1.48740249011183e-08	2.4179
STRADB	5.01474255339367	2.62217038817956e-09	1.4880429781351e-08	0.7697
MSN	8.06909328351467	2.68353728206745e-09	1.52144896339824e-08	0.6846
CEBPA	0.974956124590239	2.76320271083608e-09	1.56612942219881e-08	2.9201
CFAP43	1.78722423577447	2.84572677072085e-09	1.61140161061662e-08	1.7868
EFHC2	0.901352299581814	2.95758679326425e-09	1.67165776239017e-08	2.9821
ADGRG7	-0.390652062440145	3.08081260389849e-09	1.73751358964383e-08	7.0169
CCPG1	2.7507595118112	3.08379227906821e-09	1.73865694399843e-08	1.4228
ENKD1	3.99715992636611	3.12094088284398e-09	1.75851533201234e-08	1.0441
ORAI2	4.42767809647372	3.13027399974637e-09	1.76322993333446e-08	0.8158
KLHL17	2.94170456872859	3.15011413866461e-09	1.77385822688035e-08	1.2083
JAK3	2.12666316347632	3.25754061010608e-09	1.83265520425567e-08	1.5683
PROS1	5.76134559013542	3.27560241230877e-09	1.84224884901753e-08	0.6787
AFP	-0.221096753753453	3.3094573786886e-09	1.86071616585584e-08	7.2216
PEBP1	7.06759804522499	3.37959707161939e-09	1.89664691483196e-08	0.642
TPRG1L	4.47644078215881	3.39718658963275e-09	1.90593234112893e-08	0.8014
SERPINA3	1.03027377900607	3.39937059960007e-09	1.90657172553914e-08	2.7094
TMEM159	3.47372048738393	3.544080380331e-09	1.98651309251835e-08	1.1081
TRIM17	0.747441366646792	3.55447614194657e-09	1.99172855885134e-08	2.789
HIST3H2A	2.82398330193099	3.61683776557212e-09	2.02505877298592e-08	1.2462
MAP3K11	5.84299025594979	3.72536338174067e-09	2.08364687184613e-08	0.6711
RASGRP1	1.58213531662583	3.75697916198993e-09	2.1000432204926e-08	1.9299
TNS3	7.36713065408605	3.88582592973675e-09	2.17007152564314e-08	0.6217
FCHSD1	3.81613295006999	3.90060732129079e-09	2.17766016077935e-08	0.9849
TGIF1	5.95266426293684	3.90870075731176e-09	2.18151149573475e-08	0.7125
AMOT	3.70977365174426	3.96304108084681e-09	2.20981301074952e-08	0.9801
PRSS22	4.43007419847659	4.04490318000876e-09	2.25408279774847e-08	1.0471
MKRN1	7.09933854510236	4.05031576776492e-09	2.25641027330841e-08	0.6417
LINC00476	4.3109184547092	4.0705938557614e-09	2.26701529685113e-08	0.8175
FAM69B	3.24155591066014	4.19617228666354e-09	2.33418828501146e-08	1.0882
ACVR1	4.58867330620865	4.26254669010917e-09	2.36958137559784e-08	0.7557
C15orf65	0.842547596896796	4.32806342613311e-09	2.40380669021862e-08	2.6114
FUK	4.0986762291662	4.35601879785476e-09	2.41859729846826e-08	0.902
TNNI3	1.20627177972866	4.36225017267686e-09	2.42132074041924e-08	2.3067
LRRC31	0.194143829482139	4.39377121444353e-09	2.43733477030936e-08	3.929
HNRNPU-AS1	5.1493659468657	4.67243536149895e-09	2.5856314022287e-08	0.766
PTPRJ	6.13076054633166	4.71972284374474e-09	2.61100788592133e-08	0.6975
ATHL1	3.11246662595752	4.95910683580541e-09	2.73845899559781e-08	1.2265
FBXO8	4.14875807435367	5.0700752432098e-09	2.79719835720877e-08	0.8277
GPRC5C	3.23701439619521	5.27301430825844e-09	2.90564893484957e-08	1.1283
SHISA2	-0.427227061326983	5.4736181832197e-09	3.01164477253945e-08	6.9713
GUCD1	5.66549530029095	5.5052586843271e-09	3.02814108288869e-08	0.7251
SRP14-AS1	2.37141415248242	5.52715242415094e-09	3.03926791130421e-08	1.5228
WDR45	3.57811491058217	5.69013872274322e-09	3.12606598021066e-08	0.9574
CCDC130	3.42792021820427	5.83374235771657e-09	3.20110611609479e-08	1.0122
GADD45B	4.70472458027113	5.86854106216395e-09	3.21729986879475e-08	0.7529
GORAB	4.12677162906732	6.0175958749631e-09	3.29703572308903e-08	0.8651
CRAT	4.15504128449563	6.09260609840814e-09	3.33613128171983e-08	0.9536
SLC35F5	6.53527048066369	6.31239525192303e-09	3.45130541237217e-08	0.6452
PCCA	3.26694663666245	6.39486086870939e-09	3.49273146286834e-08	1.1118
GRTP1	3.45649458525824	6.39581577583745e-09	3.49273146286834e-08	1.0208
ZCCHC6	6.05095874856073	6.43914407647898e-09	3.51429041136623e-08	0.7343
MYO6	7.93430831602227	6.52653122236395e-09	3.55985521348899e-08	0.6465
TXNIP	6.1088528284172	6.80710122571446e-09	3.71178136130953e-08	0.6607
LOC100507487	1.69830458472114	6.96675425744319e-09	3.79543616006812e-08	1.9114
LZTFL1	4.4563517789377	7.14120121481597e-09	3.88699372026477e-08	0.8108
BTN2A2	2.97699382994552	7.38618656411465e-09	4.01316136650229e-08	1.1933
TFPI	6.72769678407692	7.41190121952018e-09	4.02593480105803e-08	0.6455
TMUB2	4.6793527114611	7.46557657945714e-09	4.05147342552228e-08	0.7513
RNF170	3.8434822567994	7.53914537373625e-09	4.09018240543623e-08	0.9112
DNMT3B	4.53232355484446	7.5458216417723e-09	4.09258823209136e-08	0.7466
BMPR2	6.17576983425405	7.7196449290694e-09	4.18437760763334e-08	0.6196
OGFR	5.98161901833888	7.72823313918089e-09	4.18778937930799e-08	0.6378
IGSF23	0.536190790477797	7.80244316520610e-09	4.22674784640957e-08	3.0889
USP13	5.7888826374108	8.06869215724752e-09	4.36579857802936e-08	0.6185
PPM1D	4.37919616513208	8.1124798283907e-09	4.38819057028446e-08	0.7873
LYPLAL1	4.86878077977844	8.12530395526645e-09	4.39382550377205e-08	0.7414
RABGAP1	6.19709972996352	8.57326013188412e-09	4.627836693308e-08	0.6209
YIPF4	5.26032551819684	8.59920191672603e-09	4.64031377696863e-08	0.6836
CELSR1	6.2548729085686	8.61107021775636e-09	4.64412696884372e-08	0.6151
FAM219B	4.49991430149616	8.93358710004366e-09	4.80954190794447e-08	0.7821
ARHGEF34P	3.40036004583637	9.10373999120107e-09	4.89825750897043e-08	1.071
TNRC18	6.96742676056351	9.12309283201266e-09	4.90594971008731e-08	0.6601
CDK20	3.1459928394649	9.12341107895838e-09	4.90594971008731e-08	1.0681
PRR15L	2.10993591793974	9.26825613731608e-09	4.98090326885023e-08	1.7861
PTPN4	4.60343400119393	9.29719164585788e-09	4.99351370069966e-08	0.7496
ACTR6	5.12458492643093	9.38788275290015e-09	5.03925867500574e-08	0.7159
LOC101930085	4.62402647741892	9.4639554987998e-09	5.07859998783331e-08	0.7794
DBP	2.55553612253843	9.67140313811152e-09	5.18687237630329e-08	1.3213
TTC12	3.75414898689784	9.73572733794011e-09	5.21983666024772e-08	0.9604
CCDC40	1.79603971482458	9.88533695467296e-09	5.29538472548444e-08	1.7014
ZNF816	3.61587789073103	9.93386094565533e-09	5.31825705055377e-08	1.0761
PAXIP1-AS1	2.73834205718775	9.99885227746039e-09	5.34991345771738e-08	1.2245
ATG16L2	2.96280295175421	1.00082374743039e-08	5.35336605130069e-08	1.1705
TMEM169	0.264492646377732	1.00311639189721e-08	5.36405765977607e-08	3.271
TCTN2	3.72921345909532	1.01574425566339e-08	5.426815080887e-08	0.9081
CAMSAP3	4.96411893600878	1.08149747896526e-08	5.76630197896898e-08	0.7329
GTPBP1	4.88790154247955	1.08554547254621e-08	5.78450617244708e-08	0.8196
ZNF432	3.42517106020569	1.0912177441295e-08	5.81303505597553e-08	0.9747
SMPD1	3.43578666930165	1.1070830993218e-08	5.89583111470795e-08	0.9788
LRRC61	4.09279305909109	1.11806890811099e-08	5.9491302787742e-08	0.8316
CCNDBP1	4.13170210944291	1.13005253257961e-08	6.00479414334912e-08	0.843
ARHGAP30	1.77212574578062	1.17415660646369e-08	6.22217794124853e-08	1.8646
ARHGAP40	2.37583866871404	1.18328014094998e-08	6.26870639964679e-08	1.3676
PEAR1	2.54174997854656	1.19745303768894e-08	6.34011097913264e-08	1.3498
ELFN2	5.87236097958271	1.22315142900294e-08	6.47242101097906e-08	0.816
PTOV1	4.73741270073211	1.22936548496317e-08	6.50341822471391e-08	0.732
CHMP1B	6.34873289212713	1.23480870764769e-08	6.53032090579843e-08	0.6175
LOC729737	2.93021629335953	1.23571289593274e-08	6.53321014426532e-08	1.3947
ASTN2	2.76459011169189	1.25416961917463e-08	6.62887103869483e-08	1.2179
TRAPPC11	5.46042165277223	1.26562842839457e-08	6.68363106415138e-08	0.6631
WASH1	3.47752781839846	1.27525112985159e-08	6.7305535202575e-08	1.0016
WAC-AS1	4.7591033626999	1.3075866801895e-08	6.89523467173297e-08	0.8552
CPM	6.8207859768568	1.30918003022696e-08	6.9016432664809e-08	0.5947
SMIM19	3.33458354420444	1.36299898868641e-08	7.18121487372555e-08	1.03
FBXO25	3.74263949702243	1.36877171835258e-08	7.20954890082074e-08	0.912
PLXNB3	3.94743267668134	1.37180799505016e-08	7.22345738610778e-08	0.8776
MOV10	6.29621449432065	1.40868463832447e-08	7.40908866529863e-08	0.6283
TLR5	0.515785249068654	1.41429610264489e-08	7.43646015261669e-08	3.8961
ATP7B	2.47271678854908	1.42585687094393e-08	7.49077497437478e-08	1.302
CLDN4	7.97779403501441	1.43189132863588e-08	7.51937110424168e-08	0.6595
BRD3	5.17516577085644	1.43212386773928e-08	7.51937110424168e-08	0.6906
COA3	6.00835690401498	1.48944081433565e-08	7.80460146570368e-08	0.6404
GLB1	4.96677917084152	1.5064824941456e-08	7.889370170144e-08	0.7029
FAM65C	0.946825537950556	1.52999660632335e-08	8.00562282746893e-08	3.0406
RAB5B	6.61624495153314	1.56568625932391e-08	8.18532885172314e-08	0.5956
IGF1R	5.73561406180267	1.58913543080974e-08	8.29918016080023e-08	0.6536
XAGE1B	3.4287529706524	1.58928209038988e-08	8.29918016080023e-08	1.5871
IDNK	2.59650323394711	1.59123436249163e-08	8.30699871937297e-08	1.2461
ERCC6L2	5.13140280870949	1.59176271410536e-08	8.30738139185463e-08	0.7042
CNPPD1	4.66087560364848	1.59438285640035e-08	8.31867774405397e-08	0.8005
LCMT1	4.17074890298977	1.59952141627616e-08	8.34310370729645e-08	0.7933
ERC1	6.05748159683694	1.6054658595561e-08	8.3717180040149e-08	0.7428
CHAC1	2.46019182735472	1.61344072983482e-08	8.41090061789393e-08	1.7041
POLI	4.07855150993938	1.66478694780089e-08	8.66866814576525e-08	0.8824
IL13RA1	7.02920648849141	1.67441563962317e-08	8.71631933759926e-08	0.6349
SKAP2	7.02831194606358	1.68379231996211e-08	8.76013468031582e-08	0.5946
SPTBN2	5.87213598610545	1.72753089317071e-08	8.97234821784481e-08	0.6161
LINC00885	-0.503197054167919	1.75169370797779e-08	9.09266998374823e-08	6.8758
JAK1	8.38500930511538	1.75221532058553e-08	9.09279218095778e-08	0.6103
MAPK8IP3	4.92900802960188	1.76243819864237e-08	9.14324289696367e-08	0.6916
SEC31B	1.7383073751715	1.79519273993822e-08	9.30523528117893e-08	1.9156
GPR137	3.33765018147809	1.80086739102927e-08	9.33199974187636e-08	0.9851
NFIL3	4.33476053561088	1.82282163199265e-08	9.44040615990293e-08	0.8796
GATA6-AS1	-0.50311947272851	1.84901209443911e-08	9.57333091210447e-08	6.8762
BEX2	3.07492205956778	1.92825980090668e-08	9.97515186323388e-08	1.1138
CD59	7.39341982776082	1.98454442135686e-08	1.02605049437244e-07	0.677
LOC100294362	1.40615743366729	2.01956583082801e-08	1.04297577956425e-07	1.9477
MSRB2	4.25757013759361	2.02666792126585e-08	1.04634755573047e-07	0.7879
TRPM4	2.96217443392105	2.03788838857712e-08	1.05124866973337e-07	1.2304
CCDC136	2.48670044843995	2.04069037610856e-08	1.05239670921576e-07	1.3777
P4HTM	3.80294053193086	2.05193055138095e-08	1.05789449720448e-07	0.8937
TMEM129	4.49459250228012	2.0548609668453e-08	1.05910620583647e-07	0.7949
PIH1D2	2.55842534831093	2.05585938069837e-08	1.05932172887467e-07	1.3077
ZNF385B	-0.503274631917832	2.06655433324561e-08	1.06453205157257e-07	6.8754
DCAF8	6.33383214100047	2.10542166482043e-08	1.08424761390583e-07	0.6194
DLG1	7.02018234090424	2.17354512795563e-08	1.1183833104836e-07	0.5825
ID2-AS1	0.66336316848117	2.20198361499721e-08	1.13174022734766e-07	3.0415
PTPN9	4.46939130334781	2.20440074774068e-08	1.13266366593735e-07	0.869
FBXW4	4.02349886281145	2.21118862433493e-08	1.13583172554469e-07	1.281
DPP7	5.53527056694894	2.25051201884345e-08	1.15538097345349e-07	0.6619
DENND6B	1.46837462148426	2.29247546007179e-08	1.17659353385074e-07	2.0299
PRDX2	6.49308289145494	2.29885825151389e-08	1.17920641302718e-07	0.5913
ZCCHC11	6.62060674764407	2.32749093391581e-08	1.19322309715156e-07	0.6562
LOC202181	0.663259406372966	2.37597679791559e-08	1.21705478178302e-07	2.6795
DNAJC27	2.96376808995683	2.37666874458775e-08	1.21706773074878e-07	1.0855
ELMO3	4.82706397810313	2.42157870892927e-08	1.23937036473823e-07	0.7431
C9orf40	4.3178238355191	2.43438831444328e-08	1.24557715999093e-07	0.8489
CAPN6	-0.503041887599299	2.44243754301472e-08	1.24864575147792e-07	6.8766
CCDC120	2.62239018425681	2.54120982279963e-08	1.29841384061097e-07	1.2444
TPRA1	4.40757445486336	2.63658732549523e-08	1.34488790763456e-07	0.7839
N4BP2L2	5.89913822476825	2.67993385864364e-08	1.36623492106669e-07	0.715
C1orf95	-0.426917676417962	2.68546117255651e-08	1.36790678477097e-07	6.9735
LINC01571	-0.426917676417962	2.68546117255651e-08	1.36790678477097e-07	6.9735
SEPHS2	6.44900413564536	2.69253691970094e-08	1.37112842415789e-07	0.5883
HADH	5.40685906825443	2.70091813602821e-08	1.37501286925072e-07	0.636
HSF4	3.61469426297386	2.70651121831093e-08	1.37747613051253e-07	0.9238
FOXL2NB	-0.286244049483111	2.76240332920597e-08	1.40474749799399e-07	4.7877
TMEM232	0.746762254274048	2.79311615861596e-08	1.41917975484812e-07	2.4911
HOXC4	1.53536876683079	2.88404780168742e-08	1.46456680577484e-07	1.8123
FAM78A	-0.320124173147795	2.91976310363764e-08	1.48161605463782e-07	4.743
LOXL1-AS1	1.35318794978251	2.95147441648345e-08	1.49672547075894e-07	2.0185
ACAD10	4.65993622473369	3.01340014113707e-08	1.52643265750828e-07	0.6915
FAM20C	0.241660030079148	3.02631030466078e-08	1.53254704360298e-07	3.2436
SYNGR2	5.97474101994689	3.04527184802503e-08	1.54032433242932e-07	0.6746
ZNF397	3.90585662753427	3.04527690324131e-08	1.54032433242932e-07	0.8339
TADA3	5.01036900922938	3.05039685147727e-08	1.54217792635195e-07	0.6812
TMEM134	3.83473673290945	3.12935712632598e-08	1.58165957082522e-07	0.8445
SSPO	-0.542697194838654	3.14336442996092e-08	1.58829950272257e-07	6.8258
SLC23A1	0.730763972069416	3.21279220749396e-08	1.62248228326445e-07	2.7729
LOC553103	1.45748799526649	3.26249106209805e-08	1.64666952805259e-07	1.946
TMBIM6	9.438334238245	3.31243946973877e-08	1.67141777113187e-07	0.6683
ITGA4	-0.542774895315944	3.32561867316109e-08	1.67667756137059e-07	6.8255
LOC105372731	-0.542774895315944	3.32561867316109e-08	1.67667756137059e-07	6.8255
HUNK	-0.542774895315944	3.32561867316109e-08	1.67667756137059e-07	6.8255
TRNN	6.23897219035389	3.38559147117616e-08	1.70550104574481e-07	0.7523
MGST3	6.3765485765272	3.48982125986358e-08	1.75479471150023e-07	0.6364
ZNF419	3.9947651117505	3.49017287327856e-08	1.75479471150023e-07	0.846
BCL2L15	4.81117385113567	3.49818431852003e-08	1.7583384614235e-07	0.6742
CBLB	3.73322381374025	3.52091201893134e-08	1.76927524959016e-07	0.8687
CTSK	1.43719478420125	3.62236446517304e-08	1.81925407637411e-07	1.8599
OSCP1	2.20629057276382	3.80824901507981e-08	1.90998335217849e-07	1.4173
STAT2	5.5211981029439	3.83522628590548e-08	1.92298519844797e-07	0.6606
RAPGEF1	5.3336182793604	3.94807380832776e-08	1.97848024827976e-07	0.6979
HLA-H	4.67409926353088	3.97557885592981e-08	1.99115285563766e-07	0.6985
PPARGC1A	-0.42753638795931	3.97663415406163e-08	1.99115285563766e-07	6.9687
ZHX3	5.60623921912565	3.98171792658754e-08	1.99315169914401e-07	0.6354
TLE1	6.00458532290159	4.14564229311181e-08	2.07179977287296e-07	0.5875
ATXN7L1	3.32401046285442	4.26010832484333e-08	2.12667589768498e-07	0.9877
FUT2	3.40145974116227	4.3163315725884e-08	2.15238866946665e-07	1.3465
USP40	6.03763859685014	4.34943665844205e-08	2.16830463234621e-07	0.5815
SLC9A3	2.57901944560209	4.41724441278874e-08	2.20030597543987e-07	1.2877
FOXP1	4.42838083229274	4.46467137211589e-08	2.22271722305284e-07	0.7879
SHOX2	2.51259182825194	4.49009179441638e-08	2.2341541509639e-07	1.2614
DTX3	3.58225686988285	4.64226290495532e-08	2.30735506650869e-07	1.0785
PIR	1.59173455036307	4.70482278179366e-08	2.33590548557044e-07	1.7713
EXD3	2.64068304334671	4.71350148931628e-08	2.33957811824247e-07	1.2725
SASH1	4.39442565704432	4.92709379268206e-08	2.44227597825696e-07	0.8675
LOC105376544	-0.0981545565627738	4.93231817383378e-08	2.44420197018212e-07	4.1331
SAT2	4.47646259490275	4.98181209603305e-08	2.46671987049578e-07	0.7087
CHM	5.65612860769045	5.1260680577023e-08	2.53471014250848e-07	0.5908
RB1CC1	6.44143310296842	5.29043533136882e-08	2.61174114141344e-07	0.6171
BMP2	1.99611801177168	5.29639502566912e-08	2.61397641493959e-07	1.5626
CLDND1	5.48866713625663	5.34217538120541e-08	2.63585820971043e-07	0.6382
LGR4	6.61455945924488	5.50302069005055e-08	2.71009295164723e-07	0.5872
CDC42EP4	5.34196772473771	5.51736078102322e-08	2.71568990073766e-07	0.6401
ANKRD6	2.34726246683179	5.52891691057932e-08	2.720644396753e-07	1.4758
MYO5B	5.8647039291509	5.54743085482981e-08	2.72901906994807e-07	0.5984
LOC646588	-0.355054510657877	5.5829388814855e-08	2.74574709645472e-07	4.7003
HAGH	3.82325513799189	5.64392790985773e-08	2.77499455756431e-07	0.8337
MYL3	-0.503429776350367	5.81276020415909e-08	2.8556983392661e-07	6.8741
ZNF281	6.02515983149518	5.86862743647628e-08	2.88236918160643e-07	0.5762
RGS17	3.34299322406141	5.94229709570152e-08	2.91776696554941e-07	0.9447
FBRS	5.00003470974659	6.07419708763426e-08	2.9801274397165e-07	0.8329
DSTYK	4.95023984838389	6.08176296978526e-08	2.98303774251477e-07	0.6436
TULP3	5.53803556657062	6.13448109041827e-08	3.00727945184414e-07	0.6311
NCK2	4.90529802757585	6.18557248418965e-08	3.03069810175433e-07	0.6823
TCFL5	4.43751860635339	6.23461832680176e-08	3.05227117656457e-07	0.7101
NEFM	-0.426840321082782	6.26530996484915e-08	3.0664744964688e-07	6.9746
WWC1	7.59909396358821	6.35570070096402e-08	3.10904801706321e-07	0.6123
C1orf106	5.93666157545779	6.36345833865695e-08	3.11200898554839e-07	0.5764
ZNF224	2.84336434727796	6.39832524163307e-08	3.12822243201e-07	1.1265
BPNT1	5.60644029722193	6.52246061013038e-08	3.18635378374472e-07	0.5903
FAM122C	2.9675946039512	6.57033676788961e-08	3.20888357502923e-07	1.0576
FGD3	1.93947974398314	6.77150219043743e-08	3.30536213873331e-07	1.522
TMEM184A	4.47756727353229	6.88278580706176e-08	3.35430159353229e-07	0.7618
TMEM65	4.8431061959821	6.92144028970291e-08	3.37223949636553e-07	0.7552
CALCOCO2	6.09534958049403	7.08394844548331e-08	3.44865500855316e-07	0.6869
DNAJC6	3.97546562781837	7.15864184381918e-08	3.48316006132098e-07	0.8507
CUL5	6.69900078740046	7.17840079062953e-08	3.49184345413623e-07	0.5762
BBS12	2.46216730750238	7.1847481064234e-08	3.49400003811576e-07	1.3115
GPSM1	4.11399841642094	7.2763253700458e-08	3.53665058454622e-07	0.8542
RNF44	5.71107362464313	7.42148016577846e-08	3.60624279761649e-07	0.7028
LINC00174	2.12044001874718	7.46082477708629e-08	3.6243964111359e-07	1.4252
MED13L	6.20832107306772	7.5505964765374e-08	3.66606563933425e-07	0.5692
SULT4A1	1.28738239363294	7.59331570395258e-08	3.68385786583466e-07	1.9282
KRBA1	2.07593690473671	7.62675911685913e-08	3.69713527449231e-07	1.4257
RASSF7	2.44717247124454	7.81952636614339e-08	3.78573346645629e-07	1.3147
BRAT1	4.92442644573077	7.87266482883061e-08	3.80718437374113e-07	0.6616
PGLS	4.79424665349339	7.87463200878972e-08	3.80718437374113e-07	0.6957
DIXDC1	2.86853867993165	7.96260385118094e-08	3.84570846586043e-07	1.0805
HERPUD1	5.54387817071457	7.97359386160952e-08	3.84993201633281e-07	0.6164
ATP9B	4.51279724013275	8.06932243510022e-08	3.89306422767415e-07	0.746
ADGRF3	1.57321142353841	8.09195660225559e-08	3.90192181011036e-07	1.6948
SKIV2L	1.25647793744717	8.09859870890302e-08	3.90409342565972e-07	4.1722
SMC5	7.25059482644025	8.19983197980731e-08	3.95080846195202e-07	0.6199
B4GALT5	7.16971775316515	8.24256640585206e-08	3.97035072045475e-07	0.5676
COL4A2	6.12561081980507	8.31413949749024e-08	4.00377026289058e-07	0.6217
KLHL42	5.07621881336535	8.3238339239358e-08	4.00738164861213e-07	0.6635
OBSCN	2.35387506697463	8.40785917324606e-08	4.04570050255087e-07	1.2857
INADL	6.90970724815495	8.73657541478376e-08	4.19986523944194e-07	0.5589
EFHC1	3.55755612780835	8.73744970387844e-08	4.19986523944194e-07	0.9742
STRN	6.42470338219077	8.83017873317561e-08	4.24332042518699e-07	0.5749
RRNAD1	3.37986534057991	8.91625460970627e-08	4.28355642512626e-07	1.0414
LOC105369660	-0.068767159822788	9.07595498203888e-08	4.35913270592217e-07	3.6034
ATP8B3	2.03684578570805	9.11308426665541e-08	4.37581447585642e-07	1.472
KRAS	6.92644754883162	9.1721334687109e-08	4.40185248698176e-07	0.5741
HELZ2	5.79957318403911	9.21532697439549e-08	4.42141942824084e-07	0.603
DFNB31	2.61992220309424	9.48826567923187e-08	4.54639837900412e-07	1.2124
IGFBP6	3.31322738594812	9.51645660093168e-08	4.55870983223849e-07	0.9346
ZNF337-AS1	2.36498647752982	9.6361713870244e-08	4.61363610914024e-07	1.2721
RTN2	1.69674081403135	9.64273626265103e-08	4.61556877847292e-07	1.665
GTF2IRD1	3.96008903579834	9.65092606263179e-08	4.61827801309059e-07	0.7868
RBM24	1.40702979821113	9.73635172202015e-08	4.65671566772858e-07	1.8828
DDHD2	5.33027583686779	9.83284664106163e-08	4.69917403872307e-07	0.6377
SEC16B	1.06929440082572	9.85406569212874e-08	4.70808226316415e-07	2.1249
NEIL1	1.49692618785435	1.01281058346679e-07	4.83648182363842e-07	1.7602
CHIC2	3.42115606960889	1.0275669558574e-07	4.90181926995891e-07	0.9665
VAPA	7.31785775644452	1.02827248855997e-07	4.90390348776146e-07	0.7094
TTC21B	4.44581399606844	1.0504394964959e-07	5.00831116428028e-07	0.7154
ATXN1L	6.84632416919763	1.08090521977779e-07	5.14818828391946e-07	0.6006
ELAVL2	0.170302222584568	1.08752368546645e-07	5.17836004222103e-07	3.1518
RUFY1	6.03211273881395	1.12258044719007e-07	5.33693454268279e-07	0.6263
R3HDM2	5.4266959511788	1.16023911710912e-07	5.50736487830058e-07	0.6557
PRRC2B	8.05626776728456	1.18523347284202e-07	5.6216217927264e-07	0.5885
CDO1	-0.625102656617567	1.19189820993221e-07	5.65176460273312e-07	6.7202
SMARCA2	5.25524106350535	1.21863422458486e-07	5.77404266909451e-07	0.6299
ANKRD10	5.20286797945102	1.2203682291841e-07	5.78075827503501e-07	0.6055
RIBC1	0.696439793174866	1.23519253878836e-07	5.84794475832996e-07	2.4253
UNC5A	-0.068386934668749	1.2397323622848e-07	5.86639554325331e-07	3.6052
G6PC3	4.20168712033774	1.25601328063451e-07	5.93574383931237e-07	0.7506
DGCR9	-0.157877369141887	1.27688526927988e-07	6.03282025775713e-07	4.0636
NKX3-1	2.13365064564072	1.30364627334759e-07	6.15129655369179e-07	1.4369
ZFP14	2.42177191196623	1.32854165750208e-07	6.26390921987551e-07	1.3355
SENP7	4.33990855510713	1.3401804529859e-07	6.31715320157776e-07	0.7149
SLC35D1	4.70811228728381	1.4014452705944e-07	6.5939133616138e-07	0.7358
CAPN1	7.05119415002431	1.40178449586016e-07	6.5939133616138e-07	0.5949
AP5B1	4.52393777957532	1.41784227092981e-07	6.66773016437265e-07	0.6996
SQRDL	5.20136618589564	1.44957405699544e-07	6.81169214530472e-07	0.6069
VEPH1	2.27116460422487	1.4744502751876e-07	6.92324182711543e-07	1.5604
VPS39	5.27192259855681	1.50489616369068e-07	7.06075157140504e-07	0.6084
B4GALNT4	5.1739678235124	1.50810075032146e-07	7.07396898711936e-07	0.5999
SLC9A9	-0.427186100172949	1.51324049794175e-07	7.09625443884526e-07	4.6061
AKR1C1	0.374097824496439	1.53232358487021e-07	7.18389814211367e-07	3.4057
IMPA2	4.94272688623083	1.57187109034645e-07	7.36741428122332e-07	0.6251
LINC00887	1.21830307225055	1.58059713283356e-07	7.40451148499087e-07	1.9074
CRYZ	6.88225362275714	1.62287881563439e-07	7.59673734826191e-07	0.5946
FNDC4	2.0346737810137	1.62993068249063e-07	7.62779147386539e-07	1.7702
PGS1	4.10013227075452	1.63278382463919e-07	7.63331664599566e-07	0.7924
TRIM56	6.13629048756617	1.63476218117518e-07	7.63865328373023e-07	0.7278
TSPAN6	6.4413777164073	1.65501178242554e-07	7.72931570733196e-07	0.598
ABCA5	1.79607788397195	1.6617283535156e-07	7.75869893140173e-07	1.5657
GALNT11	4.75746950885026	1.67372927258397e-07	7.81073660539186e-07	0.6632
RMND5A	5.76157097962468	1.67744498410782e-07	7.82607606181249e-07	0.5825
ZNF83	5.76435489949338	1.69606392673948e-07	7.90610261608596e-07	0.5918
FAM120B	0.417676982020844	1.6963301899216e-07	7.90610261608596e-07	3.1822
CNOT6	7.69067978034151	1.70091442110101e-07	7.92544504125065e-07	0.5552
PERP	7.56719039592801	1.75674411150869e-07	8.17185258872027e-07	0.5561
SURF4	7.41721742534457	1.78487767444183e-07	8.29338936742429e-07	0.541
GAS2	0.0947964340860881	1.80195215527477e-07	8.37059505004995e-07	3.0539
LOC729987	-0.0981527436327461	1.82589000033366e-07	8.47574206171582e-07	3.5672
NUDT12	4.28022283287569	1.8683827646407e-07	8.67035987577038e-07	0.7206
LOC105369195	3.09103693868359	1.87023937790811e-07	8.67677003382223e-07	1.1429
CFAP45	1.48573328899009	1.96278892239492e-07	9.08997325399332e-07	2.1272
HEXDC	2.66287367806015	2.06410260271426e-07	9.54222768172992e-07	1.2732
ACVR2B	2.96796311568863	2.08643460801392e-07	9.64058471371859e-07	1.06
BBS2	5.45763500296767	2.12526380397965e-07	9.81751417142019e-07	0.6103
PDE4C	-0.12737642530748	2.1408308504432e-07	9.88192364239974e-07	3.5294
LINC01124	0.287786719181697	2.18371123063701e-07	1.00671293501286e-06	2.7731
EPS8	8.41631606695431	2.1959741509276e-07	1.0118552271412e-06	0.5588
LINC01503	1.37593150176397	2.29826841419954e-07	1.05792204159422e-06	1.8372
NCKAP5L	2.04991845011037	2.30654203252377e-07	1.06146285217429e-06	1.423
UBXN4	7.60967522398978	2.41148675673228e-07	1.10864019720233e-06	0.5644
DEFB1	-0.625414422550239	2.44550673276491e-07	1.12371434466036e-06	6.7183
DCTN2	6.5171487163837	2.46608058189506e-07	1.1325979145428e-06	0.542
TRIP6	6.74816162934156	2.47637245900437e-07	1.13703862202173e-06	0.593
PHF11	3.59811251666508	2.52448454588049e-07	1.1582555885799e-06	0.857
ITIH4	0.457529385519988	2.54793676072499e-07	1.16872194733154e-06	2.7858
CPS1	0.145067071632196	2.59822014641471e-07	1.1911880209178e-06	3.1173
GNB2	6.83635481548549	2.62432809486341e-07	1.20285547827834e-06	0.5416
ZBTB47	0.975697845469669	2.6798433700735e-07	1.22737633126096e-06	2.776
DICER1-AS1	1.89559302920015	2.70645714274226e-07	1.23770244483724e-06	1.46
PARP14	7.18600888779703	2.72119619096635e-07	1.24413117110648e-06	0.5334
POLD4	5.12941039200139	2.7271533024234e-07	1.24654258109769e-06	0.6008
KIAA0319L	5.18773177528258	2.85405086045222e-07	1.30291454134573e-06	0.5851
ZFAND3	5.5540599268091	2.87745837774927e-07	1.31327200360476e-06	0.6888
STK40	5.25699400758462	2.88354502012833e-07	1.31572101693234e-06	0.578
KCNH3	-0.464710025923161	2.91209283611485e-07	1.32808310807176e-06	4.5573
NRBP2	3.30543131315279	3.05893357762194e-07	1.39331066349966e-06	0.9481
UBXN2B	4.81553295234501	3.06517112944789e-07	1.39552253206002e-06	0.6173
TCN1	1.71299524114199	3.08098910976021e-07	1.40195755702349e-06	1.5929
NSMF	5.62105912578917	3.11038456838969e-07	1.41392382172615e-06	0.5987
TPPP3	0.416834341190386	3.16097108797244e-07	1.43441929361235e-06	2.5352
HOXB8	2.55873612624954	3.17948990498018e-07	1.44246440619578e-06	1.1968
RETSAT	5.23332793771698	3.26193466068931e-07	1.47803125255756e-06	0.6907
ANO9	3.74108778708632	3.26783872475607e-07	1.48033905109545e-06	0.8479
HOTAIR	2.29453467565541	3.30371233025841e-07	1.49584752731145e-06	1.334
SIRPB1	-0.71266484871514	3.35734116437333e-07	1.5189992638612e-06	6.6055
EPS8L3	1.23012531217623	3.36365697302722e-07	1.52147972496494e-06	1.85
SERPINB6	4.82739351220895	3.36588944302375e-07	1.52211240207683e-06	0.692
STXBP4	4.61365552236134	3.3804263922762e-07	1.52792929481046e-06	0.6695
ZNF319	3.25821257254373	3.40692377407263e-07	1.53952476285816e-06	1.0966
LMTK2	6.49375643409024	3.44035335902962e-07	1.55424624900878e-06	0.5547
RASSF8-AS1	0.873443031828272	3.46766213284889e-07	1.56542136244534e-06	2.2729
PRRG4	5.40825331455462	3.47202065488336e-07	1.56700146045861e-06	0.7447
LITAF	5.66742029871418	3.52255290190833e-07	1.58902213435232e-06	0.5916
PCDHGB5	2.41193799974121	3.5480640395253e-07	1.59973961732709e-06	1.212
ZNF528	5.49274135088851	3.55737663284294e-07	1.6035424150415e-06	0.5655
MAPK3	4.95626480890127	3.61825565449128e-07	1.6297773310731e-06	0.7001
EML4	8.0268948198393	3.64175842497727e-07	1.63955466846819e-06	0.5371
DUSP28	1.77134928880876	3.66275965312746e-07	1.64738458308684e-06	1.4914
GOLM1	8.5884652199517	3.67446944990397e-07	1.6518373375387e-06	0.6052
DBNDD1	5.50380954464877	3.67748660048838e-07	1.6523799010218e-06	0.5884
CLIC4	7.01701404773925	3.79209591878723e-07	1.70052820175337e-06	0.6051
XPA	4.43404542659506	3.83372600916846e-07	1.71877460764684e-06	0.6652
BTN3A3	3.58129711952168	3.83802151748602e-07	1.72027794802909e-06	0.8642
SHISA5	6.31605949743649	3.89135699789818e-07	1.74332793505838e-06	0.5381
MINPP1	4.40867912388558	3.92380329960087e-07	1.75743260641593e-06	0.6718
PEX6	4.09006173853978	3.94895663568502e-07	1.76783110203692e-06	0.8087
ENKUR	1.39624083872	3.96134585899331e-07	1.77294263304197e-06	1.7416
HMGN4	4.88586945617793	4.10699966867697e-07	1.83678064555039e-06	0.6264
CPNE7	5.39609908934958	4.1185932923895e-07	1.84151455169882e-06	0.5801
SLC44A2	6.58630187642434	4.15823125270373e-07	1.85878231511653e-06	0.5574
LOC728613	1.36406721749291	4.19683925965042e-07	1.8751223084723e-06	1.7589
SCARB1	6.04999283269962	4.21407147082334e-07	1.88236087035358e-06	0.554
CAB39L	2.69731189329579	4.42336372636503e-07	1.97343421770577e-06	1.2181
MTA3	5.88857122890543	4.47499283730295e-07	1.99500535379249e-06	0.5466
ZNF605	5.0840091212301	4.51366304519228e-07	2.01126269350818e-06	0.5915
MID2	3.43676674386569	4.70090143905345e-07	2.09265195492221e-06	0.9299
RLTPR	1.095479975734	4.73016903396742e-07	2.1046542989059e-06	2.1625
DEPTOR	2.32572221465251	4.7330998758303e-07	2.10544520792295e-06	1.2722
SEMA6B	1.37489357555107	4.74819441137801e-07	2.11113095894099e-06	1.7116
ATG13	5.06860667954608	4.81408912514709e-07	2.13891186168167e-06	0.5895
GAMT	3.90721502886004	4.82900875034282e-07	2.14497284054157e-06	0.8271
GYG2	1.27640280383104	5.02671103031126e-07	2.22912917623974e-06	1.7705
LOC100128770	1.43833067188286	5.02701841508491e-07	2.22912917623974e-06	1.7967
NLK	4.37237805684873	5.04154257429008e-07	2.23502674201651e-06	0.6829
A4GALT	3.39911819887151	5.0495308724525e-07	2.23802465665193e-06	0.9631
LOC102467147	-0.503000801409093	5.05545093594123e-07	2.23956108436164e-06	4.5081
ANO8	4.25323174461893	5.07699972865701e-07	2.24747107289918e-06	0.7597
TMEM140	3.62912158656144	5.11502091033989e-07	2.26265620884819e-06	0.861
DLX6-AS1	1.60925489314163	5.1747497637221e-07	2.28741481081139e-06	1.5924
UST	2.81596854842639	5.3090367103543e-07	2.34280334020372e-06	1.0325
RILPL2	2.14074193933992	5.38330609371862e-07	2.37500328774594e-06	1.5879
ZNF197	4.10132927927635	5.51344796407664e-07	2.43065699184214e-06	0.7104
OCEL1	3.20343077428825	5.52508600737603e-07	2.43519966563633e-06	0.9217
STK17A	6.33659964432466	5.61991984632926e-07	2.47460821791092e-06	0.5606
SNHG8	6.80433938303687	5.6297042975647e-07	2.47831882460432e-06	0.8604
FBXL20	4.17126469889519	5.74460913141683e-07	2.52707432055773e-06	0.7219
RBM11	1.85046046424896	5.76024198643135e-07	2.53334082641028e-06	1.4349
GNS	10.0198556634152	5.81070851374856e-07	2.55492039082355e-06	0.6044
NBPF10	3.46646775227459	5.92269899388826e-07	2.60165526545775e-06	0.9369
PUS10	4.31432937157273	5.98303598694016e-07	2.62563233119182e-06	0.7033
KLHL29	4.31933196182379	6.02632902929586e-07	2.64336046993813e-06	0.6822
ANKS3	3.41893940218958	6.12976021978773e-07	2.68614744532993e-06	0.8653
ACOXL	2.36428007412911	6.13966084457855e-07	2.68984037385711e-06	1.2195
KLHL6-AS1	-0.758518454578391	6.14633109297049e-07	2.69211661308228e-06	6.5446
C10orf126	-0.668533220251994	6.18169082315918e-07	2.70695484930665e-06	6.6617
C6orf165	-0.0983050216830612	6.23867458366466e-07	2.7292893170233e-06	3.5661
MAFG	4.66154115656831	6.25125268614877e-07	2.73413677619386e-06	0.6755
LINC00853	0.4376370238645	6.37380674792853e-07	2.78573655710278e-06	2.7593
PRKAR1B	5.12382810404084	6.37814827382907e-07	2.78696684746346e-06	0.5778
ADGRB3	-0.758440142138924	6.40260129637856e-07	2.79698227486688e-06	6.5449
LINC01004	3.05625080449805	6.50898745086802e-07	2.84141738170843e-06	0.9725
RGL4	2.53726077647369	6.54994938757909e-07	2.85861525268094e-06	1.2438
SLC3A2	7.82638812439987	6.59729391788039e-07	2.87858981273481e-06	0.6083
SORBS2	0.374809361612823	6.7182439762349e-07	2.92996325920077e-06	2.481
MTRNR2L2	2.72475489164386	6.73299467557966e-07	2.9349940496032e-06	1.4306
MLEC	8.681493600125	6.79373868485305e-07	2.96076613584811e-06	0.5653
SLC22A5	3.47857225759039	6.8056065552778e-07	2.9652303883807e-06	0.8536
LIMA1	8.87018065440528	6.84956706821695e-07	2.98296031482272e-06	0.5357
EPOR	2.36888303126436	7.15322446806228e-07	3.11003106984215e-06	1.2297
TPM2	3.03494407999082	7.17462547778249e-07	3.11857054100946e-06	1.0569
DNAI1	-0.355206926402155	7.20460430192618e-07	3.13011080761457e-06	3.8077
BTN3A2	4.81940234064559	7.39475199067975e-07	3.21043025783233e-06	0.6299
MARK4	3.73621828876914	7.47051578564688e-07	3.24255197771682e-06	0.8145
SPG20	5.41723603943745	7.47716876590026e-07	3.24466824317269e-06	0.5513
GSAP	3.34527606373352	7.8493320397317e-07	3.3988948225176e-06	0.9109
GLB1L	2.25285231753377	7.94434132135562e-07	3.4375893615233e-06	1.248
FMNL2	6.77564711010013	8.00741417138039e-07	3.46241954317197e-06	0.5327
SNX1	6.09044480608951	8.02722097531655e-07	3.47016211521143e-06	0.5547
TAPT1-AS1	1.27606269609778	8.24393838144527e-07	3.56047643935805e-06	1.7693
PPP1R15B	7.00582438996397	8.33545291619405e-07	3.59744748080469e-06	0.5712
CDK10	6.12325952938642	8.36197372337648e-07	3.60804047019525e-06	0.6033
CLUAP1	4.03085282224889	8.63900092032386e-07	3.72493152577781e-06	0.7074
MFSD10	4.86134690757475	8.65191349421531e-07	3.72873778919723e-06	0.6998
ZNF396	0.662719319222412	8.6858127166069e-07	3.74246393567089e-06	2.3843
TCAIM	4.96248010815388	8.76595346145896e-07	3.77610302955155e-06	0.6494
TEAD2	3.79811501678458	8.80694805657473e-07	3.7911512686237e-06	0.7774
ZSCAN20	2.70627878623973	8.93524588213597e-07	3.84268195110187e-06	1.0551
TMEM74B	1.21875054695653	8.9395990223194e-07	3.84364860460346e-06	1.834
HRSP12	4.99239235784523	9.22839023487143e-07	3.96408216771324e-06	0.5808
ZNF524	2.89253659693614	9.27491484546622e-07	3.98312974403273e-06	1.0235
PEX5L	0.170717987804398	9.32256285655817e-07	4.00076886481725e-06	2.8647
RTKN	5.29424993178547	9.44331564680038e-07	4.04973386065275e-06	0.557
LOC389765	1.02923890711924	9.48365842766601e-07	4.06512487099015e-06	1.9757
CTAGE4	1.36390097248031	9.57340248071319e-07	4.10262994572535e-06	1.6972
ELN	0.0421958382743797	9.71206205058938e-07	4.16107497760055e-06	2.9827
ZFPM1	3.01970781183935	9.78700735809138e-07	4.19023467001211e-06	0.9467
GTF2IRD2B	3.0227417064869	9.91702190987165e-07	4.24180563781913e-06	1.1188
MIR612	0.902007144304243	9.91907771025957e-07	4.24180563781913e-06	1.9961
NUB1	6.19773040008726	1.00679120507266e-06	4.30343719030823e-06	0.5707
C3orf67	2.6002630229432	1.0159414500773e-06	4.33848587429501e-06	1.082
SNHG12	4.63557362088327	1.02632774484788e-06	4.38181461878928e-06	0.6348
RGS4	-0.71243026258096	1.05322906995724e-06	4.4935148168122e-06	6.6075
WASH7P	1.91008674790616	1.08564500761194e-06	4.62532911527739e-06	1.3667
OSBPL8	7.10815000192116	1.1015271811049e-06	4.68971087179364e-06	0.5139
DLX5	-0.758675067952103	1.11218379121057e-06	4.73273255773207e-06	6.5435
ZNF580	3.99255707283364	1.112651428727e-06	4.73273255773207e-06	1.0144
TCEANC	0.572488522465971	1.11401249707749e-06	4.73734268498639e-06	2.2619
PURG	-0.805795813505989	1.11575564997553e-06	4.74144207308037e-06	6.4813
LOC102724156	-0.805795813505989	1.11575564997553e-06	4.74144207308037e-06	6.4813
GGA1	4.48744742627696	1.11750258955922e-06	4.7477605945993e-06	0.6326
LGMN	5.43619900195141	1.12748216873175e-06	4.7856919242796e-06	0.5446
ITGB6	6.24833891406355	1.13684687438969e-06	4.82209027389826e-06	0.545
HIPK3	6.06941983711138	1.1439802515376e-06	4.84784203158553e-06	0.5366
LRRC27	1.96631527271393	1.14696639359641e-06	4.85936841065122e-06	1.4124
USP9X	7.31155139036671	1.15266553055275e-06	4.8812484170195e-06	0.5518
SPACA6P	2.45206599220471	1.15778831865747e-06	4.90066857069576e-06	1.1293
SAP30L	4.14696120429154	1.15876930742031e-06	4.90362219132072e-06	0.6841
TNFAIP2	7.36275994548517	1.16048186549609e-06	4.90865545331247e-06	0.5743
ZFHX4-AS1	-0.625570282950662	1.17498233288766e-06	4.96742950246622e-06	6.7157
SPG11	5.81717103892494	1.18185130228761e-06	4.99210489925094e-06	0.5548
LOC113230	1.4466018242689	1.18880996141414e-06	5.01873453771767e-06	1.6929
DIRC2	4.40468744641814	1.19004925121349e-06	5.02208486596242e-06	0.6992
DNASE2	4.03689398638464	1.20821466912336e-06	5.09756574983038e-06	0.9422
FN3K	1.653461617809	1.21879082332332e-06	5.1409993693601e-06	1.7473
ZNF846	1.81837124683315	1.22086593401423e-06	5.14856283006787e-06	1.4338
TSSK3	0.516202461663041	1.22568436092999e-06	5.16535373819037e-06	2.3309
SAXO2	-0.253216344000575	1.22569634059162e-06	5.16535373819037e-06	3.3663
C6orf62	7.07420237860076	1.2263000298814e-06	5.16670513397529e-06	0.7124
ZFYVE9	4.63760356885902	1.23128382723245e-06	5.18650612597039e-06	0.6148
CD1D	-0.502653906595654	1.23416503500791e-06	5.19744334004716e-06	6.8825
TCF7L2	5.1798770950197	1.23847385131983e-06	5.21325372154652e-06	0.6249
LINC01138	2.10727100325076	1.23849043549229e-06	5.21325372154652e-06	1.3068
PIM1	4.55038528770178	1.25403698782518e-06	5.27504591007752e-06	0.7443
IQSEC2	3.40970167875839	1.28322361694556e-06	5.39408941997656e-06	1.0168
EBF3	-0.805717375976676	1.28921313648169e-06	5.41552577533587e-06	6.4817
C17orf62	4.49784596348184	1.30817077831256e-06	5.49010706410901e-06	0.6375
RERE	5.51346881655596	1.31360958503209e-06	5.51166549858556e-06	0.5882
PARP3	2.65759044220977	1.31897374995435e-06	5.53162985967531e-06	1.226
MLLT11	0.194226152680914	1.32240974683988e-06	5.54476626970807e-06	2.6551
FAM109A	3.29802447290602	1.32287664143003e-06	5.54545027920702e-06	1.0117
PCOLCE	2.36037125627709	1.32421368157327e-06	5.54850699352805e-06	1.2117
SOX18	-0.583464767652892	1.33689162611478e-06	5.59649014591867e-06	4.4029
PDXDC2P	4.25727567936703	1.3582929221078e-06	5.68347366170067e-06	0.6699
HIST1H1D	0.84255353172141	1.35908888380576e-06	5.68550106845968e-06	2.24
SMAD1	4.09939279507203	1.35983438197658e-06	5.68731648965967e-06	0.7168
ZKSCAN8	5.02032364389237	1.36232103390018e-06	5.69510712042173e-06	0.567
MEF2C	3.59919476207718	1.37973546992683e-06	5.76394753752498e-06	0.8445
LOC105379054	0.35398233058456	1.39773806482507e-06	5.83248139690204e-06	2.4511
LGALS4	-0.583542583878672	1.40807419805214e-06	5.8715857833805e-06	4.4026
HABP4	5.45386289800218	1.42348891577706e-06	5.93044583441944e-06	0.5965
FTSJ2	5.94551234578953	1.4341367096099e-06	5.97208023965289e-06	0.5129
TBCK	4.52836920030549	1.44990167779157e-06	6.03497606697739e-06	0.659
NSUN5P1	3.70742116135227	1.45688521328747e-06	6.06266160332254e-06	0.7656
ENPP5	3.24386070304545	1.47705234896214e-06	6.14238443796192e-06	0.9182
EGLN1	6.29353939842561	1.48398691038003e-06	6.16841189341935e-06	0.5133
TSTD2	4.27155013545723	1.50785715989285e-06	6.26335388191215e-06	0.6643
ZNF337	4.14776978081403	1.51829354493177e-06	6.30527000825167e-06	0.6766
PBLD	2.22369363087898	1.53756644236886e-06	6.3795029481559e-06	1.2371
C4orf33	4.07781583660379	1.5408735326554e-06	6.39031967563768e-06	0.7367
ZNF277	4.82953482343493	1.54869816388503e-06	6.41985324248071e-06	0.612
APH1B	0.516898664257345	1.54926968646414e-06	6.42076444860144e-06	2.3319
SLC9A3R1	5.00743830120526	1.56629603367116e-06	6.48985483220622e-06	0.5697
LOC283922	1.62739541365497	1.58484973780816e-06	6.5637515456955e-06	1.4685
ANAPC2	4.81466934358423	1.58526302974762e-06	6.5639741145549e-06	0.5919
RARRES2	-0.0981123856513473	1.60502266284609e-06	6.64428429317872e-06	3.141
SCRN3	4.68323592804478	1.61802011542464e-06	6.69505331532009e-06	0.6589
HINT3	4.85083240088694	1.63697699515075e-06	6.76798132028383e-06	0.6724
OGDHL	1.65353669055335	1.63712782155858e-06	6.76798132028383e-06	1.5103
C20orf96	3.69350398125437	1.65823426089012e-06	6.85213324282708e-06	0.8506
SOD1	7.31571131586707	1.68658150644801e-06	6.96454014515154e-06	0.4956
DVL3	5.76514135430327	1.73014884247791e-06	7.13476333143814e-06	0.6591
PCBP1-AS1	1.39574257665184	1.73698292073022e-06	7.15971104105914e-06	1.6186
ITPRIP	1.87251911351088	1.75263903574028e-06	7.21935429523343e-06	1.3929
FRAT2	3.03599112552434	1.8060339900667e-06	7.42923761213557e-06	0.9307
GATAD1	5.42070437528655	1.82929216943046e-06	7.52321645531033e-06	0.5288
PDGFB	2.78457908094001	1.83212272133979e-06	7.53316045062594e-06	1.0365
ESYT3	2.4372914264683	1.83270200694754e-06	7.53384549399557e-06	1.2222
AP4M1	2.62334852957747	1.90834103621212e-06	7.83595905467575e-06	1.0302
LOC100129034	6.4913868443562	1.92385230823766e-06	7.89255005374982e-06	0.5064
BIRC2	6.07338779878039	1.92578767113743e-06	7.89871483358456e-06	0.5774
CRCT1	-0.667908666989313	1.96808867399756e-06	8.06858900348067e-06	6.6679
SLC35F6	5.8426904984727	1.98411167276786e-06	8.13062686824918e-06	0.7529
PFN2	6.67979379946424	2.01629871150484e-06	8.25696484460123e-06	0.5024
TRIM47	5.38480229226185	2.05892255502406e-06	8.42206815248023e-06	0.5735
PTGR1	4.68844820237978	2.0667092967719e-06	8.45202619217467e-06	0.5896
SRGAP2C	4.34215655926521	2.07305413445376e-06	8.47607531435338e-06	0.6962
MTUS1	6.83249101463551	2.09312293916091e-06	8.55238414890814e-06	0.5692
OLFM2	2.31653157413543	2.0997894808332e-06	8.57770345985476e-06	1.2574
C9orf69	5.61951530343738	2.14407658282088e-06	8.75274197137254e-06	0.5945
SEMA3B	3.35922717204981	2.17703777128131e-06	8.88134112905286e-06	0.8398
ACSL4	8.18363071201342	2.18199698860796e-06	8.89783598813572e-06	0.5082
LBX2-AS1	2.03603934216528	2.18205585664349e-06	8.89783598813572e-06	1.2672
AP1G1	7.92352113417264	2.18971030495577e-06	8.92705478500948e-06	0.5058
AARS	8.19518975956369	2.21466875720539e-06	9.02679009411512e-06	0.4984
SNX22	-0.040488198430285	2.22746322307623e-06	9.07426612090614e-06	2.8773
CEBPZOS	6.39633059062002	2.22780788529258e-06	9.07426612090614e-06	0.5001
PGAM2	1.05541891690874	2.24881926891363e-06	9.15372231288454e-06	1.8465
STK38	6.40567678766097	2.27962964064099e-06	9.27499860029906e-06	0.5121
LOC105372417	1.32141386184785	2.31394983777394e-06	9.40834481924298e-06	1.7684
HOXB3	2.78150848452841	2.34310102108768e-06	9.52051018049781e-06	1.2064
LOC285074	3.02521097339155	2.34397438258387e-06	9.52193954794195e-06	0.9872
TMEM200B	1.91104043272456	2.37183918934382e-06	9.63299137723264e-06	1.5228
GRHL2	6.13076228126963	2.42590543518262e-06	9.84819426833309e-06	0.5004
CCDC103	3.35038025587298	2.42652882238513e-06	9.84853494474497e-06	0.8391
BCORL1	3.1288987879426	2.43966168115831e-06	9.89743636693915e-06	0.9924
ACSM1	-0.854834087811311	2.44943262404665e-06	9.9326614803633e-06	6.4144
SPOPL	5.74484493318634	2.4526552128549e-06	9.9435206675281e-06	0.5456
SERPINA4	-0.0407177268660876	2.45361465747246e-06	9.94520186208199e-06	3.2172
C12orf76	2.67619236721511	2.48543559744732e-06	1.00652422952525e-05	1.0097
RBBP8NL	2.30433220911187	2.51241444805213e-06	1.01699862890554e-05	1.1884
RPL32P3	3.1583602114849	2.53461560650537e-06	1.02575798076617e-05	0.8626
GPT2	6.49585969696104	2.5711989674144e-06	1.03964138093283e-05	0.4932
PLEKHG6	3.65592488570048	2.73225847151794e-06	1.10232288742611e-05	0.8376
SERINC2	4.30822199856085	2.77732501386717e-06	1.11995853613077e-05	0.7391
KCTD4	-0.0686489971266456	2.77781126840498e-06	1.11995853613077e-05	2.837
TRIM4	4.26984544470085	2.78846223878404e-06	1.12400456240321e-05	0.6553
CROCCP3	1.70535224347383	2.78934152909085e-06	1.12411079371043e-05	1.3981
DPEP1	-0.188759090243285	2.79480202499981e-06	1.12606280662981e-05	3.4537
PHF14	6.35927064842424	2.8009586951979e-06	1.12815041403693e-05	0.5727
ORC4	5.67675197467541	2.80378428722444e-06	1.12893440554851e-05	0.5199
LOC646471	1.18249871145385	2.82939804455352e-06	1.13874538583265e-05	1.7114
MTSS1	1.5157238948764	2.83131497468496e-06	1.13926573017079e-05	1.563
DLG3	6.42350590415685	2.88097547968195e-06	1.15720766462208e-05	0.4987
RHPN1	4.04576964658423	2.97823948420377e-06	1.19469874804711e-05	0.7514
IFNAR2	4.80621726542851	2.99255340722711e-06	1.19964986829903e-05	0.598
SPEF1	-0.0402595335768979	3.01821899780633e-06	1.20940750711046e-05	2.874
LOC644794	1.90146142335812	3.04050135243833e-06	1.21796827438948e-05	1.3942
GPR176	2.53258647524861	3.09322227780419e-06	1.23783134378767e-05	1.2118
KCTD1	4.5019818768732	3.10013765089702e-06	1.24032682346649e-05	0.6182
PLCH1	4.95616105115685	3.13947814045001e-06	1.25579125618e-05	0.6051
C11orf49	3.96881014369142	3.14555167626409e-06	1.25769114934583e-05	0.7193
CCDC57	4.52665342383449	3.14560571204703e-06	1.25769114934583e-05	0.6686
WTIP	0.887308926534246	3.23859606347734e-06	1.29345459931836e-05	1.8799
AVIL	1.7789867719824	3.3150888246428e-06	1.32284724770883e-05	1.4226
TBCEL	4.56934115049333	3.33112698527126e-06	1.32866624957641e-05	0.6648
KCNAB2	1.77135354531356	3.35767954830525e-06	1.33837986536814e-05	1.4097
ACADS	3.39814143732052	3.36403272441965e-06	1.34061954632187e-05	0.8697
TKFC	4.57906890372973	3.38908886058537e-06	1.35031004449687e-05	0.6934
OSBPL1A	4.45513151714254	3.41792821811444e-06	1.36090943402175e-05	0.6058
NENF	4.37013150417163	3.42995485474703e-06	1.3654002579211e-05	0.6409
NPEPL1	0.795843032855703	3.44273994415072e-06	1.3701909836585e-05	2.0618
CYP2W1	-0.0686874861496155	3.4520551162768e-06	1.37359891461964e-05	2.8388
LOC101927583	-0.464979877116758	3.48505378009625e-06	1.38612509388752e-05	3.6616
CHCHD5	4.11864783067956	3.56649890059331e-06	1.41697505830754e-05	0.6732
ZNF791	3.91195428581413	3.57383437171546e-06	1.41958051109742e-05	0.7585
DMWD	3.33188472066591	3.60848880982391e-06	1.43209938504664e-05	0.807
C19orf54	3.69407050186708	3.61465629060151e-06	1.43423528018303e-05	0.8232
HKDC1	6.12515510041755	3.68763270787525e-06	1.46255534901087e-05	0.4929
LARP6	3.72239397996268	3.72059026418339e-06	1.4749857950691e-05	0.8837
TRPV6	-0.905353205825607	3.74463865937002e-06	1.48387504591836e-05	6.3454
MORN4	3.22051724153149	3.77568709936296e-06	1.49552926200847e-05	0.8566
ACY3	0.609946532768795	3.77825440427992e-06	1.49622152721333e-05	2.1726
ZNF444	4.46636498322245	3.7819670426727e-06	1.49736695578037e-05	0.6209
TRAPPC2	3.78397554220934	3.78776975173318e-06	1.49933921482309e-05	0.8237
HIVEP1	4.05461524181632	3.79041090561792e-06	1.49973431930994e-05	0.6863
BCKDHA	4.89036755888428	3.8482097996121e-06	1.52128449765523e-05	0.5701
GSR	7.04590395271378	3.88221148341379e-06	1.53339794117703e-05	0.4802
LOC105374378	2.19472614990624	3.93138761343955e-06	1.55214991935451e-05	1.2527
XCL1	2.27119298985371	3.9449454443587e-06	1.55716592502081e-05	1.1855
PLIN5	-0.320274578622528	4.10167495160324e-06	1.61658415190995e-05	3.2772
VPS9D1	3.4859874444896	4.10293411112462e-06	1.61673138641682e-05	0.7996
LOC100507291	2.13449377542937	4.1057019387105e-06	1.61747290878504e-05	1.3058
THSD7A	-0.668375366649491	4.12220869289156e-06	1.62327527820164e-05	4.2885
ORAI3	1.24223278426088	4.12630673967682e-06	1.62418835359077e-05	1.6521
TCTEX1D2	2.76466722782811	4.13626814070214e-06	1.62775837845782e-05	0.9895
DENND4C	6.21338398985749	4.14807958929898e-06	1.63205476254832e-05	0.5247
AK5	-0.320081606573621	4.17013450958411e-06	1.64037870301589e-05	3.276
ZNF737	4.19133217979399	4.28010594590112e-06	1.6825498309296e-05	0.6583
KCTD17	3.28827196133789	4.28128827072317e-06	1.68265228569047e-05	1.0302
IVNS1ABP	7.01874688490391	4.30432960042615e-06	1.69134397730047e-05	0.4838
DMBT1	-0.905274520799158	4.31891726313341e-06	1.69598093258257e-05	6.3458
ADGRV1	1.97463953929315	4.33462545458348e-06	1.70178327524464e-05	1.3101
FRAT1	0.375441482931927	4.37628089012927e-06	1.7173986227472e-05	2.3023
EFCAB12	-0.0980344266003404	4.44887205283433e-06	1.74476064869051e-05	2.7986
TTC22	3.51184402315675	4.49740656790958e-06	1.7630374555241e-05	0.761
CD22	1.7630109856015	4.50200264508651e-06	1.76446028958135e-05	1.3522
TMEM44-AS1	2.8977881563961	4.51861791233078e-06	1.76983240951536e-05	0.9379
PRICKLE2	2.35038322930174	4.56041819747796e-06	1.78543844334458e-05	1.2948
TMEM51-AS1	1.42709324589249	4.62594806991821e-06	1.81031742689018e-05	1.7741
GLI4	2.32638831049249	4.63555145373525e-06	1.8132982074007e-05	1.196
CYLD	5.09661711685714	4.64567107071103e-06	1.81647828372029e-05	0.6601
SH3YL1	6.39451885152001	4.64684930932035e-06	1.81654991415315e-05	0.501
FBXO36	2.96640962256396	4.67220951465784e-06	1.82607272317691e-05	0.9451
GPR78	-0.668101572206857	4.7054091169847e-06	1.83865472687656e-05	4.2878
EIF4G3	6.97821821784032	4.77053825975161e-06	1.86330651412121e-05	0.4832
HDAC10	3.55617071369819	4.79361199497091e-06	1.87191830118051e-05	0.8718
ZMYM6NB	3.60725514082592	4.82614987754852e-06	1.88422138931834e-05	0.7659
MYO1F	1.55508057469095	4.94959980403128e-06	1.93117961150662e-05	1.4592
LOC100505938	2.45762623364073	4.98251021952935e-06	1.94318962973142e-05	1.0623
PPP1R13B	5.88797049398015	4.98422175445342e-06	1.94344195534604e-05	0.6042
HCFC1R1	2.75044697741267	5.01677825608956e-06	1.95530110681407e-05	1.2333
COPA	7.30420765971321	5.03921234938512e-06	1.96362562754268e-05	0.4762
ASB7	4.15483652159739	5.12981791079036e-06	1.99765264034532e-05	0.6713
SYTL4	4.93424846785361	5.1555099497512e-06	2.00722946561437e-05	0.5403
TRNAU1AP	5.21511657777407	5.15781856856514e-06	2.00762860119153e-05	0.5197
AKR1C2	0.28760473857062	5.15873453559897e-06	2.00762860119153e-05	2.361
TSPAN10	1.58332925132257	5.17750920083641e-06	2.01447552613966e-05	1.4987
JOSD1	5.47340332990092	5.23864044629421e-06	2.03655494010961e-05	0.7134
SGK223	4.81385623481534	5.26087445540123e-06	2.04476312662987e-05	0.585
ABHD14B	3.85385076985126	5.27307498043255e-06	2.04906889831368e-05	0.6937
NCRNA00250	-0.355166089378478	5.32241817281517e-06	2.06736310984923e-05	3.2296
PCTP	4.35680142536764	5.4580624116621e-06	2.11779781907127e-05	0.6489
CHD6	6.2092094717856	5.48268619870572e-06	2.12690011142311e-05	0.4823
YES1	7.09902120274582	5.54119456376575e-06	2.14868411121724e-05	0.5321
LGALS9	0.497232613920893	5.55450815042326e-06	2.15247507523089e-05	2.1587
PTGES2-AS1	0.0683025204426678	5.5565267983769e-06	2.15280036568694e-05	2.7329
CTSL	5.75300155804765	5.56321877825187e-06	2.15493575250936e-05	0.586
SHC2	0.0421212051456539	5.58321271630895e-06	2.16222170871736e-05	2.7018
OXLD1	4.15998201486554	5.61089516596369e-06	2.17248148780134e-05	0.687
CMTM3	4.40514957760158	5.62821320167191e-06	2.17872477119852e-05	0.692
LOC101929125	1.042778994098	5.64395963403768e-06	2.18389417293327e-05	1.743
DALRD3	2.92730404845501	5.69869482731876e-06	2.20367237380918e-05	1.1387
LINC01578	6.14680084278677	5.70004091270938e-06	2.20372610975058e-05	0.594
RABAC1	3.95335643711661	5.75498466901299e-06	2.22355555804235e-05	0.6679
CASKIN2	3.5304261463656	5.78658696186314e-06	2.23481979216783e-05	0.7625
LINC01521	1.83409676393946	5.93760176671089e-06	2.29120392840994e-05	1.3334
CNOT8	5.89582866591986	5.99054206878217e-06	2.31114404073726e-05	0.4939
ZNF546	1.26451491394923	6.03100815684441e-06	2.32577281181562e-05	1.6842
BAZ2A	7.37056513525332	6.07388206187954e-06	2.34181184628665e-05	0.5432
SLC5A2	-0.354895722571992	6.07842927863228e-06	2.34307020504035e-05	3.2289
IL6	1.91802318695158	6.10430461362135e-06	2.35205118248779e-05	1.3004
C5orf45	2.99418400088538	6.12433142782153e-06	2.35926977308103e-05	0.9142
IPP	4.55363617813324	6.1421810716556e-06	2.36564678574145e-05	0.6044
FUOM	2.76387203739937	6.16193279134405e-06	2.37225316404e-05	0.9355
SH2B3	2.9102866439354	6.1661007880609e-06	2.37335728414168e-05	0.8881
WDTC1	4.44326072867622	6.31840055821376e-06	2.42890546621921e-05	0.5942
BANK1	0.945011993242227	6.36668273505008e-06	2.44695073707525e-05	1.8696
GRID2IP	0.645193483670409	6.40930640831733e-06	2.46125994510394e-05	1.9683
DNAH11	4.81670835104023	6.52688404298295e-06	2.50377800144351e-05	0.5478
ABLIM2	0.437607749740486	6.52916691314992e-06	2.50412754551397e-05	2.2224
YPEL4	0.661635712837339	6.54854826277891e-06	2.51050602867056e-05	2.244
ZNF512	4.90056797578654	6.58334631910334e-06	2.52331661561097e-05	0.6386
ASPHD1	3.0925255944497	6.6004104511795e-06	2.52932605366778e-05	1.577
RNASE4	0.609730984132466	6.62913700668868e-06	2.53980115832337e-05	2.0393
FAM184A	1.28705345514496	6.67506768863636e-06	2.55632548193298e-05	1.5895
GRINA	4.94761145771485	6.7744955969366e-06	2.59306570957474e-05	0.5552
LEMD2	4.74097737591203	6.77526480865004e-06	2.59306570957474e-05	0.6072
LMBRD2	5.22451567387433	6.81804969352908e-06	2.60889363246839e-05	0.5171
TMEM178A	0.416835485107846	6.86864808374361e-06	2.62770409507174e-05	2.3663
CLDN23	3.46917742236689	6.90658171167584e-06	2.64055614090794e-05	0.781
ISL1	-0.957870948229313	6.94452083171093e-06	2.6545052827411e-05	6.2722
NR1H2	4.73734854035288	7.14283079090122e-06	2.72745281151836e-05	0.7236
FXYD2	-0.957792140842348	7.19185848109612e-06	2.74387812812729e-05	6.2725
KCNQ2	-0.957792140842348	7.19185848109612e-06	2.74387812812729e-05	6.2725
PRUNE	4.63413352942678	7.21345653474392e-06	2.75096850842459e-05	0.5887
LMF1	1.61777345154496	7.34690876787201e-06	2.79952340777022e-05	1.4119
MBTPS1	6.90512668573641	7.41050256411611e-06	2.82316641925091e-05	0.4746
SERF2	6.68242191369382	7.46811490038324e-06	2.84333484090504e-05	0.7394
LINC01410	1.2750779034717	7.48333321420373e-06	2.84853484483952e-05	1.7079
TMEM115	3.93177371866443	7.48597642369996e-06	2.84894695832951e-05	0.7063
SOWAHC	5.6979789364453	7.56817064758075e-06	2.879027366998e-05	0.5213
GGACT	1.61907145720333	7.6341866082834e-06	2.90111804164908e-05	1.4579
ITPKB	3.69037869756811	7.681265827598e-06	2.91779419368766e-05	0.7402
ENTPD4	5.09903359594488	7.74463461568567e-06	2.94003014231561e-05	0.5298
ERMAP	3.62794316196576	7.84835311929357e-06	2.97569126782603e-05	0.7291
CHAD	0.264239646274245	7.95493741919967e-06	3.01485027039463e-05	2.3356
GK	1.77898906948748	8.04459804140991e-06	3.04693323327758e-05	1.3739
PSMD5-AS1	3.83382256325108	8.17184946557552e-06	3.09256392710503e-05	0.6983
METTL9	5.83211730298013	8.41772893874552e-06	3.1823164113841e-05	0.5029
DNAAF1	-0.0124991674617494	8.57784785472092e-06	3.24016533076319e-05	2.6269
EXOC7	6.1077924677609	8.60514400275093e-06	3.24820223325977e-05	0.4759
LOC728323	1.51645591460976	8.60569715875635e-06	3.24820223325977e-05	1.4061
PPIL6	1.49670773795897	8.60624134655868e-06	3.24820223325977e-05	1.4312
BTBD7	2.47825269881757	8.6160564591775e-06	3.25056265176161e-05	1.0238
ZNF226	4.28384059044961	8.62676414486804e-06	3.25392988075849e-05	0.6023
C1orf198	5.25917774436329	8.6683194921804e-06	3.26892874714409e-05	0.5089
KRT8	10.825685764839	8.71649725862567e-06	3.28641829726291e-05	0.5077
ST6GALNAC4	4.07390364040122	8.7377591426971e-06	3.29375450978894e-05	0.6601
HTATIP2	5.72494521093756	8.7396963152262e-06	3.29380462284826e-05	0.5145
RFWD2	5.43684109964654	8.77618759735126e-06	3.30619233960472e-05	0.54
C16orf58	4.63184913290666	8.83975778457423e-06	3.32945364380415e-05	0.6465
SPIN1	7.04618524013863	8.89029100153707e-06	3.34641551596001e-05	0.4684
MAP3K10	2.71437633300789	8.91334982559032e-06	3.35440351300715e-05	0.9329
DZANK1	3.04244724204658	9.00381463937566e-06	3.38775020726385e-05	0.8356
VASP	5.68865644484564	9.12994962059439e-06	3.43308672036192e-05	0.5578
TMEM234	2.28164978911508	9.18834825170022e-06	3.45433454866226e-05	1.1003
CYTH2	5.28318775607486	9.28765797977409e-06	3.49095087664723e-05	0.6406
LINC01270	1.18150067154134	9.44781622610301e-06	3.55041854721565e-05	1.7173
ITPR3	7.01833101267486	9.50678043291886e-06	3.57110665809397e-05	0.472
LOC101927402	-0.097729808185179	9.56023997447186e-06	3.59044931030566e-05	2.8005
UBALD2	5.35777047925769	9.6491138169945e-06	3.62159173197063e-05	0.9682
CDK18	4.24688363367569	9.65533599094398e-06	3.62318219631394e-05	0.7081
BBS4	3.17090018395107	9.72675761016201e-06	3.64773391395065e-05	0.8142
DYRK3	2.20563491957742	9.75127083707488e-06	3.65617581436926e-05	1.1536
SAMD12-AS1	0.535508472522051	9.80036802565527e-06	3.67382995228671e-05	2.0678
SLC23A3	0.794988326849165	9.84849449564272e-06	3.69111302632834e-05	1.8489
SURF1	4.5293997947976	9.88707353653898e-06	3.70481146311691e-05	0.5829
CHN1	-0.390916479337992	9.88953372964945e-06	3.70497286617033e-05	3.1806
KIAA1211	0.0956236060011607	9.91994269887451e-06	3.71560266538066e-05	3.3982
ALPK3	6.26780478826953	9.94039061479258e-06	3.72249786797238e-05	0.5059
ANO6	6.68935948535423	9.95357361970111e-06	3.72667022151894e-05	0.5016
SCNN1D	-0.390722927968756	1.00348072222877e-05	3.75554408876761e-05	3.1795
ADGRF5	-0.157643593499417	1.00375157686428e-05	3.7557878227576e-05	3.0655
STX17	6.04206306527744	1.01294183204079e-05	3.78784639199849e-05	0.468
C11orf65	1.79504703393329	1.01548952853578e-05	3.79659570611287e-05	1.3158
SERINC3	6.17604899670688	1.0199786322028e-05	3.81259826156722e-05	0.466
PTPRS	4.6318823346086	1.02924699627646e-05	3.8456678600129e-05	0.623
MST1P2	-0.03991558428598	1.04074743936363e-05	3.88545710695756e-05	2.5853
LINC00663	1.24237148097599	1.04265984024874e-05	3.89180086763056e-05	1.5867
SPATS2	5.21794524055032	1.05570714369727e-05	3.93728082029365e-05	0.5604
ZNF687	4.38958986484943	1.06538003600605e-05	3.97173329330742e-05	0.6116
PTER	5.05378313063948	1.07851701417262e-05	4.01988701729999e-05	0.5218
ACAA1	5.39552219067591	1.08173082160156e-05	4.03104263710105e-05	0.4896
FKTN	6.05225262814162	1.09422663699071e-05	4.07511250202008e-05	0.5184
RGS5	3.27393542952178	1.10987840180317e-05	4.13087463880096e-05	0.8085
CARKD	4.46715165587355	1.11893776985748e-05	4.16289544049688e-05	0.5752
AMH	-0.253136814495204	1.12327779686002e-05	4.17819059891535e-05	2.9325
NOL4L	3.71995375041413	1.13826381339678e-05	4.22962429826412e-05	0.7436
YBX3	8.1341781104216	1.13879233672395e-05	4.2307270857209e-05	0.4592
EIF5A2	2.64146060824469	1.13980278689907e-05	4.23361946645563e-05	0.9556
STX2	3.77994600322012	1.14784582667298e-05	4.26262681280348e-05	0.6785
FBXO3	4.57564550450456	1.14860584481947e-05	4.26458171710885e-05	0.5566
LINC00672	1.06934001272571	1.16041220544591e-05	4.30754071220426e-05	1.702
SLC9A8	3.61051821040814	1.19272654586625e-05	4.42569427262891e-05	0.7169
ITFG1	5.86291049562324	1.20418878741764e-05	4.46641009815045e-05	0.4724
PIK3C3	4.77266559094889	1.20818910529657e-05	4.48033725498562e-05	0.5597
SMIM24	-0.712779835278475	1.21873753722048e-05	4.51761877756286e-05	4.2251
ELOVL7	5.97478963503374	1.25645474248379e-05	4.6545937051104e-05	0.5367
ZCCHC14	5.73249196796802	1.29071186214112e-05	4.77568620900857e-05	0.4923
KIAA1841	3.75349246200826	1.29171348700926e-05	4.77842379307821e-05	0.7551
ABCC6P1	0.841528750113496	1.30175345899193e-05	4.81166453682054e-05	1.8171
TEP1	5.59650478885796	1.32437274894237e-05	4.89131072318267e-05	0.4981
SMIM22	4.01780044350315	1.32596857197002e-05	4.89621404730679e-05	0.8838
CD200	-0.712195642142226	1.33167333432512e-05	4.91529081913453e-05	6.6127
CERS4	0.120235171344827	1.37071968716939e-05	5.05430390001299e-05	2.3323
ULBP1	2.02921694606209	1.37650259790267e-05	5.07357791789039e-05	1.2201
TARBP1	5.25304971824856	1.38406171524681e-05	5.10040990584292e-05	0.4912
WISP2	0.353578052593441	1.40013935064016e-05	5.15757546111515e-05	2.1123
CA4	-1.01236921870695	1.40448270170865e-05	5.17253100714004e-05	6.195
TTC21A	1.39641478073884	1.40750201172326e-05	5.18156013833834e-05	1.5635
BLACAT1	2.54055307769991	1.43491881044333e-05	5.28036238731171e-05	1.0123
CLK1	6.05711407077882	1.43667574143398e-05	5.28469722660059e-05	0.4733
MPP6	5.68798347396209	1.43891602829577e-05	5.29080584341743e-05	0.5055
LOC728290	-0.712584923942814	1.4659253118893e-05	5.38469466677083e-05	4.2297
NCOA1	4.89020970666634	1.48181064601664e-05	5.43538982392603e-05	0.6035
SETD4	3.54702318376815	1.48411844298589e-05	5.44276140923071e-05	0.7161
RECQL5	4.50175465911346	1.49080507600645e-05	5.46618547249924e-05	0.6332
TMEM213	-1.01221135452335	1.4972819153743e-05	5.48772909999464e-05	6.1958
RGS19	3.26174037275495	1.50120963172666e-05	5.5010202803697e-05	0.8402
D2HGDH	4.83200769237514	1.51777992542702e-05	5.55950849088998e-05	0.519
SLC27A1	2.37554893753906	1.52212970914115e-05	5.57432296290489e-05	1.1123
TAX1BP1	8.00293729254366	1.53407656970261e-05	5.61694782520876e-05	0.5199
SPATA2L	2.78802991028653	1.54136372308616e-05	5.64249771980369e-05	0.8834
GSTP1	8.14643440604614	1.54249581934186e-05	5.64550995948377e-05	0.5206
TP53I13	2.39188162530072	1.54479549490536e-05	5.65279345660299e-05	1.0317
KDM5C	6.43757332781502	1.54809531040565e-05	5.66313281828638e-05	0.4699
CD177	-0.957634514259565	1.56479315837861e-05	5.7202370643492e-05	6.2742
C2CD5	5.92599410420041	1.59437775362175e-05	5.8237215426408e-05	0.478
SERPINA1	2.835151526991	1.61828467332371e-05	5.90986297183389e-05	0.9242
IQGAP2	-0.583618648597352	1.63166874910706e-05	5.95635766520666e-05	3.4997
USP30	3.97375158523644	1.63968070810068e-05	5.98321227405276e-05	0.6371
CUEDC2	4.49882889335321	1.64201162195165e-05	5.99052041773569e-05	0.5918
NYNRIN	2.24753300737893	1.66328206998849e-05	6.06690858535663e-05	1.189
UBAC2	5.53764856666212	1.67825648851971e-05	6.11908337415934e-05	0.4841
IQCH	2.46835252382779	1.69625900336023e-05	6.18225281799648e-05	1.0063
NAT14	4.26615836137583	1.72272952507497e-05	6.27121639277542e-05	0.7142
STK17B	5.3645709867643	1.7272940022916e-05	6.28657880897837e-05	0.5273
ZNF790	2.94007843930639	1.74490895834062e-05	6.34689339379684e-05	1.0091
MYH14	5.74016301569266	1.75641623985529e-05	6.38493326857791e-05	0.624
SPINT1	6.54909799569314	1.77268702242672e-05	6.44023368784523e-05	0.5059
CFAP97	6.13164795166485	1.77318227648291e-05	6.44075122154239e-05	0.468
SSFA2	7.5260882358573	1.77490006067781e-05	6.44442631418736e-05	0.4503
CARD16	2.61071519899774	1.77643414673639e-05	6.44871381642862e-05	1.1062
GRIP1	2.41142309746477	1.77956034108994e-05	6.45877804909304e-05	0.9934
BBX	7.42743349541223	1.79712196486051e-05	6.52122015314917e-05	0.443
APP	8.69812920112637	1.81463341306394e-05	6.58214734530007e-05	0.4827
SNHG19	4.78116165228688	1.81688375357508e-05	6.58900075591313e-05	1.1509
CAPG	5.16559139031654	1.82242489364044e-05	6.60778328863951e-05	0.5076
BAZ2B	6.19816610353118	1.82724727526794e-05	6.62395279136051e-05	0.4756
LOC388282	-0.58326791785855	1.84045253960341e-05	6.66917458574828e-05	3.4994
MST1	0.82676734174334	1.84556879597054e-05	6.68638696948564e-05	1.791
MSI2	6.48235715830731	1.84717510202861e-05	6.69087870290364e-05	0.5888
PEAK1	4.3843220440083	1.84839806379111e-05	6.69398037146808e-05	0.5678
DCAKD	4.00667105560166	1.85039300448309e-05	6.69987597973887e-05	0.7665
AKR1B1	5.73482856632246	1.92767201585028e-05	6.97000996659986e-05	0.553
NMT2	4.03470316077772	1.93420310554684e-05	6.99085565132907e-05	0.6518
MGMT	3.93335507948547	1.95196704928614e-05	7.04947783417761e-05	0.6365
PTPRM	3.57635271835691	1.96878911610868e-05	7.10882399202531e-05	0.7095
BLVRB	4.51187707557072	1.98026773209962e-05	7.14885657844782e-05	0.5522
ISL2	0.795983623663711	2.00428685825705e-05	7.22984803089128e-05	2.181
FOXJ1	1.14490975297595	2.02837335590162e-05	7.31384238304168e-05	1.6643
MFNG	0.988472485993893	2.03826286031251e-05	7.34805031158474e-05	1.6653
CAMTA1	4.24674710394813	2.05205810948187e-05	7.39632237842075e-05	0.6164
RNPEP	6.19015649633401	2.05507917088586e-05	7.40574917956817e-05	0.4587
SLC16A8	0.662438197056433	2.07154274150172e-05	7.46065975317722e-05	1.8802
FOXP2	1.05542386114785	2.08187581218245e-05	7.49491714202381e-05	1.6803
GATA6	2.98184851877457	2.09094807404081e-05	7.52609385640557e-05	0.8595
ZMYM4	6.12549134281621	2.10648407913706e-05	7.57800555223132e-05	0.4925
ATP2B1	6.70648325446115	2.12331299444926e-05	7.63205395287766e-05	0.4485
INPP5J	0.35402355992297	2.12568021699726e-05	7.63905866958701e-05	2.1104
SMAD6	3.75035061641582	2.12696752067159e-05	7.64218048757737e-05	0.6798
MC1R	2.09612023868312	2.19981187365543e-05	7.88993429576691e-05	1.1602
RNF32	2.93919621923155	2.21132642872471e-05	7.92811769104445e-05	0.8211
SPATA17	1.96719057633127	2.2520254385895e-05	8.07086305592658e-05	1.163
VNN3	-0.805950954283074	2.27156339222414e-05	8.13928582697623e-05	4.0978
ZNF225	2.40097306185641	2.28532205191173e-05	8.18537166562695e-05	0.9787
LACTB2-AS1	-0.0690282836230168	2.28676758709334e-05	8.18894254020713e-05	2.55
STK24	6.60943690193923	2.30053272028594e-05	8.23500496892945e-05	0.4559
MIR4645	-0.503542076136442	2.30248463553742e-05	8.24037630001394e-05	3.6056
SARAF	6.49157635232808	2.30348722337981e-05	8.24234863779338e-05	0.4475
CEP95	5.1490178453466	2.31001439659674e-05	8.26408442568489e-05	0.4904
LINC01604	1.77202694129148	2.33731726468616e-05	8.35684762712701e-05	1.2836
NLGN3	2.25772387658952	2.3526869938244e-05	8.40850700063786e-05	1.2081
SLC45A3	3.25606339468265	2.45123061525831e-05	8.73900284098514e-05	0.7599
FAM228B	1.20622238869193	2.45138220577809e-05	8.73900284098514e-05	1.6098
ZNF275	3.8630381405012	2.45322190520272e-05	8.74385378785256e-05	0.705
CLCN5	4.30477981501896	2.46804233747409e-05	8.79496016258579e-05	0.6114
GRAMD2	0.457466819206825	2.4823253101524e-05	8.84413170611673e-05	1.9634
GRB7	4.7028433234794	2.48532454142282e-05	8.85136262743173e-05	0.5527
SLC16A2	-0.0976508846224279	2.49893650433827e-05	8.89592002615674e-05	2.5056
LOC100128398	2.82664916005822	2.49929742627947e-05	8.89592002615674e-05	0.8412
DUSP22	3.41974144353749	2.5033609866027e-05	8.90864681704072e-05	0.7598
TBC1D2	4.32955773230068	2.52226655972064e-05	8.97417624522704e-05	0.5634
THSD7B	-1.06892434505925	2.5367315182043e-05	9.02335085810749e-05	6.1139
MALL	3.54598572444111	2.53865540103111e-05	9.02720938862953e-05	0.861
MAPK12	3.1386688210529	2.54773406259379e-05	9.05596437825393e-05	0.8225
COG7	3.54450553293686	2.56292915635783e-05	9.10456108365744e-05	0.7744
CAPN12	1.08205615890261	2.56340074331722e-05	9.10456108365744e-05	1.7251
ISLR	-1.06884528787194	2.60689178056241e-05	9.25003233157382e-05	6.1143
RTN4RL1	-1.06884528787194	2.60689178056241e-05	9.25003233157382e-05	6.1143
TNFSF14	-1.06884528787194	2.60689178056241e-05	9.25003233157382e-05	6.1143
LOC100130451	-1.06884528787194	2.60689178056241e-05	9.25003233157382e-05	6.1143
TMEM254	3.30193369835544	2.62154675877742e-05	9.30022495690646e-05	0.7676
SLPI	1.75516758232628	2.62205824289092e-05	9.30023222891328e-05	1.2176
LOC105375355	-0.806029380330261	2.63230189917371e-05	9.33475203405503e-05	4.0975
NIPAL4	-0.286622975814837	2.63508653265502e-05	9.34281214607692e-05	2.8931
SYCE3	-0.805832736403002	2.64013082306175e-05	9.35810813121847e-05	4.0962
BACE1	4.86114200880888	2.64703613314326e-05	9.37971499352937e-05	0.508
LRGUK	1.60910533646176	2.67457775367195e-05	9.47179271989044e-05	1.3016
C14orf159	3.14997352264004	2.68778556984722e-05	9.51672097810918e-05	0.8165
STX19	1.52578872104584	2.68861497049427e-05	9.51781169310518e-05	1.3736
PVRIG	3.06296045479159	2.72918209495601e-05	9.65393302180137e-05	0.8245
SLIT3	-0.758829938404811	2.7405916988441e-05	9.69053690763082e-05	4.163
YJEFN3	2.49720825066903	2.80165142041694e-05	9.89877072404328e-05	1.1548
RFTN1	0.729769532094852	2.8053392373401e-05	9.90796539308975e-05	1.9695
SGSM1	0.146048260404684	2.80976839185085e-05	9.92168892874837e-05	2.59
CCDC91	5.31828386873769	2.81549162754905e-05	9.93997585622424e-05	0.5064
STX1B	-0.188639242352824	2.84722825859993e-05	0.000100384316510236	2.6723
KDM4A	6.38682198477564	2.859540837807e-05	0.000100765089208365	0.4396
SNX7	4.92571433356514	2.85968408845606e-05	0.000100765089208365	0.5378
SHPRH	4.18054425629697	2.88942452602e-05	0.000101734492086829	0.6617
CYP39A1	1.00144635246324	2.89534868526431e-05	0.000101921325192052	1.6071
GNG12	8.10737885862519	2.89584746807171e-05	0.000101921325192052	0.4416
C11orf95	3.98859824851342	2.8994394265176e-05	0.000102028076658646	0.6993
FAM122A	4.95758356330639	2.9104162312595e-05	0.000102355150679779	0.5372
PTCH1	2.36576133792096	2.92087058575361e-05	0.000102703030457469	1.1983
ICA1L	1.39500957514458	2.92218448618655e-05	0.000102717784541671	1.5044
LCN12	-0.188946288362027	2.92241549577914e-05	0.000102717784541671	2.6756
TALDO1	6.95153837660695	2.94397530883601e-05	0.000103435745261952	0.4329
MR1	4.13752947720114	2.96451817237325e-05	0.000104117437004321	0.5904
HIPK1-AS1	0.0688352479333167	2.9691191270549e-05	0.000104258970539554	2.2613
SH3RF1	6.41754681089771	2.99622208297358e-05	0.000105170217932639	0.4687
PRKCE	4.62025924320894	3.03268206625722e-05	0.000106429534412902	0.556
UMAD1	4.43775293197344	3.06925747914165e-05	0.00010760968799541	0.5625
ERP44	6.49260744183006	3.20150856956774e-05	0.000112160315574801	0.4637
EVA1B	2.81332825839846	3.21808263944903e-05	0.000112719333587455	1.0092
MAGED4B	0.169105249575623	3.2199768245228e-05	0.000112764045479548	2.6272
ANKRD61	1.12066815469402	3.23565056728841e-05	0.000113291209736128	1.5488
ZNF223	2.70514516298921	3.25000734856984e-05	0.000113750257199944	0.8641
HEBP1	5.25688102365915	3.25079133023036e-05	0.000113755887530545	0.4986
CHST12	3.56210104492103	3.28430174066164e-05	0.000114862476202143	0.7157
ITGB4	6.13560129378953	3.28594620716247e-05	0.000114897977318441	0.5576
PDX1-AS1	-1.06876622669706	3.31178633458356e-05	0.00011573501402021	6.1149
EXOC3L4	-1.06876622669706	3.31178633458356e-05	0.00011573501402021	6.1149
RAB9B	0.762511892702163	3.3155234996629e-05	0.000115843439253294	1.8083
MED7	4.2875235509457	3.37894285104679e-05	0.000117968982001741	0.5906
SPR	5.18560511782102	3.42598086740306e-05	0.000119542635159232	0.4976
TMEM41A	5.13132283895024	3.46483757038684e-05	0.000120852263440929	0.4822
CFAP70	2.13290214910352	3.4671775043717e-05	0.000120910778452359	1.068
IFT88	3.91934155351628	3.46873413532152e-05	0.000120941960226183	0.6538
ZNF33A	5.96185913526572	3.55592930955664e-05	0.000123934794721776	0.4522
IQCH-AS1	2.40274450419043	3.62905015695231e-05	0.000126410875148486	1.0213
DDHD1	4.3968960007487	3.63857670116693e-05	0.000126694366310325	0.5482
FAM171A2	1.42713645298148	3.64360746794859e-05	0.000126845343125228	1.4965
LOC339803	4.33508467579746	3.67261068640893e-05	0.000127781933849974	0.6874
IST1	7.12307740088834	3.67338551692009e-05	0.000127784538866031	0.4406
VAV2	6.42164276931357	3.6804037689298e-05	0.000128004288827553	0.4982
CA14	0.0687216122622783	3.70430497539956e-05	0.000128712964657203	2.2628
HPS1	4.04911010685573	3.71528954951189e-05	0.000129070078051169	0.5953
LIPT1	3.08277065775067	3.71674501516461e-05	0.000129096074955946	0.7977
FBXW8	4.05215583588941	3.71920962924683e-05	0.000129157106698745	0.6032
B2M	7.55371833774806	3.74684170959851e-05	0.000130067203366477	0.4517
PNISR	7.20181698341833	3.78023581913832e-05	0.000131201492612527	0.6015
DENND1C	4.8134868555847	3.80720319947326e-05	0.000132112339117247	0.7713
IRF5	2.85638536695059	3.82276554950184e-05	0.000132601953014831	0.9296
MCOLN3	2.22388393135663	3.94628542321741e-05	0.000136652857902612	1.0363
NEK10	0.96068548886756	3.95206891224608e-05	0.000136827176298055	1.7106
MME	-0.854635397468745	3.99927648042417e-05	0.000138356625784771	4.0274
CCHCR1	2.21887475730855	4.00929385699342e-05	0.00013865063203878	1.1331
CDC25B	6.75416228476731	4.01512279096905e-05	0.000138825912257445	0.4314
ECH1	6.36025432048166	4.02826178501493e-05	0.000139253829099096	0.4674
ZNF792	0.988052538133799	4.05177531424029e-05	0.000140035610058306	1.5873
NELFE	1.54993845664105	4.05241086732049e-05	0.000140035610058306	5.1004
C9orf163	-0.354971050964313	4.09027214740613e-05	0.000141263731220292	2.7943
PRDM6	-0.0120416199177752	4.11118349808832e-05	0.000141959080652734	2.3737
IMMP2L	3.7014426827282	4.13898205728836e-05	0.000142891937287928	0.6456
MACROD1	4.61450911522224	4.14951837576702e-05	0.00014322860175459	0.6412
EPS8L2	6.982601072298	4.15306449645003e-05	0.000143323904437035	0.4479
IL17RC	2.59148186047318	4.16951315926828e-05	0.000143837173536662	0.9647
Mar-05	5.10691468445609	4.21621255242689e-05	0.000145393230746327	0.479
PRICKLE4	0.713985598752617	4.22267013449129e-05	0.000145588415439609	1.7345
RUFY3	5.02118368878632	4.23593019469242e-05	0.00014599045050841	0.481
NEDD4L	6.52340939198613	4.27383117953441e-05	0.000147268897722877	0.4331
OSR1	-0.624864205487491	4.29609798749354e-05	0.000147952395509681	3.4399
TRMT1L	5.10234634913558	4.29715344171228e-05	0.00014796083219898	0.5437
VPS28	4.01031098185078	4.30412069797461e-05	0.000148172784201819	0.6493
RNF157	3.97381731375813	4.35233616182873e-05	0.000149776152630246	0.6241
SUV420H1	5.95990545172637	4.3577936388178e-05	0.000149935696702333	0.4441
MED18	3.67457835053999	4.43297429103883e-05	0.00015237879619131	0.6622
CRB3	4.14268013556138	4.43510910254008e-05	0.000152423478493923	0.5854
ZBED6	4.76394575807969	4.44242665970752e-05	0.00015264622830721	0.6536
AK9	2.81486648447796	4.45332587974523e-05	0.00015299194064853	0.8551
RHBG	-0.854556832379222	4.50305033578111e-05	0.000154637406330507	4.0277
GSTA7P	-1.06908244747258	4.50376363638971e-05	0.000154637406330507	6.1124
ZNF600	4.33904825112238	4.52781813286718e-05	0.000155404865263439	0.5935
ELMOD3	3.81258714266297	4.53761037879649e-05	0.000155682418859817	0.645
ANKRD2	1.18126064620498	4.61179547296318e-05	0.000158108804045851	1.7103
GABPB1-AS1	3.48482805649653	4.62506924521934e-05	0.000158474594858717	0.833
C2CD2	4.02373252410211	4.63804150457727e-05	0.000158889258223987	0.6361
GCNT3	1.60031416291663	4.65671091935187e-05	0.000159498901582904	1.2427
FAM193B	4.39853478586507	4.66749838046909e-05	0.00015983839886296	0.5738
OAZ2	5.52206853770325	4.67539555086931e-05	0.000160078809408609	0.468
TBC1D22A	4.43429536766157	4.70565835318618e-05	0.000161054553610361	0.5428
PDE11A	-0.625449353535841	4.74483850583312e-05	0.000162334654727304	3.4388
TMTC2	4.58750346153047	4.75183327518071e-05	0.000162543504350195	0.604
VSTM4	-1.12778954669509	4.82125027472957e-05	0.000164763655963053	6.0279
C10orf99	-1.12778954669509	4.82125027472957e-05	0.000164763655963053	6.0279
NEK5	-0.66845168853249	4.8718786667591e-05	0.000166462693131863	3.3811
DCDC2B	0.0425045512774434	4.88808827808904e-05	0.000166985291176635	2.2228
WDR54	4.34057912807855	4.90819878391598e-05	0.00016764092983942	0.5424
AGAP2	1.58235955670367	4.93835309204528e-05	0.00016860776893282	1.2594
UGDH-AS1	1.37517568452673	4.95852464876983e-05	0.000169264820471096	1.3569
BAD	3.1642074093057	4.97924901039856e-05	0.000169940493426502	0.8011
RASEF	6.49589681932526	5.0098605964625e-05	0.000170921351240926	0.4263
RAD51-AS1	1.34259605577271	5.02344785670414e-05	0.000171352885037352	1.3689
SNAP23	5.29573792608445	5.05009212622142e-05	0.000172197388599735	0.5137
TRPT1	3.52387941237829	5.05630226566089e-05	0.000172376945213642	0.6778
SCIN	1.99972445700291	5.07336712156315e-05	0.000172926419289128	1.3983
RAB13	6.8013518676708	5.1366785843277e-05	0.000175019044859064	0.5815
SLC2A2	-1.12786872736387	5.13935497695531e-05	0.000175077560103184	6.0275
TTC32	3.2879797900432	5.20024438684711e-05	0.000177052707061322	0.7495
ZNF33B	4.83983001324456	5.21896257240392e-05	0.000177656872500104	0.5018
CCDC146	-0.0694083660050751	5.22035278287601e-05	0.000177671067121895	2.5487
RASA4B	-0.127293756033691	5.22787820819261e-05	0.000177894025291266	2.4645
MAD1L1	4.84496282622995	5.31019935323091e-05	0.000180594261163531	0.6726
DHTKD1	3.89860929977418	5.3148844589338e-05	0.000180719063280614	0.656
FAM47E	0.973500494426288	5.31584887060089e-05	0.000180719063280614	1.8104
PAK1	5.79560472514895	5.33690027885338e-05	0.000181333429165731	0.4558
MPZL3	5.05495339401814	5.36432610646812e-05	0.000182231368440049	0.5051
GMIP	3.97507758808951	5.38341742354947e-05	0.000182845894854547	0.6271
UGT1A7	-1.12771036201294	5.4046032698152e-05	0.00018349718670959	6.0284
LOC101927843	-1.12771036201294	5.4046032698152e-05	0.00018349718670959	6.0284
BCAN	4.02234873295514	5.44455037356882e-05	0.000184784739951427	0.5945
LOC101928068	0.436946997497504	5.46324372361631e-05	0.000185315825749423	1.9378
SEPT7-AS1	0.436946997497504	5.46324372361631e-05	0.000185315825749423	1.9378
FOXK1	5.85583685962556	5.4803841357696e-05	0.000185862702549898	0.4754
FAM229B	2.26986820345643	5.50879216743315e-05	0.000186756749876805	1.0784
ZDHHC11	2.42730422803695	5.51697966615763e-05	0.000186999592991782	0.9231
BCL2L11	5.1762161151519	5.60370341229089e-05	0.000189833381879351	0.4616
IL17RE	2.48300215159705	5.6471505297238e-05	0.000191269721837918	0.9896
PWWP2B	3.32718238170652	5.65158254638302e-05	0.000191384327521366	0.7025
WDR93	-0.624981692061603	5.76360059912364e-05	0.000195105307876138	3.4424
EMBP1	0.287757396379861	5.79313958024224e-05	0.000196032541569791	2.0192
STX16	5.7283437757751	5.81166545284008e-05	0.000196586556433293	0.4514
GLDN	-0.50295795601302	5.83703680953473e-05	0.000197371631774155	3.0247
BTBD8	1.68935798447679	5.9249883351461e-05	0.0002002343336661	1.4066
KLHDC3	5.39996038468774	5.97230974289707e-05	0.000201646914492933	0.4908
BHLHE40-AS1	-0.158327491999617	6.01776296411868e-05	0.000202993866727551	2.4228
FOLR1	4.24760795946991	6.02307988836653e-05	0.000203098164835647	0.589
RBM4	5.63578256369977	6.04335720773562e-05	0.000203669058859925	0.4373
TLK2	5.60381387195697	6.05723335646527e-05	0.000204023712464262	0.4893
PEX11A	2.78713865348484	6.06819142793739e-05	0.000204355105531129	0.8127
RASGRP3	3.40183665508477	6.11002875809232e-05	0.000205688152328478	0.7008
ACRBP	-0.253019405037852	6.15317902384884e-05	0.000207102205903245	2.5817
GMCL1	5.23200318277904	6.15430251437942e-05	0.000207102205903245	0.4602
ZNF552	3.59801151852224	6.1796430018746e-05	0.0002079166285334	0.6735
FLJ45513	0.932206729391529	6.18273035755977e-05	0.000207982173222058	1.6644
ALG2	5.4624719450438	6.32767363853057e-05	0.000212466451986416	0.4655
LOC100131626	0.19460789795726	6.37329160953448e-05	0.000213919491861852	2.0535
CNNM2	2.72620359712529	6.42257843481109e-05	0.000215534176297631	0.8428
PHTF1	4.46032990666678	6.51208306679817e-05	0.000218388435865777	0.5286
RERG	3.05768112470733	6.53379724755407e-05	0.000219033325886493	0.8056
GGCX	5.21553994974023	6.54001467134649e-05	0.000219193148228569	0.4524
CIITA	0.242266598752912	6.56632125668317e-05	0.000220034436237166	2.3036
ATRAID	5.9742381732091	6.58232830571496e-05	0.000220489881741527	0.4369
USP53	6.04499821204256	6.61339437240781e-05	0.000221489869129842	0.4863
TNS2	1.20640092455739	6.64937736678005e-05	0.000222654132809862	1.4071
WASH2P	2.04980840449379	6.67836977638349e-05	0.00022358393295004	1.2604
ZCWPW1	2.08152058040018	6.77102583807449e-05	0.00022635386870516	1.0519
NDUFA1	7.76478248032171	6.7748552075015e-05	0.000226415039712557	0.4808
MIR2682	-1.12794790401965	6.77533611935637e-05	0.000226415039712557	6.0268
OTUD5	4.64053538478698	6.78887877315452e-05	0.000226826081410521	0.5894
USH1C	0.396185271935384	6.8096752525569e-05	0.000227401381896953	1.8752
ZDHHC7	7.10282978293467	6.84162803749768e-05	0.000228421290147325	0.4523
SUCLG2	6.48169549503017	6.84341419757674e-05	0.000228439147176743	0.4242
MRPS18B	1.13730340705847	6.86640061547203e-05	0.000229122664295481	8.7746
FBXL19-AS1	1.89629290963473	6.90916272215155e-05	0.000230507446373536	1.1954
RNF19B	3.6515752628905	6.97211554430885e-05	0.000232484420397147	0.6371
EPHX2	2.28780564904778	7.01640079779274e-05	0.000233828793290442	0.9756
OARD1	4.88763870295325	7.08891902993058e-05	0.000236073159085028	0.5807
FGFR4	4.13608655670451	7.17707875643794e-05	0.00023892186319754	0.7063
ADAMTSL4-AS1	0.353948650952201	7.18096821024825e-05	0.0002390077586988	2.1152
TRIM46	1.18202548441882	7.24905728925508e-05	0.000241186057723056	1.4389
FANCC	4.6118307668948	7.29677968134111e-05	0.000242685388709352	0.6437
EFCAB7	3.93343460763709	7.40770063107065e-05	0.000246105519055188	0.8245
RSAD2	0.842531734941142	7.4170488958372e-05	0.000246371260266383	1.6262
ZNF446	2.82301669450792	7.42169316117666e-05	0.000246480681008625	0.8193
ACSL5	4.69498707983897	7.42907003350927e-05	0.00024668079762049	0.518
LRRC8D	6.45214114676211	7.44508903494133e-05	0.000247167749448789	0.4299
BMS1P5	2.93104742167244	7.45868611996973e-05	0.000247574134193032	0.8242
PCSK4	0.731350880294678	7.49272175837825e-05	0.00024861346495993	2.0927
IER2	5.85099812288988	7.53282079763861e-05	0.000249853154944932	0.5274
NME8	-1.12763117331703	7.53859107584568e-05	0.000249999125668735	6.0293
GSTM3	2.18300770365983	7.67081255743982e-05	0.000254106975228854	1.0248
ZNF780A	4.84791275157384	7.71076953396954e-05	0.000255291636946224	0.4845
KIF27	3.09418048700489	7.71899327999266e-05	0.000255471249672854	0.7613
KIAA0556	4.46540419679532	7.88809326945673e-05	0.000260925948047114	0.5677
RAB11FIP1	7.40485025283172	7.98470600770088e-05	0.00026397825584315	0.4288
AMFR	5.7611995434772	8.09133750662809e-05	0.000267329861070471	0.469
LOC105373057	-0.712503873659873	8.09194134681981e-05	0.000267329861070471	3.3152
TMEM67	3.46106599645304	8.12980175661018e-05	0.000268483467562727	0.6846
SPPL2B	3.76007090898995	8.16417400644816e-05	0.000269569832992797	0.6289
CTDSPL	3.859777604777	8.30789523465066e-05	0.0002741169987417	0.6113
FPGT	4.38862111146502	8.35280194859092e-05	0.000275499100945756	0.6201
FGFRL1	3.96391328210673	8.39228695339602e-05	0.000276601535694526	0.6797
KAZN	2.09591242950651	8.40412367187982e-05	0.000276941663815592	1.1325
PTPRD-AS1	-1.01197452853233	8.4312908410622e-05	0.000277736639470284	6.2003
MIR514B	-1.01197452853233	8.4312908410622e-05	0.000277736639470284	6.2003
TSPYL1	6.22569963056502	8.47352775040178e-05	0.000279077616112818	0.4549
MEF2C-AS1	-0.855068012986611	8.57885669099773e-05	0.000282393811306986	4.0271
DNAJC22	5.47827567024117	8.66627865372883e-05	0.000285168678987876	0.4407
COX14	5.07790922869523	8.69102639710543e-05	0.000285931479375665	0.5274
AP2A2	2.64478717964261	8.69757825624619e-05	0.000286095475037893	1.1822
ZNF510	4.75175564949156	8.70359807316733e-05	0.000286214921096357	0.5694
ENGASE	4.10343378410547	8.77401397651934e-05	0.000288298054635236	0.5644
CORO1B	5.61333037816296	8.78009078882172e-05	0.000288445811482327	0.4734
LOC101929147	3.61799509379815	8.82702160060031e-05	0.000289935419828282	0.6391
YIPF3	5.25077353235961	8.83065130787759e-05	0.000290002464969623	0.4606
ERLEC1	5.50815638701321	8.88653961326856e-05	0.000291785372625595	0.4702
LOC101927391	3.84133563697357	8.89788958125704e-05	0.000292105506555347	0.7049
HECTD4	6.06845974557698	8.93981140280454e-05	0.000293218104508803	0.4209
TIAM2	1.47763142357297	8.97154773536334e-05	0.000294206171109741	1.2476
LINC01000	4.77923963125424	8.97656198713004e-05	0.000294317736417109	0.5672
SMIM10	4.16571204465116	9.01214496769637e-05	0.000295431349488714	0.762
RBPMS2	-0.427218943965812	9.02047489186588e-05	0.000295634048495852	2.6917
ZNF385A	4.26294159935213	9.06868190861368e-05	0.000297071338459809	0.6066
SLC2A10	1.21917129439514	9.08506547910751e-05	0.000297554638296711	1.5456
NCOA7	4.64208250855213	9.14773678000252e-05	0.000299499789554745	0.4877
ZNF780B	4.23909738909537	9.15017930420105e-05	0.000299526041559072	0.5708
ZNF264	4.86270939819979	9.19486085015918e-05	0.000300934707207791	0.4926
C16orf87	4.77741909584846	9.21645843825111e-05	0.000301587498205256	0.6314
GGT6	-0.286312761743649	9.41924685615286e-05	0.000307892158649824	2.5388
ZNFX1	6.20623968877804	9.44048283061058e-05	0.000308475844917893	0.4319
MNX1-AS1	0.888167871194115	9.50947243466947e-05	0.000310618945727904	1.6035
RAB11B-AS1	1.38521643849265	9.54183957100553e-05	0.000311620435077418	1.3715
DSCR3	4.99756759356725	9.61616726655976e-05	0.000313991682379387	0.4733
TRIM9	0.515954180141603	9.75581665570815e-05	0.000318437670063665	1.7867
CFAP74	-0.188790483880441	9.82565518611266e-05	0.000320430798638215	2.3774
TM4SF1-AS1	0.572460805976454	9.84127625931268e-05	0.000320825606053593	1.7498
NFYC-AS1	2.55925912239703	9.86063998151363e-05	0.000321399470634731	0.848
GTF2H5	5.51726484828937	9.98551128845549e-05	0.000325353371554602	0.588
HMG20B	5.89028877663201	0.000101000335550724	0.000328908691725653	0.5081
RPS27L	4.53624958307928	0.000101947044510456	0.000331814092455498	0.5484
RBM33	6.12165059178868	0.00010204406803451	0.000332070678438149	0.4196
REEP6	4.60582222145966	0.000102732058870135	0.000334249949515807	0.5883
SEPP1	-0.85459669250997	0.00010389448338026	0.000337876140605877	4.0317
QARS	6.38648732981552	0.000104659640853522	0.000340148310831655	0.4292
RN7SK	0.516724254282618	0.000104675351131257	0.000340148310831655	1.7842
ARRB1	4.29782003178588	0.000105125319002183	0.000341549710571961	0.564
TBC1D20	5.32816967268062	0.000105470289285772	0.000342548585874587	0.4404
SOS1	6.16022007102358	0.000106076052029064	0.000344332220100034	0.4964
BTBD9	3.46649595835592	0.000106129517337866	0.000344444527736904	0.6697
IL17RA	3.53449400247225	0.000106353564810341	0.000344987682867376	0.6571
NUPL2	5.62943376488892	0.000106490591482743	0.000345248133210611	0.4663
POTEF	1.98133977098199	0.000107102934257916	0.000347110095475328	1.1227
AICDA	-1.18932013122657	0.000108918992033884	0.000352620166442737	5.9355
CPZ	-1.18932013122657	0.000108918992033884	0.000352620166442737	5.9355
ADGRB2	-0.58349963578091	0.000110007364087557	0.000355954349305643	2.9107
SLU7	6.07309435488884	0.000110409763582266	0.000357193096572363	0.4417
TNRC6C-AS1	-0.320269998732284	0.000110860430259106	0.000358587529200964	2.4882
RP2	3.59383606136298	0.000111239908311294	0.000359751242892999	0.6243
GPR161	1.01569591168547	0.000111338088945858	0.000360004986148703	1.472
TTC17	5.53039997759384	0.000112591474341175	0.000363735614151917	0.4643
PYROXD2	3.57371173665181	0.000113450598150455	0.000366316611219437	0.7628
SEPSECS	4.05509325720953	0.00011364985058019	0.000366830210783582	0.5804
HSPG2	5.20820890305083	0.00011424679467192	0.000368626631942482	0.4807
SULT1A1	0.857274487597992	0.000114604390933989	0.000369649781076131	1.5657
ZBTB41	5.58743934512672	0.000115837503054926	0.000373561112130495	0.4198
LOC102724488	1.49762904740638	0.000117877470875274	0.000379804290204554	1.5447
ZNF436	3.41937972703238	0.000117921041285628	0.000379877630088305	0.6521
CCDC28A	3.27962078659785	0.000118003802411678	0.000380077173046507	0.7066
ST5	4.65282674670202	0.000118068717944554	0.000380219177067523	0.4835
ACADSB	4.3390298915399	0.000118679312269024	0.000382118081972364	0.5243
SNX29	3.202799682528	0.00011908279609741	0.000383326920161081	0.7262
MPST	4.5400082406174	0.000119096751268276	0.000383326920161081	0.4923
UBXN7	5.71172172538007	0.00011970526558794	0.000385217579512327	0.415
PHF1	0.120683884543239	0.000120206147660879	0.000386761267482728	2.5643
SNHG11	2.28172246729103	0.000121107076516229	0.000389522690077569	0.9149
RAB11A	7.05179381574076	0.000121404426103089	0.000390275555325486	0.4034
DNAJB9	3.52344355409041	0.000121405284766293	0.000390275555325486	0.7109
SCD5	3.23295812367875	0.000122174619587757	0.000392460662002817	0.683
LEKR1	1.02861862805712	0.000122192506727871	0.000392460662002817	1.5737
MFSD7	2.75607669208985	0.000122441854106588	0.000393123195316544	0.8707
FAM134C	4.86165658486432	0.000123300285739878	0.000395809744411327	0.6006
CCSER1	2.89835926898993	0.000123473488178506	0.000396296061917511	0.7567
LINC00893	1.52635303803949	0.000123840050997287	0.00039740270188196	1.275
DKFZP434K028	-0.758553587396353	0.000124618303297008	0.000399829832159961	3.2498
FHAD1	0.811165482656339	0.000125137144923018	0.000401353428973052	1.5817
ERMP1	5.75880977624876	0.000125497746225473	0.000402418913527636	0.4347
CTH	5.20213858686122	0.000125513436329227	0.000402418913527636	0.4395
NDUFA8	6.33234976284701	0.000129712950124562	0.000415591368458057	0.4461
TRIOBP	5.27689445675351	0.000129881292572352	0.000416057707878727	0.4371
DBI	8.21623771166862	0.000131024778123474	0.000419426328146964	0.5154
CHD2	7.21962604432799	0.000131630767808673	0.000421292303140803	0.4062
LOC101928674	0.145077187271713	0.000131790099004379	0.000421654407189614	1.9846
NRAV	3.92984332643631	0.000132035566581667	0.00042236574443927	0.6126
FBXO17	3.89750279828535	0.000132374584731945	0.000423301877538342	0.5903
TRAV30	-0.957829249626457	0.000132895114301565	0.000424891980155756	3.877
IGBP1	5.84942384118272	0.000133782012385069	0.000427577804289535	0.428
DFNB59	0.194457252845076	0.000133951762643635	0.000427970489818377	2.0575
UNC45A	5.31760255459008	0.000134153120250334	0.000428538821223114	0.4377
CBFA2T2	4.71651645111307	0.000134528158527046	0.000429661662363497	0.5051
HEATR5B	5.46767527611107	0.000135084568842863	0.000431287843440941	0.418
GOLGA8A	5.13474932584991	0.000135200246209535	0.000431506240349874	0.4452
HMG20A	5.14438508493231	0.000135421991588357	0.000432062893819826	0.4362
METRN	3.17848834666584	0.000136004903040186	0.000433619544167242	0.7811
PHF13	3.38720338465731	0.00013623753964613	0.000434209588648699	0.7253
ZNF484	3.7281454572579	0.000136938184492258	0.000436290313453868	0.6414
ZNF587	5.50855071982637	0.000140251539134079	0.000446457209839886	0.5038
LINC00862	0.0952577106406614	0.000140342196798207	0.000446667912264307	2.0949
RNF149	5.7507977373247	0.000141172056320823	0.000449228787409867	0.4195
VSIG10	4.92422624160839	0.000141196033203211	0.000449228787409867	0.4811
MAGI2	-0.464742938233039	0.000141384423322526	0.000449749787798576	2.6376
C2orf15	2.66605054032013	0.000141739455121493	0.000450800608483969	0.8227
AK3	4.64041167720454	0.000144053305257022	0.000457920449377016	0.4776
ZBTB46	2.69003806904319	0.000144183024580361	0.000458253011270729	0.8731
ZFP64	4.2266943670899	0.000146041368735954	0.00046399777717431	0.5916
PLA1A	-0.464820394078225	0.000146189747778179	0.000464388382710706	2.6372
SSH2	5.10541950473649	0.000147929655938828	0.000469670225881606	0.4618
ZNF621	5.08258481270352	0.000148619127342064	0.000471695199714312	0.4616
SLC39A5	-0.668217497509596	0.000149378333250501	0.00047385766321827	3.3854
HIST2H2BF	0.0949553882194207	0.000152487810167958	0.000483385563887176	2.0983
KCTD3	6.28163502617882	0.000152938413685089	0.000484729805596351	0.415
C22orf23	2.40191161420481	0.000153731759571122	0.0004870949339168	0.8811
ARHGAP31-AS1	-0.464665478722152	0.000154273163306823	0.000488620900300028	2.6379
SIRT5	4.16704205630186	0.000155937849885054	0.000493465312446098	0.5507
BAP1	5.46026670340431	0.000158379492748185	0.000501018197818554	0.4703
ZNF516	4.19772776542936	0.000158852956371197	0.000502428893193447	0.5449
HOXC10	4.64811158198575	0.000158908214982595	0.000502516607088559	0.5448
ATF4	8.54781641451444	0.000158997649806	0.000502625297810967	0.4221
LOC105372269	-0.127979345221471	0.000159883471172688	0.00050516314463977	2.2096
IFT20	3.3978943620642	0.000163642693077962	0.000516593637356263	0.6945
ZNF815P	1.68047961443294	0.000164681202185276	0.00051960249344874	1.1418
RFX1	3.85939559789713	0.000164887977244289	0.000520165009948461	0.6299
TGFBRAP1	5.4875946687202	0.000168470159717621	0.000531281954708049	0.4137
LOC102723582	1.06924428780668	0.000169093251712354	0.000533062753110124	1.4042
TNNT2	0.0149973402270363	0.000169242257943243	0.000533440376555912	2.1834
CTAGE8	2.2827615391111	0.000169680548862287	0.000534637228172232	0.9396
SLC35A3	5.74297192444186	0.000169837367416282	0.000535038995608566	0.4035
ZNF667	4.57770626951229	0.000171000590060932	0.000538517642255023	0.4962
PCED1A	3.55228018675472	0.000171604565311129	0.000540326482290441	0.6349
SPPL2A	4.03265649410511	0.000174714710949158	0.000549455945407032	0.5894
SLC6A16	2.41350328179235	0.000174839622142542	0.000549659401039135	1.017
TMEM185A	3.36784735975407	0.00017594159849639	0.000552743042875598	0.7072
LHFPL3-AS2	-1.18900288891462	0.000176122956005975	0.000553217598906586	5.9385
NMRK2	-1.25334263304866	0.000177748261981925	0.000557842920877088	5.8384
SFT2D2	4.60806732639823	0.000177897160815406	0.000558214260544183	0.608
IP6K2	5.85474880698438	0.000180571304406794	0.000566410607087704	0.3989
PACSIN2	6.78533994641549	0.000180635027336908	0.000566513152218276	0.3928
MLLT3	6.29661821997416	0.000181226896980112	0.000568271767651825	0.421
CREM	3.47796124907802	0.000181820246915365	0.00057003442000462	0.6757
ZNF554	1.73936761951821	0.000182727046843753	0.000572680681060868	1.1124
MTMR3	5.26991426448584	0.000182953645029284	0.000573292437977105	0.4227
GJB2	4.21850349147377	0.000183194304023668	0.000573830436843314	0.6491
BRWD1	6.25228547415177	0.00018325065674657	0.000573830436843314	0.3944
POLL	3.58761051363553	0.00018325106522768	0.000573830436843314	0.612
GPR153	0.763018586717495	0.00018380866263282	0.000575379105799856	1.6124
FBXL16	-0.625174274337904	0.000184529407393673	0.000577536235449837	2.8487
DNAJB14	5.78914214582397	0.000184644871541415	0.000577798555855343	0.4529
SGCB	4.42294084952316	0.000184924147389491	0.000578474166336969	0.4935
PEX13	5.8987121129011	0.000185191943917336	0.000579212631172672	0.448
TEKT4P2	1.50720233417637	0.000186150929533475	0.000582112259260553	1.1947
RNF11	6.99481571924017	0.000186514763247939	0.000583150114378211	0.4048
PIGQ	3.94950673611351	0.000186552024062146	0.000583166738232627	0.6053
RILPL1	3.46431760312276	0.000187404337491241	0.00058573079699368	0.6559
SPTBN1	9.37627483876684	0.000187450275758852	0.00058577409008107	0.4246
ADAM1A	2.37936277883959	0.000187607585958604	0.000586165341307595	0.9438
LINC01133	-1.25342206585242	0.000188250341918348	0.000587670698026908	5.838
SULT1C4	-1.25342206585242	0.000188250341918348	0.000587670698026908	5.838
NLGN4X	-1.25342206585242	0.000188250341918348	0.000587670698026908	5.838
C1orf210	4.72676390225165	0.000189133671334623	0.000590125500578514	0.5394
LINC00637	-0.625096326880979	0.000189251585391065	0.000590392505621887	2.849
TUBBP5	2.33752887296881	0.000189762649481661	0.00059188568749995	0.8998
NOV	0.169938167819441	0.000193162859504095	0.000601874238454814	2.016
HOXC-AS3	1.77024890731665	0.000193252386734563	0.000602050438946446	1.2939
Sep-10	6.20905739606666	0.000195053637376513	0.000607558301304491	0.3931
ZFP2	-0.427722096502374	0.000195218604750341	0.000607864719140753	2.6914
TMEM245	6.91977867709993	0.000197068012299877	0.000613414089095746	0.3956
MICU1	5.89620829912805	0.000197224326106504	0.000613795993419764	0.41
MTMR9LP	0.945693196316302	0.000200036341410408	0.000622229246684001	1.4473
LOC220729	3.79135610352012	0.000200440049064	0.000623272617222343	0.5726
LRP12	3.07509727809802	0.000201117711759865	0.000625273321847428	0.7032
NSF	1.30322506162316	0.000203072217132451	0.000631242362671553	4.8188
SLC26A7	-0.390218645085851	0.00020491506745378	0.000636645587378525	2.7436
ATP5C1	6.47663639524495	0.000208825380202879	0.000648573688496726	0.4749
LINC00884	0.119937975401463	0.000209609471031724	0.000650836170934731	1.9482
TPST2	3.01512110412343	0.000211413511609096	0.000656165431474951	0.7598
TRIM14	6.44037975413146	0.000211564567088346	0.000656522647758772	0.4034
HACE1	3.06996159982406	0.000212113303373716	0.000658041125725565	0.7338
FAM167B	-0.285966340999189	0.00021314612815108	0.000660981096573147	2.5387
FAM134A	5.52681236899881	0.000213551170756197	0.000662124689763099	0.4386
C7orf49	4.65360940468103	0.000213909876305183	0.000663011664147269	0.4633
ZNF25	2.42674764956391	0.000217046722131181	0.000672277733156913	0.8764
DNAJB2	4.49247135195567	0.000217602810766296	0.000673771525330647	0.5323
SCAPER	3.45654928478626	0.000218566948392422	0.000676527332969152	0.651
MFSD9	4.36107297626752	0.000221339273023298	0.000684528166747981	0.5167
GATSL3	-0.80590944550742	0.000221491920701579	0.000684884231762877	3.1801
MON1B	5.28403582509927	0.000222675032898668	0.000687959959485206	0.4159
ZFYVE1	3.40609591796141	0.000222883305297355	0.00068848690719264	0.6312
RABL2A	2.53958106936328	0.00022330319620252	0.000689667255942006	0.8786
C2orf81	1.0008874450765	0.000227529213492021	0.000702125307895595	1.5278
ADGRL1	4.32365328849996	0.000228207229621935	0.000704098560753429	0.5227
CARD9	-0.0120005109819956	0.000230934483047032	0.000712272330208922	2.1416
LOC100293704	0.553687778067849	0.00023225517627641	0.00071610378282421	1.7293
PROSER2	4.15802664207868	0.000232946121246361	0.000718112865497057	0.5524
FGD5-AS1	6.27123514130631	0.0002332208119761	0.000718716938459771	0.4208
LOC105371437	-1.01236751683991	0.000233530417454809	0.000719275308464223	3.7973
LMX1B	-1.01236751683991	0.000233530417454809	0.000719275308464223	3.7973
BCKDK	4.91335663424225	0.000234243816638236	0.000721260771891995	0.5009
AGAP2-AS1	1.85611725055402	0.000236851279976764	0.000728785107514935	1.3044
VCPIP1	6.71529570992666	0.000236887096187206	0.000728785107514935	0.411
DISP1	2.99907223199814	0.000237436235420609	0.000730351459787472	0.704
VTCN1	1.67169775331169	0.000238035744406213	0.000731948888307197	1.128
INTU	3.53591202710138	0.000238557011193773	0.000733428224377487	0.6272
EBPL	5.56584182611895	0.000241337358206369	0.000741601550482321	0.4877
TMEM63A	5.71112694636509	0.000244632022029372	0.000751472689579037	0.4479
STX17-AS1	-0.128016994493571	0.000245732910990235	0.000754600508500881	2.2073
EXOC3L1	-0.805712786778133	0.000246069883292566	0.000755508205413569	3.1788
ITFG3	4.93273309637706	0.000247330093547159	0.000759249737312417	0.4446
LOC101927245	1.51659855742977	0.000248649430318378	0.000763171486195747	1.1627
KIAA1671	6.14559318799821	0.000248722531913148	0.000763267531115555	0.387
MLXIPL	0.810523356665969	0.000248940957374037	0.000763809431566457	1.4977
SRSF12	3.27171849157204	0.000250632843056659	0.000768871312862101	0.7255
EFCAB6	1.64590658880658	0.000252301979869154	0.000773731722575385	1.1714
LACE1	2.27086908561237	0.000252667995659234	0.000774724039092202	0.895
TSEN54	4.61795183285995	0.000253093949843075	0.000775899773020182	0.4637
LOC101929709	2.13359595836906	0.000256176802539372	0.00078495530499476	0.9489
CASP7	5.10709960427635	0.000256416843295674	0.000785427162953996	0.4517
ZNF627	3.8103226858227	0.000258176087680783	0.000790683217027407	0.586
PLEKHM2	5.11260913432586	0.000259312753321501	0.000794031134625516	0.4344
ZNF555	1.9314111118415	0.000259600260148593	0.000794656277175487	1.0069
KNG1	-1.25318375524304	0.000259603967850274	0.000794656277175487	5.8399
MZT2A	5.60801205299697	0.000260327110415689	0.000796602703276704	0.4016
PMP22	2.48699632728121	0.000260527681476268	0.000797082847834882	0.8645
MRPL45	0.416326268488492	0.000262434910644816	0.000802245768374373	1.9002
PML	5.09829188931711	0.000262907556042111	0.000803421550569933	0.4637
TMEM56	5.37344559748492	0.000263931385384784	0.000806145452833298	0.5197
GIPR	-0.220585486507221	0.00026444231235065	0.00080757090235421	2.328
GOLGA2	6.98076953713519	0.000264648458712461	0.000808065272161682	0.4707
TNFAIP1	5.03517879511339	0.000265875277458848	0.000811404056383939	0.4317
LOC728730	3.2137506840725	0.00026612216206907	0.000812021760109134	0.7068
CSNK2A1	7.61878416647892	0.000269952956154825	0.000823022907074564	0.399
LRP6	6.47126983411172	0.000273110789957085	0.000831816913823246	0.4097
LINC01006	-0.957986856767944	0.000273414913927304	0.000832604281677543	3.8742
IL4R	5.36163402295027	0.000275430098617895	0.000838601047426333	0.4188
LOC642366	-1.18947872814716	0.000276271636444861	0.000841023010661561	5.9324
MAP3K14	4.81062023540688	0.00027727536319049	0.000843557578239815	0.4425
ZNF354B	3.33936265692944	0.000277368541260893	0.00084365879527805	0.6459
LOC101928530	0.0692880861368582	0.000278186250285581	0.000846005028354749	2.2651
ZFPM2	-0.0115830324281437	0.000278645254115472	0.000847259786664235	2.1408
PIDD1	2.80777808391261	0.00027923074065541	0.000848898651358061	0.885
DCP1B	3.48068879312795	0.000279650237849167	0.000850032424604462	0.7315
ZNF548	4.1508028440955	0.000280284403213374	0.000851818222917156	0.5645
SENP6	6.40950171460911	0.000281141819062105	0.000854139632018272	0.3911
RAB43	1.62002356297342	0.000282200100821469	0.000857212153177495	1.2615
POFUT2	4.02580696323062	0.000283493910159288	0.000860855759126408	0.529
LINC01322	3.65617502157354	0.000286064453187551	0.000868228205717693	0.6459
LINC01573	-1.01209064999561	0.000288332894282078	0.000874386265450766	3.7966
LOC101929767	1.46668030906619	0.000291626889015959	0.000884081781115137	1.1884
ABLIM3	2.8528752716774	0.000291727938183088	0.00088424128166536	0.7332
ETAA1	5.34133221415502	0.000293330949416067	0.000888657453126405	0.4397
HHLA3	3.6455418522863	0.00029420751385227	0.000891165152295841	0.6925
MAMDC2	0.841678250170722	0.000294326072725992	0.000891376374201346	1.5381
SLC37A4	4.61228008138424	0.000300267874591699	0.000908617655983101	0.4688
ALS2CR12	-0.0687956213115949	0.00030448940194718	0.000920781600455147	2.0665
LINC00511	2.05510692295585	0.000305525159525528	0.000923454853029478	0.9779
SP1	6.781739747803	0.000306317746561512	0.000925237720255949	0.3934
HSD17B11	4.23565205071782	0.000307034664845859	0.000927104651451065	0.574
SH3TC1	2.11292512660233	0.000307037397166583	0.000927104651451065	0.9811
ZRSR2	4.32620835970167	0.000307262284068984	0.000927630272525776	0.5494
MIEF2	3.73806483796979	0.000307535718194833	0.000928302260476997	0.6266
GNG12-AS1	-0.254018843404405	0.00030792748324294	0.000929331151278411	2.5885
MKLN1-AS	2.32687156234969	0.000309610993304223	0.000933948825803355	0.8815
NNT-AS1	3.40231083097718	0.000310859206880035	0.000937559174095808	0.6911
TCN2	2.41264552960544	0.000311317750329729	0.000938632014866974	0.8512
ZNF782	3.89299522033855	0.000312706394761333	0.000942507502519878	0.6116
TRAF4	5.09347552932152	0.000313504486982516	0.000944519325386182	0.4965
NAPA	4.72920014678509	0.000313554116641754	0.000944519325386182	0.4475
ARHGEF9	4.94686037658814	0.000313580829928004	0.000944519325386182	0.4487
HOXB7	4.56962966914477	0.00031491948355565	0.000948238510933854	0.4735
LOC730102	3.37209805125857	0.000315318033192845	0.000949125476334473	0.6184
UBL5	7.94287302915019	0.000315428579263632	0.000949301705083559	0.4647
PIGV	3.11567001424345	0.000319030872086218	0.000959668413380458	0.7175
CSAD	3.09028855379665	0.000320598433263569	0.000963907278929466	0.7499
CTTN	8.31137955191339	0.00032224658375827	0.000968703051719246	0.4368
IER3IP1	5.45570871214782	0.000324370983460548	0.00097492865888307	0.4599
LOC101928596	1.83526833165272	0.000326134253669626	0.000979905683836848	1.1852
EFEMP2	-0.464590836183607	0.000327075742165874	0.000982572774227447	3.0904
CELSR2	2.5269195045002	0.000327468633013318	0.0009835912083401	0.8138
TMEM101	4.78498104777911	0.000329233226112901	0.000988728701417524	0.5022
KIF9	2.99532972754763	0.000329498210400182	0.000989361731754229	0.6827
APTR	4.0545337510841	0.00033303711188176	0.000999658913928544	0.5453
ATG4B	5.41991368157586	0.000335975823164003	0.00100814836089448	0.4243
BNIP2	5.1212746537236	0.000336482645644863	0.00100917154244991	0.4183
TMEM263	5.92373367483674	0.000337284923798815	0.00101124545391216	0.4201
PPP1R26-AS1	2.81838616171567	0.000341781564947642	0.00102405452973644	0.7458
CPEB3	1.87075261870061	0.000342216784362611	0.00102519028804132	1.1673
PPM1M	1.14578456739614	0.000344335889164441	0.00103103099763589	1.3178
LOC105371371	-1.32050777319218	0.000344764526893776	0.00103197593096783	5.7332
CYP2C18	-0.502877536589192	0.000348066198167314	0.00104168795307254	2.5781
PLS1	7.3261721201281	0.000349124802818259	0.00104468487137357	0.3729
GFOD2	5.02641576522884	0.000349929650233723	0.00104657858693756	0.4205
LOC653160	0.287240025864113	0.000355789690888676	0.00106393064649692	1.7176
TUBGCP6	4.27893911478929	0.000361419329561624	0.00107952736918799	0.5312
EXOC3-AS1	2.60461627795005	0.000362220912243634	0.0010815677091789	0.7815
FUT6	-0.854790798358076	0.000362794981170623	0.0010831046894932	3.1072
ACVR2A	2.98098065639482	0.000363355478738997	0.00108460065726931	0.7626
FGD1	3.57113920270907	0.000363755169751442	0.00108561621366394	0.5862
VAMP4	3.48482004972086	0.000366213386101271	0.00109277403999098	0.5913
PLIN4	-0.465363539839245	0.000367171145115708	0.00109545292126693	2.6401
ZNRF1	4.4568386359716	0.00036766140702561	0.00109673638017313	0.4991
HSPA6	-0.854712240942125	0.00037093510473701	0.00110559857503328	3.1075
PCDH18	-1.25358091926378	0.000374246790027398	0.00111492320475525	5.8354
SAP25	0.987108320702709	0.000375439808429573	0.00111829485114869	1.4323
GARS	8.12793189060499	0.000379683493956953	0.00113001334621424	0.3843
ENO4	1.12101736728359	0.000379892021987844	0.00113035547272548	1.4711
CREBL2	5.79922383998319	0.000379922282024734	0.00113035547272548	0.3864
OSER1-AS1	1.36579924237001	0.000381184490579406	0.00113365566949184	1.3401
MED22	5.65888308741651	0.000381910258221476	0.00113534500473722	0.404
ATP6V1H	4.53060553133529	0.000382778686694738	0.0011377414041516	0.4623
CBWD6	2.88397009839651	0.000388039905174108	0.00115281635620155	0.7861
KIAA1958	4.31774110419983	0.000389082421985933	0.00115572546302883	0.4844
BRSK1	0.535516150505661	0.000389979148173923	0.00115820063918385	1.5831
TTN	5.13056211862436	0.000390618283096079	0.00115991011324041	0.428
FSCN2	2.25984112465833	0.000393128355514866	0.00116675186644936	0.877
SCART1	1.20623095854833	0.000393241905908355	0.00116675186644936	1.3497
WASH3P	2.21701312807847	0.000394520712773818	0.0011702803366858	0.9728
ZBTB7B	4.74376210328468	0.000396921485531265	0.0011769041156178	0.4434
SIX5	2.21369035423292	0.000402229424243437	0.00119206174821237	0.963
LOC644656	1.27604775712033	0.000405873012598334	0.00120165328236498	1.2118
STX3	6.33869967061357	0.00040592658809952	0.00120165328236498	0.3768
CREB3L4	3.00607759725587	0.000406340960840787	0.00120268491911631	0.685
C8orf46	2.8815592121539	0.000407869589362868	0.00120667751986124	0.755
GPR15	-0.854869351889039	0.00040788819977343	0.00120667751986124	3.1067
EML3	4.77059801833963	0.00040828647178698	0.00120766005005559	0.4961
RCCD1	3.81233980970352	0.000408829421920132	0.00120907013228154	0.616
ABI2	6.29013153767666	0.000411378988832872	0.00121601923901116	0.3763
LDLRAD1	-1.06900170178177	0.000411672927639275	0.00121669110684517	3.7109
GPR155	1.45710457299333	0.00041192096819717	0.00121720331144214	1.5202
SLC25A25-AS1	2.04940597438313	0.000412327601887898	0.00121783735642541	0.9381
URM1	5.93370763556756	0.000412785086715109	0.00121899135280994	0.4768
MRAS	-0.668254238232314	0.00041379840556777	0.00122178613812796	2.7877
WNT2B	0.495880657137861	0.00041497903715469	0.00122507394927167	1.7657
PIANP	0.747249724905693	0.000417953653759751	0.00123325713642121	1.4865
TMC8	1.26564735551525	0.000418470248226674	0.00123458190879544	1.4352
MFSD3	2.92837748774263	0.000418545401719565	0.00123460411274719	0.7527
SIN3B	5.49020629620436	0.000419608048402263	0.00123731077737524	0.4156
RNF13	5.23560854532735	0.00042058816474445	0.00123982844107455	0.4205
KIAA0355	2.60334575440864	0.000423514949648147	0.00124805309455635	0.8431
RANBP10	5.09899499344758	0.000424577697999428	0.00125078109644627	0.4191
CHRD	-1.01220965246266	0.000427436993176209	0.00125900124998788	3.7998
PLEKHM1P	2.33187385702353	0.000430363275237925	0.00126741602722109	0.8199
PCMTD2	3.94093176131569	0.000433276902818289	0.00127558508915508	0.5867
NKX2-2	-1.06888252099482	0.00043592207658762	0.00128316566110667	3.7095
UVSSA	4.00568170813918	0.000435997970592824	0.00128318216204137	0.5335
PYCR1	5.57965794194426	0.000437326093901262	0.00128667609512674	0.4667
SCAMP5	3.67638470764971	0.000439893378200907	0.00129381239124146	0.5954
IFT57	6.34493883767934	0.000444068855599444	0.00130525213779157	0.4388
METTL20	0.987637663119855	0.00044415871437006	0.00130530609941079	1.3554
ZNF345	2.00869165503724	0.000445429851965357	0.00130862043409713	0.9352
ATP1A1-AS1	1.27587755610625	0.000448093274693537	0.00131622430971108	1.2126
PXDC1	3.58275881628025	0.000448162264962976	0.00131622430971108	0.5868
NLGN2	4.23766243063578	0.000453207548996478	0.00133039990584977	0.5476
MGST2	4.46982056226906	0.000453812938535788	0.00133196286268639	0.5574
PTGR2	5.31417392774117	0.000455574451076261	0.00133691804836011	0.4193
IL10RB-AS1	0.353807623734322	0.000462649199465298	0.00135680703380538	1.675
RGPD2	2.55613834716702	0.000464117722575374	0.00136067659279525	1.0684
FOXO1	3.2115311907818	0.00046491676602048	0.00136260195162992	0.7041
ZSCAN9	2.95251843124811	0.000465227876661218	0.00136327449700276	0.6753
SPAG9	7.59836272119891	0.000466845794487304	0.0013673571031863	0.3657
CDR2	4.97647914074021	0.000471228357129896	0.00137952932773627	0.423
FGL1	-0.543116952276905	0.000476352599807358	0.00139341340523684	2.5237
MPDZ	4.83755631125231	0.000477998608339932	0.00139755646922706	0.4324
STK16	4.70610366228844	0.000486435781643523	0.00142176939316109	0.5926
CCDC183-AS1	0.0689525694235415	0.000487899217046277	0.00142581848989865	1.8734
LOC101928419	-0.220891176177566	0.000489052973196188	0.00142896144024802	2.0722
LOC101060321	-1.06844994211439	0.000489321013884242	0.00142951583124832	6.1236
FXYD3	2.85474394816364	0.00049416491474289	0.00144274343251978	0.7324
RRAGB	2.49663616269214	0.000494594852957902	0.00144376777032291	0.7687
TMEM63B	4.33567451450866	0.000496371431890162	0.00144872211999789	0.5317
ERICH6-AS1	0.515994978894138	0.000499302963511215	0.00145657956245777	1.5529
KIAA0040	3.54739568529753	0.000500314246311218	0.00145929651392516	0.5874
SLC35C2	4.76761840320482	0.000507012035393549	0.00147718029335216	0.4869
CCDC113	4.65030410341117	0.000508559365279432	0.00148136545223458	0.6003
WDR48	5.03016731034373	0.00051735353901207	0.00150610846885733	0.4197
NIT1	4.15853049896427	0.000518622000024019	0.00150956046435563	0.5016
GTF2IRD2	1.69794946772011	0.000521477734360292	0.00151714701489745	1.2425
KIZ	3.17761784342083	0.000524815303113755	0.00152612745677679	0.7016
SH3BGRL	6.51655563682759	0.000525803453732334	0.00152875742177695	0.3685
CHMP1A	6.64149240848874	0.000527239309096029	0.00153220006794924	0.3776
PSEN2	2.96367675820236	0.000528180692956565	0.00153469150574806	0.661
CFB	-0.71289481361762	0.000529168545947995	0.0015373171506726	3.3064
PARP10	4.58306926263548	0.000529829889316106	0.00153899354961891	0.4691
TXN	9.1445130003216	0.000530796304224776	0.00154131021630786	0.4883
SPHK1	1.72219821224071	0.000531122755294774	0.00154201288496523	1.0073
AGBL3	1.92293377229757	0.000532163781976806	0.00154478963329123	0.9995
LATS2	4.10733902826055	0.000532736461470935	0.00154596039431146	0.5367
SNAI3-AS1	0.902269778476194	0.000533933489024031	0.00154894164557806	1.383
TMEM92-AS1	-0.158746177668009	0.000539017811121185	0.00156244985071902	2.1672
ZNF596	2.05632056797237	0.000543324283945522	0.00157368366297151	0.9158
ZDHHC13	4.20308781837688	0.000543656984950951	0.00157425651740575	0.5041
LINC00265	1.67984181729048	0.000545225867140035	0.00157844012535815	1.0206
ST20-AS1	1.28676074497864	0.000545773746207786	0.00157977572709201	1.2284
CTXN1	3.51794810145778	0.000548326684544777	0.00158611855186476	0.6365
RIMKLB	5.74758600275009	0.00054839944672274	0.00158611855186476	0.3735
DCAF10	5.3839485303364	0.000549717258566368	0.00158967816765209	0.384
GJA3	0.679226808463514	0.000550902043215125	0.00159209556766429	1.5807
ATRNL1	-1.06915979641492	0.000551621443331701	0.00159392229652794	3.7102
LINC00482	0.396223734655977	0.000551879536899358	0.00159441570274326	1.7442
MOSPD3	3.33147994092622	0.000555081790837797	0.00160290622801879	0.7437
TAB3	5.86989108513535	0.000556431521223696	0.00160654971555588	0.3837
ZNF117	5.01397544765843	0.000556647272653509	0.00160691850246086	0.4356
SAMD10	2.93608003810877	0.000557113246301331	0.00160800939517424	0.7229
IL1RAPL2	-0.503422746070901	0.000559650766439179	0.00161456769786878	2.5877
C11orf80	3.58729965899983	0.00056133890167803	0.00161918201754371	0.565
DOCK1	5.64803823241255	0.000565889227856717	0.00163101890491825	0.3805
KMT2A	7.44993622395617	0.000568181619179601	0.00163685081895894	0.3655
KIF7	2.65857372609497	0.000570954555957242	0.00164457973707091	0.7299
C7orf60	3.36657129651362	0.000572270482169258	0.0016481100997763	0.5993
C5orf15	6.54403658961013	0.000573971214901718	0.00165274739735738	0.3613
USP21	3.8896271980267	0.000578859557326254	0.00166577239573583	0.5156
NOS3	0.730716589868093	0.000579008374106843	0.00166593804218984	1.4617
LOC103611081	2.05601812456774	0.000586322672600936	0.00168618568226255	0.9149
RBM44	-0.427720329633709	0.000592550329941631	0.00170382718907142	2.3339
THAP9	3.00052950322093	0.000593054669537204	0.00170500882631042	0.7107
GAS8	5.15355461717978	0.000595529948314601	0.00171158607311577	0.4413
ACHE	0.264957395784159	0.000595803755267316	0.00171210347177084	1.684
LINC00437	-1.32026907637342	0.000595951730263874	0.00171225917338642	5.7359
EXOC4	6.45506806656497	0.000597134696465135	0.00171510138530063	0.3595
MGC32805	-0.390564940519129	0.000599424479881411	0.00172088273387562	2.3897
STT3B	7.81379288969027	0.000602438136816465	0.00172871905465599	0.3603
RNF103-CHMP3	-0.583380614204298	0.000604403867546174	0.00173354234185749	2.4626
GPR34	-0.583380614204298	0.000604403867546174	0.00173354234185749	2.4626
TOR1A	5.32874726558416	0.000605488412997439	0.00173638021798323	0.3919
LOC101927401	-1.06864533112674	0.000606197264987391	0.00173786703354426	3.7107
SULT1A2	-1.06864533112674	0.000606197264987391	0.00173786703354426	3.7107
ZNF91	5.63259337192659	0.000606887574200794	0.00173957286145544	0.4508
ZNF32	1.95193554252695	0.000611689458266644	0.00175196152339439	0.9449
HDDC2	5.23929929139937	0.000613076232731464	0.00175565799290127	0.4231
PERM1	1.97472490937408	0.000622691088259928	0.00178151520251892	0.944
LINC00339	2.62885678889079	0.0006238573659756	0.00178457224588696	0.7949
SPX	-0.583653513461402	0.000629204421614179	0.00179902207063249	2.4633
FAM134B	-0.286118304436351	0.000631361662339221	0.00180490737670918	2.2392
ITPKC	3.7861201803555	0.000636876672697254	0.00181924902781428	0.5464
BCO2	-0.543194632746641	0.000641533356851183	0.00183197762594638	2.5233
PPOX	2.77888808312867	0.000642508012155512	0.00183447392397733	0.6964
PAN3	5.16254209581273	0.000643218411313045	0.00183621506128709	0.4189
P2RX4	3.8677890017362	0.000648640004400281	0.00185111332192145	0.5372
DZIP3	5.50179248291269	0.000653519724529731	0.00186445633552348	0.3988
MAN2B2	4.37484611291413	0.000656378634660037	0.00187173513813709	0.4676
GRIN3B	-1.39086852644924	0.000656986073903245	0.00187288222441875	5.6202
CLDN24	-1.39086852644924	0.000656986073903245	0.00187288222441875	5.6202
ALPK2	-0.583185502433247	0.000660190408185638	0.00188084208674111	2.4615
ATRX	7.69004338430612	0.000662801452196693	0.00188769162422821	0.4142
WDR47	3.57065878889609	0.000664496485708568	0.00189163384423758	0.556
ATP6V1C1	9.10863530661254	0.000665197928342592	0.00189333541936738	0.4055
TSPYL4	5.17162966707836	0.000671258091168214	0.0019102864711406	0.452
INPP4B	5.72072291450706	0.000677331202350698	0.00192726908200037	0.4307
SOS2	5.19146092587234	0.000681874641005089	0.00193838421771861	0.3932
TBX19	1.48775869824228	0.000687439304305461	0.00195277142781335	1.1179
B3GNT2	4.69456173201015	0.000689042669541115	0.0019569326345897	0.4313
SMARCC2	6.93895310066385	0.0006904585123972	0.00196003896786243	0.3683
KCNE2	-1.39094821297992	0.000691372230301741	0.00196232764869225	5.6197
PNPLA6	5.08792663455345	0.000694263365173483	0.00197022726482312	0.3984
MYZAP	-0.464624455897494	0.000695152424038929	0.00197213716445294	2.2764
FLJ38576	-0.464624455897494	0.000695152424038929	0.00197213716445294	2.2764
PDE4D	3.30365221947434	0.000695378766875393	0.00197247277316302	0.6096
TTC30B	2.49588674934464	0.000696663390095059	0.00197580967058807	0.8115
ABL1	5.89995300000989	0.000697067299061259	0.00197664812234581	0.3747
ERLIN2	5.72090427916899	0.000699317379656712	0.00198241274580946	0.3903
IKZF2	5.38388792951376	0.000699642509345757	0.00198302649442884	0.4168
ESRRG	-1.25366033987214	0.000701492198304154	0.00198765195906265	5.8327
LINC01473	-0.905664482572451	0.000702344143563675	0.00198944836072901	3.0312
STXBP5	4.90296129499412	0.000705116783138688	0.00199699224216256	0.4336
AMPD2	4.91599183602687	0.000711883014570154	0.00201279166758091	0.4102
NXPH4	0.516507626196766	0.000711908183477756	0.00201279166758091	1.5554
ADAMTS3	-0.712814900329236	0.000716443453218361	0.00202498710047289	2.7174
CAMK1D	2.01601005476074	0.000719876663936707	0.00203406103959581	0.912
NMI	6.23681117194141	0.000720446321159299	0.0020353556235042	0.4298
MKNK2	5.67621327585681	0.00072271208808322	0.00204080926218828	0.4085
SOX12	5.12856458452518	0.000731975242346691	0.00206536940097082	0.3961
TTC30A	3.38355740256742	0.00073812900463895	0.00208176782151841	0.5918
ZDHHC24	3.4039308325618	0.000740966901498656	0.00208912613957675	0.5717
CYP1B1-AS1	-0.905112548088114	0.000746424078121638	0.00210330671884018	3.0295
ANKRD46	2.67068795685232	0.000753217317455237	0.0021213723152519	0.7161
PRKD1	-1.12794621297532	0.000753678201889558	0.0021223429359395	3.6191
CSGALNACT1	1.94631072794883	0.000759832316870461	0.00213835344177388	0.9598
ARPIN	3.78393114030602	0.000762887398020864	0.00214662027408583	0.5845
MAPK14	5.68567766567837	0.000766873844212001	0.00215717240368787	0.3691
NUCB1	5.30852562935473	0.000770801889346144	0.00216788773561904	0.4375
CIR1	5.46784430711898	0.000775947085887353	0.00218168643153542	0.4961
SMN1	1.79078725132432	0.000782033581633119	0.00219710758176273	4.168
LOC105369889	0.119676150227774	0.000782629089651516	0.00219844232353871	1.7788
ZSCAN29	4.9404928934203	0.00078500965125325	0.00220445103726801	0.4038
LOC105377206	-0.464044612627777	0.000792365863818602	0.00222408228934077	2.6339
PIK3IP1	0.826884524716946	0.000799092202453627	0.00224227286320219	1.3482
THAP9-AS1	5.8501690373576	0.000809635179526515	0.00226976348854976	0.3864
PIK3R3	5.62630072852888	0.000812476645821344	0.00227737964779893	0.3926
RBM47	8.03908872135262	0.000813602990009857	0.0022801867033497	0.3502
TFEB	-0.758630166466039	0.000817005220418678	0.0022890819589943	2.6506
NDUFC1	5.9986596665864	0.000817027719369352	0.0022890819589943	0.4268
CTSC	7.71568594159853	0.000819200553336261	0.0022944653730756	0.3476
OBFC1	3.96203158428426	0.00082840231472419	0.00231917078018782	0.5058
SEC16A	6.82064929702128	0.000834773931570414	0.00233557592256697	0.3531
SMG1P3	2.02152433646446	0.000855523510071898	0.00238949643281194	0.9849
TSNARE1	1.8356835707386	0.000855616683900727	0.00238949643281194	1.0701
DUSP1	3.33105714058396	0.000858339919018358	0.00239655721073284	0.6355
TFG	7.25844180089057	0.000859392871888723	0.00239894132556583	0.3835
KLHL7-AS1	2.63299010591202	0.000880130357132774	0.00245307783203297	0.7594
VMP1	7.30011537950895	0.00088410858082627	0.00246378968883596	0.3513
PPM1L	0.959840651189119	0.000885815408388948	0.00246816942850254	1.6426
LRRC48	1.8877938808442	0.000894506894334822	0.00249124605079733	0.9409
RPE65	5.76867010215524	0.000898382651601922	0.00250089565227885	0.4162
NPTXR	1.06956247450357	0.000898769505953805	0.00250159111155552	1.264
PAPSS1	5.8010753677387	0.000908362481032836	0.00252598102874874	0.3827
PLEKHG2	3.65524153227217	0.000914410412582317	0.00254202474373424	0.6224
C11orf57	5.99556105821742	0.000916681937025269	0.00254756362343329	0.3885
GHDC	2.25378681885386	0.000923715114134748	0.00256637911098866	0.8442
H1FX-AS1	0.517273384615503	0.000924798168494948	0.00256894634267251	1.7886
TOX	2.04340386413146	0.000925876153624412	0.00257154952998133	0.8946
NIPSNAP1	6.64777864501394	0.00092644425924996	0.00257273598978815	0.383
SLC41A3	3.44824182343256	0.000929193032015711	0.00257997688098537	0.6186
CLYBL	0.592419243522508	0.000932099317035097	0.0025872594088175	1.6567
CTGLF12P	-0.0402522460983668	0.000933877462872242	0.00259180099759739	1.9031
PBX2	-0.188983231281809	0.00093643315101977	0.00259849879997217	2.3903
FAM219A	2.82467923583908	0.000946782886878447	0.00262562181115797	0.7477
LOC100996763	3.09993850439587	0.000949572541414663	0.00263215856605923	0.6666
MXRA8	1.18227493159504	0.000954490255866915	0.00264538850935272	1.1865
RAB29	4.6808012079697	0.000956623627002082	0.00265089874537796	0.4189
CYGB	-0.46435278297953	0.000958099580132887	0.00265458581498042	2.2751
CCDC88B	1.83389409827314	0.000960540262398208	0.00266094431416414	1.0406
GLUL	5.50978532145386	0.000961488445635984	0.00266316690388871	0.3749
CFAP54	0.5348592800417	0.000966648705186973	0.00267664777216645	1.4753
INHA	-1.06856625986085	0.000968441542576342	0.00268105033885918	3.7117
TRAFD1	5.28844675991376	0.000968532372084592	0.00268105033885918	0.3673
RSPH1	0.945062500386191	0.000975124628190526	0.00269848040203824	1.2936
CCDC92	0.0415231711184019	0.000978284533871474	0.00270681455749585	2.02
PAQR9	-0.855223371641385	0.000987286804409442	0.00273048142725326	3.1074
LOC100289495	-0.158552991731621	0.00100215296115093	0.00277075639236277	1.9342
ZNF529-AS1	1.54454394641126	0.00100407164761883	0.00277558424936967	1.0224
WDFY3-AS2	1.10764647722318	0.00100420321905602	0.00277558424936967	1.1952
ZNF585A	3.65701574751974	0.00101040832695087	0.00279188957421145	0.532
C11orf44	0.145118872375058	0.00101175488658955	0.00279518722905249	1.6542
ARHGAP24	3.19702015912064	0.001022584578611	0.0028229705227767	0.6097
ETV7	-0.713089075908564	0.00102940791473866	0.00284137751609751	2.7183
TUFT1	5.39495117176587	0.00103014961709443	0.00284299492209764	0.4339
FLYWCH1	4.35896868913255	0.00103812810212305	0.00286458080900217	0.4358
LOC100506302	2.99728499350116	0.00103965565197557	0.00286836233677892	0.6637
CCDC183	1.00177318150737	0.00104519635363	0.00288234208940623	1.2321
PKIG	3.20733416072996	0.00104978144829127	0.00289454917988302	0.6135
DOCK2	-0.957906347997499	0.00105067117646697	0.00289656493469964	2.9489
ZSCAN1	1.60934591901022	0.0010588686092617	0.00291729971725678	1.0395
CCDC157	-0.127785451412597	0.00106503190307434	0.0029330551248341	1.9737
PRKCA	7.10138824380048	0.00107010462824732	0.00294569211297997	0.3574
MICU3	2.07777089816371	0.00107395375116383	0.00295539639452018	1.0327
MTHFR	2.63780405884498	0.00107507467175878	0.0029580351480977	0.7478
RAPGEF3	1.35261380357643	0.0010816707399573	0.00297349511047439	1.1149
SP140L	5.74122034853557	0.00108388077074749	0.00297836775900543	0.4807
UBE3B	5.60469441408402	0.0010839831320258	0.00297836775900543	0.3577
TMC4	1.04383152663529	0.00108511904651181	0.00298028182836161	1.5891
SPTAN1	8.1982805104666	0.001085506257858	0.00298062059391814	0.3457
NSD1	6.79941234594579	0.00108556892687126	0.00298062059391814	0.3438
PEX12	2.10224431105618	0.00108855244049864	0.00298836291033731	0.8692
ZSCAN30	4.58551359569903	0.00109578600549691	0.00300731649373897	0.4187
HSD17B1	3.5873843800201	0.00109995262576064	0.00301829778083364	0.5464
LINC01534	0.145043767766137	0.00110230239141693	0.00302429102159716	1.6539
HOXA-AS2	2.17626227717935	0.00111036096551386	0.00304548524435411	0.8246
BPTF	7.10690540372474	0.00111216160495973	0.00304996578941638	0.3795
ACOT8	3.36307434186062	0.00111965234226569	0.00306958599795803	0.5837
RHBDL1	0.145645556198532	0.00112093549210351	0.00307188777541782	1.6528
KDM5A	6.82448013671597	0.00112290666944094	0.00307665978647963	0.3382
EME2	0.662772677264224	0.00112659564258612	0.00308491526189474	1.4622
CYB5R1	4.36873029277501	0.00113143277514353	0.00309723148043488	0.4393
LRTOMT	3.08576452910296	0.00113747694140374	0.00311331020123939	0.605
TOLLIP-AS1	-0.50307028819371	0.0011384239548096	0.00311500689807029	2.2182
SLC30A7	5.61997591496405	0.00114502922791239	0.00313210272471811	0.3803
HIST1H2AE	0.609160963580135	0.00114835545471297	0.00314073066385617	1.3789
CCDC28B	1.4166433838056	0.00115754421757081	0.00316396574876069	1.0554
LOC105369201	1.56467481878956	0.00115843356390997	0.00316592262615875	1.0486
KCNK3	-0.157673126439463	0.001160677035619	0.00317068948292046	1.9319
TP53BP1	6.38536128807788	0.00117571270403774	0.0032094139776699	0.3441
TRIM44	6.72926075024173	0.00118430572364575	0.00323082565613821	0.3399
FSIP1	0.0690307679723755	0.00119471151037427	0.00325823921921013	1.6973
PCBP4	2.42726564112124	0.00119521912643121	0.00325913672473907	0.7424
ADCK4	3.22098650441028	0.00119615517277183	0.00326071507154285	0.7064
PIK3C2A	6.73928759666815	0.00119672306315116	0.00326177608851711	0.3435
IQSEC1	4.27740414370601	0.00120536291238596	0.00328320487298059	0.4609
MAOA	0.62662045601051	0.00121360876023451	0.00330336089560776	1.4081
BTRC	4.31576808569757	0.0012167519761441	0.00331142279017392	0.4363
EEF1E1	3.97607846500175	0.00122000753961052	0.0033197879927157	0.4767
ECHDC3	1.42818747352885	0.00122072372397136	0.00332124177419094	1.1172
PLS3-AS1	0.331956064662812	0.00122318425104316	0.00332744027522632	1.5144
EHBP1	6.09234522913801	0.0012250609341113	0.00333056029979685	0.3879
GPM6A	0.68074542678517	0.00123028475027511	0.0033442642050361	1.5842
PLEKHA5	6.60613385274074	0.00123759199760694	0.00336262531750444	0.3478
GMDS-AS1	1.00222935141018	0.00124833077677318	0.00339129861023382	1.2322
FLJ36777	-1.39110757368529	0.00126405609472878	0.0034314658833262	5.6167
C7orf65	-1.46492026281885	0.00127594917594814	0.00346066381757677	5.4971
RUNDC3A	0.476502032423477	0.00128433939508575	0.00348186813137592	1.4983
ZFYVE28	1.57373034191068	0.00128724976319263	0.00348820419724576	1.0678
KCTD7	2.15833129466281	0.00128809035433956	0.00348996401140147	0.8511
LINC01121	-1.46484044675009	0.00128953725600839	0.00349181135355817	5.4976
LIMS2	-1.46484044675009	0.00128953725600839	0.00349181135355817	5.4976
MUC12	-1.46484044675009	0.00128953725600839	0.00349181135355817	5.4976
OR2A1	-1.46484044675009	0.00128953725600839	0.00349181135355817	5.4976
MYH7B	0.609561144395122	0.00129962193063081	0.00351755344189712	1.3789
DLX6	0.57323388933403	0.00130438319162291	0.00352939373740445	1.4201
MYO9A	5.25657153354319	0.00131517486228089	0.00355701219048889	0.3697
APOL3	3.56962857686627	0.00132902345627928	0.00359287016405072	0.5731
LRRC49	1.81912195312042	0.00133134597814496	0.00359829772495386	0.9671
APC2	1.46851144074343	0.00133142534684834	0.00359829772495386	1.0834
APOBEC2	0.194351752144493	0.00133558201332613	0.00360846311014975	1.5769
KIAA2018	4.56063923375927	0.00133968947324662	0.00361876209493862	0.4094
IMPG1	-0.503187196645077	0.00133979037027224	0.00361876209493862	2.22
ULBP2	1.1342201805173	0.00134317876193218	0.00362630456637591	1.2909
LINC01569	1.1579073367431	0.00134383248531014	0.00362753302555404	1.1475
HOXB9	2.85492513783428	0.0013440397526428	0.00362755613900753	0.6998
STARD3NL	5.56008791249902	0.00135503708128286	0.00365345694223895	0.4082
SRMS	-1.18911956573638	0.00135545245620618	0.00365403721803013	3.5204
TSG101	5.05933183675099	0.00135656944421405	0.00365650845615999	0.3709
LINC01119	-0.0983693331101178	0.00135752056930946	0.00365853196240236	1.8136
RAG1	0.332103428384175	0.00136434230191425	0.00367474668984162	1.6384
NBEAL2	5.13541036391555	0.00136482692189134	0.00367550970438831	0.3706
ARRDC4	2.14465543343311	0.00136766221052178	0.00368205888737438	0.8322
NBPF14	4.54915029287712	0.00136926585939208	0.00368583272324711	0.42
BTN2A1	4.15605383562089	0.00136965070717253	0.00368632512312275	0.4614
ZNF608	5.32967707135532	0.00139051839914959	0.00374028346764034	0.3876
LINC00493	5.53824359831116	0.00139248527194459	0.00374502226349742	0.396
KCND2	-1.3906294421405	0.0013927018586636	0.00374505304636364	5.6242
SORBS1	3.50612800792482	0.00140377642479221	0.00376983560032459	0.6445
TST	3.91714025751672	0.00141604708059173	0.00380222907828836	0.5061
NFE2L1	7.17017475806765	0.00141739101598027	0.00380527799819643	0.373
C1QTNF9B-AS1	-0.35485132334804	0.00141780952610546	0.00380584189216016	2.1372
SLC9A1	4.30819254546923	0.00141994854226111	0.00381102331483664	0.4645
CRY2	2.43798027592846	0.00142761429044923	0.00383103432109969	0.7341
PAQR5	3.43275917296999	0.00142815964829409	0.00383193452957921	0.5425
LOC284344	-1.4650000747417	0.00143001072031193	0.00383633735635776	5.4964
TERF2IP	5.59632154452805	0.00143221046647454	0.00384167415162493	0.3786
PAIP2B	4.00093710486705	0.00144587419107121	0.00387718555114514	0.4682
DIP2B	6.40728657128658	0.00147613172230282	0.00395367674917256	0.3336
AHSG	-1.464760626535	0.00148103829394294	0.0039656548979499	5.4984
JOSD2	2.55518245863727	0.00148491227699797	0.0039751970558114	0.7525
OSBP2	1.58135750098891	0.00148503746278669	0.0039751970558114	1.0357
FUT3	1.51558277669315	0.0014912908127853	0.0039913509863962	1.0233
LAMTOR2	5.14664006010819	0.00150978944471105	0.00403612770576144	0.3632
LOC100270746	0.218695477419629	0.00151736396827656	0.00405528187254636	1.6109
CYFIP1	5.32886806961592	0.00152187641037727	0.00406546323497915	0.3916
LOC101927043	0.144817612150349	0.00152746377342773	0.00407979204794392	1.6575
SMIM1	0.264698715954874	0.00153259050394206	0.00409228788064447	1.5423
ARRDC1	5.08042690094315	0.00153788913077297	0.00410583562026781	0.3809
POLR1D	6.65955345881048	0.00154202790173806	0.00411628328324756	0.3448
LOC100507564	-0.320922937702645	0.00154611960218263	0.0041259990436261	2.1861
PRICKLE1	4.54807313447376	0.00154869582392218	0.00413166607650495	0.4049
UBAC2-AS1	1.50572280232545	0.0015567316146015	0.00415067801316853	1.0542
FAM66C	0.0419428162373825	0.00155878351447094	0.00415466852121745	1.6599
TRADD	4.36865882861349	0.00155891100845418	0.00415466852121745	0.4433
APBB2	4.75644517238039	0.001564915399435	0.00416945352190388	0.3836
PLIN3	6.31918861139023	0.00156965987342584	0.00418087403695099	0.3408
CADPS2	3.33446293717518	0.00157864820991118	0.00420358834891169	0.5642
RUFY2	4.18983228422581	0.00158163760053644	0.00421093423295803	0.4363
CORO6	0.241676618630838	0.00159423015642853	0.00424198596935713	1.6537
MAP3K14-AS1	1.94520292288612	0.00160223746764915	0.00426204971723777	0.9383
COQ4	5.32028672298799	0.00161026648633323	0.00428278335875574	0.426
DLG1-AS1	-0.127631106509385	0.00162027021779131	0.00430750736799159	1.7665
CLDND2	0.0424699802123501	0.00163465119864466	0.00434384167139111	1.838
C5orf56	0.858028886891931	0.00163842564412466	0.0043526045633207	1.3124
SETX	6.80763724101546	0.00164182823128102	0.00436100919398609	0.336
C5orf42	4.36403505757677	0.00164717996842183	0.00437395163687403	0.4537
VLDLR-AS1	-0.668447102152662	0.00164901616575591	0.00437755403839462	2.3321
KRT18	10.8525079392933	0.00165096600043421	0.0043820929491025	0.3698
ABCC5	4.88064271463623	0.00165319959168726	0.0043873835943949	0.3799
B3GNT4	0.396228286253456	0.00165833774779161	0.00440037993076798	1.4896
SMIM6	0.0691444238985924	0.00166066637880372	0.00440591853094618	1.6949
GINM1	4.62569518000052	0.00166188005567204	0.00440785737270794	0.4096
LTBR	6.855628271061	0.00167093774614911	0.00442930731722059	0.3914
TOR4A	1.39576632786902	0.00167344436765696	0.00443530783622902	1.0236
SMARCAL1	4.76281676971289	0.00167591059056852	0.00444055496972697	0.3862
ECI1	5.09719099852493	0.00168731562660431	0.00446947679618228	0.3602
ATRN	6.13276777937381	0.00170119397583014	0.00450427805986296	0.3351
DNASE1	3.41491742589004	0.00173258482741773	0.00458406791439682	0.5462
SH2D6	-1.18947704267627	0.00173859714434345	0.00459930871861092	3.5206
ZNF717	3.09622947842173	0.00173929009865745	0.004600475230526	0.6222
TFE3	4.44505714263388	0.00176324246465674	0.00465977915963716	0.4169
C2CD2L	2.85012755619717	0.0017703737261596	0.00467794800184828	0.663
IRF6	5.15258019229878	0.00177085489484243	0.00467854225184419	0.4029
PDGFA	2.58918069714991	0.00177395923143885	0.004686065653183	0.8699
HSPBAP1	2.99112692365434	0.00177545000134793	0.0046893251193009	0.6061
KIAA0907	5.60753658330315	0.00179403863802025	0.00473636578101195	0.3588
JADE3	3.97524039860458	0.00179970616482643	0.0047485815500898	0.4789
C1orf233	2.10005854925178	0.00180108330813818	0.00475152844990904	0.8454
WDR11	5.50140838845005	0.00180329246207259	0.00475666915006461	0.3422
PDDC1	4.92234492269115	0.00182920874779532	0.00481945950349999	0.5647
CDK9	6.03926427918689	0.00183046290847038	0.00482206794473813	0.3652
SELO	3.14457284421665	0.00183824534722627	0.00484187087851144	0.6326
LDB1	4.91412643497269	0.00184481790510486	0.00485848177662931	0.3957
SLC52A3	2.27044745789104	0.00185554793726266	0.00488462626426346	0.7448
DFNA5	1.84958381619698	0.00185969860486702	0.00489343582162759	0.8826
LOC100288798	2.34218565234198	0.00186518324717253	0.00490574634208063	0.741
ENDOV	3.69910255248951	0.00187358598473181	0.00492571799211751	0.4916
BACH1	5.18494553369321	0.00187761974640504	0.00493561210804469	0.3801
FSD1L	3.30377016308416	0.00188119501332818	0.00494358660764635	0.6496
KPNA5	2.38565769782453	0.00188588142440159	0.00495447564885243	0.7176
GCOM1	-0.806142995752481	0.00188980384872523	0.00496335190078086	2.5764
RRM2B	6.03900519215083	0.00190007526592575	0.00498934475685051	0.3463
SYNGAP1	-0.390296921768643	0.0019002472663443	0.00498934475685051	2.7584
RWDD3	3.74719715268664	0.00191477136132156	0.00502531138186982	0.5765
CYP3A4	-0.66801716924378	0.00191716106023384	0.00503013686628759	2.3319
LOC100506124	-0.0693671394558118	0.00192941829949345	0.00506011499433305	2.2813
FAM214B	3.07797267131492	0.00193368161679951	0.0050705675949859	0.6424
SIRT3	3.58251096066235	0.00194189451147553	0.00509064132703866	0.5201
NBPF3	2.77376881287035	0.00194608449325037	0.00510089282250951	0.7451
ZFP90	5.30241030032433	0.00195382590753595	0.00511897901377387	0.3443
RSL24D1	6.97917775983062	0.0019558327535373	0.00512276653494649	0.3535
LOC158960	2.93948603785771	0.00196123516712132	0.00513617977491993	0.7003
SFT2D3	3.9131932760892	0.00196633165694508	0.00514878811376784	0.4642
DDX17	8.57543950259867	0.00196919509007726	0.00515480722174512	0.3588
PLGLB2	-0.127783642732355	0.0019778917774166	0.00517608834411087	1.7656
PYROXD1	3.70309051505549	0.00198228385591463	0.005186838766458	0.4974
RNF7	6.35570514272732	0.00198320207962322	0.00518849773081135	0.3723
GBP7	0.436993296427595	0.00199211147616292	0.00521105990956159	1.4316
MUT	5.06430579143295	0.00199310501828132	0.00521291192173978	0.3589
TMEM127	5.73083392270702	0.00199511249435842	0.00521741494012423	0.3318
CYSRT1	0.535918266692328	0.00200032891547872	0.00522955816711722	1.6794
AKAP7	0.763315247031602	0.00200997268713394	0.00525401795193544	1.2487
ZNF302	4.89112688058852	0.00202377545893	0.00528934069838597	0.3771
NR2C1	5.17811262629563	0.00203175142560881	0.00530866667037563	0.3674
CHPF	4.55633429347557	0.00203309435061421	0.00531141534985877	0.4292
COQ10B	4.95441685705604	0.00205476360893273	0.00536035502210287	0.3874
LRRC37A3	1.06994431598811	0.00205804262109539	0.00536814203325009	1.3238
AP1M2	6.46009616324146	0.00206314186007527	0.00537892949359948	0.4025
NDUFA7	6.78750788158688	0.00206335688232237	0.00537892949359948	0.34
GOLGA1	5.19147651704477	0.00207013496049852	0.00539428830129331	0.3482
SYNPO2	2.54381270765017	0.00209216548868228	0.00544780675529649	0.7027
MAP7	6.37988808758254	0.00209331202507255	0.00545001487873994	0.3598
KIFAP3	4.48898278029412	0.00209409354857234	0.00545127218347876	0.4279
SLC35B3	4.36828924774322	0.00209764070867619	0.00545833153595609	0.4754
HOTAIRM1	4.23208542024474	0.00209770234751687	0.00545833153595609	0.4353
LOC100289361	0.841971647186615	0.00209898903885963	0.00546033059192393	1.2088
SLC39A1	7.12036606549397	0.00209906880445454	0.00546033059192393	0.3441
MSX1	-0.542608567460299	0.00211349012490425	0.00549549575847485	2.1547
PHKB	6.66986098998517	0.0021177593853873	0.00550581249496304	0.3225
LINC00960	2.42659528462219	0.00212942707320273	0.0055345701378686	0.722
MIR5047	4.28338219245437	0.00212999367763253	0.00553525474432163	0.5165
LINC00936	0.477607785262617	0.0021382670229593	0.00555517329886793	1.3809
MZT2B	6.17588714080024	0.00213898335801886	0.00555624362322031	0.411
GLIPR2	1.4473954755659	0.00214483383008992	0.00556985581822498	1.0094
PAPLN	3.86942627613075	0.00215133815230056	0.00558595211326966	0.4885
RALA	6.73406895827023	0.00216368475319845	0.00561561399692791	0.3197
HIST1H4H	0.353179197052613	0.00216504796592929	0.00561767920074152	1.5439
WBP1	1.86575621271526	0.00216509590580726	0.00561767920074152	0.9044
MAP3K13	5.5092991512424	0.00216940790312805	0.0056272677862327	0.3366
LOC100289098	0.094055058675892	0.00217730401783739	0.00564534329635554	1.7379
STIM1	4.75170878807313	0.00218515060356158	0.0056640791450547	0.4798
KDSR	4.96495326829144	0.00218723025902615	0.00566866490754988	0.4087
GAD1	3.04246028816197	0.00220374949704799	0.00570823649519127	0.5765
SEPW1	4.24303306894356	0.00220621230466153	0.00571299458636892	0.4973
ERVK13-1	2.78357593914297	0.00220679072142697	0.00571368194729412	0.616
MTMR12	5.34507532825154	0.00220914673243896	0.00571897089441374	0.3519
ZFAS1	7.55996768314073	0.00220957406623069	0.00571926614959698	0.3908
NIPAL3	5.39200569838618	0.00221902516944654	0.0057412873431712	0.3394
C6orf120	5.20555337710476	0.00222329207197896	0.00575151198328581	0.3474
ATP6V1G1	7.01761627628192	0.00222855132318348	0.00576348391500746	0.3473
GBP1	5.19751112349611	0.00224612507946852	0.00580811040379281	0.3801
LINC01348	-0.189246903187041	0.00224927642344097	0.00581543554543809	1.8906
PJA1	5.39259504810591	0.00225770640835656	0.00583557811000388	0.4076
EMC3	5.17485920233114	0.00226295979480708	0.00584667336739288	0.3594
LINC01166	-1.01248360933136	0.00228721415106931	0.00590515931861424	2.8618
ARMC3	2.67246434100691	0.00228871459080921	0.00590819762016586	0.6735
MTFR1L	4.10454973455672	0.00229149152628273	0.00591452980401775	0.5189
DDX11L2	-0.854749225392674	0.00230511861799049	0.00594717997315354	2.4991
ZNF572	0.417476791030034	0.00231347645138378	0.00596789968863393	1.5187
IFITM2	-0.390600224684809	0.00232317052378595	0.00599121360110699	2.0749
MYL5	2.10948713236343	0.00233106576677029	0.00601072551386417	0.8756
LRRFIP1	7.8491848984487	0.00234115519564084	0.00603588889304043	0.4052
NUDT22	4.34447076578858	0.00234150764762595	0.0060359451588618	0.4321
POU5F1	0.119640829778769	0.00234404898392281	0.00604164312445218	1.6166
FBXL2	2.82599045623379	0.00234693449751449	0.00604822645209267	0.6243
GNAZ	1.1069546997623	0.00234793120666246	0.00604994101747776	1.1327
LOC102724094	-0.542687350932924	0.00235351592468743	0.00606261982800815	2.1598
LOC642515	-0.157976909834365	0.0023595739581367	0.00607651039353132	1.7198
AP5Z1	4.37642521447917	0.0023937921005694	0.00616202320755711	0.4241
HLCS	4.10345790968606	0.0023955973113972	0.00616580072139676	0.4416
CEP152	5.19864728383902	0.00239598758591534	0.00616593591323236	0.3602
MAVS	7.12941934632542	0.00240800726497412	0.0061959944509327	0.3721
ADCY10	-0.12668058533191	0.00241385852315854	0.00620929987301426	2.2032
LRAT	-0.253244265510357	0.00241950985356533	0.00622296025453489	1.7866
TMF1	6.10231568750664	0.0024302546712847	0.00624742813765192	0.3295
LOC100130987	1.38596970703284	0.00243039190587226	0.00624742813765192	1.0068
ZBTB43	4.49686463800672	0.00243760361091746	0.00626332041110614	0.4089
MYRFL	-1.54289415674208	0.00243898052647488	0.00626597642714966	5.363
SHISA4	1.00145888479274	0.00244439697676931	0.00627812481821899	1.1669
CYP19A1	-1.25349981444953	0.0024615148504868	0.00631764587522663	3.4163
PPP2R5B	2.67586425570525	0.00246953021309752	0.00633503275654398	0.6282
CKAP4	5.57977252656025	0.0024696772638214	0.00633503275654398	0.3286
LZTS2	4.0821679417035	0.00247471136964604	0.00634616248971178	0.4841
PMS2P3	2.65412821848718	0.00248545047070286	0.00636922849426607	0.6642
TNFRSF10D	4.24877351841562	0.00248602571137773	0.00636980847535605	0.4373
HINFP	3.87398791560201	0.00248821442216614	0.00637362740158061	0.4831
CBY3	-1.25342038561539	0.00249262881490084	0.00638236111168248	3.4168
LINC00324	-0.758316915453632	0.00249267280490228	0.00638236111168248	2.6556
NLRC5	3.98406519629875	0.00249491871807557	0.00638721583469185	0.46
KIAA1211L	0.120732924541188	0.00250246552050695	0.00640563804576203	1.6153
ZDHHC23	4.61217945771415	0.00251277949876985	0.00643113732364257	0.3917
PRG2	-1.5429740986065	0.00254972139227711	0.0065183747006597	5.3625
SEC61B	6.34659971089414	0.00255212712759394	0.00652361143116144	0.3489
LINC01002	-0.253167524467462	0.00256067346036541	0.006544540766125	1.787
LRRIQ1	2.50939284480175	0.00258176267819704	0.00659567022854257	0.8004
RPL21P44	-1.54281421070442	0.00259932458883551	0.00663867790903485	5.3636
C2orf88	1.30905512613814	0.0026200691723915	0.00668978780575932	1.0439
ARAP1	5.77183461054658	0.00262095048348199	0.00669016667036455	0.3582
LRFN3	0.51566896902595	0.00262673603792731	0.0067030602611687	1.3384
PPCS	6.16582706088121	0.00262789081419253	0.00670506983981816	0.3442
LOC105369174	1.13297986357016	0.00264315314359319	0.00674024358003036	1.1102
EIF4E2	6.7017367357101	0.00265408484477152	0.00676622998549769	0.3279
NFIB	5.95396656896369	0.00265915782537985	0.00677821631669011	0.3427
MAF1	5.42664865112904	0.00266790512266597	0.00679861472911641	0.3477
TBC1D13	4.55139366880382	0.00268300289811681	0.00683518014345806	0.4083
ZNF615	3.01343464573173	0.00268566749329797	0.00684101377949598	0.661
DAXX	-0.465637510929925	0.00268938216519258	0.00684952020197485	3.6437
WDR83OS	4.7656109309595	0.0026958177975233	0.00686399577567439	0.4942
FAM110A	3.36321040557929	0.00269679024824892	0.00686551426189267	0.5643
TOB1-AS1	-0.464700154640541	0.00269988508771465	0.0068724347687282	1.9672
LRRC29	-0.583456686522141	0.00270585331527007	0.00688570645714671	2.0951
TESK2	1.98841331584319	0.00271893380752911	0.00691706460287786	0.8073
SHC4	-0.854827780984776	0.00272015965721172	0.0069173733054081	2.4983
PCDHGA12	-0.712852818832945	0.00272019187990385	0.0069173733054081	2.2648
CALHM3	-0.46504921508397	0.00272064289749441	0.00691755664855959	1.9676
FAAHP1	0.145120723333603	0.0027284242740332	0.00693540985056391	1.5038
CTSA	6.89764622170263	0.0027487726818689	0.00698616094670731	0.3371
ABHD4	4.86609231577526	0.00276246259284944	0.00701997732392252	0.3941
OGT	8.70061609774838	0.00276990041080523	0.00703789866383581	0.3192
PIK3CB	5.8931216732315	0.00278391322078565	0.00707251875294501	0.3476
LOC100506514	-0.759139634471984	0.00278545398979453	0.00707544845383178	2.6517
PRKAA1	7.22175105294213	0.00278640027869399	0.00707686748578708	0.3338
WDR59	5.67840150495432	0.00280990643784645	0.00713458302215922	0.3326
KDELR1	6.02321932173964	0.00281915476375719	0.00715571548299158	0.3731
SLC15A3	-1.18888160939819	0.00281940520755688	0.00715571548299158	3.5223
FBXL8	2.18329105252403	0.00282171347387433	0.00716042142484005	0.8078
CXCL3	2.06461150861362	0.00282790022815267	0.00717428384729782	1.0824
WHSC1L1	6.2085667415565	0.00284405890818401	0.00721227106928842	0.3268
UBFD1	5.80975512760017	0.00284775859767829	0.00721964740441812	0.3212
LINC01572	1.96801122571645	0.00285468157218415	0.00723619366589751	0.8343
SPTBN5	-0.854395099989405	0.00287688906797242	0.00729147394487081	2.4981
XYLT2	5.07461475514881	0.00287755883481563	0.00729215909055999	0.4184
NICN1	2.27617920131586	0.00288558478429851	0.00731046847379318	0.7038
VMAC	1.01630061258431	0.0029005069315815	0.00734623398209654	1.1824
NOA1	6.21357077300132	0.00290156688128917	0.00734789915172909	0.3232
STKLD1	-0.354848519278188	0.00291517722075066	0.0073792949725491	1.8653
WDR5B	4.19604885292593	0.00291640114804574	0.00738136966015846	0.4096
POU4F1	4.12116898995659	0.00292542089476168	0.00740112026812212	0.4482
FTO	5.72829573486373	0.00293765744572782	0.00743104812653554	0.3207
LINC01001	-0.583144293139099	0.00296337385075122	0.00749194751686944	2.0923
DUSP19	2.10892056578771	0.00297159765624379	0.00751065856463888	0.8538
SHANK3	2.89517812788816	0.00298325733873077	0.00753595488804053	0.5907
RCAN3AS	-1.54305403629809	0.0030057290822056	0.00758118128277776	5.3614
PSG8	-1.54305403629809	0.0030057290822056	0.00758118128277776	5.3614
SLC19A3	-1.54305403629809	0.0030057290822056	0.00758118128277776	5.3614
BIRC7	-1.54305403629809	0.0030057290822056	0.00758118128277776	5.3614
GMNC	-1.54305403629809	0.0030057290822056	0.00758118128277776	5.3614
LOC100128076	-1.54305403629809	0.0030057290822056	0.00758118128277776	5.3614
FAM132B	0.515632007442049	0.00302223410501735	0.00761965278569213	1.3404
SCX	1.10671185710906	0.00302359906375155	0.00762204149514614	1.1336
LINC00467	4.97607797940297	0.003036809790704	0.00765111779452004	0.3658
AHR	7.24282554969341	0.00304846991914403	0.00767837566830758	0.3246
SLC24A1	2.86839301395131	0.0030732890358081	0.00773555282472256	0.6483
ZBED5-AS1	3.17082645705387	0.00308679617170894	0.00776847958515555	0.538
GALNT3	7.12729539108948	0.00311871042970762	0.00784339132177191	0.3184
DGKQ	3.37744061326456	0.00312552856284709	0.00785945584618961	0.5847
LINC00284	-1.5427342604931	0.00314180569422476	0.00789327331912687	5.365
MASP1	-1.5427342604931	0.00314180569422476	0.00789327331912687	5.365
SLC1A3	-1.5427342604931	0.00314180569422476	0.00789327331912687	5.365
TFEC	-1.5427342604931	0.00314180569422476	0.00789327331912687	5.365
STK11IP	3.88121372464298	0.00314444093149449	0.0078983095274303	0.4924
BTBD2	5.86799429542053	0.00315039469445017	0.00791108741979124	0.378
AMZ2P1	1.94661911449168	0.00315328215673299	0.00791724921652008	0.9536
ACACB	1.70550877593335	0.00316270579928433	0.00793981807917144	0.8649
MAST1	1.45649201771065	0.00317637605556849	0.00797194408447324	1.0687
BET1L	4.7668507840569	0.00318223539215746	0.00798445427696902	0.365
FIG4	3.9287008386598	0.00318434974250484	0.00798866138507192	0.4555
SLC12A5	-1.06888082436946	0.00319054705289254	0.00800310895817619	2.7714
NPHP3	1.56314097279761	0.00322288255013903	0.00807977806033206	0.923
FRMD8	4.5105808903424	0.00322543909496071	0.00808507704484452	0.4406
ACAP3	3.82315267404651	0.00322764638010351	0.00808949921954554	0.4533
KLHL35	0.497211124223591	0.00323079939407392	0.00809629014937727	1.3049
NOTCH2	8.34793416513686	0.00323624195335943	0.00810881596219184	0.3175
NMU	0.680353904298944	0.00324037357583897	0.00811805406896064	1.2971
GPM6B	0.644627842537886	0.00324148095965506	0.008119714105305	1.2424
PPP1R13L	4.14534667325018	0.00324749865052056	0.00813367202138885	0.5513
CLK4	3.92205789108151	0.00324850381444014	0.00813395770627063	0.4496
TAZ	3.70182497876288	0.00325573156283545	0.00815093738495939	0.4928
WNT4	-0.957788726219739	0.00325987704628396	0.00816019681296584	2.9572
LOC105371697	0.69729405696653	0.00326301179388331	0.00816692395244498	1.2322
AKR1A1	5.67838586872119	0.00326432900216658	0.00816910079006897	0.3573
USP32	6.08123972386491	0.00326672348349602	0.00817397257602841	0.316
AIFM3	1.36433281799323	0.00327242918698464	0.00818376263528653	0.9741
HCN2	-0.668526269009529	0.00328198966653241	0.00820654750749426	2.3398
UQCRH	8.59768519817969	0.00328266526745726	0.00820711272565047	0.3513
MCTP1	0.353626493051298	0.0032855737249551	0.00821325947183081	1.4189
FAM25A	-0.0980620147603169	0.0032925263807853	0.00822822790479247	1.6186
ZNF70	2.31542714937673	0.00329291373096044	0.00822822790479247	0.7177
ZNF506	4.51330525183263	0.00329513493276084	0.00823152481287383	0.4148
BRD1	5.16479000349278	0.003302206091066	0.00824693220225729	0.3442
SMIM11	0.311646531435277	0.00333948520789018	0.00833775190853981	3.3512
BMX	-1.46460097366427	0.00335543382237302	0.00837413531937688	5.5036
TRPC1	3.21018761155946	0.00340559203296516	0.00849234915364185	0.5522
PIP5K1C	4.55255044633986	0.00341328904030293	0.00851008238967656	0.3858
FBXO46	3.31841558979693	0.00341569978357625	0.00851406543541344	0.5397
LOC100132287	-1.0690790547083	0.0034173783186765	0.00851708649634924	2.7727
GPHA2	0.395638311262438	0.00341953837324685	0.00852014365251734	1.3735
LINC01588	2.30402754848597	0.00343081273661253	0.00854473633282379	0.7033
LOC102724312	0.0946949150498659	0.00343606296592906	0.00855664513790764	1.7477
ABR	1.88396391805997	0.00344209326091221	0.00856815579100262	2.0989
PSKH1	5.13315275566916	0.00345111174814102	0.00858826282361812	0.4301
DDA1	6.04596187928008	0.00345546505420489	0.00859675252515187	0.3366
MYL6B	5.13302327297904	0.00346383860222021	0.00861641061754083	0.3334
MAPK8	4.66190142406987	0.00346713093237254	0.00862342538166119	0.3829
STPG1	3.09326570708991	0.00348301051462613	0.00866056114887152	0.5861
ABHD8	2.88346661970417	0.00348748207095853	0.0086704987998664	0.6081
LOC101928238	1.3536895049178	0.00349589260860748	0.00869022541703951	1.1751
TSGA10	2.94208265771831	0.0035052751034959	0.0087088054286093	0.5662
BMS1P4	2.0762835733119	0.00350667756127446	0.00871110430788223	0.7701
MKLN1	6.79262958195044	0.00350887145452009	0.00871536833656037	0.3034
HES1	4.49144997129024	0.00352996127560894	0.00876417422106851	0.4497
COPB1	7.05409002573728	0.0035692516545639	0.00885449900879449	0.3136
AMOTL1	4.58407226919127	0.00357930705742395	0.00887703160444662	0.4128
TTC7B	2.89615163349753	0.00360645216919896	0.00893706947209125	0.6828
EPAS1	6.46344021964918	0.00362545913211624	0.00898204001401626	0.3076
NTPCR	4.17773992814863	0.00363882837567444	0.00901118432261429	0.4229
RGPD4	-0.905465506359767	0.00367102234188616	0.0090884437040241	2.4194
NME5	2.24829469615422	0.00369274400553032	0.00913974167095466	0.7518
ZBTB26	3.56117779565788	0.00371086943960354	0.00917962499856399	0.4728
KIAA2026	4.44933107790485	0.00371207102973751	0.00918135330156996	0.4797
B9D2	0.627206282155207	0.00378027738716226	0.00934372379908396	1.2141
FRG1B	4.75141677606514	0.00380701737782516	0.00940472384973966	0.4227
TRIM16L	4.07207428570606	0.00385749318614959	0.00952168680453581	0.4395
CLDN16	-1.25326151575015	0.00387275031315052	0.00955417969146971	3.42
PPP2R1A	7.16749045707521	0.00387675107058335	0.00956146548832338	0.3399
GUCY2C	-0.390637582148621	0.00388223518683268	0.00957240485829517	1.8107
ANP32E	7.80883934193834	0.00388960227093776	0.00958797988904128	0.3192
MSANTD2	3.55327663183435	0.00389648082003327	0.00960363896996456	0.4812
TXNRD1	10.0599384673592	0.00390470461943888	0.00962131023518372	0.3286
MAMDC4	1.55366038823083	0.00390730208765802	0.00962641118924221	0.9555
ERMARD	1.12092602802153	0.00392884893156424	0.00967688425453814	2.239
MGP	-0.625404608405836	0.00395959626623829	0.00974867018697858	2.0282
OSER1	5.12535226614915	0.00396446993225108	0.00975935316655552	0.3388
LINC01271	-0.286306396369905	0.00396539986765451	0.00976032627530009	1.7352
MIR4720	-0.90542558454485	0.00400403569695701	0.00985143877138103	2.4174
PRLR	-0.252821647912152	0.00401153040719434	0.00986721895900564	1.7865
RNF187	6.00259736397231	0.0040193761705958	0.00988518541969513	0.3513
ZNF497	1.18134777793111	0.00402739508878433	0.00990357283685975	1.1343
ZNF606	4.02287976637043	0.00403594646295258	0.00992192817501513	0.4394
GIPC2	-0.758785041322954	0.00403939286489349	0.0099290637056006	2.1909
GOLPH3L	5.57010120580517	0.00404472782475513	0.00994083887570405	0.3424
TAF1C	5.32832652897344	0.00404881863395798	0.00994745367292599	0.348
INTS6-AS1	0.457183580060616	0.00404905391342644	0.00994745367292599	1.3489
LOH12CR2	0.194579149528425	0.0040498765526623	0.00994813594529103	1.4326
UFL1	5.69937336941759	0.00405798906539974	0.00996270150321915	0.319
CYTH4	-0.625131264676819	0.00406400196878719	0.00997530376474066	2.0275
NSUN7	3.6055572262163	0.00406421501983682	0.00997530376474066	0.4883
GTPBP2	5.07348068162692	0.0040669155868749	0.00998059026132386	0.3664
ZNF740	5.81955541444793	0.00408789690053458	0.0100293839290632	0.3416
ARHGAP4	-0.712500407038787	0.00409117959981729	0.0100360890586219	2.2651
LOC401261	0.610073436075735	0.00409657167989103	0.010047966221697	1.2766
HIBADH	6.67562553564281	0.00412921182438097	0.0101253043741973	0.3219
NUCB2	4.75659075720538	0.0041404963246187	0.0101516117247165	0.4683
NIT2	5.27895768504613	0.0041475100346767	0.0101637756627779	0.481
PARP4	7.01046301404561	0.0041478642216501	0.0101637756627779	0.306
PHPT1	6.54571437204318	0.00414824126113925	0.0101637756627779	0.397
ULK3	4.00082843845663	0.00415612271667856	0.0101817198491256	0.435
ARHGEF2	4.96512307422545	0.00417164610618874	0.010218378010812	0.3393
ACTG1P17	-0.39102468245513	0.00418317402859393	0.0102438665413831	1.813
CCDC7	2.06747030714447	0.00418840010414626	0.0102552886670191	0.7934
LINC00501	3.80796864122423	0.00423220930093747	0.0103597764813508	0.4643
USF2	5.58310929560992	0.00424795757199615	0.0103955379938823	0.3372
FLRT1	1.26463887483295	0.00426192347414662	0.0104227293963859	1.0744
CD164L2	-0.39056035860743	0.00426533916925611	0.010429408691885	1.8111
C10orf10	0.916438913884345	0.00428635214262385	0.0104768569709119	1.1025
FBXW9	2.41207168769845	0.00432928538171871	0.0105803793746529	0.669
FAM206A	5.41412485690199	0.00434189272132015	0.0106097702476805	0.3544
HDHD1	4.72168679089227	0.00435514581658675	0.0106378836001616	0.3803
FAM157A	-0.758432097552862	0.00435842018628945	0.0106444573807224	2.1907
POGZ	5.79313100479397	0.00443551402980865	0.0108226068067611	0.308
LYSMD1	2.15937321954044	0.00445546049475853	0.0108669187431278	0.7889
ZNF248	4.37456641961742	0.00446189221243793	0.0108811520478582	0.3951
BECN1	5.45600582147022	0.004478096229545	0.0109192099327599	0.3121
ETV3	5.20593560162439	0.00450306533300944	0.0109756956901763	0.4352
LINC01061	2.64433095349341	0.00451186280307419	0.0109942027940366	0.6967
HEXA	5.03857646576726	0.00454522298046817	0.0110710594705039	0.3301
TBC1D2B	4.409333624859	0.00454991243354724	0.011081003386718	0.4299
AKIRIN2	5.32051446010199	0.00456768176326288	0.0111198290798943	0.3184
CAPZA2	7.56382891859773	0.00457776334206278	0.0111414008229167	0.3283
TMTC4	3.8926803054894	0.00458832544582428	0.0111656184136188	0.4535
NDST2	3.02113711003766	0.00459189906341349	0.0111728254433795	0.5581
LOC102724023	4.22593614226722	0.00459286954952594	0.011173697560787	0.4166
FKBP11	2.76763018269273	0.00460460085645977	0.011200745267892	0.5867
COX6A1	7.79737374189424	0.00468119556352127	0.0113734237699819	0.3078
MAP6	-1.32050609842652	0.00469248424887068	0.0113947848426953	3.304
AACSP1	-1.32050609842652	0.00469248424887068	0.0113947848426953	3.304
DMRT1	-1.32050609842652	0.00469248424887068	0.0113947848426953	3.304
STX5	4.45800944684599	0.00469495373284846	0.0113992652409737	0.3708
LOC101929138	-1.32030656450164	0.0047003374644133	0.0114093630209829	3.3025
HIST4H4	-0.286229531705945	0.00471964539803433	0.0114546458902572	1.7358
PHF10	3.83399339248638	0.00473912204629419	0.0114958028271521	0.4572
PPM1B	6.36111892820868	0.0047401064899348	0.0114966632230968	0.3142
OLFM4	-1.62540768422593	0.00474579353473757	0.011508927573083	5.2147
C19orf35	-1.62532761198714	0.0047790701367623	0.0115788592457508	5.2152
C19orf67	-1.62532761198714	0.0047790701367623	0.0115788592457508	5.2152
SMOX	4.51261661780925	0.00478844751835698	0.0116000395296079	0.3901
RGPD1	-0.668485575525038	0.00479204470592327	0.0116042307543802	2.3247
CYB561D1	4.01962256970127	0.00479208455616084	0.0116042307543802	0.476
PARD6B	4.42634657297204	0.00482018400423944	0.0116642482530528	0.3827
NDUFA4L2	0.218394628529773	0.0048379165927245	0.0117027965173948	1.6216
KIF21B	3.48467714797897	0.00487291140829139	0.0117812039027636	0.4686
ZNF155	2.77264296116288	0.0048742059334877	0.0117824848547404	0.6575
MUC3A	0.094775705477212	0.00487952949176255	0.0117909583589169	1.4219
AAMDC	3.50663923288885	0.0048815243424533	0.0117937913060319	0.4884
DEDD	4.62525911551038	0.00490941010222872	0.0118568846178446	0.3622
BTBD10	5.17881192293846	0.00492457395140212	0.0118825035761032	0.3681
WIPI1	1.36302045461798	0.00496351817869388	0.0119717251777296	0.9772
RTCA-AS1	0.572215650167249	0.00496590906092944	0.0119759096190658	1.2252
CMPK1	8.20936223130734	0.00497268375486842	0.0119890801147488	0.3156
PDZK1P1	0.645207717833967	0.0049805637289399	0.012006492992939	1.2455
RIPK4	4.63982029216228	0.00498787821887405	0.0120225382576927	0.352
STAG3	1.41695077625933	0.00499425172422696	0.0120331344169839	0.9086
LOC101929066	-0.220809979726862	0.00503067560468554	0.0121176954531124	1.6207
BTD	2.72626062393417	0.00503303223732774	0.0121217726285825	0.5707
MICALL2	3.99944954246577	0.00503614437273021	0.0121276680739431	0.5138
FTCDNL1	-0.758745326025874	0.00504156766610882	0.0121375259544353	2.1887
DIO1	-0.503420988494589	0.00504809168665937	0.0121516299883509	2.2321
CPQ	0.287134404288528	0.00505708745329898	0.012170074946932	1.32
PANK1	3.97694819646986	0.0050600628807843	0.0121756304140765	0.4177
TMEM17	0.609492975509658	0.00506983351149612	0.0121975330239685	1.1848
UTP14C	4.17921793538178	0.00508445928784755	0.0122294978602035	0.4121
PDCD4-AS1	-0.582910775785492	0.00508725558255061	0.0122346117659128	2.0927
DEF8	5.94666471168751	0.00508958922050574	0.012238611803155	0.3055
C14orf142	0.519085562662446	0.00510834312749695	0.0122788561073844	3.5664
C16orf71	-0.18947457853713	0.00511104680919294	0.0122792277362743	1.6764
DENND5A	5.19164061186941	0.00511486215973851	0.012286437314235	0.3318
EPPK1	1.62784778624284	0.00513223464271873	0.012324924445866	0.8561
HES2	-1.01264144622162	0.00515896254417684	0.0123825953466332	2.8581
LACTB	4.00753666203115	0.00517075026947429	0.0124092568580942	0.416
ALDH8A1	-1.62548775226436	0.00518547458759905	0.012439687788595	5.2139
CA3-AS1	-1.62548775226436	0.00518547458759905	0.012439687788595	5.2139
TMCO1	6.74807121531037	0.00521020753004261	0.0124973786189013	0.3106
MROH1	4.54467480002287	0.00522882901440087	0.0125403970686945	0.41
GRASP	-0.286999024791669	0.00528919267057467	0.0126768414591061	1.7365
ARHGEF5	4.72641800069718	0.00529242715809427	0.0126825264095567	0.4604
TMEM86B	1.75645856746631	0.00529295402686308	0.0126825264095567	0.9068
LOC283731	-1.62524753554757	0.0053036478556887	0.0127031481571048	5.2161
LCMT1-AS2	-1.62524753554757	0.0053036478556887	0.0127031481571048	5.2161
LOC102724550	-1.62524753554757	0.0053036478556887	0.0127031481571048	5.2161
CERCAM	4.72842466090983	0.00530880548128186	0.0127138335125648	0.3497
GPR146	0.66292459107796	0.00533514324664239	0.0127718823905984	1.178
RPL12	10.4640784279404	0.00534299487617475	0.0127890015024841	0.3233
ZNF577	3.47428587829904	0.00535699465850697	0.012819149886709	0.4713
MTERF2	3.89993545372143	0.00537688259961796	0.0128650548805538	0.477
LONP2	6.55476499277929	0.00539453628425576	0.0129056027264281	0.2906
ZDHHC8	3.29756769780112	0.00539628859404213	0.0129081033245326	0.5331
IRF2BPL	4.96499048256221	0.00542748565672658	0.0129742278576929	0.3603
MYL12A	7.13596644762297	0.00545622272518538	0.0130378013181917	0.2991
ANKRD45	-0.758353780846549	0.00547566303517993	0.0130774076884151	2.1916
IREB2	5.99478408717919	0.00548064715727381	0.013087599019384	0.3114
LOC101927571	-1.06852442621731	0.00549184129292878	0.0131074721720104	2.7705
TENM2	-1.2537380765626	0.00549277761535856	0.0131079932216975	3.4138
SLC31A2	2.86168869160497	0.00549853812249223	0.0131200250900821	0.5642
ARFGEF2	6.65232580189146	0.00551019997474122	0.013144415358536	0.2933
HOXA10	3.72894626607348	0.00552824926598184	0.0131857484452266	0.437
MACF1	8.05602855696762	0.00553488134589026	0.0131981183190403	0.2934
FLJ37035	-0.502989874281659	0.0055420730636597	0.0132135413151589	1.9019
AMBRA1	4.72896769452924	0.00555025507502166	0.0132313210563588	0.3732
LOC100506746	1.73881046749623	0.0055617118476007	0.013256901878809	0.8044
RCAN1	4.02660985851278	0.0055886164032414	0.0133145661925253	0.4729
CDKN1B	6.63070246325097	0.00560053850308641	0.01334073994159	0.3312
ZNF652	5.4035085790213	0.0056023520023273	0.0133433187416161	0.3212
MADD	4.02138042584758	0.00561297122521016	0.0133668670346252	0.4299
NEK11	2.89237009210849	0.00562039693055831	0.0133828050559896	0.5679
ILVBL	4.00985947294294	0.00562128678624814	0.0133831783476455	0.4381
HIST2H4B	-0.806656649803596	0.00564156562957992	0.0134297068892438	4.0888
NFE2L3	5.80668747650674	0.00565457072237599	0.0134562491575546	0.3218
COX1	14.2795180409371	0.00565485231350564	0.0134562491575546	0.5187
RRAGC	4.48789627376883	0.00565492679320548	0.0134562491575546	0.3713
PRKAR1A	7.8521247864925	0.00565595443092482	0.0134569404523607	0.2871
TMEM243	3.90927134196818	0.00567144427582293	0.0134920363173604	0.4127
ZNF213-AS1	1.33158092623318	0.0056830204766593	0.0135142922784802	0.9208
SLC35D2	5.39723634179998	0.0057077337040955	0.013569525524413	0.3096
NYAP1	-1.1277459672684	0.00572405117856394	0.0136065466557114	2.6738
IFI35	4.25199832725979	0.00573675642987463	0.0136349727097762	0.4029
NEK3	1.69610766752545	0.00573970858576493	0.0136402134784854	0.8505
LOC153684	2.1338218839412	0.00576382560540498	0.0136957438828938	0.7236
ASB13	2.41134332156342	0.00578518616851745	0.0137429224063051	0.6514
LOC101926935	0.0429973049175742	0.00578947277148088	0.0137513160182351	2.0319
ZNF493	4.36349816907653	0.00581704197653213	0.0138114082876278	0.4116
AP1AR	5.29325851680525	0.00582886729544461	0.0138358862755996	0.323
LBX2	0.476357830246949	0.00585009349155503	0.0138790522133631	1.3828
TTLL1	0.0936023472045006	0.00589416016471566	0.0139781486057481	1.7438
PHC3	6.25949327282199	0.00589679387211546	0.0139825781178517	0.303
CBWD3	2.54417049590053	0.00591150125621025	0.0140119925906744	0.687
AMOTL2	6.4232335290228	0.0059358356584404	0.0140623690345819	0.3082
CCDC24	3.01149652388276	0.00601068044805088	0.014230447705825	0.571
LOC105371810	-1.12770576929014	0.00601567632772091	0.0142404288172812	2.6715
Mar-06	7.20861831821611	0.006022400510718	0.0142526502104832	0.2972
ZNF74	3.33624314982413	0.0060395556408564	0.0142895448133067	0.5299
LOC100132874	-0.805866212837852	0.00606639788800494	0.0143493340040708	2.1131
RAB8B	4.69922204293527	0.00611406654680458	0.0144583418236353	0.3725
FLJ41941	-1.25298283781429	0.00611513960147184	0.0144590064194366	3.4183
SRGAP2D	2.77693964064583	0.00613152957564061	0.0144958824051923	0.599
SEPSECS-AS1	1.20593522340271	0.00613256689825069	0.014496457502844	0.991
SIGIRR	3.97205269658722	0.00614378382563285	0.0145210923771043	0.4393
FAM66D	-0.668249651260249	0.00615748835610459	0.0145497162087815	1.9578
ENG	4.47653065008874	0.00620493678156218	0.0146542465568175	0.4363
KLHL4	1.04175210988533	0.0062058591697416	0.0146545291686461	1.0281
ZNF441	3.04470948374663	0.0062189004306078	0.0146796284278738	0.5266
KIAA0754	5.80187553661569	0.00627974842755679	0.0148175116057227	0.294
DUSP10	4.27348379662031	0.00629433962217583	0.0148500212125151	0.4565
LOC100996324	-0.80606285271561	0.0063450277141408	0.0149638064784078	2.1141
LINC01355	1.94586112110915	0.00637175832308344	0.0150229652519968	0.7667
PHF3	6.20792022821319	0.00640042607679328	0.0150849654384335	0.3615
CEP126	3.15400030894092	0.00640053364845017	0.0150849654384335	0.5121
CD160	0.856962043774355	0.00642685168524831	0.0151450373519934	1.2437
KLHDC8B	1.82625273241174	0.00642928872067455	0.0151488248431382	0.8861
CBX3P2	-0.0692078449037936	0.00647892396422959	0.0152519968911638	1.4858
FAM127A	5.48074560322828	0.0064957626626618	0.0152876941046221	0.3354
RAB40A	0.73029200151043	0.00652811285214612	0.0153618494752229	1.1161
LINC00882	-1.62556781610285	0.00654228765665013	0.0153932212217818	5.2119
TOP2B	7.4132145143916	0.00654516632087583	0.0153980098394213	0.2988
ADAL	2.94157687715094	0.00655731774277841	0.0154226220963879	0.6365
RTN3	7.61872147943187	0.00658074471349005	0.0154737346070935	0.3186
LSMEM1	0.810498361654476	0.00662168262304637	0.0155639806831897	1.0836
FAM117A	2.85104380999272	0.00664559385995085	0.0156161618621782	0.6558
MBD6	4.78255521311019	0.00666311594547502	0.0156553210682873	0.4797
EDF1	8.2110898554469	0.00667073230940273	0.0156711992073679	0.2862
POU5F1B	-0.158204260527453	0.00667743317203233	0.0156849227983302	1.5231
TBX2-AS1	-0.427251787134109	0.00668074419511529	0.0156906813361668	1.7543
TRAM2-AS1	1.24130157142094	0.0067600810728198	0.0158688491790405	0.9334
BDNF-AS	0.662885479577832	0.00683513565085432	0.0160326656099186	1.2746
CLIP2	4.11847774627696	0.00683945291248866	0.0160386708247133	0.4269
TRIM59	4.35229466277614	0.00684545033305916	0.0160486119532975	0.3817
RUNDC3A-AS1	1.4987362503101	0.00685154653956885	0.016060841503129	1.1839
TXNL4B	4.62874541323874	0.00690497547882608	0.0161757002876234	0.3406
RNF139-AS1	0.535305142656241	0.00691577066855001	0.0161975881243306	1.1642
CD99P1	-1.12766678036218	0.00692457745187405	0.0162132981866632	2.6747
RARG	4.82082804078971	0.00699580977792271	0.0163737824750971	0.3353
KIAA1598	6.5037831708552	0.00700689282671534	0.0163976202338822	0.2862
SPNS1	4.22730780782222	0.00701131135423302	0.0164058574830656	0.3751
C1QTNF3	0.331365330888893	0.00702541729373991	0.0164346512191845	1.2714
HEXA-AS1	0.170471518385256	0.00704465138099025	0.0164754234705814	1.3972
C15orf48	4.56692781350977	0.0070467999869478	0.0164764551521767	0.3482
ROCK1P1	0.696031546387323	0.00705795717354362	0.0165002005583573	1.1494
USPL1	4.01907438736136	0.00706010378063566	0.0165031055850557	0.4152
SPARCL1	0.644336663176886	0.00706415993823889	0.0165100942194789	1.251
ZBTB48	3.18868115464476	0.00706490228103467	0.0165100942194789	0.4949
TF	-0.806023069460019	0.00708642410857829	0.0165582693621151	2.1121
IRF2	5.00659357442825	0.00709793558575077	0.0165809228475325	0.3793
LOC101929479	-0.542762220303358	0.00712380988966624	0.0166349799623621	1.8403
SLC25A26	3.75120726106227	0.00714551189555124	0.0166835228501322	0.4184
C21orf2	3.17769896024406	0.00716921069542572	0.0167328449278603	0.5202
NRTN	-0.158166553339993	0.00717537692056307	0.0167446863174996	1.5253
SLC5A9	-0.957943454110788	0.00719342195012115	0.0167803617584221	2.3306
LDHD	-0.957943454110788	0.00719342195012115	0.0167803617584221	2.3306
LAMB2P1	-0.957943454110788	0.00719342195012115	0.0167803617584221	2.3306
ARNT	5.25953926347465	0.0072049309086922	0.0168050617949514	0.3178
COX5B	7.35115919293139	0.00721271185059575	0.0168210612601528	0.4353
PXMP2	3.40816900307447	0.00721750716937498	0.0168300946333005	0.496
ALS2	5.55655948098395	0.00723337508513345	0.0168606352852651	0.2992
METTL23	4.70853888483961	0.00727155884867752	0.0169453125276304	0.3509
KCNS1	-0.958102226003434	0.00731322154983003	0.0170351243383345	2.3356
USP19	4.95344207742378	0.00731383131923016	0.0170351243383345	0.3233
TNRC6B	5.92065081100292	0.00733376984508844	0.0170772069249917	0.2904
ATXN10	6.45786458673908	0.00733908454369871	0.0170852241047901	0.3233
CLCC1	5.28028471361144	0.00734458447356753	0.0170958477813909	0.3414
ZNF844	2.92532368952454	0.00734942039607251	0.0171049233491458	0.5652
C7orf61	-0.220771175420713	0.00738690320861539	0.0171855874826663	1.6175
SEC24B-AS1	0.496589251643936	0.00747247569181324	0.0173758140656913	1.2008
ZNF280D	4.15845723207177	0.00750217421223027	0.0174404294433307	0.3901
TMEM8B	1.24181397427027	0.00750747351130063	0.0174497964351171	0.9339
BCL2L13	5.83281019411454	0.00750811519488634	0.0174497964351171	0.2958
HOXC13	1.47688576177143	0.00752472666019048	0.0174817268908676	0.8721
ACYP2	2.09453206789087	0.00754553541717678	0.0175278400020333	0.7226
CA5BP1	2.72164132873928	0.0075525378923746	0.0175396427634131	0.6223
HOXC6	1.81894585307433	0.00755644098481632	0.0175464750214712	0.7599
MIR3936	0.0430401280141516	0.00762833714279894	0.0177089169479829	1.6588
C1orf43	7.47899665359462	0.00762982843945703	0.0177101268901116	0.2931
HOXA5	1.86376384799016	0.00764099958385102	0.0177338022378317	0.7686
FXN	4.66460892169295	0.00765412473439694	0.0177574915683251	0.3429
COL5A2	1.18180213789697	0.00767689324733452	0.0178057887337491	0.9487
NARFL	3.84023717731044	0.00773645676438908	0.0179371037199247	0.4052
PMEL	1.15822482674037	0.00782860181837143	0.0181438307472628	0.9636
CYP2U1	2.61805625427194	0.00785210241915444	0.018191368244173	0.6109
CCNI	7.18785797997156	0.00786077199599767	0.0182059234376882	0.28
LOC101927851	0.916441429393679	0.00786137677800701	0.0182059234376882	1.0283
LYSMD2	2.82335684283697	0.00788133633874873	0.0182498320903345	0.5324
APBA2	-1.39082638435906	0.00793777661363693	0.018366546243163	3.179
LOC101928994	-1.39094654382665	0.00799664302978041	0.0184957196442001	3.1807
IGSF22	-1.39074669152689	0.00800642266738476	0.0185113034721095	3.1794
LOC105375305	-1.39074669152689	0.00800642266738476	0.0185113034721095	3.1794
FAM71E1	0.30958925053373	0.00800831240272031	0.0185133280010209	1.2334
QPCTL	1.73944657766171	0.00801458628707048	0.0185231405566222	0.8457
PPP1R32	-0.355271303868272	0.00801934456719072	0.0185317916985612	1.6241
DMGDH	0.945741723628642	0.00802657183058135	0.0185452609398681	1.0042
STXBP5-AS1	-0.543034684327771	0.0080577213097632	0.0186134075959809	1.841
ATPIF1	7.48229116559905	0.00813261879615612	0.0187674236812825	0.2974
LINC00938	3.5074712758431	0.00818001590577	0.0188720296190746	0.4455
CLCNKB	-0.354923849847329	0.00818213802325013	0.0188745402770349	1.6238
EFHD1	-0.805512657325113	0.00822157056678886	0.0189631070457735	2.1124
CYP2E1	0.476765843641641	0.00826349735088477	0.0190549965438616	1.1722
UBR2	5.1986347567516	0.00826465723075683	0.0190552642592443	0.3491
ELOVL5	7.44107652738096	0.00830379687018263	0.0191358388869041	0.2949
MRPL45P2	2.3860060346937	0.00831017365323487	0.0191481169018624	0.6273
VPS13B	4.8577981462721	0.00831313654441708	0.0191525265970316	0.3343
MORN2	4.95583939225216	0.00832255606607905	0.0191718086488756	0.3438
TMEM9B-AS1	0.170170602738939	0.00838049103520361	0.0193003966618742	1.4009
LOC102723566	-0.426439735794838	0.00838279223092546	0.0193032612219696	2.0164
SNX14	5.88755033309591	0.00839689903052757	0.0193333066844887	0.3043
MAP1A	-0.464853304237784	0.00840077798103261	0.0193397985903823	1.6927
ANKRD13A	7.00919066345976	0.00842026176370635	0.0193822088965103	0.2759
IFT52	4.14966553141837	0.00843191461174333	0.0194041388065027	0.3781
TBC1D3L	0.796507910479129	0.00845722771372481	0.0194599381323116	1.2087
HLA-B	0.871371563084281	0.00847585383724829	0.019500338708608	1.1786
TRAPPC8	5.63664699785042	0.00848530947748352	0.0195196332939692	0.322
RMND1	3.82031063339967	0.00849719179073309	0.0195445046404968	0.4716
FZD6	5.52936199899948	0.00850926892306643	0.0195698177701563	0.3108
CCDC93	6.10989088589064	0.00851904617048436	0.0195898358594738	0.293
FMO4	1.93912807573098	0.00854691394175454	0.0196489687596865	0.7241
CCDC149	3.43964691280864	0.00858685332298159	0.0197383019723435	0.5537
EHHADH	2.71712069603798	0.00863557814509792	0.0198478049372917	0.5733
SYNGR3	-0.957745849099142	0.00867036018901234	0.019922730725061	2.3276
CCDC85A	-1.39110590472279	0.00869071461283498	0.0199644753959878	3.1798
ENPP4	4.3031816111247	0.00869371631973847	0.0199688582200737	0.3753
FBXL15	3.05469778938481	0.0087003228707657	0.0199815189745501	0.5024
SHD	-1.39090607307183	0.00870295835065681	0.0199850575659863	3.178
FKBP15	5.72646516790847	0.00871967191355297	0.0200209194382874	0.297
HIST1H3G	1.41561369517537	0.00873961230649399	0.0200591353114602	0.912
SOCS7	1.9304814965264	0.00876467782137101	0.0201114469896899	1.0303
PARVB	3.59576558398227	0.00876559964214264	0.0201114469896899	0.477
BACE1-AS	-0.0983271675476499	0.00876570901056981	0.0201114469896899	1.439
IL7	0.946197993110965	0.00878823420679595	0.0201555281004104	1.077
LOC100506207	-0.464814048689679	0.00886549282785717	0.020322505909764	1.6909
RHOT1	4.62706699784438	0.00888118506979604	0.0203559214857748	0.3843
CPT1A	2.95695578891753	0.00888507555468226	0.0203601769480778	0.5152
ZNF599	1.03006972828989	0.00888527222531421	0.0203601769480778	1.0653
PI4KAP1	2.97148051134207	0.00889861236785665	0.0203881861681214	0.5237
GRAMD4	4.29957312358185	0.00891897242172783	0.0204322701130711	0.3733
ST7-AS1	-0.465124894292504	0.00894353331225817	0.0204859653887811	1.6935
BEST1	-0.583415484132852	0.00895985727405325	0.0205207821346275	1.7765
PPP1R3F	0.916759429510432	0.00896140632195691	0.0205217553705024	1.0315
AKTIP	4.82290571255291	0.00896481059005675	0.020526976311561	0.3458
MRRF	6.13392734649028	0.00897120356782867	0.0205390384166391	0.2904
RAB1B	7.66856797443208	0.00898811432410714	0.0205751743073229	0.3256
TMCO3	5.31017615550467	0.00899655222112741	0.020589883707296	0.3135
TIPARP-AS1	0.553479097134014	0.00899679570185694	0.020589883707296	1.2001
LOC100129534	1.27557721326659	0.00902060804932358	0.0206417924979257	1.0553
CASP10	4.19397436366632	0.0090361867395031	0.0206748496197981	0.3773
MKRN2OS	1.15667161507509	0.00905412399970457	0.0207132942028329	0.9726
MBOAT7	2.32916854374012	0.00905600235019426	0.0207149954774021	0.8225
KSR1	4.18910476241738	0.00906755350511573	0.0207388194424195	0.3908
MPG	4.00554221048316	0.00907135372700297	0.0207449121433253	0.4154
AASS	1.73865295123279	0.00908658092266467	0.0207745299091003	0.7707
GRIK1-AS2	-1.71284186407177	0.00911061578509852	0.0208190514172936	5.0499
CECR5-AS1	-1.71284186407177	0.00911061578509852	0.0208190514172936	5.0499
AKR1B15	-1.71284186407177	0.00911061578509852	0.0208190514172936	5.0499
TCEB2	6.55523514095132	0.00911936958812951	0.02083644695881	0.3255
ATP6V1E1	5.94464201661591	0.00912295297099546	0.0208420259590155	0.2881
PRPSAP1	4.84021254757132	0.0091273971171986	0.0208443534865621	0.3286
TMEM198	-0.583688377593691	0.00914364346533766	0.0208788436651913	1.7772
MAFF	3.69063418405657	0.00915301667215046	0.0208976328622785	0.4706
TOLLIP	4.85760730207638	0.00922456849749091	0.0210452040102717	0.3223
GAS8-AS1	0.697652453009796	0.00923446563978369	0.0210625193303212	1.3282
ACBD4	2.97607704161823	0.00928092609622753	0.0211605578634607	0.5728
SGK494	3.21657924822948	0.00929646597852802	0.021185405430534	0.4889
LOC101929519	0.477611603570991	0.00930475383516822	0.0211995529933688	1.1705
ABCD3	7.08794763328603	0.00930499661129842	0.0211995529933688	0.2754
ZSCAN2	3.14496376579659	0.00934286940815392	0.0212816260338567	0.4991
AIMP2	5.01373806868612	0.00934335192053909	0.0212816260338567	0.3139
DNMBP-AS1	-0.583298204506358	0.00935543992980208	0.0213065009179724	1.7751
NUAK2	4.09020023107569	0.0093583142869355	0.0213103886269545	0.3686
PDLIM5	6.9200829676571	0.00936225943007895	0.0213167134142581	0.2718
C1orf86	3.31502301728677	0.00937827438612371	0.0213425301911087	0.4527
EOGT	3.37298977746561	0.00938397974395038	0.0213501912020885	0.4917
IRAK1BP1	1.96614587520585	0.00939949952408746	0.0213828365497496	0.7149
CD7	-1.71292206289185	0.0094306365736514	0.0214483245656634	5.0492
USP50	-0.958219824404939	0.00943369300553724	0.0214526033269915	2.3314
SYF2	4.90982939435494	0.00943615702755403	0.0214555340260339	0.4486
SRGAP2B	3.82974613488817	0.00946262144147088	0.0215103495250271	0.5427
LRP10	6.52212564941581	0.00949612571005238	0.0215811366815282	0.2822
ABCC5-AS1	-1.71276166102361	0.00953112928019004	0.0216526003159718	5.0505
IRAIN	-0.188935335282997	0.00954045329884685	0.0216710856568058	1.4724
ATP6AP1L	3.10801569859277	0.00956329818645194	0.0217202751544994	0.4833
SLC38A10	5.76819954449937	0.00957554820100585	0.0217399835788537	0.3044
ZFPL1	4.06069533980254	0.0095903267403543	0.0217708287704437	0.4103
PARD3-AS1	-1.127587589442	0.0096062941471339	0.0217989441827317	2.6765
SLC25A6	2.83370231256317	0.00963228915895402	0.0218525004207611	0.5398
C14orf79	3.138693597468	0.00965831863086738	0.0219033869472192	0.4845
BBC3	1.25272784918569	0.00966948664177516	0.0219259903281887	0.9593
LMAN2	6.9954317617315	0.00969733683204943	0.0219836807656643	0.2747
TMEM50A	5.1762993428436	0.00970166471090776	0.0219901241013243	0.3399
ANKLE2	6.46627429573345	0.00970258817025456	0.0219901241013243	0.2728
SPPL3	5.0020149959417	0.00971490636532532	0.0220153091615416	0.3039
P3H3	-0.426979511155194	0.00972517499719825	0.022035843955424	1.7461
CD200R1	1.33070236262019	0.00973864576226968	0.0220636283241493	0.9236
STOM	6.61234879359901	0.00974460778820461	0.0220743962999706	0.295
GLRA3	0.120247995281966	0.00975560741852612	0.0220965718402746	1.3154
SLC11A2	5.40881233802724	0.00978884936696686	0.0221663649272323	0.2861
LINC01091	-0.286844349634986	0.00981080362250436	0.0222133239405233	1.7302
KCNJ11	-1.18907761218779	0.00981951942088862	0.0222275445192489	2.5669
PRCD	-1.18907761218779	0.00981951942088862	0.0222275445192489	2.5669
STX12	5.16971639746687	0.00982157079176559	0.0222287734595732	0.3408
LRRC14	3.02048893857022	0.00985621091501756	0.0222967765135763	0.5334
DNAJC25	4.43032366848251	0.00986074413930036	0.0223033600677488	0.3485
LOC101928021	-1.18939606056989	0.0098632046866947	0.0223043063000494	2.57
ACKR2	-0.805904856887121	0.00987882908873268	0.0223368719152717	2.1083
LOC101928635	-1.18899829530744	0.00993641043753564	0.0224615043273465	2.5673
OR1F1	-1.18899829530744	0.00993641043753564	0.0224615043273465	2.5673
ATP6V1F	6.16290032955496	0.00997637802775919	0.0225490599572579	0.2754
UNC50	4.82279060958479	0.0099792116943352	0.0225526725293121	0.3712
GSDMB	3.99879817222743	0.0100043339259212	0.0226066493565562	0.3866
ABHD15	1.29862354324504	0.0100894648048025	0.0227877359243443	0.8673
PIPSL	-0.583532755297159	0.010120733361925	0.0228519165309596	1.7783
CLASP1	6.01311219912885	0.0101216365616422	0.0228519165309596	0.2726
LOC729887	1.35397296024895	0.010182464551354	0.0229693652353291	0.8541
HIF1AN	5.63748716572046	0.0102168201577402	0.0230383237153786	0.2886
SLC25A40	5.04083801167439	0.0102437926293267	0.0230934401384278	0.3059
NHLRC3	4.36091203110936	0.0102542206854211	0.0231140946824359	0.3504
ZNF775	2.177923703492	0.0102674755060059	0.0231382585900066	0.742
TBC1D5	5.37624552350245	0.0102693525185585	0.0231396321375962	0.29
LOC105373314	-0.713085610752682	0.0102712712664021	0.0231410993754704	1.8868
ZNF16	2.18327192670413	0.0102872488095457	0.0231742367062027	0.6704
UBR3	5.8850735758737	0.0103397561211615	0.023281029569305	0.2847
TTC23L	-0.286419397347457	0.0103463442160922	0.0232929905054852	1.5148
CEP68	4.11827453127376	0.0103699707224409	0.0233375475232842	0.3618
CCDC174	3.93249434118709	0.0104311097256549	0.0234693540980472	0.4399
CAMLG	4.59821299193074	0.0104538950839387	0.0235148236387856	0.3792
NBR2	2.91253434711307	0.0105098021707467	0.0236318448613316	0.5181
TMEM221	-1.01256082812635	0.010518750556119	0.023649052974447	2.2409
LOC100506472	-0.712537211411734	0.0105231874568014	0.0236532024392227	1.8853
ACVR2B-AS1	-0.712537211411734	0.0105231874568014	0.0236532024392227	1.8853
SSR4P1	-0.583883428974994	0.0105789680787615	0.0237698019994917	1.7789
SLC35F3	1.52607864094968	0.0106043309965045	0.0238233826252898	0.8125
ZFP37	2.59495673212021	0.0106054245505987	0.0238233826252898	0.5715
COX7A2L	6.99360487726856	0.0106218814938513	0.0238544800777154	0.2704
GIPC1	6.50279318144366	0.0106259954247078	0.0238607838220746	0.3028
LOC100272217	0.88775712610411	0.010629324861505	0.0238653246429265	1.0475
PAX1	3.96681385737936	0.0106789483732891	0.0239678978980534	0.6132
GDF9	0.287434833929225	0.0107074067731242	0.0240258625922021	1.1963
VPREB3	0.169948295926389	0.0107200141442273	0.0240511955532767	1.2588
LOC105372483	-0.0405494993454309	0.0107255777003237	0.0240607208770103	1.3624
GGT3P	-1.71300225748426	0.0107525365609699	0.0241152711863718	5.0478
STXBP2	6.46723340803876	0.0107714245775364	0.0241546649167799	0.2883
UNC93B1	5.10231302321291	0.0107756919971127	0.0241612666542975	0.327
CRTAP	6.56054271533901	0.0107781833355679	0.024163884928666	0.2895
BLZF1	5.68209667231798	0.0107871945739581	0.0241811178956506	0.3081
KHDC1	2.44752045358781	0.0108453478576324	0.0242995422789563	0.5779
ITFG1-AS1	-1.18915692502801	0.0108545871153363	0.0243142751383533	2.5657
ZNF833P	0.973346989236939	0.0108722469122797	0.0243508452497335	0.9863
CCDC90B	5.81104248366602	0.0109018438469495	0.0244111445197976	0.3526
PNKD	5.17202769813701	0.0109230561126363	0.0244526440701763	0.3463
ANXA7	6.57656385715456	0.0109276950924724	0.0244600296233664	0.2766
ANKH	4.15890037387485	0.0109839065978397	0.0245798233452024	0.3739
PTPN22	0.194242712723022	0.0109975763085475	0.0246073971183776	1.3028
CYTH3	6.219453241274	0.0110155774914292	0.0246446547406289	0.2745
FEZ1	-1.71268145374693	0.0110716339055976	0.0247579309873333	5.0521
URGCP	5.00045065591432	0.0111447908449815	0.0249123670461592	0.3072
FBXO38	4.82115343753698	0.0112313690306331	0.0250905375701466	0.3306
MFSD6	3.73704399996663	0.0112539606227372	0.0251379303962669	0.4001
LRRFIP2	5.50414786986133	0.0112676043833948	0.0251594784979147	0.3023
FAHD2B	1.96065079945525	0.0112677419039741	0.0251594784979147	0.6976
ABHD11-AS1	-0.252896613607606	0.0112989764448313	0.0252230513544682	1.5706
ZNF528-AS1	3.12262903833827	0.011308667814349	0.0252385134008258	0.5298
LCLAT1	5.35646300161633	0.0113144611153491	0.0252483562060644	0.2868
LOC100130705	-0.285998916411763	0.0114047111973615	0.0254373130872367	1.7389
BMPR1A	4.40782354582675	0.0114286906211509	0.0254814577405631	0.3329
PAXBP1-AS1	0.945740234839158	0.0114501340445892	0.0255230338361442	1.0675
CD44	8.20746719357955	0.0114531181688417	0.0255265688304693	0.273
MGST1	8.83802423799899	0.0114605124353149	0.0255399310326059	0.2841
MIDN	6.56104143098007	0.0114952514344354	0.0256110947262696	0.4064
CDC14C	-0.157629864435508	0.0115044547265303	0.0256284716885341	1.5169
ST6GALNAC5	3.42719548592364	0.0115097737457862	0.0256371924723125	0.4278
SCAND2P	2.48713357022562	0.0115115680333287	0.0256380609999327	0.5811
BBS9	3.45951255866839	0.0115467063155673	0.0257131825441566	0.4533
FBXO11	6.13094934714069	0.0115486958661091	0.0257144763668359	0.2813
CCNG1	6.58840768210309	0.0115661583581762	0.0257470780376619	0.2722
HOXB4	-0.854471955060081	0.0115772256464484	0.0257622905170115	2.031
TMEM60	4.9250649987109	0.0116124083580932	0.0258314533211579	0.3916
Mar-01_2	2.83487126903961	0.0116270962336352	0.0258606565352394	0.5215
COX4I1	8.98303548072258	0.011635215741209	0.0258724115190635	0.2816
LINC00894	1.79621830668651	0.0116850128643862	0.025976813791066	0.7546
IPCEF1	-0.958417370145517	0.0117287194761134	0.0260708027220171	2.3346
RNF215	1.77924776003131	0.0117714139020837	0.0261625191376236	0.7317
SLC35B2	5.25086273257236	0.0117777401957152	0.026173393184781	0.3355
SMAD4	5.56983056221424	0.0117979789574763	0.026211987811572	0.3034
LOC101928445	0.194805733339965	0.0118220412286595	0.0262590564144553	1.2986
HEMK1	3.46261233849534	0.0118697004808688	0.0263552970054416	0.4299
ZNF773	3.28877971590133	0.0118915865571874	0.0264006815259654	0.4724
KIF1B	6.02894585354701	0.0119881301234076	0.0265988458353098	0.2718
NME9	0.144445885986922	0.0119937069842132	0.0266047526979096	1.3636
RAB5A	5.24742509087163	0.012046017999165	0.0267078096420641	0.3208
NOTCH2NL	2.49057143831279	0.0120613328615746	0.026733478491198	0.633
PPM1N	0.609640993400689	0.0120619885151182	0.026733478491198	1.0899
LOC101927204	2.37528359386758	0.0120812571391592	0.0267729340049151	0.5858
ARHGAP31	-0.583454938543844	0.0120886250753326	0.0267860103623343	1.7795
CRIPT	4.24183962775014	0.012099951951563	0.0268078547121037	0.4094
PIGB	3.41463969105078	0.0121309678217573	0.0268667898282179	0.4273
RNPC3	3.76153030258458	0.0121351907131899	0.0268728822974278	0.4181
TBC1D23	5.99797012297943	0.0121551367405518	0.0269072603777753	0.2993
ATP8B1	6.22392565620236	0.0122020423085828	0.0270078181844675	0.2667
ATP6V1E2	3.08097010006651	0.0122096620303894	0.027021407446574	0.4784
RPA3	6.59726058184083	0.0122579932830497	0.0271250818636794	0.3137
FAIM	4.34468563110598	0.0123084311786705	0.0272300920501464	0.3801
ADD1	6.97433568194392	0.0124186622665475	0.0274606466010285	0.2881
NUMB	6.84829564870913	0.0124334716217168	0.0274900639367884	0.2733
LOC105370945	-0.583064709288512	0.012446452928863	0.0275154328734951	1.776
ANKAR	1.75462278482255	0.0125134046245406	0.0276600938159114	0.7247
GLIS2	0.437808313244624	0.0125382346948068	0.0277082692880273	1.2115
AADAT	1.69710754412174	0.0125645480489681	0.027759698557662	0.7776
LOC100132215	0.35374105136595	0.0125922897104299	0.0278108929293018	1.1886
C2orf76	2.84517832101218	0.0126042477557516	0.0278305693068459	0.528
SRGAP2	5.74786881047003	0.012657861588009	0.0279455703411165	0.2843
PKN2-AS1	-0.503299513148802	0.0127221985994587	0.0280774247620549	1.6295
SERPINH1	5.20740499781526	0.0127740523620219	0.0281884564149731	0.3194
CATSPERB	-1.39039032074839	0.0128064222204588	0.0282564713629074	5.6377
HNRNPLL	5.79161236227791	0.0128205143958696	0.0282841463215704	0.2888
HIST1H3D	0.331664833310766	0.0128531350955607	0.0283526866003571	1.1532
LOC101927765	1.27414757651166	0.012932118960968	0.0285047910210313	1.1025
MAGED1	5.51106575243471	0.0129323359255714	0.0285047910210313	0.2832
IFNGR1	4.51022158328618	0.012933018406398	0.0285047910210313	0.3248
ARL6	3.39463049678746	0.0129695873989761	0.0285784897472187	0.4425
RNF214	4.24795634239657	0.0129797356885865	0.0285973997985559	0.3902
CNTNAP2	0.309105817472106	0.0130994185561666	0.02884368413477	1.233
LMNTD2	-0.668133100638819	0.0131236045260637	0.0288899703638996	1.9633
PAXIP1-AS2	2.15617770780809	0.0131559013768773	0.0289575760231821	0.714
CEBPB-AS1	-0.625285409478512	0.0132296285846045	0.0291093286055851	1.7068
SUFU	3.23812747611844	0.0132709705034378	0.0291897394591277	0.4615
AGAP1	6.17076625248188	0.0133367166547729	0.0293272824921144	0.275
COA1	5.80448341557828	0.0133389505305424	0.0293286620360812	0.2863
ZNF697	3.05354892301739	0.0133879366310461	0.0294328240771168	0.4913
FAM132A	-0.220692754931561	0.0134077615017154	0.0294728589976299	1.4203
CA11	2.5315232112205	0.0134257896846645	0.0295089352857253	0.6399
LY6D	4.34481755518175	0.0134643803531575	0.0295866306845502	0.4204
TRNY	4.76316963770594	0.0134982604692492	0.0296508184574177	0.4243
ZNF112	3.00078122242072	0.0134984636393295	0.0296508184574177	0.4785
PRR14	3.56719308935715	0.013533336238476	0.0297166930923284	0.4207
HES4	3.22114978306633	0.0135443519727424	0.0297373048243398	0.4393
LOC283335	2.60819502826638	0.01355598853295	0.0297592744898431	0.7762
NKTR	6.31293749641753	0.0135597288156135	0.0297639063674209	0.2636
CEBPG	5.23631745812097	0.0135796263868094	0.0298004158333444	0.3021
TAOK1	6.85910622559059	0.013623353709876	0.0298820071281384	0.2633
GPT	-0.625480798241817	0.0136301916950378	0.0298917773821852	1.7078
PRKX	4.34829135234707	0.0136335894058677	0.0298936834246362	0.3423
CCNC	6.51888752396646	0.013650184723002	0.0299241080303747	0.2922
ZFAT	4.46404185424379	0.0137338127545657	0.0300953649798765	0.3415
ZNF581	3.54061970293732	0.0138151793419439	0.0302591378604114	0.4061
OR1Q1	-1.01224512227212	0.0138395180575073	0.0303088101796849	2.2441
SBK3	0.264555226722182	0.0138508309945468	0.0303226730586936	1.1601
FTH1	10.2308320585581	0.0138995606983218	0.0304147644862235	0.2763
IGBP1P1	-0.625089997115362	0.0139192710621398	0.0304542440688427	1.7057
CASP6	5.88180816407232	0.013970643169953	0.0305593172430699	0.2923
UHRF1BP1	5.3934997285258	0.013974193104958	0.0305634203095859	0.2793
ZNF677	2.6757708927557	0.0140025679297393	0.0306144766617149	0.5177
CAMK2G	5.07442070027453	0.0140404501436998	0.0306899494520335	0.2944
FBXO15	-1.4649984112463	0.0140475017111929	0.0306943376708005	3.0462
MARCO	-1.4649984112463	0.0140475017111929	0.0306943376708005	3.0462
WDR86	-1.4649984112463	0.0140475017111929	0.0306943376708005	3.0462
CD80	-1.46479823959893	0.0140613211086595	0.030720856649077	3.0449
RBM7	5.79332916425301	0.0141161061923194	0.0308221067631842	0.275
CHKA	5.6314276758843	0.0141178697508938	0.0308222710084091	0.2695
NF1	6.81589797960813	0.0141947687083672	0.0309716382861182	0.255
C19orf44	2.58291807142203	0.0142185585355894	0.0310198380288862	0.5434
FHIT	1.32039984743819	0.0142613729092671	0.0311058092988746	0.8503
MAN2C1	4.53345201801266	0.0142652563769751	0.0311105627067325	0.3453
AQP3	4.68611466458137	0.0143617684367859	0.0313135608004256	0.3888
ARSA	2.5411107671913	0.0143853373099983	0.0313575909766512	0.6354
UBR5	9.42736603121768	0.0144207342903108	0.0314158621961711	0.2651
INTS1	6.94720707671461	0.0144247603079776	0.0314171348344595	0.2597
LYRM1	4.6938237285018	0.014492764442553	0.0315501917079951	0.3117
SLC7A5	8.82779489595426	0.0145150895545653	0.0315950250277982	0.2883
ZNF429	4.23203037537536	0.0145827135795239	0.0317384381387445	0.361
NPHP4	2.92052739952821	0.0146073532585489	0.0317844864228926	0.5481
MAP2K5	2.77965920445208	0.0146135397658294	0.0317941582606341	0.4895
ADCY10P1	0.477135679556554	0.0146181264518633	0.0318003475339866	1.0694
SDC2	3.18464705101194	0.0146257563561836	0.031809364788955	0.4624
RPL37A	11.4143866119276	0.0147048468693683	0.031955540678752	0.4052
OGFOD2	3.57230517545115	0.0147449203027158	0.0320341860105177	0.3988
KLF11	3.79669452874028	0.0147827318012206	0.0321125121088867	0.3878
FLJ44511	-1.46471841718754	0.0147885002356695	0.0321212207379396	3.0453
PUM1	6.95041787164467	0.0148292014583938	0.0322019628671865	0.2531
RABL6	6.86929595679047	0.0148620826595723	0.0322695267641712	0.362
ZNF767P	3.32632955278277	0.0148794839637779	0.0322957863800653	0.4392
UAP1L1	2.12600962297041	0.014900666318412	0.0323354923474503	0.6851
CACNA2D2	0.353815171750834	0.0149013199561294	0.0323354923474503	1.1892
ZNF169	2.47220691045298	0.0149361028684679	0.0323994170587868	0.5367
EFCAB10	-0.905423872117744	0.0149562735383519	0.0324316106088791	1.9456
GGT7	2.83540532328939	0.014979275550736	0.0324747833662327	0.5025
FBXL19	4.30285932904363	0.0150507690542556	0.0326132747601768	0.3677
LOC100506473	3.19879309211054	0.0150533820123235	0.0326150655135268	0.4688
EIF4EBP2	6.64152065173238	0.0150599832569491	0.0326254959462279	0.2625
IGIP	2.40100655414136	0.0151410700821701	0.0327894870011977	0.6054
ATP11C	6.09664572551282	0.0151953364409992	0.0329031030799289	0.2665
ZBTB6	4.48649073894319	0.0153719605500296	0.0332540006874441	0.3159
TXNRD3	2.83013984509234	0.0153806623293165	0.0332688828772514	0.4963
LOC100507283	-0.4268258500567	0.0153828021214445	0.0332695694265005	1.7554
BBIP1	3.78280077535742	0.0154676984525292	0.0334394801314875	0.4405
FOXCUT	-1.71260124224132	0.0155188722764731	0.0335418485063274	5.0559
ZIC2	2.93822816574367	0.0155197192338381	0.0335418485063274	0.518
RNF138P1	-1.12794331202183	0.0155224549728588	0.0335437900076362	2.6613
LOC101928063	-0.503416405245362	0.0155435636482238	0.0335854299872142	1.6319
HIST1H3H	0.746902154640027	0.015563417880473	0.0336163933774153	0.9781
ACOT13	5.06867720967024	0.0156064876831201	0.033697461755534	0.3093
CFAP61	-0.957668211821377	0.0156085849111535	0.0336976328671904	2.3398
LINC00261	-1.25337837298314	0.0156121044473431	0.0336976328671904	2.4552
NR4A3	-1.25337837298314	0.0156121044473431	0.0336976328671904	2.4552
FAM60A	2.37432176938593	0.015640347561667	0.03375460280007	0.5642
NLRC3	-0.15820245634626	0.0157981560750569	0.0340549223410365	1.3396
LOC100507577	2.68479560454199	0.0158167437998082	0.0340909651486775	0.5145
HOXC-AS2	1.09447396838072	0.0158257810043499	0.034106416953773	0.9287
TM9SF3	8.14829805013441	0.0158426518096943	0.0341306881564527	0.2517
MAP2K6	1.92400759492901	0.0158450019197111	0.0341317233092915	0.6686
MIAT	-0.503609782844782	0.0159428379847752	0.0343262708161405	1.6277
SPATA1	-0.427134205181563	0.0159509768306828	0.0343356954393286	1.7408
RFXANK	4.03490087804749	0.0159660393996523	0.0343640668804589	0.3533
PTPN6	4.55700890612479	0.0159733100311465	0.0343716110241172	0.3349
HERPUD2	4.81340404108063	0.0159798707274136	0.0343816758986049	0.2914
CLUHP3	1.02919810137192	0.0159964418685117	0.0344051652629064	0.9433
MLLT4-AS1	-0.158011012414897	0.0160384377667755	0.0344914265367243	1.3387
GKAP1	1.72044946017084	0.0160418241660556	0.0344946456979401	0.8264
SCAMP1-AS1	2.81432635126987	0.0160525349077878	0.0345136117390855	0.4863
MOK	4.45014937931271	0.0161069738037526	0.0346184263905472	0.3263
RNF212B	0.43640904748958	0.0162090965004254	0.0348297158323643	1.108
HRAS	1.08012990520776	0.0162509254216161	0.0349113785004734	1.0356
OSGIN1	2.72152404584866	0.0162803969264818	0.0349705761018768	0.4938
LOC101928222	-0.85506170715598	0.0162898597593148	0.0349867858548295	2.0287
CREBZF	6.6246755703931	0.0163104768627708	0.0350269457248257	0.2714
LINC00629	-1.06891805665766	0.0163258541625436	0.0350558449295926	2.1421
CYHR1	3.99398484186052	0.016360560358657	0.0351221060568723	0.3577
GFI1	-1.25329893792888	0.0163747185052401	0.035144234779175	2.4557
GLT8D1	4.63050827852076	0.016381990630263	0.0351557095269874	0.3001
POT1-AS1	1.09423160813996	0.0163889642267521	0.0351665410112349	0.9221
PARTICL	1.06898275704249	0.0163926895705863	0.0351704008462362	0.8795
MTRNR2L4	-0.75878331368083	0.0164178627642575	0.0352202705786469	1.8108
LRRC43	-1.25317916125536	0.0164297722400247	0.0352375378305793	2.4539
C1orf27	5.54395616167586	0.0164890077695885	0.0353562750577412	0.2896
SUDS3	6.63668581596379	0.016515111826467	0.0354074063510075	0.2556
RC3H2	5.74007253979652	0.0165424488550421	0.0354583710576081	0.2581
MIR3124	-1.46515802284608	0.0165548487684216	0.0354807841179039	3.0451
CD8A	-1.06895818324903	0.0165582670614546	0.0354839445326817	2.1441
ZMIZ1	5.4630110721816	0.0166020609899885	0.035573618008595	0.2873
IQGAP3	6.1787869231757	0.0166253797004465	0.0356152231649086	0.254
CGGBP1	6.58017191268095	0.0166372901828578	0.0356365563273791	0.2598
MANBA	4.28236047063611	0.0166620073761683	0.0356728324939237	0.3248
SPC25	0.999048522607046	0.0166909454532092	0.0357263337077955	2.2198
TM2D1	4.57259252452567	0.0167074811755767	0.0357575353272366	0.3673
IFI30	5.14353051091938	0.0168544690650212	0.0360467651418729	0.2755
SPHK2	2.48887443241985	0.0168814105028991	0.0360917004498098	0.6018
MCL1	8.57401392215371	0.0168977525999089	0.0361181795414983	0.2575
NCKAP1	8.47556645644702	0.0169443409163198	0.0362135199916103	0.2602
EXTL1	-0.0690530499163744	0.0169585549375383	0.0362396557344842	1.3137
CEACAM16	-1.25365697997112	0.0169691476760579	0.0362580477497791	2.4562
RFXAP	3.46686422473214	0.0169855762051374	0.036288903358805	0.4751
DUSP3	6.17182335112108	0.0170349792029453	0.0363859342844238	0.275
UBTD1	3.11337240002185	0.017105946763837	0.036520426163093	0.4415
LOC100506571	-1.39070747159044	0.017133325391007	0.0365746010685481	3.1892
FEZF1-AS1	-1.46483878306442	0.0171357841109633	0.0365755728668006	3.0488
NDRG3	5.14744071499774	0.0171467448182775	0.0365946894321339	0.2724
LOC102724450	-1.12730978445689	0.017225468378388	0.0367498131022381	2.6732
DGCR10	-1.12730978445689	0.017225468378388	0.0367498131022381	2.6732
ZNF274	4.83674675246768	0.0172524780647259	0.0367988362600346	0.3055
KATNA1	3.78959008034641	0.0172758861917382	0.0368444600836883	0.3934
LOC100507144	-1.18951439341397	0.017302519231554	0.036892640865598	2.564
FAM53A	0.931308272366579	0.0173092317207097	0.0369026432667611	0.9138
STK11	5.30800190258767	0.017394490751712	0.0370747319030966	0.274
TSPO	5.54078062482844	0.0173960425877479	0.0370747319030966	0.376
SEC61A2	2.07403351463243	0.0174291581059286	0.0371279708730259	0.6621
RUSC2	3.73389227942687	0.0174317187861523	0.0371290932399949	0.4028
LOC105376060	-0.624816600171908	0.017465035777379	0.0371957178198589	1.7038
ADAM9	8.42583692367779	0.0174696863683309	0.0372012824379154	0.2545
ZNF322	3.28195195953127	0.0174771409522909	0.0372128160980898	0.4157
TMEM61	-0.320108650228487	0.0174882068388703	0.0372320354577744	1.6668
DHPS	4.04607391757604	0.0174957878346136	0.0372438319389816	0.3621
SNX19	6.11521107152547	0.0175276426258043	0.0373072920341242	0.251
ZNF836	1.8019237863219	0.0175783550489616	0.037393433905132	0.6999
TMBIM4	5.29238196264184	0.0176383813112396	0.0375123822481349	0.289
GIGYF1	5.71490896448725	0.0177461689512851	0.0377152573195182	0.2981
TSPAN32	-1.80600284986723	0.0177711346035762	0.0377419536206243	4.8631
LRRN4CL	-1.80600284986723	0.0177711346035762	0.0377419536206243	4.8631
LOC105370849	-1.80600284986723	0.0177711346035762	0.0377419536206243	4.8631
LOC388849	-1.80600284986723	0.0177711346035762	0.0377419536206243	4.8631
LOC101928131	-1.80600284986723	0.0177711346035762	0.0377419536206243	4.8631
SARDH	-1.80600284986723	0.0177711346035762	0.0377419536206243	4.8631
IL10RB	4.18469988228535	0.017792244955119	0.037777997662323	0.3311
PRSS27	-1.80592251982849	0.0178395289191652	0.0378651831122288	4.8637
RAET1E-AS1	-1.80592251982849	0.0178395289191652	0.0378651831122288	4.8637
EPB41L1	7.24431494063865	0.0178603139260649	0.037904893168361	0.2763
TP73-AS1	3.50887325168743	0.0178918649431511	0.0379674400095509	0.4019
NBPF19	3.03953491983896	0.0179770014444822	0.0381348057599893	0.4585
MLF1	4.34198338062957	0.018011981951319	0.0381956954934695	0.3441
LOC105378846	-0.712732128624304	0.0180213123019009	0.0382095419879171	1.8775
TMEM121	-0.320107884944887	0.0180226975272762	0.0382095419879171	1.46
MINOS1	6.38144246913365	0.0180295642723368	0.0382196615601232	0.3295
ITGB5	5.51984350072519	0.0180993412421975	0.0383586688782863	0.2808
PPP6C	6.30403366589153	0.0181278317425416	0.038414590399517	0.2491
ATN1	6.91027570304009	0.0181410953030571	0.0384382353589381	0.3698
NOXRED1	1.29798114372886	0.0181703954324104	0.0384824523218196	0.8156
SYNRG	3.78293548070732	0.0181896581872069	0.0385157328679636	1.6834
VAPB	6.81256317458794	0.0181925717156762	0.0385160140602325	0.2599
LOC102725191	0.973384889988189	0.0181998167638331	0.0385268848377246	0.9152
NPIPA1	-0.391292583054856	0.0182149647466147	0.0385544807436751	1.5657
SH3BP5-AS1	1.68762751250319	0.0182198415578082	0.0385588754153314	0.6862
TTC41P	0.712993024701938	0.0182212652392673	0.0385588754153314	1.0042
USP35	3.08677685700672	0.0183734451492174	0.0388764041080334	0.4823
PRTG	3.97590453926112	0.0183886311923926	0.0389040272393463	0.3409
CDIPT	4.47516929781342	0.0185016145520042	0.0391385255227564	0.3624
IDE	5.39282901900659	0.0186210979717782	0.0393699869313888	0.2934
RRAGD	2.35342679343605	0.0186767939852192	0.039481652500482	0.5508
REST	6.53320493525659	0.0187226088128966	0.0395693385608058	0.2507
AGTRAP	3.97091832645654	0.0187423921213324	0.0396065644828157	0.4716
IGSF1	0.217390435615663	0.0187821183503221	0.0396721453897351	1.2137
MORN1	3.15049122617182	0.0188260667385449	0.0397603741761771	0.4872
LOC101928650	-0.2864204037099	0.018850583727036	0.0398075484697246	1.5216
MALAT1	9.41958909821389	0.0189131494715808	0.0399285904696454	0.2972
CD81-AS1	-1.80608317565038	0.0189253995033875	0.0399285904696454	4.8622
LYZ	-1.80608317565038	0.0189253995033875	0.0399285904696454	4.8622
USP30-AS1	-1.80608317565038	0.0189253995033875	0.0399285904696454	4.8622
QPRT	-1.80608317565038	0.0189253995033875	0.0399285904696454	4.8622
LOC102724908	-1.80608317565038	0.0189253995033875	0.0399285904696454	4.8622
DACT3	-1.80608317565038	0.0189253995033875	0.0399285904696454	4.8622
KIAA0430	0.352842415791109	0.0189540411806074	0.0399843974801444	1.7876
SEMA6C	-0.220578303902933	0.0189730699367487	0.0400106693733724	1.4233
MNT	4.29868638845576	0.0190416285512046	0.0401506087815651	0.3912
LOC100506674	-1.06856166694809	0.019110849299477	0.0402733077237969	2.1409
RNU5F-1	-1.80584218553372	0.0191773844280498	0.0403948690571683	4.8648
DRICH1	-1.80584218553372	0.0191773844280498	0.0403948690571683	4.8648
PABPC1L	3.74594138308977	0.0192479171774101	0.0405294089954784	0.3708
DET1	1.6265579522827	0.0193047429476333	0.0406443763409057	0.6988
ZNF658B	0.825785086014902	0.0193411681393457	0.0407163705664086	1.1018
TYW5	4.44806778462268	0.0193541982881337	0.0407391034184444	0.3369
SNED1	-0.426977743336377	0.0193599688589849	0.0407418549267582	1.5025
PLCD3	4.03805779167548	0.0195668155231454	0.0411439511852733	0.3537
SMIM2-AS1	0.746111260487802	0.0195730932646772	0.0411524116825921	0.9783
RMDN1	4.8925263442659	0.0195813667185472	0.0411603259428668	0.2866
TEX9	2.92484271481841	0.0197248269248625	0.0414427943768316	0.5767
SGPL1	5.42258232545132	0.0197530115165603	0.0414972357015333	0.3068
IGSF8	2.47622093360824	0.0198119514190443	0.0416019076496518	0.5453
LOC101928465	0.497252708175441	0.0200260617702922	0.0420225038710867	1.0944
LOC101927770	0.30977626427592	0.0200529718015246	0.0420741355256446	1.2246
SCRN1	7.4491466183468	0.0200620015562728	0.0420850828563184	0.2422
GRHL3	1.78083378416364	0.0200627999615764	0.0420850828563184	0.7246
DNASE1L2	-0.355269527161166	0.0202801891903123	0.0425215497712578	1.4018
PTK6	2.04876381035955	0.0203854432013423	0.0427128028329742	0.6129
C16orf74	3.69879775719818	0.0204228681699955	0.0427863072425335	0.3984
NPC1	5.67426731797004	0.0204396794852801	0.0428166137330205	0.2783
MYLK4	-0.668521682851632	0.0205084078563202	0.0429507277532387	1.635
SLC37A3	5.23517590964466	0.0205552413066888	0.0430438730551631	0.2753
ATP5G2	7.42938134212261	0.0206258697434376	0.0431818667472703	0.241
ZNRF3	3.7821593287678	0.0206714269030499	0.043272281795904	0.4436
MDM4	5.05110628855172	0.0207171782627003	0.0433630825915909	0.3257
RPL3	10.227921687454	0.0207233298553163	0.0433709858808499	0.2627
KLC3	3.23302051709187	0.0207459916430685	0.0434134368908596	0.4515
SHMT2	7.59202182582308	0.0207946778364389	0.0435103310695734	0.24
TIGD1	3.76365335967045	0.020809090912044	0.0435305103346253	0.4098
LOC440600	0.310368046864649	0.0208251885771846	0.0435542035359241	1.457
TUG1	7.8856003305471	0.0208936833982667	0.043682442065822	0.247
LOC105371932	0.553703317062871	0.0209664896804413	0.0438196033893689	1.0034
SAMD8	4.75389616053149	0.0210999939300729	0.0440834846861308	0.312
MFF	5.84038377159723	0.0211057514766395	0.0440904678976463	0.2699
ZNF764	1.91719427240172	0.0211108835924343	0.0440961431193914	0.6938
NMNAT1	3.90793199595909	0.0211352792522716	0.0441420498832479	0.3509
PIK3CA	5.43367819087553	0.0211878941677905	0.0442367561673357	0.2862
TMEM42	2.52103567433139	0.0212782163535771	0.0444100969190468	0.4977
SLC12A8	3.60825520922912	0.0212954887540052	0.0444410656942295	0.4521
GLT8D2	0.352964467019865	0.0213885042551933	0.0446300758581334	1.0754
LOC101927100	-0.668247913095992	0.0214354500253857	0.0447024875101029	1.6344
NTN5	-0.758979611726179	0.0214535308245145	0.0447350838072344	1.8148
COX7A2	6.68691996575965	0.0214817866631253	0.0447888873140722	0.3137
FBXL17	3.64251345717491	0.0214988806612405	0.0448194090843448	0.4246
C1orf54	-0.252970579599908	0.0216672801648046	0.0451498535199946	1.3643
LOC100289561	0.170213097091849	0.0217296931556356	0.0452695741468999	1.1272
SNX17	5.79731416989692	0.0217585614000288	0.0453245432358428	0.3698
RHOQ	5.24640623353144	0.0219092411463591	0.0456228021407474	0.2608
ZNF584	3.15551438693928	0.0219156701602138	0.0456309847678904	0.4442
DNAH17	1.13378490426416	0.0219734906042749	0.0457357250566233	0.865
IKZF4	2.47209772166974	0.0220166280366573	0.0458150645659656	0.5145
MIOX	-1.62500728102007	0.0220365619410073	0.0458513192152986	5.2293
WDR35	4.31555169061566	0.0221870022259321	0.0461327918720521	0.3427
GOLGA6L9	1.21751692819595	0.0222383179202469	0.0462342252536188	0.8449
ZRANB2-AS2	-0.354883005778416	0.0222723054923061	0.0462996138769688	1.3995
TRAPPC2B	3.13025905488608	0.0223621055788177	0.0464704154179733	0.4397
SUPT7L	5.73911416922588	0.0223793484747936	0.0465009544452347	0.275
ETFDH	4.15824675887785	0.0225958349120586	0.0469240771419112	0.376
MORN3	-0.0980611484257045	0.0226212718745796	0.0469662162336319	1.448
RAB4A	4.48390109253963	0.0227491073779806	0.0472047856663348	0.328
ASCL5	-1.80616349717835	0.0228669219740223	0.0474169158970639	4.8596
LIPK	-1.80616349717835	0.0228669219740223	0.0474169158970639	4.8596
VSTM5	-1.80616349717835	0.0228669219740223	0.0474169158970639	4.8596
DNAJB4	5.22154371449303	0.0228980666949008	0.0474653236723185	0.3008
FECH	5.06137074149516	0.0230090816586698	0.0476900311944454	0.2616
CCNT1	6.2615120904229	0.0230246947449328	0.0477169743743323	0.2551
AMZ2	6.15113406008717	0.0230743123850151	0.0478143753576432	0.2553
PSG9	-1.46475896275419	0.0231136456734321	0.0478850108277548	3.0528
C6orf89	5.68040564046371	0.0231169417011351	0.0478864050488961	0.254
C4orf48	4.04301668103464	0.0231342601850917	0.047916842970165	0.3712
FAM212B	-0.188248396428244	0.023192789309945	0.0480217263970008	1.6725
TRPM8	-0.464889738723733	0.023281113714774	0.0481844036448484	1.4418
DENND1A	4.90172248421727	0.0232819141406227	0.0481844036448484	0.2947
PTK2	7.01857436297719	0.0233090359804582	0.0482241342768863	0.2444
TMEM143	1.47735653344762	0.0233333220085855	0.0482689095284688	0.7359
LDHAL6B	-0.957941746986483	0.0233705385931559	0.0483349442116975	1.8538
PCSK1N	3.28278038552973	0.023374986448482	0.0483386670370964	0.4347
LAMTOR3	5.26662925079288	0.0234902127025176	0.0485714489859736	0.2956
NREP	3.87557392568798	0.0235002721462577	0.0485812442874057	0.3551
FCGBP	0.169724313376727	0.0235133832007339	0.0485973422067925	1.1307
RHD	-0.90546262886938	0.0235334064307381	0.0486332202625713	1.9402
C1orf145	-1.06927436541107	0.0235745414085878	0.0487072009908531	2.1417
HTR7P1	1.61027262027986	0.0236028879511829	0.0487602492290138	0.7469
TMEM150A	2.10714552745471	0.0238571346424455	0.0492464778417555	0.5734
XAB2	5.57850486133263	0.0240073580933208	0.0495341692305226	0.2567
BHLHE41	2.04254650074696	0.0240246194543812	0.0495585822326761	0.6009
PLEKHJ1	4.59967730689548	0.0240470634099784	0.0495992757442736	0.3894
LINC00998	5.32992488773376	0.0240651638649865	0.0496310022050603	0.2828
ABI1	6.23626530521945	0.024165710257176	0.0498327353953468	0.2424
ZBTB45	4.07007413381091	0.0242101369154696	0.0499130727869919	0.3357
KCNJ10	-0.958139327531626	0.0242462903341562	0.0499819643564088	1.8548
KLHDC10	5.64318168074487	0.024314173445149	0.0501105837000046	0.2534
CCDC65	0.437148978309466	0.0243681794923721	0.0502048848677062	1.0015
TMED11P	0.437148978309466	0.0243681794923721	0.0502048848677062	1.0015
DYX1C1	0.416488591973158	0.0244539870944108	0.0503646196294635	1.0681
SDHAF4	2.69752725925548	0.0244659819038788	0.050383639665788	0.4839
FBLL1	-0.958060533507969	0.0244894894285596	0.0504206742988366	1.8552
PFKFB1	-0.805549586776865	0.0245473488695482	0.0505341002438511	1.7251
IFIT3	4.56192998219035	0.024843933194428	0.0511331278914857	0.2927
LINC00896	-0.464540644223406	0.0248535617506475	0.0511377831280497	1.4414
RMND5B	3.94052631970088	0.0248545984714716	0.0511377831280497	0.3272
NAPB	4.09547202777739	0.024867551375474	0.0511529034265525	0.3277
ITGB7	-0.668169843293559	0.024948497424319	0.0512970154774442	1.6351
KAT2B	3.17798306114724	0.0249940452265085	0.0513841542404436	0.4176
SEC14L4	-0.0689019323015672	0.025024729621394	0.0514414439779494	1.3212
ATP6AP2	6.01999121714503	0.0250444196247197	0.0514471615470782	0.2922
DPCD	4.9389154868549	0.0250536573361523	0.0514603474717368	0.3067
SERTAD3	3.10657763150618	0.0250900296887254	0.0515292588589685	0.4747
LOC101927147	-1.54285188653442	0.0251026267413	0.05154933113489	2.8965
LOC728975	1.98149695260417	0.0251366474108091	0.051613388272605	0.6133
RBFOX3	-1.54277193828656	0.025239024830929	0.0518119461726571	2.897
KLRC3	-0.855337157599218	0.0252473154809435	0.0518231382302793	2.0306
AGPAT1	1.63658014842927	0.0252563009233406	0.0518357537556499	0.7131
AGRN	7.69141814762399	0.0252611358731282	0.0518398489770491	0.2533
MCTP2	3.16842253047345	0.0254644939331587	0.05221608460561	0.56
NFE2	0.712379228120183	0.0255244791919458	0.0523332089092725	1.0146
APOBEC3F	2.61892640785989	0.0255949488379954	0.0524659090485564	0.4938
NDP	-1.12798181290571	0.0256302756188021	0.05253242524945	2.0384
HDAC8	5.53347332922137	0.0256602209652348	0.052582561803631	0.2465
LINC01232	1.218581759501	0.0256633778303217	0.052582561803631	0.7844
TRPC4AP	6.44987635212993	0.0256797931172183	0.0526102910052673	0.2339
AIP	5.23506515372568	0.0257082794437516	0.0526568326629787	0.2615
SH2B2	1.75449985574373	0.0257262989191667	0.0526878296015602	0.6515
LNP1	2.73827428253357	0.0257569972521079	0.0527447831558589	0.4533
RDH14	1.90942066933004	0.025813834525469	0.0528433912420904	0.6143
LINC01213	0.662242434831073	0.0258444873956802	0.0528883490522966	0.9192
DAZAP2	7.9132387560716	0.0259490594055943	0.0530844944541157	0.2318
ARID4B	6.41598862520711	0.0259583192757641	0.0530915389534337	0.2563
TMEM40	1.40556635011113	0.0260587029347495	0.0532908794417819	0.8073
ENTPD2	-0.958218117620687	0.0260963058467782	0.0533498498923608	1.8546
LOC100130691	1.99587289709531	0.0261492492344909	0.0534461144228465	0.6366
GLTSCR1L	3.96688853101179	0.0261686724160732	0.053479825772734	0.3258
C9orf41-AS1	0.144936238454394	0.0261771174619258	0.0534910965284214	1.2281
VPS33B	3.36656085369269	0.0262664961627764	0.0536587959698035	0.396
PKD2L2	-0.464773029586059	0.0262680028254894	0.0536587959698035	1.4399
LOC284454	2.29519686391426	0.026302255816963	0.0537227547767372	0.6563
COG3	4.79959709984603	0.0263129183177054	0.0537385207302865	0.3131
PGRMC2	6.95754122826195	0.0263603345991091	0.053824619983211	0.2923
ZNF234	3.36469881096169	0.0264404887059617	0.0539628353064322	0.4903
POU6F1	0.644266164583134	0.0264494441982979	0.0539750786143668	1.2311
KDM4B	4.12837166553108	0.0264599526483629	0.0539904879343371	0.3254
FAM98C	3.59898906966479	0.0265792106355339	0.0542083248745203	0.3662
CDK7	1.55145910742779	0.0265815580782595	0.0542083248745203	1.8139
PVRL3-AS1	-1.32046402114191	0.0265895736923033	0.0542186146907951	2.3325
SIK2	4.80336217252855	0.0267302657832274	0.0544933257552874	0.2936
SLC7A11-AS1	-0.355693980640153	0.0268385506344173	0.0546902532930641	1.402
ZNF221	1.57430243650088	0.0268446716651036	0.0546902532930641	0.7588
LINC01058	-1.54313231212037	0.0268448378483319	0.0546902532930641	2.8974
GPC3	-1.54313231212037	0.0268448378483319	0.0546902532930641	2.8974
LOC100506368	-1.54293183060882	0.0268721717969685	0.0547398313239742	2.8953
OSMR	7.24863943813318	0.0269250658532153	0.0548414595800847	0.2284
FAM21C	4.80177606091921	0.0269486274744313	0.0548833269938886	0.2801
TCTEX1D4	-0.805471137093865	0.0270526824760153	0.0550768117856737	1.7252
LOC100506142	-0.957981735549334	0.0270662685190053	0.0550902816095823	1.8563
PLEKHN1	3.21878339408497	0.0270683515577319	0.0550902816095823	0.437
CRIPAK	2.29933983839237	0.0270995722978685	0.0551476749381215	0.5889
A1BG	0.217016742186295	0.0271328832278611	0.0552093085385458	1.2127
SYBU	1.36407438630673	0.027165368069112	0.055269247684131	0.7279
LINC01431	-0.583296456327674	0.027184826193267	0.0552965110845997	1.4925
SGMS1-AS1	0.1451271374127	0.0272354900184854	0.0553872235465601	1.0874
HIST3H3	-1.12806098385617	0.0274441987822209	0.055780593739504	2.038
INTS4P2	-1.12806098385617	0.0274441987822209	0.055780593739504	2.038
TPST1	3.62824851133106	0.0274544469085393	0.0557952112615266	0.3713
LOC102724404	-1.32074308422094	0.0275063179289596	0.0558881847647285	2.3335
EIF3J-AS1	3.076649375943	0.0275668637272496	0.0560049704211739	0.4486
FAM19A2	-0.957586510300728	0.0275961519799485	0.0560582341766929	1.8532
ZNF490	2.20533011249818	0.0276516334805756	0.0561584404073187	0.5633
NUFIP2	7.5313181668626	0.0276877056888167	0.0562254455011165	0.2313
LOC101927181	0.989162258916027	0.0276932813646508	0.0562305132458085	0.932
C3orf80	-1.32066353479179	0.0277202508159279	0.0562790145568928	2.334
HADHB	6.46955264006564	0.0277817755464275	0.0563788455286328	0.2382
PCNXL2	4.03391431272188	0.0278187862158202	0.0564476782434159	0.3221
RPL7A	11.0523587192052	0.0278627031858661	0.0565146876877927	0.2658
COX6B1	7.17469541830152	0.0278983119056009	0.0565776029936292	0.2305
TBC1D1	5.8080698991585	0.0279363030001566	0.0566358952906522	0.2422
NRSN2-AS1	1.81027310161401	0.027936362680342	0.0566358952906522	0.6423
TBC1D3H	-0.0696326846585195	0.028020733906836	0.0567880237792182	2.2598
ABLIM1	6.61260115760745	0.0280679477720952	0.0568647713380723	0.2356
ZXDC	4.46596925139181	0.02821623079595	0.0571271497627662	0.2988
PSMB4	7.68605736948398	0.0282332587153558	0.0571552862172917	0.2634
FLJ42969	-1.32062313641997	0.0282838191770094	0.0572512920385279	2.3315
WDR27	4.15095545197278	0.028356936173602	0.0573785113169697	0.3135
PRSS16	3.23038482457572	0.0283895643509192	0.0574271342704022	0.408
DISC1	-1.1276248889169	0.0284544371659623	0.057545608164596	2.0381
RBM18	4.90619588678889	0.0284731483848305	0.0575770709917442	0.2847
PSMD6-AS2	1.50689403166372	0.0285146186695965	0.0576481592948121	0.7345
NAP1L1	9.16361175801726	0.02858945629304	0.057767472505339	0.2548
ANKRD37	-0.465355434872666	0.0286369992074241	0.0578571334142025	1.4442
ARMC4	-0.465044632942995	0.0286421157832159	0.0578610673606716	1.4405
FAM171A1	3.2175850107473	0.0286615331139438	0.057893886759035	0.3997
UBOX5	2.54331908851546	0.0286841604916263	0.0579267736653904	0.6662
PRKAR2A-AS1	0.57240468748357	0.0287233819633784	0.0579995643317593	0.9422
C17orf75	4.10098547372296	0.0287507827256665	0.058047121456103	0.3253
RMDN2	2.25870904292655	0.0287532931270563	0.058047121456103	0.5269
TYRO3	3.25094540467187	0.0287629886602293	0.058060274323435	0.3952
URB1-AS1	2.10717539852309	0.0287975654680373	0.0581236434698164	0.5726
ATP2A1	0.535492155590804	0.0288371454374163	0.0581970956340341	0.9732
TPGS1	2.72384590838267	0.028841365121593	0.0581991778114074	0.5277
INHBE	-1.32038445736437	0.028908761327284	0.0583211472527221	2.3333
HSD17B3	-1.32038445736437	0.028908761327284	0.0583211472527221	2.3333
MIR614	2.73139635128284	0.0289295493819943	0.0583448799732312	0.472
MEGF8	5.05279625957635	0.0290139475517207	0.0585039282333112	0.3063
PKD1	4.25815551010656	0.0290148206739921	0.0585039282333112	0.3037
YTHDF3-AS1	0.3952369671497	0.0290479186439124	0.0585641968816416	1.1409
MMP25-AS1	1.37358819091286	0.029098878960678	0.0586539841344968	0.7495
RAB14	7.53170287368278	0.0291196366041312	0.0586893448713865	0.2371
LOC613038	-0.0397866052038126	0.0291835483646224	0.0587921936597382	1.1982
GNG3	-0.390672129487772	0.029201480992521	0.0588218290852326	1.3402
SNX4	5.56793460115849	0.029216268589372	0.0588451234959814	0.2388
PLCL2	2.25479749262146	0.0292432243594905	0.0588864222266555	0.5882
AKAP8L	5.07366467942603	0.0293360718227571	0.0590538457598692	0.2745
TCF25	6.85543000250022	0.0293480506376978	0.0590714456936947	0.2975
BIN1	5.77419698929002	0.0295465556291773	0.0594578835500728	0.2419
ACSF3	4.28301151063457	0.0295836039428148	0.0595213767664108	0.294
PKN3	4.11613588820283	0.0295846282196764	0.0595213767664108	0.3242
SEC24C	6.19659642589316	0.0296396505111021	0.0596255052044826	0.2374
NUAK1	2.39102699418338	0.0296719304785621	0.0596838654491659	0.5021
TTC3P1	1.08110988089388	0.0296866061060425	0.059700229243436	0.8475
LOC105372476	-0.712848231754332	0.0297103788085184	0.0597348761595057	1.5564
PDZD2	-0.712848231754332	0.0297103788085184	0.0597348761595057	1.5564
CRBN	4.55189076334522	0.0297465809328731	0.059794492568876	0.3015
ENPEP	3.19365496612314	0.0298307359218031	0.0599372567673825	0.4038
LINC01277	-1.32042361757543	0.0298469707539475	0.0599566789265038	2.3293
SFI1	3.31296729330284	0.0298551708583719	0.0599665528870543	0.3779
LOC100147773	1.2533145855308	0.0300183688207868	0.0602810847203041	0.7943
C3orf18	0.57324420978524	0.0300353973043434	0.0603086464131206	0.9405
GPR143	-0.542839243528757	0.0300714721754915	0.0603681191700481	1.5686
BFSP1	1.78579685698909	0.0300716299152288	0.0603681191700481	0.6778
SYAP1	6.85611585910471	0.0301492920790364	0.0605173695651334	0.2405
LOC286437	2.1764908181243	0.0301608402792962	0.060533894034612	0.5597
EIF3F	6.35328375335481	0.0301805242330797	0.0605667418268774	0.2364
DNHD1	3.57756664945894	0.0302245254934736	0.0606483773806171	0.3591
LINC01144	-0.668561264950382	0.0302388736742188	0.0606704998127859	1.6403
PLXDC1	-0.806336157052373	0.0302445292378967	0.0606751786557189	1.7329
SCAI	4.75239081943816	0.0303881218596007	0.0609498519741674	0.2917
CBX4	4.3891418786329	0.0304463543140287	0.0610465287596824	0.3842
SMARCD2	6.07948721690572	0.0304610244683715	0.0610692359647035	0.2295
TTF1	5.11678689485146	0.0305199150965234	0.0611805830682037	0.2529
SLC22A18	1.81345173862142	0.0305351761043036	0.0612044548704618	0.7732
ARIH1	6.06679231744048	0.0305436864088651	0.0612147918630192	0.2303
PADI1	3.08727408073816	0.03072933931553	0.0615733529298996	0.4827
TFR2	2.08738849412878	0.03135277165738	0.0627605481773168	0.5677
RAPGEF2	5.61924637281789	0.0313696815237376	0.0627866454739577	0.2518
REXO2	6.02556077625246	0.031394011778482	0.0628224354957762	0.2506
ZDHHC12	4.75608288968648	0.0314482679703324	0.0629241100467327	0.2684
AGBL2	-0.390478549292569	0.0314956594527122	0.063012028380133	1.3389
SNHG7	3.72076025916343	0.031590087261052	0.063180174522104	0.3511
NECAP2	5.18493758800673	0.0316640454407456	0.0633142183533683	0.2435
LOC101928605	-0.25431847235933	0.0316961587233401	0.0633645503343515	1.5845
FUT1	1.33213028154907	0.0317265486678825	0.0634114158617104	0.7198
FAM131C	0.607856162379741	0.0317953079768487	0.0635418875123536	1.1883
ZNF709	1.42667078695789	0.0318220662048614	0.0635814425561946	0.6933
APBB3	1.45743969267428	0.0319236272838446	0.0637480336561945	0.7021
ITPR1	2.66592628844709	0.0319263952518945	0.0637480336561945	0.5015
FAM45A	4.23095617586194	0.0319648955433439	0.0638179279351801	0.3091
MLF2	7.50878751078748	0.0320170020694883	0.0639079805139492	0.2349
EHMT1	6.47198815626217	0.0320662947983355	0.0639923784257119	0.2272
LCOR	5.94872050725496	0.0321237933059516	0.0641001170175377	0.2734
LINC01465	-0.253200819314393	0.0321813882144333	0.0642080243981086	1.36
CACNB4	-1.12814015079452	0.0323235784681035	0.0644705832528894	2.0372
B3GALT5	2.81020542012489	0.0323583740618806	0.0645258849670881	0.45
RPL35A	10.8380361193926	0.0325615257354008	0.0649026328011221	0.3173
LOC400997	-1.12794162097172	0.0325798517519426	0.0649320713519066	2.0348
ZNF425	2.16483975116871	0.0326306637053967	0.0650245710728308	0.5603
SOAT1	6.63603982489245	0.0326354545071647	0.0650245710728308	0.2235
C9orf72	3.14000316899895	0.0326369492079508	0.0650245710728308	0.4286
POC1B	4.66945997923672	0.0327154241682174	0.0651738087750957	0.3446
CABLES2	3.38468265520366	0.0327961594365342	0.0653275162764178	0.386
RCN1	7.95213072792729	0.0329463257451643	0.065612318403373	0.2458
KBTBD4	2.80698883192209	0.0330347795114687	0.0657741231062682	0.423
GJA9-MYCBP	-1.54281255262813	0.0332254962653723	0.0661177959255108	2.9028
CFAP99	-1.54281255262813	0.0332254962653723	0.0661177959255108	2.9028
ITGAX	-1.54261202926881	0.033283011006403	0.0662250298564461	2.8986
FAAH2	1.92401191341758	0.0333040869249787	0.0662597439954676	0.6043
RARS2	4.88038371792621	0.0333408489241079	0.0663256552204984	0.268
CTSS	4.93237788411771	0.033362844889504	0.0663432001612776	0.2759
LOC101927509	1.2061154125391	0.0333698647138767	0.0663432001612776	0.768
LZTR1	4.04353405145337	0.0333730328301324	0.0663432001612776	0.306
CAPN10-AS1	1.67947702188256	0.0333751068295998	0.0663432001612776	0.6313
LOC100270804	0.82575449784112	0.0335085411849408	0.0665939394592074	0.8853
BROX	5.99493900538252	0.0335336187792207	0.0666365238307885	0.2267
EIF4A2	7.99255585693574	0.0335850067459667	0.0667313760507584	0.2341
ISCU	5.94091201823915	0.03360532128604	0.0667644733265804	0.2392
MAGEF1	6.07781218920245	0.0336284933097722	0.0668032398110121	0.2419
KLF3	6.57077557377632	0.0336896702275275	0.0669174866362466	0.2322
PROCA1	1.43744228736983	0.0338169967218897	0.0671411736981858	0.7129
COQ7	3.83618090695717	0.0338636301141425	0.0672264496915818	0.3208
FAT1	8.23350129119626	0.0339338319232612	0.067351167165803	0.2247
GABRB3	3.96638781447032	0.0339496337975292	0.0673752054144683	0.3119
PIH1D1	5.10192782748633	0.0339954716368325	0.067444178461423	0.2462
SLC22A20	0.811040907759584	0.0340179592636421	0.0674814586892371	0.8552
TMEM187	3.28297952052574	0.0340327841366715	0.0675035318556144	0.3911
TIGD4	0.477652519648621	0.0340429453669779	0.0675163509635577	0.9698
ERN1	2.44330431000267	0.0340622289159301	0.0675472573418662	0.5012
TPCN2	3.37665401353842	0.0341240882692379	0.0676552297397053	0.399
TM4SF4	0.762894549233795	0.0342243692297989	0.06781722399427	0.849
LRRC73	-1.12754569586874	0.0342718909495357	0.0678713828381876	2.0389
LOC414300	-1.90550981881026	0.0343084343007419	0.0678713828381876	4.6493
LRP3	-1.90550981881026	0.0343084343007419	0.0678713828381876	4.6493
LOC100509620	-1.90550981881026	0.0343084343007419	0.0678713828381876	4.6493
LINC01494	-1.90550981881026	0.0343084343007419	0.0678713828381876	4.6493
LOC105379419	-1.90550981881026	0.0343084343007419	0.0678713828381876	4.6493
LOC100133050	-1.90550981881026	0.0343084343007419	0.0678713828381876	4.6493
LINC01010	-1.90550981881026	0.0343084343007419	0.0678713828381876	4.6493
FAM131B	-1.90550981881026	0.0343084343007419	0.0678713828381876	4.6493
TLE4	-1.90550981881026	0.0343084343007419	0.0678713828381876	4.6493
SPTLC1	6.88775590674349	0.0343888525292113	0.0679808220653256	0.229
BOLA1	3.09189944692952	0.0344291847671071	0.0680511828904485	0.4163
CSNK1E	2.92824327287421	0.0344319005455233	0.0680511828904485	0.5
RAB18	7.02550363076737	0.0344514993917518	0.0680825474015827	0.2252
SLC25A34	-1.32030488949397	0.0347088319404086	0.068553979866288	2.3349
TRAK1	5.49502831509122	0.0347518210494773	0.0686240394893734	0.2426
ZNF564	2.76650578370479	0.0347879226996683	0.0686878992867341	0.4832
EXOC3	5.50136847200167	0.0348003891621256	0.0687050832209111	0.2313
DNAAF3	2.50145519571307	0.0349166351901952	0.0689271293287418	0.5089
VPS51	5.74745195626114	0.0349601108878262	0.0689573036426723	0.2541
LINC01481	0.457154791110291	0.0349888231916911	0.0689875749203492	0.9352
LOC101927417	-1.90559027622319	0.0350796745381729	0.0691293759033769	4.6485
MYT1L	-1.90559027622319	0.0350796745381729	0.0691293759033769	4.6485
AMBP	-1.90559027622319	0.0350796745381729	0.0691293759033769	4.6485
TTC28	-0.220728779309641	0.0352419991746008	0.0694171574656362	1.2303
CYCSP52	-1.90542935711361	0.0352599310461681	0.0694171574656362	4.65
PARD3B	-1.90542935711361	0.0352599310461681	0.0694171574656362	4.65
KLHDC7B	-1.90542935711361	0.0352599310461681	0.0694171574656362	4.65
MIR6840	-1.90542935711361	0.0352599310461681	0.0694171574656362	4.65
SH2D3C	-1.90542935711361	0.0352599310461681	0.0694171574656362	4.65
KDF1	3.29431677682542	0.0352930632145791	0.0694748934704934	0.3877
NDUFB5	6.42572060992636	0.0355698380949562	0.0699819985194008	0.3001
ALKBH6	3.46614857730939	0.0355873560214473	0.0700089193456403	0.3708
LIX1L	0.0683590093301553	0.0356015175725131	0.0700292322814134	1.0906
HDHD2	4.53466983218913	0.0356847200145036	0.0701777710422037	0.2928
MORF4L2-AS1	0.916058222543232	0.035696912340851	0.0701849619048997	0.8221
PHIP	6.92045859184046	0.0358208103718184	0.070415065591463	0.2188
WDR88	0.310151715280779	0.0358547090991819	0.070474113836635	1.0004
BCAS3	4.66217477097343	0.0358741761739445	0.0705030238152626	0.2646
C6orf141	4.27153507239096	0.0358771412819779	0.0705030238152626	0.3116
PPP2R3B	-1.80624381445159	0.035902262813511	0.0705447971072496	4.8532
LOC105377133	-1.46467913829723	0.0362551932694565	0.0711922994866298	3.0596
WIPF3	-1.46467913829723	0.0362551932694565	0.0711922994866298	3.0596
ABCG5	-1.01236122381509	0.0363040612116497	0.0712805916842199	1.7561
NIPBL	7.21714386414735	0.0363631037731563	0.0713888399271686	0.2453
PIKFYVE	5.81314667632459	0.0364617704904292	0.071551766319819	0.2474
RICTOR	6.34658579903594	0.0365245565305445	0.0716595705557894	0.2249
CTAGE15	0.825469274112772	0.0366242347787868	0.0718396937919342	0.8841
AK4	6.80775926563539	0.0367193903493086	0.0720031353616517	0.2856
ABCA12	5.88843402772638	0.0367378738282553	0.0720161735862373	0.2261
HOXA13	0.145203106857906	0.0367727162814812	0.0720767348544902	1.0831
RELL2	1.95285249249719	0.0367998988351419	0.0721165305289297	0.5991
KLHDC2	5.39519972966978	0.0370731395183915	0.0725954344146471	0.242
Sep-01	-0.285994336442153	0.0370981589825033	0.0726313760631055	1.3116
HDAC11	2.61408791197281	0.037202080395263	0.0728166805720942	0.448
LOC102723390	0.712705593891159	0.0372098978380174	0.0728227915387512	0.9332
BMS1P6	2.10810326500024	0.0372713999705874	0.0729210886146227	0.5685
ZNF746	3.815978013281	0.037388066325165	0.0731415065186682	0.3353
MLYCD	3.54771967280239	0.037417766636323	0.0731917655322739	0.3676
BTBD19	1.72945903833953	0.0376739063297376	0.0736533341139097	0.6124
ANKRD23	1.2984262600032	0.0377575883535912	0.0737853278723145	0.7157
NPB	-1.01228229327051	0.0377979893157993	0.0738563730010951	1.7565
B3GNT9	1.2059413700894	0.0380399540967509	0.0743053072961999	0.8279
OTUD7B	5.73820168626412	0.0380469598022602	0.0743110407777962	0.2637
FIBCD1	3.69257723965408	0.0380868313160939	0.074380957692192	0.3323
LOC101929718	-0.0981758379395767	0.0381132363695561	0.0744245633931561	1.4559
CARD8	3.54358640555121	0.0381781286460928	0.0745433065842856	0.3589
GPRC5A	6.98115504948559	0.0383442024430966	0.0748115592391975	0.2443
EVI2A	1.2867803105857	0.0383930218857191	0.0748988039694045	0.7433
AZIN2	-0.287225931323552	0.0384254467117314	0.0749540501302883	1.3157
DESI1	5.52263437672067	0.0384509529981045	0.0749948354661522	0.2417
ZNF276	3.83159794989969	0.0384586793182579	0.0749948354661522	0.3226
TMEM63C	1.17076134800406	0.038484555322487	0.075037278860122	0.7564
CCNB3	-1.01263804315222	0.0384928612759189	0.0750454587199034	1.7569
PCDHGA9	0.120026015183784	0.0385138193204178	0.0750783006421299	1.0428
ZBTB40	4.82676243574489	0.0385587128835322	0.0751417444920755	0.2632
ZNF44	3.24764436880174	0.0385637141065464	0.0751434693915157	0.3654
LRRC7	1.58069078771506	0.03856969278384	0.0751470983417058	0.6632
POF1B	3.59045655969963	0.0386165047903523	0.0752302754724865	0.3625
SPRY1	4.2605533147774	0.0386317546690763	0.0752519540374154	0.2805
CXCR4	-1.90567072935281	0.0386643167153593	0.0752993136287177	4.6467
ZNF785	2.36406298849836	0.0387251651839639	0.0753992818928459	0.4785
C22orf46	5.03557201265823	0.0387906955935209	0.0755051645970058	0.3385
CMTM4	7.19765819959449	0.0388575991554585	0.0755950905991103	0.2379
UBL3	3.89961052228991	0.038980175436921	0.0758093195671065	0.3167
TNNT1	6.03688049155171	0.0390787257598179	0.0759928863944648	0.3687
ST20	2.06126312673699	0.0391188089491983	0.0760627304480312	0.6042
PARS2	4.0258393257267	0.0391935423680465	0.0761836999010922	0.327
RNH1	2.45156574336101	0.0392438247804484	0.0762570798501189	1.3109
TCHHL1	-1.90534889113279	0.0392563707600697	0.0762571083843192	4.652
CFAP58	-1.90534889113279	0.0392563707600697	0.0762571083843192	4.652
MIR4668	-1.90534889113279	0.0392563707600697	0.0762571083843192	4.652
NDUFV2	6.38516162776292	0.0393402253603042	0.0764118687283449	0.2349
LOC101928403	0.872018584561534	0.039722563754673	0.0770695169748651	0.892
SRSF11	8.56959271863192	0.0397848472593043	0.0771769388551546	0.2341
ZNF529	3.91748882247426	0.0399235756416531	0.0774131489021795	0.3121
ANKRD19P	0.241313471937911	0.0401086656670786	0.0777390169251711	1.0038
SIRT4	0.417302898698762	0.0402300506636493	0.0779494592353621	0.9655
LOC102724965	0.554728908088307	0.0403077127226761	0.0780833619975779	0.9093
ZNF776	4.7796829289907	0.0404185904567708	0.0782566324508228	0.2743
TIRAP	2.51650494724852	0.0405217413147238	0.0784480285728099	0.4709
WDSUB1	3.69094439842478	0.040528535644205	0.0784528625512253	0.3267
FLJ37201	0.809968362655248	0.0408702679535045	0.079080031634182	0.8581
ZMYND15	-0.0119128194231988	0.0408741881299376	0.079080031634182	1.0964
GABPA	5.34696986914421	0.04092741193608	0.0791746139986305	0.2563
ANKRD54	3.39344087757372	0.0410093809773309	0.079316374522953	0.366
LGI4	0.973172480215489	0.0410783201726445	0.0794412937576057	0.931
LOC100506100	3.3125530605991	0.0411793503564767	0.0796029457971029	0.356
UBE2A	6.01624813265645	0.0412576636580697	0.0797374452404955	0.2185
CDC37L1-AS1	-0.667700234032621	0.0412964732212667	0.0798040028715408	1.63
NFIA	4.48651133861219	0.0414118819529132	0.0799846928620803	0.2786
LOC102659288	-0.15912069911402	0.0414582515575737	0.0800491346055319	1.3503
SRGAP3	2.09550501504178	0.0415071885210707	0.0801009760719521	0.5471
XIST	7.97871624443655	0.0415691678204692	0.080212105245797	0.2424
CC2D1A	5.45708378741394	0.0415789686542629	0.0802225377036804	0.2509
PPP2R4	6.77423266602754	0.0415948263174955	0.0802446527794778	0.2851
LINC00578	-0.427169864947504	0.041638729132566	0.0803208621137073	1.2769
CMTR2	5.60436606766395	0.041729483902558	0.080469555454932	0.2647
PRNCR1	-0.0130150079284947	0.0419234082965039	0.0807931744812599	1.2473
WDR90	4.04240704585014	0.0421369067179869	0.0811703460001656	0.318
GRK6	5.13334376082859	0.0421731272296032	0.0812229782364844	0.2421
ZMYM6	3.8215046305935	0.0422472492461444	0.0813399896896871	0.3342
LOC105376114	1.50656176592136	0.0423712939907951	0.0815667778914997	0.7734
TAT	-1.18927481166444	0.0425316820425346	0.0818444595096987	1.926
NAP1L4	3.4546361089075	0.0425928573526819	0.0819449050300939	1.3619
C7orf25	4.33431561700684	0.0427845752385011	0.0822790693725983	0.3108
CIC	4.63270401701327	0.0428129070528762	0.0823162118122495	0.2939
PTP4A1	7.2492319900016	0.0429435112798549	0.082541244675198	0.2155
SMPX	0.169539127884625	0.0430033758892445	0.0826389084456892	1.0011
LOC101928100	0.374831697272874	0.0432053762032307	0.0829921451984617	1.0072
LINC01560	0.931454047511035	0.0433697746927941	0.0832904067737902	0.7774
MPPE1	2.70701805471059	0.0434087120697299	0.0833564160665814	0.5249
C11orf45	1.86486883620361	0.0434226922415946	0.0833744919607226	0.6065
LINC00461	-0.625595397750721	0.0434345176410592	0.0833884271800586	1.419
RND2	-0.253276764357293	0.0434738110554043	0.0834550888146646	1.1783
SDHC	6.68589218841894	0.0435038480740116	0.0834951903321232	0.2987
CAPN10	3.80376294437052	0.0436372070090412	0.0837423369238995	0.324
CBX3	9.2554586523019	0.0437509095778702	0.0839340694886085	0.2331
CNGB1	-1.01232116532138	0.0437692272474661	0.0839515667818598	1.7528
RAB3IL1	2.49194279997086	0.0438700286033089	0.0841272313216395	0.4695
CDH23	-0.758820168367696	0.0438892997824554	0.0841530314075559	1.4763
LHX2	-1.39090440386803	0.0438927018548832	0.0841530314075559	2.198
LMO2	-1.62548610012795	0.0439790508894008	0.0842920265655539	2.733
EML2	3.76327154229577	0.0439918718465329	0.0843077485230217	0.3967
GBP4	-1.62528527632026	0.044009723784598	0.0843154074311702	2.7316
SNORD98	-1.62528527632026	0.044009723784598	0.0843154074311702	2.7316
LINC00189	-1.62528527632026	0.044009723784598	0.0843154074311702	2.7316
STOML1	1.81122376541251	0.044094685285823	0.0844338760832792	0.5739
ENTPD3-AS1	0.841911419890597	0.0442944695439269	0.0847986405194976	0.829
FADS3	3.23373051799762	0.0443037823703859	0.0848075758575826	0.389
LOC101928891	0.645143637518059	0.0443091693084229	0.0848089950612883	0.892
PIAS1	5.10931403901842	0.0443236706646541	0.0848278573911233	0.2618
TPT1-AS1	1.40480149080318	0.0443320750882612	0.0848350485127145	0.7096
FSD2	0.534909104236838	0.0443889050151223	0.0849348967567417	0.8784
TBC1D7	3.03886524199853	0.0443994390232554	0.0849461495292969	0.4261
MIR27B	-1.18955296441878	0.0444113894794066	0.0849601096443515	1.9272
NACA	9.81651270671175	0.0444191107017098	0.0849659770505464	0.2427
TMEM218	4.22303612334616	0.0444424461969144	0.0850017074668277	0.3868
HERC2P3	0.437188087251676	0.0445044013880806	0.0851112876326	0.8999
NME4	5.36739562077588	0.0445319972996148	0.0851546815394996	0.3157
LOC105369669	0.932371570358985	0.0445364208665174	0.0851546815394996	0.8396
FAM184B	1.93122505213315	0.0447963290709721	0.0855978421100761	0.5556
FXYD1	-0.503492215166212	0.0448362368894981	0.0856561679211676	1.3813
SMUG1	5.07458612151811	0.0449092076319527	0.085763098635645	0.2586
LOC101928592	1.26390387759574	0.0450812715202031	0.0860612457254865	0.707
C1orf195	-1.62556616406099	0.0451217983099509	0.0861115983636278	2.7326
LINC00933	-1.62556616406099	0.0451217983099509	0.0861115983636278	2.7326
NUTM2F	-1.62556616406099	0.0451217983099509	0.0861115983636278	2.7326
OMA1	5.41982713546012	0.0451478188087579	0.0861432462555064	0.2304
SYNPO2L	-1.62536535078323	0.0451554550054986	0.0861488124757428	2.7309
PTAR1	6.85462559696133	0.0451716765490955	0.0861707551808034	0.2097
MTMR6	4.7391495415371	0.0453466963285623	0.0864865532986035	0.2601
ZNF8	2.37410344070581	0.0454007072501719	0.0865805193313631	0.4737
DEPDC4	1.76314976875611	0.0454242698696603	0.0866164059683014	0.5918
LINC00113	-1.39082471505986	0.0454393417979686	0.0866282142448322	2.1985
EFR3A	8.53404160086795	0.0454620260151891	0.0866471603149637	0.2106
MIR200A	-1.62540603199494	0.0454783682152707	0.0866471603149637	2.7339
LOC102723886	-1.62540603199494	0.0454783682152707	0.0866471603149637	2.7339
CALML3-AS1	-1.62540603199494	0.0454783682152707	0.0866471603149637	2.7339
LOC101927435	-1.62540603199494	0.0454783682152707	0.0866471603149637	2.7339
IER3	-1.62540603199494	0.0454783682152707	0.0866471603149637	2.7339
NHS-AS1	-1.39070454609825	0.0455589059006967	0.0867915460840153	2.1966
LOC101059948	-1.12746649880604	0.0457746570628897	0.0871298237243368	2.0404
ENTPD1-AS1	-1.18963225307199	0.0458430184089426	0.0872417537864751	1.9269
NAAA	1.63694120983149	0.0461317554093613	0.0877455018496875	0.6338
PIGP	3.43798691366691	0.0462276327429311	0.0879187064647307	0.3592
GUK1	7.14431732798521	0.0462610849690401	0.0879731632494579	0.2284
TMEM203	5.00231246989057	0.04651302952363	0.0884271464215568	0.2851
MVB12A	4.56680642454509	0.0465191889917085	0.0884271464215568	0.2521
WDR34	5.88203976444027	0.0466844779893577	0.0887043953136672	0.2138
PLAC9	-1.39118391012432	0.0466953962852585	0.0887159074392423	2.1991
XPNPEP3	5.17418608724765	0.0467031178258146	0.0887213443317452	0.2417
MTMR10	1.06804566715914	0.046763358922518	0.0888080599697792	0.7639
TRPM2-AS	0.51560341768099	0.0467963604431653	0.0888614891044752	0.9468
CACNA1I	-0.75850582220477	0.0468508731991678	0.0889464997009159	1.4734
GOLGA2P10	1.15874365897276	0.0468764623325543	0.088985826800781	0.9159
WWC2-AS2	-1.39078424111283	0.0469104462671019	0.0890318231679189	2.1957
FAM46D	-1.39078424111283	0.0469104462671019	0.0890318231679189	2.1957
ZNF500	2.52918397085507	0.0470081760272432	0.0891987591262189	0.5015
PLEKHB1	3.11028934595774	0.0470476554767001	0.0892571892079052	0.3709
CIDEB	-0.54303117911448	0.0470487473569058	0.0892571892079052	1.3073
CCDC158	-1.39102455727385	0.0472385750131302	0.0895893855640665	2.2004
RIF1	7.60769046909607	0.0472773614225071	0.0896536314666344	0.2115
RPL35	11.0568433159982	0.0474110288753105	0.0898604384497165	0.2462
TNFSF13B	-1.39062484696366	0.0474589003691482	0.0899205293961501	2.1968
UBE2Q2P1	0.840876818980736	0.0474624354328058	0.0899205293961501	0.8381
PRR29	-1.54253206849812	0.047511619494277	0.0899856961808819	2.9008
CNNM1	1.25263672392135	0.047804896744319	0.0904942134969191	0.688
C8G	-1.1891955048127	0.0478270290624694	0.0905256592085023	1.9274
NADK2	5.04527209808561	0.0478314257627746	0.0905256592085023	0.2327
FEM1B	5.22909204845388	0.0479613556429542	0.0907621549308357	0.2224
GALNS	3.96424896896263	0.0479741222225124	0.090776904570293	0.2964
SECISBP2	5.48551461030223	0.0479831071971564	0.0907844963199592	0.2212
KAZALD1	1.63522290851958	0.0479918903549658	0.0907917046963995	0.6399
SCAP	4.83886215414469	0.0480014185895059	0.0908003209791752	0.2518
OVGP1	1.89449823128197	0.0480699236477336	0.0909204855069441	0.555
PRSS30P	-1.18899660925395	0.0481220609592929	0.091000242891325	1.9252
TRK-CTT3-1	-1.18899660925395	0.0481220609592929	0.091000242891325	1.9252
CEPT1	5.03113967215369	0.0485062366320338	0.0916982350579279	0.2393
FAM193A	4.821277497778	0.0487069102626245	0.0920490014238584	0.2484
ZNF609	5.67457152761211	0.0487649379418467	0.0921491260807736	0.2661
PCDHGA11	1.72058601324714	0.0487720020361393	0.0921529361593624	0.6783
GUSBP2	-0.286495473501475	0.0488624821681026	0.0923047883341144	1.3202
FLYWCH2	2.93543037428284	0.0489275824995258	0.0924182044605631	0.4197
RNF141	5.48080642241132	0.049002426195289	0.0925404254289021	0.2204
PPAP2B	4.94965993433852	0.0490190377767435	0.092552648014503	0.2497
ZNF550	4.35931443845553	0.0491000027432954	0.0926959307219856	0.2831
ARMCX1	2.91732001146595	0.0492176280438424	0.0928987817998747	0.3972
CNFN	0.959092074600804	0.0492662149980107	0.0929712653508045	0.7622
RELA	5.90268734981151	0.0494088027165432	0.0932307082576965	0.2541
TSKU	3.53199224620174	0.0495501146022521	0.0934876903863904	0.3266
TCP11L1	2.69437862300849	0.0496447824384627	0.0936566237673427	0.4536
OR7E14P	1.30954192976546	0.0497118729833317	0.0937638137394053	0.739
ARC	-1.62544542104563	0.049758275045292	0.0938319460000878	2.7288
AHI1	3.7687994634406	0.0497972769013528	0.0938860980182895	0.3805
FHL1	0.287625912677731	0.0498836637932399	0.0940198395838723	0.9588
G6PD	6.85794101715636	0.0499043191124749	0.0940393527784209	0.2128
RNF114	6.28232927556365	0.0499336369015964	0.0940751780470117	0.2115
ZNF879	1.84253786171885	0.0500320151767111	0.0942507965190422	0.5589
NBPF12	3.15776164210148	0.0500815129763832	0.0943154456472141	0.3739
PGBD4	1.88047911217932	0.0502347360392769	0.0945838841927638	0.5589
UBE2Q1	6.00673057059849	0.050290867095655	0.0946798050632441	0.2115
OR1J2	0.331967057574962	0.0503301793237698	0.0947440455490556	0.9253
AQP1	-0.62481485656016	0.0504713064096063	0.094990120599358	1.4181
LOC100506476	-0.426859421391145	0.050499180901969	0.095032784923858	1.2728
MIR30C2	-1.39074502213228	0.050624724551693	0.0952395889752378	2.1997
LCA5L	1.18187984480619	0.0508197781822394	0.0955671477642112	0.7213
SLC38A4	-0.668794295718746	0.0509904351563158	0.0958683196924512	1.6267
SRPK3	-0.355112536486637	0.0510382786355713	0.0959483899465545	1.1907
TRIM13	3.5389757826514	0.0511025923795556	0.096059403467995	0.3325
IP6K1	4.84497976001895	0.0514376652376198	0.0966196127768276	0.2327
C19orf12	3.19834101941037	0.0514628725673343	0.096657016624409	0.3591
CORO2B	-1.90575117819956	0.0515588193692275	0.0968173016256549	4.6414
CASC21	-0.625477955666875	0.051654792930411	0.096987544969411	1.4159
ESCO1	5.15098336051793	0.0517230615088699	0.0970957543347998	0.2637
LOC101929340	-0.189621170788476	0.0518235451634144	0.097274382120429	1.1122
LOC101926911	-0.855453806009565	0.0518741528187167	0.0973593640236961	1.6465
COG6	4.68960067970632	0.0519747841443404	0.0975281796010975	0.2442
FAM168A	5.94313031734094	0.0520916780627845	0.0977374794156417	0.2104
ALDH9A1	6.14523018839111	0.0521362793450329	0.0978111104432146	0.2313
SERPINB4	-0.355538056804155	0.0521691410376031	0.0978526496231874	1.195
TNFRSF11B	-0.355538056804155	0.0521691410376031	0.0978526496231874	1.195
ZNF469	-1.3908639320078	0.0522118220549308	0.0979226446922967	2.1934
ATM	5.91790215408691	0.0522895520939329	0.0980482809189441	0.2107
TNFRSF25	4.47525446877162	0.052511446606476	0.098444133215016	0.2544
HAGHL	1.9532571323036	0.052646793126478	0.0986776032152958	0.5324
ESRRA	5.37390965107723	0.0528111008715773	0.0989652491799953	0.2595
GALK1	3.69071660973927	0.0531964907923053	0.0996363122914051	0.31
BSG	8.18915747778773	0.0532930211480613	0.099806872597354	0.2015
RAB6B	2.21749379022418	0.0533353940566735	0.0998759825519163	0.4808
ENDOD1	5.64585835691944	0.0533462122927894	0.0998859950376577	0.2139
C9orf173	-1.39094487467119	0.0534131899045107	0.100001148076787	2.2029
TDRD3	3.43968106440756	0.0534384161130477	0.100038117776846	0.3897
LOC100130899	1.37564113290538	0.053453872976791	0.100056793300963	0.6901
FLJ21408	-1.18939437499836	0.05373569539884	0.100522477221152	1.9313
RHOBTB3	7.88299808275863	0.0538211769319802	0.100672070294081	0.2
C8orf82	3.2962897254796	0.0538295833743573	0.100677479160154	0.3739
PEX11B	3.93067701163563	0.054005428542089	0.100996015515712	0.2908
NCOA2	5.94789187735631	0.0544297853291175	0.101751681268609	0.2222
TEX14	-0.668558416673062	0.0546230430279483	0.10206737702336	1.3428
ZFYVE19	3.8445521356148	0.0550975350332911	0.102890814194738	0.3185
DCAF7	7.43047312768803	0.0551843438105653	0.103002680021646	0.1995
CHMP2A	6.67948952552175	0.0551856492819739	0.103002680021646	0.2486
TBC1D10A	2.58427683762634	0.0552165680125189	0.103042105072666	0.4814
ZNF350	3.13920212644926	0.0552511947227007	0.103085074715655	0.3541
LOC100128653	1.37544103037982	0.0555776666902516	0.103660184215083	0.6497
PDCL	5.36659151339152	0.0556503966554766	0.103774631393502	0.2202
PPP6R2	4.91642683481347	0.0557055020849885	0.103847456682377	0.2294
SCARNA27	-0.464887976246804	0.0560655815897036	0.104484815996491	1.2114
LOC105378559	-0.46477126696043	0.0561692578738318	0.10466666882071	1.2101
SUMO2	7.41241716242836	0.0561877235976125	0.104680383916524	0.2013
LOC101927780	2.35821795226601	0.0562042748730273	0.104700534906325	0.4662
NIFK-AS1	2.88221546429455	0.0564220389689887	0.1050847524401	0.4027
ARR3	0.696434525713446	0.0564421242820262	0.105111437406169	0.9033
LOC285500	-1.18959199868321	0.056513058342892	0.105232802234581	1.9232
LOC729218	2.86815041467089	0.0565481820742443	0.105276729751928	0.3752
NDUFA13	6.85046383131214	0.0567054756105334	0.105558801136525	0.2079
SMG7-AS1	0.535494075064821	0.0568253907286977	0.10576045806332	0.8817
RFX3-AS1	-0.503451829764134	0.0568769074332612	0.105845547614844	1.3688
HOXA2	1.94556351834734	0.0569673148612645	0.106002986454719	0.6058
FAM186A	-0.905619429209082	0.0573119605037028	0.106589970553749	1.5527
HIATL2	2.28698402740218	0.0573226502249761	0.106598991800669	0.4559
MRPS21	7.19034137862455	0.0573925550145365	0.106707249653262	0.2568
NR2F6	6.47540162364433	0.0575134783003246	0.106910300361544	0.2051
ENOSF1	4.6885638662874	0.0575349529671566	0.106939330214662	0.2604
RHOF	3.28174118364863	0.057564322167586	0.106983026111315	0.3602
ALKBH3	2.8295707519328	0.0576552298209387	0.107116060482528	0.3848
PATL2	0.435634137970802	0.0576563848420047	0.107116060482528	1.1281
HIST1H2AG	0.57185894191189	0.057659373705182	0.107116060482528	0.857
NPEPPS	8.17944101641288	0.0579044907911092	0.107549535444347	0.1992
PCDHGB7	1.09441191189519	0.0580209506301062	0.107732961218798	0.7405
SIMC1	3.87367987837313	0.0580320970795367	0.107742699510223	0.3271
IPO5P1	3.49220302546511	0.0582683557710298	0.108137349085689	0.3879
UCK1	4.67169494026231	0.0583522115945465	0.108259956795736	0.2391
VN1R1	0.945468107177293	0.0584062737430141	0.108349246362409	0.7335
LOC105274304	1.24131255812808	0.058413173590922	0.108351036077613	0.6647
LOC101929057	-0.543421317164241	0.0584226773838048	0.108357655015619	1.5561
RTN4	7.37974330686817	0.059023910312879	0.109394975296642	0.1989
OCRL	6.21122747917534	0.0591755637277685	0.10966491639571	0.213
WNK2	2.20548291048412	0.0593293644751852	0.109938781755885	0.4825
CRAMP1L	4.55996794767751	0.0594889143677517	0.110212058118295	0.2398
PCDHGB2	0.730337340768608	0.0596339346741349	0.110469519169052	0.7883
LOC105377774	1.26482581308717	0.0597430472639779	0.110649190509403	0.6556
PIBF1	2.9875662024856	0.059889782426133	0.110909704602504	0.3648
PTPRF	8.38028912841174	0.0604157811810098	0.11183842032453	0.1998
TMEM8A	5.11562673701536	0.0605475094702759	0.112070904683094	0.2412
GLIDR	2.91995271837368	0.0605860255962157	0.112130827583588	0.3951
SEC14L5	-1.06883730245405	0.0606879887350803	0.112308152290687	1.6519
NPIPB6	-0.542409164280038	0.0608779485686548	0.112625438697746	1.5399
PPARG	4.33646187647996	0.0609878002674434	0.112817233932764	0.2848
TRIP12	7.95378547331396	0.0611915140211854	0.113148210267473	0.2032
NADSYN1	4.52566005342196	0.0612108329063872	0.113172469671765	0.2508
ZNF428	1.79802242124714	0.0612473367118463	0.113228494077111	0.7459
PRDM4	5.33984993778154	0.0617554679313835	0.114144762838447	0.2177
JMJD7	1.09479563959528	0.0618280984834229	0.114255872650407	0.6867
F8	1.30825332048315	0.0618425438980803	0.11427100014204	0.7823
ZHX1-C8orf76	-0.127355463129656	0.0619086542227111	0.114381579950391	1.0498
CNOT11	6.39356732817189	0.0620114718376949	0.114559950401635	0.2065
GANC	3.41282109668954	0.0621430555762138	0.114791421896121	0.3422
TAOK3	6.05279483046687	0.0622847167119483	0.115018186151459	0.2409
LOC105378775	-0.805901411362115	0.0623321760811441	0.115094184943599	1.3893
UPK2	-1.06887623241436	0.0623668159684075	0.115146500032286	1.6486
LOC101927314	-1.62572627932888	0.0626191748364849	0.115567254018046	2.7299
ATP6V0E1	6.56631298544487	0.062620030496632	0.115567254018046	0.1968
DUXAP8	2.59355618090078	0.0629338824285541	0.116076071692835	0.4789
AASDH	4.33948916779099	0.063040357578241	0.116249994246533	0.2479
TMEM87B	5.93587418690081	0.0630409149343051	0.116249994246533	0.2121
FPGS	5.4036854524671	0.0631366994038588	0.116391354571024	0.2175
TMPRSS5	-0.805979839889005	0.0633687650168051	0.116771996986655	1.3889
GCNT4	-0.427211873901382	0.063383854161401	0.116788013884794	1.5229
IL15RA	2.48358086204244	0.0634165164027294	0.11682461386965	0.4472
PLEKHA3	4.24289133458676	0.0635676269050408	0.117079358028493	0.2669
PPAP2C	4.99919041462994	0.0635944317114851	0.117116911663964	0.2396
SYTL3	2.17575610044708	0.0636487521945112	0.117193305099647	0.5036
SPON1	-0.668245064273756	0.0636966379027043	0.117257822078428	1.3389
ALDH2	4.22375409072488	0.0638464085779919	0.117497987399175	0.2725
OR10AD1	-0.159080243388368	0.0638840486355069	0.117543558948782	1.1717
GSS	6.17197149149367	0.0640013954004222	0.117735739059866	0.2113
CFAP126	3.35751085765081	0.0641082944177298	0.117920506084642	0.3552
SLC25A42	1.62776552064781	0.0642872111444944	0.118213872547733	0.579
RPS27	10.7275818274727	0.0643050475393572	0.118234761595176	0.3103
PP2D1	0.0156183937199165	0.0643717471610514	0.118345479977055	0.995
SLC2A6	1.38481232189644	0.0643801769004908	0.118349059459809	0.6216
MTR	6.35818231655487	0.0644388560080856	0.118445001538825	0.2064
GALNT4	0.573754780430518	0.0644706788036524	0.118467711347708	0.9425
AOX2P	-0.713592458750468	0.0644848299621144	0.118481789028619	1.5656
USP8	6.31308041616832	0.0645537151147361	0.118596419757937	0.2308
LOC102724467	-0.806176465804221	0.0646952692490557	0.118837249093361	1.39
TUBB4A	-0.253507958161792	0.0646978209212817	0.118837249093361	1.185
ZNF688	2.25993340153004	0.0649081169071225	0.119187545992399	0.4739
MYL12B	7.82759226254421	0.0649328965579579	0.119221055975267	0.2103
DCTN6	5.03928867015307	0.0649395527956244	0.119221286789714	0.2211
PLD5	0.626962245002071	0.0649699635195907	0.11925313231587	0.7752
SLC4A2	6.98022713867101	0.0651290777816361	0.119533170200216	0.195
ZNF778	4.01752628303053	0.0651390391926207	0.119539435012111	0.2682
CFP	-1.62504502772371	0.0651497853031346	0.119547138455526	2.7348
LINC00441	-1.25353555079657	0.0652775805989089	0.119745529683851	1.8023
ZNF229	4.41225362921844	0.06529548930681	0.119766347109929	0.2445
NME3	3.83593462567687	0.0654658356675795	0.120054675635091	0.3165
NR1D2	6.01229965708536	0.0655047123904427	0.120109377613241	0.2163
LINC01358	-1.25333635920914	0.065508823011341	0.120109377613241	1.8012
LIPE-AS1	-0.0692399335571066	0.0655471496954695	0.120155514091826	1.0002
GPR37L1	-1.2534561237775	0.0655862098574528	0.120215044895347	1.8028
CCDC115	4.43393949831792	0.0656504797226024	0.120320766771994	0.2449
SPATA33	3.19749735356295	0.0657663236354609	0.120508883297097	0.3631
AGAP9	2.35938671109377	0.0659018564140347	0.120743339088645	0.4432
PFN4	0.456604026947044	0.0659075029589368	0.120743339088645	0.8414
RAB3GAP1	6.96337183594577	0.0660034556976176	0.120894861765396	0.1931
TMEM68	4.35031130626457	0.0662420677300025	0.121319742022364	0.2756
ZNF763	0.395649304911791	0.0663180629102538	0.12143455932694	0.8304
LOC105379177	-1.18919428342734	0.0664416288285468	0.121646483389707	1.9135
LOC643770	0.417302144648464	0.0666385044600806	0.121960154127642	0.9708
ERF	4.771466649021	0.0666721696969334	0.121997942998808	0.377
FTX	1.58216522046321	0.0668882181673323	0.122355842771825	0.5797
RPSAP58	4.50061324185847	0.0669507357184529	0.122404819892481	0.2744
HERC1	5.42320769986893	0.0669508814723096	0.122404819892481	0.2054
LPXN	3.5019287951229	0.0669996093379116	0.122404819892481	0.3585
LINC01140	-2.01247682001012	0.0670466293326284	0.122407642151916	4.3973
LOC102724329	-2.01247682001012	0.0670466293326284	0.122407642151916	4.3973
MIR200C	-2.01247682001012	0.0670466293326284	0.122407642151916	4.3973
HERC2P7	-2.01247682001012	0.0670466293326284	0.122407642151916	4.3973
RUFY4	-2.01247682001012	0.0670466293326284	0.122407642151916	4.3973
UNC13A	-0.905425037251884	0.0670668830761357	0.122407642151916	1.9707
JMJD1C	6.1669862473529	0.0670813225843982	0.122407642151916	0.2283
LRRK2	-2.01239623052614	0.0671458614534487	0.122407642151916	4.398
TRHDE	-2.01239623052614	0.0671458614534487	0.122407642151916	4.398
MAG	-2.01239623052614	0.0671458614534487	0.122407642151916	4.398
KIF5C	-2.01239623052614	0.0671458614534487	0.122407642151916	4.398
MPP4	-2.01239623052614	0.0671458614534487	0.122407642151916	4.398
RANBP3L	-2.01239623052614	0.0671458614534487	0.122407642151916	4.398
LOC105378994	-2.01239623052614	0.0671458614534487	0.122407642151916	4.398
FGD2	-2.01239623052614	0.0671458614534487	0.122407642151916	4.398
TAAR2	-2.01239623052614	0.0671458614534487	0.122407642151916	4.398
GNG11	-2.01239623052614	0.0671458614534487	0.122407642151916	4.398
LOC100133669	-2.01239623052614	0.0671458614534487	0.122407642151916	4.398
FAM24B	2.13348370065461	0.0671512125411611	0.122407642151916	0.48
IL11RA	-0.157281908976636	0.0671779472333511	0.122444149829479	1.1591
LINC01137	1.55404093278952	0.0672434231265698	0.122477894103428	0.5707
GLTP	5.29813697620443	0.0674384231421267	0.122796314869606	0.2195
TIGD6	2.44158180436593	0.0677623153506692	0.123361470785981	0.4224
COL4A3	-0.464927230045986	0.0680469020217279	0.123867209423538	1.2146
CEACAM19	1.38565111342988	0.0681697011416458	0.124028908116592	0.6235
NARS	8.1460214599164	0.0684674826408726	0.124545871172954	0.2108
DHFRL1	3.36599114833935	0.0687655516870485	0.125033197429685	0.3211
LACC1	2.59982520822475	0.0687662232509085	0.125033197429685	0.3857
SPDYE6	0.90275057147307	0.0687728694636633	0.125033197429685	0.7237
FAM218A	-0.465198807950955	0.0690604580550769	0.125499474641995	1.2159
NUP62CL	3.90433139271366	0.0692042273589144	0.125723193816732	0.2875
PEX1	5.23848661858178	0.0693089974749594	0.125888474569979	0.2118
FBXL18	5.11079875361514	0.0695264593270196	0.126157940709082	0.2605
MIR210HG	1.51642873653564	0.0696646982356696	0.126371098071382	0.587
WWTR1-AS1	-0.806294658308006	0.069762772994314	0.12647229447946	1.3922
TMEM88B	-2.01255740518247	0.0697897619733829	0.12647229447946	4.3962
ADD3-AS1	-2.01255740518247	0.0697897619733829	0.12647229447946	4.3962
SLC2A14	-2.01255740518247	0.0697897619733829	0.12647229447946	4.3962
TRAV39	-2.01255740518247	0.0697897619733829	0.12647229447946	4.3962
FTCD	-2.01255740518247	0.0697897619733829	0.12647229447946	4.3962
THOC7-AS1	-2.01255740518247	0.0697897619733829	0.12647229447946	4.3962
ZDHHC11B	-2.01255740518247	0.0697897619733829	0.12647229447946	4.3962
SLC25A20	2.6844152889905	0.0698513661875515	0.126571368845652	0.3912
OTUB1	6.36663528574368	0.069968877587382	0.126755970084451	0.201
CEBPA-AS1	-1.25337669269306	0.0699740724425446	0.126755970084451	1.8038
OTX1	2.78283585707748	0.0700182420103347	0.126823397771671	0.3649
SLC25A36	6.89635228237062	0.0701318397824328	0.12700395467395	0.193
SSSCA1-AS1	0.287068280381748	0.0701554778287328	0.127031083443228	0.8514
MIR4489	-2.01231563673007	0.0702410841296316	0.127113524174321	4.3993
ZNF705E	-2.01231563673007	0.0702410841296316	0.127113524174321	4.3993
LBP	-2.01231563673007	0.0702410841296316	0.127113524174321	4.3993
LOC101929372	-2.01231563673007	0.0702410841296316	0.127113524174321	4.3993
TTLL6	-1.25317748072487	0.0702943028654477	0.127197224017406	1.802
LOC100506083	1.53512725343008	0.0703672350998231	0.127291344033132	0.6143
WDR45B	6.8072328050782	0.0707627517117443	0.127930758095623	0.2123
BEND4	-0.355537030239018	0.0707965917359764	0.127979263167837	1.189
SUPT20H	5.83575238871861	0.0708082881472776	0.127987733506604	0.2172
HPS5	4.33604415522837	0.0708663506721744	0.128080001769252	0.2563
TMEM231	2.80661138855006	0.0710590268294679	0.128402810432423	0.3735
FAM83H	2.05235864317979	0.071172873977694	0.128590352787726	0.7101
ZNF487	1.00087616161061	0.0712035896328601	0.128617962292408	0.7644
STARD7-AS1	1.31005490905635	0.071250579428474	0.128672527257515	0.6345
PEX16	3.07159005882344	0.0713021621212417	0.128752944776003	0.3383
DUSP23	3.32293824670343	0.0713592773598512	0.128843335721634	0.3339
PEX19	5.83803941945297	0.0714674995616685	0.129025976265607	0.2171
DGAT1	2.7794675873596	0.0716082457649166	0.129254512031275	0.3718
TOMM20	7.58969471030994	0.0716802917547817	0.129371765326277	0.2196
BRI3	5.98070376300651	0.0717607408546468	0.129504160245397	0.2127
LOC105377866	-0.220691945719186	0.0718556516630366	0.129649809918995	1.2432
DPH3P1	-0.221149849187953	0.0719377376151093	0.129772266591051	1.0575
TPK1	1.33280840886752	0.071949058226576	0.129779864339924	0.6711
C11orf31	5.97129414514549	0.0720089047603918	0.129874981753182	0.1957
ASB8	4.60113352770418	0.0720589088950867	0.129944934329243	0.2332
ZBTB5	4.64719204264621	0.0720619256764493	0.129944934329243	0.2367
APAF1	5.03207859729961	0.0721043037772895	0.130008510593402	0.263
SMG1P1	1.60950232042463	0.0722218397159186	0.130207575138634	0.5464
RINL	-0.286145290980019	0.0725418822688113	0.130745838947519	1.1131
TAF1A-AS1	1.75631444515357	0.0725947226945234	0.130815246028153	0.6553
CCDC27	-1.46495620843674	0.0727762908889856	0.131090672567274	2.0497
C1orf229	-1.46495620843674	0.0727762908889856	0.131090672567274	2.0497
KIF5A	-1.46487639422288	0.0730318399866106	0.131499089732278	2.0501
SNORA60	-1.46487639422288	0.0730318399866106	0.131499089732278	2.0501
GRIA4	1.13147115081589	0.0731835981684184	0.131746353235642	0.7534
ATP2B4	6.44131122797617	0.0733415423997221	0.131991640186251	0.1892
CEP78	5.64059434831887	0.0733616596308478	0.132014830775826	0.196
MAP1LC3B2	0.534947226662908	0.0735022484576166	0.13224175104388	0.7901
EXOC1	5.81175077693495	0.0735913831098674	0.132376026214774	0.1918
KIAA0825	0.644637538747943	0.074148460918566	0.133273043470448	0.811
KCNG2	-0.465391858235177	0.0743295057451734	0.133567701927115	1.2113
MRPL33	7.3288227668673	0.0744792605432413	0.133814917870034	0.2073
DYNLRB1	6.48774188015146	0.0746526832431443	0.134086913152975	0.1964
ZSCAN18	5.32011146152441	0.0747224855681107	0.134199084754691	0.201
CCDC108	-1.46515635953874	0.0748540980601131	0.134409010935913	2.0512
METTL25	2.24730123902345	0.0750298541701005	0.134698103818404	0.4547
TSPAN1	5.66898549104335	0.0750778499305089	0.134757765050769	0.1946
LINC00592	-0.391366229523283	0.0750898986177062	0.134761260602686	1.1308
LINC00869	0.76354035031031	0.0750945609175681	0.134761260602686	0.8544
LOC102723809	-1.4650765557163	0.0751768371579064	0.134895649612221	2.0518
EDEM2	3.78142823868851	0.0752210658909493	0.134961747312548	0.3096
C12orf49	5.81728879012619	0.0753759856058609	0.135226414428125	0.1962
SH3BP4	5.636676062596	0.07540569143564	0.135266414743937	0.1924
PALM2	-1.46467620667668	0.0754493469113321	0.13533142829763	2.0486
RNF169	4.98495317112109	0.075558235979407	0.135513425291291	0.2353
LOC642361	0.661955554710568	0.0756419723849551	0.135650279750466	0.83
C16orf72	5.97878797415556	0.0757153761197627	0.135768579357861	0.2108
ADGRA2	-0.583294708146456	0.0757319952054113	0.135785042670398	1.2345
KCTD15	3.98111797933781	0.0759324713673154	0.136085326226652	0.2701
COG4	6.43342517247652	0.0759367450849533	0.136085326226652	0.2026
ZNF707	-1.18947245051843	0.0762140929546079	0.136515353314298	1.9151
LOC105372412	-1.46503601850487	0.0763729681186786	0.136773092601	2.0489
LOC105375433	-1.46503601850487	0.0763729681186786	0.136773092601	2.0489
CLEC11A	0.84191227572868	0.0764182055345606	0.136840682711029	0.767
LYPLA2	6.00707288482529	0.0764611492048746	0.136904152597508	0.2948
GPATCH2	4.82560888670509	0.0766666273853102	0.137231684434378	0.2173
NBL1	-0.90506747881737	0.0766957094622954	0.137270281563104	1.5511
ZNF284	1.34232468181709	0.0767246342067384	0.137308589557712	0.5953
TIGD2	4.15743682048728	0.0768048740119369	0.137425245512292	0.2881
SLC46A2	-0.958216410834082	0.0768349772680946	0.137465635535705	1.4531
ZNHIT1	6.05395036721502	0.0769658512822223	0.137686289172783	0.285
TMEM191B	0.0158044682861959	0.0770342624506578	0.137781668981994	1.1497
PRPF40B	2.43622283215566	0.0772725038002438	0.138167172319026	0.4117
MIR3911	-1.46479657586288	0.0773001221791864	0.138203019342202	2.0509
LOC100129434	-1.71300061114451	0.0773213566720261	0.138213912406199	2.5464
GGT2	-1.71300061114451	0.0773213566720261	0.138213912406199	2.5464
LOC105369311	-1.71292041645783	0.0775326173646986	0.13852372896946	2.547
SYT5	-1.71292041645783	0.0775326173646986	0.13852372896946	2.547
GLOD5	-1.71271925968989	0.077576308440063	0.138588226527233	2.5454
EIF1B	4.24934328380345	0.0776121766424336	0.138638737454429	0.2701
HIST1H2BN	-0.221148863039697	0.0776302199807281	0.138657401033967	1.0524
URAHP	0.264259983937609	0.0777042958009414	0.138776132277635	0.9318
RPL13	10.711214273021	0.077783866400826	0.138850324143295	0.2055
NUMA1	6.72897346843338	0.0778657191887417	0.138958305777381	0.2035
RHBDF2	5.09664053996898	0.0778666399111185	0.138958305777381	0.2043
NAPSB	-1.25369439264017	0.077867192599836	0.138958305777381	1.801
CEMP1	1.59891271632527	0.077984855982052	0.139154679973448	0.6205
NDUFB11	5.1695151856268	0.0782051301085621	0.139534094533025	0.2089
IARS	8.3719725361211	0.0785111625813415	0.140025379453397	0.1906
BCDIN3D-AS1	-0.464537823499001	0.078627555729206	0.140205573099471	1.2031
C1orf53	2.04792723065009	0.0787091794236415	0.140337413766774	0.4706
CCNL1	6.7435350775062	0.0787282415016887	0.140350070110032	0.1869
ACY1	-0.668792558238605	0.0789193660591502	0.140657224131197	1.3403
CERS5	3.70753665260429	0.0791539464837279	0.14104777423201	0.2867
LRBA	7.12640220623583	0.0792443903986992	0.141181379049346	0.1879
LSM14A	2.15529726258101	0.0793083716917717	0.141279812775458	0.6066
LINC00176	-0.906012729819737	0.0793191129567134	0.141279812775458	1.5505
RGPD5	1.16952460150771	0.0793228571948097	0.141279812775458	0.652
DLG4	-0.390593135157142	0.0793539498528716	0.141321403620527	1.1306
ABHD12	5.33268608320884	0.0794887869871256	0.141547726808132	0.1992
VPS37B	5.7958907530418	0.0795244020995639	0.141597335875318	0.1913
PTPN14	6.36372035409756	0.0796480295558941	0.141802670490135	0.1858
OAZ1	8.82237101677372	0.0796552577714909	0.141802670490135	0.1917
ARNT2	-0.320180291829223	0.0796844379321733	0.14181313110643	1.0562
PCDHGB6	-0.320180291829223	0.0796844379321733	0.14181313110643	1.0562
CEP44	4.87711849415673	0.0797333836233951	0.141886407196481	0.258
ZSCAN16-AS1	0.477399582006164	0.0799162806027461	0.142156447304271	0.7764
PCAT7	-1.46499674774874	0.0799990203521176	0.142289761842192	2.0535
TCTA	3.53570865943841	0.0800237894358702	0.14231995128507	0.3017
KCNIP2	0.0145570604032683	0.0800453464328002	0.142344422801208	0.9985
CNTD1	0.217884028496283	0.0803393378420925	0.142742087751362	0.8421
RPS18P9	0.478243723238741	0.0804354541101145	0.142829457274025	0.8662
ENTHD2	3.06927957741871	0.0805196430504706	0.14296504605421	0.3433
CECR6	-1.25329725754289	0.0805496338020286	0.143004387308162	1.806
LOC642423	-0.22095684396024	0.0805612025748513	0.14301101849538	1.0506
RNF135	3.15846580971748	0.0806319176712534	0.143122633836305	0.3257
GPR158	2.21120898403812	0.0806704389229417	0.143176650725145	0.4751
IL18BP	3.26259462593441	0.0806780349479388	0.143176650725145	0.3422
HIPK1	6.17292906918381	0.0807075371972273	0.143215085446402	0.1871
DCUN1D1	5.97433921667906	0.0807344599525346	0.143248935843471	0.1991
HIST2H2AB	-1.71308080160395	0.080851459299925	0.1434147144364	2.5458
CELF4	-1.71308080160395	0.080851459299925	0.1434147144364	2.5458
HMGCLL1	-1.71308080160395	0.080851459299925	0.1434147144364	2.5458
AGAP7P	-1.71287966603488	0.0809070265266012	0.143485396956444	2.5435
SCARA5	-1.71287966603488	0.0809070265266012	0.143485396956444	2.5435
LAMTOR5-AS1	0.437411013554493	0.0811362774958526	0.143850041950499	0.803
LOC102546298	-2.01263798604361	0.081161325341736	0.143880477319745	4.3922
KIF9-AS1	0.218071373916102	0.0812788362358007	0.144074806711407	0.8412
PHF8	5.80726651903018	0.0813447451342236	0.144177637589358	0.1865
SOCS6	5.09418416266776	0.0815382183297281	0.144492497944818	0.205
TMIE	-1.71284021754347	0.0816082577527138	0.144602577262306	2.5485
PRKCG	-1.7126390501745	0.0816685535653377	0.144667292246148	2.546
CDHR4	-1.7126390501745	0.0816685535653377	0.144667292246148	2.546
PCAT2	-1.7126390501745	0.0816685535653377	0.144667292246148	2.546
BHMT2	2.65829724905739	0.0819976549018239	0.145236168418327	0.3601
FAM25G	-2.01223503862149	0.0823021221719129	0.145690637289871	4.4036
LOC100996379	-2.01223503862149	0.0823021221719129	0.145690637289871	4.4036
PCDHGB8P	-0.957861235878531	0.0826026167841495	0.146165878841856	1.4534
RDX	7.78464455259738	0.0826619012294926	0.146256606788682	0.1991
GLUD1P3	0.573720577202617	0.0827309423649932	0.146364578332718	0.8512
SPA17	4.55983819973154	0.0830601906105334	0.14686167939815	0.2285
PAOX	-1.39122311791457	0.0831037166632439	0.146910182183033	2.1896
RPLP0P2	-1.06923255069179	0.0833850984944993	0.147336271594617	1.6469
PPP1R9A	5.25033696065217	0.0835397705721298	0.147538168865706	0.1941
CEL	0.0151259397672443	0.0836201200834704	0.147631875574402	0.9925
INTS3	2.68871741754981	0.0836265304423211	0.147631875574402	1.0441
R3HCC1L	4.31118577140455	0.0837257577731452	0.147755206470685	0.2416
LOC729603	0.644676696420112	0.083727410765734	0.147755206470685	0.7224
COX15	5.90206931394326	0.0839832262430072	0.14816368170587	0.2061
FAM198B	-0.0696977826127652	0.0841234648988639	0.148353745671721	1.1508
APOLD1	3.43509495502106	0.0841999156949608	0.148474225917821	0.3818
SNTB2	5.8616750017012	0.0842130161462274	0.14848298462097	0.2136
RAB11FIP3	0.946665379688959	0.0843582120303905	0.148710266398881	0.805
NPRL3	4.12741500392641	0.0844036963379651	0.148776081910388	0.2595
RAB3D	5.12644600250053	0.0846444641651164	0.149171670798182	0.2012
E2F5	2.95959662611318	0.0846754178829783	0.149211817458654	0.3302
SLC48A1	3.13895394868899	0.084923749516528	0.14962053379403	0.3182
SLC6A6	6.11407500714792	0.0849841990837614	0.14969814149683	0.1973
LHX4-AS1	1.77124694768715	0.0851600607546807	0.149964509418101	0.5021
UQCRBP1	2.28953916416417	0.0852005553222919	0.150021348183233	0.6054
ZEB1-AS1	2.92514915686294	0.0852506290156063	0.150095041306675	0.4007
ADAM22	3.07375319552581	0.0855932351454849	0.150669183378264	0.3342
TSSC1	5.28633836992281	0.0860704033618501	0.151436129893402	0.1955
CEP57	6.22797575682601	0.0861042319957005	0.151471472466154	0.1886
MMADHC	6.56505263458851	0.0861070848627161	0.151471472466154	0.2021
SPIRE2	3.43775777783544	0.0862026448620447	0.151610354971242	0.301
HIST1H3B	-0.35561410590079	0.0862536288076811	0.15168541060717	1.1872
KLHL32	-1.46511582442765	0.0863117698429275	0.151758419556244	2.0471
LSM4	6.94563963039296	0.0863974127971305	0.151894372883707	0.1779
CLU	1.97454260035034	0.0865180699182841	0.152091852135599	0.4813
LOC103091866	0.855658257107687	0.0865276306404017	0.152094013573192	0.8023
MANEA-AS1	-0.321028948561041	0.0868389187176128	0.152582415794874	1.0609
ZC3H7B	6.62741601306238	0.0868560360361518	0.1525844494446	0.2224
AIF1L	6.16764917612887	0.086856792212329	0.1525844494446	0.1974
RAD17	2.33748855009095	0.0872111614537946	0.15314803419589	0.4059
LOC101928120	-0.253120494383272	0.0872655524993116	0.153199702798402	0.995
PP13	0.373091678405984	0.0872657597173848	0.153199702798402	1.017
COL18A1-AS1	-1.12793992991933	0.0874744593217701	0.153521796710078	1.5375
ZNF175	2.5920544892173	0.0875949834426146	0.153703769485618	0.3841
DNAJC24	3.52783966207683	0.0878826309945969	0.154178869059904	0.3002
ASH1L-AS1	2.28986629327685	0.0881480625134398	0.15461481833641	0.517
ONECUT1	-1.46471675335633	0.0885480930491182	0.155256817778016	2.0529
KIAA0895L	3.37139978648637	0.0887530493020496	0.155526556734327	0.3004
ATXN7L3	5.86969252747242	0.0887748546469168	0.1555498364943	0.1837
SLC38A1	8.2029840046093	0.0888063908704466	0.155590160434825	0.1802
LINC01273	-0.4273227737475	0.0889277796000033	0.155787884500303	1.0628
FALEC	-0.958058826527388	0.0889874854468789	0.155862566853902	1.4561
MPLKIP	5.3665290731608	0.0890168256715725	0.155898999372623	0.2809
FCHSD2	4.05522558083889	0.0891154847696073	0.156041846341258	0.2533
SYDE1	0.094897421616899	0.0891746594723426	0.156122775867434	0.8663
WDR17	3.16018964546526	0.0891788073370726	0.156122775867434	0.3212
LRRN4	2.53538013780453	0.0895662933147136	0.156725989720446	0.3853
WHAMM	3.39242343408886	0.0897613387229515	0.157007090133774	0.3037
WBP5	6.43400072073434	0.089922844007496	0.157274520042235	0.179
ZNF213	2.00624874679678	0.0902510862826555	0.157803259379002	0.5845
GDPD3	1.46714235366809	0.0904208531393572	0.158084954502213	0.5424
CRYZL1	3.87621764318056	0.0905137385744748	0.158232194907173	0.2542
CMAS	6.2475101656771	0.0906676602710108	0.158486097846378	0.1813
SPOCK1	4.98379111098729	0.0907552219222004	0.158623966626299	0.2015
ZRANB1	5.08418633604143	0.0910275206675195	0.159023771991027	0.2121
NUDT17	0.218520916956246	0.0911230831667275	0.159175486201491	0.839
PLD3	4.44510425068404	0.0911461335437167	0.159200517984509	0.2234
CCDC71	3.24747557625294	0.0912082539324776	0.159293780138842	0.3076
LAMC1	8.10795855382678	0.0912246178551755	0.159307119147129	0.1772
LOC100128494	-0.0980162152374657	0.0912963498136166	0.159408698684752	0.9484
NAGLU	3.58419440410617	0.0913002494219857	0.159408698684752	0.276
LOC101929431	-0.957465980439462	0.0915453532780261	0.159790799258404	1.4492
NBPF15	4.84150732207061	0.091713499845283	0.160053690199358	0.2189
POTEE	-1.18927359032931	0.0917409651980406	0.160071017935146	1.9054
SSBP4	4.52263611770122	0.0917827686850821	0.160113351659327	0.2568
CCDC87	-0.253273977342581	0.0918868319467774	0.160279572331394	0.9939
UBE4B	5.50062218030308	0.0919554609291116	0.160383631055113	0.2079
C18orf32	-0.320064301276792	0.092209390064361	0.160765411614457	1.0529
TAS2R3	-0.854979728322867	0.0922262425458622	0.160779438876744	1.2989
DCTD	5.99223312492136	0.0922713843725071	0.160842776005394	0.1808
LINC01359	-1.71316098783654	0.0923436923660769	0.160938085712181	2.5444
TM6SF2	-1.71316098783654	0.0923436923660769	0.160938085712181	2.5444
C10orf91	-0.905894167459812	0.092539725955234	0.161264341068991	1.5451
ETHE1	3.4288738649943	0.092616568010871	0.161366811848706	0.2884
SLC25A24	6.89297861558644	0.0926398720548978	0.16137724277044	0.1766
NODAL	-1.39102330144052	0.0928261740644375	0.16165550259662	2.1795
HOOK2	5.2095314627098	0.0929953688607704	0.161919261222911	0.1902
UEVLD	4.73845306625593	0.0930940177028978	0.162044659342496	0.2066
LOC100133315	1.48719076992074	0.0935265847524357	0.1627355443424	0.5338
DUSP18	1.74651668748601	0.0939890312298877	0.16346229914574	0.497
LOC101929771	-0.958057650378092	0.0940523188637696	0.163556785404551	1.4472
GRIK5	-0.806215102314282	0.0943465728764217	0.163959165581338	1.385
LOC101927830	-1.712760014401	0.0943764914043324	0.163995547979963	2.5526
CDS2	5.47216935361731	0.0944587504097571	0.164118620900794	0.2029
NUTM2A	0.145168823774823	0.094465297350216	0.164118620900794	0.8334
TGFBR3L	1.62679591593572	0.0944994515996272	0.164127328953963	0.5045
SMPDL3A	2.12125771523142	0.0945028420786717	0.164127328953963	0.4554
ANO7P1	-1.71255883642996	0.0945062709226586	0.164127328953963	2.5475
ERVW-1	-1.71255883642996	0.0945062709226586	0.164127328953963	2.5475
TMED4	5.61138610039147	0.094561711446105	0.164207990503195	0.2079
CSNK1D	7.29775286953513	0.094671661879916	0.164352021612756	0.1845
RHBDD2	4.67315838899069	0.0946995047791937	0.164384725610817	0.2255
SERINC4	0.68007963449488	0.0951632246385836	0.165095488834171	0.7016
RAB30-AS1	3.77543012091799	0.0952022187946998	0.165147444537822	0.2956
SLC38A6	3.17757015267601	0.0952648455020551	0.165224683591632	0.3341
KLRG1	-0.0400866887374587	0.0953326590843039	0.16532659107467	0.8982
DSTN	8.82922147199676	0.0953696183040473	0.165359269803276	0.1933
SOWAHD	-0.855136812900647	0.0954202750821299	0.165431390493767	1.2982
MLXIP	6.29813779921006	0.0957731617966315	0.165964389345924	0.1937
NRXN2	-1.01196653147212	0.0959350974305674	0.166213451522486	1.7649
C9orf43	0.515937789422189	0.0959663549619483	0.166251829207186	0.7572
ARL17B	-1.62580633066454	0.0961849084249694	0.166567225214024	2.7267
SPNS3	-1.12770238660939	0.0965253133837358	0.16710916274381	1.5393
CYP27A1	-1.12770238660939	0.0965253133837358	0.16710916274381	1.5393
TRNP	8.56809169342714	0.096714766558092	0.167405402321468	0.1931
LOC104968399	-0.854742918202617	0.0968819603475305	0.167663007688361	1.2955
NAPEPLD	-0.713160313095404	0.0968937055440738	0.167667439659963	1.2679
LMBR1L	3.74982858009876	0.0972176811520656	0.168164296675394	0.352
MTRF1	3.74443875022778	0.0973462377501305	0.168338819396266	0.2568
PRIMPOL	3.61128438612634	0.0973671029686159	0.168358953570283	0.2959
CETP	-1.12825780787048	0.0975921456156487	0.168732096823495	1.5419
LOC101929626	0.308403434135399	0.0976304451309161	0.168766348481205	1.0034
GALNT2	7.55514447442247	0.097755991238127	0.168951375181601	0.1829
PCBD1	6.02561253509787	0.0978300153587415	0.169058249119257	0.1863
ANKRD36BP1	5.01843604182342	0.097836349799789	0.169058249119257	0.1977
CST3	5.69272608648015	0.0978579281504251	0.169079532113776	0.1932
THUMPD1	6.14874487776977	0.0978832873166442	0.169107342978391	0.1783
COX2	13.986119009382	0.0979046884131448	0.169128311096742	0.3083
IDH1-AS1	0.902468634412205	0.0979989994689818	0.169275213767218	0.6596
PRAF2	-0.427012358999049	0.098131976586901	0.169472837439264	1.0596
NAA60	4.77304156656021	0.0983081400185965	0.169761010611	0.2356
AIMP1	6.63610200373268	0.0983602559442706	0.169834941125376	0.1833
LRRC45	4.07925197899755	0.0986556463324363	0.170296660310605	0.2404
PCDHGB3	0.0684354028531678	0.0987761324965171	0.170472402614522	0.9632
PCGF3	5.97332391622932	0.0987990428409525	0.170495824378904	0.1763
HHAT	1.78713752657078	0.0991816124246638	0.171139840871896	0.495
RAB3GAP2	6.1564537436875	0.0992678859680321	0.17127251925455	0.1859
SLC13A4	0.375207815107759	0.0993478734404749	0.171394327870848	0.7877
C11orf1	5.79556562730595	0.0994385551004543	0.171518354300254	0.2076
ZNF136	3.02215743299908	0.0994633956266127	0.171544992967354	0.314
C1QTNF6	5.10733400861136	0.0995080410304998	0.171605780942075	0.2191
TESK1	3.04283380044964	0.0995266600980626	0.171621678166641	0.311
DPY30	6.42958300776816	0.0996247341108235	0.171758347901331	0.2022
NUTM2D	-0.805587658653198	0.0997618205002643	0.171962212732775	1.3935
ARF5	6.10278267054593	0.099804933116712	0.172020285024423	0.1858
PPP4R1L	2.57740588476203	0.0998700737053809	0.172116309408613	0.3793
VPS54	5.52004651173009	0.0999044253671744	0.172143009863439	0.2011
TMA7	7.11532704051496	0.100063244250905	0.17238142723054	0.1877
LOXL1	-0.427360916922143	0.100071119949017	0.17238142723054	1.0598
COX6C	7.46755000949192	0.100269095176004	0.172657291221762	0.2056
LOC105371130	-1.12833696485204	0.100317026231042	0.172723533987919	1.5416
EDA	0.795304976879996	0.10051111446966	0.173025073621699	0.6756
ZNF771	0.842128531120369	0.100760210894234	0.173437526879609	0.6937
AXDND1	-1.12750380116733	0.100922337122847	0.173700215566578	1.5371
ZNF385C	1.86490877365882	0.100977135773938	0.173778147689387	0.4724
LOC150776	3.87689768164437	0.101119440222291	0.173990245117639	0.2587
CCDC39	1.20677406822497	0.101198116792681	0.174109209326847	0.6044
KCNIP4	1.81138803802866	0.101542287339147	0.174651968877282	0.4718
CROCC	2.95119128594421	0.101676013076891	0.174849029270133	0.3354
ZNF486	4.37738172042571	0.101870756849277	0.175150926449464	0.23
LOC105373988	-1.32062146179271	0.101947261012308	0.175265956967765	1.6682
VRK3	4.2800228642147	0.102050366084152	0.175410176370612	0.2564
SMG1P5	1.60986263188533	0.102229494885207	0.175656732302571	0.5056
LOC102724877	-1.32042194270842	0.102232295175001	0.175656732302571	1.6671
LOC100134368	-1.25301858597379	0.10235196557676	0.175829254123396	1.8047
RPLP1	10.1568252548787	0.102543675225875	0.176125443120102	0.34
SZT2	5.36033742159719	0.102761241466644	0.176432730576041	0.206
RCOR3	4.94302018196538	0.103026829904802	0.17686382062091	0.1962
FBXO7	5.47624306752912	0.103031700936864	0.17686382062091	0.183
TNFAIP8L1	4.22512875376135	0.103057648983568	0.176891729959008	0.2372
SCOC	6.54267667609124	0.103177653652619	0.177031132056598	0.2052
CDNF	0.170255592479589	0.103218244641621	0.177084134402541	0.869
TMOD2	0.842058411003555	0.103239818492652	0.177104503514551	0.6848
IKBKB	4.27667414057437	0.103397221802046	0.177341195153903	0.2229
KANSL1	-0.426857653418125	0.103617901587527	0.177702997781296	1.0602
DNPEP	5.07454080621497	0.103659295351665	0.177757288741312	0.1952
TMEM25	2.91509102624298	0.103775126649843	0.17792249362505	0.4107
ZNF711	-0.854388791290441	0.103824092468763	0.177967584505265	1.2942
ZNF140	4.88540611692357	0.103830671700569	0.177967584505265	0.1987
POM121L10P	-0.254390586087188	0.104054301428787	0.178317406071899	1.1839
C11orf42	-1.3205015045618	0.104125430978661	0.178389064184163	1.6665
HAS1	-1.3205015045618	0.104125430978661	0.178389064184163	1.6665
FEZF1	-1.3205015045618	0.104125430978661	0.178389064184163	1.6665
MYO15B	2.06807115250501	0.104331384281995	0.178725133851186	0.4218
ERV3-1	3.43269265991865	0.104439944841465	0.178877533823603	0.2997
MIRLET7DHG	1.99426321149545	0.104467374769734	0.178907729249181	0.4843
SULF1	0.88713007269969	0.104750394058986	0.179375592715585	0.6341
PCNXL3	5.52897126759584	0.104830362686264	0.179495695104149	0.1774
ZYG11B	5.9977015693183	0.105129943025384	0.179991769658764	0.1965
DBT	5.88663737480286	0.105335069528754	0.180309144802338	0.1828
LOC171391	1.47716606198751	0.105613414013849	0.180751709593777	0.5638
LOC102724064	-0.355264947071586	0.106085246789267	0.181440159769988	0.9932
JPH3	1.74635746423724	0.106163397075395	0.181556812834511	0.4932
YARS	7.29141106275363	0.106208866440326	0.181617559548014	0.1687
HSBP1	7.41066470445431	0.10623889462767	0.181640917047626	0.1747
CAMSAP1	5.96730380792307	0.10624242507858	0.181640917047626	0.1721
TBC1D17	3.05863597274943	0.106351282263239	0.18179297837057	0.3018
INO80D	4.58239861080251	0.106489492619154	0.181978112632714	0.2086
SLC31A1	5.84216105606052	0.10655894893732	0.182079761493796	0.1987
C9orf41	6.12709770749112	0.106684135021223	0.182259551651454	0.1999
ASPDH	-0.189772324467881	0.106706836845215	0.182281277575208	0.9436
WDR63	-0.62590706888305	0.106741586552831	0.182323578228714	1.4126
RAP2C-AS1	1.14411722535624	0.106771838805212	0.182358189655529	0.6115
SEC14L1P1	-0.188891190758956	0.106944149165646	0.182635396367449	0.9415
ARRDC3-AS1	-0.12769737585833	0.107034216142701	0.182772112047625	0.8925
FAM227B	1.10533724493567	0.107398023092992	0.183324760129562	0.7831
CROCCP2	3.16982661108463	0.107967973938591	0.184245964874081	0.2966
MIR4653	-0.543184792209251	0.108125173783681	0.184461866526822	1.0696
CASC2	1.53592110055377	0.108157271922719	0.184482776438489	0.5307
ACTG1P20	0.417233647931397	0.108195323063903	0.184530438887763	0.7614
RSF1	7.10516830362384	0.108257979978444	0.184620054412562	0.1921
USP47	6.13429405881947	0.109016196870446	0.185756924590896	0.1829
TRNR	0.901581951557585	0.109359931118301	0.186273082897528	0.665
TP53TG1	2.80231214147408	0.10962805107699	0.186712351941554	0.3735
SS18L1	4.67792857165968	0.109782084510354	0.186947780378525	0.2024
LOC101927420	0.145130839357728	0.109826496921764	0.18699799737024	0.8361
ITPKA	-1.32090049651434	0.110093302713436	0.187434797569382	1.6699
CDK5RAP3	6.12624662899418	0.110311128438947	0.187770625713885	0.1822
ANKRD13D	3.7932696491896	0.110413701731019	0.187927702666557	0.2485
SNAPC4	5.13098069912378	0.110563776169938	0.188148051618044	0.1865
TWSG1	4.39225270937337	0.110735931584901	0.188423447386891	0.274
DHX32	5.21146459176988	0.110755635598043	0.188439411321331	0.1906
ZNF192P1	-0.758425781009699	0.110773554919618	0.188442653441828	1.175
FNDC5	-1.32074140973776	0.111140141140012	0.189023142971124	1.6715
FLVCR2	-0.127430788810077	0.111443633716738	0.189504003086137	1.0364
SCGB2B2	-0.758896734760186	0.111583818546066	0.189671712418713	1.1769
TEX264	3.87953512025437	0.111868935854141	0.190120954473394	0.2564
LRRC56	-1.32058106232289	0.111899584287653	0.190137640613867	1.665
WTH3DI	-1.32058106232289	0.111899584287653	0.190137640613867	1.665
OPA1-AS1	-1.32014282170649	0.112183492104128	0.190602311014701	1.6651
LOC100506374	0.496048540803729	0.112305226770269	0.190773631703548	0.7219
LOC102724235	-0.957583626316683	0.112511679937418	0.191106552748186	1.4386
CYSTM1	4.69964440373727	0.113058983112458	0.191982587266397	0.2127
NDUFB4	7.46117464258814	0.113188675928881	0.192167066656529	0.1714
RASGRP2	-1.32046234632336	0.113453602131884	0.192473651195956	1.6705
TGFB1I1	-1.32046234632336	0.113453602131884	0.192473651195956	1.6705
KLK14	-1.32046234632336	0.113453602131884	0.192473651195956	1.6705
LINC00950	-1.32046234632336	0.113453602131884	0.192473651195956	1.6705
PGF	-1.01263634161402	0.11354159224968	0.192605027700256	1.3486
SLC30A4	-1.01235952193754	0.11381494734627	0.193032857557925	1.3478
PSG3	-1.32026280672324	0.113956736385663	0.193237430750201	1.6681
PPP1R9B	5.58270919506363	0.113998931866696	0.193273077652154	0.218
DND1	1.9812647647955	0.114016895173062	0.193285582531286	0.4347
ERI3-IT1	-0.0972526634136193	0.114645141373675	0.194278446200483	0.9416
LOC100506499	-1.12762198737348	0.11474680526998	0.194401647444979	1.5284
SPAG4	3.03182754032436	0.114840104991436	0.194536601718814	0.377
TRABD2A	1.14429038404584	0.114933539732218	0.194676814005508	0.6062
LOC100652768	0.144529226749484	0.115080713559709	0.194908016211713	0.8378
LRP5	5.95579879088776	0.115445462057492	0.195471374079167	0.1945
CACNA1G	-0.958334000740744	0.115631381118984	0.195714443456159	1.448
ANP32A-IT1	-0.127467597886497	0.115631901134867	0.195714443456159	0.8892
USP3	4.79481296540187	0.115743987640831	0.195859645595777	0.2362
UROS	4.77907457576979	0.115846273351967	0.195971987065824	0.1923
GYS1	5.04684484721297	0.115957215296173	0.196137767297964	0.2008
PIGR	2.90646445327684	0.116026457735538	0.19623670672781	0.3171
PCDHGA8	1.7380661548971	0.116793032075679	0.197386927751675	0.4468
KIAA0930	5.52072352389255	0.11688168451929	0.197518470108688	0.1828
ADA	3.33059675585073	0.117081580626586	0.197801345171105	0.2808
KMT2E-AS1	2.9053974082189	0.117104348826421	0.197821503856309	0.3049
GPNMB	1.73850876180214	0.117155071597199	0.19785226522465	0.51
EID3	0.35393585709519	0.11731838620957	0.198109745503831	0.7503
LOC105374860	-0.758229415023285	0.117340766769964	0.198129211815802	1.1734
SDCBP2-AS1	3.47042089955356	0.117563313284985	0.198486622337066	0.2684
LOC100506844	-0.286914043749713	0.117762855672356	0.198768370299051	0.9373
HSF2BP	-0.286914043749713	0.117762855672356	0.198768370299051	0.9373
DQX1	-1.54293017267203	0.118258402928727	0.199475691016062	1.8848
BRWD1-IT2	-1.54293017267203	0.118258402928727	0.199475691016062	1.8848
LRP2BP	0.310416902739768	0.11874663173561	0.200262217918273	0.7767
CHP1	5.75331241202377	0.118940504739141	0.200533603113941	0.1773
LOC101928868	-0.354879451362557	0.118995806896988	0.200608315699641	0.9955
ARRDC2	4.06429928671036	0.119054359262856	0.200688493324349	0.243
WBSCR27	2.72987693675708	0.119077009779991	0.200708142419307	0.3181
CBR1	4.5483427289946	0.119221273077396	0.200914203018641	0.2103
TYK2	5.6929550811699	0.119321560639737	0.20104609238939	0.1727
CA13	0.120406720750837	0.119590113459289	0.201461392572924	0.7859
ZNF658	1.78656757792419	0.119613346967059	0.201463351068423	0.495
HIST1H4I	-1.54301011266823	0.120262562747985	0.202426087546304	1.8843
KCNE5	-1.54301011266823	0.120262562747985	0.202426087546304	1.8843
PGM3	4.70328152670214	0.120416678720322	0.202629448494626	0.1969
TSPYL5	5.62034794500011	0.120548155137322	0.202813300173897	0.2049
SYTL1	3.32960652633605	0.12064634312076	0.202941089100949	0.2715
TLR9	-1.54313065442135	0.120809513575957	0.203196838017566	1.8864
MIR141	-1.01255742485874	0.120837819147202	0.203225723293535	1.3501
ANKIB1	6.71233584529997	0.120880078244807	0.203278068205342	0.1625
KIF28P	-1.54285022850276	0.120954124573162	0.203380972045034	1.8854
SAMD15	2.37439766165904	0.120963551405838	0.203380972045034	0.3621
CDK13	5.94484358737171	0.121065276763733	0.203492555357285	0.1836
ZNF433	2.29809162538001	0.121237814236304	0.203729522891934	0.3807
C1orf159	3.19581152391825	0.121480196426381	0.204099657147782	0.3111
SNHG21	0.729872644446156	0.121480437914538	0.204099657147782	0.6395
C19orf71	1.63811341281549	0.122777330858534	0.206069959745647	0.55
MTRNR2L9	0.478097474624893	0.12281477924484	0.206113863751957	0.8538
LOC105378191	-1.4648371193766	0.12288104561308	0.206206119010239	2.0659
SLC44A1	7.19805908844495	0.122920508399267	0.206234427105691	0.1595
GSDMD	0.57134380154748	0.123002183063471	0.20635249531398	1.1153
PCBP2-OT1	-1.54321058395815	0.123080249169724	0.206464488545666	1.886
TFAP2A	5.30564712212321	0.12320110582474	0.20659373678904	0.2091
BAK1	3.14952115886926	0.123345555600966	0.206795524203438	0.2939
PRCP	5.2675678458636	0.123628518061273	0.207212837470309	0.1977
ASMTL	0.94803417199762	0.123795554802806	0.207454713464295	1.108
CYP4X1	-1.54305072071252	0.123809570131717	0.207459156707172	1.8875
FAM114A1	4.06286070979359	0.123846757666403	0.207502423637835	0.2232
SPATS2L	8.31407074404686	0.124042735210895	0.207811707259806	0.1618
VPS26B	5.01312484443933	0.12410563897466	0.207898012949292	0.1803
PPP1R42	-0.188507605612129	0.124159353192962	0.207968910165219	0.9378
LOC105372342	-1.54264971006589	0.124171337454059	0.207969902436816	1.8835
FBXL12	4.30384454525199	0.124313615603955	0.208189083371616	0.2093
MPP1	5.27519080387924	0.124535485235576	0.208484164920741	0.1948
KDELR3	2.48065532583179	0.124613083508384	0.208579513546824	0.3698
MON2	5.98178066602632	0.124867824990857	0.20891046545438	0.1655
IFT27	3.49264878852911	0.124870234390786	0.20891046545438	0.2585
STX11	-0.625827414403074	0.124946091982231	0.209018221866362	1.1552
SNX21	2.54916783720945	0.124980382051658	0.209056427958134	0.3316
UVRAG	4.57402303496435	0.125012931684653	0.209091716063676	0.2206
HIST1H2AM	0.331450523362525	0.125122947620014	0.209237384973068	0.7155
SEL1L3	6.14186634544571	0.125225050596407	0.209388947031325	0.167
DNAJC5	6.39383950327393	0.125756933163753	0.210182053633387	0.1617
ZSCAN23	3.48371834214515	0.125837875857543	0.210298083271265	0.2691
ATOX1	5.13938781503838	0.125947737892258	0.210462416747009	0.1989
ATF2	5.63374808517943	0.12654982587248	0.211410470454612	0.1739
HELQ	3.88601538096578	0.126911127006013	0.21197525476869	0.2382
SLC29A3	2.84446859377995	0.127321461254322	0.212602268056243	0.3564
COPS7A	5.52678657871165	0.12739575148302	0.212667962607353	0.1898
HAX1	5.96207812977749	0.1277283618355	0.213174479170624	0.1715
KIAA1656	-0.426702933262367	0.127734203968419	0.213174479170624	1.0602
SLC16A13	1.81726441224984	0.12789527572635	0.213404273252925	0.4568
RPARP-AS1	2.82712218344408	0.128069732956348	0.213675840326365	0.3116
GNG13	-1.54309004849178	0.128178167613093	0.213817674337046	1.883
TEX19	-0.905459204104124	0.128296103707287	0.213994853291935	1.1998
ZNF638	7.33006465313076	0.128355641102852	0.214074601130428	0.1694
SYNE1	6.26504027357901	0.128670209844087	0.21456004301367	0.1712
HELZ	6.6164441105626	0.129026517480623	0.215114895262671	0.164
SNPH	1.00098710484517	0.129143457865203	0.215270541160259	0.5828
NKAP	5.05247115227435	0.129304163474028	0.215504477747852	0.2032
FAM160A2	3.61849806949243	0.129520297033728	0.215760794109658	0.2865
GAS5	8.2434664749459	0.129706497365689	0.215992138639791	0.1805
LINC00909	3.16453986931734	0.129752528912868	0.216037522478176	0.2955
ARL16	4.18957620509516	0.129757418600636	0.216037522478176	0.2092
ATE1	4.870692939777	0.129788064663341	0.216068840825638	0.2012
LOC105372022	-1.18931216724952	0.129885024275094	0.216210541001743	1.4149
YPEL1	0.931987695880637	0.130068289461494	0.216495869110963	0.6961
SPATA7	3.36004803049254	0.13008637694809	0.21650623553326	0.3094
ATP5H	7.161678904615	0.130213024124146	0.216697262389281	0.1596
LOC644215	-0.0127438648115992	0.130667451149913	0.21741387059723	0.8103
TMEM136	2.44309589303129	0.130856032139025	0.21768796452798	0.3534
GAA	5.84618573458332	0.131113841066284	0.217932311126429	0.1715
ATF6	5.68091290429124	0.131178923248324	0.217932311126429	0.1647
ACKR4	-0.905380524294367	0.131219207107424	0.217932311126429	1.2002
CCDC154	-0.854350080283094	0.131246400526346	0.217932311126429	1.2978
LOC100132057	0.516050610122169	0.131366376162914	0.217932311126429	0.6623
PROSER2-AS1	-0.854270346662444	0.131616761599817	0.217932311126429	1.2863
GNG7	1.10846679638405	0.131733138121627	0.217932311126429	0.5871
GCAT	1.63587987961654	0.132078186026288	0.217932311126429	0.4825
LRRC71	-2.12776384140999	0.132148920035581	0.217932311126429	4.0945
MIR4782	-2.12776384140999	0.132148920035581	0.217932311126429	4.0945
SYNC	-2.12784456774923	0.132148920035581	0.217932311126429	4.0936
COL8A2	-2.12784456774923	0.132148920035581	0.217932311126429	4.0936
LOC102724784	-2.12784456774923	0.132148920035581	0.217932311126429	4.0936
OR7E2P	-2.12784456774923	0.132148920035581	0.217932311126429	4.0936
MAPT	-2.12784456774923	0.132148920035581	0.217932311126429	4.0936
LOC390877	-2.12784456774923	0.132148920035581	0.217932311126429	4.0936
C19orf45	-2.12784456774923	0.132148920035581	0.217932311126429	4.0936
CSRNP3	-2.12784456774923	0.132148920035581	0.217932311126429	4.0936
ZKSCAN7	-2.12784456774923	0.132148920035581	0.217932311126429	4.0936
LOC101927759	-2.12784456774923	0.132148920035581	0.217932311126429	4.0936
TTBK1	-2.12784456774923	0.132148920035581	0.217932311126429	4.0936
LANCL3	-2.12784456774923	0.132148920035581	0.217932311126429	4.0936
PLCH2	-2.12792528974783	0.132148920035581	0.217932311126429	4.0928
C1orf234	-2.12792528974783	0.132148920035581	0.217932311126429	4.0928
MAN1C1	-2.12792528974783	0.132148920035581	0.217932311126429	4.0928
MIR3671	-2.12792528974783	0.132148920035581	0.217932311126429	4.0928
GBP1P1	-2.12792528974783	0.132148920035581	0.217932311126429	4.0928
LINC00184	-2.12792528974783	0.132148920035581	0.217932311126429	4.0928
THRSP	-2.12792528974783	0.132148920035581	0.217932311126429	4.0928
DNM1P35	-2.12792528974783	0.132148920035581	0.217932311126429	4.0928
LOC102724135	-2.12792528974783	0.132148920035581	0.217932311126429	4.0928
RHCG	-2.12792528974783	0.132148920035581	0.217932311126429	4.0928
MEIOB	-2.12792528974783	0.132148920035581	0.217932311126429	4.0928
CBFA2T3	-2.12792528974783	0.132148920035581	0.217932311126429	4.0928
LOC728392	-2.12792528974783	0.132148920035581	0.217932311126429	4.0928
PSPN	-2.12792528974783	0.132148920035581	0.217932311126429	4.0928
PSG1	-2.12792528974783	0.132148920035581	0.217932311126429	4.0928
SCN2A	-2.12792528974783	0.132148920035581	0.217932311126429	4.0928
LINC01484	-2.12792528974783	0.132148920035581	0.217932311126429	4.0928
CD72	-2.12792528974783	0.132148920035581	0.217932311126429	4.0928
NTRK2	-2.12792528974783	0.132148920035581	0.217932311126429	4.0928
SMIM10L2B	-2.12792528974783	0.132148920035581	0.217932311126429	4.0928
HSD52	-2.12800600740623	0.132148920035581	0.217932311126429	4.0919
HAPLN2	-2.12800600740623	0.132148920035581	0.217932311126429	4.0919
ZNF33BP1	-2.12800600740623	0.132148920035581	0.217932311126429	4.0919
MRPL23-AS1	-2.12800600740623	0.132148920035581	0.217932311126429	4.0919
OMP	-2.12800600740623	0.132148920035581	0.217932311126429	4.0919
MIRLET7I	-2.12800600740623	0.132148920035581	0.217932311126429	4.0919
LOC105379472	-2.12800600740623	0.132148920035581	0.217932311126429	4.0919
PSTPIP2	-2.12800600740623	0.132148920035581	0.217932311126429	4.0919
CD226	-2.12800600740623	0.132148920035581	0.217932311126429	4.0919
ADORA2A-AS1	-2.12800600740623	0.132148920035581	0.217932311126429	4.0919
HRG	-2.12800600740623	0.132148920035581	0.217932311126429	4.0919
TRI-TAT2-2	-2.12800600740623	0.132148920035581	0.217932311126429	4.0919
CD36	-2.12800600740623	0.132148920035581	0.217932311126429	4.0919
SLIT1	-2.1280867207249	0.132148920035581	0.217932311126429	4.091
MIR631	-2.1280867207249	0.132148920035581	0.217932311126429	4.091
NFAM1	-2.1280867207249	0.132148920035581	0.217932311126429	4.091
SNX33	3.41960046783873	0.132213214528049	0.218018647314973	0.2563
LOC101929595	-1.18951102255576	0.132236257094061	0.218034883074974	1.416
ZMIZ1-AS1	-1.54329050932331	0.132720104791846	0.21877546122618	1.8857
SLX1A-SULT1A3	-1.18943172772437	0.132752742067642	0.218790007466322	1.4165
KLHL30	-0.542679260010226	0.132820995544604	0.218882478304955	1.0717
BOLL	0.515830228996579	0.132870425680788	0.218944172870156	0.6647
DENND2C	0.145884652899823	0.13312450535611	0.219303462351664	0.8233
VPS37A	4.47971591752589	0.133211528578789	0.219427020277395	0.1958
DHRS1	3.42476782624024	0.133255778405504	0.219460305870174	0.2553
LOC102723728	-1.80608153506022	0.133415647754129	0.219613424910478	2.3325
LINC01433	-1.80608153506022	0.133415647754129	0.219613424910478	2.3325
CASS4	-1.80608153506022	0.133415647754129	0.219613424910478	2.3325
CRIP3	-1.80608153506022	0.133415647754129	0.219613424910478	2.3325
LOC102723649	-1.80608153506022	0.133415647754129	0.219613424910478	2.3325
FFAR4	-1.8058800548722	0.133469048498124	0.219613424910478	2.331
MIR8085	-1.8058800548722	0.133469048498124	0.219613424910478	2.331
LOC101927438	-1.8058800548722	0.133469048498124	0.219613424910478	2.331
LOC730668	-1.8058800548722	0.133469048498124	0.219613424910478	2.331
TMEM56-RWDD3	-0.06874341777226	0.133755931332744	0.220025976068713	0.9828
DDX59	4.12867496341539	0.133846290402685	0.220154777690911	0.2153
TAT-AS1	-1.32018323259066	0.134163305035712	0.220616582303364	1.6696
ANKRA2	3.6018883418281	0.134207459999	0.220654868195726	0.2991
PRDM2	5.2250718788862	0.1342326864591	0.220671042232988	0.1826
ERICH2	2.73917544841276	0.134815386292231	0.221489353145335	0.3147
M1AP	-1.54297078283124	0.134843546961851	0.221515683733966	1.8905
LRRC37B	1.50697292090698	0.134871809585093	0.221542177054657	0.4816
NUDT7	2.57238014456668	0.135235082390075	0.221939200297844	0.3336
IDH1	7.40338753309487	0.135364492678589	0.222105012900546	0.1613
C1orf204	-1.80616185668217	0.135417663374248	0.222105012900546	2.332
ASB9P1	-1.80616185668217	0.135417663374248	0.222105012900546	2.332
CTC-436P18.1	-1.80616185668217	0.135417663374248	0.222105012900546	2.332
BHMT	-1.80616185668217	0.135417663374248	0.222105012900546	2.332
CACNG8	-0.2527367252533	0.135448283659921	0.222105012900546	0.9973
SBK2	-1.8059603871636	0.135474254006753	0.222105012900546	2.3301
C2orf50	-1.8059603871636	0.135474254006753	0.222105012900546	2.3301
PILRA	-1.8059603871636	0.135474254006753	0.222105012900546	2.3301
MIR3960	-1.8059603871636	0.135474254006753	0.222105012900546	2.3301
AATK	0.437745621318683	0.135494277425142	0.222105012900546	0.7023
SRPK2	5.72076239144884	0.135517315359042	0.222122832572695	0.166
PLEKHG5	2.71892850161882	0.135712958491112	0.222370540813795	0.3254
GRK4	-0.391054641346238	0.135717165082565	0.222370540813795	0.9283
TNFSF4	-1.80579971832454	0.135941137725708	0.222657582120988	2.3315
LOC284825	-1.80579971832454	0.135941137725708	0.222657582120988	2.3315
RFPL3S	-1.80579971832454	0.135941137725708	0.222657582120988	2.3315
ARPC3	8.16175323400775	0.136158107630472	0.222972946977206	0.1553
TM7SF2	2.88458064758495	0.136240345415664	0.223087608387152	0.3537
RAD9B	0.217736362699454	0.136290468248457	0.223089721098325	0.7266
TWISTNB	6.28178646792494	0.136556550612649	0.2234250213286	0.1601
TMEM57	4.41646604192591	0.136640090961506	0.223500063286093	0.2028
SLC25A38	4.18393673529311	0.136648346861719	0.223500063286093	0.2198
TCTN3	4.53454320489517	0.136663628750146	0.223500063286093	0.2243
AKR7A2	3.98289806841213	0.136874644588291	0.223805061496089	0.2195
RPLP2	9.07818039755558	0.137510553618444	0.224744195779616	0.1768
KIAA1919	3.04915528741076	0.137606636680637	0.224881099207027	0.2808
RORA	0.809939433830411	0.137655572816962	0.224940936031727	0.6365
LOC105370941	0.516343543455593	0.137899712913737	0.22528291397232	0.6636
ZNF518A	5.44454695065131	0.138017100147992	0.225410644149378	0.1838
LOC100506922	2.94268536448752	0.138057969213726	0.225453393874885	0.295
OCIAD1	6.9093609493322	0.138067974557473	0.225453393874885	0.1679
MSRB1	4.32722782578531	0.138108113261425	0.225483436526046	0.2262
ITSN2	5.80423768144443	0.138185344408649	0.225564346166335	0.1692
PELI1	4.28974519623911	0.138597525250992	0.22617649244499	0.1993
ASCC3	6.64276857302036	0.139370239493832	0.227376505111652	0.1622
VRK2	4.94282519692856	0.139421104006824	0.227418841560809	0.178
SPG7	5.82184766110643	0.13967114173432	0.227765642117173	0.164
LOC105378949	-1.18935242885453	0.139715087104372	0.227816955178405	1.4178
CDKL3	1.59205845148494	0.139814297048894	0.227897304189697	0.4727
SCAMP4	4.87627919757263	0.139880027116018	0.22796373638904	0.2118
CTC-338M12.4	1.21824990961434	0.140207419988174	0.22843611417261	0.5193
CALHM2	3.10123431940518	0.140285475819795	0.228522499024376	0.3024
MOSPD1	5.05053147256369	0.140571232761809	0.228947134026191	0.1824
NBPF11	3.14206424647375	0.141034253815278	0.229680761610323	0.2728
LAMP2	6.92349847710205	0.141222450945922	0.229946224087473	0.1628
PSAP	8.59764356938227	0.141236928654152	0.229949288282369	0.1605
TRIM22	-0.464303641522562	0.141268126713227	0.229979572077463	0.9906
AMMECR1L	5.35412424324566	0.141312987531396	0.230032090982894	0.1712
POLB	3.61625799137807	0.141368357703842	0.230081192675523	0.2497
FLJ46906	-0.158502537181611	0.14165204184408	0.230487415908766	0.8384
AGAP5	1.51702733753793	0.141655828576706	0.230487415908766	0.4957
ZRANB2-AS1	1.26540950322904	0.141744172753514	0.230610606700665	0.5536
ZDHHC17	4.8605912847051	0.141767265320745	0.230627623925817	0.1902
BEGAIN	-0.22076399377775	0.141976214206833	0.230926386899497	0.885
LOC254896	1.29775637375763	0.14222082859617	0.231283043546381	0.5176
OCLM	-0.0694286136842248	0.142689410707824	0.231941757802692	0.8547
MAPKAPK5-AS1	4.55086327234819	0.14356575919735	0.2331794039063	0.1981
RPS15AP10	-0.583486969734892	0.144025131509411	0.233863097112497	0.9903
FARP2	4.27033090106788	0.144172687250093	0.234081872859987	0.202
OSBP	6.90019704639384	0.144291637359389	0.234224207588426	0.1667
TJAP1	3.96496478923315	0.144334786760868	0.234240898489324	0.2445
SLC27A3	-1.80624217404936	0.144450543214923	0.23434542939053	2.331
A2M-AS1	-1.80624217404936	0.144450543214923	0.23434542939053	2.331
CCDC42B	-1.80624217404936	0.144450543214923	0.23434542939053	2.331
DGAT2	1.65404357960596	0.144502083610696	0.234408213825916	0.4755
NPIPB15	-1.80604071519919	0.144555646298566	0.234432608939026	2.3274
PLAC8	-1.80604071519919	0.144555646298566	0.234432608939026	2.3274
TNRC18P1	-1.80604071519919	0.144555646298566	0.234432608939026	2.3274
BEND3P3	1.54483504983515	0.144987504059515	0.235091204734924	0.4682
ACOX3	3.68726526638596	0.145031843710637	0.235132374066626	0.2403
PRR5	2.24971970489157	0.145045774427404	0.235132374066626	0.4544
SWSAP1	2.32600479574464	0.145051533563669	0.235132374066626	0.3419
NR2C2	3.14899123193133	0.145346059187959	0.235588888975885	0.2685
PRDM10	4.62379982668688	0.14544111552337	0.235722035244552	0.1913
SMIM5	0.0945597751377003	0.145742665261744	0.236168835169394	0.7395
NTNG1	-0.855175504674202	0.145829584627342	0.23628871012308	1.2914
CYP51A1-AS1	-1.80592087905036	0.14591260061591	0.23640223969152	2.3363
LOC105379200	-1.8057193775202	0.146024602409165	0.236520729445631	2.3325
PTGER4P2-CDK2AP2P2	-1.8057193775202	0.146024602409165	0.236520729445631	2.3325
NUDT18	1.59973593791717	0.146093085821334	0.236610661351515	0.4571
SFXN3	5.35561352345591	0.146113033529173	0.236621976413429	0.1826
DYNC2H1	5.80709132156303	0.146356890501791	0.236953830525071	0.1609
PFKL	6.13064921027955	0.146473332355918	0.237085788316348	0.1753
LOC100287896	2.30947800771747	0.146859927026125	0.237683938633771	0.3975
LCAT	0.811333203190486	0.147162494190404	0.238089196556188	0.638
LOC100506271	-1.18883505531785	0.147457493741937	0.238545326163296	1.4105
C1orf177	-1.18947076503953	0.147506788667885	0.238603928222658	1.4128
SLC19A2	4.82027169525902	0.147775563363848	0.238996339898158	0.1919
LIME1	2.20006765309725	0.148008702059356	0.23933098891015	0.3709
TRAPPC9	3.17803512021095	0.148146351768676	0.239511140443583	0.2941
ZNF630	2.03528282968552	0.148710973070931	0.240317564343004	0.3891
CNKSR1	3.48449101526146	0.148855170251292	0.240486724611291	0.2469
PCAT6	-0.391441644061519	0.148893603053868	0.240527530072684	0.9312
PCDHGA6	0.553565010596766	0.149174726323332	0.240896400155573	0.6473
PLBD1-AS1	-1.12774258468525	0.149325094096621	0.241117894730931	1.5509
LOC105371478	-0.624967931487538	0.149705982457271	0.241647428447387	1.1412
RIC8B	3.38605882226025	0.149928448960991	0.241920962014482	0.2647
ABCA17P	-0.806056541985463	0.150224492055678	0.2423343931226	1.0838
LOC100506136	-0.806056541985463	0.150224492055678	0.2423343931226	1.0838
HIST1H2BG	1.28563348358875	0.150267812686188	0.242382858137397	0.5522
CDADC1	2.96889796168534	0.150502568165554	0.242718629366639	0.2924
NEBL-AS1	-0.805978117220452	0.150802823488711	0.243181374932418	1.0842
FAM35DP	-0.805859901270604	0.150974134595784	0.24339312974043	1.0829
LOC100507472	-0.805859901270604	0.150974134595784	0.24339312974043	1.0829
CDK5	3.52958521227816	0.151011842072318	0.243432422858476	0.2548
FAM103A1	3.94694885779025	0.151161574351296	0.243630767313257	0.2274
ROM1	0.930364164697566	0.151281818456321	0.243803043585682	0.5886
FBXO24	-0.805781466835609	0.151564405733631	0.244236895672449	1.0832
S100PBP	4.3111664958745	0.151949825460658	0.244836364837579	0.2058
LOC100499484	0.0418045052584258	0.152077561779811	0.245015249671594	0.7716
SIK1	-1.18966960010469	0.152087686748384	0.245015249671594	1.4153
CLCN7	4.53452198270165	0.152318760297882	0.245344211046244	0.1855
DIAPH2	3.97625134840349	0.152459940759237	0.245549949581	0.2179
TTLL9	0.170331610902136	0.152675307438849	0.245875124612177	0.7563
KCTD13	2.55411443379978	0.152766653268775	0.245978834192516	0.3219
UBE2D3	8.1596217949847	0.152843713332894	0.24605950887172	0.1506
MIR600HG	2.56254517323344	0.15324938414268	0.246630212331833	0.3208
ANKRD12	5.38158802431802	0.153275729654719	0.246646251262808	0.1924
BNC2	3.59022417848683	0.153373834741907	0.246782366212608	0.234
STAMBP	5.97682082586445	0.153506010786689	0.246951509774568	0.1545
LPCAT3	5.5814581512684	0.153581653184435	0.247034422814506	0.1589
LSM11	3.64455574263205	0.153584613220018	0.247034422814506	0.2528
HOXC11	2.15738567484401	0.153863028173955	0.247460438934342	0.4586
MRPS31P5	1.92328440039549	0.154237238697311	0.24801858800829	0.3928
PIK3R2	6.20750283816021	0.154390569322637	0.24824328285662	0.1864
LOC100288069	1.18240270731409	0.154640542776537	0.248579532352599	0.554
LOC101927865	-0.0979758539169715	0.15488064291588	0.248921649535374	0.7956
SBK1	1.96666117172095	0.155018884303326	0.249099969354945	0.3813
RCBTB1	4.53934731847611	0.15527637590644	0.249491772447453	0.1851
LPAR2	2.84134143894362	0.155391755104672	0.24964698989354	0.2936
ZBTB21	4.21018918658071	0.155498312426828	0.249771667873691	0.2019
RAB21	6.12005327434441	0.156270203780522	0.250867819224166	0.1568
TMEM230	6.53251193893796	0.156430717430731	0.2511034183958	0.1553
SETD2	6.4330975369671	0.157047183533633	0.252004340563418	0.1527
WWC3	4.35204744409675	0.157317752787187	0.252394137875287	0.1949
ARHGAP8	-1.39106210011253	0.157968024763423	0.253326094525742	1.5199
TPGS2	6.49524863362522	0.158148149693297	0.253503610571678	0.1607
RPL34-AS1	-1.39086226275348	0.158326109897222	0.253744312376761	1.5187
CCNYL2	-1.39098241944661	0.158367351611163	0.253765853683262	1.5204
SPRNP1	-1.39098241944661	0.158367351611163	0.253765853683262	1.5204
UBE2V1	1.85020983078876	0.158396875858015	0.253790886928552	0.4085
SLC10A6	-1.06915181272245	0.158533363104535	0.253987281863659	1.2332
S1PR1	-1.3907825717631	0.158738916861446	0.254197282240648	1.5192
LOC401052	-1.3907825717631	0.158738916861446	0.254197282240648	1.5192
TDRD6	-1.3907825717631	0.158738916861446	0.254197282240648	1.5192
GTF2I	6.56770146474518	0.158747985036461	0.254197282240648	0.1703
SLC9B2	3.27106182062997	0.159095241112692	0.25468631372793	0.2527
RPL10A	9.73215459679493	0.159345556907043	0.255064663471722	0.1564
EBLN3	5.58352272088493	0.159590510407998	0.255378394323255	0.1629
LINC01134	-1.06899371722146	0.159701611995569	0.25552257919291	1.2341
LOC389641	2.32144482815183	0.159887832822006	0.255775698913297	0.3505
EDN2	1.25404240233863	0.16007617029592	0.25605454875338	0.5318
HSPB11	6.03600883206669	0.161219003207543	0.257769672670949	0.1649
LOC441155	-0.503176270855994	0.161622305409204	0.25836924759636	0.9188
LINC01301	-0.503176270855994	0.161622305409204	0.25836924759636	0.9188
CD74	-0.253195446778348	0.161719805596464	0.258502475349711	0.8217
RPL13AP20	1.21944731216435	0.161919999545272	0.258777161139673	0.57
JAGN1	4.51222916448231	0.162305119314295	0.25930185159725	0.2121
MB	3.55184657265637	0.162349769811072	0.259350489820697	0.2334
MORC4	4.6400012550808	0.162405191848372	0.259416325346389	0.1762
CRTC2	4.57264592952806	0.162500452401936	0.259523074013624	0.2342
ZNF449	4.03672825213134	0.162771715819549	0.259888092006445	0.2098
IRGM	-0.503642756535126	0.163093030273414	0.260310050766869	0.9205
SMG1P2	1.95681149620097	0.163156771700907	0.260366260854175	0.6368
OASL	1.65446396458472	0.163406826169285	0.260696934243334	0.4763
RTP4	-0.805741676573677	0.163527822271165	0.260867172612932	1.0802
SDS	-1.39114177666023	0.1635656048007	0.260904646679037	1.5194
TMEM160	3.43955617487212	0.163656631417436	0.261004233699372	0.2741
MMRN2	-0.5032155948232	0.163723929642772	0.261088754329004	0.9206
NIPSNAP3A	4.18293069491309	0.16380954387047	0.261202465970767	0.2044
FBXW11	6.19488906883032	0.163859379381288	0.261259111789064	0.1668
MSL3	4.22341342840925	0.163876294784726	0.26126326413326	0.2078
GRTP1-AS1	-1.39094194962464	0.164018155811987	0.261420940501452	1.5176
CHST10	-1.39094194962464	0.164018155811987	0.261420940501452	1.5176
KMT2C	6.62981673950353	0.164244795254607	0.261713623301746	0.1466
TNFRSF11A	0.661852518721456	0.164288633345848	0.261760629286246	0.5926
EAF1	4.94829484422411	0.1643276170493	0.261789036015537	0.1765
NUDT6	2.0801267857089	0.164335142021147	0.261789036015537	0.395
PEX5	5.83017341626352	0.164721256263471	0.262312565801284	0.1601
LOC101929378	2.79132002728006	0.164888944562312	0.2625567005608	0.2785
HSD17B14	-1.39090273466205	0.164996395722713	0.262681974388581	1.5215
C8orf37-AS1	-1.39090273466205	0.164996395722713	0.262681974388581	1.5215
LOC148413	3.50062680765166	0.165070581585986	0.262777165803432	0.2531
TAS1R3	-1.3907028766531	0.165467457426302	0.26338598855825	1.5196
PDE4A	3.31925267391851	0.165680255396553	0.263586818520216	0.2763
UBA6-AS1	2.8068036597219	0.165759897967619	0.263690545250683	0.2776
MORC3	4.6330281031541	0.165946128602041	0.263940801860852	0.1804
DLG2	0.145660240441353	0.166141466806873	0.264205454531905	0.7087
ZCRB1	6.12892696638063	0.166331238461576	0.264438133706744	0.154
FOXD2	1.59261353986253	0.16690534206124	0.265258459534256	0.47
ANKRD11	7.88300944388829	0.167832748256349	0.26661631153567	0.2164
COASY	6.65582219802562	0.167991814883415	0.266811374833307	0.1493
SCO2	-1.06875534529698	0.168210319584807	0.267099903830585	1.2299
LOC105379045	0.696913603506885	0.168246626018876	0.267134319412124	0.5761
TMEM128	3.63865734359195	0.168372946217578	0.267311636329081	0.2444
CUL2	6.24942000491481	0.16858221222432	0.267620597075408	0.1588
CSRNP2	4.50713865398326	0.168617510326853	0.267653357840798	0.2021
TMEM81	0.477770273813758	0.168823411068178	0.267887022378154	0.6746
SLC34A3	0.396279642446984	0.168860313604061	0.267899008008667	0.7338
FGGY	4.00321995744334	0.169096932196763	0.268251094385133	0.215
ILF3-AS1	4.50556636933067	0.169345811988487	0.268622568742882	0.1797
FAM120C	3.39538298559845	0.16940151112547	0.268687574900658	0.2359
KRTCAP3	4.69148777065783	0.169758110999899	0.269158069942874	0.1915
SNORD18C	-1.06859720982623	0.169771865435593	0.269158069942874	1.231
DHRS9	-0.806449750751364	0.169867273400029	0.269285945049577	1.0879
FLJ37453	1.15834521687587	0.170000433259983	0.269473639801533	0.5161
SLC16A12	0.973432805122285	0.170178072920233	0.269708386077938	0.5301
GPR61	-0.712805114352729	0.170239099367994	0.269711446503696	0.9888
FAM21EP	-0.712805114352729	0.170239099367994	0.269711446503696	0.9888
LOC105373987	-0.712805114352729	0.170239099367994	0.269711446503696	0.9888
SRI	5.96063783324513	0.17064565103836	0.270285181793883	0.1486
THUMPD3-AS1	4.15114331504733	0.170700454740712	0.270348529690851	0.2052
WBP1L	4.63467368210712	0.170767177700805	0.270407285636733	0.2085
DUOX1	-1.06891466349079	0.170815377122573	0.270436694540777	1.2353
ITPR1-AS1	-1.06891466349079	0.170815377122573	0.270436694540777	1.2353
HIGD1A	6.6820901675471	0.170850854925517	0.270469407519964	0.1944
ARL6IP1	8.37524485095124	0.171037613128819	0.270741582006392	0.1557
ZNF654	4.34390138330674	0.171059968875315	0.270753493305683	0.1834
MID1	5.23509672543446	0.171079879438907	0.270761532642973	0.1554
MAP2K2	5.84177076391045	0.171164247420708	0.270848097504763	0.1466
ZFHX3	6.01863418828607	0.171343304681444	0.271107936407042	0.1608
PNPLA8	4.86366399400101	0.17136565246936	0.271119798204406	0.1757
MYO18A	5.1103046794277	0.171440562331437	0.271214809871985	0.2266
DUS4L	4.15915304115081	0.171465176910519	0.271230246051333	0.1991
DYNC1I2	6.95306641014343	0.171722655579769	0.271614001062577	0.1523
ATG9A	4.66735580476383	0.171879041148702	0.271837374229972	0.1819
LMCD1-AS1	-0.713001120330567	0.171893659515271	0.271837374229972	0.9897
KCNC3	2.89717350573116	0.172239704373336	0.272361025815471	0.3299
FER1L4	6.37796648618205	0.173083615438938	0.273597564952371	0.1501
LOC101927136	-0.712726929545219	0.173096618930756	0.273597564952371	0.9891
SP100	6.68387358732313	0.173131602342705	0.273629169108167	0.1476
KRT86	0.193653838779723	0.173430668083228	0.274078105655074	0.6834
EPB41L2	7.01815517611049	0.173792006974857	0.274601599388349	0.1586
LOC643072	-0.503138014158382	0.174161639046242	0.275090403394029	0.9213
CMIP	6.69008216047218	0.174465658215616	0.27554676497831	0.1792
NT5M	-0.503331424840061	0.174527141583742	0.275620025670657	0.9171
TSPAN17	5.52642100625005	0.174662994067242	0.275810710119503	0.19
TRNI	0.824942195842731	0.175079669311628	0.276349165048683	0.6024
ZNF160	4.82751490342075	0.175220401015776	0.276523482100968	0.1781
PMS2P2	0.0154706556184658	0.175858593482345	0.27748266919738	0.7209
NR1D1	2.63813819958851	0.175893504004888	0.277490733589911	0.4186
PRPF31	-0.503059361561892	0.175894104354867	0.277490733589911	0.9159
LLPH-AS1	-0.582980534882753	0.175922339276594	0.277511295760262	0.9899
PTPRA	5.90072477165384	0.176289467268316	0.278066400073473	0.1504
SCAND1	5.8707227363388	0.176311075391059	0.278076457221526	0.1681
NFIC	5.98367739139626	0.176516075392221	0.27835168630564	0.1888
ARMCX6	4.12148617277891	0.176711030233054	0.278562867449671	0.2096
FAM92A1	2.86896897355266	0.177132910494001	0.279118591085967	0.2647
BCOR	4.95269776057976	0.177263878458789	0.279289666448922	0.1944
MYLK3	-1.8058405446616	0.17731969015184	0.279353491837418	2.3445
FANCF	4.1165934861553	0.17736577235291	0.279377872310158	0.2261
LOC101927051	-1.80563903245875	0.17763772754519	0.279782102844017	2.3352
TBC1D19	2.34173915156066	0.177804743646864	0.279972692773603	0.3259
TMEM141	4.86320206646987	0.177922096002952	0.280109157004992	0.1774
AZI2	4.66547771226064	0.178116082802192	0.28036620172761	0.1787
LOC100288181	2.09468020165038	0.178191182095547	0.280460231083395	0.3632
F2R	4.22395995983702	0.178371773352744	0.280720266752388	0.2044
THAP3	2.40593385413279	0.178484408010638	0.280849108140167	0.3115
LINC00240	-1.3912214490901	0.178556282801055	0.280913779629099	1.5183
LNX1-AS2	-0.320949203537345	0.178593544360963	0.280948190077875	0.8709
THG1L	4.22514287164791	0.178712608444121	0.281087049173419	0.1964
EXOC2	4.76761723856056	0.178848289950826	0.281251992535299	0.1746
MTHFSD	4.05626159480929	0.178910049609152	0.281324880763538	0.2284
TBX6	-0.427746815402715	0.179183125980537	0.281730010154224	0.86
LINC00294	1.88667825689817	0.179216572641721	0.281758331910718	0.3847
FLJ42627	1.34118153710958	0.179484827401893	0.282155774481096	0.5088
PGM1	6.78989561564794	0.179898517658231	0.282733069763143	0.1396
FAHD2CP	0.0685917570783383	0.180008171534843	0.2828810518671	0.6912
RAD21L1	-0.905617717020798	0.180585650829445	0.283715287568188	1.2108
LOC100505716	0.45694059640231	0.180704338230313	0.283877325422304	0.6437
TRAM1L1	0.572157613172736	0.180967613493849	0.28426645602682	0.5922
AMT	0.475967069890186	0.181009445330155	0.284290481876947	0.6942
AK7	2.61827936820659	0.18103570901445	0.284291772034272	0.2887
RBM41	6.43161850230689	0.181126356817495	0.284388219808068	0.1457
C10orf32	2.59168824389173	0.18114416535212	0.284388219808068	0.2931
DOC2A	2.02126598478412	0.181154174416522	0.284388219808068	0.3678
OVCA2	0.872776828900552	0.181213120617975	0.284456296646755	0.5365
LOC105377623	-0.667735247722827	0.181280619921484	0.284487405188673	1.0716
KDM6A	5.18199366560585	0.181293675264634	0.284487405188673	0.1677
SCARF2	-0.957977145196309	0.18129527125137	0.284487405188673	1.0947
CEP104	5.15147237014539	0.181541315379722	0.284849011909944	0.1725
MRPS14	5.05228059347549	0.181638908824589	0.284977648633696	0.1568
KLHL9	5.24345159849049	0.181728917903725	0.285094364978122	0.1603
ZNF300	4.80090477455269	0.181874426484983	0.285254117327379	0.1651
PPP1R2P3	-0.957898343063271	0.181934220898679	0.285318369274658	1.095
CCDC81	-1.01263515436507	0.1822700346204	0.285820456281569	1.3355
POLM	2.69097679055105	0.18232702137662	0.285885261723917	0.3021
RP9P	2.20458402410267	0.182614989019418	0.286238451063665	0.3616
LOC339874	-0.712765461739361	0.183398067501997	0.287391855821156	0.9861
SOCS5	4.41720538890968	0.183938662778429	0.28819770458157	0.1945
ALDH4A1	3.03992205231495	0.184717116004799	0.289260222146476	0.2627
ZBTB7A	4.85851522503931	0.184809409015471	0.289379927179556	0.2049
MAP1S	4.42110038155926	0.185142547480379	0.289826989092934	0.2063
LOC102723897	2.09473982976939	0.185205038291005	0.289899955332298	0.3574
LGALS8	5.4184683775558	0.18525684942342	0.28995619367918	0.1526
TBC1D10C	-0.957779544329913	0.185411557477479	0.290173458491972	1.0935
LINC00999	1.65262548236043	0.185772170303747	0.290663073454337	0.4015
NPLOC4	6.62118480152457	0.185808933880672	0.290695680600355	0.1389
KCTD20	5.17419140310137	0.185882760665914	0.290759963868949	0.1505
NDUFB2	6.31340791084674	0.185897803367571	0.290759963868949	0.1515
TRAPPC5	5.94014752326333	0.186246232538622	0.291279981258039	0.1564
TLE2	1.61837807132414	0.186513852964507	0.291591730707122	0.4086
ZNF610	3.51854275877	0.187259282523427	0.292663766950404	0.2504
PHTF2	6.08003509941332	0.187299354393479	0.29270133656971	0.1431
PRX	1.09535822780866	0.187615021268117	0.293119369128861	0.5125
FAM229A	-0.427863306754428	0.187786761324719	0.29336258041623	0.8621
HADHA	7.98935775692348	0.187870636133814	0.293468497754677	0.1444
ADCK5	2.53549965485115	0.187936476761495	0.293546228589823	0.2846
KGFLP2	1.57117821683491	0.188039791868608	0.293682474151194	0.4496
LINC01023	0.960756010655954	0.188078306334997	0.293717498755492	0.5583
TBRG1	4.93084063366517	0.188482828785292	0.294298881483433	0.158
PDE8B	0.678924675890223	0.188811799629601	0.294738320106919	0.6203
UNC119	2.99751196828264	0.188812700134225	0.294738320106919	0.2597
TMEM168	4.01871049587272	0.188847495111369	0.294757225028319	0.2159
ARIH2OS	-0.957819536994534	0.188857102385859	0.294757225028319	1.0955
PPP1R12C	5.40403739808888	0.188941511405652	0.2948637572424	0.1662
LINC01564	-1.06911169106417	0.189041224392119	0.294994152705575	1.2283
TMEM163	0.288226987944971	0.189078030885893	0.295026370243834	0.7278
SH3GLB1	6.73723432316212	0.190070421688416	0.296422827468284	0.1386
LOC101927934	0.39498755815233	0.190249351001273	0.296676531295741	0.6339
C20orf144	-1.62544376885914	0.190548203541536	0.297015710711603	1.6981
IFT74-AS1	-1.62544376885914	0.190548203541536	0.297015710711603	1.6981
LPP-AS2	0.015243580647359	0.190778261890986	0.297336060955529	0.7188
TOM1L1	5.70674305904389	0.190786295904528	0.297336060955529	0.1443
KANK2	5.49433273459822	0.190883255670098	0.29746177682572	0.161
SPACA6P-AS	-0.625396537069749	0.190901167157514	0.297464297339328	0.9105
TRIM3	1.80311174346097	0.191453053714556	0.298171553370836	0.3949
GLTPD2	-0.355379315002249	0.191721678055824	0.298538975996854	0.8066
ANG	-0.957858352389164	0.191895424401946	0.298784039904643	1.0925
PMS2P4	1.60042257487149	0.192053335421401	0.299004408276744	0.4148
LOC101927056	-0.9580171328736	0.192212140786072	0.299200617512836	1.097
AGPAT4-IT1	-0.9580171328736	0.192212140786072	0.299200617512836	1.097
NR3C2	-0.85505711860251	0.192273306371849	0.299270311290346	1.2809
WDFY2	3.33692428438375	0.19244669888265	0.299463598261307	0.2313
FAM155A	3.23967363603456	0.192722840478871	0.299842183039225	0.2419
ZNF827	4.91511747568756	0.192884090892482	0.300067487288722	0.1635
FCGR1A	-0.905341765513366	0.193110202376273	0.300344440100465	1.2094
LOC100133331	0.901196760818485	0.193269355182697	0.300564387785613	0.5298
CBS	1.14529613252017	0.193343723258599	0.300637902517199	0.4972
ATF7IP2	1.6959088440358	0.193349562524892	0.300637902517199	0.4046
TNNI2	-1.62564457184508	0.19363621971639	0.300981083622173	1.6998
INHBC	-1.62564457184508	0.19363621971639	0.300981083622173	1.6998
MIR5091	-1.62564457184508	0.19363621971639	0.300981083622173	1.6998
COLEC10	-1.62564457184508	0.19363621971639	0.300981083622173	1.6998
NEK8	1.58269693883361	0.193707620100788	0.301066432194789	0.4179
NUDT9P1	-1.62556451201702	0.193993227847381	0.301484665666279	1.7005
MYLPF	-1.62524293947563	0.194012350861129	0.301488719554032	1.6963
BCL10	6.34125472868547	0.194091522197065	0.301586077898513	0.1454
EIF1B-AS1	-1.62516285858714	0.194373088308496	0.301972181104578	1.6969
HSPA5	9.75484843042428	0.195114175725406	0.303020365124884	0.1497
CCDC181	-0.625591912487215	0.195195212753515	0.303120432462417	0.9117
SPTY2D1	5.27408841307041	0.195301988250984	0.303260448882365	0.1504
CDC42SE1	5.97606905191744	0.195678593352627	0.303767721109316	0.1413
ZNF570	1.7793329650315	0.195736116552863	0.303831183044729	0.3797
FAM89B	3.86573860551813	0.196055566225838	0.304210864290034	0.1993
GRIN2C	-1.25321490492953	0.196057894828453	0.304210864290034	1.2794
LOC105371730	-0.188658859130891	0.196064035343807	0.304210864290034	0.7758
RSPH10B	-1.62552383501593	0.196109024303547	0.304254809865348	1.6972
LOC100133985	-1.39102288821159	0.196862701109869	0.305346259257584	1.5305
SSNA1	5.5947668501501	0.196984613877325	0.305478448653305	0.1517
ZNF800	5.57466393165965	0.19698742908871	0.305478448653305	0.1431
UBE2Q2P2	-1.62528362394461	0.197220524293485	0.305745405188677	1.6996
C19orf38	-1.62528362394461	0.197220524293485	0.305745405188677	1.6996
CDK5R2	-1.62528362394461	0.197220524293485	0.305745405188677	1.6996
ZNF582-AS1	1.4057178932029	0.198291495976398	0.307197008702064	0.4328
LOC102723743	-0.189923464624445	0.198500542462696	0.307494773287992	0.7813
GON4L	5.90703294775417	0.198545590673777	0.307538461169224	0.1472
MESDC1	4.44938965499392	0.198754484882038	0.307809796064343	0.1762
SPATA4	-0.0690833241915777	0.198918135800061	0.308010982796092	0.7036
ZNF350-AS1	-1.25353387069603	0.198990118046464	0.308017940906923	1.2828
CTAGE6	-1.25353387069603	0.198990118046464	0.308017940906923	1.2828
FAM27C	-1.25353387069603	0.198990118046464	0.308017940906923	1.2828
CCDC186	5.2375211829953	0.199372390517778	0.30845274248242	0.178
MTIF3	5.0245658781458	0.199552598625511	0.308600782762162	0.1953
HSD17B12	6.48810980573879	0.199695204709722	0.308795159849287	0.154
RNF6	5.61683066241391	0.200284056365201	0.309679489540367	0.1551
STK26	6.2823496364197	0.200460716701414	0.309926392623731	0.1357
ZNF575	-0.957581918749283	0.200487563702517	0.309941651532996	1.0905
SULF2	-1.6253230161629	0.200535018474662	0.309988763528656	1.6944
ICAM1	5.49772050887423	0.200608652714141	0.310076332567044	0.1517
RAD51C	4.76242955958489	0.200738632097404	0.310226438570853	0.1762
YAE1D1	4.14494368923651	0.200739752346488	0.310226438570853	0.1939
MAP3K7	5.71338888970421	0.200811262886346	0.310310683532516	0.159
ADGRG6	6.7226292665234	0.200876401057707	0.310385067939865	0.1336
ZDHHC14	2.58700027456431	0.20117719576731	0.310823534692622	0.2824
APOBR	-1.62548444798941	0.201424266148435	0.311099949475959	1.7025
LHB	-1.62548444798941	0.201424266148435	0.311099949475959	1.7025
LOC102723885	-1.62548444798941	0.201424266148435	0.311099949475959	1.7025
CASC15	-0.957503096889129	0.20147673191054	0.311154658468727	1.0911
TXNDC11	4.35925728980592	0.201603211635083	0.311282366626205	0.1869
GPALPP1	4.89839615366896	0.20161057750812	0.311282366626205	0.1557
ZNF461	2.6322681407345	0.201735681745319	0.311449184434888	0.2911
ZXDA	1.40498159164634	0.201763273848258	0.311452866556023	0.4364
TNFRSF13C	-1.62508277349702	0.2019928947671	0.311767186918175	1.6971
WDR38	-1.54261037095251	0.202314650804753	0.312184622186761	1.8962
AREG	7.56692203386311	0.202453608227821	0.31234624117359	0.1568
FAM189A2	1.16991002395988	0.202580313143226	0.312515311538172	0.489
TNFAIP8	4.39689746939209	0.203008844754987	0.313097023726201	0.1669
NOTCH3	5.15840499285972	0.203181310752807	0.31328361563372	0.1613
MBNL1-AS1	0.71325782689181	0.203307753881233	0.313452103273016	0.5325
ACPP	1.57147479292682	0.20338738496145	0.313540751489499	0.4065
MAU2	3.99662929046197	0.203579893360816	0.31379217605497	0.2049
USP11	3.97756911647712	0.20363186009216	0.313829589678707	0.1931
IFIT5	4.24505283148789	0.203837140446322	0.314082616136736	0.2011
KCNIP3	-0.503721381166297	0.204419655552662	0.314873880507036	0.9295
ARID2	5.54471086260226	0.204511944722069	0.314989459448754	0.1556
PGM5	-1.25357296638876	0.204557171613129	0.315032539646473	1.2793
EPN1	6.26689535601866	0.204577105696272	0.315036663145604	0.1682
SNORA61	2.35359251579318	0.20486685100184	0.31541813691257	0.3
ELMOD2	5.37945174746002	0.204910285551406	0.315443306604812	0.1491
LOC101928323	-1.06962720181521	0.205888371302535	0.316842123113806	1.2403
LOC100132356	1.51604153147423	0.206318912906	0.31737091961678	0.4216
ERI3	5.63582280137073	0.206479123278653	0.317590603637635	0.1592
DIP2A	4.89730695848023	0.206704033407825	0.317882978173132	0.1505
GNMT	1.04351717547943	0.206723736314882	0.317886500182318	0.5275
SNHG9	1.88086650686988	0.207460565241872	0.318938954025737	0.3699
BRAF	4.86475544916899	0.207606303959418	0.319136130438123	0.1528
SH3BP5L	4.69094927285781	0.207664569289515	0.319185383720903	0.1959
ERBB4	-0.253080828609261	0.207673312217183	0.319185383720903	0.8263
NFU1	6.08823082993705	0.208103768859388	0.319800526101435	0.1374
LOC100507506	-1.253812449852	0.208108580745237	0.319800526101435	1.2851
CCDC62	-0.625240659711036	0.208373997715768	0.320181441149657	0.9121
LOC105372489	-0.855016706583593	0.208419357834094	0.320224187562634	0.9858
MTMR7	1.0561257212455	0.208726747297196	0.320669485707113	0.4935
C21orf33	3.01807232723589	0.209369143561266	0.321602278910768	0.2573
MEX3C	5.37937040707391	0.209950448474964	0.32242875588495	0.1395
TRAF6	3.4462302693685	0.209960180212548	0.32242875588495	0.2256
GNRHR	-0.543065977481843	0.210067120207777	0.322538717116331	0.844
HSD11B1L	-0.0124379751134827	0.210194351289235	0.32267979121563	0.6707
ZHX2	4.57933727748299	0.210464124039148	0.322985293246359	0.1592
RBBP9	5.20382037267262	0.2106294996998	0.323130432480634	0.1423
ARHGAP27	0.309857829319259	0.211128320177716	0.323814047984909	0.8618
TNNC1	1.18230305525552	0.211267573972448	0.324000405783015	0.4548
TMEM117	-0.427591131721835	0.211478733656334	0.324279135914997	0.8546
RPS15A	9.61078170236741	0.211925969042238	0.324846388819068	0.1719
MMP25	0.286959987521542	0.212049398063162	0.325008295780462	0.6382
KREMEN2	0.917234489013239	0.212171689338853	0.325168431881304	0.5569
MAP4K3	6.07045319391956	0.212274652383171	0.325290159306702	0.1333
GPKOW	4.4279462895733	0.212290015066463	0.325290159306702	0.1821
PVR	6.53924587569487	0.212304570997993	0.325290159306702	0.1309
NOXO1	-0.0125137667840916	0.212975474174502	0.326192665813003	0.6704
ZNF235	1.15675968657974	0.212982941306475	0.326192665813003	0.47
IRGQ	4.03723232865677	0.213343349369934	0.326689832754362	0.208
BTN2A3P	1.15720837644031	0.213551063001314	0.32696192827956	0.4658
LARP4B	5.38282042168493	0.213580638747433	0.32696192827956	0.1616
FITM2	2.05476191137626	0.213619073897486	0.326974915156578	0.3476
LOC100499489	0.886992197391889	0.213732475458338	0.327121065724968	0.5015
CLTCL1	2.28754558440272	0.213919945956269	0.32735310422277	0.3126
ZNF384	6.02967335435382	0.215449934240654	0.329363088217835	0.1355
DCST2	-0.0122863817222551	0.215521488794843	0.329444888172039	0.6715
C1QTNF9B	-1.62520354518604	0.215616537066616	0.329534993778832	1.702
WBSCR28	-1.62520354518604	0.215616537066616	0.329534993778832	1.702
MAT2B	6.12247210732861	0.215648665831894	0.329556507904491	0.1421
BCAR1	6.11609980371945	0.215714485332859	0.329629500647583	0.1328
LOC81691	2.41036459723243	0.215832461060277	0.329721269869959	0.2998
LOC102723989	-0.286257522925617	0.215989062290698	0.329883403887648	0.7588
RNFT2	2.08755819344871	0.216164290286092	0.330095799536838	0.3212
MLK7-AS1	-0.855095248991101	0.217095157627393	0.331434119221081	0.9853
CYB561D2	2.17184771301272	0.217778078138221	0.332393327856481	0.3596
MARK2	5.94598735096654	0.218024049324906	0.332677415174809	0.1357
TUBB2B	0.0427514321887034	0.218144582765306	0.332813597105418	0.7578
SFT2D1	4.67084231632143	0.21852553439995	0.333311233687483	0.1761
EGR1	4.95987128912455	0.21890625939827	0.333836160017945	0.1797
YIPF2	5.31988851836505	0.218969030875654	0.333903994960403	0.1379
CASKIN1	0.169658447760884	0.219230158693151	0.334274265188522	0.6351
CMC1	4.5605233985979	0.2194092545173	0.334491469767668	0.1912
VPS36	4.94752350351755	0.219945676115904	0.335253257340898	0.1485
MSI1	0.332344667608802	0.220745850986391	0.336332520080751	0.6089
ANKMY1	3.84877685095608	0.22083829169507	0.336445285252875	0.1904
ZNF682	3.06507971622098	0.220868580536662	0.336463351658653	0.2974
LOC100996643	-1.06938892607859	0.221629958506645	0.337482402410319	1.2291
HIC1	-0.854584076802514	0.221745096350644	0.337616380310723	0.986
ICE2	5.36668653928019	0.221754930779244	0.337616380310723	0.1409
ZNF852	2.54881973388681	0.222665855656635	0.338918447629443	0.2727
HCFC2	3.60107462712037	0.222729865136596	0.338987612999891	0.2122
FAM131A	2.70704843297702	0.223037025978183	0.339370223892124	0.2829
RNF122	0.731388455028458	0.223239412778955	0.339649864129727	0.5557
SERPINE1	-0.427360196877345	0.223328694843009	0.339757387754498	0.8656
ZNF253	4.01839475229274	0.223488106927381	0.339943249463946	0.1897
KATNAL1	3.33696954665722	0.223727683495704	0.340279312663298	0.2196
LOC102724441	-1.62540437976183	0.223910342382242	0.340528757958198	1.708
ZNF624	2.61766415225157	0.22422273521782	0.340918651964398	0.2684
ASB9	3.04239040614019	0.224668800105973	0.34148310837854	0.228
ZNF517	0.437748268981085	0.224755726133064	0.341586791232536	0.6018
OSBPL9	7.73692106225871	0.224867584960529	0.341728346877501	0.133
ZKSCAN3	-1.12801741203846	0.224949857672087	0.341796471216114	1.1105
C9orf106	-1.12801741203846	0.224949857672087	0.341796471216114	1.1105
SLC4A5	3.39943875177288	0.225053272928203	0.34192514568719	0.2176
FLJ20021	1.12018679274622	0.225528700788473	0.342590444466164	0.4476
PQLC3	3.28001544244314	0.225930329781962	0.343171986063691	0.2236
SULT1C2	-1.12773968335719	0.226198690596027	0.343551022921886	1.1099
ANKRD63	-0.465000094963004	0.226802151040551	0.34441025365133	0.786
NFAT5	7.1843788468584	0.226903555433415	0.344535582466308	0.1252
SYVN1	4.52377027867718	0.226949493753918	0.344576676478005	0.1611
ZNF573	2.67432017919309	0.227584585152537	0.34545474237505	0.2678
CCDC153	-0.464805940690002	0.227914040948783	0.34589730913301	0.7851
CEP19	2.44187595916468	0.228208651146172	0.346315638846594	0.2737
GDI1	6.25650290764078	0.228314007805612	0.346446723173407	0.1321
CABIN1	5.08651319080026	0.228480024507511	0.346547101160613	0.1411
PON3	0.0424117745233496	0.22864983239052	0.346547101160613	0.6405
LOC101927767	-1.90566909465378	0.228777279708851	0.346547101160613	2.0807
SRL	-1.90566909465378	0.228777279708851	0.346547101160613	2.0807
MIR4728	-1.90566909465378	0.228777279708851	0.346547101160613	2.0807
LOC101928844	-1.90566909465378	0.228777279708851	0.346547101160613	2.0807
CDK15	-1.90566909465378	0.228777279708851	0.346547101160613	2.0807
C1orf194	-1.90546729005054	0.228835741919982	0.346547101160613	2.0789
GSTM2	-1.90546729005054	0.228835741919982	0.346547101160613	2.0789
SLC12A3	-1.90546729005054	0.228835741919982	0.346547101160613	2.0789
PKD1L3	-1.90546729005054	0.228835741919982	0.346547101160613	2.0789
MIR7845	-1.90546729005054	0.228835741919982	0.346547101160613	2.0789
LINC01088	-1.90546729005054	0.228835741919982	0.346547101160613	2.0789
RASGEF1C	-1.90546729005054	0.228835741919982	0.346547101160613	2.0789
LOC100996574	-1.90546729005054	0.228835741919982	0.346547101160613	2.0789
LOC105378592	-1.90558864143049	0.228985016375639	0.34668688496879	2.0814
LANCL1-AS1	-1.90558864143049	0.228985016375639	0.34668688496879	2.0814
LOC100996351	-1.90538682608672	0.229043953466271	0.346689861079533	2.0796
SCN1B	-1.90538682608672	0.229043953466271	0.346689861079533	2.0796
MIR103A2	-1.90538682608672	0.229043953466271	0.346689861079533	2.0796
DYNLT1	6.73073445341458	0.229208873812425	0.346766984363937	0.2082
ZFAND2B	3.86064662745942	0.229319576563531	0.346831632220829	0.2026
HSP90B1	9.63039872884368	0.229408023549311	0.346924526003663	0.142
ZNF503-AS2	-0.543104280161823	0.229621334147112	0.3472183447519	0.8412
LOC730183	0.496747393307632	0.229852407938403	0.347481414319599	0.6365
EIF2S2	8.47581267890771	0.230151392661928	0.347875792717019	0.145
NPFF	0.0158491805044988	0.23084345766744	0.348777469434477	0.7225
EBLN2	0.608052298289596	0.23087674273092	0.348798892361443	0.5784
LOC100507431	-1.12809658119996	0.231004118674978	0.348962448533752	1.1101
C2orf16	0.457015309866005	0.231157778869316	0.349136792507507	0.5565
RNF115	5.50321546262725	0.231326157083105	0.349333304963947	0.1379
H3F3A	7.22524243640658	0.231745569437098	0.349798791926337	0.1365
KLF10	7.87224029625017	0.231749363954264	0.349798791926337	0.1247
COMT	5.59814707252941	0.231776094905944	0.349810217311749	0.1366
C6orf201	-1.25317580019214	0.231902807046083	0.349943597737914	1.2845
SERTAD2	5.96080951833028	0.232531991766221	0.350690131489808	0.1301
NEDD9	2.68419432840719	0.232683562679828	0.350889734039562	0.2484
TGFBR3	-1.12813676917038	0.232754919337046	0.350939363017601	1.1127
TAC4	-1.12813676917038	0.232754919337046	0.350939363017601	1.1127
C15orf41	3.95706173932392	0.233017440709038	0.351306168765728	0.1806
C3orf49	-1.12785906167814	0.233250225381308	0.351628085430318	1.1118
DCAF5	6.04847319981305	0.233301692661776	0.351676632914985	0.1499
ELL	3.69995960701189	0.23358314903909	0.352042761401604	0.2033
LOC100130744	1.60039234449337	0.233822353652486	0.352339022567539	0.3731
VEGFB	4.73053404117172	0.233921766332769	0.352407638733374	0.1475
LOC284080	1.25363717327626	0.234123104235243	0.352663654155394	0.4311
LRRC8E	3.63004125926144	0.234149657757314	0.352663654155394	0.1947
GRM6	-1.12766049611288	0.234205810304319	0.352719128272203	1.1103
MIR940	-1.90574954359419	0.234423807172559	0.352960084432349	2.08
SLC6A4	-1.90574954359419	0.234423807172559	0.352960084432349	2.08
TMEM249	-1.90574954359419	0.234423807172559	0.352960084432349	2.08
CASP5	-1.90554774973041	0.23451576079104	0.3529602141794	2.0773
LOC285626	-1.90554774973041	0.23451576079104	0.3529602141794	2.0773
ERVFRD-1	-1.90554774973041	0.23451576079104	0.3529602141794	2.0773
LOC100132781	-1.90554774973041	0.23451576079104	0.3529602141794	2.0773
C16orf95	0.662507086325658	0.235305059870094	0.354053339898495	0.5104
LOC105376779	-1.90550818392388	0.235332017605797	0.354064720076761	2.0832
SLC30A2	-1.90530635783849	0.23543153989651	0.354097725519087	2.0803
LOC105375110	-1.90530635783849	0.23543153989651	0.354097725519087	2.0803
C9orf139	-1.90530635783849	0.23543153989651	0.354097725519087	2.0803
SNORD78	0.0424873564802457	0.235504358820396	0.354148894120687	0.6408
SLC16A1-AS1	1.63588653299905	0.235551927048087	0.354191251148165	0.3658
NPIPB9	-0.15815559943586	0.235623506505456	0.354265900739357	0.6791
LOC101928414	-1.12754110264217	0.23564038303451	0.354265900739357	1.108
NPHP3-ACAD11	-0.0129319374434266	0.235776301835969	0.354441054538657	0.6755
SLC40A1	-0.158194273243621	0.235808904829437	0.354460878268111	0.6808
IL12A	0.094750411010942	0.236089118436252	0.354728540500619	0.6141
MAP3K2	6.61626177519395	0.236606457835583	0.355337898506614	0.1291
ZKSCAN2	2.58246037741092	0.237098024497285	0.355988283183027	0.2732
LOC728715	2.08124348503769	0.237249332108831	0.356186168337074	0.3334
CRYM	0.332862553014987	0.237625865199939	0.356663470779421	0.713
PPP2R5A	5.59362535154696	0.238127485576241	0.357357614194809	0.1348
BOLA2	2.11390381163811	0.238329154913859	0.357630860768322	0.3148
HIST2H3D	-1.25337501240075	0.238575123285405	0.357941111990331	1.2893
NPFFR2	-0.543377765501518	0.238734544063406	0.358150861732396	0.8495
CETN2	6.28016817171013	0.238955806511261	0.358394446571605	0.142
EFCAB14-AS1	-1.46503435505205	0.239334508108376	0.358756119552222	1.3551
LOC101060553	-1.46503435505205	0.239334508108376	0.358756119552222	1.3551
LOC105370374	-1.46503435505205	0.239334508108376	0.358756119552222	1.3551
C16orf86	-1.46503435505205	0.239334508108376	0.358756119552222	1.3551
TTC21B-AS1	-1.46483418805428	0.239722964842992	0.359220425689376	1.3538
BABAM1	6.94705385289044	0.239791274662272	0.359265121730177	0.1249
ATP1A1	8.06184496713588	0.239913882145506	0.359414842547079	0.126
FNBP4	6.12668857427881	0.239951144881891	0.359414842547079	0.1317
IAH1	4.89395907705408	0.240969119962137	0.360821215061416	0.1593
CENPBD1P1	4.56595494599036	0.241629619855084	0.361661911951661	0.1646
TRG-GCC1-5	-0.428056044694878	0.241694397520197	0.361729211438655	0.858
KCP	0.69622907290311	0.241832168282117	0.361876070832649	0.5021
SMAD3	6.92684934810293	0.241939142973575	0.362006474397639	0.1326
SCARNA12	0.30926649691027	0.242054378558021	0.362119539044107	0.5724
LOC100131347	-0.427825175286028	0.242154913895683	0.362240257954735	0.8718
ZBED1	-1.12769948520779	0.242693844618535	0.362986959475338	1.1059
SLC24A5	-1.4649545448888	0.243039455170143	0.363444322869113	1.3558
MUS81	4.53339534218288	0.24332194694865	0.363794368180123	0.1551
LOC654841	-0.286758581117829	0.243324118245947	0.363794368180123	0.7653
C1orf168	-1.46475436749806	0.243519699922228	0.364043206827726	1.3543
MGC72080	3.42598790704747	0.243698217912244	0.364250422974122	0.2
LPIN3	3.60657141580817	0.2440338451211	0.364662509333781	0.209
HIST1H2BF	0.217139402363997	0.244070677962816	0.364687698223045	0.6158
LRRC28	2.38106783429883	0.24419026877194	0.364836528905847	0.2821
NEBL	3.41255498144429	0.245147176622715	0.366176309640344	0.217
GFPT2	2.27034330792444	0.245204982426723	0.366232689125603	0.2826
LOC105378948	0.0161912866782812	0.245531950076374	0.366661045447385	0.7129
RNF5P1	0.1449851948536	0.24670737625922	0.368205515123309	0.5903
POPDC2	-1.46523449600203	0.246796463557911	0.36830836579034	1.3573
WNT5A	-0.759129866523234	0.247317770990952	0.368935547247166	0.8994
S100P	1.29935595147379	0.247720384167344	0.369475762529332	0.4151
CXCL2	2.95606384413772	0.248241415414423	0.370192393383901	0.2211
RPS24	10.4185824475056	0.248276104449432	0.370213882449467	0.1545
TPMT	5.12398945551782	0.248461124801826	0.370429260464038	0.134
ZNF670	2.93636553596545	0.2486014923533	0.370517498930676	0.2527
MOB3C	3.28597323201606	0.248792508477709	0.37074165658061	0.2221
BTAF1	6.07744168167557	0.249021275668018	0.37104438267375	0.1306
ATP5G3	8.02510640446247	0.249959977246211	0.372329417804082	0.1654
GSE1	6.92309614691676	0.250336454935253	0.372768541704566	0.1245
RAB19	1.5835798907994	0.250410354502725	0.372848171584843	0.4098
MZF1-AS1	0.696987729037804	0.250775340472864	0.373300278512118	0.5004
RNLS	2.74991214516675	0.250874511311848	0.373364242747639	0.2388
MAN1B1-AS1	0.841065544046943	0.250879665084645	0.373364242747639	0.4866
LOC100049716	0.353679815213519	0.25090612572094	0.37337318480286	0.5499
ZNF304	4.33629571358072	0.251299508123166	0.373836686790786	0.1549
LNPEP	5.60881156655733	0.251341127968245	0.373868135923432	0.1273
KCNQ1	-1.46471382180674	0.251623679524847	0.374136006955987	1.3501
PLCL1	-1.46471382180674	0.251623679524847	0.374136006955987	1.3501
AMZ1	-1.46471382180674	0.251623679524847	0.374136006955987	1.3501
MIR4479	-1.46471382180674	0.251623679524847	0.374136006955987	1.3501
CCDC53	3.39684230489019	0.251776845239287	0.37430277578896	0.2276
SPON2	0.662108699807738	0.251819487885095	0.374335686900928	0.5098
ZNF343	3.87375962254877	0.252430763543446	0.375152720551054	0.1739
PLA2G4C	-1.01239669024663	0.252658166891841	0.37542955353878	0.9816
TGIF2	4.5579327521168	0.25272954805861	0.375505056511596	0.2035
NOMO1	1.79776930261502	0.252809871080497	0.375576229622831	1.0621
LOC101927478	-1.4651939629429	0.252818595849856	0.375576229622831	1.3539
NUP210L	-0.391323573969607	0.252873661171467	0.375627466098153	0.7378
COPG1	6.62803214456923	0.253377576508556	0.376253541299837	0.1225
LOC100506804	-0.158691155810157	0.253443685220046	0.376321099420671	0.6804
ABHD16B	2.01532262942053	0.253602456378549	0.376526223458588	0.3276
SCOC-AS1	1.13404275558001	0.253717599076178	0.376666543769595	0.463
DKFZP434I0714	2.48556281253805	0.253863826120424	0.376849408140606	0.2772
SNHG20	1.79469214216942	0.253882059088591	0.376849408140606	0.3872
NCAM2	0.395544554971941	0.254084577346033	0.377119353173104	0.5337
METTL12	1.88904601879169	0.254591323759465	0.377657567343212	0.3835
FOSB	-0.157772679061413	0.255106312266067	0.377657567343212	0.6758
LMAN1	7.43248193738696	0.255181511895226	0.377657567343212	0.1178
RRN3P3	1.87470425656384	0.255320104378827	0.377657567343212	0.417
WWOX	4.05626582981147	0.25534411736101	0.377657567343212	0.1751
ZNF76	4.07501962865451	0.255826566627482	0.377657567343212	0.1868
SMTNL1	-1.90582998825216	0.256631984817181	0.377657567343212	2.078
ARL17A	-1.90582998825216	0.256631984817181	0.377657567343212	2.078
VARS2	-1.90562820512675	0.256872160228622	0.377657567343212	2.0714
MSANTD1	-1.01219876711439	0.257081939562891	0.377657567343212	0.9805
LOC283140	-2.25334648123409	0.257115792315337	0.377657567343212	3.707
SLITRK5	-2.25334648123409	0.257115792315337	0.377657567343212	3.707
SH3GL3	-2.25334648123409	0.257115792315337	0.377657567343212	3.707
LOC400499	-2.25334648123409	0.257115792315337	0.377657567343212	3.707
Mar-10	-2.25334648123409	0.257115792315337	0.377657567343212	3.707
JSRP1	-2.25334648123409	0.257115792315337	0.377657567343212	3.707
GCKR	-2.25334648123409	0.257115792315337	0.377657567343212	3.707
LOC101927764	-2.25334648123409	0.257115792315337	0.377657567343212	3.707
MIR149	-2.25334648123409	0.257115792315337	0.377657567343212	3.707
CECR1	-2.25334648123409	0.257115792315337	0.377657567343212	3.707
LOC101927211	-2.25334648123409	0.257115792315337	0.377657567343212	3.707
MAPK15	-2.25334648123409	0.257115792315337	0.377657567343212	3.707
HMCN2	-2.25334648123409	0.257115792315337	0.377657567343212	3.707
MIR200B	-2.25342733619313	0.257115792315337	0.377657567343212	3.7061
RNVU1-1	-2.25342733619313	0.257115792315337	0.377657567343212	3.7061
BECN2	-2.25342733619313	0.257115792315337	0.377657567343212	3.7061
ALKBH3-AS1	-2.25342733619313	0.257115792315337	0.377657567343212	3.7061
KCNE3	-2.25342733619313	0.257115792315337	0.377657567343212	3.7061
MIR6772	-2.25342733619313	0.257115792315337	0.377657567343212	3.7061
HSPB6	-2.25342733619313	0.257115792315337	0.377657567343212	3.7061
LOC100133286	-2.25342733619313	0.257115792315337	0.377657567343212	3.7061
BRWD1-AS1	-2.25342733619313	0.257115792315337	0.377657567343212	3.7061
LOC105373071	-2.25342733619313	0.257115792315337	0.377657567343212	3.7061
UBE2E1-AS1	-2.25342733619313	0.257115792315337	0.377657567343212	3.7061
CCR3	-2.25342733619313	0.257115792315337	0.377657567343212	3.7061
LINC01085	-2.25342733619313	0.257115792315337	0.377657567343212	3.7061
LOC340017	-2.25342733619313	0.257115792315337	0.377657567343212	3.7061
LOC101929692	-2.25342733619313	0.257115792315337	0.377657567343212	3.7061
SMO	-2.25342733619313	0.257115792315337	0.377657567343212	3.7061
GDPD2	-2.25342733619313	0.257115792315337	0.377657567343212	3.7061
RPA4	-2.25342733619313	0.257115792315337	0.377657567343212	3.7061
HCRTR1	-2.25350818678322	0.257115792315337	0.377657567343212	3.7052
LOC101929224	-2.25350818678322	0.257115792315337	0.377657567343212	3.7052
MIR135B	-2.25350818678322	0.257115792315337	0.377657567343212	3.7052
MGAT4C	-2.25350818678322	0.257115792315337	0.377657567343212	3.7052
ATP5EP2	-2.25350818678322	0.257115792315337	0.377657567343212	3.7052
FGF14	-2.25350818678322	0.257115792315337	0.377657567343212	3.7052
LOC102723534	-2.25350818678322	0.257115792315337	0.377657567343212	3.7052
RRN3P2	-2.25350818678322	0.257115792315337	0.377657567343212	3.7052
PYCARD	-2.25350818678322	0.257115792315337	0.377657567343212	3.7052
IL34	-2.25350818678322	0.257115792315337	0.377657567343212	3.7052
TBC1D3	-2.25350818678322	0.257115792315337	0.377657567343212	3.7052
LOC101928766	-2.25350818678322	0.257115792315337	0.377657567343212	3.7052
CYP4F2	-2.25350818678322	0.257115792315337	0.377657567343212	3.7052
SLC9A4	-2.25350818678322	0.257115792315337	0.377657567343212	3.7052
MYO7B	-2.25350818678322	0.257115792315337	0.377657567343212	3.7052
UGT1A3	-2.25350818678322	0.257115792315337	0.377657567343212	3.7052
NPY1R	-2.25350818678322	0.257115792315337	0.377657567343212	3.7052
KCNIP1	-2.25350818678322	0.257115792315337	0.377657567343212	3.7052
DGKB	-2.25350818678322	0.257115792315337	0.377657567343212	3.7052
TTC16	-2.25350818678322	0.257115792315337	0.377657567343212	3.7052
DMD	-2.25350818678322	0.257115792315337	0.377657567343212	3.7052
NPR1	-2.2535890330048	0.257115792315337	0.377657567343212	3.7043
CRTAC1	-2.2535890330048	0.257115792315337	0.377657567343212	3.7043
IRAK3	-2.2535890330048	0.257115792315337	0.377657567343212	3.7043
WFIKKN1	-2.2535890330048	0.257115792315337	0.377657567343212	3.7043
LOC643802	-2.2535890330048	0.257115792315337	0.377657567343212	3.7043
EPX	-2.2535890330048	0.257115792315337	0.377657567343212	3.7043
CCDC8	-2.2535890330048	0.257115792315337	0.377657567343212	3.7043
LOC105379194	-2.2535890330048	0.257115792315337	0.377657567343212	3.7043
IP6K3	-2.2535890330048	0.257115792315337	0.377657567343212	3.7043
TRPA1	-2.2535890330048	0.257115792315337	0.377657567343212	3.7043
BAALC	-2.2535890330048	0.257115792315337	0.377657567343212	3.7043
DBH-AS1	-2.2535890330048	0.257115792315337	0.377657567343212	3.7043
EHMT1-IT1	-2.2535890330048	0.257115792315337	0.377657567343212	3.7043
CYBB	-2.2535890330048	0.257115792315337	0.377657567343212	3.7043
MAP2K1	6.44509272290625	0.257504203995485	0.378167222921855	0.1305
CTB-178M22.2	-0.465543181707699	0.257565341494398	0.378226582554837	0.7886
LAMA5	8.3925779313428	0.257780079043749	0.378481029678517	0.1215
ZNF747	2.07490471040465	0.258570481893897	0.379549949140065	0.2978
TMEM51	4.48272950418251	0.25865355309114	0.379641362375933	0.1496
LINC00598	-1.90542772213355	0.258798392003275	0.379731831249943	2.0892
LENG8-AS1	-1.90542772213355	0.258798392003275	0.379731831249943	2.0892
ZNF799	2.83295471957496	0.259115530255862	0.380166609366794	0.234
ALMS1-IT1	0.217177187569757	0.259153968447276	0.38019245001394	0.6135
TCF7L1	-0.624889330599563	0.259402216196248	0.380526063389209	0.9129
IL2RB	-1.01251566965053	0.259441196634465	0.380552666379462	0.9832
SDF2	4.49740977846843	0.26001109963077	0.381296701330174	0.1472
WNK1	7.74196601039532	0.2602291335082	0.381585788058289	0.1231
LAMTOR1	5.98319196629587	0.260635621485039	0.382120455013723	0.1283
NADK	4.85420731767485	0.260735038006931	0.382235513840403	0.1612
COQ10A	2.46497981745042	0.26144677583822	0.383125087470103	0.3022
FER1L5	-1.01211982840616	0.261673783560625	0.383423443087514	0.9807
GALK2	4.07807388813512	0.261692380634883	0.383423443087514	0.1762
GLE1	6.28195519215223	0.262290897205523	0.38420786483062	0.1213
MT1F	1.95117842278396	0.262487181763979	0.384438368006828	0.3249
RBM26-AS1	1.87274247719756	0.262490373422717	0.384438368006828	0.3241
GRIN1	0.12052099123405	0.26255279042605	0.384468122492509	0.6678
ZNF24	6.40534177352647	0.262680627534346	0.384624441471529	0.1215
DMAP1	4.60061662832391	0.262724902880577	0.38465841903824	0.1537
LOC105371414	2.9297470766929	0.262980587758325	0.385001893353327	0.2376
FRRS1	3.48116455125774	0.263186003978505	0.385271725493672	0.2032
ASB6	4.96995457774111	0.263339592797175	0.385465651547886	0.1498
ZNF426	4.51911509894107	0.264315155947262	0.386738597978137	0.1444
TBC1D12	3.60950585483696	0.264722453446283	0.387303502974463	0.191
MTX2	5.22205982489032	0.264895184980224	0.387525162032132	0.1423
DNAJC17	2.82791238567985	0.26504449802271	0.387712528517837	0.2617
TPT1	10.3490557698247	0.265380789398541	0.388168954375243	0.1375
ACSS2	4.34369750103429	0.265838624014331	0.388780735400595	0.1773
CDKL2	-1.01255453592498	0.265884000796351	0.388815949898925	0.9804
SYT7	3.41487355962431	0.26593484976411	0.388859160375939	0.1935
MAP3K8	3.28083477184282	0.266214122678861	0.389205175272306	0.2291
RIMS2	0.458044091927616	0.267067365524601	0.390421350497848	0.6523
SEMA4G	1.26381461939328	0.267451815337096	0.390952065080793	0.4039
MITF	6.26199594602087	0.268815221481077	0.392787792809232	0.1183
TSC22D3	4.52231380512785	0.270260569343464	0.394836503996021	0.1438
MGRN1	5.22609532657974	0.270903991110855	0.395744839699109	0.14
ZSWIM8-AS1	-0.759090159733929	0.271459584743723	0.396524738284639	0.8963
TMEM190	-1.12825611720235	0.271483635014988	0.396528141518011	1.1215
PRCC	5.69339836858472	0.271558731499673	0.396606096180643	0.1224
C20orf141	-1.01287136687087	0.271639355798451	0.396692110987643	0.9846
ARL5B	6.30804765101507	0.271792770055695	0.3968526601725	0.1168
LRRC46	0.265274976651386	0.27233115731135	0.397575178558657	0.5893
TSPO2	-0.583563037125896	0.272384532338572	0.397621303564127	0.7616
ACAT1	6.44699690057387	0.272653675070651	0.397982369240409	0.1223
ZNF891	2.70870327573154	0.272871050042055	0.398255356137547	0.2428
MIR4426	0.497559082653544	0.272884325697008	0.398255356137547	0.5305
LOC105376204	-0.854623936279046	0.273003111868824	0.398333184964614	0.9924
LINC00921	0.0152071140367551	0.273065333405891	0.398374005842426	0.5893
DNAJC16	4.49693277330837	0.273395628720684	0.398778411467307	0.143
CCDC114	-0.54372778181287	0.27351314641825	0.39891795166666	0.8538
LOC100507557	-1.01271355296551	0.273549748126156	0.398939463316114	0.9862
TWF2	4.74549034468032	0.273660127272485	0.399049832627657	0.148
ZNF790-AS1	2.40568426565619	0.273798490391945	0.399206552239865	0.2663
LOC100505921	-0.583758103663084	0.273879429438168	0.39926078925363	0.7625
KIAA1147	0.573255216918351	0.273941917914111	0.399288116043114	0.5019
KIFC2	2.65523886096602	0.274611386796142	0.400200006174692	0.261
TMEM91	1.87308604094651	0.274693706052753	0.400256069734141	0.322
ZNF789	4.08355709019279	0.274851862285665	0.400422599783505	0.1576
OOEP	-0.158193306893544	0.27502997111013	0.400650107930621	0.6743
UBXN8	2.86431402045445	0.275098954584991	0.400686653494781	0.2264
PPP1R21	4.37451111273096	0.275148733930425	0.400727186807646	0.1539
PIF1	3.96794494828988	0.275656260280872	0.401370289335429	0.1662
ANKRD13B	1.67920452658394	0.275699991056979	0.401401948858459	0.3361
BICD2	5.99193961709064	0.275732401204891	0.401417122519656	0.1176
EFTUD1	3.97425064419	0.275829432017033	0.401526362403553	0.1651
LOC101928978	0.795167204113946	0.2768906105773	0.402910488338848	0.4663
IL15	2.27046153651838	0.27724848247866	0.403339710839654	0.2597
INHBA	-1.62548315693546	0.277251864117376	0.403339710839654	1.6761
ZNF880	3.85996712996915	0.277418655426847	0.403550197089444	0.1731
LOC105376337	1.56336797337282	0.277496272261502	0.403630941471275	0.3454
DLEU2L	-0.253270395842681	0.278259675255869	0.40470910065895	0.654
ACAD8	4.57979605012038	0.279236999694287	0.406033505887607	0.146
ELF2	5.11944587251112	0.280343567060675	0.40752049373061	0.1239
COX3	13.5368928462656	0.280451176130576	0.407636677662403	0.2009
ANKEF1	4.12750468937179	0.280490698114591	0.407661665853035	0.1557
NKPD1	-0.668006255395775	0.280579877569908	0.407726358745223	0.8178
RBP7	-0.905614839801893	0.280731601537625	0.407887206102433	0.881
EPHA10	2.5454698752487	0.280735251132618	0.407887206102433	0.2657
TEKT3	-1.46507362484641	0.281249910470976	0.408554739051599	1.3469
TMEM253	-1.32049982978823	0.281300061285634	0.408554739051599	1.1328
WAS	-1.32049982978823	0.281300061285634	0.408554739051599	1.1328
TM9SF2	7.10359218702865	0.281691042874211	0.409074383488636	0.1168
SEC31A	6.68635946123102	0.282361648135232	0.409831007353822	0.1299
C2orf27A	-0.905338887800108	0.282364943607383	0.409831007353822	0.8804
CCDC150	3.2946770639132	0.283295071850382	0.411115646399092	0.199
LOC100506606	1.44789248388454	0.283460875701185	0.411323563055468	0.37
ARGLU1	6.41368646881678	0.283556237001296	0.411396539990118	0.1331
DPF3	-1.32077888645706	0.283792915837162	0.411674491181821	1.1337
LOC105373985	-1.32077888645706	0.283792915837162	0.411674491181821	1.1337
TMPO-AS1	1.9474626662454	0.283837091616912	0.411705859253007	0.3685
DDX11L10	0.644284267444836	0.284137188307152	0.412042935081052	0.4792
TECTA	-1.3206993388558	0.284345701114676	0.412312559138168	1.1342
ZRANB2	7.65125076245842	0.284822810469298	0.41297158509471	0.1325
XKR5	-1.32030029501132	0.285735921612971	0.414098196790219	1.1314
MIR6859-1	-1.46459471394495	0.286218263238554	0.414657294682051	1.3569
NCK1-AS1	2.58122117596273	0.286769482836384	0.415384000153023	0.2383
CCDC162P	-0.543064898928305	0.286949675598144	0.415554093197004	0.8336
CCBL2	4.35036527492187	0.286968144880293	0.415554093197004	0.1752
ARRDC1-AS1	3.74243650198077	0.287146053082284	0.415778739298079	0.1903
HIST1H2BJ	0.987527252738173	0.287248251351497	0.415860751520454	0.4296
MIR503	-1.3206589414098	0.287312830557445	0.415921261966276	1.1317
SDHA	7.37290292835681	0.287387063555483	0.415995736779963	0.1098
N4BP2L2-IT2	0.516421327577771	0.287880576833129	0.416677064192944	0.4847
ZC3H12A	3.81841400002746	0.288664988018442	0.417646855386328	0.1716
RABEP2	3.09122163209162	0.288699074115667	0.417663071325431	0.2005
FAM166A	-1.32042026783919	0.289024955214814	0.418080550796985	1.1335
GORASP1	4.20619119108173	0.289205026558745	0.418229322311189	0.1557
FAM208A	7.00273002034152	0.289272252423606	0.418260275641166	0.1195
HSBP1L1	4.6986341445073	0.289587118323491	0.418636294564002	0.1313
LOC101928979	1.12119258331727	0.289594382127125	0.418636294564002	0.4379
SUZ12P1	2.9410729228027	0.290499732434242	0.419835585443281	0.2106
TMEM139	0.591242414537832	0.290782951002862	0.420211632510746	0.5308
IGFL4	-1.32085842996737	0.290992082817609	0.420414012655767	1.1334
SNCAIP	-1.32085842996737	0.290992082817609	0.420414012655767	1.1334
PRR12	4.31267830491189	0.291031385686427	0.420437522916152	0.1642
ASB14	0.554081277156342	0.291111569901521	0.420520083883698	0.472
CMTR1	4.8365584624563	0.292234351685663	0.421878386810194	0.1261
C3orf20	-1.32045942714779	0.292498703041769	0.422223161439909	1.1295
LINC00854	-1.32061978716325	0.292812224962619	0.422608900222751	1.1356
CDKN2A-AS1	-1.32061978716325	0.292812224962619	0.422608900222751	1.1356
TBC1D22B	4.25640282598639	0.292842906809779	0.422619771282159	0.1439
BLOC1S3	2.46659696343828	0.293014689321313	0.42280083530271	0.2387
SLC50A1	4.66292213430425	0.293192281239441	0.42302365338712	0.1577
PDE9A	2.63836648679549	0.293518122810813	0.423460316898547	0.26
LOC100129216	-0.905890743759958	0.2939420157968	0.424004854644941	0.8821
LINC01126	-1.01215989201978	0.294029586808803	0.424097664279174	0.9846
CDPF1	2.18862532631049	0.294150903256237	0.424239128602139	0.2745
SLC26A8	-1.32022072280336	0.294399050734678	0.424511709167676	1.1316
ANKRD26	5.05609067060792	0.294409659825369	0.424511709167676	0.1419
WNT10A	0.286589782376579	0.294704178047908	0.424869262768903	0.5304
FAM45B	2.15132740422465	0.294762882984162	0.424920340473694	0.3022
GNPAT	5.45074178423986	0.295137136610159	0.425359087862561	0.1362
TMUB1	4.52222090289106	0.295305857781931	0.425568656430923	0.1506
RNMT	5.76393745528788	0.295397927612123	0.425667737507848	0.1131
HOXC-AS1	0.534623657814447	0.295434673421661	0.425687087449553	0.5306
SNRK	3.30695312686494	0.295811558607343	0.426162864104771	0.1851
FBXL22	-0.189193615507562	0.295913832636005	0.4262765666064	0.6203
LENG8	0.917331011541104	0.296110593912745	0.42652635335893	0.9039
LOC105377200	2.36090985730404	0.296469974715006	0.426909280517207	0.2815
EFCAB5	-0.905654756882617	0.296655620826419	0.427100496582541	0.884
FAM86FP	0.194405339706182	0.296667090108698	0.427100496582541	0.5701
ZFAND2A	4.36067947468557	0.296672951203068	0.427100496582541	0.1406
CIART	-0.503718556008252	0.297153485164623	0.427724830494785	0.71
ATXN7	4.8510371180026	0.297459540172261	0.428097860889617	0.1423
SCMH1	5.17989224436594	0.297723239493997	0.428443596106134	0.1402
SEMA3F	-0.0400821171580943	0.297969611025904	0.428730550038532	0.6104
FAM66B	0.265050439283851	0.298213856338647	0.429048164655871	0.5942
ZNF783	3.2123608495514	0.298552655947936	0.429501756263634	0.2071
LOC100506504	-0.287143753335025	0.299626604646901	0.430809111950368	0.7757
ANO2	-1.71287801955095	0.299929177359101	0.431176239221022	1.4842
IFI27L2	-1.71287801955095	0.299929177359101	0.431176239221022	1.4842
LYPD5	-0.321025387154757	0.300182642042061	0.431347764808913	0.6999
RNF41	5.0888062938895	0.300190258101295	0.431347764808913	0.1207
LOC101929128	1.36284660686407	0.300712961943653	0.432030836015057	0.356
ARL6IP5	6.71719891056183	0.301079579804909	0.432421430958887	0.1102
ZNF784	2.10181028613776	0.301266798924075	0.432656283917395	0.2921
LOC101929762	-0.50313518800913	0.301328403157637	0.43267668145712	0.7064
EIF4ENIF1	4.19913282369492	0.301684676107757	0.43308606173022	0.146
TMLHE	3.79555529457417	0.302284342063387	0.433776367608017	0.1628
ALG10B	5.15118396174005	0.302319319638615	0.433792462416297	0.1405
DCT	-1.71295821647568	0.302656214384966	0.434139376900443	1.4836
UBAP1L	-1.71295821647568	0.302656214384966	0.434139376900443	1.4836
SNORA78	-1.71295821647568	0.302656214384966	0.434139376900443	1.4836
ADH6	0.287559770975753	0.302778647721958	0.434280876242306	0.5225
RAD52	4.03742918771245	0.302842625788674	0.43433851648975	0.1548
CPO	-1.71307915535638	0.303078404564789	0.434574250214797	1.4859
DIP2A-IT1	-1.71307915535638	0.303078404564789	0.434574250214797	1.4859
ZNF14	2.95951722613761	0.303227426274102	0.434706630848038	0.1997
ACSBG1	-1.71279781839832	0.303265975596002	0.434706630848038	1.4849
LOC101927948	-1.71279781839832	0.303265975596002	0.434706630848038	1.4849
LOC439994	1.14530101780669	0.303434839408116	0.434750398424892	0.3838
SMAD5-AS1	-1.71267685717104	0.303461020418459	0.434750398424892	1.4824
ARSH	-1.71267685717104	0.303461020418459	0.434750398424892	1.4824
LGALS8-AS1	-0.157275526187061	0.30346252585444	0.434750398424892	0.6735
CBX7	3.24336214803233	0.303724094319013	0.435034012061775	0.2256
LDOC1L	5.25652646523283	0.303913860322488	0.435225245846198	0.1276
RPL21P28	3.96978951456057	0.304279484387871	0.435588526314177	0.2128
MIF4GD	2.95807024213152	0.30428683589421	0.435588526314177	0.2189
BOK	3.11455866230347	0.305257533666609	0.436909567590562	0.2068
CLDN15	1.72009408170775	0.305524323027417	0.437195338629033	0.3466
FAM161B	1.88609314636952	0.305529038684772	0.437195338629033	0.2937
FBXL4	3.33723751313976	0.305751409497665	0.437410683472249	0.1857
MIR637	-1.71315934168323	0.306050378257823	0.437735483036259	1.4855
FAM209B	-1.71315934168323	0.306050378257823	0.437735483036259	1.4855
PIP5K1P1	-1.71315934168323	0.306050378257823	0.437735483036259	1.4855
LOC100287015	1.69780840221172	0.306382741312144	0.438142200015237	0.3321
SLC1A7	-1.7127570646963	0.306489951085182	0.438207209297177	1.4812
LINC00271	-1.7127570646963	0.306489951085182	0.438207209297177	1.4812
ADAMTSL5	1.66155052455011	0.306500211191699	0.438207209297177	0.3486
FAM27E3	0.374176066437889	0.306627534226231	0.438311358281727	0.4939
USP6	0.119882968490812	0.30670189219824	0.438311358281727	0.5439
SLC25A18	-0.905930653912726	0.306713532916478	0.438311358281727	0.8862
TTLL10	-1.71299896480268	0.306765130629143	0.438311358281727	1.4872
SLC22A11	-1.71299896480268	0.306765130629143	0.438311358281727	1.4872
LOC105378189	-1.71299896480268	0.306765130629143	0.438311358281727	1.4872
SSTR3	-1.71299896480268	0.306765130629143	0.438311358281727	1.4872
PDZD9	1.93888048740795	0.306820545342815	0.43835622756131	0.293
TTC9C	4.52368887090657	0.307105369475417	0.438694493360189	0.1429
HOXA10-AS	0.0691609182852828	0.30728902213854	0.438911126393993	0.5613
S100A9	-0.188925358466387	0.307837615432259	0.439524993416513	0.6197
KIAA0368	7.2983814172797	0.307855285430376	0.439524993416513	0.1099
GARNL3	2.30992244938427	0.307909759976812	0.439568390533053	0.2609
MAP3K6	3.72007326648905	0.308572003956673	0.440376055678004	0.1741
SLC25A10	4.90029953539342	0.308946291021328	0.440841291924759	0.1352
ASPHD2	-0.805858178452692	0.309102954963575	0.44103036700391	0.7997
DMBX1	1.80280032338281	0.309177551196078	0.441102326870554	0.3209
MOB2	3.06057818298342	0.309521981811148	0.441490217981429	0.2183
DPH6-AS1	-0.80573995360881	0.309771710141903	0.441741664139109	0.7982
LOC100101148	-0.905969398235562	0.310300377107577	0.442393103043805	0.8819
LINC00638	-0.0411100505082236	0.311681820259426	0.444119833800817	0.6254
LOC100129617	-1.32081928078164	0.311872264296727	0.444356517365258	1.141
ZNF878	0.169697370925698	0.312476850318258	0.445078987236492	0.5219
GREB1L	4.32047696879617	0.313175719126458	0.445970041214713	0.1439
ND4	14.2964804073836	0.313305985513073	0.44612074499077	0.2367
ARHGAP33	1.72054382907038	0.313458487206621	0.446303083952899	0.3131
IGSF5	-1.71303840917293	0.313752171398689	0.446653174755507	1.4819
VGLL4	4.86455428925254	0.313768555278561	0.446653174755507	0.1442
C4orf3	7.36073051680082	0.31377776984221	0.446653174755507	0.1163
MIR7856	-1.32054023137897	0.314045555898064	0.446964658024094	1.1391
FURIN	4.61959995010059	0.31448494257268	0.447450480212521	0.1361
LOC100996579	3.86091192852735	0.314814713093881	0.44784987159993	0.1561
SKOR1	-1.71271761301737	0.315593932482842	0.448839657181346	1.4865
VPS29	6.55861664109542	0.315727603148943	0.448973603605476	0.1192
MAN2A2	4.49499717927749	0.315897315722884	0.449179951385386	0.1455
HTT	6.86794694836988	0.315990886308481	0.449256164606062	0.1055
ARHGAP35	6.46221376946735	0.316000131995313	0.449256164606062	0.1076
BSN	0.119883838926633	0.31639894191065	0.449753101574463	0.5396
FIS1	5.96322459148938	0.317042160769884	0.450527102593213	0.1073
LOC101929577	-1.18919091179314	0.317310429817217	0.45087322592957	0.9754
VPS11	5.04927187597922	0.317549390600639	0.451177653887871	0.1171
ZIC5	2.24092256561073	0.317965201866572	0.451698134407917	0.2541
FAM86B3P	0.395802746226455	0.318067014171618	0.451772458625773	0.5398
POM121L1P	-0.0689670005970193	0.318502307624749	0.45232616400052	0.5611
ALG9	4.15507468525831	0.318633920620503	0.45247206400497	0.1791
LOC440434	0.680085474785512	0.318864316279056	0.452764016332771	0.4695
ARFGAP1	5.68629973528205	0.31913508385819	0.453078006914622	0.1211
TMEM62	2.95022173267144	0.319226736581166	0.453149216102134	0.2048
LOC101929574	-1.18946907955837	0.319259707356795	0.453149216102134	0.976
PPP4R1-AS1	-1.18946907955837	0.319259707356795	0.453149216102134	0.976
GTF2F1	6.23445975842015	0.319348367519054	0.453239819437756	0.1441
ADAM21	-1.1892702188874	0.320045238789803	0.4541582494634	0.9748
SLC2A4RG	5.72352663263492	0.32032787466465	0.454523991907186	0.1226
CC2D2B	-1.18931048157611	0.320432894990967	0.454637672414323	0.977
SLC30A9	7.02898751197565	0.32046317954602	0.454645306636007	0.1072
THRB-AS1	-1.71283726799302	0.320529819040279	0.454675119725825	1.4775
SETD5	6.52085520678263	0.320623064940463	0.454766115574011	0.1119
ZNF250	2.28163567142168	0.320754209242597	0.454902992357308	0.2552
LYNX1	-0.0691190494578906	0.320769402969743	0.454902992357308	0.5604
ACO2	5.32986918716984	0.321268021917957	0.455546082874662	0.1224
ATP8B2	3.09836236911852	0.321272777005438	0.455546082874662	0.2032
HIST1H2AI	-0.0691575280158529	0.321348901358478	0.455587946121693	0.562
MCM3AP	5.84185762796555	0.321352211996551	0.455587946121693	0.1088
YTHDC1	3.01942117451244	0.322056230007602	0.456488190234678	0.487
CATSPER2P1	-0.427899670687178	0.322154465591258	0.456548045632201	0.6646
OAZ3	0.811196786819437	0.322680971008643	0.457187722680154	0.4245
CACNA1G-AS1	-1.71251642943323	0.322742484518889	0.457239391384202	1.4829
ZMYM2	6.63580799930608	0.322804203893411	0.457291343701258	0.1116
RPL32	9.18929550760215	0.32292270991456	0.457423726893251	0.1137
SUCLG2-AS1	0.695399227591847	0.323831776237153	0.458533538120334	0.5006
AMY2B	1.36483082175348	0.324076524068892	0.458773342385367	0.3871
CYB5R4	3.78710219599068	0.324116887614433	0.45879490581446	0.1558
ZNF567	3.74372156646323	0.32416733332841	0.458830736334583	0.1573
SBNO2	3.3244283549948	0.324251326602426	0.458914041278695	0.1909
CSPG4	-0.503408306796937	0.324369892867697	0.459010678566985	0.7136
FLJ31104	-0.503408306796937	0.324369892867697	0.459010678566985	0.7136
PNPLA4	4.75265394944665	0.324525554976164	0.459195359761653	0.1219
SPDYE5	1.21853041012889	0.324984351402714	0.459808906394477	0.3651
LOC101929839	0.516530838402498	0.325366967241688	0.460278911581888	0.4876
PBX3	3.90928489877963	0.325509115777499	0.460444321837442	0.1583
ITGA2B	-0.805583069060195	0.325661920745162	0.460596936489627	0.7987
MTRR	5.56521161665955	0.325676801911719	0.460596936489627	0.121
GNPTG	3.2568442992497	0.325692695724397	0.460596936489627	0.19
SLC25A28	3.82737049003738	0.32591715607926	0.460842971217023	0.1587
LINC01278	4.40991193895872	0.325989717567928	0.460878287631851	0.1553
ADCK2	2.92581510994687	0.326259573240541	0.461154423686124	0.2139
GBAP1	1.054977984195	0.326263723506244	0.461154423686124	0.3827
CUX1	6.9027805799208	0.327175460362078	0.462264159459027	0.1092
LOC105373477	-1.18966791486438	0.327285127276826	0.462383321743208	0.9777
BLOC1S1	3.56103890971299	0.327658389751251	0.462874840462651	0.249
CARD10	4.23283437846555	0.328107598254398	0.463473561879626	0.1432
RPS3A	10.5025079268629	0.328413891328946	0.463870328827949	0.1398
TSSK6	0.16996113135323	0.329195969682583	0.464831125572375	0.5169
ANO10	3.68706297791908	0.329357221304761	0.465022848580025	0.1601
UFC1	6.27009580597779	0.329914445688903	0.465734486787263	0.1045
ZNF468	5.78866770511394	0.329937780325354	0.465734486787263	0.1126
PHF12	5.00690076328691	0.330383843875302	0.466255987460382	0.1269
WDR24	3.15901861534367	0.331280215669101	0.467412598906802	0.1998
MYSM1	6.7921101245607	0.331960059787869	0.468227061074506	0.1024
SLC35E4	0.264568084389919	0.332414275008282	0.46879528810747	0.482
FUCA1	3.96884783899159	0.332442897301307	0.468799438678562	0.1481
RAPGEFL1	1.8961024665186	0.333354274878568	0.469939431828814	0.3008
RER1	6.19489736287235	0.333511745696434	0.470125120024253	0.1127
CMC4	2.54691228570306	0.333828286158516	0.470498178857226	0.2733
HIGD2A	5.4829039248659	0.333853714335917	0.470498178857226	0.1099
MIR429	-1.18903228548543	0.334414224704783	0.47120704551079	0.9763
RPAP1	4.32881123614932	0.335170447004775	0.4720987331625	0.1316
BCAP31	7.5174344881856	0.335271736089784	0.47220496945341	0.1049
LOC101927550	0.41598289978891	0.335994833107586	0.473040924902606	0.4819
VWA8	4.94529453975453	0.336585173570116	0.473798976690264	0.1395
UBA52	8.89931126483085	0.337303624188879	0.474627328749204	0.1178
DAPK2	-0.0688140011464854	0.33733574338313	0.474635940747778	0.5572
TRIM45	2.83823954370359	0.338461364495767	0.476049179519948	0.1905
MARS	7.16862856424814	0.338470549417666	0.476049179519948	0.101
TSHZ2	1.42548669113776	0.338616660371389	0.476181308869209	0.3378
MIR181A1HG	-1.18974719767875	0.34053749176008	0.478734979945481	0.9777
MIR6723	0.661494000939987	0.340788820517378	0.479014529362893	0.4396
KCTD10	5.92227668273794	0.340901798643901	0.479136441299796	0.1047
RNF123	4.67401550960514	0.341906461756811	0.480400551514842	0.1268
LOC100996447	2.04375237403937	0.342095092149169	0.480628597989475	0.2832
MXD3	2.64435869279455	0.342647644366606	0.481330824527298	0.2129
HDDC3	3.42760511777769	0.342754084835641	0.481443300204622	0.1787
GABRR2	0.0419975179607909	0.34278202245378	0.481445499455009	0.5124
TRMT13	4.86183952352384	0.342993328146688	0.481705223374562	0.116
RSBN1L	5.52961464777851	0.343626137194196	0.482482417551421	0.1134
HSF2	3.62574456425717	0.343787096090284	0.482634360675502	0.1599
SLC15A4	4.02440736030606	0.344117432701846	0.483023823727886	0.1429
CNIH3	0.242519109028758	0.344336376552415	0.483256833513291	0.5406
TMEM208	4.89163168678831	0.344517696841986	0.483436977213474	0.1153
ZC3H11A	7.33994931649717	0.344819138143984	0.483748419730775	0.098
SDF4	6.0112214425734	0.344877780645369	0.483793511868899	0.103
MKX	0.811805657846472	0.34496539009609	0.483879228704896	0.417
KSR2	2.45729277265952	0.345036832909553	0.483905079634079	0.2193
CDHR2	1.85677693019783	0.34524770619955	0.48412644015508	0.2693
PINK1	2.62688968493046	0.345454422874172	0.484379104761204	0.2155
LOC105379282	-1.12853254465659	0.345811566486729	0.484842635571902	1.1111
PXK	2.78903502868762	0.345946673043597	0.484957572224825	0.2397
SNAP47	4.62305781832634	0.346104213148949	0.485141163639988	0.1195
NCOA4	7.09124648638154	0.346259371351416	0.485284130461497	0.1002
C17orf70	3.69729883551469	0.346395216169522	0.485437250816826	0.1576
PIGG	5.46431753142686	0.346884864813271	0.486033474089927	0.1076
ODF2L	6.03879346918849	0.347594615526129	0.486893831124454	0.1168
EPG5	4.92164915248216	0.34767329957937	0.486966683836196	0.1199
ATXN7L3B	6.71529087412479	0.34781312212006	0.48712515208468	0.1107
LOH12CR1	3.14212554786931	0.347947400915595	0.487238456018647	0.1848
LINC01125	0.309269172928973	0.348074510606492	0.487347120934284	0.4661
RAB40AL	-1.71311859764313	0.348078391206295	0.487347120934284	1.4771
RGPD6	0.553680086840979	0.348179571946453	0.487451400725035	0.4665
CYTH1	4.95382943922546	0.34835232424088	0.48763643208802	0.1132
GTF2IP1	4.33675112498135	0.34854831217717	0.487855400376173	0.1499
Sep-02	9.31425609243604	0.348645467399432	0.4879539752257	0.1043
CROT	4.0163144821853	0.348934598092643	0.488321197606692	0.1807
ZNF285	1.7630420505303	0.349462690821472	0.488985275054556	0.2829
NEXN-AS1	1.21901032196875	0.350176755471771	0.489946876754495	0.3638
MGAT4A	2.65839332629837	0.350307963859314	0.490092895104271	0.2144
LOC105376909	-1.06922915829292	0.350349717848053	0.490113750883835	0.8596
IL4I1	-1.71263740340767	0.35138223154472	0.491445186476703	1.4914
AP2M1	8.21501564319819	0.351548320978269	0.491526855156566	0.1011
TAPT1	4.0369008291446	0.351630805346482	0.491604532271816	0.1364
LOC105371591	-0.625550656699858	0.352184186484887	0.492227416051761	0.6766
SEC62	7.24846643618995	0.352264014889183	0.492301298003286	0.1101
ZNF674-AS1	1.80403451368415	0.352313660112581	0.492332989820521	0.2895
ANKS1A	5.56021596369314	0.352444189128171	0.492458310886562	0.102
TMSB4X	9.82246922694735	0.35245729020836	0.492458310886562	0.1647
MCPH1-AS1	0.0416188497569748	0.352564277401579	0.492533434849567	0.5145
SLC6A8	4.62325402371018	0.352909265768056	0.492963781741649	0.1294
DHRS12	0.79545654030588	0.353866844618794	0.494163016550196	0.391
TMOD1	-1.06910999471814	0.353928487680021	0.494211295019617	0.858
LOC101928020	1.22973650410754	0.354458232624244	0.49483746232226	0.3379
EPB41L4A-AS1	3.83383771996648	0.355541187230856	0.496238276532189	0.1575
ZNF283	3.1523218266605	0.355543199881739	0.496238276532189	0.1746
SPDYE3	1.2634420768534	0.355637877416536	0.49629453371933	0.3553
HIST1H4E	0.094526232511113	0.356111624030872	0.496897241999247	0.4907
DDX60	5.91220292967705	0.356191788138574	0.496953556305526	0.1045
LINC00539	-1.54308839074255	0.357045553099932	0.497916401909126	1.1684
KIAA1614	-1.54288790345381	0.357465821808395	0.498274111852642	1.1671
PRKG1-AS1	-1.54288790345381	0.357465821808395	0.498274111852642	1.1671
LOC100289230	1.0693827009769	0.3575777504211	0.498392076018292	0.4107
LOC105371405	-1.54280795707444	0.357854527045438	0.498622719273988	1.1676
UCKL1-AS1	0.857769134401571	0.357957724419282	0.49865518634097	0.4474
SYNPO	4.48503721216362	0.358073306122034	0.498763922518821	0.1256
USO1	7.07812263600979	0.358090421365808	0.498763922518821	0.1187
IQCD	3.01431424525821	0.358530724546321	0.499339098818861	0.1794
ZKSCAN4	2.32091320707634	0.358881687848129	0.499599214073162	0.2167
PXMP4	3.32879406279852	0.359133952466815	0.499884649437431	0.1614
CCDC122	2.65616453067245	0.359141491127375	0.499884649437431	0.2199
EDC4	5.89754316221763	0.359612123696005	0.500501557535585	0.1041
PDCD6IP	6.95651061422631	0.359692795279256	0.50053751586387	0.0968
DSCR9	-1.06891176822762	0.35983989838528	0.500679506717208	0.8562
WNT7B	5.7251290384182	0.359942877441709	0.500771008274336	0.1142
GLCCI1	3.74549134385593	0.360810428991996	0.501901492813004	0.1591
NEK6	6.99751284978282	0.362055683338018	0.503518591835061	0.0977
DLX2	-1.06867458267786	0.362211272770351	0.503658237161668	0.8579
LOC100506551	-0.957899519303837	0.362398980717577	0.503880867629862	1.125
DIS3L2	4.61859182896484	0.363187824731099	0.504708603812967	0.1178
LOC100506801	-1.54316832248869	0.363569744736248	0.505123992382416	1.1679
ENDOU	-1.54316832248869	0.363569744736248	0.505123992382416	1.1679
ZNF646	3.50068436255712	0.364251256051259	0.505878351500326	0.1627
SDCCAG8	1.52412127588613	0.36431283713981	0.505887788649981	0.4656
MAK	1.01440061578605	0.364313472687407	0.505887788649981	0.3672
FXYD5	6.83392110733277	0.364489382694582	0.506039601419494	0.1234
TBK1	8.85715006403247	0.364533676504589	0.506039601419494	0.1103
RUSC1-AS1	-1.5432888518118	0.364632228370756	0.506127904090056	1.1707
LINC00623	2.4875319811269	0.36465273458022	0.506127904090056	0.2128
MIR659	-1.5429285147331	0.364857439608281	0.506319244741753	1.1702
PCDHB5	-1.5429285147331	0.364857439608281	0.506319244741753	1.1702
CMA1	-0.42793780041561	0.364904969604347	0.506319244741753	0.6611
LPP	8.65711514467462	0.364929262834793	0.506319244741753	0.1025
PICK1	3.57062008038485	0.365078143641122	0.506453711903936	0.1594
LOC105378192	-1.54320892635182	0.365109405256776	0.506453711903936	1.1715
TXNDC12-AS1	-1.54268738993914	0.365829934706345	0.507260465441215	1.1643
SLC22A13	-1.54268738993914	0.365829934706345	0.507260465441215	1.1643
FAM76B	4.46150965212491	0.365869683439625	0.507277051786573	0.1251
ZNF418	3.86667470017039	0.36656042088881	0.507983333029611	0.1369
LOC101929099	0.59226459926044	0.366655535506248	0.508019387993477	0.4519
APH1A	6.1842119784726	0.367118568074378	0.508622340348019	0.1183
C19orf18	1.60818319059595	0.367260018057607	0.508741094897919	0.2795
BCYRN1	-0.713194248802113	0.367472304821305	0.508996539970998	0.7301
CIRBP-AS1	-0.712215219266677	0.367501682201945	0.508998612417777	0.7272
MAP3K4	4.9749696917309	0.367571984921131	0.509057362822043	0.1188
KLB	-0.220874841620795	0.367836752521255	0.509385401959192	0.5571
UNKL	3.1608140862025	0.367913840178746	0.509453509276638	0.1686
PRMT2	5.22966432474153	0.368254211212173	0.509845834516071	0.1071
RPLP0	10.6553273761212	0.368380789311376	0.509944524474767	0.1106
SEMA4F	2.99783892814505	0.368408103270032	0.509944524474767	0.1737
AURKC	-0.22141207193902	0.369339672742086	0.511117727833499	0.5586
KIAA1328	1.73046905278327	0.369836571999771	0.511757406116282	0.2915
LTA4H	6.70263583680461	0.369857976352883	0.511757406116282	0.1222
CCNT2	5.94386390060637	0.370261096747952	0.512222056968943	0.0964
PRDX3	7.31618646821451	0.37081865089137	0.512868033865637	0.1086
GLMP	4.09059213057243	0.371334049122266	0.513488441204067	0.1298
CLCN6	3.0662784358723	0.371402451102668	0.513533929932604	0.1942
ZNF252P-AS1	-0.542947154051562	0.371470234773351	0.513533929932604	0.6281
C1orf56	2.13329466097606	0.371478889768616	0.513533929932604	0.244
ROGDI	3.49985701003982	0.371479463118425	0.513533929932604	0.1524
SBSPON	0.417609138818033	0.373564891659258	0.515908969069628	0.4717
LOC105373489	-1.54336877310055	0.373668568602066	0.515927806018256	1.1707
RCAN2	-1.54336877310055	0.373668568602066	0.515927806018256	1.1707
AKR7A3	-0.50305867176548	0.373758694943178	0.515981453031054	0.7156
PANK2	5.0132233146543	0.37395206708106	0.51620937138993	0.1041
GALNT12	4.28830799269499	0.374013128564465	0.516254625364651	0.1218
FAN1	1.48627645381026	0.374404304734309	0.516755499147921	0.2839
LOC101928885	-1.06938723007109	0.374659566739363	0.517023521549998	0.8588
PRSS21	5.08216156511504	0.374749445718092	0.517075495505214	0.1044
MTRNR2L8	-1.06926927696285	0.375036755139462	0.517432814527359	0.8648
LOC100288842	2.11277431426524	0.376113082743701	0.518760988105848	0.2371
ZNF611	3.7983631986659	0.376346546210784	0.519043782399643	0.142
LYPLAL1-AS1	-0.713117204141014	0.376576475099813	0.519321659572608	0.7409
UBE2E2	4.60928603260304	0.37671772131477	0.519398740300766	0.1145
CD151	6.56967877257247	0.377032889191867	0.519794020924839	0.1426
RBMS2	7.61553921072217	0.377496020066635	0.520314635132993	0.092
NDUFV1	7.28568747330613	0.378077126770758	0.521036916005659	0.0996
UNC13D	6.31769573937539	0.378575423274752	0.521605503947462	0.0985
LOC105374013	2.45745893238605	0.379762507945534	0.522964799355334	0.2153
SMA5	0.095016423078504	0.380286345507499	0.523646667942744	0.4911
TRAF3IP1	5.59587035443604	0.381086142243797	0.524550147990859	0.1373
CCDC121	1.91654272409179	0.381195386459202	0.52466096013263	0.2546
LOC100505918	-0.712528035344217	0.381382712111064	0.524879215401401	0.7221
RAB22A	6.48642785870978	0.382130232499643	0.525868349503504	0.0955
NDST1	6.11118072953056	0.382344017978474	0.526122890797845	0.0938
GAL3ST4	-0.625316857291102	0.382409611938019	0.52617349077031	0.6797
LOC105376057	-1.54324825006297	0.382569840803068	0.52635428545488	1.1664
TNFRSF10B	6.45147539855441	0.383058509465295	0.526826057959461	0.103
IDH3B	6.40904166511509	0.383069653282229	0.526826057959461	0.0967
ZMYND12	-1.54304778369311	0.383465601248183	0.526826057959461	1.1625
CALCRL	-1.54304778369311	0.383465601248183	0.526826057959461	1.1625
ANKRD52	6.86957374275024	0.383836084967202	0.526826057959461	0.1083
LINC01361	-2.01255577632883	0.383962899850009	0.526826057959461	1.7761
C12orf74	-2.01255577632883	0.383962899850009	0.526826057959461	1.7761
SNORA53	-2.01255577632883	0.383962899850009	0.526826057959461	1.7761
F10	-2.01255577632883	0.383962899850009	0.526826057959461	1.7761
TRPV2	-2.01255577632883	0.383962899850009	0.526826057959461	1.7761
NRADDP	-2.01255577632883	0.383962899850009	0.526826057959461	1.7761
HIST1H2BE	-2.01255577632883	0.383962899850009	0.526826057959461	1.7761
LINC01312	-2.01255577632883	0.383962899850009	0.526826057959461	1.7761
TMEM130	-2.01255577632883	0.383962899850009	0.526826057959461	1.7761
PXDNL	-2.01255577632883	0.383962899850009	0.526826057959461	1.7761
LOC653712	-0.354643528859652	0.383988584170192	0.526826057959461	0.6222
CLCNKA	-2.01235363549987	0.384016539932229	0.526826057959461	1.7743
LDLRAD2	-2.01235363549987	0.384016539932229	0.526826057959461	1.7743
EGR2	-2.01235363549987	0.384016539932229	0.526826057959461	1.7743
LINC01426	-2.01235363549987	0.384016539932229	0.526826057959461	1.7743
LOC105372855	-2.01235363549987	0.384016539932229	0.526826057959461	1.7743
FAM200B	4.7479664133776	0.384596381457126	0.527512512387775	0.1102
LCORL	4.7415194822252	0.385400908755085	0.528464722145196	0.1288
ZNF236	4.06225176184409	0.385406403957118	0.528464722145196	0.1245
ALG14	3.10427867269812	0.385765987654611	0.528589237081538	0.2116
RTCA	5.84444522008918	0.385848210170071	0.528589237081538	0.1311
SMCO4	2.39159161485555	0.386283950378581	0.528589237081538	0.2157
PDE6G	-2.01263635728332	0.386311094458302	0.528589237081538	1.7755
GNRH2	-2.01263635728332	0.386311094458302	0.528589237081538	1.7755
LOC105369214	-2.01263635728332	0.386311094458302	0.528589237081538	1.7755
LOC285847	-2.01263635728332	0.386311094458302	0.528589237081538	1.7755
LOC283440	-2.01243422726541	0.386376109695866	0.528589237081538	1.7733
SUGT1P3	-2.01243422726541	0.386376109695866	0.528589237081538	1.7733
RPL23AP87	-2.01243422726541	0.386376109695866	0.528589237081538	1.7733
DCTN1-AS1	-2.01243422726541	0.386376109695866	0.528589237081538	1.7733
LOC400927-CSNK1E	-2.01243422726541	0.386376109695866	0.528589237081538	1.7733
DAPK3	4.82858744908646	0.386511521588425	0.528589237081538	0.1098
DOT1L	5.42316152918541	0.386544041198376	0.528589237081538	0.1052
C2orf42	3.0036560693424	0.386672314503978	0.528589237081538	0.1857
LINC01352	-2.01247519106313	0.386674794045465	0.528589237081538	1.7773
KCNJ1	-2.01247519106313	0.386674794045465	0.528589237081538	1.7773
EWSAT1	-2.01247519106313	0.386674794045465	0.528589237081538	1.7773
VMO1	-2.01247519106313	0.386674794045465	0.528589237081538	1.7773
PTGER1	-2.01247519106313	0.386674794045465	0.528589237081538	1.7773
LRP2	-2.01247519106313	0.386674794045465	0.528589237081538	1.7773
NBAT1	-2.01247519106313	0.386674794045465	0.528589237081538	1.7773
IL3RA	-2.01247519106313	0.386674794045465	0.528589237081538	1.7773
LINC00910	1.40589180445139	0.386738315119209	0.528589237081538	0.298
NPPA-AS1	-2.01227303942201	0.386742245820448	0.528589237081538	1.775
TEX38	-2.01227303942201	0.386742245820448	0.528589237081538	1.775
CEND1	-2.01227303942201	0.386742245820448	0.528589237081538	1.775
HERC2P9	-2.01227303942201	0.386742245820448	0.528589237081538	1.775
TMPRSS7	-2.01227303942201	0.386742245820448	0.528589237081538	1.775
C5AR1	-0.502669625732943	0.387342761668145	0.5290535281321	0.7088
GOSR1	5.70198407469734	0.38757155817788	0.529326428225883	0.0954
GATSL2	2.79955742177563	0.389704718505542	0.532040782309092	0.1819
C9orf3	4.46439509420221	0.389810893909083	0.53214594176357	0.1115
ZMYND8	6.95411241541573	0.390006953055652	0.532373780094511	0.0927
PLEKHA6	6.04264187026112	0.391176941492738	0.533851105919969	0.1015
GCC1	4.45076301690545	0.391325723310042	0.533974318315877	0.1198
GACAT2	-0.543491975036415	0.391745797072692	0.534507568860916	0.6305
ZNF79	2.90883678956716	0.391871334319607	0.534558998680322	0.1879
ZNF222	1.5250178124554	0.39220950007514	0.534895782941943	0.3105
WDPCP	2.41270737538782	0.392235421025624	0.534895782941943	0.2102
FAM71F2	-0.157809556892328	0.39253269680618	0.535221219874047	0.5274
PHKG2	3.99126659134063	0.392603906718987	0.535278336150995	0.1404
CABYR	1.10549126398867	0.39275504164145	0.535444405959698	0.3762
NPR2	5.01882977254243	0.392843726149767	0.535525318443111	0.1089
POLR2J4	2.35830130197388	0.392948845853445	0.535628621660605	0.2014
TPCN1	5.92567554430719	0.393079769798775	0.53576708059179	0.0965
HELB	2.63294673168022	0.393360257161831	0.536109358323732	0.1979
PAXBP1	5.86672442154267	0.393580972758224	0.536370128297562	0.0957
SNORD36C	-0.221142492129443	0.394186259357489	0.53715491160934	0.5521
TBC1D10B	4.33811846932705	0.394939028114592	0.538043459490625	0.1131
CRISPLD1	1.21788163511094	0.395213537825662	0.538313686976445	0.3137
TAF8	3.93493078501232	0.395328491953675	0.538430091696978	0.1617
SNORA25	0.241660844632616	0.395388030577794	0.538471009789497	0.4374
FBXW2	6.79342843595985	0.395607724212301	0.538689834655013	0.0965
SELPLG	0.144498528635799	0.395849268936586	0.538938343926192	0.4732
MAPKAPK5	5.35764516662014	0.396414597587818	0.539665409596532	0.1045
CCDC173	0.713009261550741	0.396442419374402	0.539665409596532	0.3848
DENND4A	4.36373315146324	0.396757370594279	0.54001361049498	0.1224
SPATA25	-0.958409368017689	0.396902611177937	0.540130754354411	0.7688
UCKL1	4.38266386086719	0.397662890040609	0.540908362223283	0.1129
TTN-AS1	1.29953021265284	0.397912758210344	0.541061769245348	0.3161
SLC26A2	4.20170798219002	0.398499394416598	0.54173839783077	0.1316
APBA3	2.3490822244637	0.398595077231142	0.541784301188206	0.2199
LOC100505942	-2.01271693392704	0.398651868857426	0.541784301188206	1.7742
TBC1D26	-2.01271693392704	0.398651868857426	0.541784301188206	1.7742
RRH	-2.01271693392704	0.398651868857426	0.541784301188206	1.7742
RNU4-2	-2.01251481471908	0.39880078082621	0.541825337111207	1.7695
MIR548AR	-2.01251481471908	0.39880078082621	0.541825337111207	1.7695
CEACAM22P	-2.01251481471908	0.39880078082621	0.541825337111207	1.7695
FAM221B	-2.01251481471908	0.39880078082621	0.541825337111207	1.7695
USP28	5.26730966123623	0.398864505431206	0.541871588863826	0.0963
CATSPER1	1.81193745963436	0.399232089725387	0.542290255210318	0.2746
FAR2P1	1.95164670029927	0.39963838712494	0.542720999431147	0.2352
LINC00622	-2.0121924390314	0.399876478818012	0.542882798936687	1.7763
RDH16	-2.0121924390314	0.399876478818012	0.542882798936687	1.7763
TRIL	-2.0121924390314	0.399876478818012	0.542882798936687	1.7763
VEGFA	6.41451761747362	0.399924471749619	0.542907581518519	0.0903
ZNF341-AS1	-0.542402150670914	0.399973801913333	0.542934175606351	0.6262
CASP9	2.28080173786978	0.400131523613698	0.543107888110905	0.2108
LINC00260	-1.39094028046353	0.400637773536935	0.543673767463783	0.9675
ILDR2	-1.18950811593637	0.401042469826389	0.544142053448574	0.9646
C7orf50	6.66160532459064	0.401479376006581	0.544653896735984	0.0901
ERAP1	6.01491672482282	0.401541449730034	0.54469763012866	0.0906
GUCY2D	-0.624730560426155	0.402441770712195	0.545878368832887	0.6728
EIF2D	5.15386710370981	0.402580854018719	0.546026454009342	0.0974
CHN2	0.286890120959199	0.403080799188109	0.546623315256137	0.4238
PNCK	-1.54284729110245	0.403219209646317	0.546770399710552	1.1544
ZMAT5	1.8411472100148	0.403377212295369	0.546944027604297	0.2372
SLC47A2	-1.39114010773821	0.403409263496086	0.546946863303716	0.9688
INAFM1	1.24088328702673	0.403788476801973	0.547420349955208	0.3101
LBHD1	1.44773012339908	0.403890705091941	0.547441093286416	0.2865
LRP4-AS1	0.286927735010157	0.40409855435626	0.547637384628304	0.4222
USP49	3.69465493937571	0.404153530694418	0.547671233399443	0.138
ATP5I	7.26825230367917	0.404228366642672	0.547731987042873	0.1327
LOC102724593	-1.39074042731022	0.404670807688798	0.548250112442797	0.9661
ARGFXP2	-1.39074042731022	0.404670807688798	0.548250112442797	0.9661
L3MBTL3	3.28812238523432	0.404731611800499	0.548291800610709	0.167
PLEKHO2	1.06739923651671	0.405081328807052	0.548724845195633	0.3533
LINC00662	1.28700327571305	0.405322460099888	0.549010745777085	0.2999
MRS2	5.4222356397618	0.405387819949283	0.549058538540998	0.1045
ZNF699	2.28752519564552	0.405692480916975	0.549430410357589	0.2182
KAT7	5.44613029871483	0.406021614632914	0.549794585131173	0.0936
LMF2	4.37143265305674	0.406214356310324	0.550014780746219	0.1349
LOC101927492	-0.806328704600386	0.40656497112274	0.55044868828365	0.7909
LOC283038	-1.39106043109513	0.407621625370779	0.551511183040758	0.9698
NR4A1	0.841818691526073	0.407972042075256	0.551888767745211	0.3467
DIRAS1	0.43694088275966	0.407991389652134	0.551888767745211	0.4178
C15orf57	3.39106622478095	0.408883410942852	0.552890567378173	0.1566
SOX4	7.59678273067764	0.409562454312959	0.553644736463338	0.1257
SNUPN	3.8613224586315	0.409623526278674	0.553686294664851	0.1509
LINC00883	2.10597415887434	0.410048769252644	0.554220058597488	0.2486
NNT	5.90426867819325	0.410240161069456	0.554396652637796	0.0933
INTS2	4.94791905166707	0.410337060864202	0.554486556856911	0.1047
OS9	11.0924160392747	0.410645297954534	0.554862005732956	0.1006
GLIPR1L1	-0.390895648702099	0.411082450828615	0.555370474530244	0.5485
ACAD11	0.0149819038345207	0.411517105333923	0.555916551352382	0.4583
LOC101928461	-0.854778184304456	0.411868620699424	0.55635024339539	0.6921
GPAA1	5.29237151302083	0.412452458217875	0.556988169434663	0.1028
ZNF586	3.96509448082207	0.412808407226874	0.55741348242114	0.1327
NSUN5P2	1.05501463519988	0.412974348876414	0.557513844049975	0.3276
ZNF837	1.00082059302553	0.41321083666803	0.55779185405291	0.3379
USP38	5.06129917751052	0.413591443625937	0.558264354516459	0.0999
PANK4	0.841889068845954	0.414070177267445	0.558869226393203	0.402
SNORD19	-0.957540212470407	0.414697822998891	0.559633608565032	0.7592
HENMT1	4.09843062848947	0.415545361407819	0.560653027703876	0.1295
UQCRHL	5.23614080279963	0.415625193650231	0.560719297611485	0.1103
MAFK	4.89862957357954	0.415685962421311	0.560759841126392	0.1323
TOR1B	5.15589768421973	0.415789819759667	0.560858500778224	0.0972
PRKCI	6.71816531844597	0.416070592386862	0.561195769088626	0.0864
COL7A1	1.21784684653264	0.416237383679542	0.561299780157089	0.3182
B4GAT1	3.19666029135267	0.416239944334283	0.561299780157089	0.1508
LPAR6	-1.39078090241117	0.416383075236966	0.561387042566176	0.9692
ANKS6	5.0613601314169	0.417033960417192	0.562162887201969	0.0968
ARHGAP12	7.29401534979764	0.417145140236443	0.562271240413209	0.0896
RPS19	9.51301190100375	0.417180938306968	0.562277977831821	0.1141
ATAD3C	0.974072231932656	0.417964775926873	0.563251269603676	0.3473
FOXD4	-0.0410314207986816	0.418047503341259	0.56332117072616	0.4821
LINC01176	0.286852507687939	0.418203924667705	0.563490357128469	0.4262
GLYCTK	1.09539926088542	0.41873546521573	0.564164919038993	0.3447
ZNF133	3.56027557828688	0.419044253888382	0.564539288538581	0.1561
ATP11A-AS1	-1.3908998095362	0.420499802355968	0.566207729149621	0.9627
OGFOD3	4.54363052961977	0.422491181990239	0.568637497671321	0.1064
ANKLE1	-0.0401562190720799	0.423089734992222	0.569359148018429	0.475
FLJ12825	-1.39126024281842	0.423161330745473	0.569395609257043	0.9744
SNORD21	-0.625276237589497	0.423179208282185	0.569395609257043	0.6639
LOC93622	3.53549316914393	0.423319921803394	0.569472149007102	0.135
C18orf65	-1.39058102860493	0.423329674308467	0.569472149007102	0.9666
RNU6-30P	-0.855250605091153	0.423525186790536	0.569693177869734	0.6943
MISP	5.77269824266358	0.423872847018489	0.570118816412697	0.088
LOC105376684	-0.320752747495593	0.424153066849555	0.570411667654178	0.5183
LGALSL	3.11111743129273	0.424574545842664	0.570894373492206	0.1578
SLC9C1	-0.320405887697292	0.424653012538606	0.570957828612814	0.5181
SWT1	2.22893351952254	0.424763482054138	0.57102224803979	0.2055
OVOL3	-1.39062025177224	0.424804676331725	0.571025476160458	0.9601
TANGO2	2.81429253464572	0.42482844090772	0.571025476160458	0.1649
DYNLT3	4.40499692520488	0.424994021079553	0.571205981655623	0.107
NARF	4.66475142799654	0.425489755940597	0.571762579273595	0.1021
GPBP1L1	7.3557084224296	0.425502103528213	0.571762579273595	0.0856
PDCD6	6.29274133031694	0.425714923240724	0.572006450186404	0.0881
ZNF181	2.6957773692986	0.42580605240779	0.57208678928147	0.1694
PEX10	3.36971214787121	0.426214102546433	0.572592880718793	0.1411
LOC100505912	-0.320366891464912	0.426934871441242	0.573408941204265	0.5163
KIAA1551	5.68753294000207	0.426947181079622	0.573408941204265	0.1086
SHKBP1	5.18719570925649	0.427019002364337	0.573463212237998	0.092
ZNF382	2.60003395273161	0.427941806502896	0.574535987096724	0.1945
RPS14P3	-0.758617535038721	0.427943709056817	0.574535987096724	0.6333
PPP1R37	4.44899123668646	0.428535005863027	0.575287526070698	0.117
LOC101929206	1.72150579047031	0.429216433000089	0.576117579652204	0.269
SP140	0.308711537197778	0.42956650895696	0.576460319576467	0.4643
SVEP1	0.901309723719648	0.430469094689161	0.577501748430727	0.3323
ELP4	3.86194546060753	0.431015130775796	0.578149318695292	0.1366
STAC3	0.435464539403661	0.431653683610887	0.578920779312398	0.4407
HOXC8	1.62508937929351	0.432374809076031	0.5796750029002	0.2796
RNF223	1.24170381346136	0.432658001323329	0.579969489107768	0.3038
FRK	5.00724149694194	0.433195372789078	0.580647189841219	0.0928
C15orf40	3.77779460790899	0.433319997230544	0.580771593087204	0.1288
CNEP1R1	3.69722442071493	0.433639022372584	0.581113851019151	0.1292
SNORA5A	-0.957422563327607	0.43370482639953	0.581159373954038	0.7655
FKBP2	6.23390803408255	0.434192828826701	0.58172789395716	0.1334
ZNF227	3.94640043309114	0.434344028609733	0.581887765927885	0.1272
GDPD5	2.45162778837044	0.43484081036111	0.582510554296479	0.1862
TRIM21	3.6964178736197	0.436371065504605	0.584312111701995	0.123
C17orf107	-0.758695838871081	0.436377702177092	0.584312111701995	0.6324
FAHD1	5.01960614112476	0.436590685666564	0.584554422994411	0.0968
PEX14	4.1746927027566	0.437064674153357	0.585099454753471	0.1282
RPS20	9.93901968524984	0.437089996080318	0.585099454753471	0.1071
ZNF2	2.64055995291796	0.437139970762637	0.585118212936631	0.1814
SIAH2	4.36292182282105	0.43728590197835	0.585270632442578	0.1113
RSG1	0.730241445203461	0.437914076743019	0.586068424970351	0.3394
PTPN18	4.44359765331068	0.438000134416378	0.586140628493285	0.1218
LOC102723780	-0.355069169893943	0.438154654115322	0.586261460387666	0.6349
LINC00333	-1.25357128633331	0.438317573262598	0.586393493879671	0.8281
C2CD4C	0.0432469918818203	0.43863609272652	0.586733624620116	0.5034
LOC105373099	-1.25349186112923	0.438766265194102	0.58686474740886	0.8286
PARVG	-0.253229737379635	0.438835586351122	0.586871472011287	0.4891
CTAGE7P	0.712144346641262	0.438933475058076	0.586953114214132	0.3857
KRBOX4	2.68879907712904	0.439259395035645	0.587123933130226	0.1825
GDPD1	2.15163335516978	0.439275864200117	0.587123933130226	0.2043
TOP1P1	-1.25329266390161	0.439443183221971	0.587237946606188	0.8274
RASIP1	-1.25329266390161	0.439443183221971	0.587237946606188	0.8274
NDUFB10	6.43625729962601	0.439613262529319	0.587395134358139	0.0841
SDHAP1	2.691781953654	0.439902177762128	0.587738155534646	0.1817
APOBEC3D	-0.542441547890451	0.439963768782342	0.587777428678408	0.6304
LINC00412	-1.06887164044474	0.440090838902212	0.587904167642235	0.8401
GNB3	-0.253614389592679	0.440464392274732	0.588317087018402	0.4911
ECM1	-0.75908843247185	0.441210565707542	0.589184411349345	0.6353
PRR16	0.902373646825893	0.441497675392878	0.589524690021385	0.3266
LOC645513	1.81058300336064	0.442155163921949	0.590273102198107	0.2386
ZNF547	1.86611239072235	0.442371414205112	0.590475435967575	0.2437
ANKRD36B	2.75396011776238	0.44253733222534	0.590653716706084	0.1639
DPY19L3	4.00765295855523	0.442769155069521	0.590919927988097	0.1156
SERGEF	2.11436109315595	0.444001774151589	0.592438355507225	0.2094
TMEM144	3.67289156583221	0.444031293123318	0.592438355507225	0.1383
DTNB	3.09718784130959	0.444263148554638	0.592697167495869	0.1596
NUDT3	1.91062606230149	0.444784282383912	0.593349058034395	0.2365
TEX30	3.67846107540231	0.444909217062751	0.593472356181322	0.1254
RC3H1	5.3473165154093	0.44511247099215	0.593656726361243	0.1078
LOC101928737	-1.25377044783736	0.445215449270084	0.59370732226988	0.8298
LHFPL5	-1.25377044783736	0.445215449270084	0.59370732226988	0.8298
ZNF512B	4.88658167862633	0.445430079014383	0.593932874450936	0.0972
CD101	-0.391438101457224	0.445812211203912	0.594289486188554	0.5576
TMEM262	-1.25369103282035	0.44581477395663	0.594289486188554	0.8305
PRR7	3.77570845827566	0.445872493320496	0.594323031400334	0.1259
APLF	2.22377704985037	0.445917199463245	0.594339227086297	0.2146
TMEM116	2.92658181979312	0.446282399336419	0.594782558204531	0.1522
ERICH6	-1.25341243185995	0.446433121069124	0.594939999871372	0.8295
CCDC106	-0.32044488302262	0.446909866893971	0.595488397198477	0.5209
MRM1	0.763160901500703	0.44725552754116	0.595798051608805	0.331
NFYB	5.14507735517248	0.44725880714168	0.595798051608805	0.0889
OSGEPL1-AS1	-1.0683181375293	0.447294154646589	0.595798051608805	0.8528
RASA4CP	-1.2532132244419	0.447305439052929	0.595798051608805	0.8279
SUGP2	5.81567214403783	0.447452363156646	0.59595026933594	0.0839
USF1	4.98970888239526	0.448020184018422	0.59661948205123	0.1053
TXNDC12	6.98209093580393	0.448476707246771	0.597096759589925	0.0889
LOC101927267	-0.758186229199718	0.449078450575896	0.597854312966788	0.6326
DNMT3A	5.37343804924304	0.449162821626952	0.597923032785594	0.0886
LOC102724699	0.375215378302528	0.449389332004771	0.598180943862858	0.3949
GRB2	6.94064541400998	0.449990377352957	0.598884191423965	0.0835
FBXO31	4.31388002140536	0.450204450068336	0.59904755396848	0.109
RBM5-AS1	1.54566739878338	0.450255608188465	0.599071961452417	0.2635
ARHGAP39	3.5610863434122	0.450325634935514	0.599121468545602	0.1322
SEPT7P2	3.2255404868929	0.450431857641398	0.599219120680708	0.1391
FKBP9	5.44061141193805	0.451256986459779	0.600273065054628	0.0857
ETNK2	2.18266140957322	0.451394113822769	0.600411726189324	0.2085
CBL	5.79315597878629	0.451562414454939	0.600591828521737	0.0863
JRKL	5.34971818906127	0.451674982841705	0.600697784421808	0.0882
AKIP1	3.61342559848726	0.451963259614408	0.601037388368345	0.1387
DDX11-AS1	0.989393120456739	0.452625804946524	0.601830786242079	0.357
LOC102546294	-1.25384985879052	0.452726147218107	0.601920365859279	0.8297
HYKK	1.48604704040347	0.452847229983835	0.602037505868402	0.2408
ADAMTS8	-0.758774138868983	0.453142898739706	0.602386715167267	0.6307
MPND	3.10872326504381	0.453472225415843	0.602775960739597	0.1528
LIN7B	0.0414686635742327	0.453501743030147	0.602775960739597	0.5059
CHMP6	3.58574180167279	0.453570348371463	0.602823258581059	0.1239
MTF1	4.55072460658125	0.453639134267536	0.602870789487379	0.0979
PITPNC1	3.87245642234563	0.453813580591317	0.603058722323124	0.1227
ZCCHC3	4.98493077871143	0.454893602272075	0.604317974318076	0.1008
ZNF518B	5.9405530093464	0.455298428456126	0.604713532371225	0.08
RNF146	4.88472952285367	0.455356974666259	0.604713532371225	0.1023
COL4A4	0.119545950030643	0.456225768095365	0.605738781092853	0.4263
LOC101929715	0.28707577907186	0.456228540755189	0.605738781092853	0.4298
RNF10	6.53952393104667	0.457628669872562	0.607332727333055	0.08
C4orf27	4.49114855917825	0.457760021769338	0.607418735093839	0.1122
PRPF18	3.11381809827822	0.458444736066846	0.608238888200316	0.1416
AGAP4	2.55976600883035	0.459170523848107	0.609024780831956	0.1719
DENND6A	5.00903617790845	0.459826893954973	0.609806754034723	0.1064
TMEM265	4.68999217455676	0.459924145729957	0.609891421838171	0.1134
LOC152225	3.251792972409	0.460205245762383	0.610175536831873	0.1408
NEK1	4.3701478623669	0.460784041059288	0.610898580506779	0.1133
PCDHGA5	-0.189190839489185	0.46105854894321	0.611218130092749	0.4621
SAMHD1	-1.25373012454744	0.461232895856859	0.611271705754107	0.8265
TAS2R5	0.0153238382339543	0.461343201466858	0.611329134498001	0.4507
FUNDC1	4.52560997800822	0.461735374383734	0.611804397935073	0.102
C5orf24	6.19099392976062	0.46214419948853	0.612257221035022	0.0949
PIGZ	0.375623650522944	0.462373844665957	0.61251700952193	0.3895
LOC105376732	-1.8060390745593	0.463247079272041	0.613115816292606	1.2323
ZNF205-AS1	-1.8060390745593	0.463247079272041	0.613115816292606	1.2323
PIPOX	-1.8060390745593	0.463247079272041	0.613115816292606	1.2323
LOC101927855	-1.8060390745593	0.463247079272041	0.613115816292606	1.2323
ZACN	-1.8060390745593	0.463247079272041	0.613115816292606	1.2323
ZNF559-ZNF177	-1.8060390745593	0.463247079272041	0.613115816292606	1.2323
LOC339666	-1.8060390745593	0.463247079272041	0.613115816292606	1.2323
LOC105377650	-1.8060390745593	0.463247079272041	0.613115816292606	1.2323
EYA4	-1.8060390745593	0.463247079272041	0.613115816292606	1.2323
SUMO4	-1.8060390745593	0.463247079272041	0.613115816292606	1.2323
FAM71F1	-1.8060390745593	0.463247079272041	0.613115816292606	1.2323
STARD4-AS1	1.59057012392365	0.463262465487522	0.613115816292606	0.2426
GIT1	4.85559449603823	0.463324734370668	0.613153776779334	0.0922
PLIN1	-1.80595874642972	0.463476035571136	0.613220648310382	1.2329
FAP	-1.80595874642972	0.463476035571136	0.613220648310382	1.2329
KIZ-AS1	-1.80595874642972	0.463476035571136	0.613220648310382	1.2329
PCDHB10	-0.220184145954822	0.463612181383584	0.613303809434887	0.5569
TMEM173	4.05016233331106	0.464013282893164	0.6136201733066	0.1157
CCDC102B	-0.188922582015276	0.46440531490411	0.61409412059173	0.4611
LOC100128361	0.457278395552954	0.465278041625005	0.61506994409168	0.366
LMOD1	-1.80624053364508	0.46602072494826	0.615741306412923	1.2342
GLIPR1L2	-1.80624053364508	0.46602072494826	0.615741306412923	1.2342
GRIK1	-1.80624053364508	0.46602072494826	0.615741306412923	1.2342
LOC441601	-1.80616021618392	0.466264328460093	0.61575140081832	1.235
LOC102724541	-1.80583758872347	0.466366926989204	0.61575140081832	1.2303
SNORA70G	-1.80583758872347	0.466366926989204	0.61575140081832	1.2303
RTBDN	-1.80583758872347	0.466366926989204	0.61575140081832	1.2303
OR7E91P	-1.80583758872347	0.466366926989204	0.61575140081832	1.2303
PLCG1	4.79847429062597	0.466602261388612	0.61580903041622	0.093
APOA1-AS	-1.8057572499228	0.466615765152428	0.61580903041622	1.231
LOC101928438	-1.8057572499228	0.466615765152428	0.61580903041622	1.231
METTL15	4.59872752291027	0.466682701666911	0.61580903041622	0.0959
MBD1	5.42593666191965	0.466713964840002	0.61580903041622	0.0821
C16orf52	3.54208062661075	0.466863316652213	0.615872296322191	0.1452
AP5S1	2.61420058433986	0.467258870869923	0.616349562615702	0.17
PRSS36	-1.12789635469957	0.468177088463209	0.617321975389274	0.7244
LOC101929741	-1.12789635469957	0.468177088463209	0.617321975389274	0.7244
LOC105375620	1.09307352173488	0.468687682721775	0.617921740143621	0.2958
EHD4-AS1	-1.80611939843346	0.468789686801346	0.617922348176561	1.2313
UBOX5-AS1	-1.80611939843346	0.468789686801346	0.617922348176561	1.2313
MIR1914	-1.80611939843346	0.468789686801346	0.617922348176561	1.2313
SDHAP3	4.24317589304471	0.468943041676042	0.618079862019913	0.111
TMEM158	-0.320830721027787	0.469065084310137	0.618196085703571	0.5262
GALNT7	7.92405474433537	0.469509944960489	0.618701049868944	0.0778
IRF2BP1	2.99581947889451	0.469516013633016	0.618701049868944	0.1521
PTEN	6.45548459955224	0.469614056070704	0.618725823390221	0.086
GPR162	-1.80587841404432	0.469615607377863	0.618725823390221	1.234
ZNF404	1.31101997152779	0.469636488536278	0.618725823390221	0.2861
RBBP6	6.60082375227293	0.469874658813756	0.618994932263237	0.0985
C3orf62	2.15885709348844	0.47016572552802	0.619333681018799	0.2096
SNORD35B	-1.1279755300005	0.470595246150794	0.619854748465288	0.724
SCARNA2	-0.668044111697116	0.470663700649713	0.619900188951819	0.5837
CCDC169	0.264047372751836	0.471037504399504	0.620263208811244	0.3779
LINC01395	0.119207150626839	0.471451013742707	0.620679999927102	0.4276
MEF2D	4.60011554106917	0.471470149365424	0.620679999927102	0.095
XPC	4.90401011197118	0.471855789551544	0.620932696176241	0.0917
USP12-AS2	-1.12769779386049	0.47219583010618	0.621335380886437	0.7232
TMEM106A	1.70554557419492	0.472487327256161	0.621629334562444	0.2429
SLC25A14	3.49882786554691	0.472653434860078	0.621713459673289	0.1239
C15orf56	-1.80632084685189	0.472948112040207	0.621951221586584	1.2339
LRRC37A4P	-1.80632084685189	0.472948112040207	0.621951221586584	1.2339
ADCY5	-0.669061024061883	0.472962568702442	0.621951221586584	0.5893
LOC102724200	1.62882243080088	0.473333338342575	0.622293923720441	0.2627
LOC284581	-1.80591792326767	0.47350522537885	0.622415302956314	1.2278
SNORD7	-1.80591792326767	0.47350522537885	0.622415302956314	1.2278
SDSL	3.33465005977391	0.473527943840942	0.622415302956314	0.1271
TOB2	5.80171834488585	0.473628164157012	0.622502214892038	0.0807
ZMYND11	5.22936071258102	0.473848281363056	0.62274668667223	0.1023
NALCN	2.20161177240588	0.473957369489615	0.622845215764643	0.1931
CPT1B	-1.806079894468	0.474033926831659	0.622900983821979	1.2374
CAPS2	2.43195812838131	0.474601358347568	0.623513641052017	0.1863
MIR6748	-1.80567690686522	0.474602626865624	0.623513641052017	1.2312
LOC101927262	-1.80567690686522	0.474602626865624	0.623513641052017	1.2312
BCAS1	-0.583599651003562	0.474870291961055	0.623775510867824	0.5396
C10orf88	3.36139941129358	0.475373248490268	0.624346332693405	0.1429
ENDOG	2.91617814738534	0.475695337588512	0.624679476551279	0.1918
EFNA3	1.37576084398458	0.475786192481709	0.624753846647924	0.2813
ALX3	1.40790085880961	0.47632887001333	0.625286535626904	0.2938
ZNF324B	2.0022791543314	0.476664705893399	0.625637419713128	0.2097
GNB1	7.56843350341752	0.476718244976274	0.625662708863182	0.0738
SIRT6	3.17950096304905	0.476753362276565	0.625663818684564	0.1757
C19orf25	3.64317018773529	0.477270317877222	0.626252204640736	0.1234
GTF3C5	5.86526240458186	0.477472609674085	0.626427593403529	0.0803
MYPOP	2.37416223978663	0.47790269453744	0.626901745453438	0.1664
HDGFRP2	5.71400867598108	0.478369557816369	0.62742399938901	0.1141
ZNF768	4.99516611625621	0.478430345475966	0.627458648492043	0.1139
SYNJ1	4.1654481818306	0.479430816574394	0.628544990117209	0.1172
TRNM	0.332050701164415	0.479595614104846	0.628715893371971	0.4125
TRNA	-0.128188103106539	0.479725789294067	0.628841387904967	0.4451
LOC105373311	0.696991628606826	0.479836235028686	0.628895850863931	0.3514
WAC	7.33710989363626	0.479950441305026	0.629000377348496	0.0863
BCDIN3D	2.45488739459304	0.481222116225819	0.630531181642041	0.2019
UBR1	5.50198088597013	0.481809355172993	0.631210017082035	0.0826
PRR34-AS1	2.94262874034896	0.482164225421187	0.631629599547158	0.1598
CRNKL1	5.54573332486693	0.48344341015225	0.633123593668542	0.0803
WDR37	2.88265115431445	0.483823507931406	0.633575924309285	0.1409
TTC6	2.11474949082051	0.484141885194897	0.633824775044313	0.2036
PLGLB1	-1.12825321681588	0.484284367738959	0.633906604821283	0.7248
C16orf93	-0.758893279750954	0.484383945189089	0.633991490061085	0.6456
RNF224	0.82537839306006	0.485327983177605	0.635181565767464	0.3295
DYRK4	3.11013642548107	0.485526933465298	0.635339667640669	0.1334
ARL6IP4	7.11445894990068	0.485586545217527	0.635339667640669	0.0951
EIF4B	9.65178742772777	0.485587992034962	0.635339667640669	0.0774
HIST1H4K	-0.0688882166232681	0.48577807999534	0.635542828464593	0.4189
KIAA1875	-1.25305310030455	0.486099807569212	0.635872605831437	0.8141
USP27X-AS1	-0.503211010961455	0.486487626556904	0.636249310319547	0.5033
HAL	-1.12749920781262	0.486623529964836	0.636249310319547	0.7201
LOC105376068	-1.12749920781262	0.486623529964836	0.636249310319547	0.7201
TNFAIP8L3	-1.12785616056364	0.486631744083689	0.636249310319547	0.7206
ECT2L	-1.12793654780768	0.487046716337436	0.636700669778462	0.728
ADGRF1	6.67281454511289	0.488344410797666	0.638259991661096	0.0744
MIRLET7D	-0.758225958348669	0.488397350103192	0.638283486540473	0.637
TMEM126A	3.8908951141255	0.488842434596942	0.638763816537029	0.1219
RNASEH2B-AS1	-1.80619971805265	0.488937734192826	0.638763816537029	1.2278
FOXP3	-1.80619971805265	0.488937734192826	0.638763816537029	1.2278
RAC3	3.16260512360711	0.488939831961461	0.638763816537029	0.1712
NDUFC2	6.22771369298056	0.48946653448496	0.639256091219358	0.0964
LOC105378684	-1.12753941110208	0.489561755660487	0.639256091219358	0.7237
LOC105371937	-1.12753941110208	0.489561755660487	0.639256091219358	0.7237
LINC00957	-1.12753941110208	0.489561755660487	0.639256091219358	0.7237
SMIM20	4.98772935128321	0.489799911246661	0.63947559033963	0.0973
TINAGL1	4.85716459507857	0.490232013019694	0.639948203767432	0.084
OSMR-AS1	-0.503716798806613	0.491007435419374	0.640822972620539	0.5071
C7orf43	3.13380340777224	0.491199088523304	0.641005059304019	0.1373
GLTSCR2	7.02269628025093	0.491239461536284	0.641005059304019	0.0802
ZBED9	-0.667964921187232	0.491418772023069	0.641176465269664	0.5743
TPI1P2	0.887389069435458	0.491623116023879	0.641296046633691	0.3042
ZFP30	3.73252301709057	0.49164209613278	0.641296046633691	0.1138
SARS	7.80884036996212	0.491869266364545	0.641534995124036	0.0788
NDUFS7	4.51225983113355	0.492338483373335	0.642095490590657	0.0929
C9orf156	3.47360153191412	0.492369345572886	0.642095490590657	0.117
PAM	6.45884890390546	0.493013731282202	0.642752172983495	0.0813
SNORD43	-0.254344586927451	0.493741722305805	0.643563393004053	0.4982
GATA3	0.88678540189058	0.493959447715439	0.643801219211327	0.3068
NUTM2G	0.169475123722688	0.494009312225757	0.643820245859039	0.4016
C19orf60	4.04014118119286	0.494240488372823	0.644075548271415	0.1041
INPP5K	3.61990703804045	0.494545821679192	0.644381451757571	0.1152
ANKRD34A	0.119018763739971	0.494668933859538	0.64449586472593	0.431
GJC3	-1.01255283428417	0.49516581314459	0.645051169171374	0.6449
ECE1	5.89960120855822	0.495303919735866	0.645185041648089	0.0771
LOC441455	1.4856163982155	0.49543028791215	0.64530360560247	0.2476
PLCG1-AS1	-1.01247391332859	0.495709755527382	0.645529445531627	0.6452
PHOSPHO2	2.53545979070106	0.495791866306068	0.645590321774863	0.1473
NR2E3	-1.01235493076176	0.496070888682226	0.645907577475409	0.644
ARHGEF18	5.90602214735565	0.496199494883046	0.64602895297282	0.0734
RPL29	8.98561037773587	0.497012753251759	0.646230727003239	0.0828
LINC01590	-0.503755041886297	0.49739479248352	0.646230727003239	0.5046
TMEM87A	5.72857252788155	0.497451666810783	0.646230727003239	0.0774
PPA2	6.47722697657504	0.497697199978472	0.646230727003239	0.0862
LINC01011	1.4468667081535	0.498613335887984	0.646230727003239	0.2433
LOC105377135	-0.427510273710191	0.498884832221242	0.646230727003239	0.4731
LOC100506730	2.14556879495946	0.498967031188027	0.646230727003239	0.1892
PDXK	7.23339279120467	0.499333830448164	0.646230727003239	0.0746
LINC01530	-0.503172755071926	0.499768274381551	0.646230727003239	0.5059
KLLN	0.609987297358054	0.499960862520305	0.646230727003239	0.3279
FERMT3	-0.427316424292576	0.500053257492879	0.646230727003239	0.4722
DEDD2	3.93061604243695	0.500070757614674	0.646230727003239	0.109
CNBD2	-1.80599825355581	0.500180868982494	0.646230727003239	1.2195
WASF2	6.74203992108975	0.500412740317632	0.646230727003239	0.0731
TTC25	1.54438783748649	0.500523059241591	0.646230727003239	0.2315
NDUFB3	7.18649015432675	0.500669675083072	0.646230727003239	0.0744
PLA2G4F	-1.01275071293806	0.50092536777576	0.646230727003239	0.6462
SPDYE2B	-1.012671801906	0.501608123101719	0.646230727003239	0.6467
MED29	5.15394715187327	0.502143680204308	0.646230727003239	0.0833
PLCB4	3.90682397513437	0.502382807154345	0.646230727003239	0.1159
ARL1	6.5543237978764	0.502628493951223	0.646230727003239	0.071
Mar-08	1.00198082949992	0.502661680091004	0.646230727003239	0.2761
APIP	1.54520927752505	0.503063945701885	0.646230727003239	0.2285
RCE1	3.8358693159979	0.503075407494757	0.646230727003239	0.1111
TRAF3IP2	4.67778270247146	0.503351854187374	0.646230727003239	0.0903
RAB10	7.83481086720707	0.503635807515126	0.646230727003239	0.07
CDS1	5.90121031088514	0.503969501429653	0.646230727003239	0.0744
SLAMF8	-2.39090193594204	0.504743861543557	0.646230727003239	3.1758
KISS1	-2.39090193594204	0.504743861543557	0.646230727003239	3.1758
LOC105373280	-2.39090193594204	0.504743861543557	0.646230727003239	3.1758
LOC101927762	-2.39090193594204	0.504743861543557	0.646230727003239	3.1758
LOC105376671	-2.39090193594204	0.504743861543557	0.646230727003239	3.1758
ALX4	-2.39090193594204	0.504743861543557	0.646230727003239	3.1758
CARD17	-2.39090193594204	0.504743861543557	0.646230727003239	3.1758
KRT83	-2.39090193594204	0.504743861543557	0.646230727003239	3.1758
LOC101927901	-2.39090193594204	0.504743861543557	0.646230727003239	3.1758
LINC01068	-2.39090193594204	0.504743861543557	0.646230727003239	3.1758
KIF26A	-2.39090193594204	0.504743861543557	0.646230727003239	3.1758
NUTM1	-2.39090193594204	0.504743861543557	0.646230727003239	3.1758
LTK	-2.39090193594204	0.504743861543557	0.646230727003239	3.1758
LOC101929679	-2.39090193594204	0.504743861543557	0.646230727003239	3.1758
ZFP3	-2.39090193594204	0.504743861543557	0.646230727003239	3.1758
SDK2	-2.39090193594204	0.504743861543557	0.646230727003239	3.1758
LOC101929723	-2.39090193594204	0.504743861543557	0.646230727003239	3.1758
SIRPG-AS1	-2.39090193594204	0.504743861543557	0.646230727003239	3.1758
MATN4	-2.39090193594204	0.504743861543557	0.646230727003239	3.1758
MIR4326	-2.39090193594204	0.504743861543557	0.646230727003239	3.1758
LINC01336	-2.39090193594204	0.504743861543557	0.646230727003239	3.1758
SERPINB9	-2.39090193594204	0.504743861543557	0.646230727003239	3.1758
SLC22A2	-2.39090193594204	0.504743861543557	0.646230727003239	3.1758
MYO1G	-2.39090193594204	0.504743861543557	0.646230727003239	3.1758
FER1L6	-2.39090193594204	0.504743861543557	0.646230727003239	3.1758
MIR23B	-2.39090193594204	0.504743861543557	0.646230727003239	3.1758
BGN	-2.39090193594204	0.504743861543557	0.646230727003239	3.1758
HSPB7	-2.39098291991171	0.504743861543557	0.646230727003239	3.1749
ACTL8	-2.39098291991171	0.504743861543557	0.646230727003239	3.1749
LOC105369199	-2.39098291991171	0.504743861543557	0.646230727003239	3.1749
MIR554	-2.39098291991171	0.504743861543557	0.646230727003239	3.1749
GLUD1P7	-2.39098291991171	0.504743861543557	0.646230727003239	3.1749
TACR2	-2.39098291991171	0.504743861543557	0.646230727003239	3.1749
LOC101927278	-2.39098291991171	0.504743861543557	0.646230727003239	3.1749
JAKMIP3	-2.39098291991171	0.504743861543557	0.646230727003239	3.1749
UBQLNL	-2.39098291991171	0.504743861543557	0.646230727003239	3.1749
CNGA4	-2.39098291991171	0.504743861543557	0.646230727003239	3.1749
OR2AG2	-2.39098291991171	0.504743861543557	0.646230727003239	3.1749
LOC101927495	-2.39098291991171	0.504743861543557	0.646230727003239	3.1749
GAL3ST3	-2.39098291991171	0.504743861543557	0.646230727003239	3.1749
LOC105369590	-2.39098291991171	0.504743861543557	0.646230727003239	3.1749
ART4	-2.39098291991171	0.504743861543557	0.646230727003239	3.1749
MANSC4	-2.39098291991171	0.504743861543557	0.646230727003239	3.1749
ALOX5AP	-2.39098291991171	0.504743861543557	0.646230727003239	3.1749
SPG20-AS1	-2.39098291991171	0.504743861543557	0.646230727003239	3.1749
STXBP6	-2.39098291991171	0.504743861543557	0.646230727003239	3.1749
CACNG4	-2.39098291991171	0.504743861543557	0.646230727003239	3.1749
LOC105371899	-2.39098291991171	0.504743861543557	0.646230727003239	3.1749
LDLRAD4	-2.39098291991171	0.504743861543557	0.646230727003239	3.1749
LOC101928344	-2.39098291991171	0.504743861543557	0.646230727003239	3.1749
MIR641	-2.39098291991171	0.504743861543557	0.646230727003239	3.1749
IGFL1	-2.39098291991171	0.504743861543557	0.646230727003239	3.1749
CGB	-2.39098291991171	0.504743861543557	0.646230727003239	3.1749
C2orf73	-2.39098291991171	0.504743861543557	0.646230727003239	3.1749
UGT1A1	-2.39098291991171	0.504743861543557	0.646230727003239	3.1749
HNF4A	-2.39098291991171	0.504743861543557	0.646230727003239	3.1749
KCNB1	-2.39098291991171	0.504743861543557	0.646230727003239	3.1749
LINC01272	-2.39098291991171	0.504743861543557	0.646230727003239	3.1749
NKAIN4	-2.39098291991171	0.504743861543557	0.646230727003239	3.1749
SHISA8	-2.39098291991171	0.504743861543557	0.646230727003239	3.1749
CHKB	-2.39098291991171	0.504743861543557	0.646230727003239	3.1749
LRRIQ4	-2.39098291991171	0.504743861543557	0.646230727003239	3.1749
NKX3-2	-2.39098291991171	0.504743861543557	0.646230727003239	3.1749
LINC00504	-2.39098291991171	0.504743861543557	0.646230727003239	3.1749
FSTL5	-2.39098291991171	0.504743861543557	0.646230727003239	3.1749
LINC01098	-2.39098291991171	0.504743861543557	0.646230727003239	3.1749
WWC2-AS1	-2.39098291991171	0.504743861543557	0.646230727003239	3.1749
CTD-2201I18.1	-2.39098291991171	0.504743861543557	0.646230727003239	3.1749
LOC101927761	-2.39098291991171	0.504743861543557	0.646230727003239	3.1749
TRIM26	-2.39098291991171	0.504743861543557	0.646230727003239	3.1749
VPS52	-2.39098291991171	0.504743861543557	0.646230727003239	3.1749
PLA2G7	-2.39098291991171	0.504743861543557	0.646230727003239	3.1749
LOC100506289	-2.39098291991171	0.504743861543557	0.646230727003239	3.1749
LOC101928268	-2.39098291991171	0.504743861543557	0.646230727003239	3.1749
SPDYE17	-2.39098291991171	0.504743861543557	0.646230727003239	3.1749
MIR1285-1	-2.39098291991171	0.504743861543557	0.646230727003239	3.1749
OR2A20P	-2.39098291991171	0.504743861543557	0.646230727003239	3.1749
ADAM32	-2.39098291991171	0.504743861543557	0.646230727003239	3.1749
C9orf24	-2.39098291991171	0.504743861543557	0.646230727003239	3.1749
LOC403323	-2.39098291991171	0.504743861543557	0.646230727003239	3.1749
QRFP	-2.39098291991171	0.504743861543557	0.646230727003239	3.1749
PIR-FIGF	-2.39098291991171	0.504743861543557	0.646230727003239	3.1749
ARHGEF6	-2.39098291991171	0.504743861543557	0.646230727003239	3.1749
KLF17	-2.3910638994839	0.504743861543557	0.646230727003239	3.174
HRNR	-2.3910638994839	0.504743861543557	0.646230727003239	3.174
KCNN3	-2.3910638994839	0.504743861543557	0.646230727003239	3.174
LOC101928896	-2.3910638994839	0.504743861543557	0.646230727003239	3.174
VWA8-AS1	-2.3910638994839	0.504743861543557	0.646230727003239	3.174
TEX29	-2.3910638994839	0.504743861543557	0.646230727003239	3.174
SYNDIG1L	-2.3910638994839	0.504743861543557	0.646230727003239	3.174
RNASEK-C17orf49	-2.3910638994839	0.504743861543557	0.646230727003239	3.174
MYCBPAP	-2.3910638994839	0.504743861543557	0.646230727003239	3.174
ANKRD30B	-2.3910638994839	0.504743861543557	0.646230727003239	3.174
HCST	-2.3910638994839	0.504743861543557	0.646230727003239	3.174
ZNF781	-2.3910638994839	0.504743861543557	0.646230727003239	3.174
SPACA4	-2.3910638994839	0.504743861543557	0.646230727003239	3.174
RAB6C	-2.3910638994839	0.504743861543557	0.646230727003239	3.174
FAM83C-AS1	-2.3910638994839	0.504743861543557	0.646230727003239	3.174
HORMAD2-AS1	-2.3910638994839	0.504743861543557	0.646230727003239	3.174
ITGA9	-2.3910638994839	0.504743861543557	0.646230727003239	3.174
MUC20	-2.3910638994839	0.504743861543557	0.646230727003239	3.174
PROM1	-2.3910638994839	0.504743861543557	0.646230727003239	3.174
LOC105374752	-2.3910638994839	0.504743861543557	0.646230727003239	3.174
LOC101928569	-2.3910638994839	0.504743861543557	0.646230727003239	3.174
CXCL14	-2.3910638994839	0.504743861543557	0.646230727003239	3.174
MZB1	-2.3910638994839	0.504743861543557	0.646230727003239	3.174
TULP1	-2.3910638994839	0.504743861543557	0.646230727003239	3.174
CLPSL2	-2.3910638994839	0.504743861543557	0.646230727003239	3.174
HECW1	-2.3910638994839	0.504743861543557	0.646230727003239	3.174
MIR2052HG	-2.3910638994839	0.504743861543557	0.646230727003239	3.174
LINGO2	-2.3910638994839	0.504743861543557	0.646230727003239	3.174
EP300	6.38027234449909	0.505043692027108	0.646528706479521	0.0757
GPR19	2.85244735115021	0.505047430056116	0.646528706479521	0.1436
LRRIQ3	2.00350087081266	0.505220359297756	0.646704731407926	0.2064
OSTM1	3.88342478871446	0.505832461542259	0.64735207976975	0.1012
SRP14	7.60836855135598	0.506463305877928	0.648113985147024	0.0887
FBXO4	3.22236398914242	0.506994965958029	0.648703399111983	0.1315
KLRAP1	2.66824584588129	0.507068595398982	0.648748327860544	0.1604
TNKS2	6.3134129329779	0.507101152419476	0.648748327860544	0.0714
VAMP3	6.15969343502503	0.507747933246428	0.649530255016943	0.0766
DBNDD2	-0.503561681379844	0.509117872824948	0.651061588701705	0.5097
SACM1L	5.57416512190156	0.509135433601655	0.651061588701705	0.0777
SCAF11	7.46993846374039	0.509158977974049	0.651061588701705	0.0715
TMEM248	6.37352654845736	0.509433693178034	0.651367243497562	0.0722
EVL	3.56478418345582	0.509605121772179	0.651540801391758	0.1122
FAM222B	4.29549492439323	0.511414458343642	0.653670962089304	0.1162
CCDC170	-1.01223593921234	0.511934545900775	0.654244107102874	0.6406
SLC35B4	4.52637870317468	0.512714848477047	0.655195455256683	0.0867
PRKCZ	3.91257008929701	0.51293949490225	0.655436650026981	0.1005
LINC01315	0.0945661834930612	0.513204927053466	0.65572992359239	0.3685
PPP1R15A	5.65140388900141	0.513486651163037	0.655998061835718	0.0911
FDX1	4.67685332164918	0.514918698802179	0.657674558138159	0.0956
LOC100128531	-1.25313254794929	0.516325792955576	0.659209992041191	0.806
DDX52	3.43150678672948	0.516860116365818	0.659846033872334	0.3573
TMEM217	-0.355374735233986	0.517210542443797	0.660247231861685	0.4441
ARVCF	2.81521384148038	0.517509098395839	0.660552466838684	0.1298
DDOST	6.9592848848602	0.51753006205867	0.660552466838684	0.0853
PMPCB	6.5162580975195	0.517558199258355	0.660552466838684	0.07
EFCAB14	7.50985535446343	0.518141527477142	0.661065883403642	0.0673
LAMTOR4	5.27313359394692	0.518455528148555	0.661307577838091	0.0813
C11orf72	-1.6255221829219	0.518484048242636	0.661307577838091	0.9545
LOC100506125	-1.6255221829219	0.518484048242636	0.661307577838091	0.9545
DNAJC14	5.18988776586864	0.518548311610006	0.661307577838091	0.082
ANKRD16	0.477226582367828	0.518609811235198	0.661320839152125	0.318
HIST2H4A	-1.62532136383176	0.518830341797179	0.661482416359334	0.9532
ZCCHC7	4.85385665908099	0.519259635244147	0.661937287969914	0.0954
CDK2AP2	4.41781938543046	0.519571607399773	0.662288735141059	0.0876
STAG3L5P-PVRIG2P-PILRB	3.87118369727923	0.519794209022112	0.662526222153717	0.1071
MRPL53	5.92097285407789	0.519912505544195	0.662611051397069	0.0794
WIZ	4.86947924935032	0.519960688134654	0.662611051397069	0.0836
NPM2	0.944599444285307	0.5199696495571	0.662611051397069	0.3039
C9orf64	4.51536801528937	0.520155997121186	0.662750333934077	0.0848
LOC101928728	0.764419092673142	0.520514519802682	0.663120242394819	0.3202
PTCH2	-0.355607000817939	0.520725501212657	0.663271204598323	0.4471
ASMTL-AS1	-1.62560224497349	0.521060933717089	0.663445976143058	0.954
AMIGO3	0.778252304621196	0.521114916025522	0.663468436220233	0.2949
AGAP11	-1.62540143641281	0.521440788214263	0.663790741903604	0.9523
EMILIN1	-1.6252412870499	0.522021196004135	0.664390613096172	0.9536
FOXD4L1	-1.6252412870499	0.522021196004135	0.664390613096172	0.9536
KLF3-AS1	-1.6252412870499	0.522021196004135	0.664390613096172	0.9536
PYGO1	1.77962915086011	0.522386267055835	0.664669897642273	0.2136
RPS3	10.7531778037347	0.523248615730524	0.665720728188476	0.0914
ZDHHC3	5.69610741003968	0.523292701139099	0.665730421741839	0.0759
TMPRSS2	-0.90561312760772	0.523599875127514	0.665989414699223	0.5826
RAB6A	7.2260110463956	0.523627288006245	0.665989414699223	0.0678
ANAPC11	6.05783036259588	0.523632349863808	0.665989414699223	0.131
EPB41L4A	3.95190127269131	0.523642203034216	0.665989414699223	0.0986
SERINC5	5.55510844739472	0.523785651024931	0.666079050230646	0.081
CSDE1	9.45580873824066	0.52408549142656	0.666367511595158	0.071
KANSL3	5.49942907936502	0.524132023930142	0.666380265260023	0.0735
SPATA2	4.18814363534492	0.524817092486235	0.667111881383422	0.0912
AGAP6	2.98172717417478	0.524924304532855	0.667201706019063	0.1349
KBTBD7	2.22284547672667	0.525236960121978	0.667506156908237	0.1696
PTDSS2	2.08092593055102	0.525550844429226	0.667858569949878	0.1757
ZNF134	4.38624252082255	0.525963912506284	0.668336965734998	0.0892
LINC01535	1.78589049826217	0.526390565378781	0.668832555787516	0.1996
TBC1D24	3.54437420823653	0.526481500274018	0.668854994363428	0.1086
NKIRAS1	3.03514674555877	0.527943647260289	0.670604537879361	0.1206
CSGALNACT2	2.85012012499032	0.528099574793414	0.670723934703531	0.1374
ENO1-AS1	-1.62564291989355	0.528884502752198	0.671533974283219	0.9587
IGSF6	-1.62564291989355	0.528884502752198	0.671533974283219	0.9587
LOC101926913	-1.62564291989355	0.528884502752198	0.671533974283219	0.9587
DZIP1L	1.02866264049066	0.529389795798694	0.672128806739061	0.2683
RABL3	5.21611097081526	0.52979760803713	0.672599800578988	0.0733
ARHGAP32	5.47925418256331	0.530282035746994	0.673027589307364	0.0704
TMEM161A	3.5481775779361	0.530703304036456	0.673505118612675	0.1087
LOC400863	0.144801585059651	0.531860660253144	0.674774360377955	0.3549
DRAIC	-1.62548150479348	0.531954020297958	0.674774360377955	0.9501
XKR9	-1.62548150479348	0.531954020297958	0.674774360377955	0.9501
ASAP1-IT1	-1.62548150479348	0.531954020297958	0.674774360377955	0.9501
PKDCC	1.68868495314492	0.532034376154347	0.674829401172358	0.2078
PHACTR4	6.2372137457002	0.532215201957841	0.675011860979738	0.0668
EIF2AK3	4.29325271246732	0.53280796222206	0.675636819308149	0.0971
TRAF2	4.87159257121283	0.532848275260296	0.675636819308149	0.0772
TAB1	3.97349185131474	0.53285598840922	0.675636819308149	0.0982
UQCRC2	6.41790985305622	0.533232207873322	0.676066892626944	0.0793
PLTP	-1.62516120606681	0.533675000131792	0.676487349146368	0.9546
SUGCT	-1.62516120606681	0.533675000131792	0.676487349146368	0.9546
HOXA4	-1.12805591112751	0.533915285641757	0.676744945822115	0.7391
MGEA5	7.43366396407521	0.535109926562625	0.67790380694942	0.0673
PIGX	4.45376144273572	0.53542790832715	0.678191347701412	0.0828
PPP1R3D	2.35807746104448	0.536007323772951	0.678783969395047	0.1543
COL6A1	2.16908465739269	0.536160073682242	0.678930311794618	0.1639
LOC100652758	0.436535831955117	0.536689086931257	0.679505927666068	0.3369
NDUFA11	6.0073945078498	0.536962432740356	0.679804866304295	0.082
ZC3H3	2.83949089545973	0.537359144020864	0.680165605854877	0.1437
SLC35C1	2.78848130416655	0.537612652347187	0.680392137348371	0.1398
AFAP1	4.89589549314549	0.538248809110029	0.681150024893435	0.076
TIMM17B	4.50542194226025	0.538440617714373	0.681345526928231	0.0864
GNRH1	0.746992861816335	0.538499860418916	0.681373263917918	0.3019
LUC7L3	7.98546983027063	0.538788271339887	0.681690947507171	0.0976
CTAGE9	0.241364062747656	0.539685910176032	0.682495564988476	0.3293
GPC1	4.35394434161687	0.5401496052321	0.683034646610599	0.0877
ZNF691	3.55410020409356	0.54151549904744	0.684572186871412	0.1046
ARFGAP2	5.40131672615248	0.541557217467401	0.684577521263321	0.082
LRP11	5.54045883058926	0.541864913359249	0.684871632393136	0.0717
ST7L	3.59584251092847	0.542099553424361	0.684979996801718	0.1101
TNRC6C	2.37237713321089	0.542185334263526	0.68503948109315	0.1726
KLF6	5.63923925687149	0.54281093916568	0.685687552270181	0.0781
LOC100507547	-1.06875244974363	0.543425430174358	0.686226371533726	0.814
ZNF543	2.76791952913242	0.543833440544842	0.686694099501082	0.1336
STRBP	6.02614597892607	0.544756092125596	0.687668871376357	0.0668
OMG	-1.62528068036487	0.544881636891081	0.687748169523388	0.9436
NSUN3	3.25875882620075	0.544894255257794	0.687748169523388	0.1138
EFCAB13	1.80258787575003	0.544938532435025	0.687756505228746	0.1916
RPL30	9.76779591986613	0.545346823633785	0.688176651154931	0.0758
IGFLR1	0.241400978844838	0.545765091404377	0.688609268690186	0.3313
MORF4L1	7.56372922249668	0.545853983911177	0.688673830703694	0.0639
CHKB-AS1	1.83407403598108	0.545960910958767	0.688761135406209	0.1875
NUDT2	2.83372986349362	0.546066679059873	0.688846966066684	0.1214
ZNF214	1.6602019494574	0.546697110260173	0.689546942442291	0.2319
TTC23	3.72301168615689	0.548041555375547	0.691099442905021	0.1034
PPP1CB	7.91776141636453	0.548284686552204	0.691358284134344	0.0645
SETDB2	3.44951241597848	0.549534764307818	0.69283885754168	0.1261
MIR4712	0.0945289551148437	0.549597657331786	0.692870301239492	0.364
ZNF19	2.55524864145955	0.550200598698302	0.693486752957484	0.142
LOC105369647	-0.221140697203312	0.550376428891609	0.693660482281341	0.3966
KCNMB3	2.39964307862574	0.551216480090319	0.694575376900115	0.1527
KBTBD2	5.4547571155876	0.551496715252694	0.694880532379956	0.0674
ZNF398	4.29578931256613	0.551697419229157	0.695037477430646	0.0858
C18orf21	4.23649142141014	0.552506005045297	0.695912075900851	0.0858
ANGEL2	4.74369628216905	0.552907423276895	0.6963696391406	0.0762
MGAT5	5.36734035830865	0.553140273993553	0.696614848373779	0.0696
SLC22A23	2.50599410123133	0.55333341584164	0.696810018597294	0.132
CCDC127	4.10336606938389	0.554443221469795	0.69788613963467	0.089
SNORD46	-0.805541550648829	0.555986776694798	0.699566610182809	0.5276
FBLN1	0.590044892149238	0.55602056933351	0.699566610182809	0.2988
LOC100506023	-0.806248570890168	0.556287236346051	0.699853889238062	0.5284
ND3	13.0007384224033	0.557707991980965	0.701447957396107	0.1018
PHACTR1	-0.806406532826881	0.557980462010602	0.701686884375811	0.5339
TMEM105	2.08236963759645	0.55801326617923	0.701686884375811	0.1708
MOCOS	5.12951402036408	0.558433595991061	0.702167072691839	0.0678
C12orf80	-1.46499215322486	0.559775033648325	0.70375683591239	0.7809
OR2A7	-1.46499215322486	0.559775033648325	0.70375683591239	0.7809
LOC101928103	0.475902026275836	0.559919082071046	0.703889461664303	0.3297
IL17D	1.51658061534408	0.560431300629248	0.704336667399616	0.2088
SNORD14A	-1.01239380102147	0.560450776053112	0.704336667399616	0.6318
LOC100379224	-0.713036180634544	0.560467723888816	0.704336667399616	0.487
PTBP2	4.90842998974324	0.560691029693739	0.704558452684573	0.0731
RPL13A	10.2040922251939	0.560721393462651	0.704558452684573	0.0674
CDIP1	-0.805659790200011	0.56108876623384	0.704923027758928	0.5299
ZXDB	3.30085475430632	0.561515255551596	0.705361763252593	0.1094
FAM199X	7.08712224811778	0.561626715911159	0.705453235563102	0.0638
NUTM2B	-0.713114350399589	0.562131852994478	0.705941038829974	0.4867
TMEM204	-0.80644516375657	0.562197213351315	0.705941038829974	0.5302
LOC102723385	-1.46519229967814	0.562208411675558	0.705941038829974	0.7822
ANKRD53	-1.46519229967814	0.562208411675558	0.705941038829974	0.7822
SP5	-1.46519229967814	0.562208411675558	0.705941038829974	0.7822
B3GAT3	3.80848438484578	0.562541028426601	0.706210645373379	0.1233
LOC105376780	-1.46511249771008	0.562577860191994	0.706210645373379	0.7828
PPP5D1	-1.46511249771008	0.562577860191994	0.706210645373379	0.7828
LOC101060542	-0.221409291297874	0.563230998706378	0.706793253560754	0.3971
TMEM258	6.71642365247156	0.563256749286439	0.706793253560754	0.0724
KRT17	-1.46479198072245	0.563274268517496	0.706793253560754	0.7792
MEGF11	-1.46471215796991	0.563633437010118	0.707049544840013	0.7798
CBX8	2.99175319523652	0.563683786718982	0.707064120540178	0.1514
RFX7	5.08176988093761	0.563772280963657	0.707126538046892	0.0732
CBX2	2.75549183199325	0.5644970760274	0.707841103094733	0.1267
AMDHD2	3.06452995044729	0.564618377399952	0.707944580893786	0.1133
C14orf93	3.63279698865885	0.564895264504721	0.708243111654295	0.1057
CSNK1G1	5.13421932677511	0.565405743310933	0.708737108616067	0.0681
USP46-AS1	0.915334121314587	0.566075895820674	0.709479716744626	0.2385
PAPOLG	4.92570328132193	0.566239777042027	0.709636395254976	0.0715
CYP24A1	2.89762332946675	0.566751456027251	0.710180148344669	0.1285
C19orf70	4.3820123734589	0.567003850220231	0.710447651998665	0.0852
ADO	4.74471916885682	0.567218654550312	0.710570490459788	0.0924
C1orf162	-0.0978547641487684	0.567357797529102	0.710696030718491	0.3593
RPL9	10.3711770708407	0.567651211529255	0.710966006975719	0.0975
LOC105370548	-0.0702215238706882	0.567827707513012	0.711043242781554	0.435
PIAS4	4.35910143726788	0.567829723735335	0.711043242781554	0.0832
SIX2	-1.46527209750164	0.568092463548258	0.711177125045396	0.7819
SNORA5C	-1.46527209750164	0.568092463548258	0.711177125045396	0.7819
C9orf50	-1.46527209750164	0.568092463548258	0.711177125045396	0.7819
JAM2	-1.46503269159707	0.569284973557507	0.71252341130302	0.7845
SSC4D	0.241775955494971	0.569777278521184	0.712944071054334	0.3236
MMP21	-1.46463233107039	0.570589529068285	0.713764728153392	0.78
SNORD71	-1.46463233107039	0.570589529068285	0.713764728153392	0.78
ZNRF3-AS1	-0.80558020261878	0.571462045995153	0.714709262977839	0.5215
ZNF383	2.40685187055993	0.572389463917432	0.715673039742254	0.138
MEF2BNB	1.20582788707965	0.575387576834993	0.719076916942746	0.2469
HPX	-1.4645917821646	0.57584745368474	0.71955312214022	0.7746
LOC101928525	-1.46451194901602	0.576429086129127	0.720132032873014	0.7756
SPAG1	4.0737267943444	0.576510008614376	0.720134568406709	0.101
LOC100132062	-1.01168211025456	0.576550574518163	0.720135966639545	0.6261
KCTD9	5.53146107374534	0.577374711844078	0.720968039632386	0.0662
ANAPC16	5.99597490348224	0.578223240987798	0.721879469840199	0.0604
CUBN	-0.806130374948248	0.578587764690086	0.722285163579199	0.524
TECPR1	3.33194107705873	0.580098827092913	0.724072486490375	0.114
AQP11	1.48727445793926	0.580165475810883	0.724106168483181	0.1957
WDR83	1.95208199708146	0.580453056442926	0.724415572766069	0.1723
PRDX1	9.32549517648672	0.580535771454395	0.724469276346396	0.0663
TGFB3	0.730964333437965	0.58071502713944	0.72463402393503	0.263
FAM151A	-0.625391951462872	0.581148383461081	0.725085079856854	0.4484
SERF1A	-0.906006429894889	0.581192364181061	0.725090398447991	0.5789
CLN5	3.46817002530532	0.58219744110304	0.726245062164475	0.1063
BUD31	5.49803463736443	0.582343192141126	0.726377242124104	0.0674
EXTL3-AS1	-1.46547220752465	0.582857480812412	0.726893770491724	0.7862
NME2	-0.712604496652439	0.582949589165738	0.726893770491724	0.4804
AFMID	3.94535430266781	0.582956381122334	0.726893770491724	0.0851
SLC9A5	1.11984912986313	0.583167938318221	0.727107900692353	0.2265
YAF2	3.69922394535872	0.583239324077534	0.727147244441675	0.0912
LOC100506990	1.16936979472443	0.583388175336285	0.727283155486153	0.2222
TSTD3	1.82705353147429	0.583470871930514	0.727336581629462	0.1749
PHLDB1	4.87919411961552	0.585035619242048	0.728938729516982	0.0705
TFAP2A-AS1	-0.71350626310331	0.585090387326404	0.728957184622941	0.4914
UCA1	8.59508306401551	0.585329917796297	0.729156122776472	0.0899
PRC1-AS1	-0.625548914012198	0.585698844270801	0.729516142526284	0.4523
CD99	2.42972229617863	0.586206013595496	0.730048228678585	0.3947
LINC00649	3.04939793921203	0.586439652887491	0.730239567772597	0.1056
WDR73	4.46027030624778	0.586630659356633	0.73042758949766	0.0773
NAT6	1.08088993723222	0.587871994824648	0.731773567265701	0.2124
SNORA81	-0.158227405200775	0.588102548897821	0.731975821485128	0.3722
TNKS1BP1	6.86747522027685	0.588114666386057	0.731975821485128	0.069
FGF11	0.146268660194072	0.588463867754123	0.732360513308287	0.3493
SHFM1	7.84336534131064	0.590421330337377	0.734609455672775	0.064
SPATA32	-0.712409563809864	0.590431887767672	0.734609455672775	0.4861
LRRC42	5.40824164313617	0.590864927739633	0.735098140985058	0.0626
VTRNA2-1	-1.01215818989493	0.59199855553258	0.736408124134831	0.6564
PPP1R10	-1.32065726682531	0.592039675441847	0.736409096877179	0.6632
LOC101928324	-1.32045775232355	0.592552216123463	0.736745437414012	0.6622
SNORD55	-1.32045775232355	0.592552216123463	0.736745437414012	0.6622
USP24	7.29671129398489	0.592827606454632	0.736987455460385	0.0561
EFNA4	2.3212346764216	0.59334755606325	0.737483182427198	0.1451
SIM2	-1.32073681659425	0.594198672496846	0.738189245668759	0.6628
LOC100129518	-1.32073681659425	0.594198672496846	0.738189245668759	0.6628
ADAM11	0.515289894095659	0.594675879459827	0.738731821952817	0.3066
PLEKHG7	-1.3205373123485	0.59481735090552	0.738807018514844	0.6615
LOC105373237	-1.3205373123485	0.59481735090552	0.738807018514844	0.6615
AP3S2	-1.32057771296484	0.5949556491052	0.738878253745886	0.6639
CCDC96	1.40639795064796	0.595010358207172	0.738895932210743	0.2122
LOC102724601	-1.32037818820609	0.595618525386219	0.739449969360817	0.6625
LDHAL6A	-1.32037818820609	0.595618525386219	0.739449969360817	0.6625
SELK	4.43832477485098	0.595724540487332	0.739531294106946	0.0757
TRA2A	6.9987289977808	0.596294600289216	0.740112900710551	0.0678
SREBF2	6.06472619572255	0.596314672247563	0.740112900710551	0.0604
PEX11G	-0.285868572194901	0.596563121994883	0.740370928289502	0.4202
KIF16B	4.55460044224182	0.596915267243355	0.740656910133534	0.0872
EID2B	0.794063597846117	0.597667112999641	0.741489012227078	0.2595
ZNF132	-0.0989225062751849	0.597995582381459	0.741769388535438	0.3628
NAT9	4.66681011028744	0.598055632660666	0.741769388535438	0.0749
NUTM2B-AS1	2.97667782884771	0.598290251887362	0.742009975438565	0.1052
IFT43	4.24308875437514	0.599208552894064	0.743098386090214	0.0767
SYCP3	-1.32025821211116	0.59941388998812	0.743252052952735	0.66
PPP1R3G	-0.543256134064715	0.599620761071974	0.743407579906958	0.4186
LOC101929231	-1.32093629513793	0.600113986862368	0.743918037900413	0.6647
GK3P	-1.32093629513793	0.600113986862368	0.743918037900413	0.6647
SH2D4A	6.28236170376058	0.600443258756691	0.7442756743524	0.0602
DKFZP586I1420	2.88091727076804	0.600872119737273	0.744706138351911	0.1144
ARMC2	0.916077714912315	0.601252106390516	0.745052117637377	0.2322
DLEU7	-0.09903713788118	0.601273709966667	0.745052117637377	0.3654
ERCC5	0.887711098683759	0.601522655821718	0.745310004389934	0.2362
ASH1L	7.02931317514821	0.602737657295377	0.746562091836923	0.0543
B3GNT8	-1.32081636227205	0.603081042694022	0.746936737816966	0.6621
ASB16	1.69720643998544	0.603227988542027	0.747068052291109	0.1946
HSCB	3.20679804532276	0.603623015920354	0.74745586235108	0.1047
TICAM1	3.71248079244253	0.604645939241778	0.748620974350484	0.0982
POT1	5.20708367449097	0.605539666622512	0.74952418156218	0.0705
BTBD18	-1.32029861999573	0.605767078566946	0.74965318508122	0.6632
N4BP3	-1.32029861999573	0.605767078566946	0.74965318508122	0.6632
PKDREJ	-0.54345085105756	0.606098451717195	0.750012426933445	0.4202
ADGRA3	5.58966772534605	0.606246074620133	0.750092610071342	0.0576
C5	2.17649561730259	0.60632759897145	0.750092610071342	0.1488
G3BP2	8.18726781102904	0.606442071292343	0.750183388908592	0.0548
DNAH3	1.54517882267275	0.606721653805316	0.750427541454597	0.185
FNDC3A	6.31309879350306	0.606922826043892	0.750583309078543	0.0571
CEP170	1.73449904409532	0.606929820805075	0.750583309078543	0.2691
ESR2	1.37331141133586	0.607101300414903	0.75074451943199	0.2001
RRAS2	5.32859959672887	0.607752343736512	0.751447801371742	0.0585
SIK3	5.4767838718421	0.607990960344443	0.751691925507799	0.0625
MYO15A	-0.543140155510985	0.608694231505523	0.752408551043729	0.4227
NDUFV2-AS1	0.456137928184785	0.609273255645442	0.753022310951404	0.2865
TTLL3	0.119925574961431	0.60945266424336	0.75319305702862	0.3021
ZNF346	3.93202352866361	0.610388322540273	0.754196224453145	0.0825
DERA	6.24055584518075	0.610868662465731	0.75468757541953	0.0557
PET100	6.74758966459604	0.611432732806131	0.755270958156563	0.0619
MAPK1	6.70624171369719	0.611464984747699	0.755270958156563	0.0537
LRRC39	0.825773395382757	0.613031031576637	0.757051648005349	0.2553
HIST2H2AA3	-1.32069766431976	0.613472011644295	0.757493746674214	0.6695
PHYHIP	-1.3204173485849	0.614210045411476	0.758302467642652	0.6554
Mar-02_2	3.0986030005512	0.614580191177509	0.758605542267519	0.1262
STAP2	0.974323666915517	0.61518920962278	0.759274750445282	0.2195
ZNF460	3.61954759263048	0.615205527420389	0.759274750445282	0.0961
SPATA6L	2.50668422289483	0.615593674901764	0.759599738357999	0.1107
CENPC	4.6753463711097	0.615940191541889	0.759975948688073	0.0722
IRAK4	4.15300715660691	0.616612356981137	0.760702472567079	0.0789
DNM3	3.21790517479921	0.617208408789306	0.761321100566907	0.0936
RPL11	10.3650433386912	0.617238913753877	0.761321100566907	0.06
KANTR	0.286220720757763	0.617370473014007	0.761431925100913	0.3326
MIR21	-0.464995512673342	0.617645332866001	0.761719462055105	0.3893
PPFIA3	1.9745049895399	0.618191591479993	0.762290151574384	0.1554
DNAJC30	3.91396148735853	0.618481610733377	0.762596264051636	0.0871
CPTP	3.34337671356552	0.618680440800008	0.762687515844443	0.0963
FAM96A	5.64561946635295	0.618680949941956	0.762687515844443	0.0647
TMEM55A	1.38456512269455	0.619235558446159	0.763194211453092	0.1706
ZNF84	6.04200560274718	0.619259194470566	0.763194211453092	0.0596
COG1	4.33315627902613	0.619376663063695	0.763287455170164	0.0704
MIR3607	-1.18954668710457	0.620126122912824	0.764004757720105	0.5772
SUN2	5.17734168111639	0.62022764211456	0.764078266714583	0.0584
ECHS1	6.21844835586193	0.62040725833776	0.764224619731737	0.0694
KLF5	6.98114974644782	0.621043201127238	0.76467017466641	0.0544
FBXW10	-1.18914896015531	0.621511284318504	0.765040119109879	0.5748
LOC105376855	-1.18914896015531	0.621511284318504	0.765040119109879	0.5748
CHRNG	-1.18914896015531	0.621511284318504	0.765040119109879	0.5748
GDE1	5.59794255152692	0.621571691723544	0.765062891323155	0.0567
LOC105371419	-1.18906964688022	0.621943362259494	0.765365555875249	0.5752
ZNF394	4.11394233695673	0.622411443302362	0.765838330452782	0.0763
HM13-AS1	0.0678047533183821	0.623619633207477	0.767169812926934	0.3169
MTX1	4.05699802059382	0.625555301883312	0.769136421819891	0.0762
LOC101929005	-0.905690630896592	0.626013487206507	0.769544288091171	0.5638
NDNL2	-1.46543168071659	0.626087890194634	0.769583929665584	0.7792
DGUOK	5.23944901549608	0.628092896874026	0.770541709999096	0.0571
CTU1	2.27018190422499	0.628357198277632	0.770541709999096	0.138
C12orf73	3.76806477649718	0.628500979238832	0.770541709999096	0.0815
RTF1	6.29233148257025	0.629460332943253	0.770541709999096	0.0559
MBD4	5.34768728398795	0.630111398718043	0.770541709999096	0.0641
GAB3	-0.46561707669361	0.63032527824108	0.770541709999096	0.3974
ZBTB8A	2.40620641588333	0.630398481424349	0.770541709999096	0.1176
ANKRD36	3.91074655551431	0.630424171434891	0.770541709999096	0.0809
MIR155HG	1.00229874554805	0.630465793811232	0.770541709999096	0.2169
COPZ2	0.591941696661958	0.63098498282306	0.770541709999096	0.2756
SLC25A53	0.264460414081265	0.631354627076737	0.770541709999096	0.2701
LOC100130093	-0.542166151683436	0.631690556275313	0.770541709999096	0.4124
THRA	2.62690181336385	0.63193081291721	0.770541709999096	0.1035
SDR42E2	-2.12792366669519	0.632016409154605	0.770541709999096	1.3906
GPR17	-2.12792366669519	0.632016409154605	0.770541709999096	1.3906
SNORA13	-2.12792366669519	0.632016409154605	0.770541709999096	1.3906
SPDYE16	-2.12792366669519	0.632016409154605	0.770541709999096	1.3906
FBXO2	-2.12800438444663	0.632016409154605	0.770541709999096	1.3897
SNORA19	-2.12800438444663	0.632016409154605	0.770541709999096	1.3897
SIGLEC16	-2.12800438444663	0.632016409154605	0.770541709999096	1.3897
DRC1	-2.12800438444663	0.632016409154605	0.770541709999096	1.3897
MIR7161	-2.12800438444663	0.632016409154605	0.770541709999096	1.3897
AGR3	-2.12800438444663	0.632016409154605	0.770541709999096	1.3897
FGF17	-2.12800438444663	0.632016409154605	0.770541709999096	1.3897
FOXH1	-2.12800438444663	0.632016409154605	0.770541709999096	1.3897
MYOM3	-2.12808509785831	0.632016409154605	0.770541709999096	1.3888
ANKRD35	-2.12808509785831	0.632016409154605	0.770541709999096	1.3888
PLA2G4E	-2.12808509785831	0.632016409154605	0.770541709999096	1.3888
LGALS9C	-2.12808509785831	0.632016409154605	0.770541709999096	1.3888
PINLYP	-2.12808509785831	0.632016409154605	0.770541709999096	1.3888
LRIT3	-2.12808509785831	0.632016409154605	0.770541709999096	1.3888
LVRN	-2.12808509785831	0.632016409154605	0.770541709999096	1.3888
HOTTIP	-2.12808509785831	0.632016409154605	0.770541709999096	1.3888
LOC105372883	-2.12772117760917	0.632016409154605	0.770541709999096	1.3883
MIR320B2	-2.12772117760917	0.632016409154605	0.770541709999096	1.3883
PSD	-2.12772117760917	0.632016409154605	0.770541709999096	1.3883
LOC440300	-2.12772117760917	0.632016409154605	0.770541709999096	1.3883
NHLRC4	-2.12772117760917	0.632016409154605	0.770541709999096	1.3883
MSLN	-2.12772117760917	0.632016409154605	0.770541709999096	1.3883
CMTM2	-2.12772117760917	0.632016409154605	0.770541709999096	1.3883
LOC653513	-2.12816580693069	0.632016409154605	0.770541709999096	1.3879
WDR64	-2.12816580693069	0.632016409154605	0.770541709999096	1.3879
TMEM98	-2.12816580693069	0.632016409154605	0.770541709999096	1.3879
SNORD51	-2.12816580693069	0.632016409154605	0.770541709999096	1.3879
CHODL	-2.12816580693069	0.632016409154605	0.770541709999096	1.3879
LEF1	-2.12816580693069	0.632016409154605	0.770541709999096	1.3879
HIST1H3I	-2.12816580693069	0.632016409154605	0.770541709999096	1.3879
MESP1	-2.12780190624492	0.632016409154605	0.770541709999096	1.3874
C16orf89	-2.12780190624492	0.632016409154605	0.770541709999096	1.3874
SEZ6	-2.12780190624492	0.632016409154605	0.770541709999096	1.3874
LOC101927967	-2.12780190624492	0.632016409154605	0.770541709999096	1.3874
RASSF1-AS1	-2.12780190624492	0.632016409154605	0.770541709999096	1.3874
HCLS1	-2.12780190624492	0.632016409154605	0.770541709999096	1.3874
CLIC5	-2.12780190624492	0.632016409154605	0.770541709999096	1.3874
ABCB4	-2.12780190624492	0.632016409154605	0.770541709999096	1.3874
MIR4477B	-2.12780190624492	0.632016409154605	0.770541709999096	1.3874
MIR181B1	-2.1278826305398	0.632016409154605	0.770541709999096	1.3865
LINC01252	-2.1278826305398	0.632016409154605	0.770541709999096	1.3865
GPD1	-2.1278826305398	0.632016409154605	0.770541709999096	1.3865
LOC105376746	-2.1278826305398	0.632016409154605	0.770541709999096	1.3865
IL17C	-2.1278826305398	0.632016409154605	0.770541709999096	1.3865
MIR132	-2.1278826305398	0.632016409154605	0.770541709999096	1.3865
MLLT6	-2.1278826305398	0.632016409154605	0.770541709999096	1.3865
MTRNR2L3	-2.1278826305398	0.632016409154605	0.770541709999096	1.3865
STX16-NPEPL1	-2.1278826305398	0.632016409154605	0.770541709999096	1.3865
RSPH10B2	-2.1278826305398	0.632016409154605	0.770541709999096	1.3865
EQTN	-2.1278826305398	0.632016409154605	0.770541709999096	1.3865
WHAMMP3	-2.12796335049425	0.632016409154605	0.770541709999096	1.3856
HS1BP3-IT1	-2.12796335049425	0.632016409154605	0.770541709999096	1.3856
SH3RF3-AS1	-2.12796335049425	0.632016409154605	0.770541709999096	1.3856
COQ9	5.89712015882224	0.632324270065923	0.770814094172242	0.0558
LOC101929541	-1.18895005862189	0.632833837926794	0.771383758108537	0.5713
CHRNA10	-0.320711978260929	0.63294925329029	0.771472931504042	0.3467
TBRG4	5.95715255041098	0.633591577737549	0.772049649124062	0.0531
ZNF282	5.04610294530979	0.633810193702341	0.772264492840548	0.0591
AKR7L	-0.625119705379928	0.63467650262982	0.773062065119428	0.4564
ZNF571	1.68907338556076	0.634755180371703	0.773106316156235	0.1662
SNORA16A	0.218568884867478	0.636701482804594	0.775321656222029	0.2776
FBXO48	2.38594193360293	0.636823360142506	0.775418346078943	0.1187
C1orf127	-1.0691082983698	0.639847558887266	0.778581419385851	0.5107
MROH8	-1.0691082983698	0.639847558887266	0.778581419385851	0.5107
UCP2	3.35863952300787	0.64018544795291	0.778859507853875	0.1012
SF3B1	8.53417793052547	0.640204084950441	0.778859507853875	0.0522
GUCY1B2	1.90939109682847	0.640973081585296	0.779535312598838	0.1471
TDP2	5.64171932146656	0.641388434308855	0.779936538782552	0.0559
NR1I3	-1.18930757458645	0.641438733463211	0.779945751838576	0.5703
BFAR	-0.39031314564538	0.641636527127865	0.780052053396556	0.3622
LOC101926941	-0.253573739523377	0.641654343002634	0.780052053396556	0.3291
MAD2L2	3.54785804602876	0.641814376416525	0.780194650143833	0.081
LINC01186	1.57312364095155	0.641894909681107	0.780240593324342	0.1659
SNORD93	-0.320981827592641	0.642114476212733	0.780416513047012	0.3474
NLRP9	-0.253458151083946	0.642125133790489	0.780416513047012	0.3279
RALGAPB	6.46613027635468	0.642542021805304	0.780871198913435	0.0503
SLC26A6	2.36273331757877	0.642837069555514	0.781125768224539	0.1228
ENTPD3	-1.06883101367847	0.64331173845953	0.781598502416956	0.5101
DOPEY1	3.97391814050095	0.643658759172542	0.781968077956606	0.0737
RPL39	10.0292214517272	0.644579858150609	0.782878710025781	0.0921
ZNF7	4.21690546934896	0.645023701375579	0.783261453526179	0.0706
GPR157	0.218605866613787	0.646043541118895	0.784310132509866	0.28
FOS	2.06256825314685	0.646081033782362	0.784310132509866	0.1355
ZNF568	2.08291338183199	0.64618522053352	0.784358868753985	0.1419
ZNF266	4.16935023738574	0.646694930498882	0.784873198456827	0.0723
ERP29	7.30983261622871	0.647048700168828	0.785248125294124	0.0588
ZSWIM3	1.52482837662477	0.647089877132165	0.785248125294124	0.1566
TUBG2	3.43197777419994	0.648050299928671	0.786309070550168	0.0848
PEX2	4.74796065049693	0.64843000494666	0.786612942408547	0.0572
C3orf33	2.92439540546673	0.649298807730212	0.787509901270446	0.0976
DEAF1	3.42747063869831	0.649445463626306	0.787589629907799	0.0813
PFDN5	7.44278314403182	0.649458282321455	0.787589629907799	0.0474
LOC101927481	-1.0687908838291	0.649537109327992	0.787589629907799	0.5071
EEF2	10.7992907704521	0.649591801319689	0.787603634514992	0.0525
LOC100335030	-0.320865892867246	0.650216374548962	0.788308549194172	0.3453
EVI5	4.71341425609716	0.651765622406671	0.790134351726953	0.0576
BRF2	2.80278069011707	0.651825063740825	0.790153941809595	0.0917
LMLN	4.15250172552345	0.652191455427391	0.790493109167604	0.065
C6orf223	-0.320789953706675	0.652442972002427	0.79058800589913	0.3525
TRMT10A	4.16946687820227	0.653765128492582	0.791979839798313	0.0668
CNOT6L	5.18091320240182	0.655186712375089	0.793438714502131	0.0538
HMGN5	5.26612392771074	0.65566502271658	0.793912625503342	0.0794
NFKBID	1.32029450902192	0.655986713742994	0.794249465850385	0.1748
DGCR6L	3.01240932547294	0.656927385948549	0.795335656069813	0.0864
ZNF702P	5.87512021447828	0.657529709200242	0.795906535682245	0.0531
ZBTB33	6.34540155085854	0.6576552958251	0.796005773425912	0.0506
SNORD95	-1.06886994380545	0.659025421213814	0.797558375185905	0.5047
CHD3	8.3779864448412	0.659158224229326	0.797666216460996	0.0537
PPIL3	4.14935322593371	0.659483402132686	0.798006826362718	0.0658
SP4	3.36020386011607	0.659879296960858	0.798432956343944	0.0867
PARGP1	1.62707507341685	0.660307201685732	0.7988977582328	0.1634
CLK3	4.39610704416439	0.661218608484468	0.799737029378392	0.0739
GATAD2B	1.02995940460564	0.661600405174874	0.799985229624619	0.2116
SH3RF3	-0.957736135904895	0.662058010967421	0.800371673619478	0.4573
C9orf152	1.08116931816099	0.662199528247444	0.800441990430813	0.202
KIAA1468	5.5397611572689	0.662241226088245	0.800441990430813	0.0499
C1orf100	-1.46563176996771	0.662360057605458	0.800532619109252	0.7906
SNORA14B	-0.958091339073672	0.662618651732536	0.800751067919118	0.4575
C11orf70	0.352906247820382	0.662628526679126	0.800751067919118	0.2594
CD27-AS1	2.8869903169986	0.663090561717819	0.801150317321013	0.0872
CMYA5	0.218868929936055	0.663957604617366	0.80198557826483	0.2715
CRADD	2.50723497861327	0.664079849765344	0.802080167867424	0.1107
PTS	4.33548859210588	0.664236781860058	0.80221663731392	0.0712
KLHDC1	-0.1279942328253	0.665026809543296	0.80311764470612	0.2958
GPRASP1	1.70414081752343	0.665556528944651	0.803597883096134	0.1356
TMEM238	4.10708102917754	0.665707280816669	0.803726745492302	0.0749
SCNM1	0.265169135792515	0.665892435214118	0.803897123215774	0.2716
TWF1	7.70083325342035	0.66627348163565	0.804303952968355	0.0457
KRT80	7.95924749973124	0.667508958169937	0.805574573946671	0.0473
TEX22	-0.958407661465851	0.667590804625284	0.805574573946671	0.4609
LOC100289580	-0.958407661465851	0.667590804625284	0.805574573946671	0.4609
LRRTM2	-0.958407661465851	0.667590804625284	0.805574573946671	0.4609
MEIS3	-0.958328880801427	0.668149900708043	0.806142659925057	0.4615
PSMA1	6.5946385539426	0.668260866744656	0.806223260857153	0.0528
LOC344887	-1.18978576297957	0.668307634521243	0.806226404270126	0.594
DLGAP1-AS2	1.15656429487749	0.668748531799084	0.806651681303209	0.1954
PSMA2	8.02840289902442	0.668930904184141	0.806818352721041	0.069
C5orf22	5.04899014618234	0.670000063908926	0.808001134015151	0.0521
ZNF354A	4.4770731291567	0.670229919498786	0.808224942887234	0.066
TIMMDC1	6.24387871795973	0.671765268672931	0.809969403929267	0.047
CXorf40B	4.22976692305001	0.671999497334838	0.810144807722698	0.0667
BTG2	2.60514971313233	0.672803511805082	0.810899908332579	0.0956
SH3BP1	2.45730514346142	0.672885140970345	0.810944753997532	0.0934
SNORD3A	0.418094688882926	0.673104219573432	0.811101691916342	0.2701
TRIM65	4.32507788871124	0.673478853572782	0.811446010482096	0.0654
MEX3A	4.02125721107743	0.67366503434799	0.811509658004415	0.0803
BLMH	4.27527817188882	0.673962503607712	0.811814427676326	0.0587
GPAT2	-0.127879367757438	0.67527474827208	0.813180462035297	0.2936
OPLAH	2.13193517056207	0.675402674416602	0.813280866971142	0.1157
CBLN3	-0.854973422112179	0.675529213488421	0.813325946148164	0.4165
FBXO43	-0.854973422112179	0.675529213488421	0.813325946148164	0.4165
DCTN4	5.92384375359753	0.675741059343255	0.813527352899661	0.046
RNF111	5.01798659031103	0.676107694122292	0.813915071803269	0.0543
CDH2	-0.957776129674411	0.676384962315083	0.814195164975877	0.4601
XRN2	7.60501353044397	0.67777837211544	0.815657347484474	0.0437
ZNF417	4.04898649032875	0.678402411300404	0.81635451985368	0.0659
TSHZ1	3.14746783805744	0.678514767106796	0.816358084237445	0.0808
DPY19L4	5.17608586562112	0.678751949606345	0.816396762656832	0.0575
ARHGAP25	-0.855170353189217	0.678795270616129	0.816396762656832	0.4176
TTC38	3.52319602163212	0.678861317277853	0.816422411608991	0.0771
PARVA	4.7762449491631	0.679195679093974	0.816728440491383	0.0551
TRPM7	6.11880161035565	0.681101571665896	0.818954771279234	0.0489
PPIE	5.57464739474711	0.681375053489899	0.819229648084273	0.0457
RGPD3	-0.252535149520411	0.681558097708382	0.819341803751101	0.3196
F2RL1	6.01732763399338	0.682355666161946	0.820192588981596	0.0451
ERAP2	3.15985621489332	0.682911847020406	0.820807076121176	0.0797
C9orf89	3.35412599114979	0.684118854854241	0.821987219574767	0.0765
CSNK2A3	4.17608246641996	0.684305738240741	0.822049454321443	0.0596
MOB1A	6.89145285736265	0.685022189930196	0.822817907575687	0.0424
RPS8	10.6011957916122	0.685035570620227	0.822817907575687	0.0493
RNF121	4.43592306345135	0.685416913264916	0.823221787405547	0.0556
APLP1	-0.127230551229841	0.685470236276637	0.823231671170731	0.295
CSNK2A2	5.34635316434134	0.686119200513959	0.823902658987228	0.0495
VAMP8	6.87864415266562	0.686976734784097	0.824715411995691	0.0446
ZZZ3	6.89003914831834	0.68749730673688	0.825231825352652	0.0429
CCDC17	0.59066708568378	0.687808656117669	0.825551270616973	0.2116
NPAS1	-1.18942835666489	0.688147077875124	0.825903165714829	0.5971
LOC100505817	6.26977610388918	0.688730659968058	0.826538453030327	0.0515
PDCD7	4.33844506254229	0.688809075644341	0.826538453030327	0.0568
CLIP3	0.309718845106197	0.688812227454173	0.826538453030327	0.2701
CRTC3	3.25644487267954	0.689340423444764	0.827117894867408	0.0751
GNA15	3.78474213312219	0.689591958864145	0.827310954920406	0.0732
NOX5	0.0419256259725643	0.689798368365446	0.827401771890404	0.2616
DMP1	-0.958171307670921	0.689848946644601	0.827401771890404	0.4671
UQCRB	8.38916387160043	0.690134065404024	0.827634992972204	0.0536
PRDM1	-0.758694111116817	0.690644141987511	0.828029123013332	0.381
PAIP1	6.39619904808261	0.691021857987106	0.828420299863252	0.0514
RPSAP9	1.66901348008893	0.691218862659071	0.828554928214314	0.1437
FASTK	5.27862673305041	0.691297127061591	0.828564670421004	0.0538
SMPD3	-0.0123183442820916	0.691616793256677	0.828777956726737	0.2734
CCDC73	-0.758890420192365	0.691631911192585	0.828777956726737	0.3819
TRNQ	-0.758812125867839	0.692004608755594	0.829170132412846	0.3823
ADAM8	1.06761453691974	0.692278361823083	0.829443707648632	0.1828
PPM1A	5.82693916405939	0.692772937090383	0.829872883170737	0.0445
SNORD72	-1.90554611488814	0.693314889588727	0.830047721217397	0.9277
PCSK1	-1.90554611488814	0.693314889588727	0.830047721217397	0.9277
MIR25	-0.758419464437684	0.693551080668488	0.830260231389109	0.3802
LOC389602	1.48787273735093	0.693630826722861	0.830301250583736	0.1543
ATP6	13.4314470232693	0.694118202300986	0.830826837007357	0.0859
MGC16275	0.0692773728117449	0.69456714752643	0.830826837007357	0.3219
TSPYL2	3.00001470321422	0.694681612020047	0.830826837007357	0.0826
ZP1	-1.90562657037815	0.69485956157896	0.830826837007357	0.9269
DCAF13P3	-1.90562657037815	0.69485956157896	0.830826837007357	0.9269
SCARNA21	-1.90562657037815	0.69485956157896	0.830826837007357	0.9269
LOC100996274	-1.90562657037815	0.69485956157896	0.830826837007357	0.9269
ITGA9-AS1	-1.90562657037815	0.69485956157896	0.830826837007357	0.9269
TNFRSF14	-1.90574790898677	0.69495623335409	0.830826837007357	0.9296
LOC645553	-1.90574790898677	0.69495623335409	0.830826837007357	0.9296
LOC729506	-1.90574790898677	0.69495623335409	0.830826837007357	0.9296
SHISA9	-1.90546565511459	0.695085263658634	0.830826837007357	0.9285
LOC100130370	-1.90546565511459	0.695085263658634	0.830826837007357	0.9285
LAMA5-AS1	-1.90546565511459	0.695085263658634	0.830826837007357	0.9285
CECR2	-1.90546565511459	0.695085263658634	0.830826837007357	0.9285
CWC25	-1.90534429385991	0.69516213493029	0.830826837007357	0.9257
SENP8	1.36339404980646	0.695376778239927	0.830842139731934	0.1663
SMIM8	3.29759604706434	0.695492231681015	0.830842139731934	0.0696
C11orf73	4.89778676862622	0.695493513331695	0.830842139731934	0.0539
C1orf116	6.4253280298922	0.696426870652387	0.831793846949949	0.0417
OVOL1-AS1	-1.90582835373839	0.696800693284142	0.831835593796552	0.9292
SNX29P1	-1.90582835373839	0.696800693284142	0.831835593796552	0.9292
GFAP	-1.90582835373839	0.696800693284142	0.831835593796552	0.9292
LINC01122	-1.90582835373839	0.696800693284142	0.831835593796552	0.9292
MIR4786	-1.90582835373839	0.696800693284142	0.831835593796552	0.9292
MIR553	-1.90542476009104	0.69706250062834	0.831835593796552	0.9242
RBM20	-1.90542476009104	0.69706250062834	0.831835593796552	0.9242
PCOLCE-AS1	-1.90542476009104	0.69706250062834	0.831835593796552	0.9242
SOX30	-1.9056674599527	0.697092957306659	0.831835593796552	0.9311
CCNO	2.03042163620144	0.697159428326882	0.831835593796552	0.1197
IL16	-1.90526382334416	0.697365412355502	0.831835593796552	0.9261
ITGAL	-1.90526382334416	0.697365412355502	0.831835593796552	0.9261
C9orf171	-1.90526382334416	0.697365412355502	0.831835593796552	0.9261
CIZ1	6.67030967580291	0.697421766891593	0.831835593796552	0.0622
TMED3	4.99035014200788	0.697994071815654	0.832304361532761	0.0469
NCSTN	5.96612675641144	0.698065410879603	0.832335062439947	0.0527
C2orf48	0.394441717312189	0.698229539385779	0.83247638917364	0.2505
CELSR3	3.85114957947834	0.698359047315778	0.832528091508969	0.0702
PPP1R16A	4.2728955531639	0.698744335576341	0.832872590120246	0.0687
DERL1	5.20261018475133	0.698936395715305	0.833047126733604	0.0448
LOC105372280	-1.06831524117809	0.699529836641896	0.833621075699119	0.4908
MIR186	-0.128377379089898	0.699656226256929	0.833687361565596	0.3071
EPRS	8.43978634759236	0.699751060467022	0.833745944386239	0.0423
GALE	5.37620727162258	0.700911992264003	0.834747819868983	0.049
GPX3	-0.0686967784905533	0.701374862555472	0.835135630760025	0.2869
A1BG-AS1	0.0941532797600954	0.701682937370868	0.835447968736879	0.2489
MAN2B1	5.1491694101171	0.701944037768493	0.835649843723613	0.0468
SMAD2	5.62905570332736	0.702116236513934	0.835800339971203	0.0451
ANAPC1P1	-1.90570702158506	0.702281450377671	0.835856532520539	0.9247
LRRC17	-1.90570702158506	0.702281450377671	0.835856532520539	0.9247
INSL3	-0.758930131932158	0.702300797126016	0.835856532520539	0.3853
RNF216P1	3.95875885563357	0.702368764309101	0.835882930979593	0.0609
TMEM175	3.15122601504029	0.702531548268665	0.836022159259028	0.0754
LINC01461	-1.90538519105707	0.702901818357504	0.83629924373922	0.9307
TSL	-1.90538519105707	0.702901818357504	0.83629924373922	0.9307
LOC728752	-0.25357473569293	0.703687917709151	0.837016329534679	0.342
PKD1P6	-0.957262015159513	0.703996498598023	0.837328821317708	0.4477
RFX3	3.70802818259565	0.705126782483433	0.838524891631447	0.0657
NECAB3	3.89293180569679	0.70513990667868	0.838524891631447	0.0602
MAP2	0.145368014474784	0.705467065720959	0.838859294717763	0.2376
KIF3B	6.96553255946034	0.705704459619463	0.83908692293949	0.0425
SPECC1	6.08347167643092	0.705764545403179	0.839103714808234	0.0443
WRN	4.89586623396697	0.70593092261142	0.839246869184298	0.0626
LOC101928837	-1.90590879420799	0.706449185085631	0.839565535771006	0.9289
SLC16A11	-1.90590879420799	0.706449185085631	0.839565535771006	0.9289
CCNI2	-1.90590879420799	0.706449185085631	0.839565535771006	0.9289
GS1-24F4.2	-1.90550522203798	0.70700905829399	0.840145633549117	0.9188
ABCC11	-1.90558700663575	0.707285506001679	0.840364737882633	0.9365
PANO1	-1.90518334854333	0.707876450471795	0.840857422600063	0.9262
FBF1	3.34293898951079	0.70788614852165	0.840857422600063	0.0764
RPL31	10.0592808324525	0.707930465894115	0.840857422600063	0.0532
LOC613037	-0.0696108867351026	0.708161792761524	0.841077463317571	0.2939
ABCB9	2.24294710524255	0.708347391045771	0.841243167507911	0.1033
LOC105373982	-1.18895128016225	0.708575505783002	0.841404607361421	0.5879
SEMA4C	4.09283998093978	0.709279886283894	0.842186250666586	0.0634
ZMYM5	3.34428798543331	0.709895692568404	0.842807814497547	0.0712
KLHL3	0.795426960855977	0.710571544238102	0.843555346053504	0.1825
RAB11B	6.15025378744303	0.710680180381456	0.84357460162834	0.0486
ELL3	2.11800184517908	0.710923996014031	0.843809145779347	0.1231
APOBEC3B	4.63265857918698	0.711468546107983	0.844400583652798	0.0485
WASF1	3.78220728775441	0.711802144459188	0.844626450364289	0.0606
SHANK2	4.04749478015859	0.711815651032174	0.844626450364289	0.0555
COX17	6.05353060166719	0.71270942914274	0.84559844923831	0.0468
LEPROTL1	5.26613790994383	0.713325774345077	0.846219724247432	0.0424
DNAJC19	5.92765720106804	0.713645203874427	0.846543654446494	0.043
NRGN	1.33144660508772	0.713706303304436	0.846561124886348	0.149
PIP5K1A	6.48533376580664	0.714042362266379	0.846904714496818	0.0427
NBPF9	4.09154926182723	0.714090028647057	0.846906227699648	0.0573
TRAF3IP2-AS1	1.19401952634126	0.714930662774524	0.847793061358344	0.1693
SLC45A4	2.33248434522766	0.715599164980462	0.848480014396182	0.1018
VPS37C	3.98104974413422	0.715628014944988	0.848480014396182	0.0593
ZNF513	2.88353625395198	0.715649389881267	0.848480014396182	0.1023
NAT8L	1.46878951711805	0.716011178429154	0.848834064257623	0.1533
UGGT2	4.19976698222837	0.716041005125296	0.848834064257623	0.0549
TUBE1	2.97631667805351	0.716204125167418	0.848972307581092	0.0783
NAIF1	3.46112908587138	0.716326006803532	0.84899957470912	0.0628
DNAH1	2.17015364298735	0.71632663401049	0.84899957470912	0.1121
PLD1	3.2529943211235	0.716383986989528	0.84899957470912	0.0682
DAPP1	4.15521509522709	0.716413149013694	0.84899957470912	0.0641
CCDC78	0.729021245559391	0.718109111700456	0.850788496541211	0.197
BANP	4.24777156969101	0.719486286033769	0.852198899489553	0.0571
FOXJ2	5.03430912029406	0.719759097433353	0.852466723935597	0.0463
SNORD94	-0.668588825972021	0.720001584778625	0.852698600825078	0.3485
LINC01012	0.287490949681363	0.721823698798042	0.85469019621592	0.2147
TSC22D1-AS1	-0.855721169097399	0.722032794128646	0.854882332810983	0.4265
TMCC1-AS1	1.39513708947704	0.72246714033329	0.8552856568267	0.1441
RSAD1	3.93972482248319	0.722925805748593	0.855773149380516	0.0622
WDFY1	6.23988285735687	0.723551619131414	0.856458429544388	0.0388
TRNL1	4.57089189353929	0.724013111747902	0.856949129153896	0.0674
RENBP	0.194712214327197	0.724312056029089	0.857201034208372	0.2296
NR4A2	0.916610863042976	0.72436408107165	0.857201034208372	0.1673
PPP2R2A	6.21306691009032	0.724366802954237	0.857201034208372	0.0414
TMEM179B	3.86214326948501	0.724833874347962	0.857693031142956	0.0631
ANKRD24	0.945310544070137	0.725569673727558	0.858401915855764	0.1656
TRIM8	5.53635618489428	0.725782962314323	0.858598610679774	0.041
LOC105370943	0.240580976785815	0.726586733788095	0.859438085527761	0.2258
LOC101929694	-0.503286830419144	0.726701382585489	0.859518007157803	0.3047
PIGF	3.74310340003342	0.727759620910264	0.86065813560522	0.0594
ANKZF1	5.24935958533065	0.728560777759628	0.861382394843583	0.0405
ARF3	7.89684591882114	0.731960663527241	0.865009960729759	0.0409
ANKRD39	2.3692443712433	0.732184027635946	0.86516191640918	0.0928
PRR36	2.16702061537438	0.732262088566251	0.865198154738559	0.1338
SLC9B1	-1.06993985850771	0.732414360698324	0.86523605214908	0.5284
TREH	-1.71303676287547	0.733177755711396	0.865367838194143	0.7027
XKR3	-1.71303676287547	0.733177755711396	0.865367838194143	0.7027
GOLGA6L4	-1.71295657008395	0.733323935115959	0.865367838194143	0.7033
SNORD20	-1.71295657008395	0.733323935115959	0.865367838194143	0.7033
ANXA10	-1.71295657008395	0.733323935115959	0.865367838194143	0.7033
FMO1	-1.71283562145918	0.733399608360349	0.865367838194143	0.7012
CYP2A6	-1.71283562145918	0.733399608360349	0.865367838194143	0.7012
SNORD42B	-1.71275541806817	0.733543344437684	0.865367838194143	0.7018
SLC11A1	-1.71275541806817	0.733543344437684	0.865367838194143	0.7018
MIR3192	-1.71275541806817	0.733543344437684	0.865367838194143	0.7018
LOC729732	-1.71275541806817	0.733543344437684	0.865367838194143	0.7018
FOCAD-AS1	-1.71275541806817	0.733543344437684	0.865367838194143	0.7018
SUSD3	-1.71275541806817	0.733543344437684	0.865367838194143	0.7018
LINC00888	2.26923051310521	0.733808674103777	0.865568983293827	0.0968
AGTPBP1	5.4984020425814	0.734666128828742	0.866356491692883	0.039
USP3-AS1	-0.503792594883007	0.735629047226954	0.867267133470324	0.3092
LOC101927415	0.19448665895559	0.73565805626912	0.867267133470324	0.2337
TEAD4	4.54746349556748	0.735675878008405	0.867267133470324	0.0454
R3HDM4	4.46650450070406	0.736059660021458	0.867663534148108	0.0497
GAREML	1.38382924480272	0.736160519098253	0.867726396994945	0.1271
LOC100506022	-1.71311695143992	0.736657183135655	0.867975573468731	0.7021
GDPD4	-1.71311695143992	0.736657183135655	0.867975573468731	0.7021
MFAP4	-1.71311695143992	0.736657183135655	0.867975573468731	0.7021
CNTD2	-1.71311695143992	0.736657183135655	0.867975573468731	0.7021
SERPING1	-1.71323787772249	0.736932264477948	0.86813286608527	0.7052
INO80B	-1.71291582062208	0.73693333839414	0.86813286608527	0.6997
PRAP1	-1.7126752104486	0.737459283103612	0.86858430144126	0.7024
C2orf70	-1.7126752104486	0.737459283103612	0.86858430144126	0.7024
LOC102724642	-1.7126752104486	0.737459283103612	0.86858430144126	0.7024
C11orf94	-1.71255423947385	0.737758603874013	0.868712659463622	0.699
CPEB2-AS1	-1.71255423947385	0.737758603874013	0.868712659463622	0.699
UNK	4.58033334491155	0.737828843115811	0.868739333113334	0.0487
SUCLG1	6.77022258963845	0.738894039214424	0.869713061244263	0.0385
SLK	6.87332954835163	0.739018893666192	0.869803940607955	0.0414
DMTF1	5.84462213144722	0.739238261956855	0.870006041147779	0.0369
CASC11	0.375257323792653	0.740444706013624	0.871369725584008	0.1983
WNK4	2.0357899414679	0.741352388096544	0.872305459033154	0.108
TRRAP	7.02129440363062	0.741383189217705	0.872305459033154	0.0376
UTS2B	-1.71331805569114	0.74222567051945	0.873138000138607	0.7054
LOC101928621	1.00219576793105	0.742712133694519	0.87364386035613	0.1563
PYGO2	4.91051841452948	0.743574117209045	0.874545102678027	0.0502
LOC101928673	-0.50406453623651	0.743876843446594	0.874770768047391	0.3116
LINC01135	-1.71247402125109	0.743909737836094	0.874770768047391	0.6986
ZNF395	5.84199715388131	0.745620988979848	0.876405857648334	0.0356
RBM48	4.28538532061683	0.745636271965049	0.876405857648334	0.0535
NDFIP1	6.327740301322	0.745939635598921	0.876705980009908	0.0388
LLGL1	4.64466492337098	0.746125672433904	0.876813706082891	0.0443
CASP3	5.22169609312565	0.746127351226869	0.876813706082891	0.0463
LPAR5	1.44554146561999	0.747099869045158	0.877843548258249	0.1238
PPM1F	4.10244660541733	0.74737200492396	0.878106791214558	0.0475
ATXN1	4.70387230388791	0.747746245941863	0.878486557310822	0.0465
TBX20	0.0406771051109653	0.748148450209238	0.878736286882831	0.2734
CPNE4	-1.71319713577772	0.748905042586641	0.879228968325512	0.7
CSNK2B	-1.71319713577772	0.748905042586641	0.879228968325512	0.7
ACCSL	-1.71299601555726	0.749518397095216	0.879684716811822	0.6949
CCS	4.28744829460835	0.750095038939776	0.880249400582574	0.0448
LOC105369970	-1.71279617181801	0.7501117399684	0.880249400582574	0.7095
PIP5KL1	0.374516560564581	0.75017733341192	0.880269790382312	0.1975
ZNF607	3.70424227828808	0.751568316458232	0.881618658694435	0.0554
GGN	0.0957764842401043	0.752453289340187	0.882518510152226	0.2347
AP3D1	7.16971603885798	0.752480451853065	0.882518510152226	0.046
DLEC1	-0.503909451829903	0.752758943375911	0.88278841589713	0.315
PTPDC1	3.9603620562209	0.752912561393395	0.882911852569233	0.0518
LOC100996634	1.71394263737248	0.754085891094326	0.883947093092205	0.1159
CKLF	2.76998571305081	0.754573423238832	0.884461792272753	0.1023
SLC39A13	2.58583541914601	0.755244283329412	0.885134469824853	0.0775
INTS6	4.8679033281112	0.755653184622999	0.885500002469829	0.0407
DOCK6	5.46509990570015	0.756711022357182	0.886625789368635	0.0404
GAK	6.30443577829205	0.756991678506158	0.886897707791581	0.0338
DYNLL1	7.15614196401401	0.757747150659304	0.887725853971395	0.0409
NDUFS5	7.12335131486772	0.75858111833063	0.888417814744931	0.0392
C6orf203	3.60840001654169	0.759199263511755	0.889027694334227	0.0562
KIAA1467	3.62281329382768	0.759894066648669	0.889522373680439	0.0543
CCDC13	-1.54296618776559	0.759899160814427	0.889522373680439	0.5669
NACA2	1.22998498690245	0.760604283666758	0.890156471835793	0.1338
XCL2	-0.286366954797926	0.760789347715929	0.890204482239585	0.2563
DNAJC5B	-1.54316666483215	0.761270418295474	0.890616307147826	0.5684
TBX1	-1.54304612589366	0.761319545243211	0.890616307147826	0.5663
CREG1	5.11538297915355	0.761336442229895	0.890616307147826	0.0396
SETSIP	2.83447959265529	0.76204928346276	0.891221762901739	0.0885
MRPL23	4.62809727585071	0.76221160721063	0.891297405920911	0.0561
ZNF808	3.21852438921863	0.762357353065546	0.891324344103682	0.0573
SLFN5	6.02735810382449	0.76238111487615	0.891324344103682	0.0333
LIN37	1.59913615306836	0.762821066318556	0.891351331810815	0.1212
OTUD6B-AS1	5.33506709723663	0.76282368537716	0.891351331810815	0.042
LOC105378862	-1.54324659250126	0.762843624463857	0.891351331810815	0.568
RSPH9	-1.54324659250126	0.762843624463857	0.891351331810815	0.568
TRS-AGA5-1	-1.54324659250126	0.762843624463857	0.891351331810815	0.568
FBXO42	4.26473684268861	0.763204381518857	0.891601663083653	0.0461
LOC643339	-1.5428456330652	0.763452658916226	0.891720520868498	0.5643
SUCLA2-AS1	-1.5428456330652	0.763452658916226	0.891720520868498	0.5643
DLGAP1	-1.5428456330652	0.763452658916226	0.891720520868498	0.5643
RPSA	9.31849047524096	0.763646104840893	0.891775301604001	0.0362
CACTIN-AS1	-1.54268573171213	0.763822175051731	0.891866813415056	0.5657
LNX2	4.52255001123898	0.764366819428234	0.892445680191982	0.0424
SLC33A1	5.31059957720184	0.764452964978141	0.89248918134175	0.0346
PLK2	6.29074241748677	0.764695442600798	0.892543954997773	0.0335
ESRP1	7.93296698487685	0.764857040496925	0.892564460797086	0.0323
MMP24-AS1	-0.354522750336758	0.768185654056972	0.896331158153143	0.2629
CHMP5	6.38539443591964	0.76831143038509	0.896420622043216	0.032
ST3GAL4-AS1	1.25317274196121	0.768898077162203	0.896818508604216	0.1303
LOC100130357	-0.220524951535229	0.769103353652808	0.897000627629571	0.241
CPE	2.7155759870592	0.769156046777813	0.897004777691054	0.0732
TRIP4	4.42413534781648	0.769557311681834	0.897327285618358	0.0486
RRN3P1	1.21672527573841	0.76962919797394	0.897327285618358	0.1155
ITGB1BP2	-0.158149220325359	0.770110364191996	0.897819577824764	0.2286
EDARADD	-1.54344703289442	0.770149791232242	0.897819577824764	0.5719
KCND1	0.644364484694823	0.7702126967576	0.897835578315992	0.17
STAM-AS1	-0.0981960919662314	0.772717042233435	0.900294997958618	0.2201
ZNF491	-0.0980814037077154	0.774090724144766	0.901556220168867	0.2189
NAB2	3.93052543080131	0.774174545654022	0.901556220168867	0.0486
SPTY2D1-AS1	-0.0978905550532263	0.776968154806551	0.904555234624603	0.2176
SCYL2	6.33479137768605	0.777708393654694	0.905359293110579	0.0324
ROPN1L	-0.0985015740752208	0.778634054183963	0.906121766090745	0.2229
CAND2	-0.0404187469104349	0.778812760072	0.906124896301984	0.2099
FAM120A	8.48845268622601	0.778909944541052	0.906180215876972	0.0307
THAP6	4.25683051563538	0.78030957144551	0.907600176843799	0.0382
PUM2	7.20717045755126	0.780377621692879	0.907600176843799	0.0302
ZNF451	5.58250540280162	0.780379052142699	0.907600176843799	0.032
CORT	-1.54352694593671	0.78070725505299	0.907747056133833	0.5732
LINC01167	-1.391097973068	0.78084620650741	0.907747056133833	0.4766
C11orf16	-1.391097973068	0.78084620650741	0.907747056133833	0.4766
FZD3	4.07658217863758	0.780898784135005	0.907747056133833	0.0417
MORC2	5.37758970946944	0.781769991568754	0.908477062650228	0.0331
ARFIP1	5.45333192664284	0.782302494491185	0.908795058188423	0.035
TM6SF1	2.47247797913193	0.782917561607906	0.909278135041283	0.0622
CHFR	5.0350118396284	0.78431543421846	0.910450618902733	0.0349
SEC1P	-1.39097782535419	0.784326078192555	0.910450618902733	0.4743
CIDECP	1.44740591299306	0.784378311181996	0.910453360181747	0.1141
ANKRD20A11P	-1.39093861130022	0.784548171664413	0.910458339629058	0.4782
MIR630	-1.54240522432329	0.78456741735822	0.910458339629058	0.5591
LOC105372493	-0.4276621038269	0.784582088028283	0.910458339629058	0.2755
ARHGEF7	5.24844759525118	0.784907847770878	0.910720584015835	0.0323
FAM156A	-1.39069828170118	0.785096227985106	0.910849074080902	0.473
LOC101928118	-1.390618582226	0.785317946211295	0.910849074080902	0.4737
LOC100506281	-1.390618582226	0.785317946211295	0.910849074080902	0.4737
TMEM191C	-1.390618582226	0.785317946211295	0.910849074080902	0.4737
ADAM17	6.06614579651505	0.786560624991474	0.912174486713528	0.0306
CLMN	5.50494381419929	0.787944003626916	0.913604682769957	0.0306
FMR1-AS1	-1.39053887863039	0.790040137553416	0.915860601420825	0.4736
NPIPB4	0.974573128427162	0.790488945866268	0.916206348532449	0.1449
SLC1A4	1.61803787183647	0.791157677373564	0.916775002857904	0.1056
MAPK8IP1	2.38679492519357	0.791211311519674	0.916775002857904	0.0734
ITGA5	4.87045089307777	0.791380250879456	0.916890135181529	0.0362
SLC25A25	4.37272068071221	0.791727789081917	0.917234580370572	0.0361
RPL22	10.0489352612104	0.791995031775953	0.917485963582829	0.0337
KCNQ4	-0.0975849633204115	0.793748537830085	0.919283975551991	0.2117
MGARP	-1.39085892423826	0.793949284725007	0.919458141457734	0.4811
THBS4	0.946686899645297	0.794506846098161	0.919890171328099	0.1681
NPIPA8	-1.39065906051981	0.79457428306709	0.919890171328099	0.4777
SYP	-1.39065906051981	0.79457428306709	0.919890171328099	0.4777
PLB1	0.0679574347744978	0.795157369143049	0.920390117364666	0.1961
OSR2	0.959571512519128	0.795316081409988	0.920515462006006	0.1343
ZNF416	3.02911267103417	0.795543327656622	0.920720108387175	0.0515
TYSND1	3.09647759794486	0.795612946828183	0.920742311080526	0.0586
ALAS1	5.62007317501693	0.795744804798087	0.920836533747077	0.0323
PRKAG1	5.24443465193496	0.796140604731476	0.921236158964177	0.0304
EVPL	6.27315955116442	0.79619258927625	0.921237920511296	0.0423
LOC105377210	-1.25344985042083	0.796441912129169	0.921341321239864	0.4112
ZNF438	2.67550869681217	0.796483826238362	0.921341321239864	0.0549
SNORA4	0.0157443010792533	0.797495261112014	0.922315866744363	0.1986
LINC00238	-1.25352927777912	0.79757891040169	0.922315866744363	0.4107
PLAC4	-1.25352927777912	0.79757891040169	0.922315866744363	0.4107
FICD	1.67886543544861	0.797782773151197	0.922462421769649	0.0848
FAHD2A	3.66292472005305	0.797806703402771	0.922462421769649	0.048
UBA5	5.72216879576	0.799138346716941	0.923709614895813	0.0318
ZNF613	2.63507964058282	0.799325546476548	0.923867500884828	0.0654
C11orf86	-1.25333008534139	0.799682971296349	0.924132318669631	0.409
SCARNA16	-1.39085766829182	0.800488000679684	0.924918287367614	0.4649
BSCL2	0.0142654359266035	0.801231666807727	0.925660379017963	0.208
LOC100131655	0.0681837250669616	0.802180448942331	0.926639222721538	0.1984
PCDHB19P	-1.25384817906896	0.802390302954359	0.926767517280796	0.415
LOC100134317	-1.25360870107241	0.802393042185597	0.926767517280796	0.4096
C4orf36	0.842716627381628	0.803313055687084	0.927464541675603	0.1433
RAB27B	5.44273459083813	0.803773594339784	0.927867542484456	0.0295
FLJ30679	-1.25376876801995	0.804673576483653	0.928403009055525	0.4166
LINC00518	-1.25376876801995	0.804673576483653	0.928403009055525	0.4166
SRRM2-AS1	-1.25349018097566	0.804979768643987	0.928610546418608	0.4153
MIR6758	-1.2534095188237	0.805006053222003	0.928610546418608	0.4069
EPN2-IT1	-1.25309176049709	0.806167960359337	0.929715873930515	0.4105
ASB3	0.014152427976299	0.807741717902921	0.931295490844747	0.2045
PIGN	4.63384402938094	0.808394295859783	0.931989028431715	0.0343
GAS2L1	2.39027833298262	0.809767547621626	0.933041930660212	0.0646
RP1L1	-1.12797383898882	0.809960575195595	0.933057292045003	0.3629
WNK3	-1.12797383898882	0.809960575195595	0.933057292045003	0.3629
HIBCH	5.18754697527329	0.809985317940907	0.933057292045003	0.0306
FDXR	3.0220541330759	0.8100970960053	0.933126995262417	0.0552
LOC100422556	-1.12785446940682	0.810148054059449	0.933126995262417	0.3615
DPP8	5.61822194488704	0.811777994631784	0.934591604338642	0.0272
SUOX	4.12888843777944	0.812145436813051	0.93483777392554	0.039
TNKS2-AS1	-1.12817236481135	0.812506213351061	0.935194088073701	0.3644
MED15	5.65747933746473	0.813245169068476	0.935867612614353	0.0281
SLC12A9	4.51623002127568	0.813558946815522	0.936169690076532	0.0361
ARL13A	-1.12769610251091	0.813654507524631	0.936205164861856	0.3622
L3MBTL1	0.309349917214774	0.813716665325035	0.936205164861856	0.1611
LOC102724532	1.42860245451148	0.813761088902185	0.936205164861856	0.1139
SCARNA17	-1.12765590323586	0.813794903658676	0.936205164861856	0.3594
CHTF8	6.85934859852247	0.814449947818381	0.936840668349339	0.0349
CTSZ	5.72797712939723	0.814713384440809	0.937025612445751	0.0359
COG8	4.53374254340133	0.815116506360908	0.937401857883049	0.0365
CFAP52	1.0541511852078	0.815199159192743	0.93740714602058	0.1007
MIR6859-4	-1.12833068346139	0.815401062117066	0.937580260125285	0.3637
GNAI3	7.20341105243044	0.81571683779393	0.93782521511216	0.0302
CRLF1	-1.39057935901162	0.8159107015634	0.937929964595518	0.4811
MIR30B	-1.12773509072187	0.817026918929616	0.93886247900721	0.3578
AP4B1-AS1	-1.12749751622143	0.817883561489351	0.939606210971594	0.36
MYO16	-1.12749751622143	0.817883561489351	0.939606210971594	0.36
TRIM62	1.95264284884361	0.818502553587868	0.940198994418934	0.085
HEPHL1	0.395479020270419	0.819882935897566	0.94154764280971	0.1528
KCNAB1	0.263977403209345	0.820174370662412	0.941697378840048	0.1656
MATN1-AS1	-1.01243215589288	0.820199785479047	0.941697378840048	0.3239
NOL4	-1.12781548418135	0.820778567479342	0.942279809326051	0.3658
IDI2	0.395923057170915	0.820924967454231	0.94238861886716	0.1514
SEPN1	4.88402144792112	0.821184611875771	0.942627406589793	0.0335
CATSPER2	1.88060523068366	0.821303476495068	0.942704575095502	0.085
MRPL43	5.2209195902938	0.821531114848178	0.94290657818863	0.029
EBI3	-1.01235322887604	0.821637294462622	0.942940506006157	0.3243
KPNA7	0.264350879408752	0.821801715695329	0.943039293590668	0.1628
RAD21-AS1	-1.01231317016295	0.82307778659445	0.94426620197752	0.3221
ZNF589	3.03186314230193	0.823748968660728	0.944798716584171	0.045
MDM2	5.97599907911081	0.823942676944386	0.944902161586577	0.0263
UFM1	6.46730865813052	0.824247073440175	0.945132502526464	0.0254
C1orf50	3.3775544037958	0.824551916191799	0.945400372334006	0.0545
STX10	5.23695548677419	0.824617066154853	0.945400372334006	0.0266
WASL	6.74782102329813	0.824923048272918	0.945610647323269	0.0235
LOC101929516	-1.01282791870673	0.825170951911491	0.945835430281671	0.3269
DOCK7	6.24888478694345	0.825363776322167	0.945997055533493	0.0254
SNAI3	-1.25408638783669	0.825692635056455	0.946255162937265	0.4157
LOC101927018	-1.25408638783669	0.825692635056455	0.946255162937265	0.4157
LOC100507373	0.856675617690104	0.826956658938153	0.947525310084411	0.1234
CHCHD6	3.69612890174024	0.827432644721446	0.948011193801602	0.0385
ZNF23	4.59244629983344	0.827597842806866	0.948081464500637	0.0331
SLC43A1	-1.25360993372998	0.827842553933466	0.948183302880316	0.4288
N6AMT2	3.36448982927366	0.82801139753807	0.948257704877675	0.0412
ZNF211	3.86658231065863	0.829284966641243	0.949358898288238	0.0356
EDC3	4.62192232849998	0.829912776507442	0.949898912095289	0.03
EPHB4	5.77179422267383	0.830031964179081	0.949975771929867	0.024
C7orf71	-0.905571497232746	0.830263064046386	0.950158457543667	0.2938
MAP3K7CL	1.02705865299104	0.830295676664884	0.950158457543667	0.1099
CGB7	-0.905452901819822	0.830481728759761	0.950241411356815	0.2925
UBE2Z	6.52528276288776	0.830565248535522	0.950241411356815	0.0243
CLTC	8.72504473193324	0.830576369468706	0.950241411356815	0.0263
TRAPPC12	3.41106853099204	0.830865686703402	0.950393732860733	0.0427
NIPSNAP3B	0.515696710236737	0.831550489256391	0.95089576903663	0.1389
PELO	5.02814723694534	0.831565017126961	0.95089576903663	0.0292
UPF1	6.71548608934739	0.83181692866035	0.951124254642575	0.0234
TSIX	-0.905531578054913	0.832624994562339	0.951809762099566	0.2918
CNTNAP3B	-0.905492822974489	0.832841455741216	0.951973593644343	0.2944
LINC01372	-0.905176921566304	0.833798528845114	0.95285295415314	0.2913
USP34	6.98354393218748	0.834511221065346	0.953607714807771	0.0229
ZNF391	3.10288302661508	0.83522637989807	0.954245747006644	0.0451
KMT2D	7.07776829811972	0.835783973106096	0.954703554813221	0.0247
FAM129B	8.23425553807355	0.836063565791899	0.95496317694406	0.0236
LOC100287042	0.591142515646927	0.836817454946635	0.955644905386323	0.1322
RNF139	3.86808291916527	0.83690612916384	0.955686388566652	0.0345
NCALD	-0.905807496551255	0.837612308737745	0.956313340107334	0.2921
SNORD63	-1.0123932865755	0.837863630614614	0.956540456538078	0.3306
SNORA46	-1.12761570293271	0.837921509680512	0.956546715903416	0.3445
LOC102723665	-0.805971806127445	0.838384536491361	0.956980323665483	0.2679
FAM149B1	3.59114553574744	0.838527890432297	0.95699957287647	0.0386
MAML3	1.99368235269471	0.838757320996083	0.957201578552509	0.0808
HESX1	0.310467355796402	0.839001317822852	0.957301283003545	0.1496
PDZD7	-0.905414144806286	0.839003954922521	0.957301283003545	0.296
ZFP41	3.20217906660798	0.839272363954412	0.957490081011858	0.0434
MIR1281	-1.01199741446175	0.839392848094012	0.957567695732318	0.324
EP400NL	2.19983140935137	0.840291537561446	0.958413239392837	0.0504
LOC101927751	-0.90600471818418	0.840376737819761	0.958450535742959	0.2941
RPL41	11.0502509521456	0.84076820851249	0.958717327583012	0.0346
PRR25	-0.805696716275908	0.84105953249564	0.958869844828602	0.2671
FAM86JP	0.516869922562052	0.842916519246106	0.960686975612243	0.1366
SARM1	0.476530924879431	0.843301473000673	0.961065715157019	0.151
KCTD2	4.95458458228991	0.844227775467252	0.96206131516418	0.0257
MKS1	3.92942220204689	0.844464870393504	0.962211376476333	0.0302
PPM1E	-0.805618273785715	0.845076312898605	0.962843150405441	0.2674
RB1	5.79661984091192	0.845689256378799	0.963426088265295	0.0222
NDUFA5	6.50572493025304	0.846532886795886	0.964086361905533	0.0218
RNF212	5.54571667034664	0.847290607394731	0.964889110386016	0.0234
MKL2	6.29273045689895	0.847640752137784	0.965167440343503	0.0214
LINC00115	0.169402150651626	0.848452820883485	0.965971605740498	0.1977
LRFN4	1.53528642817515	0.849359735778953	0.966826215109308	0.0943
ZNF333	1.73003478194821	0.84948384653053	0.966904239806805	0.0802
PSMB1	7.4681421516842	0.849649310748373	0.967032282856751	0.0227
BHLHE40	6.49906788526518	0.849752434449497	0.967089361218753	0.0213
ADRBK1	5.55659098113163	0.850251971063992	0.967416639684901	0.0258
MED19	3.75685997986983	0.850411348023956	0.967537677273174	0.0321
MAPRE2	4.07143578120191	0.850970914170759	0.968113978257704	0.0312
MIR4263	-0.905215684401921	0.851458819597198	0.968487988197287	0.2802
DYM	4.28769921723328	0.851818753659853	0.968837029893108	0.0272
SNX9	5.71747818782738	0.851961159039946	0.968938631910868	0.0221
TTC28-AS1	3.97297911539879	0.852198973038839	0.969148723092073	0.0353
LOC101929162	-0.625507657112496	0.853749412643462	0.970555256072334	0.2304
CNTNAP3P2	-0.904860957225444	0.854695179238742	0.971382381384703	0.2779
CCDC142	3.44147626950691	0.85494352320107	0.971525863535005	0.0335
ARHGEF3	4.86249115157464	0.855463753652281	0.97201383498326	0.0255
CRTC3-AS1	-0.625234330553652	0.856226319207026	0.972602306528141	0.2299
TUBA8	-0.625234330553652	0.856226319207026	0.972602306528141	0.2299
TARS2	5.58170898204945	0.856248042863731	0.972602306528141	0.021
MAST3	3.06840178437745	0.856357132239083	0.972665700625689	0.0389
PRR19	-0.625429725641869	0.85674918330303	0.97305045977231	0.2313
ZNF148	6.1763361167794	0.857581559234647	0.973814078832352	0.0206
FBXL5	5.51384485417202	0.858135786996959	0.974261624839334	0.0212
ADPRH	-0.54305964121724	0.858318942945188	0.974408968497442	0.2138
TPPP	0.309648790228953	0.858636045443529	0.974708347569771	0.1449
UBC	8.70001988100185	0.858865784333081	0.974908521966345	0.0224
LINC01420	4.60659953635728	0.859196755586075	0.975200416121182	0.025
ALG6	4.89901391734775	0.859413371331518	0.975287530740859	0.0283
SNORA76A	-0.543176704025121	0.859570468372807	0.975405175945672	0.2153
ZNF205	2.52097534227727	0.860475982412618	0.976372026535195	0.0424
BEX4	0.887254239432421	0.860544015648638	0.976388536338194	0.1049
VASH1	-0.543332055740712	0.860744555691262	0.976494693555784	0.2146
ZNF561-AS1	1.91640077888429	0.860804242839875	0.976501724804869	0.072
LINC01311	0.643495750941976	0.862562190469536	0.978252801715341	0.1009
WWTR1	7.3535793353779	0.863676877185424	0.979395308397857	0.0187
C9orf172	2.54306501760426	0.864636511002568	0.980239964283852	0.0537
TMEM110	3.18847990030803	0.864949261040855	0.980472754396886	0.036
FAM96B	5.73486434536474	0.865486574527701	0.981020917954657	0.0215
RPS11	9.36307143499039	0.865823335198688	0.981341702824067	0.0197
C12orf10	4.98083244894057	0.866035920906276	0.981521714183324	0.0214
FAM87B	-0.713621189610801	0.866367106650129	0.981836110187147	0.2502
PKD1P1	-0.90616201193713	0.866731451692377	0.98218804358138	0.2916
RHOU	0.915692060926803	0.867528301771237	0.982969009256188	0.1115
MIR6759	-0.464567213446726	0.868137340604596	0.983475972080515	0.1998
MEIS1	2.00131288212969	0.86865557977324	0.984002002006718	0.0665
LINC00654	0.870800686344498	0.868917685791851	0.984128544066597	0.0834
ARNTL	2.62546353788037	0.870196986168778	0.985433441603643	0.0492
MLLT10P1	-0.464682879593225	0.87039380119404	0.98554296561424	0.1956
SNORA69	-0.464954498097875	0.871252479109224	0.986209403436136	0.1963
GAPDHS	1.08190367864602	0.871829869366739	0.986801791503453	0.0948
ZNF3	4.95683590986494	0.872110014146091	0.987057682470617	0.0229
PTPRU	2.05605280565414	0.872914516379488	0.987808645346318	0.063
LOC400684	-0.391510704863152	0.872935849877966	0.987808645346318	0.191
HDGF	9.47239332314813	0.873392992651049	0.988203438105829	0.0209
CAMK2N2	-0.543682081971566	0.873837623766361	0.988583978402348	0.2161
ADAT3	1.10799991530559	0.874653036071165	0.989335280387222	0.0907
LOC221946	-0.320671208016704	0.874664298063638	0.989335280387222	0.1773
KCNA7	-0.253340764011195	0.877000280906866	0.991731734900629	0.1684
PRKCSH	7.72065807994738	0.878138641445875	0.992711563455068	0.0187
TTC31	3.8555799415118	0.878396937041202	0.992880594552918	0.0305
LIPI	-0.390620292311092	0.878560432223353	0.993003915965177	0.1816
LINS	3.30223420325938	0.879128508767101	0.993522969917804	0.0352
MPZL2	5.92285822792512	0.880567486354287	0.99496441362158	0.017
PHF7	1.11950823185143	0.88331611322239	0.997699620304891	0.0725
NT5C	4.6325441526154	0.88348807006048	0.997832108823566	0.0245
TMEM255A	-0.252802536521991	0.883650159344766	0.997891705369173	0.1659
SEC24B	6.09801334508766	0.883873765033694	0.998082480018254	0.0168
RIN2	5.75018797219945	0.887276621399568	1	0.0176
HDLBP	8.9382215342783	0.887636655787485	1	0.0178
PLBD1	4.01898484133355	0.888435753495703	1	0.0225
GXYLT2	-0.0689221285506909	0.889380207516144	1	0.1446
MIR3654	4.71964223016112	0.889617475434806	1	0.0216
ALOX12	2.07329852503414	0.890431809469974	1	0.0615
LOC105376066	-0.544033111054177	0.890583060373783	1	0.2349
BRICD5	-0.0691886807020688	0.890885373352626	1	0.1451
HP09053	-0.0696841309983116	0.892091243690091	1	0.1494
WDR6	6.02604120934895	0.892271046438727	1	0.0184
LOC100288637	0.74469928094579	0.893841283011402	1	0.0855
INE1	-0.0683128439933035	0.893989871955411	1	0.1425
KLHL25	1.55318342366046	0.894091084835016	1	0.0534
VTI1A	4.51115407842932	0.89417079362341	1	0.0201
CCDC126	1.49561745674178	0.894351914488425	1	0.0566
DUSP9	0.0941551220672125	0.896135036054452	1	0.1306
GPR132	1.5439041101941	0.89707560977417	1	0.0696
LINC01291	0.0942685450299647	0.897227721828776	1	0.1292
STARD9	1.42736847729718	0.897599218979923	1	0.078
GADD45G	-0.252340918413407	0.898491666004718	1	0.1584
CD63	8.42005884613399	0.899090530377029	1	0.0144
LOC100652901	-0.466003409291312	0.899184058514564	1	0.2267
KLHL22	2.70927902591619	0.899310108976346	1	0.0357
DBIL5P	0.0942676652782079	0.900189033358281	1	0.1339
LINC01515	1.49508886400861	0.900857273774516	1	0.0549
ACE	-0.0124288360915127	0.901231342663236	1	0.1343
COQ5	5.1786225064982	0.901769248263847	1	0.0162
ATP6V1B2	5.9880483307595	0.901784360686215	1	0.016
LOC100507462	0.0420030211034227	0.902168557121569	1	0.1404
LOC105370368	-0.321173931155478	0.902660026250201	1	0.2007
ARHGAP22	0.194376594382293	0.903059173544992	1	0.1211
CCDC167	4.38396024741828	0.904269572893846	1	0.0301
MIR1304	-0.0680837204297584	0.904282652500135	1	0.1337
FRMD4A	2.40348531305314	0.904875893818776	1	0.04
ARL14	4.68256881239687	0.905274221946924	1	0.0162
RPS15	9.42071268803553	0.905308419559501	1	0.0151
HPS6	3.34663015723295	0.905975630922482	1	0.0271
RYR3	1.49489067201614	0.907293468306972	1	0.0542
MIR3064	1.61956834782324	0.907528037656707	1	0.0592
NSUN4	5.33798057168098	0.908736127084102	1	0.0143
SLC4A7	5.93171730644321	0.909241622876599	1	0.0134
JAM3	0.286746908470946	0.909738691666619	1	0.1181
KCNK6	1.85672950243749	0.910218392282087	1	0.0467
INSIG2	5.49010067814526	0.910619915364281	1	0.0147
LOC103908605	-0.0127703329950524	0.910622604225903	1	0.1324
TIMP1	5.38112463488188	0.910693705825499	1	0.0145
ATP10D	3.59000594964731	0.910811660736844	1	0.0202
DNASE1L1	3.00116186627481	0.910984973455837	1	0.0264
CRYBB2P1	3.58057951485308	0.911191247884991	1	0.0235
COPG2	3.55383637342241	0.911371808640213	1	0.0231
COIL	5.54980859082792	0.911773499185482	1	0.0131
SPRTN	4.46122529934312	0.912159243965852	1	0.0187
FKBP14	3.68301547957832	0.913337426110509	1	0.0196
FAM157B	-0.711427198765022	0.914019488378891	1	0.2163
INO80E	4.13703505252433	0.914393784727913	1	0.0205
COPE	6.10027290330145	0.916028208589394	1	0.0175
PDHX	5.12226873432389	0.916949479479628	1	0.0148
CAMKMT	3.1754114413045	0.917012342648067	1	0.0245
NOMO3	-0.0138336587483337	0.917020597298529	1	0.1497
METTL14	5.57744148164233	0.918298001515195	1	0.0129
DNAJC18	2.98617975064461	0.919039060909421	1	0.0281
IFNGR2	0.534451564949144	0.91918036067763	1	0.1002
FAM186B	0.375369853991719	0.919454059884468	1	0.1067
RFTN2	0.572571116972577	0.920942073095124	1	0.0962
SWAP70	5.38702183903119	0.921913243802013	1	0.0128
C12orf65	4.63156894916987	0.922201106167313	1	0.0152
WDR81	2.34210943176173	0.922316284991905	1	0.033
LOC101927322	0.415105697330295	0.92244599001668	1	0.1098
ZBTB3	1.61024639607488	0.922526026795622	1	0.0544
INTS12	5.12273574625748	0.92370751175078	1	0.0141
ZNF445	5.2345661115644	0.926507046105897	1	0.0118
HIAT1	5.56255178427249	0.927888750455142	1	0.0111
FRS3	0.778867886613754	0.928351614135986	1	0.085
LIPT2	0.872471838618602	0.92848476630482	1	0.0743
MAP2K7	5.65174405754264	0.928746209935238	1	0.0119
PPL	6.42361278208646	0.929206897948657	1	0.012
ANKRD49	4.16241996358271	0.929311778418358	1	0.0148
CASP8	6.08223693382219	0.930610543617101	1	0.01
LINC00630	2.630804488908	0.930824301162291	1	0.0218
NDUFS2	6.43951928780595	0.93282590028978	1	0.0096
IARS2	7.99461243189472	0.932934905453819	1	0.0104
TNFSF13	2.54024764772485	0.935401855123719	1	0.024
TSPAN13	5.90312369154861	0.935402197094816	1	0.01
PLK3	2.63745927843132	0.935412262624198	1	0.0254
YIF1B	3.61509078723821	0.935782931442326	1	0.0191
IFT74	4.41247955563407	0.936695936222326	1	0.0143
MYOT	1.04287028580042	0.937358868779923	1	0.0629
RASSF5	2.74874697772184	0.938909938557737	1	0.0232
ZNF28	5.61578832574484	0.939026735079608	1	0.0102
ANKDD1A	1.09325618425701	0.941563636981859	1	0.0685
FAM46B	1.0421001853954	0.941757147298103	1	0.0749
MAP10	3.07178130564697	0.941877288354164	1	0.0172
LOC100505984	1.51592924305202	0.945082928892073	1	0.0523
LPPR2	3.80394006719833	0.945126457119168	1	0.0124
BPHL	3.05233348841084	0.94513897852897	1	0.0199
ASCC1	4.70405723508279	0.946233862193831	1	0.0113
LOC100507634	1.20425884584859	0.947320409263198	1	0.0475
H3F3AP4	4.86477592765977	0.9475267447625	1	0.0122
RNF185	4.21331091756314	0.947535651580048	1	0.0137
TNFRSF18	1.02856464168038	0.949265878290459	1	0.0536
C7orf73	5.98434090749548	0.949923579914125	1	0.0084
ZBTB14	3.42090480680079	0.951042432724058	1	0.0132
LOC101929796	1.82592945201609	0.951854068806049	1	0.0436
FAM104A	5.44373409358268	0.952330701125427	1	0.0089
PIAS2	4.42687677819412	0.953505115490281	1	0.0096
ADPRM	1.69766532873819	0.953854507888482	1	0.0397
ASB1	5.06886706140458	0.954796898783414	1	0.0082
ZNF557	3.70727042137831	0.955959968607708	1	0.015
LSR	6.39341488718801	0.956171134394728	1	0.0068
RREB1	5.33879417086019	0.956570349267585	1	0.0071
MANBAL	5.20554614084452	0.957973932216324	1	0.0071
SCAF8	5.70576512846809	0.958135791309998	1	0.0079
MCEE	2.16355262393574	0.958196895857093	1	0.0246
BCL7C	3.29887081719342	0.958379416297318	1	0.0211
PDIA5	4.49312122124673	0.959711279082427	1	0.0109
FHL3	2.07009194988101	0.960284971858525	1	0.0347
HAUS3	4.75101772539699	0.961283326039851	1	0.0088
TRMT11	4.05265573723229	0.962881022498866	1	0.0091
NBAS	4.93051771645611	0.963547670738782	1	0.0071
POLR2M	2.55007389310728	0.965315204912797	1	0.0205
ZNF81	2.60911814352331	0.965505507614739	1	0.0125
SNHG5	4.40522024873138	0.965548923884666	1	0.0129
RHOV	2.47314830065451	0.965660142927673	1	0.0211
PELI3	2.22174987968232	0.965846151016711	1	0.0087
TSC2	5.22682788802255	0.966567133465533	1	0.0058
HDAC7	5.47316346498879	0.966723397139184	1	0.0058
C10orf54	2.67874022359397	0.967429806393168	1	0.0146
LRP5L	2.73923635007169	0.967937340698685	1	0.0248
TSPAN3	6.93626779322822	0.967953522040315	1	0.005
CWC22	6.22287206005124	0.970014365740659	1	0.0054
GGPS1	5.43395702109068	0.970260515817596	1	0.0063
PPCDC	2.96047570886375	0.971334524934155	1	0.0116
GDAP2	4.63542586296604	0.971802627763999	1	0.0073
RPS6KC1	4.59795517897221	0.973271344646066	1	0.0076
CBY1	4.81328933063838	0.974621592585528	1	0.0051
AMN1	3.32991417287504	0.974961992817433	1	0.0141
EPHX1	5.63514523101514	0.975129881498586	1	0.0042
ZNF174	2.92802672628093	0.975710046588275	1	0.0065
ABHD17A	4.85186569605334	0.976538979726104	1	0.0047
CD164	7.7144116341603	0.976923949023708	1	0.0037
BAHCC1	5.01689859715615	0.977697010521375	1	0.0053
ZNF415	3.68369513055767	0.978192954072441	1	0.0098
ZSCAN32	3.81256924915542	0.978997063054045	1	0.0067
RBM4B	3.85087625803011	0.97932897939078	1	0.0078
TRAF7	5.71307140423979	0.981806138017152	1	0.0034
ACTR5	4.16652326692327	0.982810595776718	1	0.0061
APPL1	6.05524915598278	0.984802596339069	1	0.0031
METTL10	4.60479792231405	0.986067571067357	1	0.0068
STX4	5.31565359929145	0.988584593221139	1	0.0024
UTRN	7.26872563897128	0.990326410407744	1	0.0015
MTDH	6.79987425473736	0.991774093872707	1	0.0018
ACBD3	6.49889880785473	0.991966434383909	1	0.0015
ANAPC13	5.46867964896392	0.992379563252815	1	0.0029
SSR2	7.11189522924231	0.992625151793004	1	0.0013
MAPKAP1	6.93868300179019	0.992937719151393	1	0.0013
SNRPD3	7.37209682113261	0.993508400343512	1	0.0013
ARHGAP11B	-0.958287194285014	0.999999999999998	1	0.1604
MRVI1-AS1	-2.01214983823375	0.999999999999998	1	0.5389
PLEKHG4B	-2.01214983823375	0.999999999999998	1	0.5389
SNORA5B	-2.01214983823375	0.999999999999998	1	0.5389
WASH5P	-0.958010835586764	0.999999999999998	1	0.1597
LENEP	-2.01235200641011	0.999999999999999	1	0.5423
TIGD5	-2.01235200641011	0.999999999999999	1	0.5423
SRPX	-2.01235200641011	0.999999999999999	1	0.5423
PCED1B-AS1	-1.80619807759864	0.999999999999999	1	0.3975
LINC00634	-1.80619807759864	0.999999999999999	1	0.3975
PDE6A	-1.80619807759864	0.999999999999999	1	0.3975
KLHL33	-1.62531971149851	0.999999999999999	1	0.3165
LOC101927189	-1.62531971149851	0.999999999999999	1	0.3165
RNF126	4.61029449968187	0.999999999999999	1	0.0012
SNORA16B	-1.80611775788548	0.999999999999999	1	0.3981
KLK7	-1.80611775788548	0.999999999999999	1	0.3981
UPP2	-1.80611775788548	0.999999999999999	1	0.3981
GRK7	-1.80611775788548	0.999999999999999	1	0.3981
LOC101928870	-1.80611775788548	0.999999999999999	1	0.3981
LOC101927497	-1.80611775788548	0.999999999999999	1	0.3981
MIRLET7F1	-1.80611775788548	0.999999999999999	1	0.3981
LRRC66	-1.46519063641121	0.999999999999999	1	0.266
KLRC2	-1.4649904897195	0.999999999999999	1	0.2634
EGR4	-1.4649904897195	0.999999999999999	1	0.2634
C22orf15	-1.4649904897195	0.999999999999999	1	0.2634
SERPINE3	-1.46474977222734	0.999999999999999	1	0.2577
SNORA58	-1.46474977222734	0.999999999999999	1	0.2577
BMP6	-1.46474977222734	0.999999999999999	1	0.2577
LOC105375661	-1.46482959302955	0.999999999999999	1	0.2535
DTX1	-1.06882931698916	0.999999999999999	1	0.1779
MIR4517	-2.01239163331351	0.999999999999999	1	0.5345
C1QTNF1	-2.01239163331351	0.999999999999999	1	0.5345
MIR6512	-2.01239163331351	0.999999999999999	1	0.5345
SPTSSB	-2.01239163331351	0.999999999999999	1	0.5345
MEIG1	-1.80639951558635	0.999999999999999	1	0.4005
SLC5A12	-1.80639951558635	0.999999999999999	1	0.4005
SPDYE18	-1.80607693899269	0.999999999999999	1	0.3925
PDZD4	-1.80607693899269	0.999999999999999	1	0.3925
ANKS4B	-1.18926684743644	0.999999999999999	1	0.1996
NHLRC1	0.762488104728648	0.999999999999999	1	0.0378
GRXCR2	-2.01259376905164	0.999999999999999	1	0.5389
SUMO1P3	-1.18962429080281	0.999999999999999	1	0.1991
KLRB1	-1.18962429080281	0.999999999999999	1	0.1991
LOC646029	-1.80583594784584	0.999999999999999	1	0.3971
ZNF30-AS1	-1.80583594784584	0.999999999999999	1	0.3971
SLA2	-1.80583594784584	0.999999999999999	1	0.3971
MACC1-AS1	-1.80583594784584	0.999999999999999	1	0.3971
ADHFE1	-1.80583594784584	0.999999999999999	1	0.3971
SCARNA3	-1.80591628248404	0.999999999999999	1	0.3966
SLC28A2	-1.80591628248404	0.999999999999999	1	0.3966
SSC5D	-1.80591628248404	0.999999999999999	1	0.3966
GPR82	-1.80591628248404	0.999999999999999	1	0.3966
ITGB3	-1.46483086066519	0.999999999999999	1	0.2709
PTGES3L	-1.32081468787659	0.999999999999999	1	0.2257
LOC100129931	-1.32081468787659	0.999999999999999	1	0.2257
SNORD4B	-0.854616474361158	0.999999999999999	1	0.1397
MIR1254-1	-0.503090588127158	0.999999999999999	1	0.108
SNORD103A	-2.01243259826902	1	1	0.5409
NBPF18P	-2.01243259826902	1	1	0.5409
VSIG2	-2.01243259826902	1	1	0.5409
NOD2	-2.01243259826902	1	1	0.5409
DSC1	-2.01243259826902	1	1	0.5409
MIR23A	-2.01243259826902	1	1	0.5409
SCGB1B2P	-2.01243259826902	1	1	0.5409
LOC102723704	-2.01243259826902	1	1	0.5409
MIR5692A1	-2.01243259826902	1	1	0.5409
CAND1.11	-1.46515010219152	1	1	0.2622
FAM166B	-1.18950474506214	1	1	0.1972
PCDHGA4	0.168804292001027	1	1	0.0752
ZAR1L	-2.01263472852101	1	1	0.5432
VTN	-1.80603743391734	1	1	0.399
SMIM2	-1.46502976064384	1	1	0.2587
ADAM20P1	-1.46502976064384	1	1	0.2587
KCTD16	-1.06890837504452	1	1	0.1765
CCAT2	-1.06890837504452	1	1	0.1765
CCDC144CP	0.309277483857501	1	1	0.0612
SNAI1	1.37412644373641	1	1	0.0166
ARMC12	-1.80647982037971	1	1	0.4013
LOC105373132	-1.80563443501751	1	1	0.3937
SNORD59A	-1.80563443501751	1	1	0.3937
LOC105376752	-1.80563443501751	1	1	0.3937
MIR5010	-1.80563443501751	1	1	0.3937
CYP4Z1	-1.62568065091868	1	1	0.3166
STARD6	-1.62568065091868	1	1	0.3166
OGFR-AS1	-1.62568065091868	1	1	0.3166
LOC101929555	-1.62511886576964	1	1	0.3141
LOC101929295	-1.62535910278891	1	1	0.3112
LOC105371789	-1.46494995023467	1	1	0.2607
NRL	-0.502584606299331	1	1	0.0978
SMIM17	-0.158224763234267	1	1	0.0891
SLC35A1	3.80549023105444	1	1	0.0054
CEP162	4.01844674325434	1	1	0.0035
CELF3	-1.32041567370998	1	1	0.2231
RTN4RL2	-1.32041567370998	1	1	0.2231
SOX10	-1.32041567370998	1	1	0.2231
LOC441454	0.263605059424527	1	1	0.0723
MATN1	-2.5429571344144	1	1	2.3269
TEKT2	-2.5429571344144	1	1	2.3269
GJA5	-2.5429571344144	1	1	2.3269
LOC105373289	-2.5429571344144	1	1	2.3269
LOC101927604	-2.5429571344144	1	1	2.3269
LYPD8	-2.5429571344144	1	1	2.3269
PRKCQ	-2.5429571344144	1	1	2.3269
FAM25BP	-2.5429571344144	1	1	2.3269
BMS1P21	-2.5429571344144	1	1	2.3269
STK33	-2.5429571344144	1	1	2.3269
SCGB1A1	-2.5429571344144	1	1	2.3269
LRRC32	-2.5429571344144	1	1	2.3269
SCN4B	-2.5429571344144	1	1	2.3269
PTPRQ	-2.5429571344144	1	1	2.3269
CPB2	-2.5429571344144	1	1	2.3269
ADAMTS7	-2.5429571344144	1	1	2.3269
GOLGA6L10	-2.5429571344144	1	1	2.3269
ITGAD	-2.5429571344144	1	1	2.3269
GNAO1	-2.5429571344144	1	1	2.3269
HS3ST3B1	-2.5429571344144	1	1	2.3269
CCDC144A	-2.5429571344144	1	1	2.3269
RAMP2-AS1	-2.5429571344144	1	1	2.3269
NSFP1	-2.5429571344144	1	1	2.3269
MYL4	-2.5429571344144	1	1	2.3269
SETBP1	-2.5429571344144	1	1	2.3269
SERPINB2	-2.5429571344144	1	1	2.3269
HMSD	-2.5429571344144	1	1	2.3269
FBN3	-2.5429571344144	1	1	2.3269
NWD1	-2.5429571344144	1	1	2.3269
SLC8A2	-2.5429571344144	1	1	2.3269
FAM49A	-2.5429571344144	1	1	2.3269
SIX3	-2.5429571344144	1	1	2.3269
LINC01118	-2.5429571344144	1	1	2.3269
LOC105373840	-2.5429571344144	1	1	2.3269
CPXM1	-2.5429571344144	1	1	2.3269
SNORA71D	-2.5429571344144	1	1	2.3269
LINC01260	-2.5429571344144	1	1	2.3269
NTSR1	-2.5429571344144	1	1	2.3269
LOC102723996	-2.5429571344144	1	1	2.3269
SAMSN1	-2.5429571344144	1	1	2.3269
RASL10A	-2.5429571344144	1	1	2.3269
MIR3653	-2.5429571344144	1	1	2.3269
HDAC11-AS1	-2.5429571344144	1	1	2.3269
SATB1	-2.5429571344144	1	1	2.3269
PRSS45	-2.5429571344144	1	1	2.3269
LOC101929717	-2.5429571344144	1	1	2.3269
CLDN18	-2.5429571344144	1	1	2.3269
NWD2	-2.5429571344144	1	1	2.3269
SRD5A3-AS1	-2.5429571344144	1	1	2.3269
HHIP-AS1	-2.5429571344144	1	1	2.3269
LOC728175	-2.5429571344144	1	1	2.3269
LOC100505625	-2.5429571344144	1	1	2.3269
ADAMTS12	-2.5429571344144	1	1	2.3269
LOC644762	-2.5429571344144	1	1	2.3269
TRIM31	-2.5429571344144	1	1	2.3269
ATF6B	-2.5429571344144	1	1	2.3269
TAPBP	-2.5429571344144	1	1	2.3269
PNPLA1	-2.5429571344144	1	1	2.3269
LOC102724646	-2.5429571344144	1	1	2.3269
LOC285740	-2.5429571344144	1	1	2.3269
EVX1	-2.5429571344144	1	1	2.3269
MIR4467	-2.5429571344144	1	1	2.3269
EGR3	-2.5429571344144	1	1	2.3269
MMP16	-2.5429571344144	1	1	2.3269
TEK	-2.5429571344144	1	1	2.3269
CCL27	-2.5429571344144	1	1	2.3269
TRPM3	-2.5429571344144	1	1	2.3269
LOC101927502	-2.5429571344144	1	1	2.3269
LOC100132077	-2.5429571344144	1	1	2.3269
TLR4	-2.5429571344144	1	1	2.3269
IL2RG	-2.5429571344144	1	1	2.3269
IL13RA2	-2.5429571344144	1	1	2.3269
MAGEC2	-2.5429571344144	1	1	2.3269
MAGEA4	-2.5429571344144	1	1	2.3269
MAGEA3	-2.5429571344144	1	1	2.3269
COL16A1	-2.54303824778719	1	1	2.3259
DIRAS3	-2.54303824778719	1	1	2.3259
GBP5	-2.54303824778719	1	1	2.3259
LOC100996318	-2.54303824778719	1	1	2.3259
SRGAP2-AS1	-2.54303824778719	1	1	2.3259
S100A7	-2.54303824778719	1	1	2.3259
COLGALT2	-2.54303824778719	1	1	2.3259
LOC101927787	-2.54303824778719	1	1	2.3259
LOC339529	-2.54303824778719	1	1	2.3259
LINC00706	-2.54303824778719	1	1	2.3259
FRMPD2B	-2.54303824778719	1	1	2.3259
CALHM1	-2.54303824778719	1	1	2.3259
DUSP8	-2.54303824778719	1	1	2.3259
KCNQ1OT1	-2.54303824778719	1	1	2.3259
OR51B5	-2.54303824778719	1	1	2.3259
MRGPRF	-2.54303824778719	1	1	2.3259
KIAA0226L	-2.54303824778719	1	1	2.3259
LOC105370288	-2.54303824778719	1	1	2.3259
MCF2L-AS1	-2.54303824778719	1	1	2.3259
LOC101927579	-2.54303824778719	1	1	2.3259
GOLGA8O	-2.54303824778719	1	1	2.3259
AQP9	-2.54303824778719	1	1	2.3259
HSP90AB4P	-2.54303824778719	1	1	2.3259
CDIPT-AS1	-2.54303824778719	1	1	2.3259
CES4A	-2.54303824778719	1	1	2.3259
NRN1L	-2.54303824778719	1	1	2.3259
FOXF1	-2.54303824778719	1	1	2.3259
MIR6775	-2.54303824778719	1	1	2.3259
LOC644070	-2.54303824778719	1	1	2.3259
EVPLL	-2.54303824778719	1	1	2.3259
KRT35	-2.54303824778719	1	1	2.3259
ANKFN1	-2.54303824778719	1	1	2.3259
AXIN2	-2.54303824778719	1	1	2.3259
LOC101928514	-2.54303824778719	1	1	2.3259
LOC101928738	-2.54303824778719	1	1	2.3259
LINC00470	-2.54303824778719	1	1	2.3259
FGF22	-2.54303824778719	1	1	2.3259
DKFZp434J0226	-2.54303824778719	1	1	2.3259
DACT3-AS1	-2.54303824778719	1	1	2.3259
LOC101928295	-2.54303824778719	1	1	2.3259
SLC17A7	-2.54303824778719	1	1	2.3259
KLK9	-2.54303824778719	1	1	2.3259
TTYH1	-2.54303824778719	1	1	2.3259
SHISA7	-2.54303824778719	1	1	2.3259
SLC30A3	-2.54303824778719	1	1	2.3259
C2orf91	-2.54303824778719	1	1	2.3259
TLX2	-2.54303824778719	1	1	2.3259
LOC101928386	-2.54303824778719	1	1	2.3259
PDE1A	-2.54303824778719	1	1	2.3259
UGT1A4	-2.54303824778719	1	1	2.3259
COL6A3	-2.54303824778719	1	1	2.3259
LOC79160	-2.54303824778719	1	1	2.3259
LINC00659	-2.54303824778719	1	1	2.3259
MIR99AHG	-2.54303824778719	1	1	2.3259
CLDN8	-2.54303824778719	1	1	2.3259
OLIG1	-2.54303824778719	1	1	2.3259
TMPRSS3	-2.54303824778719	1	1	2.3259
SPATC1L	-2.54303824778719	1	1	2.3259
P2RX6P	-2.54303824778719	1	1	2.3259
KCNJ4	-2.54303824778719	1	1	2.3259
SERHL	-2.54303824778719	1	1	2.3259
LRRN1	-2.54303824778719	1	1	2.3259
FAM212A	-2.54303824778719	1	1	2.3259
SEMA3B-AS1	-2.54303824778719	1	1	2.3259
CACNA2D3	-2.54303824778719	1	1	2.3259
FAM3D	-2.54303824778719	1	1	2.3259
KBTBD12	-2.54303824778719	1	1	2.3259
LINC01391	-2.54303824778719	1	1	2.3259
NMNAT3	-2.54303824778719	1	1	2.3259
LOC101928105	-2.54303824778719	1	1	2.3259
IGSF10	-2.54303824778719	1	1	2.3259
TRIM61	-2.54303824778719	1	1	2.3259
LOC101928223	-2.54303824778719	1	1	2.3259
FAM196B	-2.54303824778719	1	1	2.3259
SYCP2L	-2.54303824778719	1	1	2.3259
HLA-DQA1	-2.54303824778719	1	1	2.3259
PI16	-2.54303824778719	1	1	2.3259
NPSR1-AS1	-2.54303824778719	1	1	2.3259
LOC100506895	-2.54303824778719	1	1	2.3259
ZNF727	-2.54303824778719	1	1	2.3259
GS1-259H13.2	-2.54303824778719	1	1	2.3259
SCARA3	-2.54303824778719	1	1	2.3259
LINC00032	-2.54303824778719	1	1	2.3259
HRCT1	-2.54303824778719	1	1	2.3259
LINC00475	-2.54303824778719	1	1	2.3259
ADGRD2	-2.54303824778719	1	1	2.3259
RGAG1	-2.54303824778719	1	1	2.3259
ZCCHC12	-2.54303824778719	1	1	2.3259
RAB42	-2.25350656976668	1	1	0.8594
VSIG8	-2.25350656976668	1	1	0.8594
LINC00942	-2.25350656976668	1	1	0.8594
HSPB9	-2.25350656976668	1	1	0.8594
LOC151475	-2.25350656976668	1	1	0.8594
LOC105372836	-2.25350656976668	1	1	0.8594
GRIA2	-2.25350656976668	1	1	0.8594
MIR106B	-2.25350656976668	1	1	0.8594
PPIAL4A	-2.25358741608096	1	1	0.8585
LOC105369337	-2.25358741608096	1	1	0.8585
ROBO3	-2.25358741608096	1	1	0.8585
MIR613	-2.25358741608096	1	1	0.8585
LHX5	-2.25358741608096	1	1	0.8585
P2RX2	-2.25358741608096	1	1	0.8585
C15orf26	-2.25358741608096	1	1	0.8585
LOC102723730	-2.25358741608096	1	1	0.8585
CLDN14	-2.25358741608096	1	1	0.8585
KCNH8	-2.25358741608096	1	1	0.8585
SOWAHA	-2.25358741608096	1	1	0.8585
OR2B6	-2.25358741608096	1	1	0.8585
TCTE1	-2.25358741608096	1	1	0.8585
LOC102723322	-2.25358741608096	1	1	0.8585
CA9	-2.25358741608096	1	1	0.8585
PHYHD1	-2.25358741608096	1	1	0.8585
UXT-AS1	-2.25358741608096	1	1	0.8585
MAGEA8	-2.25358741608096	1	1	0.8585
LOC105371729	-2.25366825802716	1	1	0.8576
GPR182	-2.25366825802716	1	1	0.8576
SCG3	-2.25366825802716	1	1	0.8576
C16orf96	-2.25366825802716	1	1	0.8576
LOC105376798	-2.25366825802716	1	1	0.8576
LACAT1	-2.25366825802716	1	1	0.8576
CCDC116	-2.25366825802716	1	1	0.8576
RARB	-2.25366825802716	1	1	0.8576
LOC101929607	-2.25366825802716	1	1	0.8576
LOC101928539	-2.25366825802716	1	1	0.8576
GNL1	-2.25366825802716	1	1	0.8576
LINC01397	-2.25330375303924	1	1	0.8571
PAMR1	-2.25330375303924	1	1	0.8571
WNT5B	-2.25330375303924	1	1	0.8571
LOC100507091	-2.25330375303924	1	1	0.8571
GALNT16	-2.25330375303924	1	1	0.8571
ISLR2	-2.25330375303924	1	1	0.8571
LINC01314	-2.25330375303924	1	1	0.8571
LOC105371164	-2.25330375303924	1	1	0.8571
AGRP	-2.25330375303924	1	1	0.8571
FXYD7	-2.25330375303924	1	1	0.8571
ISM1-AS1	-2.25330375303924	1	1	0.8571
C20orf195	-2.25330375303924	1	1	0.8571
TNFRSF6B	-2.25330375303924	1	1	0.8571
GRM1	-2.25330375303924	1	1	0.8571
COL26A1	-2.25330375303924	1	1	0.8571
LOC101928943	-2.25338461030938	1	1	0.8562
P2RX7	-2.25338461030938	1	1	0.8562
LOC100506321	-2.25338461030938	1	1	0.8562
DEGS2	-2.25338461030938	1	1	0.8562
CLDN6	-2.25338461030938	1	1	0.8562
TBC1D29	-2.25338461030938	1	1	0.8562
EGLN2	-2.25338461030938	1	1	0.8562
VAX2	-2.25338461030938	1	1	0.8562
MEI1	-2.25338461030938	1	1	0.8562
MIR378I	-2.25338461030938	1	1	0.8562
LOC101929529	-2.25338461030938	1	1	0.8562
MIR579	-2.25338461030938	1	1	0.8562
LOC105374753	-2.25338461030938	1	1	0.8562
TRT-CGT1-1	-2.25338461030938	1	1	0.8562
PXT1	-2.25338461030938	1	1	0.8562
LOC153910	-2.25338461030938	1	1	0.8562
BAALC-AS1	-2.25338461030938	1	1	0.8562
DDX11L16	-2.25338461030938	1	1	0.8562
SNORA2A	-2.25346546321032	1	1	0.8553
NANOS3	-2.25346546321032	1	1	0.8553
LRP1B	-2.25346546321032	1	1	0.8553
SPATA3-AS1	-2.25346546321032	1	1	0.8553
APCDD1L-AS1	-2.25346546321032	1	1	0.8553
CSTA	-2.25346546321032	1	1	0.8553
CCDC37	-2.25346546321032	1	1	0.8553
BDH1	-2.25346546321032	1	1	0.8553
EFCAB9	-2.25346546321032	1	1	0.8553
LINC01526	-2.25346546321032	1	1	0.8553
GDA	-2.25346546321032	1	1	0.8553
PRRT4	-2.01255414747318	1	1	0.5465
LOC101927954	-2.01255414747318	1	1	0.5465
HAVCR1P1	-2.01271530525807	1	1	0.5423
STPG2	-2.01271530525807	1	1	0.5423
C1QTNF3-AMACR	-2.01271530525807	1	1	0.5423
HMMR-AS1	-2.01271530525807	1	1	0.5423
USH2A	-2.01251318581605	1	1	0.5402
FKSG29	-2.01251318581605	1	1	0.5402
ACOT1	-2.01251318581605	1	1	0.5402
FAM57B	-2.01251318581605	1	1	0.5402
CLUL1	-2.01251318581605	1	1	0.5402
IZUMO1	-2.01251318581605	1	1	0.5402
PROC	-2.01251318581605	1	1	0.5402
LINC00479	-2.01251318581605	1	1	0.5402
MUSTN1	-2.01251318581605	1	1	0.5402
EIF1AX-AS1	-2.01251318581605	1	1	0.5402
TMEM240	-2.01223044090652	1	1	0.5387
CDRT4	-2.01223044090652	1	1	0.5387
LRRC37A2	-2.01223044090652	1	1	0.5387
LOC105375354	-2.01223044090652	1	1	0.5387
HPCA	-2.01231103926629	1	1	0.5378
LINC01220	-2.01231103926629	1	1	0.5378
NT5C1B	-2.01231103926629	1	1	0.5378
MIR3149	-2.01231103926629	1	1	0.5378
PTTG3P	-1.80615857568361	1	1	0.4105
MGC57346	-1.80595710569378	1	1	0.402
LOC390937	-1.80595710569378	1	1	0.402
PCDHB18P	-1.8063192065395	1	1	0.4008
HRC	-1.80627839305723	1	1	0.3962
CASQ1	-1.80571478032844	1	1	0.3936
GLP2R	-1.80571478032844	1	1	0.3936
LOC101927685	-1.80579512138225	1	1	0.3914
ASB4	-1.80587545817936	1	1	0.3834
TRIM73	-1.62580137537716	1	1	0.3218
LINC01136	-1.62588142279809	1	1	0.3206
TRD-GTC2-8	-1.62523963462205	1	1	0.3195
SNORA20	-1.62552053082576	1	1	0.3192
CD5	-1.6256005929719	1	1	0.3173
PRSS48	-1.6256005929719	1	1	0.3173
LOC105377637	-1.62576070466651	1	1	0.3162
SLC26A5	-1.62576070466651	1	1	0.3162
ATE1-AS1	-1.6258407542158	1	1	0.3153
PWP2	-1.6258407542158	1	1	0.3153
TRIM29	-1.62519894897737	1	1	0.3139
IGF2BP2-AS1	-1.62519894897737	1	1	0.3139
MAP2K4P1	-1.62519894897737	1	1	0.3139
ASPRV1	-1.62527902798365	1	1	0.3132
HIST1H2AH	-1.62527902798365	1	1	0.3132
MALRD1	-1.46539075706003	1	1	0.2739
S1PR4	-1.46491067726533	1	1	0.2654
ST7-OT4	-1.46491067726533	1	1	0.2654
L1CAM	-1.4652704343298	1	1	0.2647
PTGDR2	-1.46487013567972	1	1	0.2615
CCDC79	-1.46487013567972	1	1	0.2615
GREB1	-1.46487013567972	1	1	0.2615
LOC100131496	-1.46487013567972	1	1	0.2615
PRR34	-1.46487013567972	1	1	0.2615
OLFML2B	-1.46466994727836	1	1	0.2591
LOC105378423	-1.46510956690764	1	1	0.2527
PCDHB15	-1.32101415640731	1	1	0.2284
DCST1	-1.3206555922386	1	1	0.2277
RNF225	-1.3206555922386	1	1	0.2277
WBP2NL	-1.3204560774971	1	1	0.2257
LINC00514	-1.32061519364619	1	1	0.2245
MGC50722	-1.32061519364619	1	1	0.2245
GJB4	-1.32025653704489	1	1	0.2238
LOC100996693	-1.32033610742399	1	1	0.2236
MEF2BNB-MEF2B	-1.32077429342834	1	1	0.2217
FLJ27354	-1.32049523590327	1	1	0.2216
CHRNB2	-1.32005697087587	1	1	0.2197
LOC101927817	-1.32005697087587	1	1	0.2197
LOC101929060	-1.18946570858925	1	1	0.2028
TPI1P3	-1.18946570858925	1	1	0.2028
CYP4A22	-1.18914727428387	1	1	0.1969
GSN-AS1	-1.18894837250942	1	1	0.1949
SGK3	-1.18926562609582	1	1	0.1844
LOC101929234	-1.06946286815353	1	1	0.1786
AANAT	-1.0690664791937	1	1	0.1756
LOC101060091	-0.855837789497135	1	1	0.1754
TCAP	-1.06886824716385	1	1	0.1744
PTPRCAP	-0.958129616981287	1	1	0.1633
CILP2	-0.958129616981287	1	1	0.1633
ATP8B5P	-0.958129616981287	1	1	0.1633
CRYBB3	-0.958365977035764	1	1	0.1602
HOXA11-AS	-0.957734428524516	1	1	0.1592
LOC644285	-0.855207327039151	1	1	0.1455
KCNH1	-0.854931853903824	1	1	0.1449
HOXC5	-0.854459338286673	1	1	0.1419
LOC100268168	-0.759241536079754	1	1	0.137
SPATA12	-0.759045270024517	1	1	0.1348
GPR18	-0.758927272438268	1	1	0.1331
GPR68	-0.758143042189236	1	1	0.1324
SLC16A10	-0.584687333449248	1	1	0.128
SH2D2A	-0.758887560628823	1	1	0.1264
TMEM150C	-0.668704716472142	1	1	0.1247
SNORD12B	-0.668509034820249	1	1	0.1238
TMPRSS6	-0.583946815673878	1	1	0.1169
MIR3153	-0.5833232461826	1	1	0.116
TPTE2P5	-0.583361613572578	1	1	0.1133
ADM5	-0.583439434858447	1	1	0.1121
C1orf101	-0.503557098544697	1	1	0.1097
DNAJC9-AS1	-0.503789769845055	1	1	0.1085
SLC2A1-AS1	-0.158338844794103	1	1	0.0842
SYT8	-0.220790862625112	1	1	0.083
REP15	-0.098118136571641	1	1	0.0825
NAPA-AS1	-0.0983080131267397	1	1	0.0791
PCDHB3	0.119251586404509	1	1	0.071
TRND	0.263866267073212	1	1	0.0708
RPS10P7	0.26468861980249	1	1	0.0608
PBX4	0.39573985888202	1	1	0.0594
TPRG1	0.436432188268826	1	1	0.0579
HPD	0.310171024185817	1	1	0.0575
HSP90B2P	0.590816519247013	1	1	0.0525
LOC102724112	0.626763922785828	1	1	0.0478
TNNI1	0.663135717730216	1	1	0.0459
SNORD2	0.945032480942259	1	1	0.0424
KIAA1257	1.02933581017104	1	1	0.0379
LOC101928505	1.20580273052033	1	1	0.0371
SMG1P7	1.32199368986952	1	1	0.0284
TARID	-1.39149589244321	1	1	0.0278
CLK2P1	-1.39149589244321	1	1	0.0278
RALY-AS1	1.93859125096549	1	1	0.0255
CLEC7A	-1.39173484258651	1	1	0.0252
MAP4K1	-0.906397376631225	1	1	0.025
SNORD42A	-1.01219366087632	1	1	0.0249
POU2F2	-0.0127703427219136	1	1	0.0247
TRNK	-1.54308507523767	1	1	0.0241
ZNF774	0.571624172810427	1	1	0.0205
SPDYE2	0.33135278875603	1	1	0.02
TRC-GCA19-1	-1.12817067403885	1	1	0.0186
SNORA52	-1.71347675317151	1	1	0.0181
MAFB	-1.25392590642653	1	1	0.0177
LOC105371592	-0.189224177761328	1	1	0.0174
KLF13	-1.71295492369012	1	1	0.0172
ZBTB32	-1.71295492369012	1	1	0.0172
SCARNA10	-0.905767036241661	1	1	0.0167
SNORD100	-0.905767036241661	1	1	0.0167
LINC00571	-0.626519781993723	1	1	0.0166
SNORD32A	-1.39129611120202	1	1	0.0166
CTAGE1	-1.71331640972213	1	1	0.0164
NHLH1	-1.54316500717348	1	1	0.0164
AMDHD1	-1.54316500717348	1	1	0.0164
SIGLEC10	-1.54316500717348	1	1	0.0164
MTCP1	1.39531068037948	1	1	0.0163
HIST3H2BB	-0.128792543749376	1	1	0.0157
C4BPB	-1.39101662517323	1	1	0.0153
HIST1H2BO	-1.01298402005547	1	1	0.0151
DOK3	0.331056008125016	1	1	0.0149
ANO7	0.374593554704661	1	1	0.0148
TRC-GCA16-1	-1.39137577568343	1	1	0.0147
PARD6A	0.841080499625099	1	1	0.0146
ESAM	-1.39145543604816	1	1	0.0144
GSDMC	2.14380136585065	1	1	0.0144
PRR15	2.27453392193871	1	1	0.0143
C6orf163	0.957955469745836	1	1	0.0142
CRHR2	-1.01262834818427	1	1	0.0141
MIR590	-0.390890332691001	1	1	0.0141
LINC01003	2.06789269453473	1	1	0.0139
TEKT5	-1.54324493493741	1	1	0.0137
DGCR6	-1.54324493493741	1	1	0.0137
RARRES1	-1.54324493493741	1	1	0.0137
CELF5	-0.905293825029974	1	1	0.0137
CXCL10	-1.90590715978582	1	1	0.0136
FOXP4-AS1	0.810029724472196	1	1	0.0135
TRNW	-0.805891654391915	1	1	0.0133
ERC2	1.01462364078329	1	1	0.0133
LOC102724378	-0.128677732653849	1	1	0.0133
LOC100419583	-1.90554448004383	1	1	0.0132
KIAA1683	-1.90554448004383	1	1	0.0132
LOC101929464	-1.25372676481329	1	1	0.0131
TRNAC-GCA	-2.12808347498975	1	1	0.013
SNORD67	-2.12808347498975	1	1	0.013
C3AR1	-2.12808347498975	1	1	0.013
MTRNR2L10	-2.12808347498975	1	1	0.013
ZNF454	1.09419590351829	1	1	0.013
LOC105376714	-1.54332485852988	1	1	0.0129
MRVI1	-1.71275377143794	1	1	0.0129
STK4-AS1	-1.71275377143794	1	1	0.0129
LOC101928069	-0.189874772767129	1	1	0.0128
TMEM147-AS1	1.30974404912792	1	1	0.0127
HYAL1	-0.253454570058771	1	1	0.0127
FAM133CP	-1.01270726141292	1	1	0.0127
AKAP2	-1.01270726141292	1	1	0.0127
DNAJB7	-1.54296452986916	1	1	0.0127
LOC100506497	-1.54296452986916	1	1	0.0127
C7orf55	0.0424974303692254	1	1	0.0126
FAM35BP	-0.0127694251218776	1	1	0.0125
SRRM5	-0.625661766226949	1	1	0.0125
ATP6V1C2	-0.39069677787107	1	1	0.0125
RAET1K	-1.54268407348298	1	1	0.0124
KIAA1024	0.495698749834696	1	1	0.0124
LCMT1-AS1	-1.39081678186665	1	1	0.0124
ALAS2	-1.39081678186665	1	1	0.0124
LOC101929523	-1.25344817021645	1	1	0.0123
PXDN	-0.464565450556976	1	1	0.0123
SERPINI1	-0.189530141781095	1	1	0.0123
LOC440700	-2.12816418415513	1	1	0.0121
NTN3	-2.12816418415513	1	1	0.0121
NPIPA5	-2.12816418415513	1	1	0.0121
LYPLA2P2	-2.12816418415513	1	1	0.0121
ZEB2	-2.12816418415513	1	1	0.0121
KCNQ5-AS1	-2.12816418415513	1	1	0.0121
MRPS24	-2.12816418415513	1	1	0.0121
MIR1206	-2.12816418415513	1	1	0.0121
SCIMP	-1.71311530523463	1	1	0.012
CHMP3	-1.71311530523463	1	1	0.012
COL9A3	-1.71311530523463	1	1	0.012
ST6GALNAC2	-0.465263555350725	1	1	0.012
KIF17	-0.805970083448098	1	1	0.012
CRYM-AS1	-0.464914540135035	1	1	0.0119
DHDH	-0.189683102907387	1	1	0.0116
MAGOH2P	-1.71319548966668	1	1	0.0116
DPY19L2P2	-1.71319548966668	1	1	0.0116
C11orf91	-1.39125564957955	1	1	0.0115
BSN-AS2	-1.39125564957955	1	1	0.0115
LINC00471	1.33131774004673	1	1	0.0114
IBA57-AS1	-1.90562493562752	1	1	0.0114
SAMD14	-1.90562493562752	1	1	0.0114
IL1RAPL1	-0.625466399152531	1	1	0.0114
ATG9B	1.09346683827305	1	1	0.0114
RPEL1	-1.12820965038207	1	1	0.0114
LOC105373090	-1.12820965038207	1	1	0.0114
TAS2R4	-0.806048508644775	1	1	0.0114
SNRK-AS1	-0.90580578459471	1	1	0.0113
RCOR2	-0.391199143759351	1	1	0.0113
FTH1P3	-1.39053720898652	1	1	0.0113
CELA1	-2.12824488898165	1	1	0.0112
LOC154761	-2.12824488898165	1	1	0.0112
ASPN	-2.12824488898165	1	1	0.0112
LOC148709	-0.0694533745088541	1	1	0.0112
DLL4	-1.39089647111073	1	1	0.0111
XKRX	-1.39089647111073	1	1	0.0111
LOC105378579	-1.12785277824771	1	1	0.0111
LOC148696	-1.71283397492326	1	1	0.0111
RAB41	0.871976071138008	1	1	0.011
ZMAT1	-1.5431244021425	1	1	0.0109
GCNT7	-0.805773431981529	1	1	0.0108
TPTE2P1	-2.12788100743794	1	1	0.0107
FITM1	-2.12788100743794	1	1	0.0107
ATP1B2	-2.12788100743794	1	1	0.0107
USP32P2	-2.12788100743794	1	1	0.0107
CYP2F1	-2.12788100743794	1	1	0.0107
LOC105372715	-2.12788100743794	1	1	0.0107
NMBR	-2.12788100743794	1	1	0.0107
LINC01285	-2.12788100743794	1	1	0.0107
SNORD11	-0.390928418779856	1	1	0.0107
LOC389247	0.145371717066125	1	1	0.0107
PMF1-BGLAP	-1.90570538692809	1	1	0.0107
PRDM7	-1.90570538692809	1	1	0.0107
MOGAT1	-1.90570538692809	1	1	0.0107
MBOAT4	-1.90570538692809	1	1	0.0107
MIR616	-1.12793195577222	1	1	0.0107
SUSD4	-1.39097615623575	1	1	0.0106
BMS1P18	-1.39097615623575	1	1	0.0106
PGLYRP1	-1.39097615623575	1	1	0.0106
LOC105373498	-1.39097615623575	1	1	0.0106
C12orf79	-0.625622254806116	1	1	0.0106
TSTA3	-1.01266721167816	1	1	0.0105
ESPNP	-2.39106228855222	1	1	0.0105
TRR-TCT1-1	-2.39106228855222	1	1	0.0105
HYDIN2	-2.39106228855222	1	1	0.0105
CRB1	-2.39106228855222	1	1	0.0105
PKP1	-2.39106228855222	1	1	0.0105
LOC100506747	-2.39106228855222	1	1	0.0105
LOC105376353	-2.39106228855222	1	1	0.0105
LINC00866	-2.39106228855222	1	1	0.0105
DCHS1	-2.39106228855222	1	1	0.0105
SLCO1A2	-2.39106228855222	1	1	0.0105
SLC7A8	-2.39106228855222	1	1	0.0105
SYNJ2BP-COX16	-2.39106228855222	1	1	0.0105
PRPF8	-2.39106228855222	1	1	0.0105
FAM106A	-2.39106228855222	1	1	0.0105
PNMT	-2.39106228855222	1	1	0.0105
LOC729966	-2.39106228855222	1	1	0.0105
HIPK4	-2.39106228855222	1	1	0.0105
PSG10P	-2.39106228855222	1	1	0.0105
CAPN14	-2.39106228855222	1	1	0.0105
ASB18	-2.39106228855222	1	1	0.0105
CABP7	-2.39106228855222	1	1	0.0105
MORC2-AS1	-2.39106228855222	1	1	0.0105
LOC102724297	-2.39106228855222	1	1	0.0105
DPPA2P3	-2.39106228855222	1	1	0.0105
HGFAC	-2.39106228855222	1	1	0.0105
LOC105374372	-2.39106228855222	1	1	0.0105
LOC101929719	-2.39106228855222	1	1	0.0105
HLA-E	-2.39106228855222	1	1	0.0105
TXLNB	-2.39106228855222	1	1	0.0105
EZR-AS1	-2.39106228855222	1	1	0.0105
TAGAP	-2.39106228855222	1	1	0.0105
LOC105376336	-2.39106228855222	1	1	0.0105
IMPG2	-1.90534265878068	1	1	0.0104
RAET1G	-1.90534265878068	1	1	0.0104
CDH17	-0.805851866848292	1	1	0.0104
MIR421	-1.25368644038433	1	1	0.0104
LOC101927250	-1.71291417418044	1	1	0.0104
LOC102723899	-1.71291417418044	1	1	0.0104
LAMB4	-1.71291417418044	1	1	0.0104
LINC01389	-1.25332840499254	1	1	0.0103
ETV2	-1.25332840499254	1	1	0.0103
SNORA45B	-0.712522835496025	1	1	0.0103
ZNF474	-1.54320433202086	1	1	0.0103
S1PR5	-1.128011129284	1	1	0.0102
LOC105372277	-1.128011129284	1	1	0.0102
SMIM10L1	-0.543368599959136	1	1	0.0102
RORA-AS1	0.496396279482412	1	1	0.0101
LINC00926	-1.54284397502581	1	1	0.0101
ZNF628	1.93061494455299	1	1	0.0101
CHSY3	-1.39105583724212	1	1	0.0101
ASIC3	0.416548235521473	1	1	0.01
DPY19L2	-0.905963098124649	1	1	0.0099
PROB1	0.746534556411657	1	1	0.0099
LOC102724050	-2.12796172748543	1	1	0.0098
KCTD19	-2.12796172748543	1	1	0.0098
NOG	-2.12796172748543	1	1	0.0098
SNORD92	-2.12796172748543	1	1	0.0098
LOC105373551	-2.12796172748543	1	1	0.0098
GDAP1L1	-2.12796172748543	1	1	0.0098
ADORA2A	-2.12796172748543	1	1	0.0098
CLDN11	-2.12796172748543	1	1	0.0098
LOC105374301	-2.12796172748543	1	1	0.0098
LOC100506217	-2.12796172748543	1	1	0.0098
CXorf58	-2.12796172748543	1	1	0.0098
SLC38A5	-2.12796172748543	1	1	0.0098
GLDC	1.47716146038702	1	1	0.0098
PIK3IP1-AS1	-1.7129943692099	1	1	0.0097
OR13H1	-1.7129943692099	1	1	0.0097
SNORD85	-1.90542312510551	1	1	0.0097
LOC105369728	-1.90542312510551	1	1	0.0097
MIR3657	-1.90542312510551	1	1	0.0097
TIAF1	-1.90542312510551	1	1	0.0097
LOC101060389	-1.90542312510551	1	1	0.0097
COL5A1	-1.90542312510551	1	1	0.0097
ZNF10	3.04780985289876	1	1	0.0097
UCN	-0.713031594103292	1	1	0.0096
PTGER3	-2.39114326381973	1	1	0.0096
TRQ-CTG4-1	-2.39114326381973	1	1	0.0096
SAA4	-2.39114326381973	1	1	0.0096
LINC01559	-2.39114326381973	1	1	0.0096
LOC101593348	-2.39114326381973	1	1	0.0096
LOC283575	-2.39114326381973	1	1	0.0096
C14orf178	-2.39114326381973	1	1	0.0096
SPATA41	-2.39114326381973	1	1	0.0096
IGFALS	-2.39114326381973	1	1	0.0096
LOC105371409	-2.39114326381973	1	1	0.0096
SNORD91A	-2.39114326381973	1	1	0.0096
MIR635	-2.39114326381973	1	1	0.0096
SNORD1B	-2.39114326381973	1	1	0.0096
TMEM59L	-2.39114326381973	1	1	0.0096
LOC101929567	-2.39114326381973	1	1	0.0096
TM4SF20	-2.39114326381973	1	1	0.0096
HORMAD2	-2.39114326381973	1	1	0.0096
GALR3	-2.39114326381973	1	1	0.0096
MYOZ3	-2.39114326381973	1	1	0.0096
LAMA4	-2.39114326381973	1	1	0.0096
NACAD	-2.39114326381973	1	1	0.0096
SND1-IT1	-2.39114326381973	1	1	0.0096
LOC101927595	-2.39114326381973	1	1	0.0096
SNORD62A	-2.39114326381973	1	1	0.0096
OSBPL6	-1.54292391953677	1	1	0.0096
LOC101927318	-0.46495273570228	1	1	0.0095
BMP3	0.746462712171638	1	1	0.0094
CARNS1	-0.46452618809768	1	1	0.0094
LINC00643	0.779408667296546	1	1	0.0094
FLJ41278	-1.71255259260716	1	1	0.0094
REEP2	-1.71255259260716	1	1	0.0094
MESTIT1	-1.39077630769874	1	1	0.0092
PYCRL	-1.12809029878344	1	1	0.0092
TP53TG5	-0.626051330077978	1	1	0.0091
LIMS3L	-0.905411267221952	1	1	0.009
SEPT7P9	-1.71263280669465	1	1	0.009
DLEU7-AS1	-1.71263280669465	1	1	0.009
PCDHB7	-1.71263280669465	1	1	0.009
LCN10	-1.71263280669465	1	1	0.009
C10orf111	-1.90550358714614	1	1	0.009
VWF	-1.90550358714614	1	1	0.009
LOC100288846	-1.90550358714614	1	1	0.009
TSHR	-1.90550358714614	1	1	0.009
TRR-CCT3-1	-1.90550358714614	1	1	0.009
IRX3	-1.90550358714614	1	1	0.009
TCF4	-1.90550358714614	1	1	0.009
LOC105373244	-1.90550358714614	1	1	0.009
LOC102724552	-2.12804244319292	1	1	0.0089
ATOH7	-2.12804244319292	1	1	0.0089
SHANK2-AS1	-2.12804244319292	1	1	0.0089
PSG6	-2.12804244319292	1	1	0.0089
COL6A6	-2.12804244319292	1	1	0.0089
FILIP1	-2.12804244319292	1	1	0.0089
RSPH4A	0.194116762946894	1	1	0.0088
LOC101929089	-1.39113551413022	1	1	0.0087
FAM179A	-1.71271301655294	1	1	0.0086
TIE1	-2.12767851259334	1	1	0.0085
LOXL4	-2.12767851259334	1	1	0.0085
NDE1	-2.12767851259334	1	1	0.0085
NECAB2	-2.12767851259334	1	1	0.0085
MAGI2-AS3	-2.12767851259334	1	1	0.0085
HIST1H4C	-1.25312918677298	1	1	0.0083
MTTP	-1.54328425772755	1	1	0.0083
ANPEP	-1.54300385987462	1	1	0.0082
MIR6732	-2.39085914316911	1	1	0.0082
FOXE3	-2.39085914316911	1	1	0.0082
LOC105378577	-2.39085914316911	1	1	0.0082
AQP2	-2.39085914316911	1	1	0.0082
SULT1A3	-2.39085914316911	1	1	0.0082
NME1-NME2	-2.39085914316911	1	1	0.0082
HPN-AS1	-2.39085914316911	1	1	0.0082
ERVV-2	-2.39085914316911	1	1	0.0082
LOC100133920	-2.39085914316911	1	1	0.0082
FLJ33581	-2.39085914316911	1	1	0.0082
CRYBB2	-2.39085914316911	1	1	0.0082
DCLK2	-2.39085914316911	1	1	0.0082
FAM50B	-2.39085914316911	1	1	0.0082
LOC105378101	-2.39085914316911	1	1	0.0082
ELMO1	-2.39085914316911	1	1	0.0082
ADCY1	-2.39085914316911	1	1	0.0082
ADGRB1	-2.39085914316911	1	1	0.0082
THAP7-AS1	1.62805797710563	1	1	0.0078
SPAG5-AS1	-1.71307456001208	1	1	0.0077
CTSW	-1.54264345573222	1	1	0.0076
PPP1R36	-2.12775924352573	1	1	0.0076
RGS9	-2.12775924352573	1	1	0.0076
PRSS42	-2.12775924352573	1	1	0.0076
TPRG1-AS1	-2.12775924352573	1	1	0.0076
LINC00222	-2.12775924352573	1	1	0.0076
LOC647323	-0.905056583765525	1	1	0.0075
SNORA41	-1.54256349658365	1	1	0.0075
LOC105373468	-1.71279322218246	1	1	0.0074
KCNT2	-1.71279322218246	1	1	0.0074
MIR1469	-1.71279322218246	1	1	0.0074
ARMCX2	-0.805812078318891	1	1	0.0073
PRELP	-2.39094012946456	1	1	0.0073
UNC5B	-2.39094012946456	1	1	0.0073
HTR7	-2.39094012946456	1	1	0.0073
KCNK7	-2.39094012946456	1	1	0.0073
ST8SIA1	-2.39094012946456	1	1	0.0073
LOC646214	-2.39094012946456	1	1	0.0073
C15orf54	-2.39094012946456	1	1	0.0073
PLA2G4E-AS1	-2.39094012946456	1	1	0.0073
ODF3L1	-2.39094012946456	1	1	0.0073
CA7	-2.39094012946456	1	1	0.0073
TBC1D28	-2.39094012946456	1	1	0.0073
LOC102723505	-2.39094012946456	1	1	0.0073
MIR4740	-2.39094012946456	1	1	0.0073
USHBP1	-2.39094012946456	1	1	0.0073
FAM150B	-2.39094012946456	1	1	0.0073
FRZB	-2.39094012946456	1	1	0.0073
CCK	-2.39094012946456	1	1	0.0073
BOC	-2.39094012946456	1	1	0.0073
IL12A-AS1	-2.39094012946456	1	1	0.0073
HHIP	-2.39094012946456	1	1	0.0073
ACTBL2	-2.39094012946456	1	1	0.0073
PART1	-2.39094012946456	1	1	0.0073
LOC101929380	-2.39094012946456	1	1	0.0073
PPP1R11	-2.39094012946456	1	1	0.0073
DDAH2	-2.39094012946456	1	1	0.0073
LINC01607	-2.39094012946456	1	1	0.0073
SNORA77	-1.90558404490299	1	1	0.0071
MIR611	-1.90558404490299	1	1	0.0071
CHRNE	-1.90558404490299	1	1	0.0071
SRCIN1	-1.90558404490299	1	1	0.0071
ANGPTL3	-1.54248353326015	1	1	0.0071
C6orf226	0.811210345219782	1	1	0.0068
PCDHGC4	-1.54272341070625	1	1	0.0068
CHADL	-1.01282503026243	1	1	0.0068
TRS-GCT3-1	-2.127839970117	1	1	0.0067
LOC100190986	-2.127839970117	1	1	0.0067
GZMM	-2.127839970117	1	1	0.0067
DBIL5P2	-2.127839970117	1	1	0.0067
LOC105371397	3.03167857037265	1	1	0.0065
SNORD38A	-1.90522128764973	1	1	0.0064
MIR320C1	-1.90522128764973	1	1	0.0064
KLK1	-1.90522128764973	1	1	0.0064
GOLGA6L5P	-0.905213971714627	1	1	0.0062
DPRXP4	-1.3904967274994	1	1	0.0056
DKKL1	-1.3904967274994	1	1	0.0056
ZNF700	3.84328175296243	1	1	0.0056
ALDH16A1	3.82172659230925	1	1	0.0054
LOC105372818	-1.90530176043314	1	1	0.0053
PARP15	-1.90530176043314	1	1	0.0053
LOC101928491	-1.90530176043314	1	1	0.0053
METTL22	3.26250869391818	1	1	0.005
LRRC4B	-1.39041701759978	1	1	0.0047
NUTM2A-AS1	2.63943566892713	1	1	0.0045
GALNTL6	-1.39121518690045	1	1	0.0045
LOC100996624	-1.54280336150616	1	1	0.004
VPS18	4.09757852421982	1	1	0.0038
ZNF571-AS1	-0.712287106663546	1	1	0.0037
LOC102723439	-1.01199452451208	1	1	0.0037
KRTAP5-9	-1.7125118323455	1	1	0.0036
LOC101929322	-1.71287342358363	1	1	0.003
NAPRT	-1.71287342358363	1	1	0.003
PIGS	4.67864784755665	1	1	0.0027
ALDH6A1	3.30733684439388	1	1	0.0024
PPP2R5D	4.83900863469758	1	1	0.002
ZNF675	4.43951324421088	1	1	0.0013
SPATA5L1	3.8313772052986	1	1	8e-04
RNVU1-3	-1.25336750588273	1	1	8e-04
GID4	3.69097839740855	1	1	7e-04
API5	6.99269886837872	1	1	3e-04
