logCPM	PValue	FDR	log2FoldChange
TENM2	7.38241725765844	0	0	8.4761
GFRA1	5.60384385194421	0	0	7.9306
OXTR	7.86719341354902	0	0	6.9177
COL4A4	6.20963026770784	0	0	4.5786
ALPP	8.06340831913431	0	0	4.3393
HEG1	8.5210160937448	0	0	4.2087
DIO2	9.16011617953444	1.88733076711356e-321	3.44551006031123e-318	3.8713
SERPINE1	8.7730269610156	4.68670671645006e-320	7.7782291168946e-317	3.6083
FAM101B	5.2828798182833	4.83225218137469e-299	7.35146631859803e-296	5.6095
MATN2	7.68672463577216	5.40070593777925e-286	7.58425289231524e-283	4.1178
OLR1	7.23401022025106	2.95616923801463e-278	3.85484468637108e-275	3.9621
FAM198B	5.82500719541024	5.58884379787667e-273	6.80199549160243e-270	4.3833
KRT17	7.19437430526363	4.29847400241856e-270	4.90455883675958e-267	4.9226
XAGE2	4.32721266918314	1.85748969966061e-227	1.88390733094467e-224	8.7943
COL4A3	5.1837695403568	3.5540495604228e-215	3.41488046184625e-212	4.315
PSG5	4.63329460564053	1.12140873395772e-208	1.0236218923566e-205	5.5168
PDZK1	5.2743351126342	1.32762064759121e-205	1.15414488297263e-202	4.1343
IGFN1	7.87418257246868	1.97846957102151e-196	1.50495585369036e-193	4.5167
DAPK1	8.10101553319046	1.85236267108825e-192	1.35266931693549e-189	2.8032
SCN9A	4.95739607140551	1.43059433874124e-191	1.00449731723308e-188	4.4961
CCDC80	9.9048079255059	2.07097967963472e-187	1.40028907523746e-184	3.3368
GPNMB	6.21134525585297	3.74293448678943e-186	2.44039328538671e-183	3.1461
FAT3	4.95322430296742	1.32806032825257e-180	8.08168978419295e-178	3.8694
COL5A1	7.39545951415744	3.34311274255804e-177	1.96876987832708e-174	2.5643
TMEM52B	5.09410712784391	8.75013907829271e-177	4.99195434416599e-174	4.4526
NUPR1	4.97260843200661	7.88629552731447e-175	4.3627942771713e-172	5.2767
SPOCK1	6.77008701652346	4.46786796068287e-171	2.33043992829218e-168	2.5769
IGFBP5	5.65182818507839	1.03575383459916e-164	5.25242277901173e-162	3.3132
IGFBP3	10.3252281705163	1.57249493452709e-163	7.75877500668286e-161	2.5519
ACKR3	5.86991635182303	3.34803746389731e-161	1.60846768265551e-158	2.8443
AKAP12	6.97969810524758	7.48848862507745e-159	3.41774620848535e-156	2.5415
TPM1	8.94092928190215	9.10212210881289e-152	3.86438002833693e-149	2.4166
CACNG6	5.84001157521154	7.28213059255388e-151	2.95427946883697e-148	3.75
FN1	7.80190971966793	9.24028111647129e-147	3.66718634918043e-144	2.3875
MFAP5	6.47109681230252	1.2330650591808e-145	4.68975744175098e-143	2.3779
ALPK2	3.59599134732905	3.65500546276841e-144	1.334515594566e-141	6.5491
SLC26A2	7.83744628123604	1.47758844746496e-142	5.28918719547457e-140	2.3958
DAB2	5.48287904753212	1.75381911540573e-140	6.0410795794051e-138	3.0505
DOCK11	5.73385810267374	5.70403546718333e-135	1.8933249361618e-132	2.6419
C4BPB	4.46169993348352	4.92043217758822e-132	1.57591947077282e-129	4.2711
NLRP1	3.5351720264975	7.36471491273456e-132	2.31810750770486e-129	7.6145
CNN1	3.40412367477066	1.85296666938074e-130	5.73351856207031e-128	6.7113
LOXL4	4.01705292403145	9.54513872634833e-130	2.85665659980681e-127	4.4578
GADD45A	7.559671382998	1.40041084488589e-127	4.1235323200382e-125	2.6502
PRSS23	9.68580751925831	1.88172159256092e-127	5.45281101488763e-125	2.1614
DFNA5	5.25022561069774	1.06322169196392e-125	3.03283987632709e-123	3.1207
LINC01279	4.5752736061539	4.8248171854455e-125	1.3345736748105e-122	3.3609
NNMT	3.23564769956619	2.36609568128953e-120	6.17077753680311e-118	6.7638
NEAT1	10.2681205874176	6.0534886991569e-119	1.534895690164e-116	2.0781
FYN	6.45923255736956	1.88772628213952e-118	4.72086726119713e-116	2.0937
CDH2	5.76278017225273	3.93245945115935e-118	9.70148374869798e-116	2.4529
STXBP6	5.89018655007091	6.05250826569924e-117	1.4732612119814e-114	2.2882
WWC2	7.19015912334421	2.8006148062761e-116	6.64000310433461e-114	2.119
TGFB2	8.03821541752944	5.30384876966453e-115	1.2256590270759e-112	2.2785
TENM1	5.04921361623107	2.0678614751511e-112	4.66060235683438e-110	2.5806
LRRN1	3.37515648522658	3.05869958891105e-112	6.80970971892197e-110	5.2487
CDKN2B	6.05880073943689	4.54975073233075e-110	9.88812492493216e-108	2.4194
KANK4	4.45569540304377	5.11948119992653e-107	1.08675870681231e-104	3.0375
GFOD1	4.21109089929589	6.2498420068632e-107	1.31146109973902e-104	3.3354
ICAM1	5.27053124666421	4.16452153645166e-106	8.63948922380245e-104	2.3406
SEMA3E	3.74889499900509	3.77707262444929e-105	7.74766717212879e-103	3.9394
TCF7L1	4.12685655641262	6.33357449160163e-104	1.27061248262285e-101	3.4674
LBH	6.7691460520763	1.01985498535852e-103	2.02374702312013e-101	2.3811
TNNT2	4.48649945624753	8.62034253578552e-103	1.67418056737554e-100	6.387
C8orf4	4.33108358231512	8.62079664395547e-102	1.6393881617922e-99	3.6047
WLS	5.59917441358431	1.19159465120039e-101	2.24265484044478e-99	2.2166
MAP2	7.22046800558973	1.30794650548441e-101	2.43651749021666e-99	1.8771
CITED2	5.46254837899983	1.30061986651799e-100	2.37441162831525e-98	2.2085
VGLL3	6.73925370970159	1.15586908271892e-98	2.08926197763531e-96	2.2833
PLEKHG4B	2.96603294627614	8.75350959750868e-98	1.53657760780883e-95	6.4814
KLHL24	5.57857514517097	4.07172158316004e-97	7.07936659258759e-95	2.1507
C1S	6.08995604763608	2.63515979754343e-96	4.45439604295859e-94	2.2272
FRMPD3	3.07621040035159	7.12559322440159e-96	1.19343880646491e-93	5.2858
CALD1	8.71556407613567	2.93070112081744e-95	4.86389815105847e-93	1.9405
BAMBI	4.53777942861946	2.00311697799453e-94	3.29449581533948e-92	2.7926
FRAS1	6.16887617672981	3.88917970980624e-94	6.33936292698418e-92	2.2815
FGFR1	4.57334250776957	1.24243166396631e-93	1.989634426085e-91	2.6198
FGF2	4.22757235781972	1.44097854655223e-93	2.28752211703108e-91	2.8672
RNF144B	5.87989921819703	6.59687741356152e-93	1.03821201777568e-90	2.339
TMEM255A	5.82286351391256	8.64171809141452e-93	1.34840346561422e-90	2.1086
CTSH	6.50022285529557	8.81013844198125e-93	1.36303294404076e-90	1.853
ATP10D	6.3996256143287	1.08995501060122e-92	1.67211921626352e-90	1.8105
FSTL1	8.71948415647277	2.29061487069549e-92	3.48478875661806e-90	1.8294
DCLK2	3.00365500786014	2.88649020990426e-92	4.35502192330679e-90	5.5442
ANKRD13A	6.78040422214733	3.54769527211429e-92	5.30874794161627e-90	1.7666
CGB5	3.51408480299278	8.23825462728801e-91	1.22274452419325e-88	5.3134
INHBA	6.50218960366089	1.27696478655654e-90	1.88002170511098e-88	2.2951
SPARC	7.01351843136229	1.38105864936738e-89	2.01700853622807e-87	1.7456
SBK2	3.9703392105188	2.41019056522322e-89	3.49209833005675e-87	4.2368
ZNF385B	4.19843386136527	2.50057557823349e-89	3.59452816978194e-87	3.0521
PLOD2	7.66964385709681	9.6847260746894e-88	1.34965159709565e-85	2.0439
SPIRE1	6.03891817630323	1.31169527311248e-87	1.81411431105617e-85	1.8155
CSDC2	2.76056919004817	1.2840770405728e-86	1.76256469569151e-84	6.832
CYR61	7.94882227663137	1.46397035403289e-86	1.99449573009137e-84	1.781
EFHD1	4.51905659082488	3.10980976410185e-86	4.20538422618099e-84	2.4785
BMP6	2.62185636378377	3.14385436273675e-86	4.22016215045015e-84	7.0886
SLC16A7	4.6251978198324	1.69881642313472e-85	2.24736178411214e-83	2.6375
FAM49A	3.79155866809678	8.35587443386845e-84	1.07425946242748e-81	3.3255
EXT1	6.32932094201312	3.2030124984749e-82	4.08910462742362e-80	1.786
ETS2	6.26413024734082	2.4468058449208e-81	3.08061293137062e-79	1.7077
CDA	6.13833670036098	2.76232443476342e-81	3.45404074527677e-79	2.1806
GNAO1	3.14822467002656	3.3807824385154e-81	4.19860980935627e-79	4.0222
TAGLN	4.04977561799313	5.95604059686507e-81	7.34685656326815e-79	2.7535
CGB8	3.65079668160741	1.03071714266013e-80	1.26287061452371e-78	3.8178
LOC101929723	2.94680304912472	6.48500873273725e-80	7.84041850495704e-78	5.8977
H19	2.93821889444782	6.82433357157912e-80	8.19638379491766e-78	7.0315
NAV2	5.41470515336761	9.83410300293325e-79	1.15826699626806e-76	1.9244
CD55	5.87893216003745	2.78497765612171e-78	3.21788304368088e-76	1.8533
ZAK	7.6486752673467	5.12595118724856e-78	5.88549464618929e-76	1.6388
FBN1	4.2375771437497	5.69432627988409e-78	6.49722628534774e-76	2.6073
MYL9	5.02029401512854	6.68210604466713e-78	7.57692720195299e-76	2.6786
CCBE1	4.38624135909452	2.04187124468026e-77	2.28689579404189e-75	2.5395
GREB1L	4.26463681969121	2.69187599902787e-77	2.99651757550322e-75	2.5132
ADGRL2	6.19916670457655	5.46630874104534e-77	6.04805650766811e-75	1.7048
SGK1	4.58893188401296	3.6491035005798e-76	3.96535913729672e-74	2.3161
WDR66	3.75596516210423	4.19531917781846e-76	4.53193768699726e-74	3.1221
EPDR1	4.65740079395607	6.77901371927842e-75	7.15362280110675e-73	2.4911
RBMS3	3.32121840739635	1.98582005812791e-74	2.08351327478064e-72	3.771
FAT4	5.23804751276894	5.17751717703096e-74	5.3704973627203e-72	1.9734
PTGIS	6.12103292800089	6.63472783677983e-73	6.7666810831426e-71	1.9892
CD24	8.47651717479908	1.32780479991132e-72	1.33189035314182e-70	1.7965
EFNB3	2.99010028836575	1.42432256901123e-72	1.42089796829885e-70	4.3925
SPOCK2	5.21823560074091	1.79266642093552e-71	1.76902260435669e-69	2.0227
AOX1	4.46914983268528	2.1261048858963e-71	2.08678337617865e-69	2.2293
KCNMA1	3.43082903768257	3.91369677197225e-71	3.82077263471259e-69	3.6891
SLC29A3	5.76096132810363	9.51695040661948e-71	9.24156630974709e-69	1.9112
PHACTR2	6.05135506657861	6.91283375796086e-70	6.67728534843034e-68	1.7058
PTPRM	5.69458233251504	1.04978303491766e-69	9.98168702367538e-68	1.7264
GLI2	4.77598462935292	1.13730484615892e-69	1.07578431458431e-67	2.0612
NFASC	2.23647074495748	1.95301820771016e-69	1.83785053608024e-67	10.3343
FAM134B	4.33669158789445	2.3792568104363e-69	2.22747242724744e-67	2.613
CAMK1D	4.83931614274551	3.18947311774853e-69	2.97076638967434e-67	2.2849
RASGRP1	3.56127168682736	3.28311767142724e-69	3.04246681266882e-67	3.4239
MALAT1	8.65738042786428	3.66869301119986e-69	3.3826090713366e-67	1.6734
TUBB6	6.88984456311986	2.38158923027461e-68	2.18483884361273e-66	1.503
SLC16A12	3.31853421910262	1.4819438963805e-67	1.35271838861612e-65	4.2315
ERBB2IP	8.7360643606147	2.33221914666657e-67	2.11825834535049e-65	1.4714
CYBRD1	7.65613663891742	2.80674078843125e-67	2.53662672443568e-65	1.5149
RHOBTB3	8.03982157371741	7.51674857039546e-67	6.75988974882461e-65	1.5032
APBB2	6.1798817728193	1.90728216838428e-66	1.69850454956212e-64	1.6058
CDH23	4.37996920378227	2.61354733052813e-66	2.30497198387061e-64	2.2547
MRC2	3.33628074049765	1.08323808438781e-65	9.37231965335727e-64	3.1349
GLS	7.62767941604801	2.90448725579453e-65	2.50114713876344e-63	1.9502
OLFML2A	4.51578132293142	3.57253635141099e-65	3.06198233011075e-63	2.1814
CLIC3	4.33746316183828	5.89947297888698e-65	5.03274666834396e-63	3.0677
MAP1A	4.36331712212518	6.26851736608693e-65	5.32270014117596e-63	2.2895
ANXA8L1	7.55175972236999	2.0902216996839e-64	1.75041685089125e-62	1.5148
BMPR2	6.65867102017067	2.18324237263099e-64	1.8199667924544e-62	1.6082
TNS1	4.10916882547886	2.93217061280645e-64	2.43316848669975e-62	2.3902
ADTRP	4.32293266152544	8.23719828234855e-64	6.77379692984482e-62	2.1882
GPRIN2	6.09849850080141	1.66683005193262e-63	1.35242886347031e-61	1.6675
CDK14	6.49579016840164	2.53301501623413e-63	2.046138147627e-61	1.5763
UBE2J1	7.10080431965521	8.87439471801607e-63	7.07471397258085e-61	1.4205
ABLIM1	7.51604375543437	4.41734607832035e-62	3.49104199159378e-60	1.4718
ADAMTSL4	5.75949479297973	1.02232495914175e-61	8.01011349961019e-60	1.7701
NEDD9	6.87171433828922	1.77774368170889e-61	1.38694395954177e-59	1.434
CACNG8	4.60911927685523	2.36384821087338e-61	1.82086130538837e-59	2.6601
C1orf198	6.121236339636	3.21479933866283e-61	2.46594019859784e-59	1.5738
ID4	4.54517187675741	1.29342690916956e-60	9.83866735574977e-59	2.0173
NPPB	2.21607229181859	1.50650774957826e-60	1.14119524797928e-58	6.2794
UBL3	6.6039609940146	2.09512609108437e-60	1.57401736291507e-58	1.8293
TIMP2	8.10839314044978	6.72550355357255e-60	4.99108914122035e-58	1.4675
PPM1H	5.47270507038305	7.62241602476152e-60	5.63379866186422e-58	1.8164
KCNK1	6.70947415600992	1.48229691345021e-59	1.09116179241722e-57	1.457
GNG12	8.81435911842612	1.70230852767586e-59	1.248086123745e-57	1.5468
NEGR1	3.62289179781053	1.88069543129063e-59	1.37335903174567e-57	2.606
FILIP1L	5.69557964625522	2.44364163814964e-59	1.77733552773147e-57	2.3419
TIAM2	4.06410303079212	6.13170222559353e-59	4.42451999329784e-57	2.4207
ANXA8	7.45966260429759	6.26818294628532e-59	4.50519479792853e-57	1.3729
RAP1GAP2	5.4075151306336	1.00109866183452e-58	7.16708124331414e-57	1.7592
MMP14	5.34377094632616	1.94813936338544e-58	1.38926688351424e-56	1.626
TNS3	7.73326193991098	3.49434972214128e-58	2.46304434468769e-56	1.3696
DOCK2	2.61017555781713	1.04235878660959e-57	7.29092030971062e-56	4.049
MORN3	3.33154232511192	2.06132927424154e-57	1.43086035097162e-55	3.1149
GLP2R	3.12831977253666	1.70214249057866e-56	1.17261559652845e-54	2.9952
LACTB	5.36068500215879	2.36481752207544e-56	1.6230116046244e-54	1.7356
DNAJC6	5.27530210370857	1.11457579827247e-55	7.62085984017314e-54	1.7002
NDST1	8.1382736797242	2.5525373912583e-55	1.73230939088518e-53	1.4553
MRAS	3.02723582217177	5.21687210084747e-55	3.52737841011376e-53	3.1868
NPY4R	3.70641584387234	6.95386117322288e-55	4.68449039034527e-53	2.525
HSPA2	5.23084381854317	8.27633956074917e-55	5.55488437577341e-53	1.6634
YPEL5	5.61844812429585	8.45097005686551e-55	5.65131536110391e-53	1.5126
ITSN1	6.80132695093149	2.15588413131167e-54	1.43641681391335e-52	1.4556
PGM2L1	4.50426711958304	3.14090760074972e-54	2.08510578761043e-52	1.8615
PTPRG	6.50870491533583	3.52073040741543e-54	2.32878457673102e-52	1.4318
COL27A1	3.04084461991805	5.72243242619232e-54	3.77143416507462e-52	3.1741
SLC7A7	3.21036831647968	6.28808101911287e-54	4.12932399586059e-52	3.6069
PDE5A	3.86537401865177	1.44980837031755e-53	9.4866314009022e-52	2.3661
THBS1	9.41786538123741	1.54169629022061e-53	1.00160880691343e-51	1.3473
LINC00842	4.34583234323723	8.930423426713e-53	5.74062711542509e-51	1.9622
FRMD6	6.95899208329255	1.25387276799177e-52	8.03182500086239e-51	1.5819
PDLIM1	7.68908217051472	1.56079741711666e-52	9.96290826814046e-51	1.2832
KLF8	6.83422042430266	1.77657646406094e-52	1.13007595567584e-50	1.3087
APOE	4.29077065497681	2.40958633993852e-52	1.52212485196947e-50	2.2138
AHRR	3.6401264026272	2.70114643969928e-52	1.70041825528104e-50	2.5316
FAM63B	6.1235710185479	3.68246265596162e-52	2.310207499905e-50	1.5394
FRMD4A	5.65960071200915	4.80637432393104e-52	3.00497156361935e-50	1.6865
GPRC5A	8.94929843820128	9.10444379766957e-52	5.65342605341006e-50	1.6637
TSPAN9	4.40268346783383	1.79268514080796e-51	1.10192794379092e-49	1.8968
GAB2	4.4677350961026	2.11469080195931e-51	1.29549648592514e-49	2.0522
CCDC144B	4.93795132573945	2.82156510306475e-51	1.72275894720903e-49	1.6169
CTIF	4.80438747656129	4.21811724565148e-51	2.54986584227197e-49	1.6598
MXRA7	3.48596530529534	4.71977693648486e-51	2.84370454628606e-49	2.4324
COL6A2	5.2950956166863	6.64148816623376e-51	3.98838841982775e-49	1.6044
SLC12A8	5.48869216488041	8.23477452759012e-51	4.92898504182575e-49	1.6003
HMCN1	3.23205141474814	8.82077208660972e-51	5.26248415729239e-49	2.9075
TACC1	6.14063286247737	9.23617029535314e-51	5.49236237498263e-49	1.38
FERMT2	5.11429476704995	1.18140595535427e-50	6.97985343719987e-49	1.62
TUFT1	6.32748359098245	2.26367426313579e-50	1.32879862854685e-48	1.3746
SLC15A2	2.89396194715149	2.43747050279161e-50	1.4262327403514e-48	3.1505
NEXN	4.84168010724029	6.17055059897187e-50	3.58756597881626e-48	1.6169
PALM	2.46224687294742	8.832063729327e-50	5.1024732734998e-48	3.9409
DYNC2H1	5.12631443739769	1.1049125375991e-49	6.34317084478278e-48	1.638
SEMA3C	6.9911861168682	2.1322242989571e-49	1.22024723516492e-47	1.5872
THBS3	4.56911306958847	4.39975120504048e-49	2.50223856695386e-47	1.7741
KCNS1	2.11247364767118	7.19551159857374e-49	4.04188491518653e-47	5.0245
DLC1	4.01944471329583	8.67306938268757e-49	4.85691885430504e-47	2.1291
RAPGEF2	5.6925191498788	8.96915604797752e-49	5.0073673642776e-47	1.3961
TUBA1A	4.55252261173041	2.50980596044103e-48	1.39267530741068e-46	1.9161
MSI2	4.71567401952012	2.81438067467508e-48	1.5569495029354e-46	1.6444
RAB3B	4.45857531577881	7.10444707553066e-48	3.90658993406288e-46	1.7954
GABBR2	2.84744823238287	8.11437043277925e-48	4.44852692555009e-46	2.9909
SEZ6L2	5.8750091342695	8.15611517851349e-48	4.45802511074677e-46	1.3601
MTUS1	5.38110044557317	1.60373739836727e-47	8.71363986446216e-46	1.4327
KLK7	7.26457751668671	2.09810118156167e-47	1.13658561337062e-45	1.2717
C4orf19	4.04140826964169	2.15482676250756e-47	1.1638614608384e-45	2.011
CH17-360D5.1	2.95562244066243	5.2756167120261e-47	2.82438881802781e-45	3.0399
UCP2	3.65554052344104	9.39412508046576e-47	5.01459495523342e-45	2.1912
TRPC1	3.14064942836078	1.02285506486044e-46	5.4440938962368e-45	2.5905
FCGRT	2.63597719968819	1.67185083650807e-46	8.82118753505527e-45	3.3409
EMB	5.65219304697199	2.33300921220588e-46	1.22741833366082e-44	1.4968
TNC	3.54553419078192	2.68505328015993e-46	1.40857277823562e-44	2.2949
MBNL2	6.83161938868539	2.75636544414569e-46	1.43772021566639e-44	1.2609
OPTN	5.02308748351884	3.54551007360099e-46	1.83883045180852e-44	1.8828
NABP1	4.89509219444847	3.75625204554377e-46	1.94261012304382e-44	1.5602
MCOLN3	4.2734326391508	4.13303643674265e-46	2.13143257596536e-44	1.7832
CYTH3	7.46841246202904	5.07134678968067e-46	2.60795794344818e-44	1.2039
LEPROT	7.25826150776806	8.07429908367284e-46	4.14057314807672e-44	1.2371
MYEF2	3.02610539483134	1.05645215260711e-45	5.38731578156296e-44	2.747
MMP24	2.62172945956095	1.82336768781143e-45	9.27225640910458e-44	3.168
WNT11	2.77126271123382	2.11922069060575e-45	1.07468035910274e-43	3.3487
CRISP3	2.84469532303242	4.63355236144975e-45	2.33030666420459e-43	3.5449
EFEMP2	3.61593502998986	6.35884322531768e-45	3.1892044483901e-43	2.3743
TCHH	2.49453616531695	1.10837874255511e-44	5.51350472045943e-43	5.3117
LHFP	3.38745136172701	1.9750646161929e-44	9.71880852647375e-43	2.479
MAP9	5.56428683574134	2.15791028219153e-44	1.05900027181958e-42	1.3981
ANO6	7.12488861680415	3.7013750429349e-44	1.80674606373849e-42	1.1976
RINL	3.52771789113511	3.78077753615584e-44	1.84058332533496e-42	2.1704
JMY	4.9135990489194	3.84834459131391e-44	1.86849411859114e-42	1.5732
RASAL2	7.10588050360492	7.1344388498176e-44	3.43657824913642e-42	1.2577
ZDHHC17	5.6787070979613	1.64869713109337e-43	7.83818094407305e-42	1.4011
HIVEP2	5.3220067653689	2.75105254934164e-43	1.30111956841402e-41	1.3646
CSPG4	2.98028196969159	2.76047122345418e-43	1.30220058541032e-41	2.8908
NEO1	4.06392541323832	3.27160127512443e-43	1.53933899171834e-41	1.8135
TOX	2.67411623572654	3.29330692931173e-43	1.54556841392069e-41	2.9977
SYNPO	2.62234933556078	3.78718252445015e-43	1.77278985041954e-41	3.0285
CALCOCO1	5.10234884768893	4.14049683805226e-43	1.93322021164916e-41	1.6594
NXPE3	5.76167653638184	4.2623820020491e-43	1.98505218952572e-41	1.3626
APH1B	3.25700976030015	5.17545490854819e-43	2.39804834544304e-41	2.3446
ARL4A	5.42440330580816	8.45277260781846e-43	3.88699790247692e-41	1.3354
PXDC1	5.51573097308585	1.43985968432898e-42	6.58798957321051e-41	1.3609
PRPS1	8.21895069143791	1.71301645098997e-42	7.79871030655185e-41	1.1793
PAWR	8.27528017567599	2.72514265157057e-42	1.23756726982767e-40	1.5282
GRAMD3	4.517927960641	5.16587949818232e-42	2.33436376531724e-40	1.7781
PRKCG	2.93573246781227	6.7177439750044e-42	3.02066832531232e-40	2.6757
DMXL1	5.74925213779716	1.05354609732595e-41	4.71410234136828e-40	1.2849
FGD4	5.82303322656169	3.82766555856403e-41	1.68787107336099e-39	1.3784
LRIG1	2.53279612747262	5.23580335399424e-41	2.29220206308199e-39	3.1625
RGS7	4.39870356492755	6.80626728155923e-41	2.96551826950227e-39	1.6316
ANXA6	5.18570609604868	6.91668765094114e-41	3.00645356560908e-39	1.4054
PDGFC	5.78628840741432	9.27784412233461e-41	4.00416837582366e-39	1.2757
HSPB8	3.87748820038818	1.15092853010917e-40	4.94384735192304e-39	1.8934
TSPAN2	5.83717423056696	1.2538447053797e-40	5.37328378906379e-39	1.224
MYO5A	5.30041034909771	1.27442865209481e-40	5.44870479452993e-39	1.3833
KIRREL3	3.02341240576662	1.64151084333762e-40	6.98541304335002e-39	2.6217
AFAP1L2	6.38362712974251	1.83091128929854e-40	7.75524744720048e-39	1.1728
LOC102724488	2.43144445134247	3.15436570881063e-40	1.33301158287146e-38	3.072
FOXN3	3.44549947041328	4.77529931071377e-40	2.01334559391202e-38	2.0961
CLEC7A	2.9344347774539	5.37834190433074e-40	2.26237349782171e-38	2.5226
ITGAM	1.92955890224381	7.04963423475319e-40	2.93831330113366e-38	4.2942
LAMC1	8.38006999672036	1.01231294159209e-39	4.20974602772329e-38	1.1245
PDGFRB	1.62017316202259	1.09071580653755e-39	4.52547903730671e-38	5.351
HSD17B14	3.49743030471755	1.404932365248e-39	5.78971676297233e-38	2.0863
MTCL1	5.52991386528421	1.42124697653577e-39	5.84375783865697e-38	1.2777
ARHGAP42	4.86288357642371	1.42798718898709e-39	5.85827733081985e-38	1.4485
HDAC5	4.11883465369424	1.82319016394691e-39	7.44612072326954e-38	1.6899
INPP4B	5.7709870615761	1.97815506012675e-39	8.06098187001652e-38	1.2352
SKIL	7.9941718040776	2.28256528115657e-39	9.28073758859564e-38	1.2958
ZNF292	6.06526323005644	3.01343314218574e-39	1.21980566394108e-37	1.1693
EEF1A2	6.36960775719345	3.13677515515847e-39	1.26692405381799e-37	1.2041
HSPG2	7.2391234604597	4.59618906387647e-39	1.8441324736292e-37	1.3442
TNFRSF19	2.09765803423952	5.76199338749257e-39	2.29674566118044e-37	3.7644
SOS2	4.95111443401644	6.40722047119742e-39	2.54837073904532e-37	1.4708
FNDC3B	6.68953397032546	7.18576352423659e-39	2.84644433865585e-37	1.2117
KLHL5	7.67589880845987	7.70063565757755e-39	3.04291784772155e-37	1.121
SCD5	6.42516706438911	1.02956517029685e-38	4.05080641140931e-37	1.1517
NTN4	6.2026564326457	1.16111616227082e-38	4.55856702331527e-37	1.2056
WNT5A	8.03974887876661	1.65657821837818e-38	6.46207093049405e-37	1.1916
ABAT	4.65914756780961	2.50396454005901e-38	9.68482556002486e-37	1.4568
C12orf75	2.41969881812998	2.56429503387557e-38	9.89720298909778e-37	3.0938
PLBD1	5.26320244200026	2.68627107975817e-38	1.03461107240644e-36	1.4401
ARHGAP31	2.2386654938465	3.30148769282434e-38	1.2688833541095e-36	3.309
AHNAK2	5.81934213664077	3.31915753454223e-38	1.27299453677737e-36	1.6356
MYLK	2.93211920457185	4.41990920790449e-38	1.68807243722812e-36	2.4719
MAN2A1	6.65525268415672	4.51698396067529e-38	1.72154612079516e-36	1.235
GABARAPL1	6.99692299717855	4.57073961982936e-38	1.73840463540843e-36	1.4112
CYLD	5.09487221159457	6.09751916817328e-38	2.30946701108239e-36	1.3466
SASH1	5.33871123911993	6.27731728151964e-38	2.37264398118887e-36	1.3081
MET	9.6629723898121	7.51515222239093e-38	2.8346408878506e-36	1.1313
EHD2	5.34898524629043	9.71653767940679e-38	3.64619197845838e-36	1.4713
KDM6A	4.83263983229921	9.72664052097518e-38	3.64619197845838e-36	1.4196
TNNC1	3.19415124890322	1.3083603118779e-37	4.8745767048251e-36	2.6284
CADM4	6.8434958113357	1.32631778605673e-37	4.93141700656855e-36	1.1377
EDN2	2.13797364883951	1.38469318377119e-37	5.13799974856236e-36	4.0123
NOTUM	1.48825342672954	1.92456300461011e-37	7.12673878542842e-36	7.2905
TM7SF2	4.29861360947492	2.12206551338869e-37	7.84219190534899e-36	1.7054
MYH10	3.69636901067663	2.13276763745157e-37	7.865819391781e-36	1.9042
LOC645553	3.78763554140126	3.43411894341417e-37	1.25637826514968e-35	1.8858
LUZP1	6.63118199704951	1.25097980974296e-36	4.47801713856225e-35	1.1409
ARID5B	3.65545589086751	1.53145444187151e-36	5.4605922442981e-35	1.9582
LIMS2	1.74436719396494	1.61714005242042e-36	5.75487500915929e-35	4.9952
LOC100996664	2.79029187751426	1.8482042438188e-36	6.55161488837982e-35	3.1313
FBXO2	5.29509322078211	2.22191759303527e-36	7.86110999582401e-35	1.4011
DDX60L	7.03079722873027	3.33560227435576e-36	1.17557442317835e-34	1.0736
SNX18	4.84335398406192	3.70881005795236e-36	1.30458644350633e-34	1.4836
ADAM19	4.82438045682012	5.1747107873364e-36	1.80976092209987e-34	1.3792
UGCG	7.17180204146099	5.59674353463181e-36	1.95361663419194e-34	1.1353
ALDH1A3	10.027260504866	5.99029869628375e-36	2.08700177479687e-34	1.085
SNAP23	6.27035741146256	6.86316760781501e-36	2.38655214949087e-34	1.2372
GLCCI1	4.92346311847022	8.20060523563858e-36	2.8462024559281e-34	1.4149
SIK1	3.57004460779997	8.65677860583919e-36	2.99882638004175e-34	1.8999
STARD13	4.61578933264567	8.91418521271004e-36	3.08214706900065e-34	1.4718
ZBTB38	5.11148271500177	9.96799193260429e-36	3.43999358642011e-34	1.3404
DGKI	2.09148911989941	1.28378936861657e-35	4.41372103831716e-34	3.4117
HNRNPLL	5.98630887779059	1.47530733083911e-35	5.04367240295856e-34	1.1155
HIPK2	6.64163526043082	1.58446089401787e-35	5.40671366003556e-34	1.0667
RPS6KA6	4.48479941509106	1.84628379409684e-35	6.26501058457842e-34	1.4902
LRP1	6.48566549122332	2.32001549347538e-35	7.85792260647247e-34	1.3197
CREBZF	7.126886085589	2.48165540762979e-35	8.38983354105361e-34	1.0989
EPHB2	6.23221964169054	3.41482444348809e-35	1.15020359852986e-33	1.2146
RNR2	14.285755724654	3.98353617666467e-35	1.33928980554678e-33	1.4104
BCAM	6.77467542315227	4.18452836780738e-35	1.40427849049065e-33	1.0839
GNAI1	5.74273289063998	5.33837923013751e-35	1.78493500412803e-33	1.6371
PTPN14	6.77137259342976	5.58698698508508e-35	1.86464413893443e-33	1.0968
SSC4D	3.05673810021198	8.7716523576533e-35	2.89575561376706e-33	2.6222
ADPRH	2.33555741945995	1.20614188776299e-34	3.96744618072093e-33	2.9935
RASGRF1	3.59408756433719	1.62563590265081e-34	5.30905349531185e-33	1.8365
NEDD4	6.24265692963761	1.91459221145388e-34	6.24157060933964e-33	1.2406
SOX4	6.55888336141407	2.67242119989004e-34	8.63499494251196e-33	1.0761
ACTBL2	2.03365530725328	3.7693799204628e-34	1.21364726327988e-32	3.8997
JAK1	7.64684483864529	5.61371802729361e-34	1.80112541838791e-32	1.0143
CTH	4.27614874245846	5.78397986539298e-34	1.8524971302213e-32	1.5525
CRIM1	8.34803929042206	7.38770157466946e-34	2.35375008633797e-32	1.1651
EDIL3	4.57248973040859	8.05509909003326e-34	2.55745893891561e-32	1.4519
PPFIA1	7.51335932464795	8.23403263484404e-34	2.60973089898807e-32	1.0298
DAW1	3.93966285643927	8.55329469831448e-34	2.69687302266717e-32	1.6879
DST	8.95020531918455	1.63474106949408e-33	5.09280426018496e-32	1.1772
ITGAV	6.96108494350191	1.71437138388675e-33	5.33178262082393e-32	1.3848
TAX1BP1	8.66351552502636	1.8498388506823e-33	5.74330919354696e-32	1.038
HDAC9	4.41466058297585	3.59491646560937e-33	1.10672504209384e-31	1.4472
C7orf60	4.40874638483497	4.96025708982357e-33	1.5219235870894e-31	1.4398
MFAP3L	4.28115237471719	5.2837016543154e-33	1.61844391612721e-31	1.4641
LOXL2	6.43619079116609	5.65647951876782e-33	1.72972680225503e-31	1.0816
DIP2C	2.75417681128327	8.13164178172974e-33	2.4741875394543e-31	2.3492
CPM	2.90734667751127	1.20926065559637e-32	3.66715324394807e-31	2.2848
TGM1	1.99596034396989	1.31404039783107e-32	3.97829543993432e-31	3.4227
GPR161	4.0254512361544	1.3234969624402e-32	4.00029148117687e-31	1.9202
ANKRD12	5.85102312864472	1.33216848413326e-32	4.01984592501434e-31	1.185
MAPK8IP3	5.99769533763773	1.42668256674789e-32	4.29794008886955e-31	1.0936
PROS1	1.70014441899163	1.72940348211752e-32	5.20131630470139e-31	3.8326
MICAL2	5.80119963154387	2.01237202015642e-32	6.04241177631179e-31	1.1033
NPNT	1.47458771968581	2.44919400870313e-32	7.32991570866957e-31	4.5237
BRWD1	6.46360260291532	2.48512241820283e-32	7.42526920895432e-31	1.0202
GNAQ	7.28592096406073	2.76611903926595e-32	8.25135117333973e-31	1.0213
MIB1	6.81446916491076	3.96113289307626e-32	1.17968094773247e-30	1.193
FHL2	6.79696891180574	4.08533741980346e-32	1.21468924977088e-30	1.0016
AASS	4.20447163910677	4.57556020997211e-32	1.35823458850814e-30	1.5084
ATP8B2	1.60913015049749	5.12002821290217e-32	1.5173901794601e-30	4.1923
ADARB1	4.23149385896859	5.13854132375663e-32	1.52040859653972e-30	1.5023
LHB	1.69487443029704	5.9955409629989e-32	1.76824872084827e-30	3.8228
TRPC4	3.09079129613769	6.09671347930465e-32	1.79518711739009e-30	2.0278
MDGA1	4.19618352521341	6.20173371782001e-32	1.82316989939649e-30	1.6271
PINK1	4.32806925636785	6.42973489646866e-32	1.88715820369665e-30	1.515
NKAIN4	1.05286277006368	7.01198087054286e-32	2.05474675397481e-30	6.8464
PALM3	5.83726291388942	7.17810502069619e-32	2.10005585349086e-30	1.7874
PLD3	6.0935055889093	7.35106837715619e-32	2.14721766869381e-30	1.1504
WWC1	7.49821371665927	1.01180605379869e-31	2.94132664301734e-30	1.0004
SLC35F5	5.63634269901443	1.03339277512081e-31	2.99930341853822e-30	1.1561
NID1	1.14229718250354	1.04218927884152e-31	3.02003293246521e-30	6.0863
Sep-08	5.4719823761457	1.25648028127302e-31	3.63523043025678e-30	1.1236
TMEM2	7.26331597825025	2.25406134917035e-31	6.4905589890306e-30	0.9787
PALLD	8.27783701129999	4.27002311615732e-31	1.22184235123147e-29	0.9846
CTGF	4.32300512616061	4.31123457752724e-31	1.23170420105379e-29	1.468
CDH1	7.43923737729728	6.9798390372803e-31	1.97863263143772e-29	0.9641
AFF1	6.42507328148206	8.21507256810041e-31	2.32158459447742e-29	1.0283
ERICH5	3.48696040317971	1.04949351929037e-30	2.95216543731356e-29	1.8972
TTLL7	2.88741170166527	1.2192444337033e-30	3.41912847644969e-29	2.1194
PHLDB2	6.94111035516938	1.25911636915588e-30	3.52552583363646e-29	0.9967
C20orf194	2.98375308036487	1.38929226033863e-30	3.88406117989923e-29	2.1092
JMJD1C	6.71577715660666	1.39711151474282e-30	3.89994920690289e-29	0.9966
CPA4	4.78817297730505	1.59386223959912e-30	4.43560198873804e-29	1.2929
PCNX	6.46831614652965	1.67229127999408e-30	4.64678076218751e-29	0.9903
QPCT	3.18718395155396	1.83465777462325e-30	5.0824753161642e-29	1.9081
DOCK1	5.44729275715462	2.14342698251957e-30	5.9198794240359e-29	1.1155
ABHD4	5.74161803712335	2.34983420393868e-30	6.48014701315778e-29	1.1187
LOX	3.67407771424665	2.6742936493283e-30	7.35269651538214e-29	1.7412
NCF2	6.49571779624279	2.98871119651612e-30	8.20479873738319e-29	1.265
GCNT4	1.99166924201321	3.19678422785007e-30	8.75214611885522e-29	3.1389
NEK7	7.58075788801797	3.61144996482495e-30	9.85510172762994e-29	1.2866
SLC35F3	4.55939490227298	4.62031881630096e-30	1.25705723264367e-28	1.3033
MAGED1	7.34809660197535	5.01231652900141e-30	1.35965602605423e-28	1.1097
TMEM86A	1.69967175508163	6.81694712432631e-30	1.84370646965483e-28	3.5486
SHROOM3	6.67079857391247	7.54731213969731e-30	2.03822086423541e-28	0.9768
NRG1	2.9286050860963	1.06896960089888e-29	2.87409558674668e-28	2.1288
ITPR2	5.77769060135243	1.2009883685858e-29	3.21956588207082e-28	1.0598
DKK3	3.69212485302644	1.31680227727513e-29	3.51969873703292e-28	1.8505
RND3	7.18848686868771	1.41276871047144e-29	3.77068795005359e-28	0.9557
PTPN13	4.38159855221835	1.43692836592887e-29	3.8295714231237e-28	1.3968
ARMCX2	2.70983437451107	1.45272994196954e-29	3.86604049862915e-28	2.251
LOC101059948	1.83443605098902	1.53061755525536e-29	4.06738778584306e-28	4.1906
IGF1R	6.91065913479212	1.97745702680865e-29	5.22437850671762e-28	1.1869
TBC1D9	5.34056023548761	2.26139353950225e-29	5.9658960198198e-28	1.17
AMOTL1	7.04774174593875	3.04022341590794e-29	7.98594513393027e-28	0.9442
SV2A	1.42753870176956	3.24628842105186e-29	8.51497721475901e-28	4.2912
GAB1	5.11823118137075	3.59362334332015e-29	9.39902403376112e-28	1.254
PGRMC2	7.86066578175962	3.67047858312576e-29	9.58630286316793e-28	0.979
ADAM9	8.52523483005281	5.22166580370683e-29	1.35215221152442e-27	0.9527
SGTB	4.67441620209137	5.48126147598171e-29	1.41567448357719e-27	1.2987
ARHGEF17	6.0555278117575	5.60216464299804e-29	1.44453556105328e-27	1.1713
MOB3B	4.51907309395524	5.66031550484921e-29	1.45747136610052e-27	1.4547
SLC22A23	4.68830193928614	5.95080014109464e-29	1.53010996303977e-27	1.2904
VPS13C	6.41335897833246	6.15659075959196e-29	1.58079776240662e-27	1.1048
OTUD1	4.7660616355205	6.44142638325706e-29	1.65161067489805e-27	1.3408
CACNA2D3	1.39708808180896	7.95958918773467e-29	2.02947290797883e-27	4.1124
C1R	4.60679880842796	1.0783295535068e-28	2.74178054718944e-27	1.2618
ELOVL2	2.91070298205848	1.3132672094315e-28	3.32986196880298e-27	2.0389
TACSTD2	9.131594863937	1.36118583185646e-28	3.44657538784626e-27	0.9561
TCP11L1	3.54978912888317	2.4261085901743e-28	6.10910874789269e-27	1.6325
C1orf115	3.78926212515137	2.49927816629567e-28	6.28468625397987e-27	1.6488
WFDC21P	1.59943432478049	3.17023431317242e-28	7.96090751324288e-27	3.8217
MID1	7.05570975553372	3.63307603357646e-28	9.11063682266098e-27	0.9236
PLAGL1	3.99659337607565	3.83708978430383e-28	9.60904130346374e-27	1.4443
CCDC152	2.09820121611589	4.45814644690605e-28	1.11490303472215e-26	3.1088
NUAK1	4.97925519510818	4.84658487994257e-28	1.2087329722436e-26	1.2486
PLXND1	6.20264910910316	5.84824417995714e-28	1.45061882811546e-26	1.0647
BACE2	5.94512307147306	6.36084934608679e-28	1.57136218757998e-26	1.1381
SYNJ2	6.09108174393488	6.55318543117744e-28	1.61668855718345e-26	1.0124
SYT15	2.8272616987355	6.96863182989526e-28	1.71686022518985e-26	2.0613
SEL1L3	7.11801061309959	7.2489478515273e-28	1.77872032227799e-26	0.9659
HOXC13-AS	1.45100261737545	7.92098335426244e-28	1.93841115436213e-26	4.1561
MYSM1	6.07512709124965	8.09442240171283e-28	1.97555849419344e-26	1.0086
PAM	6.86858070311305	8.78988846469795e-28	2.13957605082034e-26	1.0299
EBF4	1.90987977694602	9.39447167067146e-28	2.28369473794645e-26	3.0346
CUX1	7.1936752152057	9.53827207999646e-28	2.3155677538885e-26	0.9299
ICAM5	3.10495697436801	1.30589365339194e-27	3.14517078315611e-26	1.8529
MFAP2	2.58015823327648	1.5771140270776e-27	3.78003595197017e-26	2.3282
C2CD3	5.94469181176844	1.57777574244154e-27	3.78003595197017e-26	1.0311
GPR176	3.84046463380771	1.63363815644033e-27	3.90874157063887e-26	1.7933
GLIS3	4.51161605888572	1.78431200245011e-27	4.25809149238289e-26	1.2887
RNF217	5.75597478614166	2.03803446092021e-27	4.8508940180651e-26	1.1952
RASSF9	1.81799180592605	2.23640874644759e-27	5.3092169148436e-26	3.7002
THBD	3.06292505345069	3.48704909720259e-27	8.2353904681152e-26	2.0814
SLC4A4	1.77411471750875	3.6775630571137e-27	8.67410738639118e-26	3.2431
CCDC186	5.2807109415812	4.94696932668743e-27	1.16082097722372e-25	1.1973
LOC100505817	1.60196799846878	5.65547721247834e-27	1.32197685007688e-25	3.9609
SEMA7A	4.58023429689914	6.35962737077914e-27	1.48277595505676e-25	1.3141
PRR5L	2.72512227956099	6.59657762029418e-27	1.53606021729707e-25	2.0632
ZFP36L1	8.38082606857061	6.85751440607676e-27	1.59478704455207e-25	0.9886
TMEM98	1.09766468346715	6.96819270141824e-27	1.61846470683322e-25	9.1357
FOLR1	2.34408584578104	7.50176735311669e-27	1.74018125538117e-25	2.5613
SLC7A11	9.55503354094644	7.65683790005285e-27	1.77389889217468e-25	1.0961
ADD2	3.29557143992964	8.26376885827652e-27	1.91208319742327e-25	1.8225
SETD7	7.25207346823758	1.0567353949045e-26	2.44199511004767e-25	0.9163
TRPM7	6.57677114828701	1.06110958907793e-26	2.44900337019048e-25	0.9151
MYO3B	3.26116622770926	1.09526972767584e-26	2.52308203475482e-25	1.7594
TP53INP1	2.57537240378306	1.09597066912827e-26	2.52308203475482e-25	2.3978
SARDH	3.52735642664388	1.1809232488033e-26	2.70501064368295e-25	1.6928
ANKRD13C	6.21250879536321	1.34919938103329e-26	3.08272639551235e-25	0.9818
GALM	5.18050820072273	1.55651068663939e-26	3.54309963781655e-25	1.1919
TTC3	7.52748270124602	1.67136134743524e-26	3.79979735476684e-25	0.9547
GAS6-AS2	3.44932056482723	1.72592388876454e-26	3.91409521904167e-25	1.6586
TRNP	9.23529368428245	2.50940853687252e-26	5.66977255558721e-25	1.0616
RPS27L	6.20866468479753	2.6700156258125e-26	6.025192245344e-25	0.9357
SLC19A3	2.66579836357231	2.71007749825869e-26	6.10804627261859e-25	2.0736
KISS1	2.80429743980194	3.05798898366786e-26	6.86674623442073e-25	2.5698
KIAA0355	3.90229218770589	3.30800918624172e-26	7.41904369828365e-25	1.4612
PDGFD	4.51799709374195	3.36214467861322e-26	7.51276783999547e-25	1.5077
ZNF462	3.32430753525154	3.40009830742634e-26	7.57902255193836e-25	1.9245
HEATR5A	5.47028647316711	3.59403954012062e-26	7.99181313574202e-25	1.35
MYH15	4.34501212541158	4.31229587528875e-26	9.55403804602809e-25	1.472
CACNA2D1	3.91158213012898	5.01973929757837e-26	1.1094474650919e-24	1.9041
BEND7	2.55697633792344	5.39097040383661e-26	1.18861782237248e-24	2.7416
SUSD6	4.91382930341147	5.77918472526186e-26	1.26961247105151e-24	1.3087
DEGS1	5.69834181117941	5.91214093851983e-26	1.29726015593291e-24	1.0133
GADD45B	3.56483131189033	7.71487327602359e-26	1.68876170895787e-24	1.6645
SULT1E1	0.788975473070763	9.29791851272392e-26	2.03041627234794e-24	8.8408
SLC16A4	4.15213226202199	1.01530950680719e-25	2.21187235755036e-24	1.3977
CREBRF	3.72637537726141	1.04050347812632e-25	2.2613608924612e-24	1.6754
TTN	6.0066091470769	1.15461496517134e-25	2.50637940596528e-24	1.0518
MIER1	6.01784489000368	1.27765426574272e-25	2.76360856343591e-24	1.0184
GDNF	1.71162843101482	1.45282501027757e-25	3.13137820397018e-24	3.3927
DNAH11	3.64810349744147	1.69130852062416e-25	3.64110004157013e-24	1.5033
TEAD1	7.68657576168431	2.1200127156018e-25	4.54260001596556e-24	0.941
SCARA3	5.62727499762539	2.19752400249743e-25	4.70316508670493e-24	1.0086
IL6ST	7.39044101485991	2.44906723342047e-25	5.2353830694759e-24	0.95
SLC47A2	4.01712976308264	2.54776313330515e-25	5.43999576159284e-24	1.6643
NFAT5	6.50082451819155	3.34225272913111e-25	7.09490300267645e-24	0.8947
GLIPR1	4.54921503306763	6.4749393856147e-25	1.35557905302502e-23	1.1721
BMF	3.06889602147763	7.5262717481712e-25	1.56848877893394e-23	1.8177
SORCS2	4.83442528401567	8.03242318475895e-25	1.67015851550068e-23	1.1845
FADS3	5.30119507839887	8.05999301169277e-25	1.67398444165487e-23	1.1258
ZBED6	4.31012486507886	8.36482784771647e-25	1.73335184095246e-23	1.5269
ID3	4.7103941172368	8.78604597679764e-25	1.81857205614986e-23	1.489
LINC01133	3.82147466015406	8.8787606609424e-25	1.83568125284444e-23	1.5276
ADAM23	4.54672164489668	9.36581284774094e-25	1.93200315647863e-23	1.1996
RDH10	4.38546550987472	9.76836547058015e-25	2.01276839764008e-23	1.3025
TCHHL1	0.697291732059719	1.0185978799081e-24	2.0917348588979e-23	8.7409
MSRB3	1.90872574963601	1.24436516302358e-24	2.55248656361332e-23	3.1173
CLIC4	8.2903491621217	1.53300926182728e-24	3.13399967345115e-23	1.0708
MFF	7.34633218510216	1.53748582883089e-24	3.13963549117861e-23	0.8773
AJUBA	5.7013815133763	1.73304188919725e-24	3.53107284923939e-23	1.0688
ASAP3	3.68112334230423	1.7922195728941e-24	3.64757642394143e-23	1.4491
DUSP1	3.55546287991965	1.79651293377315e-24	3.65224277494016e-23	1.6612
CST6	5.28240561266976	2.47564395800165e-24	5.00502282361885e-23	1.1208
ATG14	5.21472740361466	3.29292048082596e-24	6.62795549040339e-23	1.0294
MARK1	2.25605746400635	3.31972722569386e-24	6.67455288901619e-23	2.3086
CLSTN3	6.31556341182506	3.90766790688111e-24	7.83938300088148e-23	0.8869
L3HYPDH	6.25802288324853	4.19299989865441e-24	8.37498973192942e-23	0.9298
EPB41L5	4.69954188430659	4.36252918280125e-24	8.69457781236022e-23	1.1506
TFPI	6.05717340446816	5.51078034506918e-24	1.09591291916757e-22	0.8977
CREB3L2	6.04970676988563	6.44040798158583e-24	1.27661333454757e-22	0.9108
FIGN	4.06134093364024	7.06274647269164e-24	1.39241360265074e-22	1.3208
LYST	4.54785331252572	7.07040875623459e-24	1.39242052053742e-22	1.3129
C5orf42	6.60300473766583	7.34013363174324e-24	1.44242712143277e-22	0.8977
HIPK3	6.90621244228373	7.40196506255738e-24	1.45301370088223e-22	1.005
AXL	8.45127785589118	8.24566056291872e-24	1.61515857550047e-22	0.8508
NBR1	6.82001444941536	8.47174754040526e-24	1.65766584241842e-22	0.8613
PROCR	3.99590285187347	9.12827515034316e-24	1.78421617927906e-22	1.3547
FBXL20	4.55495236890679	1.09448404373303e-23	2.13471161350323e-22	1.1282
ZFYVE1	3.13290391016432	1.16424606395809e-23	2.26835391073841e-22	1.6901
FOSL2	6.97002240555444	1.20560511382165e-23	2.34393258337892e-22	0.8653
NCOA7	5.68682979371264	1.40319288605217e-23	2.72228366926337e-22	1.022
PCNXL4	6.2041411208574	1.47114915915722e-23	2.84806988860809e-22	0.9301
GDPD5	2.58054515383148	1.62100171138281e-23	3.13153515798991e-22	2.0795
SERPING1	1.51387667162058	1.69219942688918e-23	3.26562291091848e-22	3.2451
WNT10A	1.57259635556323	2.29917333968032e-23	4.41363916816025e-22	3.1546
FAM168A	6.58568220912786	2.403306961879e-23	4.59903269350765e-22	0.8679
FBXO3	5.73388157649496	3.29971216566153e-23	6.29462333294847e-22	1.0157
ANKRD33B	6.08214145298557	3.53704637688234e-23	6.73329704445922e-22	0.8767
CTSF	4.64793743615568	3.55213260888236e-23	6.75497217789128e-22	1.091
AP4E1	5.24897995252717	3.7302366742536e-23	7.07156809191835e-22	0.9909
SLC7A8	2.42444344940843	4.08991666682303e-23	7.73735944761878e-22	2.1087
SLC2A3	4.80070140354893	4.60546942946602e-23	8.70366976235318e-22	1.102
NEURL3	1.029617798521	4.88192564845403e-23	9.21659096568528e-22	4.226
LOC105373991	2.98780644469248	5.12919440649977e-23	9.66342343499068e-22	1.8658
SLC4A3	2.73563675694721	5.34604676899926e-23	1.00588250791305e-21	1.9404
ACTR3C	4.10280078361101	5.35008717782414e-23	1.00588250791305e-21	1.2733
C11orf30	5.84770621588829	5.56825219641202e-23	1.0458231697294e-21	0.9792
CLTCL1	2.87677010723493	6.53007605058726e-23	1.22395347412239e-21	1.8251
TRAM2	7.41544316220027	6.93227598579552e-23	1.29800646560701e-21	0.8361
PPP2R3A	6.60964532319082	7.08458078073728e-23	1.32516502800348e-21	0.854
MKL1	5.54855342489456	7.59963247962231e-23	1.41714903521946e-21	0.9286
STC1	3.59756734626679	8.02287278537902e-23	1.49150270437759e-21	1.4919
C10orf67	2.28093775676856	8.06484693686382e-23	1.49778072919009e-21	2.1896
FIG4	4.66139617356678	8.34832700750788e-23	1.54885221391325e-21	1.082
LOC100126784	1.51573399791638	8.49003831199735e-23	1.57354456267841e-21	3.2721
MAP1B	8.93318294723136	8.85514696893557e-23	1.63788817694922e-21	0.8913
RNF121	4.90531327230588	1.04021866118961e-22	1.91820524027046e-21	1.1177
TRPV3	2.11548015331201	1.09360648400083e-22	2.01258870684669e-21	2.3308
GPR85	1.0800126328694	1.12042592589179e-22	2.05986865086409e-21	4.0858
SLAMF7	2.75409686510064	1.14163996185503e-22	2.0925481067897e-21	1.8529
ACSL4	7.65114250063435	1.17321419697515e-22	2.14826463189351e-21	0.9072
SRSF11	8.40410482636893	1.2010592074371e-22	2.1970477846665e-21	0.8175
ANKRD36C	2.8414144452627	1.26980294537898e-22	2.3158364206632e-21	1.7893
PLK2	8.78054946833128	1.49326930366427e-22	2.71254969230795e-21	0.8189
B4GALT4	5.64090198004233	1.74421035893682e-22	3.16209576094843e-21	0.9906
PELI2	3.88533714853648	1.86674031425517e-22	3.38087412470658e-21	1.3084
ADAM10	8.72346231313885	2.02021487865252e-22	3.64797654052229e-21	0.8346
LYPD8	1.49435291370055	2.06533121081434e-22	3.72575954393543e-21	3.4861
Sep-03	2.74591563042516	2.30201664292248e-22	4.1455525369309e-21	2.3385
PICALM	7.55935316404535	2.34811152032097e-22	4.22336196206696e-21	0.8752
ARID4B	6.39972608172408	2.98409120704555e-22	5.34093814468859e-21	0.8921
CPEB2	4.21876574245082	3.02574730675727e-22	5.41019028718518e-21	1.2432
GLIPR2	3.07146023226451	3.93153375372808e-22	7.0023492885912e-21	1.6232
ARSI	3.41002819014933	4.19511931588569e-22	7.46453199130694e-21	1.8895
GAS6	6.10324506671167	5.54872501291651e-22	9.82517205002947e-21	1.1463
SLC7A5	10.3001179270826	6.1440117611167e-22	1.08581876777296e-20	0.9405
ADD3	6.97687275416445	6.44210910042458e-22	1.137399842721e-20	0.846
PTPN4	5.65774712632914	6.53674038898118e-22	1.15299258493952e-20	0.898
CHST3	6.29193426052946	7.13712898468414e-22	1.25163714451867e-20	0.8811
SCPEP1	4.34479538792393	7.21341816862703e-22	1.26380193940936e-20	1.1443
COL1A1	4.46482364815316	7.50930831010118e-22	1.31438094447945e-20	1.126
BNIP3L	6.15205302921905	7.99769857576632e-22	1.39852476244435e-20	0.8593
SMO	2.75091271404225	8.649285771417e-22	1.50957324132877e-20	2.0633
ATRX	7.50126765302526	9.15970320529703e-22	1.59713029337061e-20	0.7999
FAT2	1.87382956638647	1.03493141839588e-21	1.79768867499858e-20	2.5814
KLHL28	4.05424940054837	1.07870796016063e-21	1.87194795824073e-20	1.3639
UTRN	7.50537392235861	1.1190121369172e-21	1.93820546219738e-20	0.8156
ANKRD1	4.69298893931302	1.26077183805002e-21	2.17960707153798e-20	1.2927
CCND1	8.92602246222534	1.39842534947425e-21	2.41301069754271e-20	0.8125
GSTM4	4.57233933593938	1.66900296057365e-21	2.87717828595208e-20	1.1073
ATP13A3	9.05741145087543	2.17999959511232e-21	3.72491527771285e-20	0.899
SPTBN1	9.4040769252855	2.18116478520762e-21	3.72491527771285e-20	0.8917
SERPINB7	3.39846494718575	2.21799053870318e-21	3.78426497893134e-20	1.625
PYGO1	4.16012859324484	2.3016534433368e-21	3.92334129426299e-20	1.2556
SECISBP2L	5.60447493012444	2.37264737008634e-21	4.04058305860972e-20	1.0486
CSRP2	3.505881983301	2.39862270709503e-21	4.08101175589253e-20	1.411
ITGA4	1.97205549761849	2.56859858063249e-21	4.3661392633172e-20	2.526
ZFYVE26	4.93222998280643	2.59425822400363e-21	4.4056537802242e-20	1.0156
CACNA1I	3.00526958599231	3.01211057410165e-21	5.10576514770656e-20	1.6167
GALNT2	8.20095795986262	3.33559544975668e-21	5.6436172873733e-20	0.789
DYSF	4.5698844232154	4.015687160302e-21	6.7817192228005e-20	1.1158
VPS13D	5.86818522828941	4.06032484706276e-21	6.8507662114582e-20	0.9847
DHX40	6.27773987312855	4.47228669178278e-21	7.53887957942626e-20	0.844
KLHDC2	5.26292934995061	4.77486191416162e-21	8.02669236693688e-20	0.9224
LNPEP	4.22947421121955	4.84607849011331e-21	8.13891526361624e-20	1.1668
TMOD2	3.135541249696	4.98729366580312e-21	8.36838540100199e-20	1.5623
C1QL1	1.84568674509178	5.19216200978819e-21	8.69615684868745e-20	2.5095
RNF169	5.97310678291704	5.21885867324021e-21	8.73285828952093e-20	0.8501
FAM214A	4.24587356826916	5.5010516624391e-21	9.18821584167321e-20	1.1357
ADCY9	4.39714583419823	5.52539936542377e-21	9.22044705805999e-20	1.1297
SLC31A2	4.34677402291236	5.73688760387022e-21	9.55589599418383e-20	1.2261
ATP9A	5.10144403787166	5.75755747379657e-21	9.58158334016683e-20	0.9555
MYADM	8.04289321427931	6.44226578003283e-21	1.07015472320545e-19	0.7961
PTGS2	2.13166529736274	6.65198718479729e-21	1.10398798223327e-19	2.3942
INADL	6.7451545650334	6.93779727888056e-21	1.14829036376467e-19	0.7921
NDFIP2	6.41033070868968	7.21741907625992e-21	1.1913309462586e-19	0.9057
ZBTB1	6.33729330893902	7.54093431679044e-21	1.24360701795236e-19	0.947
MAP1LC3C	1.67085666056355	7.75419788141248e-21	1.27647102365254e-19	2.694
RAB8B	5.47397669433893	7.92927716409978e-21	1.30411607124149e-19	1.3144
GYS1	5.84588607473151	7.97063255734445e-21	1.30973778548047e-19	0.8582
MYPN	3.61296141568881	8.86438958371019e-21	1.45137485417232e-19	1.4216
FNBP1	6.78900779669241	9.12690286412815e-21	1.49168074026431e-19	0.8653
ZNF532	5.0585761954946	1.00029851164152e-20	1.63048657397568e-19	1.0026
AP5M1	5.55942446622615	1.05207514631196e-20	1.71030132422717e-19	0.886
SNAPC1	5.89438570840613	1.12283542445326e-20	1.8220874230061e-19	0.8879
LIMS1	6.39981658074826	1.1363916121139e-20	1.84081324496462e-19	0.8601
ANK1	2.45581433839534	1.13824004148538e-20	1.84217288983662e-19	2.0416
COL16A1	2.57810242749198	1.29685801178093e-20	2.08778129303992e-19	1.8387
VLDLR	3.68336049306954	1.36279333239973e-20	2.19199604196383e-19	1.481
MAGI2-AS3	2.25809724912421	1.54211074071841e-20	2.47605749186941e-19	2.413
CACNG4	6.11284173751821	1.75197191476935e-20	2.81054475184791e-19	0.8241
IGFL3	0.60161433274228	2.29972996394432e-20	3.67956794231091e-19	5.5196
BAZ2B	5.08748965207073	2.38645753106911e-20	3.81165080377932e-19	1.06
CAPN5	2.92232214271899	2.74476523062453e-20	4.37246370421303e-19	1.7999
COL4A2	1.64710484582284	3.24591105709244e-20	5.15729784667359e-19	2.7284
SPECC1	6.91071383783358	3.38712287602709e-20	5.37231235662472e-19	0.8166
BACH2	1.79733203327575	3.70156470004671e-20	5.8615621923154e-19	2.846
MAN1A2	6.96796234229327	3.79679604051905e-20	6.00643921280033e-19	0.8441
C1RL	5.54511356345907	4.01363084058555e-20	6.34396923166491e-19	0.9331
GALC	2.57782236766285	4.19769775856578e-20	6.62916697927136e-19	1.9067
SSPN	3.96539652241339	4.32984641365448e-20	6.83195126427625e-19	1.2972
ENAH	8.60987460824439	4.57861818445837e-20	7.21201497631337e-19	0.8729
IGFBP7	6.90566374024679	4.62070998218605e-20	7.27204150299901e-19	1.1407
TAB3	7.00148205521246	5.05031170811516e-20	7.91403352303437e-19	0.797
GRAMD1C	3.9742784327412	5.6669331726872e-20	8.86508414743596e-19	1.3659
LOC728392	0.599003274659285	5.81259113982246e-20	9.06188418860792e-19	4.9706
KRBA2	2.28852756166075	6.01939967017979e-20	9.37629354767938e-19	1.9828
ARID4A	4.83752750197826	6.74415032553609e-20	1.0442850580406e-18	1.0704
RNF150	0.945026318955042	6.8125499755142e-20	1.05308985904308e-18	4.1493
FMNL2	6.36696095765131	7.20745075763055e-20	1.11319137928345e-18	0.8453
PKP2	7.50731457546445	7.48813592076186e-20	1.15556559061224e-18	0.7833
SYNC	1.21923568053548	7.98951081903907e-20	1.23189619520589e-18	3.1848
N4BP2	5.25468056617341	9.87055803636844e-20	1.51680898579076e-18	0.9908
ANXA3	7.6880451334303	1.14444009490225e-19	1.75275993058184e-18	0.8374
ERC1	6.37705916668256	1.19242578295798e-19	1.82166737185615e-18	0.8034
UGT1A6	6.99160823549355	1.21637938542672e-19	1.85515639601924e-18	0.9641
GCNT1	4.88964800246089	1.28225225232603e-19	1.95236005992194e-18	1.0421
TIA1	6.8368121385833	1.68818741316446e-19	2.55976324042611e-18	0.853
PKDCC	2.66775518526256	1.6994456239571e-19	2.57469537850297e-18	2.0623
MEIS3	1.15604040280405	1.92014646309347e-19	2.90183723760218e-18	3.8261
DNMT3L	0.618981796412087	1.99810146720725e-19	3.01465623019302e-18	8.6886
RSF1	7.280659934362	2.04049361309009e-19	3.07607360863524e-18	0.8571
PNMA2	1.92505059370802	2.08152745449021e-19	3.13534366412321e-18	2.3837
OVCH2	1.23425682703392	2.12980285709447e-19	3.20541475343088e-18	3.2018
SYT16	2.77874654767929	2.27983713861057e-19	3.42275549362455e-18	1.6488
ARHGEF28	6.29536637863237	2.33168791126642e-19	3.49772345999012e-18	0.7897
GATA2-AS1	4.26726528365714	2.36285347595101e-19	3.54156429039094e-18	1.1473
AHDC1	5.11319587398445	2.40328243225437e-19	3.59920624144674e-18	0.9431
FAM126A	6.51373046725608	2.46501720444211e-19	3.68863558067994e-18	1.0509
LPP	7.37532240080194	2.58827083874093e-19	3.86989946208473e-18	0.8087
CSF1R	1.51836797195249	2.61016431237025e-19	3.89625181411539e-18	3.0185
CCDC89	0.633419253408767	2.70567109602896e-19	4.0355172817896e-18	8.7062
CHMP1B	6.96454817810856	3.05288977700216e-19	4.5459670284626e-18	0.7756
RNMT	6.81484651921734	3.1144433500723e-19	4.63384497138711e-18	0.7843
CHD9	5.69402703480371	3.14349518853065e-19	4.66945876011519e-18	0.8527
PBXIP1	5.16065164597353	3.18783780197121e-19	4.72763338040507e-18	0.9469
SLC2A12	3.60470223713937	3.23198149714202e-19	4.78920894576499e-18	1.2773
SSBP3	4.65191196268502	3.86905484697664e-19	5.71468165747618e-18	1.0195
CGN	5.66978964407603	3.96315790559589e-19	5.84894185323836e-18	0.9468
PCMTD1	5.17811076533964	4.23468594823873e-19	6.23958245932577e-18	0.8898
LGR5	0.514176471657168	4.44292636623639e-19	6.53586331523058e-18	6.2976
ATG9B	1.7130672654494	4.63380519615686e-19	6.80022087307393e-18	2.8663
PPFIBP1	6.26865441253731	4.71117786449408e-19	6.90512243340051e-18	0.7996
CNTNAP1	1.97485475139343	4.87263955230139e-19	7.12779708868703e-18	2.3104
SUCO	6.26203447326395	4.95099937619593e-19	7.23083556894663e-18	0.795
OBSCN	5.56163889419926	5.69469706015577e-19	8.29046168502422e-18	0.8433
CLIC5	1.95767904570751	5.81617025003717e-19	8.46055809439669e-18	2.7641
MYO1B	7.54349779889232	6.72948020098345e-19	9.7735394231626e-18	0.7626
PALM2	2.42822386759827	6.84013628229448e-19	9.92635357468744e-18	1.9513
NIPAL3	5.29633636090908	6.87331961715407e-19	9.96658641229267e-18	0.8604
BACH1	5.25732522416864	7.27194356381436e-19	1.05362382302377e-17	0.9424
SHROOM4	1.41099500499116	7.52440496399669e-19	1.08847493678862e-17	2.7548
CXXC5	5.97264819475455	7.87815887254213e-19	1.13784547766716e-17	0.8036
AKAP5	2.23295547128219	7.94636471017371e-19	1.14678920275835e-17	1.9654
OSBPL1A	5.59714403897347	8.02859957032534e-19	1.15774181481721e-17	0.8313
PIK3C2A	7.20133272367218	8.84340988374086e-19	1.27122276250058e-17	0.7908
SERINC1	6.67179803791505	8.90622333338382e-19	1.27924479287376e-17	0.7981
PNRC1	4.67787805388158	9.38451485615586e-19	1.34161083174613e-17	1.1156
EPSTI1	3.29602345733752	9.72352997497094e-19	1.388988757614e-17	1.3882
GMFB	6.78002081005341	1.03660545129321e-18	1.4773043808594e-17	0.9639
EXOC6B	5.62033773373697	1.11243302734412e-18	1.58289768879144e-17	0.8488
CAP2	4.69861452306202	1.22243092165785e-18	1.73670808605336e-17	1.0371
ULK2	3.5125018199521	1.27830183660385e-18	1.81467172076515e-17	1.3982
WIPI1	3.10780984401634	1.33850310829436e-18	1.89718266653896e-17	1.8442
PBLD	3.66169024062584	1.47363442212858e-18	2.08547829537824e-17	1.3183
SYNE2	7.77711760518911	1.60846273893621e-18	2.26749774224088e-17	0.7458
TPRA1	5.12567353117587	1.6875605463156e-18	2.37716862141494e-17	1.0726
SACS	4.03267930853321	1.8373072914342e-18	2.58412033223597e-17	1.3723
DUSP16	5.70254844833692	1.94447894878787e-18	2.72854786234215e-17	0.8534
NMNAT3	1.90127738028382	1.97929668127865e-18	2.77527190579286e-17	2.2902
BTBD3	5.19281352878541	2.03713767481587e-18	2.84980730968877e-17	0.8691
ZBED6CL	3.65248656905515	2.52100965595366e-18	3.51056844234096e-17	1.3595
KCNA7	1.61530946082339	2.80349264494008e-18	3.89501991826682e-17	2.887
HBP1	5.20324209319802	2.98315435612124e-18	4.14148029850565e-17	1.077
ACER3	5.91334237656979	3.17499478418847e-18	4.39777729743131e-17	0.8263
ENPP4	4.79133716453754	3.28264405994595e-18	4.53999620896767e-17	1.0805
ZNF345	3.07964287068531	3.53751356559219e-18	4.88878483372075e-17	1.5045
CSF2RB	0.363629241808302	3.67232895047714e-18	5.07125849621109e-17	5.24
LZTS3	3.86418929081323	3.84285309492282e-18	5.29073349177308e-17	1.1606
SWAP70	5.66570916176886	4.1746748286716e-18	5.73892045724614e-17	0.876
LTN1	5.76415578775994	4.30986674774111e-18	5.91141452642838e-17	0.8531
ODAM	1.3476852197884	4.35435483890294e-18	5.96795059602193e-17	2.9807
GLRX	4.84633580037112	4.64639452659311e-18	6.36343424437238e-17	0.9097
GABRE	3.76231876172592	4.74458851453826e-18	6.49304407206975e-17	1.2795
PPP6R3	7.68769091154949	4.7904327748992e-18	6.55087196543519e-17	0.7207
KIAA1109	6.54152617215713	5.82694241358135e-18	7.92672583474971e-17	0.7831
CSRP2BP	5.65686004964969	6.17661205690359e-18	8.38366020154885e-17	0.9123
LOC100506178	3.39612998559842	6.42621610222668e-18	8.71597334043465e-17	1.6831
CABP7	0.461025575439405	6.84094219878286e-18	9.25783845670718e-17	4.8056
ENPP5	3.7276236838606	7.26517848538612e-18	9.81014041636162e-17	1.1849
MID2	1.95267630456812	7.43258356441557e-18	1.00213623007364e-16	2.2875
ANO2	0.367085332051367	7.90648286006118e-18	1.0636753949394e-16	5.2608
BBS1	4.64285126719225	8.0812774049833e-18	1.08639028207198e-16	1.0423
PDCD4	6.12055319649887	8.44385490829688e-18	1.1326305305354e-16	0.7999
RUSC2	4.10207465273319	8.52457316710815e-18	1.14177995406256e-16	1.099
IL18BP	3.53958972067692	1.08107570503719e-17	1.43849257078419e-16	1.2451
BEND6	4.4344180379373	1.10773992239565e-17	1.47182678480749e-16	1.1499
LCA5	3.40684312503364	1.1348855376825e-17	1.50679784552231e-16	1.4186
HOOK1	6.3877875095264	1.16168913414742e-17	1.5412643047235e-16	0.7947
PEAK1	5.26257762560762	1.22019384825996e-17	1.61653547850753e-16	0.8428
GPR1	2.71150524520342	1.22684993263251e-17	1.62417493619573e-16	1.7512
CCSER2	6.78709038966902	1.23914912811551e-17	1.6392685857157e-16	0.7492
ZNF608	2.43940177136472	1.26425048198478e-17	1.67126406945069e-16	1.8599
KLF7	4.5152978480349	1.28163937395588e-17	1.69180104200567e-16	1.0285
LINC01420	6.3970474652549	1.46581716180352e-17	1.93073290807252e-16	0.7628
HPS5	6.35631227626017	1.80420902199768e-17	2.3696143816971e-16	0.8068
DPYD	5.48791496778037	1.86479681111999e-17	2.44567030056082e-16	0.8795
LINC01021	2.66569870646918	1.88887785003694e-17	2.47547408688258e-16	1.624
TMEM106B	7.00817689511357	1.94596713899839e-17	2.54846313411439e-16	1.0817
CA11	3.00046753283319	1.9519709147511e-17	2.55449326306066e-16	1.6422
MARCKS	8.61457958518624	2.00549464594742e-17	2.62078097755304e-16	0.7211
ABLIM3	7.28209922639796	2.06018131335677e-17	2.68839671598579e-16	0.7218
TBL1X	4.50204454228234	2.08786571035124e-17	2.72196000408062e-16	1.0074
TPMT	5.48494587872065	2.24215505787174e-17	2.91751837038535e-16	0.8024
ZFC3H1	6.45583826220256	2.25091194913874e-17	2.92682681933596e-16	0.7408
TRIO	9.1831328593722	2.27147517082643e-17	2.95146268459838e-16	0.7502
TES	8.00273217938054	2.4737314964962e-17	3.2096973845085e-16	0.7283
DZIP1L	1.98703394633158	2.51796225503102e-17	3.26256925661541e-16	2.1586
CCNY	6.77141733794924	2.6649315634664e-17	3.45042486685408e-16	0.7523
NFIX	4.59421706460926	3.07492865905468e-17	3.97000690238346e-16	0.9917
PLEKHB1	4.57358545838911	3.08614867672198e-17	3.98167704892131e-16	0.9667
FNIP1	5.30368387197312	3.16363358857154e-17	4.07588530648991e-16	0.9722
FTL	11.5956980390835	3.36360356003133e-17	4.33046167785134e-16	0.7644
KRT5	7.24792657611384	3.80773486423604e-17	4.88846748815001e-16	0.7236
SNAI2	4.49049016209473	3.99228579412153e-17	5.12179686981606e-16	1.1608
NPTX1	5.37824597444719	4.2624459162157e-17	5.46455144989001e-16	0.9389
LOC100507487	1.84382829178354	4.33462855477768e-17	5.55319150147519e-16	2.4396
KLK5	8.76901661061589	4.59504557765331e-17	5.88268948566893e-16	0.7407
WASF1	5.09810347247592	4.87735378895644e-17	6.22229006087972e-16	0.8622
RRAGB	4.13515381887391	5.09790813830898e-17	6.49458555289384e-16	1.0337
ARHGEF25	3.47548487395053	5.49547695305895e-17	6.99131897247695e-16	1.2722
FSTL3	5.7812103792011	5.69958358612564e-17	7.24089060183087e-16	0.821
NDRG4	3.17296500496233	6.01751507146696e-17	7.63417339435029e-16	1.4884
DNAJB4	6.14862548638705	6.39732116566037e-17	8.11038161113165e-16	1.1757
LOC90246	2.69088326477065	6.68326288088234e-17	8.45527700300679e-16	1.7449
ADGRL3	1.80920155240768	6.7330060857605e-17	8.51231018709444e-16	2.21
LOC105370849	0.79836522487073	6.76350616177901e-17	8.53904346399983e-16	3.5906
NRSN2	3.5938967840411	6.82538274784536e-17	8.60526156385807e-16	1.2156
FAM171B	3.27539124500518	7.05539154727478e-17	8.88298124738265e-16	1.383
PXDN	7.48653289639004	7.37304390038467e-17	9.27651891422622e-16	0.6915
RHOQ	5.3815499522172	7.55299085162371e-17	9.4898417747586e-16	0.8358
DSE	6.08963598634651	7.75623719297202e-17	9.73850524036432e-16	0.7588
FBLIM1	5.13698603394193	9.28779780027649e-17	1.16135641535512e-15	0.8737
ADAMTS6	2.49933175354896	9.89899821675162e-17	1.23608831357741e-15	1.719
INPP5B	5.04201270043378	1.01617067130535e-16	1.26715927427257e-15	0.9444
ALOX15	1.99469724484703	1.02579044197311e-16	1.27828193233181e-15	2.154
LRRC40	5.14163773331133	1.04521404947638e-16	1.30159806870673e-15	0.9818
VPS41	6.71693354227515	1.05085695293869e-16	1.30773309699037e-15	0.7083
LAMP2	8.04705174414286	1.14843213113351e-16	1.42140860921853e-15	0.7512
GNG7	2.12586194168547	1.19382290497461e-16	1.47458937437188e-15	1.9615
C6orf223	1.75301174056425	1.20240028708677e-16	1.48417982698148e-15	2.343
HMGCLL1	1.05417682733021	1.23966822407969e-16	1.52914750667559e-15	3.3391
FAM160A1	5.51934894688399	1.43680626385862e-16	1.76635253555575e-15	0.8452
ANXA2P2	5.85079057266928	1.45831971212669e-16	1.79038901577571e-15	0.7471
PIK3CD	3.68689353811322	1.50721959703614e-16	1.84918017227768e-15	1.3154
LEPR	6.0207101155565	1.51660390966812e-16	1.85944398756892e-15	1.3959
FUT9	5.46998969707545	1.54379347407309e-16	1.89150964179049e-15	0.7859
ACAT2	5.96679982984248	1.59834601528915e-16	1.95703587224137e-15	0.7428
FOXL2NB	0.395892220762147	1.66618307275202e-16	2.03872910027888e-15	4.7212
AIM1L	4.22978120535302	1.78740773565269e-16	2.18559381259715e-15	1.0049
OXCT1	6.59780666801094	1.8819723502651e-16	2.29201382431218e-15	0.8677
C10orf105	1.20579943531379	1.94777515754415e-16	2.3705722184084e-15	2.8834
GPC4	4.35588940248019	2.01790853392945e-16	2.45429301768261e-15	1.0336
SNX24	4.84143346164379	2.11349042914816e-16	2.5654176379341e-15	1.074
SMYD2	5.85081664001411	2.23085224420532e-16	2.70427878952273e-15	0.7591
SLC25A27	3.56210305398529	2.28228330913122e-16	2.76478859266752e-15	1.3071
LOC642852	4.12603507822609	2.30774063356839e-16	2.79377407204407e-15	1.0791
CCDC14	6.82961630577012	2.39004888336365e-16	2.88958492812495e-15	0.703
MATN3	1.8852862536175	2.39237155635895e-16	2.89047883076697e-15	2.2092
ARMCX1	0.868830324873945	2.44214091728089e-16	2.94865903345767e-15	4.0206
RBL2	6.58500825986668	2.45168356809123e-16	2.95822440311126e-15	0.7113
USP25	5.53592084925656	2.460736882316e-16	2.96718708874246e-15	0.8191
LMBRD1	5.21093890496873	2.58638493547943e-16	3.11458069802853e-15	0.8376
APBB1	1.09032066124587	2.78128366838622e-16	3.34046806908281e-15	2.8459
GOLGA8B	5.29168356833078	2.83100220414485e-16	3.39571460176533e-15	0.8269
UBN2	5.97920316460287	3.02720886437105e-16	3.62391639527592e-15	0.7426
SAMD4A	4.87420776671337	3.27980170230024e-16	3.91602746090211e-15	0.9627
TRNN	6.27221924287524	3.37667618929757e-16	4.02642720521335e-15	0.7317
MPP7	1.71686418637918	3.80711345767416e-16	4.52196898394921e-15	2.4001
RNF182	0.940986081984449	4.23193638108562e-16	5.0102613860635e-15	3.0688
HOGA1	2.15862606546105	4.44618311095531e-16	5.25369054198059e-15	1.925
GPR135	4.97264859734515	4.62396509688114e-16	5.45669727269956e-15	1.0232
STX7	5.5269937376771	5.07298801263584e-16	5.9596183499794e-15	0.7735
MT1E	5.08302622629246	5.90478860955376e-16	6.91011672153932e-15	0.8907
ACSS3	3.47386758473743	6.14214956335968e-16	7.17868645510207e-15	1.219
INHBB	7.02755257384978	6.20535574957919e-16	7.24328481869039e-15	0.7228
KMT2E	6.48580344684723	7.14479435901208e-16	8.32389060741063e-15	0.8009
SULT1B1	0.669850546359398	7.20605462166584e-16	8.38455915698736e-15	3.8392
SEMA3D	3.30957833257698	7.23695020059187e-16	8.4151441313379e-15	1.2962
SNX2	6.05997669853845	7.50571787068264e-16	8.71656395974442e-15	0.7733
CPE	1.73300409218405	7.52998208964682e-16	8.7391832821737e-15	2.2464
RAB6A	8.00663212985084	7.74721224197359e-16	8.9798797898076e-15	0.7212
PLA2R1	0.994091815512397	8.11105791516773e-16	9.38969393147128e-15	3.0163
PDE6A	2.02310699208851	9.49700941032561e-16	1.09593807708536e-14	2.0315
GPR137C	2.44518946052526	9.89759401918302e-16	1.14072270463513e-14	1.6179
ZNF780A	4.52790576424354	1.09074325756945e-15	1.25631601957022e-14	0.9669
PSG8	0.582612426992311	1.11146430720677e-15	1.27937530847206e-14	3.7253
NTF4	2.11661271681034	1.19368410922164e-15	1.37142209552865e-14	1.8647
SPEF2	3.83853637194695	1.19998339135918e-15	1.37779225111026e-14	1.0786
KDM7A	2.43156359048039	1.40569420161094e-15	1.60912499640705e-14	1.7288
SGCB	2.66679480157626	1.42777537842863e-15	1.63317464339556e-14	1.8009
DYRK1B	3.50988333305469	1.48763773439028e-15	1.69845619005809e-14	1.1687
AFF4	7.1128229477353	1.56854218114713e-15	1.78970662868888e-14	0.6905
ZBTB21	4.79990457716095	1.58737542767707e-15	1.81006407293395e-14	0.911
NLRP12	0.347016900572534	1.64138185041236e-15	1.87047859307915e-14	4.2652
ZFYVE16	6.08332021121919	2.01201574382265e-15	2.2786203113664e-14	0.7299
CGB7	1.80393951142046	2.05447056509815e-15	2.32525819196725e-14	2.5575
LHX5	0.881404491995235	2.1143981144612e-15	2.3901208654863e-14	3.1239
PACS1	6.58202000925773	2.2514626102802e-15	2.54034001318142e-14	0.6838
COL4A5	6.61969574093546	2.30085218866119e-15	2.59286157754313e-14	0.763
FGD6	5.44243035645741	2.42495628085185e-15	2.72598533640588e-14	0.7702
PPP1R12A	7.06456330950782	2.4513063632292e-15	2.75391070566845e-14	0.7283
CHIC1	4.368263399113	2.46075859020903e-15	2.76113145807351e-14	0.9255
CCDC126	3.39999488245213	2.59532754996027e-15	2.90928796361909e-14	1.2123
LAYN	4.71166478657291	2.59598493248e-15	2.90928796361909e-14	0.8573
EPS8	8.33792208587043	2.74643982865024e-15	3.07224298479404e-14	0.6569
CABP4	1.22633808878779	2.75833545203278e-15	3.0836602579492e-14	2.6094
EIF4G3	7.34456997173074	2.96561947562522e-15	3.30931229504976e-14	0.6912
TXNDC16	4.1432399674421	3.10550595962765e-15	3.46329363463423e-14	1.0371
HACD2	5.47997416461125	3.43374233952142e-15	3.81304137167293e-14	0.7425
ANXA2	10.8352909737162	3.60439530633067e-15	3.99283014031388e-14	0.6799
JADE1	5.417526350538	3.73825583207175e-15	4.13382714205055e-14	0.792
ZNF827	5.01623042602148	3.7384687837015e-15	4.13382714205055e-14	0.815
PRR16	2.28855224663404	3.79521541333806e-15	4.19244715492475e-14	1.7036
KIF13A	6.63907264790455	3.79607534349836e-15	4.19244715492475e-14	0.6682
ZNF114	4.45074787074884	3.83721190393639e-15	4.23531683907272e-14	0.9597
SYDE2	4.03777171344026	3.96059866766634e-15	4.36359017965701e-14	1.1412
CCDC136	2.95648930192204	4.17118600037825e-15	4.59283302912578e-14	1.463
ZNF160	5.06814509422396	4.31224093896335e-15	4.7452845438044e-14	0.8401
RBM24	2.2604283147304	4.37568909444678e-15	4.80641276222747e-14	1.6916
MSLN	5.4064113770215	4.66848436222313e-15	5.12494591201116e-14	0.821
RAB6B	1.34226300024806	4.76081933902527e-15	5.22316814021908e-14	2.4102
RGS9	0.381142481215436	4.97943405563543e-15	5.45645546936857e-14	3.9866
PPME1	6.66356730971115	5.10125324483966e-15	5.58324216053914e-14	0.8701
KIAA1324L	3.9276180906317	5.23610110561075e-15	5.72739735075074e-14	1.0789
MYO7A	2.60595367490999	5.52823543773979e-15	6.03248452787673e-14	1.7232
TMEM123	8.77518006675039	5.62661829813267e-15	6.1325100686991e-14	0.8469
DENND5A	4.62402874197439	5.95336777281503e-15	6.47317939609953e-14	0.9194
FOXL2	0.608999473507641	6.03068680750903e-15	6.55334633082648e-14	3.7465
PIGS	5.5363587933858	6.55231698752629e-15	7.11171812867301e-14	0.7289
SCML2	2.32533601771691	6.88293828339e-15	7.46169366398859e-14	1.6404
FAM172A	5.05858325267229	7.19514593799779e-15	7.79552428748295e-14	0.8109
ZNF304	4.70699599962836	7.73492743851117e-15	8.35555238564852e-14	0.8352
TIPARP	5.53030664702475	7.84483615451267e-15	8.46926841140055e-14	0.751
ZFHX3	6.32885996705051	7.86176609125908e-15	8.48252965496606e-14	0.7037
RASSF2	4.51311942369208	8.05002741231607e-15	8.6702832117547e-14	0.9039
SLC16A1	7.51117624397122	8.07608602618173e-15	8.69322090176731e-14	0.655
NOTCH2	7.77025762650451	8.43402562761723e-15	9.06781930846761e-14	0.6889
PKD2	4.64430608925567	8.95232781119334e-15	9.60809503357705e-14	0.8665
REV3L	5.8025822566785	9.41688372045324e-15	1.00888866901757e-13	0.724
CPZ	3.37986610715995	9.59587948655631e-15	1.02686035115224e-13	1.2993
ANK2	1.70065353482278	9.75339172727056e-15	1.04202714605434e-13	2.5132
DSTYK	4.65830180613322	9.92048188505728e-15	1.05849396431096e-13	0.9019
AACSP1	1.06632851401407	1.01212369974716e-14	1.07928330973038e-13	2.8123
PRKCA	5.9000186668002	1.1992325257586e-14	1.27657078660344e-13	0.7141
DCAF6	6.89301391762098	1.24660865817138e-14	1.32314463160329e-13	0.7055
ENTPD4	5.90448346344386	1.26611334426847e-14	1.34150697695677e-13	0.7097
KIRREL	6.33930251140448	1.29746112166323e-14	1.37392402767308e-13	0.6833
NEK1	5.01977158214568	1.33084710275137e-14	1.4084605627727e-13	0.7798
SYT14	2.05040483508593	1.39790010561408e-14	1.47856687880015e-13	1.9126
FBXO34	5.56714742589734	1.43964247579586e-14	1.52183630794032e-13	0.7859
GOLGB1	7.91482696796397	1.50102086539129e-14	1.58488356961153e-13	0.7763
SLC7A11-AS1	2.54931582198305	1.51751074504384e-14	1.60136856424974e-13	1.6849
TMOD3	8.3558357693384	1.60195535159182e-14	1.6856078904127e-13	0.6914
MUC15	0.261640328181983	1.6101681163426e-14	1.69327356750867e-13	4.1769
CCNL1	6.18549645056896	1.62342714015263e-14	1.70623407430204e-13	0.6911
CCM2L	0.510186534584953	1.73012965914455e-14	1.81524408375534e-13	3.6426
GNAZ	2.11858936075326	1.79266286778667e-14	1.87653975426109e-13	2.0825
PPM1A	6.6280520932329	1.83136372434787e-14	1.91485544969615e-13	0.6656
SLC9A9	1.38220688145028	1.8375399587464e-14	1.92021347950053e-13	2.3881
CGB1	0.755190581339588	1.90015043843567e-14	1.98337029182857e-13	4.4478
MBTD1	5.0577252503094	1.92755497530538e-14	2.01082535023857e-13	0.8609
ANK3	5.41712260475749	1.97218076024845e-14	2.05620399537954e-13	0.7496
HIST1H2BD	3.98980352597292	2.09056866812741e-14	2.1759077312049e-13	1.0488
EXOC5	6.76548014302941	2.10790521979044e-14	2.19270186282019e-13	0.7204
C14orf1	6.0940284651625	2.18882216487061e-14	2.27557730306821e-13	0.7882
FLNC	7.67281500447897	2.21136095159695e-14	2.2963939438199e-13	0.6335
OR51B5	1.47104935552432	2.2923315924889e-14	2.3791248182193e-13	2.2792
RIMKLB	6.78147928000751	2.32234240522929e-14	2.4089024403333e-13	0.6473
AIG1	4.89986568552759	2.8320352952738e-14	2.92430069855874e-13	0.8048
HOMER2	4.36727509198494	2.89614372464338e-14	2.98880722651721e-13	1.1364
LINC01085	0.565622169774776	2.92239883137147e-14	3.01419847827783e-13	3.503
CYP7B1	2.86575829974931	3.03826302987173e-14	3.13193279917212e-13	1.343
TGFB1I1	3.00655137161162	3.06356108002773e-14	3.15622861608274e-13	1.3069
SHANK2	4.90239452983306	3.17176981512762e-14	3.26218759126591e-13	0.8351
PTTG1IP	7.73748864149692	3.2115146481359e-14	3.30120559776853e-13	0.6817
ZBTB41	5.8626715627899	3.60581785428387e-14	3.70027041865129e-13	0.7809
HLX	0.974982021775355	3.69906257981316e-14	3.79382508185781e-13	2.8038
CFAP58	0.750941082711135	3.83311368695672e-14	3.92689806223804e-13	3.3775
COL6A1	6.39716526681806	3.84572112867897e-14	3.93760431436698e-13	0.7916
NR2F2	7.6113572854937	4.0324027642946e-14	4.12412016050208e-13	0.6906
IP6K3	-0.180907738978297	4.13357783125464e-14	4.22105556505643e-13	7.7634
IGF2BP3	7.93978729013073	4.20829877660285e-14	4.29031632082407e-13	0.6684
PLCE1	5.28241745492065	4.21241743631548e-14	4.2914002632464e-13	0.7931
CDC42BPA	6.81725079786335	4.33656690003267e-14	4.41295235936435e-13	0.6483
RGL1	2.5521748812818	4.37256197411002e-14	4.44710258492215e-13	1.508
RBM20	1.13759926597809	4.49492564597023e-14	4.56646425113147e-13	3.0114
CCDC69	0.944152015311354	4.62238956465628e-14	4.69073618078739e-13	2.9715
FAM160B1	4.86223969528989	4.69527814490227e-14	4.76205543407421e-13	1.1739
KIAA1033	6.0710947119104	4.84859197164658e-14	4.91481926898279e-13	0.6835
MIR614	4.705104798562	4.87982392633531e-14	4.94373283014303e-13	1.5709
SYNJ2BP	6.5306633942754	5.07599114764694e-14	5.13961699342443e-13	0.7231
ESCO1	4.78825807994669	5.46670669836208e-14	5.52603529818927e-13	0.8039
ATP6V1A	6.64314771748779	6.41597692408118e-14	6.46056672509796e-13	0.707
MYL6	9.01303051839873	6.51473218842295e-14	6.55639199734561e-13	0.6804
ECEL1P2	0.848353664102429	6.72231813635729e-14	6.75042023637727e-13	2.9675
PRDM2	5.57821774691221	7.10167894791603e-14	7.11243290706224e-13	0.7288
ZDHHC7	6.76137815564074	7.1023034561648e-14	7.11243290706224e-13	0.688
SCARF2	1.67345298869848	7.2840284099359e-14	7.29041790854111e-13	2.2302
SNX13	6.33213334501132	7.37330094003425e-14	7.37572503897344e-13	0.651
TFDP2	5.85024423841102	7.51696058325408e-14	7.51531393252391e-13	0.7326
PSEN1	6.22500033618567	7.55001879726361e-14	7.54423334224655e-13	0.6655
HIBADH	6.79951011122739	7.58912219920276e-14	7.57915836261738e-13	0.6639
RCAN2	1.16358504110395	7.6947241973449e-14	7.67622322113271e-13	2.698
DSC2	5.23715904762959	8.16257854186956e-14	8.12962541518662e-13	0.7368
SLC12A6	5.20316430530877	8.3211518487641e-14	8.26951269194542e-13	0.7324
PRPF39	5.52392237137746	8.76692940726795e-14	8.68887422687751e-13	0.7021
KLHL7	5.85238763382157	8.87450415442429e-14	8.78595161839316e-13	0.7075
ADAM22	4.94973595964088	9.17252433566592e-14	9.06624820097006e-13	0.7704
WDTC1	5.07822301949554	9.24970977922628e-14	9.13759208493263e-13	0.7834
ANKLE2	6.82518624362174	9.27155457294322e-14	9.15421851182539e-13	0.6848
GOPC	5.57390080796505	9.62372621084731e-14	9.49679706514748e-13	0.7034
BBS2	5.50156033415909	9.66867568475018e-14	9.53564420586223e-13	0.7522
MSI1	1.15020996935248	9.67353914836593e-14	9.53564420586223e-13	2.4364
ATF2	6.6417964965413	9.98305509459344e-14	9.82483308932064e-13	0.7053
C1RL-AS1	4.85938460340527	1.01337066281524e-13	9.9677235023465e-13	0.7744
BEX2	1.10421928119236	1.04352855399351e-13	1.0242288861132e-12	2.692
PRMT2	6.37383978407504	1.06007890169769e-13	1.03935555474721e-12	0.7286
ZNF614	4.70598245523989	1.19722299828328e-13	1.17004834350426e-12	0.8296
LINC01518	1.64549577066919	1.25264047147372e-13	1.2209399064188e-12	2.0769
NCOA2	4.74135189387668	1.25650940175347e-13	1.2240573979942e-12	0.8456
AMOTL2	7.17282341986998	1.27504107423772e-13	1.24144799206847e-12	0.6557
KCND2	0.693295327309303	1.28352289902342e-13	1.24837474931122e-12	3.0193
ERBB3	6.67872678631272	1.42775123864506e-13	1.38570051104223e-12	0.6298
HDGFRP3	4.19049332847105	1.45281615535101e-13	1.4092779878899e-12	1.0305
GPR37	1.79766406701002	1.46670089535441e-13	1.42196201266306e-12	2.0217
COG5	5.59906558561731	1.46744984216543e-13	1.42196201266306e-12	0.7095
PTPN21	3.21520556606626	1.47434556784886e-13	1.42788608417235e-12	1.2311
PFKFB2	5.47167287338244	1.48443678091422e-13	1.43689702398568e-12	0.7013
B3GALNT2	6.35261193343645	1.50669190847019e-13	1.45766653317603e-12	0.6592
TBC1D19	3.22131018305535	1.51880006364886e-13	1.46860243442656e-12	1.1572
KTN1	9.58422438067847	1.58970648970947e-13	1.53635159746618e-12	0.7404
SYT17	4.4849823333904	1.59292583469891e-13	1.53864836181287e-12	0.9196
DMTF1	5.76781023370413	1.60866203257536e-13	1.55220581747863e-12	0.6715
ARMCX4	3.2328953951777	1.62003196332976e-13	1.56235095206277e-12	1.1536
NCOA1	4.93433825963294	1.68874443029816e-13	1.62603999575544e-12	0.9073
PSTPIP2	-0.108380035371843	1.70179714920649e-13	1.63757216720766e-12	5.5637
DOCK7	6.13464147886512	1.72844616330148e-13	1.66076385038062e-12	0.6508
PREPL	6.24368538034734	1.78179652989171e-13	1.71022489220311e-12	0.6588
CCDC146	2.57041786616437	1.81419311974586e-13	1.74040512843302e-12	1.4089
GCC2	5.91404708406936	1.89413423503938e-13	1.81328340822648e-12	0.7622
MFGE8	4.66886998243978	2.03450898851063e-13	1.9466454976022e-12	0.8047
NAA40	5.87981398669243	2.04759017908532e-13	1.95813547979998e-12	0.7051
TMEM130	0.346665748769944	2.06602605866976e-13	1.97369815421639e-12	3.6694
PCNXL2	4.57848108543531	2.19186140284105e-13	2.09172094983096e-12	0.8525
MAP6	1.0358711680265	2.38549724910635e-13	2.26821030102529e-12	2.7559
COL4A3BP	5.21203147848563	2.63277374709298e-13	2.5007241169058e-12	0.7304
UPK2	3.59352007989443	2.63622921317137e-13	2.50270413497954e-12	1.2109
CDK19	5.99337990690595	2.69018173286443e-13	2.55127053065834e-12	0.6809
UACA	6.61492605854952	2.73840085332995e-13	2.59565140074723e-12	0.6607
CASP3	6.30355668885473	2.93275104484062e-13	2.77698667399431e-12	0.7264
DGAT2	3.31199736357366	2.93951479839134e-13	2.78194827161391e-12	1.1657
IGDCC3	0.313046442107305	3.11221779792134e-13	2.94082029600683e-12	3.6333
MAML2	5.87924699302087	3.20873208786969e-13	3.02701709108596e-12	0.667
CYP26B1	2.0376070294732	3.21007071009116e-13	3.02701709108596e-12	1.709
SLC23A2	5.63959315642175	3.24061063254503e-13	3.0542378785618e-12	0.7689
HERC3	4.54703961395958	3.41851273399943e-13	3.21858527446589e-12	0.8192
PABPC4L	1.91004142507151	3.57478382532277e-13	3.3622490219007e-12	2.0057
P3H2	5.02360769187502	3.67882543438541e-13	3.45476528447223e-12	0.7478
IFNAR2	3.91147823393024	3.7710092934297e-13	3.53769504937578e-12	1.0096
KIAA1462	6.19389841548318	4.13643631541594e-13	3.87652881797913e-12	0.6849
ARG2	4.547284696333	4.19960159460891e-13	3.93370583433454e-12	0.8074
TAF1D	6.17035797312974	4.35363119568294e-13	4.0758918517122e-12	0.747
TRIM54	2.86885217301128	4.58831394947319e-13	4.28680959373503e-12	1.3269
BOD1L1	6.75612752489054	4.74712849156069e-13	4.43291957759243e-12	0.6625
PTPRQ	-0.20714793180713	4.75404142602444e-13	4.43710533095614e-12	5.4428
AHR	6.36905891613544	4.82419835784498e-13	4.50028437510567e-12	0.7106
PAMR1	0.959912505756472	4.90651664776942e-13	4.57473789181198e-12	2.5923
PPP1R15A	5.60728565111604	5.26847314969551e-13	4.90971137421343e-12	0.9455
RFTN1	1.41152967921375	5.31043855959985e-13	4.94629420122729e-12	2.4772
SOS1	6.36240503972489	5.48617963446019e-13	5.10477550492891e-12	0.6652
OBSL1	6.44368878099988	5.49720378585325e-13	5.11242752493821e-12	0.7568
LINC01098	0.536265712739145	5.59079765917897e-13	5.19417822218683e-12	3.8693
C1orf21	4.82375619381224	5.88898949030322e-13	5.46287561661461e-12	0.8074
GABPA	5.65091649834794	6.1464045682679e-13	5.69298639260775e-12	0.865
PGAP1	3.90056815406603	6.17342968917426e-13	5.71222161204081e-12	0.9983
MEGF8	6.26753816851628	6.30103095060847e-13	5.82143831145285e-12	0.6647
ATF3	2.61565035007338	6.33111750560379e-13	5.84627623582716e-12	1.4392
LOC101927401	0.831125974298761	6.4314864915995e-13	5.93595638982005e-12	2.927
MRE11A	6.19157751157124	6.58399042940713e-13	6.07363968060922e-12	0.6479
MICAL1	3.52349919281465	6.61009100481471e-13	6.09463744363118e-12	1.0812
LINC00265	2.82472003694111	6.68811334697309e-13	6.16346275933068e-12	1.3377
RAB30	3.25728660106908	6.8895074311626e-13	6.33945804754558e-12	1.1128
USP53	5.30791698711437	6.97592210026533e-13	6.41573974118105e-12	0.7698
PRKACB	5.51673452354745	7.18195219734024e-13	6.60189926055606e-12	0.7483
RHOBTB1	3.84351579787671	7.37507351793743e-13	6.769197694493e-12	1.0272
STOX2	3.58651221708316	7.38987662775940e-13	6.77937626715456e-12	1.0445
PPIC	4.59947299039569	7.43958491430205e-13	6.81470457579017e-12	0.8698
USP44	1.83486583203334	7.4700008427183e-13	6.83913417174851e-12	1.8026
TMEM139	5.68855030360373	7.61164745037566e-13	6.96183546363016e-12	0.6699
C2orf72	0.735192478713234	7.74656676991446e-13	7.08168868059882e-12	2.9353
SDHAP3	2.97003307258557	7.79961683938406e-13	7.12661686785762e-12	1.3462
TET1	2.96990314522259	7.94186943384676e-13	7.24933841921532e-12	1.3545
PARD3B	3.45212540231895	8.17332811421726e-13	7.4531607419156e-12	1.0511
CHM	4.95366762851774	8.26561735363249e-13	7.53355518761432e-12	0.7461
LOC100131564	2.7855117881557	8.29508357866751e-13	7.55663901258253e-12	1.2879
STAT2	4.90696268456357	8.30593942180002e-13	7.55898455056736e-12	0.9562
ZNF542P	2.44826731892486	8.39371112698445e-13	7.63125449871654e-12	1.4513
LOC105374378	2.17062171815808	8.50893868093559e-13	7.72447461756142e-12	1.6857
PNPLA3	4.44271540434314	8.58672696413716e-13	7.78348001277498e-12	0.844
COBLL1	3.62680930892492	9.22554258066343e-13	8.34596161311158e-12	1.0012
MIA3	6.47568336440339	1.00256941268284e-12	9.04293833890212e-12	0.6461
VANGL2	4.72065566992102	1.06417285828715e-12	9.57965468485715e-12	0.805
SEL1L	5.28594186745474	1.08873389722971e-12	9.78145965936298e-12	0.6939
LIMK2	5.14304523281253	1.10292422235443e-12	9.90407506310994e-12	0.7418
CASZ1	4.15706817639815	1.11068164121913e-12	9.95903931340694e-12	0.9386
ADAMTS3	1.81556879912827	1.15339232944016e-12	1.03318598460547e-11	1.9681
HECW2	0.763305506134128	1.15618897680015e-12	1.03518322513308e-11	3.1182
SMURF2	6.94746033486392	1.20479060063509e-12	1.07711347723771e-11	0.604
MPDZ	5.18405111056496	1.21748193382453e-12	1.0879270770387e-11	0.7475
KANK1	4.49380313429404	1.25268960093239e-12	1.1177468892777e-11	0.9584
TWSG1	7.16105435162007	1.2625027808098e-12	1.12595265102412e-11	0.8586
FAM66C	1.52322985533693	1.35107047168004e-12	1.20141950954656e-11	2.0151
MYO6	7.75676290279048	1.35440384473175e-12	1.20379730230881e-11	0.5908
RAB3GAP2	6.41670586906432	1.36322713191777e-12	1.21104985500198e-11	0.6318
MOXD1	1.80011563543783	1.44184739275077e-12	1.27840534249918e-11	1.7864
CTTNBP2NL	5.3013456678863	1.45933014112759e-12	1.29327820662259e-11	0.7716
NUMBL	4.92277699043386	1.53309139479793e-12	1.35667069817891e-11	0.7528
NPFFR2	-0.362266551255876	1.56516767064937e-12	1.38371433391646e-11	7.5607
SYNGR3	1.44553207059613	1.65415645048776e-12	1.46026499807082e-11	2.1009
THNSL2	4.87396087605144	1.69460767566092e-12	1.49452935878579e-11	0.7959
KDM1B	5.47664292597273	1.72867660635541e-12	1.52383969703642e-11	0.7397
CYP2U1	2.29207744650186	1.76891708848953e-12	1.55855938066915e-11	1.5922
BBS9	3.63637670874989	1.80392606361129e-12	1.58787243092034e-11	1.2008
SYNGR1	3.22552660352538	1.81839314585607e-12	1.59983543473486e-11	1.2437
SETBP1	3.89679433756857	1.86256146840402e-12	1.63632926694821e-11	0.9388
TAF1	6.26519429274699	1.88796101817888e-12	1.65784590417863e-11	0.6149
ACKR2	0.491434799563065	2.16519079266615e-12	1.89218396892835e-11	3.389
HIVEP1	5.18697258179827	2.27787641125186e-12	1.98590791613247e-11	0.7827
HIF1A-AS2	0.332678588828327	2.30012074065952e-12	2.00434387787495e-11	3.6598
ATRN	6.49069029507889	2.33918425204e-12	2.03644004316845e-11	0.6001
ATL3	7.83594401487018	2.3470063202524e-12	2.04227585236072e-11	0.668
TRAM1	6.85992565259956	2.37284524542624e-12	2.06279346669055e-11	0.698
CRISPLD2	4.89022620356955	2.41436053354071e-12	2.09688705520073e-11	0.7642
DAPK2	3.15159252876021	2.55654218252422e-12	2.21720827003146e-11	1.1987
TSPYL4	4.43805541611843	2.59065338183899e-12	2.2457249828515e-11	0.8559
LINC00674	5.40865474120647	2.85570426904746e-12	2.47079322918154e-11	0.6749
CLIP4	6.93109471393683	2.96518273389196e-12	2.5643001416358e-11	0.7212
ARSD	4.01201429951385	3.01798630757032e-12	2.60872907343767e-11	0.98
FAM117A	3.82154233266592	3.04713230629454e-12	2.632676165817e-11	1.0375
BCL3	3.43946778360611	3.12595359519319e-12	2.69949899876286e-11	1.0499
LOC642236	2.50076147430917	3.17404709048765e-12	2.73844062778557e-11	1.428
CTDSPL2	6.14985511611828	3.26018982833564e-12	2.81143247548869e-11	0.8153
DTX3	3.38074599026743	3.26491790589065e-12	2.81418041973275e-11	1.1479
CLCNKB	0.665909743829978	3.5805733867584e-12	3.08334659191799e-11	2.8648
CORO6	4.00103658180848	3.74578753331889e-12	3.2210596895087e-11	1.009
NUMB	6.29133687005995	3.82654854084547e-12	3.28895810554025e-11	0.6165
TBC1D17	4.88767344681005	3.91678473547204e-12	3.35861071539584e-11	0.7253
TTBK2	5.15368050992643	4.00953982867972e-12	3.43492065285673e-11	0.7231
RAB32	4.56439647495667	4.37233095548632e-12	3.73695102637445e-11	0.9402
HPSE	3.09000652010555	4.45305747829861e-12	3.80416552755356e-11	1.1566
HBE1	1.15545579257043	4.55175525388176e-12	3.88666248432485e-11	2.564
RNF180	0.0263156151572617	4.58853540943123e-12	3.91623667295823e-11	4.3064
DMKN	6.81818675959756	4.64462590363064e-12	3.96040590829897e-11	0.6646
CHD6	6.19382840371014	4.65558538756952e-12	3.96789761136644e-11	0.6468
HECA	4.14954490219507	4.85262796697902e-12	4.13197650024109e-11	0.9414
PACSIN1	3.02696146296418	4.90240710073662e-12	4.17241697114441e-11	1.1427
C11orf54	4.78584178688851	5.03165516949049e-12	4.27843021770928e-11	0.7631
SAV1	5.69116994637777	5.08747604531374e-12	4.32388094428527e-11	0.8354
RTN3	9.07991444111537	5.16169384300832e-12	4.38491776630805e-11	0.7232
SLC38A2	8.39116791363841	5.8389186565446e-12	4.94641758672289e-11	0.6024
ACTN1	8.73076672613129	5.99980445880317e-12	5.08035390537619e-11	0.5755
TNNT1	7.57317716928482	6.13599697132732e-12	5.18605373650702e-11	1.1309
SMAD7	3.18828704821571	6.17044897249074e-12	5.21275874325734e-11	1.3117
MEGF6	5.90807134943303	6.45054805988694e-12	5.44434606478483e-11	0.6374
CERCAM	5.60188999860465	6.62605085328871e-12	5.58472688724093e-11	0.6414
PARVA	6.28657874586784	6.65437459822279e-12	5.60601119820744e-11	0.6082
CPAMD8	3.83395564229738	6.69815049821548e-12	5.63768720587468e-11	0.9821
MAGEA1	-0.107552884080333	6.80714732442151e-12	5.72678716841654e-11	4.7051
OLFML3	0.569976759023342	6.82139385088898e-12	5.73612925572682e-11	3.0051
CCDC144CP	1.79425234333481	6.88899013413441e-12	5.79030404644373e-11	1.9304
ARL4D	3.04406310934291	7.05400337162433e-12	5.92354579357745e-11	1.1352
ZMIZ1	6.97330742677876	7.10019173723027e-12	5.95959082091383e-11	0.584
PTRF	8.30222992268617	7.18690697881052e-12	6.029603575605e-11	0.5894
XRN1	6.20507142050285	7.21887847561971e-12	6.05364471524636e-11	0.6476
ADAM17	6.31162812253918	7.38169739517076e-12	6.18166365349713e-11	0.5944
MPP5	7.52173430408267	7.78980126452079e-12	6.5144577134719e-11	0.5671
WNT6	-0.334073907399148	7.79789138411e-12	6.51823741338426e-11	5.3179
RAB5B	6.95989539197429	8.16415890283346e-12	6.81503817696057e-11	0.5821
PLEKHA2	6.94985265891985	8.74281785109774e-12	7.2880768351434e-11	0.5805
NINL	4.72763160903455	9.03476468798697e-12	7.52457409415557e-11	0.7749
STARD5	0.0236291189330464	9.10994561225014e-12	7.58372854980568e-11	3.8834
FCHO2	5.03628647552433	9.24744671817987e-12	7.68767701671638e-11	0.9103
MORC3	4.64311778595022	9.26472942193686e-12	7.69853893158304e-11	0.7542
SLC25A36	6.79065860632121	9.33300166191264e-12	7.75174150772871e-11	0.7137
SPAG9	6.6791149838187	9.41419588259717e-12	7.81562346669822e-11	0.5781
YPEL3	4.4060213357098	9.47495302993258e-12	7.86248829611132e-11	0.8566
IFIT2	2.88269607905071	9.67299524012496e-12	8.02318042270428e-11	1.2931
Aug-04	3.96506417631239	1.00185046612696e-11	8.30221611875339e-11	1.0343
MAGED2	6.44811019256426	1.01276215333856e-11	8.38883206504028e-11	0.6179
CDK6	7.20359751534134	1.01896342120941e-11	8.43637016671156e-11	0.5861
SYT7	2.94624357179848	1.05336625877182e-11	8.71515007882101e-11	1.1951
ANTXR1	6.97011224951612	1.05358984574704e-11	8.71515007882101e-11	0.6039
PPP1R1C	3.7921878109164	1.1068731709158e-11	9.14761276968709e-11	1.0085
PHF21A	5.36438030113763	1.11928939785163e-11	9.24603947836172e-11	0.7202
KCNQ1OT1	4.06496640326784	1.15357372730896e-11	9.50773903645703e-11	0.8901
VTCN1	1.47761086951291	1.17191358864095e-11	9.65453721761249e-11	1.945
ARHGAP5	6.4132236548745	1.19347774825859e-11	9.82775361849748e-11	0.66
CES3	2.81652162091307	1.20814039632628e-11	9.94400860024012e-11	1.613
DDHD1	5.00102768676731	1.21083541579557e-11	9.96169957222347e-11	0.688
ALX4	-0.132401040577239	1.28245549042687e-11	1.05272065796911e-10	4.662
DLX3	2.04646005292627	1.29197000963312e-11	1.06005413464549e-10	1.551
SUV420H1	6.10708466565184	1.29556774092427e-11	1.06252851205361e-10	0.6404
MIR99AHG	0.446119050301903	1.35454510865014e-11	1.10940222088457e-10	3.0076
TBC1D32	3.34605993175446	1.38743195694791e-11	1.13430173784331e-10	1.1606
GSK3B	7.20738187722011	1.39112952207508e-11	1.13681560228302e-10	0.5969
SLC7A2	3.56134992101505	1.4355313107149e-11	1.17257537397813e-10	1.0445
TMEM59	7.41990030341296	1.45487184077927e-11	1.18731069849202e-10	0.6871
NYNRIN	4.46773876579711	1.46885831621296e-11	1.19711952771356e-10	0.8013
DOCK5	6.68593992584678	1.53241528814685e-11	1.24669222372588e-10	0.6499
TRPM2	0.0888803037838503	1.55459332589933e-11	1.26417174866896e-10	3.6433
SLC25A29	1.95476147289223	1.55969775997326e-11	1.26775789430417e-10	1.6244
IL27RA	3.59652014005338	1.57528276428712e-11	1.27985590319651e-10	0.9985
SLC35E2B	5.58933506570826	1.60739626561871e-11	1.3047855146792e-10	0.768
ABI1	6.51299982830806	1.61234078835354e-11	1.30821748587476e-10	0.6987
PYGL	6.77681395467545	1.65611836485523e-11	1.34254426593237e-10	0.5845
CDKN1B	6.94856816465257	1.70147671124941e-11	1.37809045432871e-10	0.6913
DUSP3	5.85938663092053	1.73351462313972e-11	1.40279445744853e-10	0.6525
ALPPL2	0.807356498487853	1.79182903137931e-11	1.44869932669888e-10	2.5898
FAM221A	1.54640483390654	1.81788787966793e-11	1.46781782977522e-10	1.8606
FAM171A1	3.34117569486315	1.97486841585001e-11	1.59245573320485e-10	1.017
DHRS3	6.10150473608273	1.98849268709911e-11	1.60273388501905e-10	0.6093
VPS13B	5.62417949692668	1.99615942813744e-11	1.6082032886177e-10	0.6249
TPP1	5.34946352287543	2.00648969547091e-11	1.6158127869659e-10	0.6691
ZNF845	4.62767473070477	2.01299014924821e-11	1.62033281149362e-10	0.7494
AKAP9	7.15412782571386	2.01795806168771e-11	1.62361579436628e-10	0.6671
IFT80	6.43830371696686	2.07731861388872e-11	1.66990438640037e-10	0.6068
HIST1H1C	4.68463274055798	2.11030535963154e-11	1.69567494037999e-10	0.8102
STK38L	6.08185418556334	2.12029121652737e-11	1.70294924984266e-10	0.7126
VAT1	7.23454959747276	2.12170143674914e-11	1.70333251667952e-10	0.5719
ACBD7	3.30502672255091	2.12901689699903e-11	1.70695355606562e-10	1.0437
PJA2	6.04067964932796	2.55443592218722e-11	2.04265362222732e-10	0.7537
ZNF615	3.39311168064829	2.66423935438833e-11	2.12673168577671e-10	1.0091
OMA1	5.14465164341294	2.68096404348199e-11	2.13821230134588e-10	0.7021
SSH2	5.46381158416566	2.69537435969720e-11	2.14876656378306e-10	0.6367
VWA2	1.50144803923377	2.71257853332134e-11	2.16059483875717e-10	2.1408
TINCR	2.50092256866013	2.93490044759681e-11	2.33360377052819e-10	1.2906
ZNF765	4.90749139572668	2.96199969016287e-11	2.35310123340354e-10	0.6977
IL6	1.18769228847249	3.04239406214663e-11	2.41486721732821e-10	2.0853
FRS2	5.07258846701859	3.05093933483757e-11	2.42059750094719e-10	0.8218
CCNG2	5.15057699667097	3.10938324749035e-11	2.46487536181271e-10	0.6766
ALOXE3	1.47554656600838	3.14750525413542e-11	2.4939607603948e-10	2.0023
CDC42EP3	6.65415805297271	3.16050239083725e-11	2.502087235348e-10	0.5679
SREK1	7.22682598825319	3.20737767188032e-11	2.53809652266351e-10	0.5711
STAT5A	1.87858497216648	3.43023768686227e-11	2.71210130841739e-10	1.6024
DOK4	4.3057957124646	3.46031286770698e-11	2.7346957451454e-10	0.835
KLF9	3.72691706435268	3.52716391843524e-11	2.78511697642534e-10	1.0663
CGB2	0.282243711852906	3.58021485043563e-11	2.8245636261691e-10	3.8915
RNR1	10.7435201132999	3.61800312222746e-11	2.85068040567046e-10	0.59
ABCA4	4.08149828715368	3.64914643237238e-11	2.87397831188051e-10	0.9214
CEP192	6.4879800546777	3.66188146562037e-11	2.88276446901102e-10	0.6213
TTC9	4.21143484294662	4.01208367021139e-11	3.15030535412383e-10	0.8621
BPGM	4.93481120889699	4.19686106979283e-11	3.29114672208496e-10	0.7008
EFHC1	4.83320880070772	4.20596333455719e-11	3.2968684686851e-10	0.7188
STYX	5.44329655069524	4.21205378548678e-11	3.30006860821344e-10	0.6651
KLF12	4.5628506973702	4.2371843268364e-11	3.31706848502253e-10	0.7491
SLC39A10	5.94858587221358	4.31876003310855e-11	3.37803269770479e-10	0.5962
SLC22A15	2.30065715095918	4.63491682139254e-11	3.61139741747086e-10	1.4127
BSDC1	5.93711295014636	4.69414940101509e-11	3.65598939696807e-10	0.5885
CHML	7.8283348516442	4.72026951385195e-11	3.67163358521011e-10	0.5992
FLRT3	1.79034414621144	4.72490921697618e-11	3.67367728556717e-10	1.9485
KCNB1	0.065534813722729	4.76027960217118e-11	3.69865733164924e-10	3.601
LINC00525	1.15031620848889	4.76108935658179e-11	3.69865733164924e-10	2.1026
ATP2B4	6.28069236241033	4.77372764383361e-11	3.70689799514361e-10	0.5782
TTC33	5.26719550363895	4.79393663707784e-11	3.72100796116042e-10	0.7023
ZNF260	5.21081319061406	4.87009602057566e-11	3.7785156375533e-10	0.6923
REL	4.43137462416185	4.93387111866891e-11	3.82474527144032e-10	0.8878
PPP1R13L	5.32845046977082	5.13551974663972e-11	3.97094656902392e-10	0.6953
NXN	5.73551832984661	5.37838587070762e-11	4.15697766535302e-10	0.6393
MTRNR2L2	2.06380255884208	5.39373013926878e-11	4.16707310294079e-10	1.5617
RARRES2	0.77861549324735	5.83752595800414e-11	4.50612574584878e-10	3.3646
C21orf91	4.31931404773013	6.15635327868513e-11	4.74822076280844e-10	0.852
ZNF117	4.74658714626975	6.16947718324192e-11	4.75633342302637e-10	0.7108
LINC00662	2.28419225591881	6.55076199471837e-11	5.03591172359983e-10	1.3864
MAP4K3	5.74136641424724	6.55142985514329e-11	5.03591172359983e-10	0.6496
RB1CC1	6.44843351065447	6.62695747845828e-11	5.0896817722648e-10	0.5599
LIMA1	7.59482028856066	6.67989697327364e-11	5.1281833113576e-10	0.5485
ZNF362	4.57712990265784	6.92204434683099e-11	5.30961519309859e-10	0.7382
TNFAIP1	5.83567460986734	7.04919568383475e-11	5.40260774156538e-10	0.6241
TRIM33	6.46739765939936	7.19828247968418e-11	5.5145549705881e-10	0.5643
TRIM37	5.62430136689936	7.69317217168345e-11	5.87151133638182e-10	0.6061
USP24	7.43954732459964	8.00418287310513e-11	6.10377454182987e-10	0.5475
UPK1A	0.185600305321932	8.36450355178886e-11	6.37056223785805e-10	3.2538
WDFY3	5.26551657480444	8.37924540363195e-11	6.37912861087176e-10	0.6416
TMCO3	5.92276185962754	8.38944526136062e-11	6.38423145858272e-10	0.5844
PTPRB	2.25967448820552	8.41614849821607e-11	6.40188362430969e-10	1.4403
GATB	4.71970799048978	8.61499546016333e-11	6.54768347713330e-10	0.7354
WDFY1	7.34943883261784	8.73379514357825e-11	6.6352128231862e-10	0.548
LOC101929567	-0.572046525066529	9.04453819595191e-11	6.85702198111703e-10	7.3084
ZNF503-AS2	0.492871512906425	9.17045343038823e-11	6.9495972530165e-10	2.8951
ENPP1	3.90983520495976	9.1761053837044e-11	6.95099501597126e-10	1.017
ABCA5	2.08217848515367	9.37219392888346e-11	7.09364727884314e-10	1.4881
ATXN2	6.1802656826212	9.4484884623065e-11	7.14842956352538e-10	0.6742
KIDINS220	5.3406130748839	9.77315124505219e-11	7.37876960834048e-10	0.6422
GATA6	4.12880036888783	9.82573310732045e-11	7.41540238144862e-10	0.9092
CREBBP	7.21715159429345	9.84926741256843e-11	7.43009197867146e-10	0.6162
SLIT2	3.90801512315371	1.00532385782042e-10	7.57770121732847e-10	0.8625
ZHX3	5.33546277114062	1.00872192116769e-10	7.60017638994525e-10	0.6316
C10orf54	5.18132592721835	1.02964071679168e-10	7.75458784065548e-10	0.6984
CDC42EP2	3.98610804699551	1.04953957776791e-10	7.89143102624836e-10	0.9156
TRNC	10.1957052197757	1.06303597959678e-10	7.98961912042767e-10	1.1337
ZNF780B	4.24653157293115	1.06400160157327e-10	7.99358569478258e-10	0.7877
CLASP1	6.4430326425013	1.070707657291e-10	8.04065775051607e-10	0.5793
ULBP1	1.62291387569935	1.07928306557936e-10	8.09506641134625e-10	1.7675
TGFBR1	5.37010491025938	1.09091015192724e-10	8.17891405896663e-10	0.6595
LINC00294	2.88241640874384	1.11397833747512e-10	8.34500965488134e-10	1.1929
SPIN3	5.69930324447094	1.12287796691438e-10	8.4082281230471e-10	0.6077
SBK3	4.29998126342697	1.16147171077464e-10	8.68741730933058e-10	0.858
PRKCQ	3.19797299549277	1.16158992397436e-10	8.68741730933058e-10	1.0652
CPEB4	5.04770114403242	1.20649161569316e-10	9.00110786109287e-10	0.7585
CC2D2A	3.00129018321594	1.22618910907489e-10	9.13686056133521e-10	1.1079
POGK	5.53592085939453	1.30134760454302e-10	9.67714943728607e-10	0.6066
DNAH5	4.3657855906983	1.34602306732588e-10	1.000121982788e-09	0.785
FCHSD2	5.14877921852121	1.42040355993831e-10	1.05452978406807e-09	0.6406
NIN	6.83952806949606	1.43308690233617e-10	1.06351359711582e-09	0.5484
HOOK3	5.20109236109857	1.44230956027787e-10	1.06992293102124e-09	0.6789
CES2	4.86387071642362	1.51154903808209e-10	1.11992042366991e-09	0.7427
C4orf26	0.379280898041337	1.64620544517521e-10	1.21771177500481e-09	2.9179
FAM135A	4.46897067015264	1.66280832471367e-10	1.22899711643614e-09	0.7614
FNBP1L	6.96510852287179	1.69381378996022e-10	1.25090066947871e-09	0.6288
NUCB1	7.03782347229981	1.7404650882558e-10	1.28431409261107e-09	0.5461
RECK	1.90387412877003	1.77447862222621e-10	1.30782728007112e-09	1.655
RUFY2	5.12167232558175	1.80805274182516e-10	1.33149700906657e-09	0.6656
STX11	0.26494495190687	1.83892308843579e-10	1.35259387197759e-09	3.8523
FLJ22447	1.95778159207923	1.90106311425619e-10	1.3977369397447e-09	1.8827
LOC728975	1.85859479019018	1.92308273748265e-10	1.41248063925302e-09	1.6381
SLFN12	4.24353832988605	1.92763453627691e-10	1.41499381159113e-09	0.7632
SNN	4.70708987884215	1.96557630805071e-10	1.44110687067365e-09	0.7355
C11orf95	4.66774537178604	1.98532811236365e-10	1.45383674365466e-09	0.7801
ME3	4.82734613690246	2.02193188227177e-10	1.47945444660335e-09	0.7572
TARSL2	3.45510759034333	2.04800340185436e-10	1.49673138928155e-09	1.0529
TNKS2	6.00471996969421	2.07399199137762e-10	1.51482384163101e-09	0.6082
Mar-01_2	4.18071803605155	2.14200571295757e-10	1.56230348764496e-09	0.8237
ZNF226	3.70212805037877	2.18405122960473e-10	1.59233383576933e-09	0.9565
DIP2A	5.00678175076679	2.28874159578698e-10	1.66467197500745e-09	0.6976
ALG10B	4.55385456393583	2.29828701644637e-10	1.67094893557327e-09	0.8626
EHBP1	6.70608566698657	2.30921072992594e-10	1.67818312354583e-09	0.5466
ODF2L	5.6450384292981	2.31007569537175e-10	1.67818312354583e-09	0.5994
QKI	6.29147460785764	2.3236028202736e-10	1.68733862716447e-09	0.7092
CAMK2D	3.761456801458	2.35571119251165e-10	1.70997469306134e-09	0.8522
FER	3.76446550909692	2.37662270755227e-10	1.72378323993144e-09	0.8657
HP1BP3	7.96006008582905	2.39335399255912e-10	1.73522916950593e-09	0.5453
MLLT4	7.02375300772557	2.4230888140181e-10	1.75609009085805e-09	0.5827
SPCS2	7.32998634372034	2.44466164747586e-10	1.77102154906029e-09	0.6018
ASH1L	6.43805162006632	2.49340115431863e-10	1.80489815516419e-09	0.5434
PLEKHA1	5.67642618476643	2.49951406468418e-10	1.8078894122375e-09	0.6035
SCARB2	6.5698360120534	2.51014776365311e-10	1.81414321350955e-09	0.5566
ZNF776	4.47590011779249	2.59334041873675e-10	1.87278570745483e-09	0.739
ZNF841	4.99541302431792	2.60597629439798e-10	1.88116659669946e-09	0.6414
SRGAP2C	5.10233723233193	2.81926127967456e-10	2.03031297521652e-09	0.6347
RORA	0.785730900560251	2.83087275542842e-10	2.03787117598979e-09	2.3685
FRK	4.37147331865728	2.84737523558977e-10	2.04894293657575e-09	0.7584
PPM1K	2.4232812152417	2.86551461320745e-10	2.06118340341668e-09	1.2513
FBXL3	5.23310540774369	2.97549516843336e-10	2.13945016915791e-09	0.6367
ZDBF2	4.47070725426211	3.02770857129509e-10	2.17527932615361e-09	0.712
ADAMTS7	1.45753708372029	3.07669877289034e-10	2.20700246750043e-09	1.8984
HEYL	0.0462158764570875	3.12933313719614e-10	2.2429959070535e-09	3.3191
PLD1	4.43989251361489	3.15444316417231e-10	2.26010653081357e-09	0.7198
ROBO1	5.16840154984986	3.23886141101918e-10	2.31877074194377e-09	0.6264
GDNF-AS1	0.417251782935338	3.34394707347717e-10	2.39025441555987e-09	2.9749
SBF2	4.58755764165584	3.36658581958523e-10	2.40450695909668e-09	0.7627
MYBL1	4.36505970795695	3.36783758458053e-10	2.40450695909668e-09	0.9148
YAP1	8.08573150284179	3.3782297139264e-10	2.41098364571698e-09	0.5528
MED23	5.20901353299745	3.4457055170803e-10	2.45530054331842e-09	0.6967
DCAF5	5.94561416715995	3.48398909523314e-10	2.48064371772918e-09	0.7701
CRYAB	-0.107411140366148	3.5022756844084e-10	2.49172037780825e-09	3.7498
TSPAN10	2.32212661679599	3.51065798473359e-10	2.49671103113738e-09	1.3539
HS2ST1	6.70623777324064	3.64603273124752e-10	2.59197716283702e-09	0.6453
USP49	4.56416172551725	3.6731565106102e-10	2.61024310072791e-09	0.7936
SORT1	5.93662533333254	3.78331033750266e-10	2.68329889360717e-09	0.6089
TAOK1	7.15382772254747	3.82194824143213e-10	2.70964998429456e-09	0.6629
AGL	5.7869316351944	3.84940023565566e-10	2.7280532104864e-09	0.6417
STAU2	5.4544505184182	3.87093325872747e-10	2.7422490326476e-09	0.6268
MYO1C	7.56386083545337	3.87829460668571e-10	2.74639822884617e-09	0.5374
ZNF460	4.21560918498369	3.8861479647839e-10	2.75089248720802e-09	0.7834
PPIP5K2	5.59112087579949	3.96640944274319e-10	2.80661902274107e-09	0.6604
ACTR10	5.34671043405393	4.21606486867977e-10	2.9798095332024e-09	0.6928
GNG4	4.35882991845022	4.31849302349026e-10	3.0486623602799e-09	0.774
PIFO	0.478194700906854	4.50254651968065e-10	3.17368684414247e-09	2.6255
INPPL1	5.98101418602337	4.59792831878988e-10	3.23966728629209e-09	0.7175
CCNL2	6.69647845421761	4.60981544024864e-10	3.24678976378006e-09	0.6252
WDR26	7.22738024409137	4.64360615270255e-10	3.26932795695093e-09	0.5492
LMBR1	6.59475860019832	4.69702078239793e-10	3.30565965317874e-09	0.5723
NAB1	5.00017690382618	4.74191413319171e-10	3.33211641322355e-09	0.6807
RASD2	1.62154340895775	4.78683140164877e-10	3.36109207955769e-09	1.9065
LPIN2	4.84105121740037	4.85724775577872e-10	3.40922395346006e-09	0.7329
PLAC9	0.758249781577807	4.91249087939884e-10	3.44667307818237e-09	2.3311
KBTBD3	2.45000305816391	4.94178622157166e-10	3.46456410372551e-09	1.2718
SPATS2	6.26782641081779	4.97516074651508e-10	3.48528528735147e-09	0.5604
CREB5	2.92297662127486	5.00389412188049e-10	3.50138333035838e-09	1.2403
MYOM3	3.77231633882838	5.07259533650592e-10	3.54673690016285e-09	0.9034
WDR11	5.21234066491312	5.30125000359889e-10	3.70094149390827e-09	0.6614
HNRNPA1P33	5.40638260860629	5.30656296587373e-10	3.70323446119995e-09	0.7939
TPST1	3.71138020599338	5.31621839353538e-10	3.70855494812312e-09	0.9065
FRYL	6.31097532095742	5.40058407555013e-10	3.76453084701196e-09	0.5544
THBS2	-0.335777807065094	5.49272902286127e-10	3.82583979554961e-09	4.4249
FTO	5.44489989994628	5.55772104074338e-10	3.86815689362604e-09	0.6247
JRKL	5.35537061625788	5.5771506209503e-10	3.87872235185024e-09	0.6145
ZCCHC6	6.03124771671514	6.05781963343859e-10	4.20180680957655e-09	0.5698
MPP6	5.70308556611001	6.18316219853315e-10	4.28549009477681e-09	0.6216
ADGRB2	4.15565710419827	6.56410600130331e-10	4.54434278194135e-09	0.8246
PRKAA2	4.27999194740095	6.66185216692467e-10	4.61026433507873e-09	1.0128
CARF	2.69981106851005	6.69507736744576e-10	4.63150179689616e-09	1.1401
MYH14	7.29536801615417	6.77152384050585e-10	4.68083828974914e-09	0.6562
PIK3AP1	1.83367131524179	6.97785037955166e-10	4.82163650753577e-09	1.547
CCNT2	5.33480907257304	7.01297007563063e-10	4.84407043892217e-09	0.6115
PLS3	9.48176119458859	7.05744427287368e-10	4.87286945189914e-09	0.5244
TCP11L2	2.41357561124421	7.0816533774901e-10	4.88596613981328e-09	1.2577
GPX3	6.72064496696881	7.15787207470536e-10	4.93296188385256e-09	0.553
RABEP1	6.85656204136891	7.15787468795214e-10	4.93296188385256e-09	0.564
UVRAG	4.8372775149018	7.20760638181438e-10	4.9653608342039e-09	0.642
TMEM45A	4.84968603427497	7.22966996705284e-10	4.97492856835721e-09	0.7068
USP34	7.35915312640622	7.3065516643747e-10	5.02593847719761e-09	0.5147
SPINK5	0.426999892331431	7.40068490991911e-10	5.08877226800314e-09	2.6872
LINC00630	2.47745994532489	7.56032330410374e-10	5.19439155770194e-09	1.1862
TTC37	6.52646554299329	7.63379436802609e-10	5.23919360837159e-09	0.5944
DTNB	4.56017745847906	7.63878483432946e-10	5.24064847559258e-09	0.6948
OSBPL8	7.02513106667426	8.2663757477642e-10	5.65633267058408e-09	0.6652
REST	5.7395647420868	8.29989867928516e-10	5.67714313559498e-09	0.594
GLT8D2	0.92525843080015	8.39371692169989e-10	5.73701595367103e-09	2.1437
GPR78	4.18693085743308	8.56284383700986e-10	5.84604626359207e-09	0.7976
EPS15	6.79668364847713	8.72249810918108e-10	5.95059512261621e-09	0.5199
CIB2	2.64235868030612	8.91403029262287e-10	6.07898905573863e-09	1.3229
LOC101928036	-0.707403408697825	8.92487446344237e-10	6.08406024329339e-09	7.1401
LUZP2	1.38680536582471	8.94255855089818e-10	6.09161749646258e-09	1.9572
ZNF302	5.24410456425202	9.02432768763717e-10	6.14273401437375e-09	0.5965
SP4	4.32463087583516	9.14677132573158e-10	6.22375912495549e-09	0.7433
CFHR1	0.164941816367982	9.25188133832669e-10	6.29293389390805e-09	3.0022
TIMP3	7.65782301095897	9.9559010349425e-10	6.76927110964284e-09	0.5215
LMBRD2	5.49794784399181	1.04072588490023e-09	7.05776068155222e-09	0.6343
ZNF548	4.13123507453132	1.07719720935563e-09	7.29425528709066e-09	0.8307
BRWD3	5.95932667569126	1.07975618823218e-09	7.30789228174088e-09	0.648
NMT2	4.22425000652271	1.08001168800049e-09	7.30789228174088e-09	0.7594
ZSWIM4	3.53631098239998	1.1102465450858e-09	7.50691145447645e-09	0.912
SLC38A6	4.73121391538063	1.18070572038852e-09	7.95973546211701e-09	0.6624
IFNAR1	5.88725639440231	1.18599300218878e-09	7.99242829381999e-09	0.5534
ATP2A3	2.40058786268704	1.19854641804248e-09	8.07106728431703e-09	1.3092
RNPC3	3.41304946784889	1.28310972986724e-09	8.61826756013843e-09	0.9274
PEA15	8.0617538972811	1.31748667867821e-09	8.84591276423293e-09	0.5784
ADM	4.63125729192519	1.34492038005202e-09	9.02678913905504e-09	0.6705
WTIP	0.519132351967863	1.34571269714254e-09	9.02878757774137e-09	3.3898
C1orf145	1.98419277404309	1.37058935863178e-09	9.1923142289426e-09	1.4786
LIPC	-0.0419713597005461	1.39440137231007e-09	9.34172163408907e-09	3.2006
MTURN	4.82044596185756	1.40213857645637e-09	9.38872514360903e-09	0.6434
LPL	1.24328741718503	1.40291149226696e-09	9.38872514360903e-09	1.8354
FLVCR2	2.53853147902985	1.40296024275665e-09	9.38872514360903e-09	1.1535
RBBP9	5.7761221950815	1.43097160206477e-09	9.56566003928761e-09	0.593
SEMA4A	3.75355766408722	1.46944419522259e-09	9.81206043452215e-09	0.9275
ZMAT3	4.09000906476166	1.54333562780493e-09	1.02979295399148e-08	0.811
SAMD5	4.39500795853376	1.56060267052191e-09	1.04055377476435e-08	0.7304
BNC2	2.99830597904451	1.58030052491319e-09	1.05253434450256e-08	1.0047
CHMP2A	6.75821788434624	1.58225723446473e-09	1.05345324844595e-08	0.6613
FAM73A	4.37140721102852	1.58946481965037e-09	1.05786619568127e-08	0.7638
TTC17	6.03614886157575	1.59007757537744e-09	1.05788834606744e-08	0.5923
PWAR5	1.7679885209315	1.65246328408987e-09	1.09739431481792e-08	1.5629
TMEM260	4.30708138589151	1.65696528755436e-09	1.09998393780336e-08	0.8957
FLCN	4.36377202794748	1.66478617507058e-09	1.10477413348195e-08	0.8024
MBTPS1	6.85537198891444	1.68999186551917e-09	1.12027928456492e-08	0.5091
UCA1	5.97456421792262	1.74565091403203e-09	1.15633538049959e-08	0.69
RIC1	4.61937221979574	1.90121195135892e-09	1.25528120737824e-08	0.6806
KCNIP3	-0.231149786034446	1.90261484914833e-09	1.25575331475242e-08	3.5896
FZD4	3.13111737327956	1.92405230381849e-09	1.26944339929564e-08	0.9852
ARID3A	2.659803051236	1.95535083011302e-09	1.28916160182533e-08	1.1863
LATS2	4.49993174372825	1.96669496101275e-09	1.29617267899815e-08	0.7342
STAT3	6.77243607703279	1.99350956228528e-09	1.31242374933574e-08	0.517
FKRP	3.78949592202717	2.00869826967276e-09	1.3219464892266e-08	0.8167
ING4	5.76568595534153	2.03759369826072e-09	1.34047965965577e-08	0.6162
GALNT11	5.34030360743781	2.03963037431008e-09	1.34133617123216e-08	0.5983
DIP2B	6.24876715973262	2.06866123479818e-09	1.35993804474165e-08	0.5756
ARID2	5.54685853635336	2.13622117305762e-09	1.40334126431594e-08	0.6488
HS3ST5	-0.157180074222596	2.15290310887365e-09	1.41379133653228e-08	3.3412
WSB1	5.85168769664484	2.15911938420093e-09	1.41736366335751e-08	0.5438
LOC101930085	4.75266296487291	2.19568311006782e-09	1.44084798193379e-08	0.6804
CGNL1	1.58329912187403	2.22800270447866e-09	1.46100637115526e-08	1.8009
OGDHL	-0.448000412495328	2.23240285836045e-09	1.46284086799097e-08	4.3101
NEU3	3.46292734376492	2.27890123343446e-09	1.4927743422167e-08	0.9645
SH3PXD2A	4.89758386076818	2.29590655680123e-09	1.50240753348424e-08	0.6516
SCUBE3	1.33727576785404	2.29607636854789e-09	1.50240753348424e-08	1.8019
ZMYM2	6.1091145938099	2.33259227405714e-09	1.52466181722833e-08	0.5297
ERP27	4.81377916447092	2.36722135871095e-09	1.54508377277894e-08	0.6246
STOM	3.50642617103363	2.43433273125416e-09	1.58775199506166e-08	0.8925
EMID1	1.06715490145196	2.45402385314515e-09	1.60002355225064e-08	1.9297
KIFAP3	4.21624072567975	2.55935844289463e-09	1.66632124584466e-08	0.7178
BIRC7	-0.208336240119309	2.58418002442484e-09	1.6818820151836e-08	4.5511
KAZN	4.30806495622704	2.61567285425808e-09	1.70177204659072e-08	0.7362
LOC730101	3.57521002790829	2.63856434309207e-09	1.71605381715315e-08	0.8953
PLAC8	5.27604309535614	2.66493547313528e-09	1.7325876779757e-08	0.623
NEURL1B	4.79617419482745	2.67857632592352e-09	1.74021670484198e-08	0.6585
EML4	7.0037841035533	2.69749145229599e-09	1.75188203319515e-08	0.5015
FAM83B	4.61152850645498	2.70729822785372e-09	1.75762576272039e-08	0.7057
SGSM2	5.18922194939964	2.77644667458484e-09	1.80187737259939e-08	0.6302
IL16	-0.572738254500687	2.91998567735778e-09	1.89301344196888e-08	5.0054
HPCAL4	-0.111115946294057	2.95216380747023e-09	1.91319497583161e-08	3.3842
STARD4	3.87937270113226	2.99678105262759e-09	1.94142068476825e-08	1.0624
CAMSAP2	7.01309290304114	3.01110231670896e-09	1.94931503169641e-08	0.5482
TDRD15	3.29860983930444	3.02694069041779e-09	1.95817963303569e-08	1.0134
IQCA1	4.09422635658191	3.02898663368321e-09	1.95880906781866e-08	0.7435
BLNK	0.430755351108382	3.17312536992535e-09	2.04911838533276e-08	2.5527
TTC7B	1.92294583932854	3.17923569297977e-09	2.05233828893348e-08	1.4453
SECTM1	1.71508166695142	3.20312530216958e-09	2.06702918050222e-08	1.525
FAM111B	5.77557587231412	3.22490452876526e-09	2.08034830661267e-08	0.5839
STK38	6.67810741618445	3.36654176182763e-09	2.16712222862924e-08	0.5257
ZNF324	2.25750949765374	3.39308204138148e-09	2.18343693152839e-08	1.2248
TRHDE	1.14217791715144	3.40680836708908e-09	2.19149730618669e-08	1.9626
BTAF1	5.65891431780291	3.4367170663564e-09	2.20995796982749e-08	0.5754
ZNF229	4.52085149405209	3.46751895176501e-09	2.22897978814867e-08	0.6741
YTHDF3	5.775397248894	3.49371822404039e-09	2.24503061943264e-08	0.5588
BCKDHA	5.05255982393921	3.5064211372316e-09	2.25240057288178e-08	0.5929
CCDC90B	5.76844860509707	3.59340954253351e-09	2.30584480170446e-08	0.6119
TUG1	7.86515349592297	3.60391265048441e-09	2.31145825834433e-08	0.4901
UGGT2	5.19414113105517	3.67029594870512e-09	2.35104992419511e-08	0.6467
ZDHHC2	4.56512658207932	3.68885036776448e-09	2.36045048418886e-08	0.6888
KDM5A	6.30248212332119	3.69525103871021e-09	2.3632438086321e-08	0.6031
PKN2	7.42154015208509	3.78569920085519e-09	2.4173390909693e-08	0.6058
ACBD3	6.68016179451953	3.91295695730795e-09	2.49510800602913e-08	0.5995
EPHX2	2.41822792133113	4.01719199371667e-09	2.55978558594386e-08	1.2534
NGF	2.67616005204155	4.03376517591764e-09	2.56944930396206e-08	1.0991
MAPK1IP1L	6.99054467777518	4.05338069056191e-09	2.58077072229445e-08	0.4968
ESYT3	2.88289931484417	4.05436592437581e-09	2.58077072229445e-08	1.0124
ANKRD49	4.34699889597272	4.08127156445117e-09	2.59699176300525e-08	0.7074
DHRS7	5.57652182330091	4.12748861654063e-09	2.62334535877211e-08	0.5744
MEF2C	1.04209996274498	4.12843515323854e-09	2.62334535877211e-08	2.1654
LMO7	6.70118786605376	4.18294367627116e-09	2.6570570547671e-08	0.5282
SLC40A1	3.09638710030841	4.19260605648234e-09	2.66190309136185e-08	0.9513
FABP3	0.126501534079763	4.24901851449781e-09	2.69621418146236e-08	2.7844
APC	5.43749270495096	4.26925301945311e-09	2.70811268669687e-08	0.6248
NR3C1	6.86965083734412	4.31689715045291e-09	2.7364331381482e-08	0.5309
ITGB1	9.70154732986163	4.35014994866694e-09	2.75655458045344e-08	0.5097
SERINC3	6.52815515066282	4.35244116895168e-09	2.75704947884739e-08	0.5227
POLR2M	3.01885453448918	4.46237449312453e-09	2.82461063129437e-08	1.0423
RIMS2	2.51258376181817	4.46373886463861e-09	2.82461063129437e-08	1.2801
KLC3	4.13355664211791	4.50611166964271e-09	2.85043571174627e-08	0.8135
SERPINH1	8.15317312696999	4.56185102067714e-09	2.88369640697652e-08	0.4912
DDX47	7.86024312478986	4.56958843544633e-09	2.88758762469741e-08	0.5342
RBP7	0.87109456987084	4.86675576899593e-09	3.06899804209982e-08	2.2552
LINC01239	-0.449015738822714	4.92627372844715e-09	3.10545763765647e-08	4.287
RBM27	6.41614651383853	5.03643902805536e-09	3.17161886499409e-08	0.5075
SON	7.8695950637501	5.0563905627713e-09	3.18308503841217e-08	0.4838
OGT	7.60755345569024	5.19255746057157e-09	3.26430196281662e-08	0.5163
CDKL5	1.58505952526315	5.5264694599226e-09	3.46705245568203e-08	1.8983
ADRBK2	1.86581598866403	5.54933289897249e-09	3.48019997951363e-08	1.6522
EXTL1	0.400403703046358	5.57300188193685e-09	3.49384348752195e-08	2.8213
ZSCAN23	4.01729296630538	5.76014592550615e-09	3.60992873381532e-08	0.782
NUMA1	7.89083840329921	5.77387451403935e-09	3.61729077310578e-08	0.5791
SH3BGRL	6.21825150999326	5.80738290699563e-09	3.63703541509819e-08	0.7077
LGR4	6.2120542129423	5.92918666400094e-09	3.70822993278524e-08	0.5625
EDEM3	5.36038654413055	6.26601161218516e-09	3.91084813648042e-08	0.5976
ZHX2	3.50390106275943	6.51951349197509e-09	4.06489884936808e-08	0.8518
LRRC3	0.0225918882249981	6.53781906464424e-09	4.07492061605139e-08	3.034
FKBP9	7.21063770042404	6.60784676904532e-09	4.11435370449152e-08	0.4804
RRAS2	5.52830899810207	6.68553019908592e-09	4.16130376114942e-08	0.5804
TMEM133	2.75460994823273	6.73240641031726e-09	4.18905287753074e-08	1.0336
ZKSCAN1	6.59222515531196	6.73691309400583e-09	4.19042880559354e-08	0.4947
ABL2	5.71340570154055	6.74664854591298e-09	4.19505503590556e-08	0.5532
NATD1	2.14409329396339	6.98175858762764e-09	4.33533961822212e-08	1.4804
ADAMTS10	-0.335632507772653	7.03762235525562e-09	4.36705757027691e-08	3.4455
TMEM200B	0.935501828706492	7.09384032733619e-09	4.40044678952937e-08	2.1414
NEBL	4.40006343120787	7.47947679511055e-09	4.62708669507077e-08	0.6883
SPEN	7.12547867086168	7.53609861826177e-09	4.65738037830017e-08	0.5252
DBH	0.0851629069820914	7.68959698529144e-09	4.75063561974553e-08	2.725
SH3BP4	8.02307414853078	7.71601413402118e-09	4.76079391375562e-08	0.5088
ZNF813	3.91935552982488	8.05755364734617e-09	4.95949761921617e-08	0.7853
GALNT7	7.16230089197056	8.17130556054596e-09	5.02612379761884e-08	0.5043
FAM46B	2.27498074933761	8.17481133287239e-09	5.02658658447014e-08	1.4251
CEP170	1.46583522225113	8.21908321663846e-09	5.05210717855056e-08	1.6849
CXorf23	3.72421180995174	8.48850566482456e-09	5.20719621697033e-08	0.8154
ZNF331	5.66365171283581	8.50835141969617e-09	5.21761718233031e-08	0.5605
ST7	4.67505604086959	8.61020908897896e-09	5.27830682096709e-08	0.6255
HERC1	5.91158865483416	8.61938909806072e-09	5.2805711834246e-08	0.5251
ZNF761	5.36109334327822	8.8362832072878e-09	5.40809340449092e-08	0.5541
MUC16	7.04719922428746	8.85219566924515e-09	5.41574008504489e-08	0.8302
APP	8.56839789327953	8.92966008001244e-09	5.46130232565183e-08	0.5066
LRTOMT	3.8024184512552	9.05841684974944e-09	5.53448654648681e-08	0.7702
HHIPL2	3.67251496315563	9.30455821348966e-09	5.67537636971157e-08	0.8275
ROCK1	6.32127279186646	9.41524624839631e-09	5.73905627748658e-08	0.5361
TSPAN33	2.57339511397833	9.47458337012103e-09	5.77329753020459e-08	1.1186
SLC20A2	5.43399376367983	9.50551121423850e-09	5.79021063487281e-08	0.6053
FAM161A	4.45996923424394	9.53559149760019e-09	5.80659634356868e-08	0.6514
KCTD20	6.2805437731005	9.86907488516206e-09	5.99966137540855e-08	0.5359
DCBLD1	3.55305376161428	9.9891819301791e-09	6.06661694335827e-08	0.8395
GRAMD2	5.28537725622686	1.0119039911816e-08	6.14343839807493e-08	0.658
SLC24A1	4.89193231913511	1.06190813759082e-08	6.43631970778818e-08	0.7009
ZNF84	4.76597988766767	1.06626855904409e-08	6.46060365546265e-08	0.6117
SSH1	6.60770294017944	1.10726047526066e-08	6.69786190734214e-08	0.5172
FAM76B	4.58988260429543	1.10965132118274e-08	6.7101008676754e-08	0.7831
CGB	-0.312296059492759	1.1510634199158e-08	6.94441962788591e-08	5.2714
RICTOR	6.89974258119901	1.1597248712697e-08	6.9943631482985e-08	0.5909
LINC00452	0.106224927863633	1.16808683356406e-08	7.0401430285723e-08	2.7431
SYCP2L	3.3149075020999	1.17380362198343e-08	7.07226367093384e-08	0.8701
LOC100093631	4.93806480257445	1.18634081113183e-08	7.14308636148506e-08	0.9033
TP53INP2	3.05869219491063	1.19799396214023e-08	7.20374761950992e-08	0.9889
AHNAK	10.5896677700925	1.21543603065799e-08	7.3042775272154e-08	0.5343
PLEKHO1	1.83380925606729	1.21551244126207e-08	7.3042775272154e-08	1.5516
CLINT1	7.77144890076963	1.21740935533392e-08	7.31326923033104e-08	0.5541
SLC1A4	2.93673335703151	1.25989327207636e-08	7.55356701971301e-08	0.9598
SPTAN1	8.45566942990946	1.26329183353128e-08	7.56897135311685e-08	0.5256
ARL5B	5.92236400316642	1.30564346136956e-08	7.8175883997254e-08	0.5842
TULP4	4.60961065452602	1.31130309168319e-08	7.84890139074373e-08	0.6494
SH3PXD2B	5.31735162543114	1.31496674122813e-08	7.86613930587012e-08	0.5577
INHA	2.05433652119736	1.31504476125743e-08	7.86613930587012e-08	1.4914
KATNAL2	3.05277738102222	1.32285379034878e-08	7.91025836770627e-08	1.0309
BTBD11	4.74843420474275	1.33185108535174e-08	7.96090003772864e-08	0.6295
RBM11	1.62387385478581	1.33219487375444e-08	7.96090003772864e-08	1.5157
MON2	5.42699914930207	1.34724571415509e-08	8.04820607251811e-08	0.5731
DNAJB14	5.18625957853905	1.36468977726476e-08	8.14441862495767e-08	0.6277
HSPA13	5.93116581855792	1.37217161871581e-08	8.18639381414245e-08	0.6152
KAT6B	5.85728235986055	1.40222917691955e-08	8.35207042539751e-08	0.5389
PIAS1	5.63676783093972	1.45477218608569e-08	8.65938083768517e-08	0.5763
TMCC2	1.68628491935786	1.47688878578815e-08	8.78243702714932e-08	1.4829
NCOA3	6.78702688072429	1.49056270883864e-08	8.85064198121394e-08	0.4934
PMS2P9	1.23055699148528	1.49309374923944e-08	8.86148227767073e-08	1.8303
AMPD3	4.00587688910554	1.50790972459678e-08	8.94359971807631e-08	0.7117
EGLN3	5.07818857327252	1.51944436304029e-08	9.00908616163158e-08	0.5675
ANKRD36B	3.35203316085046	1.53439544227356e-08	9.09478025783962e-08	0.955
PCDHGA11	0.505686548967506	1.53516503684377e-08	9.09638848186301e-08	2.303
OSBPL6	3.07440940815871	1.53620065446997e-08	9.09957143024133e-08	0.97
C1QTNF6	6.37963467799358	1.55765763495109e-08	9.22068670028118e-08	0.5107
ULK1	5.01112845773625	1.57062782630965e-08	9.29445108496241e-08	0.6164
DOCK8	2.49069955737361	1.61611290681625e-08	9.55432552682561e-08	1.2031
ART4	-0.894943771650825	1.63155546474066e-08	9.63937752890144e-08	6.9084
SLC35A1	4.00208627871303	1.66475384549227e-08	9.8291546582493e-08	0.7606
GGTLC1	-0.477621570608393	1.66859008505357e-08	9.8454365199541e-08	4.2614
XPR1	5.61129555893495	1.70951172082043e-08	1.00836335946035e-07	0.5303
ARAP2	5.51419309302225	1.71350880766627e-08	1.0103945992492e-07	0.534
MAP3K12	2.70446964975913	1.71940305926415e-08	1.01354285598729e-07	1.0944
ZFPM2	2.56543846008233	1.72890589993052e-08	1.01881556194743e-07	1.076
CLK1	5.62989685135894	1.73091355461084e-08	1.01966950154809e-07	0.5375
MAP3K7	6.52153704562848	1.74126971722626e-08	1.02543935347363e-07	0.4957
MT1F	2.631141021194	1.7869974640568e-08	1.05101242602516e-07	1.3122
FAM13B	5.12645991964382	1.83339963779679e-08	1.07760926553825e-07	0.5806
OFD1	5.51895846698136	1.90818872037264e-08	1.11976513272655e-07	0.5377
EPG5	4.92770577816521	1.92011705076561e-08	1.12604101762855e-07	0.7888
PAPLN	0.457639825823336	1.99269294123107e-08	1.16672874711721e-07	2.4624
TPTE2P1	1.46161932656504	2.00837797800535e-08	1.17553537564815e-07	1.6405
FAM179B	4.17807604882955	2.03548955142041e-08	1.19064073216056e-07	0.7764
MITF	4.66554608708332	2.09121415891578e-08	1.22245295181449e-07	0.6163
CHD2	6.6829176765488	2.1365198701172e-08	1.24733951867156e-07	0.5046
HHIPL1	-0.181486943541749	2.1386739910024e-08	1.24819796610421e-07	3.0251
RIMS4	-0.895974593433148	2.1800565984472e-08	1.27113105273881e-07	6.9008
SLC4A7	5.69783375517596	2.19955294774103e-08	1.2816801345024e-07	0.5912
RCOR3	5.00257099760847	2.26196088563628e-08	1.31762469458123e-07	0.5867
LINC00342	1.42900732168759	2.31749225809087e-08	1.34911156453147e-07	1.9265
SLC12A4	3.93455558414635	2.32266403126947e-08	1.35169125135019e-07	0.8381
KDM2A	7.88503754845024	2.37192788836655e-08	1.3790418958605e-07	0.4777
SEMA6C	0.815825003288626	2.37766072997168e-08	1.38193487062601e-07	2.384
SIM2	4.15066719123816	2.39094044724952e-08	1.38876897247812e-07	0.686
BIRC2	5.86119588545401	2.40115852038572e-08	1.39381716846301e-07	0.5119
GPR17	-0.54133432453883	2.40525349817841e-08	1.3957504088603e-07	4.1666
TP53I3	4.14961613866694	2.41105661021393e-08	1.3986733230399e-07	0.7048
C5orf15	6.83537595981161	2.41404476102966e-08	1.39996191732393e-07	0.4787
CEP57	6.08792822576907	2.44220124370961e-08	1.41494211060497e-07	0.5354
FGF12	4.04032479769848	2.50872170929397e-08	1.45256021328483e-07	0.6995
ZNF106	7.42409110409969	2.53338546223725e-08	1.4663755548067e-07	0.4643
TNRC6C	0.47522135237192	2.56150309296288e-08	1.48218068035278e-07	2.2582
GPR137	5.01843892482663	2.6514401077169e-08	1.5322789049218e-07	0.5888
RBM25	7.90005811177689	2.65613495161709e-08	1.53413889234475e-07	0.5268
LINC01260	1.39098342016743	2.73801627984235e-08	1.57981116323647e-07	1.5986
PPP1R3B	2.05950243816819	2.74982746200827e-08	1.58612480715397e-07	1.245
GNS	7.15624460856696	2.86602253588437e-08	1.64845959089808e-07	0.5555
ACOT11	3.71213445236558	2.88185682959435e-08	1.65704498523069e-07	0.7949
UBE2Q2	5.15391934305952	2.9042788777978e-08	1.6688862194862e-07	0.6003
SMARCA1	7.68224067583369	2.90820390870469e-08	1.67061581363476e-07	0.4744
ZNF37BP	3.75571606544728	2.95534944737102e-08	1.69609743826487e-07	0.7497
S1PR1	0.35863856493834	3.03908249464924e-08	1.74360433759637e-07	3.1928
GNGT2	4.27613463538328	3.10893682082336e-08	1.7808832946643e-07	0.6525
LIMCH1	9.00296542952008	3.11691215257886e-08	1.78489172702257e-07	0.4656
CREG1	5.39623464608894	3.11945603204716e-08	1.78522850536216e-07	0.5402
TSC22D2	5.16255314882919	3.12657946897865e-08	1.78874443076384e-07	0.5445
ATRNL1	-0.935465215583561	3.15317129725262e-08	1.80169938036444e-07	6.8579
MAPT	-0.935465215583561	3.15317129725262e-08	1.80169938036444e-07	6.8579
LGALS14	-0.935465215583561	3.15317129725262e-08	1.80169938036444e-07	6.8579
ZNF148	6.48663207325514	3.47239215316496e-08	1.97914427562221e-07	0.5236
FNDC3A	6.54217703064305	3.47946142996976e-08	1.98193597084331e-07	0.5575
ITSN2	5.17381387910534	3.49655558682851e-08	1.99105174027265e-07	0.5714
EPS8L2	6.71307035524891	3.49835890894823e-08	1.99145744439535e-07	0.4799
FIBP	6.02550062894083	3.50700789423412e-08	1.99575860714271e-07	0.5057
CEP350	6.22304603561783	3.51641657250831e-08	1.99986607313744e-07	0.4814
AMIGO2	6.73976917773609	3.518017380775e-08	2.00015338845931e-07	0.5646
SLC41A2	4.20518198511253	3.61223415090468e-08	2.0530805310995e-07	0.6647
ABCC9	0.187242938954477	3.67229096179171e-08	2.08526730321833e-07	2.8367
MXI1	4.32841136951731	3.69173962084903e-08	2.09565915790485e-07	0.6494
PROC	2.31955321718458	3.73970853680255e-08	2.12156988961676e-07	1.1579
FAM105A	3.6963926049647	3.78159052752122e-08	2.14399741212507e-07	0.8004
ARFGEF1	5.96909024823662	3.79226094400226e-08	2.14871247031984e-07	0.4907
LOC553103	2.15934738267611	3.82290367818615e-08	2.16473106541459e-07	1.2001
ZKSCAN8	5.92588892228455	3.83917898151363e-08	2.17327291431048e-07	0.4935
ACTR1A	5.20932563179686	3.85826458829754e-08	2.18167703251879e-07	0.6332
SMCHD1	7.53631957079427	3.85880539987027e-08	2.18167703251879e-07	0.4588
RPS6KA3	7.18297748679051	4.05097614262808e-08	2.28607791220458e-07	0.508
LOC728743	1.0972074741762	4.11834871626421e-08	2.32122797666315e-07	1.7345
LONRF1	2.30492723026655	4.27960086348208e-08	2.4091394808427e-07	1.1596
ELOVL7	5.43949582830964	4.29150332844979e-08	2.41509509137421e-07	0.6075
XKR6	2.33557832260425	4.30222523506559e-08	2.41963721168692e-07	1.1205
ZNF516	4.27946539709879	4.36455789702237e-08	2.45167289132432e-07	0.6969
DCP1B	2.99469598750829	4.38646542704978e-08	2.46322094236299e-07	0.9311
LOC102723809	1.23144018848461	4.40213578814176e-08	2.47126048426556e-07	1.6662
DNAJB2	5.13882149817245	4.47964158872394e-08	2.51245274481549e-07	0.5524
MED13L	6.76369234079095	4.52040244989786e-08	2.53297934700231e-07	0.4948
CEP128	5.17969956049305	4.52357737223421e-08	2.53398062312083e-07	0.693
MICALCL	0.836314372710221	4.54288776850984e-08	2.54323701631143e-07	2.1275
PKP1	1.62373262419436	4.55224199635462e-08	2.54769251641477e-07	1.4863
USP45	4.52220255304868	4.71753933161521e-08	2.63777635644616e-07	0.6244
HMGCS1	8.77284355105535	4.78455660826159e-08	2.67361081850087e-07	0.467
MGST3	5.91804814272251	4.7901024221735e-08	2.67507218780053e-07	0.5
C14orf28	2.10431372314469	4.81282903862919e-08	2.68694210792705e-07	1.2675
NKX3-1	3.34637781636463	4.85695896066606e-08	2.70992184553544e-07	0.8579
ANKRA2	3.34576466446334	4.86417462400912e-08	2.71311860482464e-07	0.8575
SC5D	5.2300974495341	4.87621712104431e-08	2.71900487971243e-07	0.5293
ARMCX3	5.68202424036152	4.88434748200287e-08	2.7227067979067e-07	0.5341
KCNG1	-0.542034870628993	4.98449673110067e-08	2.77683772728025e-07	3.6055
GRN	6.7371350645797	5.08703560042476e-08	2.83223305646095e-07	0.5017
SLC38A1	8.14105227784526	5.10065692838488e-08	2.8389510025791e-07	0.4672
TBCK	4.012961347142	5.30715594196576e-08	2.9484917491335e-07	0.7554
ARHGEF26-AS1	0.981767005660766	5.36492092643168e-08	2.97696037790081e-07	1.818
ERV3-1	2.67429607537427	5.37768979864665e-08	2.98313901440575e-07	1.0104
DPF2	6.09006930481727	5.47346666205209e-08	3.03350356352225e-07	0.5301
ZNF662	2.90287285400485	5.6242888625401e-08	3.11425591369524e-07	0.9216
CCDC132	5.09038871521684	5.63001213485215e-08	3.11647973116619e-07	0.5521
ANKDD1A	3.51384056463734	5.67815818010277e-08	3.14217810657642e-07	0.8204
ZNF649	3.32308793328684	5.74968914361946e-08	3.17694688274567e-07	0.8776
XYLT1	2.3941276498634	5.76241757852471e-08	3.18301649965347e-07	1.0787
PIK3C3	4.41958188390457	5.76728900946925e-08	3.18474374340202e-07	0.642
BGN	-0.444747525037159	5.77635037869546e-08	3.1887829607942e-07	5.2178
C11orf80	4.67422623646194	5.86383099796179e-08	3.23609730044711e-07	0.6196
LINC00470	3.61267177092444	6.16327486102926e-08	3.39621931370209e-07	0.8315
PLCD3	5.21006407720566	6.17569193827616e-08	3.4010085075466e-07	0.5369
SPEG	4.58864953894578	6.18740979594763e-08	3.40438074848764e-07	0.6789
DPY19L3	4.5714075003231	6.26773079798012e-08	3.44753520481847e-07	0.6164
RDX	8.49257618317995	6.41055511887153e-08	3.52291072396504e-07	0.4893
CEP126	3.808824538183	6.41811025600195e-08	3.52600122881648e-07	0.7199
KDM5B	6.45684168614106	6.44143702971713e-08	3.53775193786149e-07	0.5713
TMEM37	1.22696238080731	6.45470903663608e-08	3.54397498264145e-07	1.9295
ASXL2	6.21558806602746	6.54035370663126e-08	3.58883971350346e-07	0.4893
GLRB	3.00988775215934	6.57383747939058e-08	3.60612911730032e-07	0.9846
TRIM56	5.90670923733961	6.64150457701409e-08	3.64215402697414e-07	0.5479
TPGS2	6.04518251421783	6.66292838834899e-08	3.65280542515613e-07	0.4921
STXBP5	3.58198085541316	6.67674187408171e-08	3.65927948523674e-07	0.7751
INHBA-AS1	0.219826219270339	6.70691040468515e-08	3.67471057466783e-07	2.6965
SLC35D1	3.81169886200394	6.77533910639604e-08	3.71108883067405e-07	0.738
PAPOLG	4.76028820722145	6.79654590134471e-08	3.72158794166014e-07	0.5823
ANKRD36	4.00787696620655	6.84472749750356e-08	3.74684693236657e-07	0.8551
ZNF217	6.38326496520619	6.8779809530906e-08	3.76279353549961e-07	0.5185
POGZ	5.93240173969315	7.04860781149827e-08	3.8515230232479e-07	0.4871
SLC35E2	3.71541483309066	7.09133907561724e-08	3.87371293131264e-07	0.7598
ZNF334	2.29808007909526	7.3346544492226e-08	4.00215242370544e-07	1.4047
MMP19	0.719799704611158	7.49721500838384e-08	4.08686644350718e-07	2.5222
THSD4-AS2	-0.604707992702388	7.67615835135856e-08	4.18066667250602e-07	4.0834
ID2	-0.97871375400627	7.69374825397654e-08	4.18899696166405e-07	6.7936
ZNF697	3.05953365323243	7.84644755094308e-08	4.26349219842528e-07	0.8792
TRAK2	6.11309188866179	7.86085377504096e-08	4.2697931126792e-07	0.491
STON1	0.832127887172587	7.99144877951511e-08	4.33943750502165e-07	1.931
DUSP19	3.63430872584354	8.05374909431436e-08	4.37196679945891e-07	0.7722
BHLHB9	3.18755841289452	8.25905133297791e-08	4.47543013163683e-07	0.9433
KIF26A	0.75903084169285	8.3381689401464e-08	4.51428268598199e-07	2.2122
ZNF268	4.36890882945532	8.42875639465106e-08	4.56062171727177e-07	0.6249
PRRT2	1.27380768265913	8.48585853143322e-08	4.59015802518059e-07	1.7168
SYT1	0.899570643685853	8.51805213524017e-08	4.60539111509556e-07	2.0426
YTHDC2	5.3165245617635	8.51906540078752e-08	4.60539111509556e-07	0.525
CAV1	10.6329129086758	8.57866254813989e-08	4.63623633744351e-07	0.512
PON3	0.948023440296163	8.7812609747237e-08	4.74151731305992e-07	2.1309
NLRP3	0.0214115486230483	9.01962115645534e-08	4.86590436856527e-07	2.8147
MAP3K9	5.2771853658232	9.17110687761152e-08	4.94616623804065e-07	0.531
AGFG1	7.36489242439216	9.21761418409123e-08	4.9697804059294e-07	0.4809
BMP2K	4.80830570398309	9.24065724311537e-08	4.97977747489057e-07	0.628
DFNB59	3.28338686660015	9.24161157149936e-08	4.97977747489057e-07	0.8244
CUL4B	8.58567537377405	9.36280872189836e-08	5.03913431683303e-07	0.451
LIPA	6.21903478773772	9.4204870512673e-08	5.06718949934991e-07	0.495
LOC100268168	0.255765972924467	9.69075652852048e-08	5.20796147143567e-07	2.4544
ZNF300	4.11074327881763	9.80087462702432e-08	5.26249315267517e-07	0.6713
CMYA5	0.979105134668811	9.88191355890724e-08	5.29977126708022e-07	1.8852
SGPL1	6.25247788321718	9.95927545373708e-08	5.33520533736912e-07	0.4709
LOC151475	0.745193018913956	9.95967341682404e-08	5.33520533736912e-07	2.1179
SNX10	4.62091491245077	1.00683589784981e-07	5.39026280092263e-07	0.5812
LINC01116	0.681031769346763	1.0089986739493e-07	5.4002579277685e-07	2.1251
ZNF629	5.69527224777522	1.014219267769e-07	5.42660813376053e-07	0.5097
IFI16	5.12986668461173	1.01480371590107e-07	5.42814434148548e-07	0.6349
RBM4	5.51053389435635	1.02883983170842e-07	5.50161100400381e-07	0.5893
BOC	1.55448191966165	1.04314121398492e-07	5.57318876280616e-07	1.4075
TET2	3.61948542945795	1.05105496432005e-07	5.61218468225413e-07	0.7799
PAPSS1	4.83980436545407	1.0532152338555e-07	5.62207523662748e-07	0.5622
UBE2D1	5.57089790532815	1.05664560532377e-07	5.63873784589031e-07	0.6471
UHRF1BP1	5.6218625433033	1.0574758726733e-07	5.64151944229216e-07	0.5184
RNF146	4.9905192781652	1.10131285919811e-07	5.86681282682251e-07	0.5506
TMPRSS13	3.60509717258007	1.11139840499534e-07	5.91191412633885e-07	0.7544
NCSTN	5.78549350765899	1.1186314520163e-07	5.94692364240233e-07	0.4856
ZNF503	1.91628616389554	1.12550498902136e-07	5.97824238567759e-07	1.3289
BRD8	6.69168846635256	1.14693844918427e-07	6.08323891002559e-07	0.4643
PSG1	0.296426062093732	1.1566346948154e-07	6.13288498069994e-07	2.3864
TM6SF1	1.5430544217689	1.16973799182232e-07	6.20056236315573e-07	1.4632
PAXBP1	5.35192508857606	1.17183622987236e-07	6.20811993979178e-07	0.5092
ZC3H6	3.88839074191931	1.17622912633096e-07	6.22773750878712e-07	0.7105
ZCCHC14	5.26491123685039	1.17744400047837e-07	6.23055584716903e-07	0.5223
PIP5K1A	6.49629954337022	1.18555948720145e-07	6.26986500531567e-07	0.4864
NLN	7.13294814914115	1.19265533642637e-07	6.30191485435593e-07	0.4908
SHPRH	3.82890449420977	1.20115146175322e-07	6.34497137898346e-07	0.711
ARNT	5.48843966790649	1.21009087185058e-07	6.38480316661972e-07	0.5206
LOC101927843	-0.0403224569845959	1.2330645665285e-07	6.50038311479765e-07	2.7661
SH3BP5L	4.66593182521937	1.26439946414678e-07	6.65980283250537e-07	0.6002
DCTN4	6.03353500013168	1.27282694118902e-07	6.69839395743638e-07	0.4751
CSGALNACT2	4.42044908186137	1.27368522510448e-07	6.70097909784075e-07	0.6132
BVES	2.09081390939154	1.28186524732022e-07	6.74013017139342e-07	1.2059
EXD2	5.17357555977709	1.28838869299588e-07	6.77248027046724e-07	0.5516
NEMF	6.42447479998533	1.28923282169934e-07	6.77496672220586e-07	0.5272
SUGCT	2.30940478505642	1.31490078517502e-07	6.90190590401239e-07	1.2369
GPR162	1.05176269097769	1.32324978645617e-07	6.94173796021375e-07	1.9025
ARAP1	6.55576703950539	1.33198039243429e-07	6.98352499835737e-07	0.4484
ARRB1	4.8628901313864	1.33813092058326e-07	7.01375770490036e-07	0.621
KLHL36	5.97432702364092	1.36707686883814e-07	7.1552050795611e-07	0.4885
UBR1	5.09316765919246	1.36776797680911e-07	7.15677047424108e-07	0.5851
USP9X	6.71123971108038	1.4108005758152e-07	7.37348276899007e-07	0.4752
PLEKHA4	0.872492130557443	1.41551437220703e-07	7.38965695710939e-07	2.0165
PLSCR4	2.71248017885072	1.4283899326566e-07	7.45261120622434e-07	0.9798
PPP1R9A	4.1592518189226	1.43047169981613e-07	7.46134038624093e-07	0.6454
TRIM23	4.02909789355024	1.43951600999144e-07	7.50637083073514e-07	0.6624
ITFG1	5.44847767750401	1.44340098966733e-07	7.52447985932806e-07	0.5631
TPR	8.10009967159089	1.54821338296167e-07	8.04559735819763e-07	0.4859
NF1	6.89751961487683	1.56568483119589e-07	8.13176167235056e-07	0.4514
ZBTB5	4.10199423726854	1.59702046877535e-07	8.28979405116938e-07	0.6543
ARHGAP40	0.260050349424575	1.60166568819119e-07	8.30944447768942e-07	2.3345
TTC30A	3.54910788489382	1.61167147069788e-07	8.35628471820171e-07	0.8529
C3orf58	5.14773841325137	1.61711699426772e-07	8.3798148871279e-07	0.5594
STRN	6.59615748267251	1.65555736221645e-07	8.57414332046058e-07	0.5039
TMEM184C	5.47535376515714	1.68083710342512e-07	8.69273715584391e-07	0.4916
CCS	4.25257000074384	1.71058280077716e-07	8.83540563000742e-07	0.6954
LOC100128108	0.257570725600418	1.72760135987654e-07	8.91690427647895e-07	2.3267
GPER1	0.257570725600418	1.72760135987654e-07	8.91690427647895e-07	2.3267
MGAT4A	3.83862507002409	1.77720585358945e-07	9.16257273739874e-07	0.6982
CTTN	8.69343245156354	1.77922345092828e-07	9.17038490122717e-07	0.464
APLP1	0.877135782148827	1.86945398878949e-07	9.6083198252649e-07	1.8669
TLN2	4.59536065253153	1.89064021578754e-07	9.70627890309826e-07	0.6356
LAPTM4A	7.5051235935095	1.91661821947346e-07	9.83411529362213e-07	0.4395
UBE2Q2P1	0.0836692605735807	1.94084415308806e-07	9.95561979735195e-07	2.697
LOC100288152	4.19928818163278	1.98202195509622e-07	1.01639867450103e-06	0.7865
SHISA9	6.60842686535378	2.01380945019995e-07	1.03154055339086e-06	0.4496
KIAA0895	4.77001700100264	2.15203531627916e-07	1.09987560845443e-06	0.6407
IRGQ	5.09963621149788	2.15359458341183e-07	1.10036447564418e-06	0.628
FSIP2	0.479632747199247	2.15996114784266e-07	1.10330863780122e-06	2.2567
MGLL	5.74188611881764	2.16675194953656e-07	1.10646779274796e-06	0.4898
ANKIB1	7.22493280401504	2.17301129128235e-07	1.10935386279783e-06	0.4367
APPL2	5.08939750761146	2.17797708905868e-07	1.11157813077594e-06	0.5282
LOC101928304	-0.038622861571942	2.18197758481176e-07	1.1133086301935e-06	2.9515
ADHFE1	0.24003650074353	2.26726307267405e-07	1.15520945170911e-06	2.3058
BLOC1S6	5.84114055602629	2.29535675395465e-07	1.16887121060519e-06	0.4658
ASIC2	0.829594828023856	2.30795545961724e-07	1.17463158268113e-06	2.0618
NCOA4	8.10610929228647	2.32769627201252e-07	1.18425926203942e-06	0.4287
ZNF607	3.61042413109904	2.32816963817894e-07	1.18425926203942e-06	0.7239
SSPO	0.219789908629705	2.34774305703e-07	1.19388293173091e-06	2.277
CSNK1G3	5.87912573693212	2.35457212075988e-07	1.19685834331102e-06	0.4844
HOXA13	1.16046995210596	2.36233607705695e-07	1.20030079105905e-06	1.6711
ZNF223	2.51779524805037	2.37488050739497e-07	1.20633885762389e-06	1.004
C17orf97	3.16329904221448	2.37870574269788e-07	1.20794581470633e-06	0.8996
COPG2IT1	1.47013999244291	2.40456564358651e-07	1.22005976624e-06	1.3935
GNG2	0.861213464326865	2.44148253350332e-07	1.23775909835147e-06	1.998
BMP1	4.96597146343964	2.51534741936817e-07	1.27343822762022e-06	0.6085
TNKS	5.50052723819845	2.55070219095442e-07	1.28990634897684e-06	0.5397
CDR2L	4.91724871076592	2.5582804140531e-07	1.2933804275534e-06	0.5708
RAB3GAP1	6.41985821255955	2.57840333288855e-07	1.30319300235918e-06	0.4424
ZNF175	3.608925270404	2.58182297112582e-07	1.30456020373299e-06	0.7958
SYCP2	1.66125377574568	2.59482041360977e-07	1.31040225368907e-06	1.3272
ARMC9	4.37552702343266	2.61305409809304e-07	1.31851618614667e-06	0.5949
C7orf31	0.352038510234636	2.61379942583912e-07	1.31852783415637e-06	2.6075
FBXO17	2.80775600612074	2.6980396135868e-07	1.35934801277856e-06	0.9908
MAP4K5	6.54509161718461	2.69844281239566e-07	1.35934801277856e-06	0.4949
OSR1	2.22433908921213	2.71120104848425e-07	1.3653982438932e-06	1.2158
SLC26A4-AS1	0.692857592442365	2.74017944261725e-07	1.37923120773147e-06	1.903
TMPRSS2	-0.0866719499675503	2.80511356662684e-07	1.4107480240314e-06	2.6738
USP33	6.32797392364214	2.8059781368097e-07	1.41079418522715e-06	0.4574
KCTD15	4.61053150025178	2.82155584090883e-07	1.41784540136613e-06	0.5827
LOC105373311	1.26664647619951	2.84340831438536e-07	1.42804022523849e-06	1.526
SMARCD3	3.0101372649739	2.90761450558714e-07	1.45868124248417e-06	0.8913
MYOZ1	-0.338353281276744	2.94499489551194e-07	1.47581188066061e-06	3.0892
NXPH2	-0.639290915243701	2.96573419554648e-07	1.48579702178641e-06	4.026
LRRC37A3	1.92756014576033	2.9716343697852e-07	1.48834450081752e-06	1.1951
ZNF664	8.00771597694822	2.98091708771625e-07	1.49217500283378e-06	0.5159
FBLN2	0.343606447154148	3.00443135665789e-07	1.50270955745607e-06	2.1984
GAREML	1.51535549773754	3.20573923510969e-07	1.6007651935493e-06	1.6174
WIPF2	6.12096049882506	3.28483225765611e-07	1.63981125774596e-06	0.4928
PIK3IP1	2.65432556935427	3.28616890676959e-07	1.64003005910294e-06	1.0782
GNA13	6.00560264441639	3.29677813438066e-07	1.64487514679566e-06	0.5478
PURG	-0.482210395206596	3.31510771215111e-07	1.65266538484518e-06	4.2086
SOCS4	6.33092585568101	3.32528757830248e-07	1.65728774309282e-06	0.5143
MAN2B1	4.74882331509057	3.39524834989236e-07	1.69123202934884e-06	0.5526
MEST	6.36279797155464	3.42453797658297e-07	1.70489133625576e-06	0.5254
SENP6	6.66853749491639	3.44590449741633e-07	1.71506086436294e-06	0.4556
PNMA1	4.3705432468436	3.4522501247543e-07	1.71775083885294e-06	0.5931
SLC46A3	-0.133993005717845	3.46175364650235e-07	1.72154112150768e-06	2.6286
LOC100287896	3.78447894387356	3.50850297830531e-07	1.74289062236576e-06	0.7498
HERC4	7.21601283730446	3.56578788591992e-07	1.7703841078421e-06	0.4275
DHX57	5.30749398235546	3.56958519707942e-07	1.77178758449924e-06	0.5211
AKAP13	6.07268801106409	3.63753140966273e-07	1.80502238148417e-06	0.486
EPHA4	4.08176092311548	3.63934055956348e-07	1.80542938193997e-06	0.6505
PRKRIR	7.34626961756649	3.65927827576e-07	1.81433417170762e-06	0.4297
KLHL4	1.5812384426789	3.66393744683738e-07	1.8156580355446e-06	1.4984
APPBP2	5.48310529941238	3.68235381203716e-07	1.82428904186025e-06	0.5282
KIAA0232	5.82881808710731	3.69978814293562e-07	1.83242898365254e-06	0.4877
REPS2	4.75029717706605	3.76273132838385e-07	1.86158328268227e-06	0.5486
PRRC1	6.05450552614712	3.84546533171208e-07	1.90148469923445e-06	0.4751
LINC01484	1.24608975135942	3.86769481501216e-07	1.91195874743737e-06	1.6351
HAAO	-0.541704210055497	3.87655735175177e-07	1.91582108861885e-06	3.1772
PNISR	7.41287562411545	3.91532221359973e-07	1.9339318812629e-06	0.4476
ZMYND11	7.04702587673468	3.94882358837734e-07	1.94942464654994e-06	0.4713
GUCY2EP	0.625581250424422	4.00646224882103e-07	1.97681013012099e-06	2.1061
COCH	1.21918217412817	4.01327998388367e-07	1.97963899988598e-06	1.6473
HELZ	6.0279010342501	4.15766668358474e-07	2.05007042522447e-06	0.4971
CD177	2.69792278256567	4.15831002662478e-07	2.05007042522447e-06	1.0656
ZRANB2-AS1	0.843435532338464	4.17137589672543e-07	2.05595675946597e-06	1.8667
ZNF350	3.64714828837449	4.25040671146412e-07	2.09264900012106e-06	0.7231
DEPDC7	1.54063563546547	4.32927869599628e-07	2.12918404833265e-06	1.3482
MYO7B	-0.511821095536581	4.38823118792809e-07	2.1570153087457e-06	3.2188
ZNF12	5.65967307984117	4.4008764749379e-07	2.16264874633826e-06	0.4672
JUNB	5.86311252502095	4.41900544007011e-07	2.17038911256174e-06	0.4945
C6orf99	3.41651735525296	4.47635627980844e-07	2.1973745696204e-06	0.8341
TMEM30A	7.51352193052424	4.8031294661811e-07	2.35398473918395e-06	0.6182
ZNF528	3.38841026483198	4.85093115506239e-07	2.37613628030102e-06	0.7756
LNX1	0.578420362338516	4.88516798389257e-07	2.39162313526261e-06	2.0046
ZNF529	3.54926887601083	4.9212276349012e-07	2.4086308767495e-06	0.7227
PDP2	5.13718122555466	4.93229601997437e-07	2.41340112947339e-06	0.5013
FGF5	-1.06645472029925	4.94282169182104e-07	2.41790334420914e-06	6.6777
FAT1	7.40895793081804	4.95164974483816e-07	2.42157293709525e-06	0.508
ZNF594	4.31311748745778	4.99598654886842e-07	2.44129364122435e-06	0.5954
PEPD	5.56994485945037	5.09026411274966e-07	2.48337417537033e-06	0.5291
DKFZp434J0226	1.48096164069985	5.15637541644608e-07	2.51428391032692e-06	1.4091
KRAS	6.84619154571026	5.19343108534432e-07	2.53167631225757e-06	0.4405
PANK3	5.89503041459353	5.2694606836781e-07	2.56668287730062e-06	0.5038
PTN	4.51349213725041	5.31923163407571e-07	2.59023453485426e-06	0.9114
DHCR7	8.03599971956226	5.41865079145891e-07	2.6372404385197e-06	0.5216
KIF1B	5.8509597740686	5.4852329733552e-07	2.66751233781493e-06	0.4552
GUCY2D	0.238549100665852	5.52647509425093e-07	2.68685297791331e-06	2.2972
DENND4C	5.26542682082332	5.59507839292833e-07	2.71875834818471e-06	0.5154
KIAA1407	3.65656265077179	5.71736289904807e-07	2.77448636589637e-06	0.6965
PSAP	9.13159044573998	5.76115751910293e-07	2.79351106689889e-06	0.4302
LOC105369201	4.17101949324125	5.76531095480049e-07	2.79478270820068e-06	0.6257
BRSK1	2.24056979667362	6.05332350273719e-07	2.93050845574039e-06	1.204
LINC00998	5.73993643901869	6.05522984630131e-07	2.93065419072314e-06	0.5042
LOXL1-AS1	4.1167731951687	6.06617819836354e-07	2.93517490562748e-06	0.6517
EVPLL	1.88124943330582	6.11277144344006e-07	2.95693575705993e-06	1.1786
USP46	4.96481591100688	6.13953607024371e-07	2.96830960006274e-06	0.5348
TMEM263	5.96925239972122	6.18344321577451e-07	2.98716431191266e-06	0.473
ATP5S	3.84614072850804	6.23718073334905e-07	3.01153058630045e-06	0.7214
HIF1A	7.91793996047702	6.44527275079603e-07	3.10737600262437e-06	0.4133
BTBD10	4.89516858037854	6.44589883979978e-07	3.10737600262437e-06	0.566
RNF141	5.6599333768359	6.53005807851372e-07	3.14462517228558e-06	0.4954
APOLD1	4.18521791998658	6.54211112401886e-07	3.1487682752462e-06	0.6266
GULP1	5.17617216004536	6.56399430887145e-07	3.15846811024663e-06	0.7205
ATXN1	5.08905172870221	6.56935778929612e-07	3.16021596314598e-06	0.5117
ZNF211	3.18621217583736	6.62135636384063e-07	3.18355232494797e-06	0.8029
ZNF33B	5.71273169390515	6.63548153915943e-07	3.18866414790457e-06	0.5233
MB	2.31947630962835	6.70561535145118e-07	3.22151878568665e-06	1.2209
BEND3P3	2.29599488995583	6.77508390145993e-07	3.25318073921758e-06	1.152
ARHGAP29	8.64828368423894	6.81321297987792e-07	3.27062887616753e-06	0.4441
CCPG1	3.44281563101874	6.83166898930829e-07	3.2786264213673e-06	0.7584
USP32P2	4.68377058162677	6.9098131166469e-07	3.31264570003954e-06	0.5572
SDC3	5.78081604678048	6.93383107598565e-07	3.32328748026238e-06	0.4604
ABI3BP	1.93941879221887	7.03338719624928e-07	3.37011854736816e-06	1.2764
EXOC4	6.76386732963644	7.04893054668858e-07	3.37668003307128e-06	0.4179
MSANTD4	4.85213114881544	7.22927162916137e-07	3.45943860712897e-06	0.5332
SOCS1	1.19338330553334	7.27208359873755e-07	3.47901357910253e-06	1.5041
SUSD4	2.04154712079712	7.31587603561671e-07	3.49813077281872e-06	1.1978
RANBP17	3.09018146068527	7.43945465148581e-07	3.55535822297186e-06	0.8578
TOM1L1	4.71087831527461	7.5037048902999e-07	3.58418724430442e-06	0.5582
HOXC13	1.42578422744438	7.5314993259016e-07	3.59652240893695e-06	1.4587
MED12	5.31980085556515	7.63743008412378e-07	3.64520061740559e-06	0.4833
ZNF525	4.92184095999264	7.7768890472721e-07	3.7098219609877e-06	0.5588
CDC14A	2.33192751316741	7.88168553810377e-07	3.75490738996927e-06	0.9989
CH507-42P11.6	-1.06334970397164	7.9003090860863e-07	3.76181644954594e-06	6.7203
MXRA8	3.1683491433646	7.90377659020985e-07	3.762486191157e-06	0.8347
SBK1	4.60494849237619	8.14725153836896e-07	3.87535758427472e-06	0.5511
OPN3	3.9136911496988	8.17027444310696e-07	3.88428464149377e-06	0.7758
RBPJ	6.79606783701712	8.26485075154694e-07	3.92822481958451e-06	0.4433
KCNK15	-0.935653040776608	8.39123640336246e-07	3.98385509880242e-06	4.5512
GRIP1	3.88456255914996	8.40708144597597e-07	3.98959394015433e-06	0.682
BPTF	6.92845006235163	8.46899259996999e-07	4.01584230922214e-06	0.4317
P2RX4	3.55956696721405	8.5356228305974e-07	4.04533568004637e-06	0.7398
ZNF17	3.17687270378457	8.68779454154469e-07	4.11425102854578e-06	0.7782
CNST	3.95646544901598	8.70499833375609e-07	4.12132908664552e-06	0.6319
LOC100996763	2.4704020030785	8.74042434732421e-07	4.13702843880609e-06	1.0076
C5orf24	5.75738366361993	8.81197280823504e-07	4.16981274202019e-06	0.6871
EVC	4.03200424660633	8.91686580738697e-07	4.21616944262254e-06	0.6417
ERCC6	4.77727824813197	9.14184868017081e-07	4.31919227497925e-06	0.5242
MKL2	6.54833878734355	9.21501127299266e-07	4.35150661665168e-06	0.4262
RIN2	5.3246690707553	9.27907608143807e-07	4.37949361279042e-06	0.4767
KIAA1549L	3.91814473874735	9.30572568746098e-07	4.39093636987045e-06	0.6826
ST6GAL1	4.6427604854407	9.31569339841559e-07	4.39336860453307e-06	0.5769
RECQL	5.94346040865824	9.34381497528834e-07	4.40321853869034e-06	0.4668
PLEKHH2	1.6910784609267	9.431269970397e-07	4.44099212224832e-06	1.2953
GXYLT1	5.24848709019165	9.7353912359753e-07	4.57905894679479e-06	0.4785
C9orf72	2.90289154859193	9.75981882382842e-07	4.58859779675023e-06	0.9114
DDHD2	4.92111733110596	9.86023653538862e-07	4.63342286203487e-06	0.5107
ZNF432	3.62037238003448	9.87673002663109e-07	4.63997898523359e-06	0.7161
REEP3	6.54976143108907	9.93169461421922e-07	4.66460038274212e-06	0.4922
SORL1	3.12387377172979	1.01356708002477e-06	4.75428587177085e-06	0.7869
PAX8-AS1	5.65217816475194	1.01629872035628e-06	4.76587450265201e-06	0.4842
TUSC3	6.22829301545154	1.02108548253281e-06	4.78709208246508e-06	0.5141
BCAS3	3.37975205642021	1.02992057569292e-06	4.82479600458045e-06	0.7318
LOC102724434	1.73955951144657	1.0568422306594e-06	4.94837439418261e-06	1.2245
DLGAP1-AS1	3.6695601433759	1.07091052566848e-06	5.01295962989839e-06	0.6957
TBC1D15	5.69753529313952	1.0805056047561e-06	5.05528198883325e-06	0.5122
ZDHHC21	4.67743098797228	1.0935067378545e-06	5.11220643791293e-06	0.5971
SH3D19	6.59243570378325	1.09713564920049e-06	5.12783113461446e-06	0.4182
TRAPPC10	4.87888563516961	1.09746389897068e-06	5.12805245446859e-06	0.5569
SIPA1L3	5.66047286994526	1.12181057880392e-06	5.23779384313154e-06	0.4493
SESN1	3.13682050860506	1.13157748619384e-06	5.28204515161206e-06	0.8069
TMCC1	5.24660710621224	1.16213151233456e-06	5.42050916943786e-06	0.5107
BTG2	2.92982646116749	1.18665221261185e-06	5.5292299115472e-06	0.9249
PARP8	4.20282016150445	1.20310232300197e-06	5.60444909638276e-06	0.6195
ZNF638	7.1138969533773	1.20581312345888e-06	5.61564397496563e-06	0.4581
GABRA3	4.0915502005681	1.2130512436044e-06	5.64791214058705e-06	0.6153
HRNR	0.0454957968084349	1.21836522697378e-06	5.66831691733775e-06	2.5385
OTUB1	6.87064528202722	1.27393129939497e-06	5.91928984519079e-06	0.4369
DMRTA1	0.69123399820164	1.27863709190708e-06	5.93813247261655e-06	1.813
LINC00565	-0.741218961884744	1.28181157498737e-06	5.95136116810007e-06	3.9283
ZNF567	3.75892188604529	1.28590059675094e-06	5.96882819585181e-06	0.6679
ALPK1	4.21194690248192	1.29064584841578e-06	5.98628826440004e-06	0.6106
TBCE	4.65530538240751	1.29248120042363e-06	5.99327833246983e-06	0.571
DYRK1A	5.78488307061703	1.29807817794305e-06	6.0146485321138e-06	0.5075
ZKSCAN7	0.924093823989639	1.32521464841327e-06	6.13727007139337e-06	1.686
IGSF1	-1.20707794051777	1.32716937010157e-06	6.14476389058437e-06	6.5013
TRA2A	7.15282096299186	1.33288075842458e-06	6.16651574399368e-06	0.4133
CYP39A1	2.29517745517808	1.34124580006125e-06	6.20364411601675e-06	1.0002
SCAF11	7.46799518824324	1.36131847486588e-06	6.2932970567616e-06	0.4312
TMEM255B	-0.423089742854933	1.38254421439109e-06	6.38818708628796e-06	2.9943
WDR19	4.43158776362067	1.39280365657793e-06	6.43233583467918e-06	0.5645
SPATA20	4.68427031874351	1.41047560406718e-06	6.51230213147458e-06	0.5456
RUNX1	5.93573879282071	1.44012293360885e-06	6.64246697219886e-06	0.4617
KIAA1598	6.35031974303234	1.44803615972747e-06	6.67559296262241e-06	0.4188
ZNF606	3.5560419677198	1.46692607095518e-06	6.7524463820872e-06	0.6922
PNPLA6	5.60751562707284	1.49060156964857e-06	6.85624143499732e-06	0.4723
KDM3B	6.9450809751088	1.50422600372862e-06	6.91716622772534e-06	0.4637
KANSL1L	2.74413099063855	1.52437824519449e-06	7.00807082454563e-06	0.8764
SMAP1	5.6904151396051	1.52876780468064e-06	7.02648163198633e-06	0.4629
FOXP1	3.81295639038276	1.55399279637439e-06	7.13593912654564e-06	0.6628
LINC00884	1.91258195047229	1.55414625148693e-06	7.13593912654564e-06	1.1853
PAQR7	5.28085151021281	1.57285566199572e-06	7.21821341513167e-06	0.482
LRP6	6.61032738325833	1.58136346337272e-06	7.25543387467513e-06	0.4276
SCAMP1	5.4483571498235	1.59574462406034e-06	7.31773771837367e-06	0.5032
CD164	7.93109136414585	1.59796337536384e-06	7.324706157702e-06	0.5793
IFNLR1	2.92499769103033	1.59806664253544e-06	7.324706157702e-06	0.8072
CD200R1	-0.365903831643181	1.62537550684998e-06	7.44240161852351e-06	2.78
CCDC93	6.32498066625301	1.63739576869337e-06	7.49556097123021e-06	0.4392
CLCN3	6.80921661588622	1.67469523677494e-06	7.66438612247762e-06	0.4155
RNF103	4.83001512807828	1.68122664782175e-06	7.69042186986568e-06	0.5312
ZNF600	4.6558906676825	1.68566124116967e-06	7.70684488324403e-06	0.6202
CSAG3	3.09471260119527	1.69960619862331e-06	7.76476745797476e-06	0.8293
C6orf132	5.41203799273245	1.70328832491182e-06	7.77769676327917e-06	0.5027
HOXC12	-0.819612032366982	1.70558791493714e-06	7.78430324377311e-06	3.7945
DENND2C	1.09252579910312	1.70791684453453e-06	7.79298423239752e-06	1.7152
DYNC1I2	8.08765283615845	1.72475107543471e-06	7.86782999328736e-06	0.4563
ZBTB25	3.34826798538835	1.73374344958801e-06	7.90490020371594e-06	0.7153
ZNF678	3.67487269297046	1.79257576018115e-06	8.16294913391544e-06	0.652
TMEM150C	0.161246113222974	1.81030238375416e-06	8.2334031683647e-06	2.3289
ZFPL1	4.79851457893625	1.85396422512588e-06	8.42358658384718e-06	0.5385
TTLL5	6.03134082658487	1.86388504237265e-06	8.46655519620679e-06	0.5069
CBLB	4.02591040398278	1.87682331830843e-06	8.52108592366046e-06	0.6374
LOC102723996	0.731041540088641	1.8884262733238e-06	8.5652447318756e-06	1.7241
USP32	5.64052214312422	1.9158753873985e-06	8.68327236155588e-06	0.4647
RFC1	7.05838086712537	1.94912313890325e-06	8.82082102722303e-06	0.4023
BBS5	0.496067470582144	1.9511448048565e-06	8.82559453851841e-06	2.1045
SMAD6	3.39015043778438	1.95862106453197e-06	8.85721727869599e-06	0.708
GGCX	4.6353375602906	1.96605423835322e-06	8.88862956299566e-06	0.5175
SULT1A1	5.60040849454479	1.97468509343148e-06	8.92323046180325e-06	0.4453
TRIM29	7.67670574574154	2.03764462760541e-06	9.19635113017662e-06	0.4083
GATA2	4.44564379086665	2.04811559774311e-06	9.24132435798276e-06	0.5637
ZNF480	5.32122240700179	2.05370512522111e-06	9.26425519299148e-06	0.5617
NCR3LG1	0.359698356887754	2.06635236084456e-06	9.3167025684313e-06	2.0897
ITGAX	0.141995079071841	2.07090158791457e-06	9.33260414440101e-06	2.3042
LINC00312	-0.481744644455996	2.08163460370887e-06	9.37634377629141e-06	2.9078
SHC2	-1.20655894501675	2.11037552657857e-06	9.49877110779547e-06	6.5092
HIPK1	5.69735461343554	2.11135939611416e-06	9.50085707060887e-06	0.5321
ATG4C	4.66910505745537	2.13065205879461e-06	9.58294752041252e-06	0.5525
PRRC2C	8.26215220925664	2.14216656009581e-06	9.63236273918945e-06	0.4601
KRT16	4.28962489079586	2.17890223656385e-06	9.78068336137441e-06	0.5929
GBP1	3.40880771713499	2.18919806149504e-06	9.82206925796347e-06	0.7187
GNPTG	3.51864397976915	2.21036978363931e-06	9.90975215376209e-06	0.7261
ZFAND3	5.41286714111262	2.22192554403595e-06	9.95666979183122e-06	0.4905
ANKRD26	5.09872005042286	2.22786468019319e-06	9.98083376726548e-06	0.5135
EFCAB7	3.95134433948245	2.31687515082707e-06	1.0369422101863e-05	0.7824
LOC101929331	0.259202208248235	2.31873470225694e-06	1.03752011579418e-05	2.0725
DDX17	9.48144256111364	2.32552042017255e-06	1.04030141609091e-05	0.4135
TEK	-0.745654022694067	2.3557939180004e-06	1.05358583456676e-05	4.7377
PTGR1	8.63326784611834	2.37044919502439e-06	1.059880492392e-05	0.3968
U2AF1	3.75198948004389	2.39438121528538e-06	1.07005687799878e-05	2.2607
ZNF280D	4.90898312474952	2.39691976077459e-06	1.07092920099611e-05	0.4937
PAQR3	4.3144282930892	2.39922031157296e-06	1.07143263229148e-05	0.7372
HPN	2.11239652498976	2.41899527424771e-06	1.07973539674001e-05	1.2151
CLIP1	7.22991118296077	2.4234619213189e-06	1.08146469898797e-05	0.4285
CSRNP3	0.610129107651643	2.44407020081757e-06	1.08986188534747e-05	1.7934
SHC3	6.43560008945316	2.46855064085767e-06	1.10050941390714e-05	0.4139
ERCC2	3.87797287828248	2.52554125682057e-06	1.12509226902187e-05	0.6704
SUN3	0.460515043497375	2.55028709574653e-06	1.13556198097436e-05	1.8396
FBLN1	6.94655100303043	2.57764126031585e-06	1.14718232199723e-05	0.3955
ZNF862	4.63233118223907	2.59658767308842e-06	1.15530402977844e-05	0.5282
PP14571	1.09592253175968	2.59715586010666e-06	1.15530402977844e-05	1.4723
IFT81	5.19455193810078	2.60141252057894e-06	1.15635225166032e-05	0.4806
RHBDL3	-0.0227904387797209	2.62983988608149e-06	1.16813520584681e-05	2.4094
ANXA4	5.77616715512814	2.63625071519037e-06	1.17069795807627e-05	0.4611
KLHDC1	0.523229537269402	2.68904953828215e-06	1.19298392152804e-05	1.8393
MOSPD2	4.61112518434647	2.77297878144955e-06	1.22783169134473e-05	0.5115
BBS10	4.71501786842471	2.81995199288826e-06	1.24742048902758e-05	0.6534
CYS1	0.327777330580006	2.85568486076731e-06	1.26169851931675e-05	1.9576
LINC00933	-0.709494650040222	2.86487623368258e-06	1.2654531943409e-05	3.3644
CCDC82	5.37798516540301	2.91211995791018e-06	1.28601020686038e-05	0.4817
KDM6B	4.44419091860657	2.92209385330691e-06	1.2901026695519e-05	0.5595
ZNF616	3.689437023399	2.94478795080744e-06	1.29980775701017e-05	0.6382
VWDE	5.18216702439743	2.95772442316363e-06	1.30520224968033e-05	0.5628
NTAN1	1.8413451160129	2.96692249951453e-06	1.30894483207195e-05	4.935
MRPL45P2	1.43706700137639	2.97324564731642e-06	1.31141755345273e-05	1.3018
LATS1	4.97100773955266	2.9976327308315e-06	1.32185466507391e-05	0.4743
TANC2	6.62713073675597	3.01223236275522e-06	1.32733077514988e-05	0.4192
GSTP1	9.49517651418089	3.08510276220433e-06	1.35878494636435e-05	0.4049
SLCO1B3	6.19252739839175	3.11833159465199e-06	1.3730887986485e-05	0.4591
BCL2L11	4.52376993479623	3.14951366374777e-06	1.38648472257968e-05	0.52
VSTM5	-0.390745327169397	3.16199274906948e-06	1.39130729397475e-05	2.7621
HSPBAP1	3.33782942271136	3.16788489027556e-06	1.39356401341857e-05	0.7522
RWDD2B	4.36767695610782	3.24043067519712e-06	1.42341921093356e-05	0.555
ZFX	5.71646247931973	3.25916804287952e-06	1.43061725873548e-05	0.5035
LOC100133315	1.32191131369519	3.2699456548853e-06	1.43500307393235e-05	1.3322
EBLN3	5.35717968970259	3.29748347708844e-06	1.44596048565236e-05	0.4468
ZNF701	4.20322283395665	3.30519301959625e-06	1.44838223153502e-05	0.6162
ASAP2	6.75012070898633	3.31083664281691e-06	1.45015915909946e-05	0.4422
FAM155A	1.3206827169103	3.35157324029875e-06	1.46729786750345e-05	1.3639
MFSD8	4.36060214739638	3.36187760715387e-06	1.47145618787344e-05	0.621
MOB1B	5.51784212535514	3.37013727281443e-06	1.47471778649329e-05	0.4803
ENTPD5	4.3276706851619	3.39061162905263e-06	1.48296612122628e-05	0.5833
CTF1	2.85353723226355	3.4484633535217e-06	1.50718570701202e-05	0.7911
ZNF772	3.5364173885915	3.45835337803514e-06	1.51078485928235e-05	0.7
TMEM170B	4.42612372711977	3.47545216161722e-06	1.51789125986804e-05	0.5665
GGT8P	1.4856897514031	3.49698072197081e-06	1.52619842362656e-05	1.2631
PRDM6	-0.815484718174374	3.50868131145822e-06	1.53057314269967e-05	3.8153
INPP4A	6.0735474842315	3.54977842826278e-06	1.54739147531913e-05	0.4541
FOXO4	4.05363762756486	3.59088015360003e-06	1.56456105212702e-05	0.6539
TRAM1L1	2.01050502783941	3.63142438933728e-06	1.58109429171813e-05	1.0426
SLC22A5	3.65178520118536	3.65939725666916e-06	1.59289356980811e-05	0.6672
ZNF83	5.79817962105964	3.66106613718498e-06	1.59324012873537e-05	0.4493
TMEM30B	5.50448924161589	3.7375374063377e-06	1.62535690543356e-05	0.454
NIFK-AS1	3.28068033702163	3.74053388452482e-06	1.62627260290272e-05	0.7813
TSN	7.16516184832092	3.75539145552936e-06	1.63195492530693e-05	0.4057
ELF1	5.40317563137959	3.76127373391003e-06	1.63373336393675e-05	0.4928
RCAN1	3.88124301503639	3.76924994633705e-06	1.63680844482229e-05	0.6
EXT2	6.74828085218895	3.78095059375905e-06	1.64110875034867e-05	0.4432
PAK1	6.56701591987397	3.8527918310927e-06	1.67109925560533e-05	0.4034
LOC101927780	0.597490654738079	3.89458722469767e-06	1.68882623216343e-05	1.7711
LCOR	5.310177775171	3.91630224303155e-06	1.69783931961016e-05	0.4649
CDK13	6.71673213501033	3.92108645410373e-06	1.69950983632758e-05	0.3959
P4HA3	0.881702737286781	4.0214160904475e-06	1.74051617229041e-05	1.6167
NFATC4	2.94881721317362	4.02439171110088e-06	1.74117617098592e-05	0.8837
KIAA0226L	-1.06560895030692	4.0248485109337e-06	1.74117617098592e-05	4.3727
GREM1	-0.673817163578372	4.03084381383239e-06	1.74335666110694e-05	3.4102
SH2D5	1.24894599968766	4.09040922981593e-06	1.76786247394696e-05	1.5113
TEP1	4.12319515507242	4.21713965281458e-06	1.82048005442854e-05	0.5706
NARS2	5.52238331477054	4.28468414893477e-06	1.84823042069939e-05	0.4511
LOC101928505	3.3471857751828	4.3185542261445e-06	1.86205776930784e-05	0.716
YTHDF1	6.30054976095644	4.34048680283381e-06	1.8710726581472e-05	0.4022
SLC2A10	4.80921539865239	4.35676825681441e-06	1.87720465651177e-05	0.4919
TRIM17	3.34772264103311	4.36164087759726e-06	1.8788606857342e-05	0.6961
SH3GL3	-0.229650973244227	4.36649546812443e-06	1.88050816857937e-05	2.6941
N4BP1	5.58021430127971	4.47630461991239e-06	1.92551344070261e-05	0.4376
PRPF4B	7.18663769443619	4.47664415318067e-06	1.92551344070261e-05	0.4017
ZNF397	3.12752470088454	4.48666091187533e-06	1.92861976941832e-05	0.7229
LINC01336	-0.897185794896348	4.55031477401342e-06	1.95460109445621e-05	4.561
SH2D4A	6.34184803049415	4.587853955752e-06	1.97026256918862e-05	0.4076
IPW	-0.605079076819709	4.67101146663229e-06	2.0055029476679e-05	3.0895
UBE4B	6.52990945695866	4.67674385844161e-06	2.00749202632753e-05	0.3904
LOC100506272	1.62407913355166	4.68075681973757e-06	2.00874227788268e-05	1.1737
ZNF660	1.29486470732168	4.68860040354999e-06	2.01163546338916e-05	1.3269
PCDHGB2	-0.607641578837701	4.69050152279528e-06	2.01197828477798e-05	3.0762
BCAS4	2.29543970495045	4.75508512790452e-06	2.03776605856866e-05	0.9259
OR7E2P	-0.856091392309319	4.76510705426396e-06	2.04110263685225e-05	3.1782
TPTE2P6	0.127462939566905	4.76769212766503e-06	2.04173088160105e-05	2.3413
SNX33	4.68674528620623	4.82717774230328e-06	2.06478343166562e-05	0.5314
SHF	1.65546662454208	4.84401417019148e-06	2.07149971166586e-05	1.297
CARD8-AS1	1.32890541058326	4.85906770318246e-06	2.07745058522949e-05	1.3145
GPRASP2	0.0226978624664991	4.89226519154243e-06	2.09115414040737e-05	2.1494
ZC2HC1A	3.01592457165335	4.98245537245239e-06	2.12671744866708e-05	0.9012
LINC00346	4.06327029402054	4.99919779279917e-06	2.13336500479994e-05	0.5885
IGSF3	6.22217182389712	5.05146379397272e-06	2.15516529616186e-05	0.4335
SLITRK5	1.39549920671059	5.060331343459e-06	2.15844413565858e-05	1.4677
LOC105376902	0.492285172188517	5.12402591101932e-06	2.18408164911438e-05	1.8693
CREB1	5.56644372496135	5.12997828393074e-06	2.18610839289075e-05	0.5227
RNF213	7.62065749992349	5.13657164777498e-06	2.18840728125508e-05	0.4174
ALDH7A1	6.75500875038232	5.1641580576552e-06	2.19964697854767e-05	0.4269
ZMYM3	5.82858699226224	5.20903614246121e-06	2.21772770095084e-05	0.4117
CDV3	8.95436312297165	5.21222094867031e-06	2.21856623079798e-05	0.3856
ZNF580	5.14455820724258	5.23026634234831e-06	2.22572825981144e-05	0.4694
GGT6	0.782287334344664	5.32621157071558e-06	2.26550136148611e-05	1.6808
SEC16B	1.13588775569987	5.40579126647834e-06	2.29827958455586e-05	1.4354
FAM169A	3.78998096639366	5.51952717129902e-06	2.34390528121039e-05	0.6602
PCDHGC3	0.0241983295621937	5.52515469872077e-06	2.34574939953131e-05	2.174
PUM1	6.86655616002197	5.54224144295496e-06	2.3524566329362e-05	0.4158
CEP295	6.25506929243076	5.54839899492951e-06	2.35452282778785e-05	0.4096
LOC100506127	2.15787394388685	5.57302823807968e-06	2.36277760135584e-05	1.0067
METTL7B	-0.538627240711063	5.58167963189544e-06	2.36589606129285e-05	3.1874
TBCEL	3.81137447122805	5.62445684418046e-06	2.38181591619946e-05	0.6011
PAX8	3.16966577378185	5.74188448110705e-06	2.42985264457789e-05	0.7705
HMBOX1	5.21406355855511	5.78777642533892e-06	2.44757114711576e-05	0.5245
RAD9A	3.69895097849739	5.81635926689722e-06	2.45851944377114e-05	0.6255
HLCS	4.93394256517443	5.9111757761203e-06	2.49596700797509e-05	0.5237
RAB18	6.36665742964891	5.95787813287568e-06	2.51310127527215e-05	0.4444
TGFBI	8.9972850635532	5.96950464485297e-06	2.51742381142148e-05	0.4068
PIKFYVE	4.98813308762919	6.09787914389494e-06	2.56920429261292e-05	0.5331
BCLAF1	7.92499292535968	6.12502860932875e-06	2.58003050973479e-05	0.4297
MPHOSPH8	5.36964142999893	6.13473836030034e-06	2.58352441766189e-05	0.4841
RAVER2	5.12015859205162	6.29819839319753e-06	2.64808636264887e-05	0.4613
PHTF2	6.98088066914285	6.317579070119e-06	2.65562338254876e-05	0.3919
WDR44	5.80299611434804	6.39645121453226e-06	2.68506813916995e-05	0.4849
BRIP1	5.28718275102459	6.44444519578403e-06	2.70334998837852e-05	0.4412
LRBA	7.08402806989865	6.452600602414e-06	2.70614924414588e-05	0.3994
PLBD2	4.2337890440032	6.4824297359112e-06	2.71678689758482e-05	0.7079
CRAMP1L	5.18352761148955	6.49212834853965e-06	2.72022710881203e-05	0.485
COL11A1	0.940157780186666	6.50994084273391e-06	2.72706470915444e-05	1.5592
MTHFR	2.92528872353332	6.54554834050633e-06	2.74135192714576e-05	0.7709
SLC19A2	3.91682776065828	6.61493492264925e-06	2.76787192179428e-05	0.6233
SLPI	4.15178770515593	6.63605594902027e-06	2.77543728305416e-05	0.5833
TGOLN2	7.43299765517994	6.65866240511157e-06	2.78425425716255e-05	0.3776
CDK15	-0.234212770364248	6.77546549130803e-06	2.83244556925394e-05	2.6804
FUT8	6.97421389709673	6.85326909979086e-06	2.86169443471596e-05	0.4008
FZD2	6.35561046262318	6.87018611390228e-06	2.86810239413217e-05	0.4867
ELMOD2	5.69720007680859	6.98760990704056e-06	2.91445753856368e-05	0.4158
CELF4	0.933536850257237	7.02055252855117e-06	2.92752871085496e-05	1.5698
FSCN2	2.66490834178652	7.09520092227781e-06	2.95798100107567e-05	0.8126
ZNF865	4.95454401361576	7.10551430303619e-06	2.96092830669319e-05	0.4589
GNAS	9.40615822534949	7.19020579083114e-06	2.99553621445489e-05	0.4054
TAF9B	4.85145007724149	7.21396426757152e-06	3.00406322237194e-05	0.4975
RALBP1	7.56617040150506	7.22308186032723e-06	3.00648842777323e-05	0.4198
CELA1	-0.255064708711146	7.23642281691879e-06	3.01066852656494e-05	2.6608
FAM46A	2.45773296785988	7.25173836320411e-06	3.01635305442365e-05	0.875
DPY19L1	6.24804381263772	7.27153734949195e-06	3.02389944993906e-05	0.4246
EIF4A2	8.39492687268247	7.29151419533179e-06	3.03151635504389e-05	0.3716
ROCK1P1	0.901066389851587	7.46905266428593e-06	3.10179766695186e-05	1.5067
ALG6	4.52779533501004	7.53387633367788e-06	3.12729527848166e-05	0.4999
FECH	6.49891606450566	7.56323032069808e-06	3.13855983488796e-05	0.3883
SUSD3	1.70874203713284	7.56445183693418e-06	3.13855983488796e-05	1.1975
PURB	7.2593872958825	7.58447488079153e-06	3.14543783334235e-05	0.3861
PI3	1.75102221223276	7.7142228135973e-06	3.19779408912426e-05	1.0927
ZNF347	4.63283901954903	7.86962048587156e-06	3.25851194352623e-05	0.5051
SLC35A3	5.36811633620991	7.89991618283353e-06	3.27031450870315e-05	0.4823
LOC101060389	-0.478350934220884	7.99365975333851e-06	3.30760608604968e-05	2.6306
NUTM2B	-0.259311762797438	7.99543473802434e-06	3.30760608604968e-05	2.4499
MED1	6.31831845644107	8.01180776521833e-06	3.31362851295482e-05	0.3984
FA2H	1.95953076327517	8.03963839949033e-06	3.32438592573263e-05	1.0554
CORO1B	6.15328681525631	8.08343679574852e-06	3.3417396318656e-05	0.4338
MKRN3	3.77745337931424	8.102744042798e-06	3.34896298947974e-05	0.6115
MUT	4.93445380690489	8.28647071757427e-06	3.42257487375647e-05	0.587
AKAP6	1.76355366767329	8.29367435340998e-06	3.42477536747009e-05	1.1058
HERPUD2	5.69991510938708	8.34575080835819e-06	3.44550037895493e-05	0.4524
ZNF624	3.79662323913572	8.65798689773675e-06	3.56875612565098e-05	0.637
Mar-06	8.42919767424866	8.7424613126028e-06	3.60276238652092e-05	0.3812
PTBP2	4.05379019411398	8.81277531461915e-06	3.63091911856663e-05	0.5661
N4BP2L1	0.66290150784447	8.84786491545787e-06	3.6445537431543e-05	1.9061
LINC01094	0.240499512834062	8.89444238535069e-06	3.66208705879482e-05	1.9365
LOC100129550	2.87617550812239	8.91008911477782e-06	3.66656190369617e-05	0.9004
ZNF644	5.88354277347868	8.9243969387621e-06	3.67110839373684e-05	0.4386
PRCP	5.93789356089122	8.96556382552298e-06	3.68721183146536e-05	0.4526
RAG1	0.461321668552434	9.00187359397969e-06	3.70131090837147e-05	1.7499
AKAP11	5.83087845109998	9.16268584535041e-06	3.76573599263208e-05	0.4296
DFFA	5.18888429182495	9.24859755649255e-06	3.79677078910115e-05	0.552
DIAPH3	6.78815302120293	9.32394997942261e-06	3.82684421817309e-05	0.4228
WNK1	8.05654666740184	9.37667326875421e-06	3.84675386953656e-05	0.3846
INPP5K	4.40432862145817	9.43745135242878e-06	3.86907953941028e-05	0.5574
HHAT	2.69945966915568	9.61055248159587e-06	3.93650989688163e-05	0.889
FAM102B	5.94585974633549	9.68505397688958e-06	3.96613605657461e-05	0.4838
PCSK6	5.07916737061373	9.92948705892726e-06	4.06167859618588e-05	0.4412
ICA1	5.10492922681118	9.98008035316631e-06	4.07963159264228e-05	0.4842
PLAC4	0.127114014805021	9.98988487703241e-06	4.08262237928551e-05	2.0166
SPPL2A	5.32224722804224	9.99186940767292e-06	4.08262237928551e-05	0.4681
GGT2	-1.20967027303891	1.01204362988233e-05	4.13330391658429e-05	6.4626
PLCG1	5.50648574549237	1.01314038908203e-05	4.13593267957997e-05	0.4181
PPP2R5E	6.92358793295951	1.02563618750956e-05	4.18413726015072e-05	0.3693
PRKAB2	4.22260899476458	1.0262776364367e-05	4.18581870661046e-05	0.5808
APLF	2.51211245065563	1.06942331929989e-05	4.3559554031992e-05	0.9221
STAG3L5P-PVRIG2P-PILRB	4.76440690016698	1.07791781701207e-05	4.38957565634003e-05	0.5669
UHMK1	7.60843873458254	1.10074054270993e-05	4.47852002400544e-05	0.4271
H6PD	6.0305977480306	1.10973989291034e-05	4.51312352082226e-05	0.4168
BBS4	3.25815516137465	1.11491246583913e-05	4.53314966065904e-05	0.6925
NME7	4.27345130376491	1.1285861787823e-05	4.58466161100349e-05	0.5698
ZNF451	5.34310584258414	1.13808972555649e-05	4.62223938370618e-05	0.4297
PUS10	3.67912944324397	1.14984205896187e-05	4.66789340191413e-05	0.5975
STEAP4	3.14191469197351	1.16057674270514e-05	4.70937742049899e-05	0.7245
LOC101928131	0.241493067918375	1.16519882252077e-05	4.72498216435787e-05	1.9362
RTN4	7.80143079980762	1.17029755382103e-05	4.74460407340813e-05	0.4182
STX12	4.74134844069866	1.1743304065307e-05	4.75989695862e-05	0.4927
TP73-AS1	3.94569817858411	1.17475321998156e-05	4.76055378112838e-05	0.6529
ALS2	5.6020457513158	1.17614441816085e-05	4.76513371015192e-05	0.4121
ZNF24	6.06849878670776	1.18261291269425e-05	4.78921502532081e-05	0.3905
NAT2	0.164696080913133	1.18571638428352e-05	4.79965372760086e-05	1.9414
SHISA4	2.90356078987722	1.19413060334356e-05	4.83264205157171e-05	0.8256
C19orf68	4.52930655147287	1.19981847930036e-05	4.85458469816211e-05	0.6027
EPB41	5.26724719308206	1.20021905180997e-05	4.85512940612515e-05	0.4274
CASQ1	-0.506704750060077	1.21332565474059e-05	4.90597412025343e-05	3.2615
ASPM	8.36855674954361	1.21719385114112e-05	4.92052501028174e-05	0.3756
MEIS3P1	4.33951978601063	1.22405812071052e-05	4.94498894704388e-05	0.5251
STAC2	-0.0898715991534327	1.232571436651e-05	4.97827967865059e-05	2.457
HHLA3	3.50501091614557	1.26308756319631e-05	5.09364403660524e-05	0.6319
NFKB2	4.12799859395671	1.26438472312414e-05	5.09774900736622e-05	0.6219
RNF32	2.7344039574011	1.26513941355144e-05	5.09966551861228e-05	0.7727
ZNF468	5.07416798507137	1.27779037755804e-05	5.14838691959821e-05	0.4372
GIPC2	0.924363382181498	1.29242084031248e-05	5.20159498693664e-05	1.434
HIST1H3E	0.812680272448021	1.29651092851477e-05	5.21460751508387e-05	1.7113
SNX1	6.71808853862856	1.30067103620982e-05	5.23018732093534e-05	0.3699
NFIB	5.22124804854953	1.30979477617444e-05	5.26339718992748e-05	0.442
FRG1B	3.99780240319994	1.31929850317758e-05	5.29779963062958e-05	0.6028
RNF222	0.622283966414904	1.32550482994136e-05	5.31950234675959e-05	1.6389
SIRT1	5.05018006401122	1.33595449059542e-05	5.35790535595564e-05	0.4511
USP42	5.09998019774224	1.3523609763084e-05	5.42251306467957e-05	0.4298
FAM69A	4.79334590315889	1.36473524191908e-05	5.47092810199271e-05	0.4783
FAM65A	5.56569758437706	1.36710200150624e-05	5.47801012719444e-05	0.4859
MAPK10	-0.47784047647534	1.37686386937223e-05	5.51470530918373e-05	2.6378
PSG9	-0.308499169707251	1.39430160305219e-05	5.58209869853524e-05	2.3957
FEM1B	6.23303733322916	1.39475324480859e-05	5.58268257777365e-05	0.3897
ERBB2	6.0070805673256	1.39587879416681e-05	5.58576154335939e-05	0.3864
PM20D2	6.58419695642923	1.39637398184781e-05	5.58576154335939e-05	0.3834
UBXN4	7.86602731676895	1.3982217170056e-05	5.5916617011291e-05	0.3756
FAM188A	4.22205743583916	1.39897051809179e-05	5.59343096326844e-05	0.5754
WFS1	5.7299917526494	1.40367583840157e-05	5.60978680075722e-05	0.4393
SIRPA	5.46615154120688	1.40589798147623e-05	5.61743785288469e-05	0.4693
ZNF641	2.44192907871649	1.41428940969688e-05	5.64849430396547e-05	1.0135
PPP1R21	4.05156130273476	1.42481333198553e-05	5.68679322009792e-05	0.559
CCDC176	3.23206515947747	1.42573086203829e-05	5.68921150106471e-05	0.747
FAM57A	4.7355740755925	1.44501884405586e-05	5.75862563132148e-05	0.4806
OS9	6.75466383760367	1.44886738570767e-05	5.77270253022243e-05	0.3978
LIG4	4.42023324671609	1.45634509335741e-05	5.7986992419483e-05	0.6184
TUBG2	3.49795519427471	1.4996796867864e-05	5.96733922449272e-05	0.6251
VPS13A	6.8815617163658	1.50606050643048e-05	5.99142309988991e-05	0.3692
GTF2A1	5.46575936707123	1.52230055003832e-05	6.05207291844503e-05	0.5589
PCMTD2	4.26065649272494	1.58083308321032e-05	6.27248180114925e-05	0.5534
ZSCAN30	3.4235920479085	1.62528636999447e-05	6.4390685700128e-05	0.6908
GJC1	6.23528967391894	1.6268564577766e-05	6.44389053876538e-05	0.3831
ITGB8	4.76203461908638	1.62867894830596e-05	6.44831118635297e-05	0.5519
ERBB4	-0.394492194088344	1.6346792981814e-05	6.47066462870764e-05	2.4903
NVL	5.29130711893924	1.6363951258217e-05	6.47605233405613e-05	0.4515
DGKH	4.87877573783784	1.63815439985927e-05	6.48151052565852e-05	0.4729
CST5	0.160573451617468	1.6392799176533e-05	6.48325263792863e-05	2.1766
AIDA	5.97009681485816	1.66664269018877e-05	6.58291409608096e-05	0.4152
NBPF26	3.62990291827589	1.68202746095956e-05	6.64080738046663e-05	0.5926
Mar-02_1	4.29896286608833	1.68509447928608e-05	6.65147779758847e-05	0.5344
CNOT6L	4.88286065520825	1.71442120106312e-05	6.76577463177869e-05	0.5129
ALDH4A1	3.96523834934478	1.71815809704649e-05	6.77905645551777e-05	0.5994
SMAD9	1.60577289774939	1.72046044652842e-05	6.78667370609826e-05	1.2291
KIAA1161	3.39599030536008	1.74768617024068e-05	6.88365884011087e-05	0.684
COL8A2	-0.180685735975744	1.76500563097101e-05	6.94737878374446e-05	2.1728
PHF3	7.38163799041167	1.76589201387325e-05	6.94936939109076e-05	0.4091
CEP68	3.79049480545013	1.78826641461282e-05	7.03287196578449e-05	0.6647
PRTG	4.33814444365318	1.79632218962185e-05	7.06151117436188e-05	0.524
C18orf25	5.39031348118856	1.80906572495766e-05	7.10959933001604e-05	0.4288
FAM63A	3.22134936810678	1.81550473946837e-05	7.12924382097967e-05	0.6577
ERVK13-1	4.23630819593791	1.81665047870593e-05	7.13220884715171e-05	0.5537
LANCL1	6.03462272152634	1.83465693615223e-05	7.19671186643642e-05	0.4485
SLC25A34	-0.206750938192024	1.8600969887624e-05	7.29336997999277e-05	2.1428
MED29	5.32444365926806	1.86165243033742e-05	7.29649826239012e-05	0.4174
PNPLA8	5.82048834837003	1.86391835782156e-05	7.30364746520505e-05	0.4222
TTPAL	5.61285872428813	1.87495948023183e-05	7.34375890819829e-05	0.4098
TM4SF20	-0.669199681564654	1.88376494687714e-05	7.37508318039654e-05	3.47
CTNND1	5.21939172018519	1.9307352707106e-05	7.55087898502414e-05	0.6246
BIRC6	6.74382899305448	1.96481301741664e-05	7.68189686784831e-05	0.4147
PRKCI	7.29820404094612	1.97493160991212e-05	7.71876503330243e-05	0.3673
SEC22B	6.05637922958227	1.9805743518735e-05	7.73916210783446e-05	0.3841
ABHD3	4.94104027449122	1.98736410335566e-05	7.76403147247186e-05	0.5827
ND4L	11.3718674492013	2.00415242267029e-05	7.8279432238487e-05	0.5652
GAN	3.41987751798552	2.0341168637537e-05	7.93988399929177e-05	0.7206
COL4A6	5.47291961139942	2.04113477413003e-05	7.96387186076466e-05	0.406
NUAK2	3.24997110876497	2.0522962797915e-05	8.00399933430328e-05	0.654
FAS	3.44877696140274	2.0772888177962e-05	8.09455382234523e-05	0.6347
IFT140	4.7623760814315	2.09894069037485e-05	8.17194737544961e-05	0.4553
NIPBL-AS1	4.6180336454689	2.11647314521322e-05	8.23493898955937e-05	0.4728
ZRANB1	5.41298890144576	2.16787391254263e-05	8.42774832780627e-05	0.4066
KIAA0040	3.29282394407581	2.18530670366541e-05	8.48648355288571e-05	0.6662
DNAJC18	3.15642858625324	2.18879112308141e-05	8.49820730390776e-05	0.7606
BNC1	1.20647780302513	2.19195701760951e-05	8.50868962651057e-05	1.2848
CHURC1	5.13644251817781	2.22362510020345e-05	8.62428294652948e-05	0.4272
SNORD5	1.91262377828767	2.22991686380619e-05	8.64684839966987e-05	1.0516
YPEL2	2.43520757735778	2.24930389493551e-05	8.71832099913857e-05	0.9375
SQSTM1	9.51207510916952	2.25533970854802e-05	8.73986026730051e-05	0.3942
RNF111	5.32776927869672	2.25954003440937e-05	8.75427904672697e-05	0.4681
LOC101929796	1.87246330125138	2.26166107160686e-05	8.76063749697748e-05	1.0126
FAM106A	0.878805884473186	2.26849181296693e-05	8.78523261296654e-05	1.4151
ATHL1	4.93975914105629	2.28177517227439e-05	8.83480117604269e-05	0.489
TMEM144	3.43970930627712	2.28567214054898e-05	8.84801327350769e-05	0.6377
PDPR	6.8823738910005	2.30543747161093e-05	8.92074321359242e-05	0.3721
RP1	-1.20778607705739	2.31726838342047e-05	8.96082431851811e-05	4.1743
ATP1A2	-0.155046442346944	2.33234488524785e-05	9.01721478718441e-05	2.2278
GCH1	3.48760145129965	2.36029628745818e-05	9.1156270412178e-05	0.684
DHDDS	4.60187908472711	2.3833014373225e-05	9.19863658345869e-05	0.467
LINC01139	1.29623194543286	2.38908896228373e-05	9.21707694324848e-05	1.2111
TRHDE-AS1	0.342412455035646	2.39605482895492e-05	9.24199808945721e-05	1.7771
ZNF512	5.77347221164266	2.4442776940247e-05	9.42202989487223e-05	0.3845
HUWE1	9.44949026934629	2.4628686139544e-05	9.49168870938389e-05	0.4159
LOC105372417	1.24408556568469	2.46605961008814e-05	9.50198063355195e-05	1.2584
RERE	5.65593496296506	2.47836784332576e-05	9.54135034748102e-05	0.4117
LINC01000	5.36048153303892	2.50128335955289e-05	9.6234834587982e-05	0.4891
LOC646471	1.27798420842943	2.51588171578708e-05	9.67557122464902e-05	1.2185
MYOM1	-0.0668071274217672	2.51747354558872e-05	9.6796539697278e-05	2.0215
MGP	5.33707631071868	2.52395672678344e-05	9.69845380007545e-05	0.4097
CREB3L1	1.83028439493148	2.55671186300195e-05	9.81811774736299e-05	1.2276
OCLN	1.69106222507823	2.56139191503608e-05	9.83402119892716e-05	2.3367
C7orf65	-1.36685619050576	2.57579158258653e-05	9.88514844055071e-05	6.2592
SLC3A2	9.13889486746071	2.59675189054787e-05	9.9572153988326e-05	0.4796
LOC101927973	-0.779545827442509	2.61727160293505e-05	0.000100316838931728	2.8754
PTPRJ	6.26285822442622	2.63938785373471e-05	0.000101143292732538	0.4497
NBPF15	4.1609919245361	2.69138797925158e-05	0.000103049452494163	0.5367
USP8	6.28579010085834	2.75940401929944e-05	0.000105432565459042	0.4277
SIX4	5.50168165086832	2.83388946912202e-05	0.00010818796768777	0.4067
ARSK	3.82643312543679	2.84946506581218e-05	0.000108737111708752	0.578
MICU3	0.704530322181591	2.85314276278268e-05	0.000108831956283662	1.4799
RBMS1	6.72057504502515	2.85598216936703e-05	0.000108917506755723	0.3866
PPFIA4	1.3462992708396	2.86243574556019e-05	0.000109140824918435	1.2315
NFE2	-0.451464850822425	2.87086808742636e-05	0.000109416634246463	2.4149
HOTAIR	3.85274310977681	2.8785173205548e-05	0.000109685268637129	0.589
HMGN3-AS1	2.42860179901003	2.9516528459298e-05	0.000112331403700843	0.8274
CARD8	4.36249679811879	2.95587079117096e-05	0.000112468480957935	0.4967
PLEKHA8P1	3.51607374377449	2.96054875801956e-05	0.000112599537763344	0.662
GATS	4.95308476397734	2.97518973339365e-05	0.000113085704294888	0.4588
CXADR	5.19501874422826	2.97743829804556e-05	0.000113147613591007	0.4772
BDH2	3.41089916386218	2.98615611962383e-05	0.000113431681481175	0.7332
CASD1	4.51481246523395	3.00719504382605e-05	0.000114183345923645	0.5807
ZNF449	3.98522098655366	3.04455319760798e-05	0.000115553769595699	0.5279
BECN1	4.88435595055447	3.0680963145852e-05	0.000116374748221624	0.4512
RABGEF1	5.36448691497524	3.0749318513583e-05	0.000116609796174485	0.4237
ZNF134	3.75003316502329	3.08103751859086e-05	0.000116817073602066	0.5588
SCRN1	7.34717701394282	3.08400654671705e-05	0.000116905364445321	0.3621
NIPBL	8.1514346244608	3.11042436574789e-05	0.000117808936143348	0.352
LHX9	0.651876840238206	3.12360409245866e-05	0.00011828358496562	1.5332
MED17	4.91722896932457	3.13163460664261e-05	0.000118538505865369	0.442
MTL5	3.46659433398982	3.13850822588341e-05	0.000118774059228291	0.6398
GATA6-AS1	0.606867112020775	3.14398320301368e-05	0.000118956595552783	1.6098
KLHL9	4.90026759642489	3.14516904228324e-05	0.00011897680488173	0.4876
DICER1	5.53383958315265	3.14603814162264e-05	0.000118985026545397	0.4102
AHSA2	6.2432120885517	3.15456887138356e-05	0.000119258250809646	0.3639
NBPF3	4.35971747108961	3.17537730196548e-05	0.000119920744775924	0.5072
ANXA9	3.4888596015585	3.1796200455286e-05	0.000120056139712865	0.6342
SLCO1B7	1.50722243178712	3.20361196471976e-05	0.000120937014118949	1.1457
LOC101929234	-0.574681043663146	3.23632411903439e-05	0.000122146646923903	2.4832
MGA	6.19481060672523	3.27123412271856e-05	0.000123413205505993	0.3803
ZNF283	3.2231408120774	3.28810440590776e-05	0.000124024037260851	0.6481
CYP2W1	0.548812736391842	3.31322874450888e-05	0.00012489428858095	1.6337
KPNA5	2.13560685723751	3.34572570220635e-05	0.000126093246117835	0.9349
ZC3H13	7.3588742907396	3.34740540603256e-05	0.000126130512058886	0.4353
CSRNP2	4.38339414500901	3.41953845181846e-05	0.000128742202467308	0.4853
TCEANC2	4.59385818482392	3.4214361064841e-05	0.000128782757844683	0.5075
MED12L	2.38133519484959	3.44673049387782e-05	0.000129605585780089	0.9494
MYL12A	8.46335655877998	3.53129592644387e-05	0.000132676144130807	0.3548
CLOCK	5.93012511267034	3.56216641630873e-05	0.000133780930047587	0.3865
OLFM2	2.02051711213388	3.60099410682534e-05	0.000135155732759464	0.9902
LOC101929709	1.8036638664752	3.64986540496169e-05	0.000136821237850063	1.1049
ZNF766	4.5554857941614	3.68496530297627e-05	0.000138023649099579	0.4906
GPR158	3.81946008143121	3.68824436669622e-05	0.000138118131606987	0.5901
DNAJC13	7.17462236591213	3.71618116906369e-05	0.000139078727803253	0.3419
SMARCC2	6.65629384375535	3.73647734226418e-05	0.000139754428642179	0.4327
PAPD4	5.34867000430652	3.75411641740591e-05	0.000140325858550701	0.5471
MLK7-AS1	0.449144647547815	3.76276517881292e-05	0.00014062035026491	1.9884
CPD	6.87746434566736	3.77794530677049e-05	0.000141129874197671	0.3864
ATP7B	-0.0198063100980368	3.87293652431882e-05	0.000144500979333669	1.9329
LINC00885	0.394711978117472	3.89440306673125e-05	0.000145213940669534	1.6554
ATP6AP2	5.73342128040303	3.89443171296032e-05	0.000145213940669534	0.3921
JPH2	4.6528611823475	3.90603674714846e-05	0.000145587192437612	0.5653
ACCS	3.28813673098939	3.94804014429577e-05	0.000147122720706804	0.7868
MIS18BP1	6.99315420976602	3.98994758110519e-05	0.000148593396655766	0.366
BNIPL	0.7822441701649	4.03632545596356e-05	0.000150259293483016	1.4525
LRRC1	5.17125836243048	4.05563893440169e-05	0.000150916723168441	0.4402
AADAT	2.89924623486104	4.0593518893398e-05	0.000151024104527792	0.6941
TRIM5	4.54340135256195	4.06056038136555e-05	0.000151038285090077	0.4807
DTD2	4.27236446552077	4.0648055236716e-05	0.000151165389366773	0.5206
TPD52L1	7.08894102326112	4.16538541336573e-05	0.000154622358898749	0.3946
NBEAL1	5.31748097845421	4.17893485140699e-05	0.000155093788671043	0.4218
SMPD1	2.91694562951752	4.20426584430167e-05	0.000155938799783769	0.7342
TP53BP2	6.46563662225522	4.22281696070101e-05	0.000156595056742957	0.3521
PHLPP2	3.98678737796652	4.22688769509133e-05	0.000156714179044653	0.5204
ZNF277	4.26578775116439	4.2393812041465e-05	0.000157145468554109	0.5168
GPSM1	2.20298716977861	4.28451673684216e-05	0.000158721870023926	0.9039
NOP14-AS1	2.44334753672072	4.2869284835927e-05	0.00015877899451505	0.7936
MUS81	4.61657989869594	4.47905618625572e-05	0.000165425146138548	0.4647
DMXL2	5.61158241376755	4.49816209745374e-05	0.000166097182951286	0.3984
TCEAL4	6.7113049381219	4.50263943647331e-05	0.000166228888882218	0.5526
RRAS	3.99341977633373	4.53978472889328e-05	0.000167532464141249	0.5289
LINC00667	3.30224884315738	4.54075397113483e-05	0.000167534366404683	0.6277
WHSC1L1	6.05633598724176	4.55080283015746e-05	0.000167837285792636	0.377
RNF13	5.89608854858644	4.565935659215e-05	0.000168361384355946	0.3988
GRHL2	7.17456625937667	4.63565262944151e-05	0.000170759633581687	0.3729
ANKRD36BP1	4.56972107279833	4.67857641960237e-05	0.000172236521710548	0.4508
BMS1P6	2.60921711093732	4.68297617115211e-05	0.000172363735847889	0.8395
FLJ26245	-1.48001142744085	4.6931518169988e-05	0.000172703446021226	6.1262
TEX19	-1.20797537177299	4.69948524848189e-05	0.000172866819859531	3.2652
FAM45A	4.0892967149063	4.73426559174368e-05	0.000174040983976787	0.4995
TRIP11	4.91821052760341	4.78008775264684e-05	0.000175619404331497	0.4418
TTC14	6.20931514826016	4.8002074859257e-05	0.000176287644061677	0.369
MFSD6	3.7905714273753	4.81675339459459e-05	0.000176788600666906	0.6566
LSS	4.05356183981432	4.83440478329212e-05	0.000177365140120138	0.5176
FAM21A	5.80770636847914	4.89595855624803e-05	0.000179515202656887	0.4726
MAGT1	7.16036086843369	4.89848840544937e-05	0.000179571896244746	0.3591
MUC1	3.74475937539697	4.96315254996886e-05	0.000181832857620372	0.7062
ZNF519	3.64067126919702	4.99561120639916e-05	0.00018294860217457	0.6229
PLEKHG2	3.81580052714952	5.02416099333876e-05	0.00018388348655652	0.5469
RAP2A	5.52818603011928	5.04499139714079e-05	0.000184608865396276	0.4475
MTMR9LP	-0.157244353490096	5.05829320624274e-05	0.000185058518583502	2.0375
CERS4	1.8342578447335	5.07066783974188e-05	0.000185474077504163	1.0069
ANKRD17	6.76483973845735	5.10845361037371e-05	0.000186743950963121	0.3479
VASH2	-0.131496254069399	5.111132274647e-05	0.000186804466077989	2.0757
RTKN2	5.80112191935959	5.13840325735096e-05	0.000187763590604882	0.4413
C1QTNF2	-0.0390228433429995	5.15107110763688e-05	0.000188151168749538	2.0727
POM121L9P	-0.979598961058384	5.16152641197518e-05	0.000188495351424323	3.5712
ZNF33A	5.71116868254395	5.1652213149542e-05	0.000188592560651608	0.3757
FLJ16779	-1.54233407695978	5.22231738190623e-05	0.000190639124423275	6.0202
SBDS	6.66664016332719	5.23742162975759e-05	0.000191114070103647	0.363
LINC01111	-0.743314700765011	5.34150168088778e-05	0.000194678488094005	2.5443
LEMD3	5.5591894640024	5.35586036875211e-05	0.000195162848087702	0.4603
LYSMD3	4.699016245101	5.40817781366878e-05	0.000196935760529791	0.561
CBFA2T2	5.01120073929337	5.40882944399854e-05	0.000196935760529791	0.4531
C2CD5	5.78489102139377	5.44986860185416e-05	0.000198311343821904	0.3883
PRDM1	1.12067104404903	5.46294827409447e-05	0.000198708076692307	1.3022
RAB11FIP3	1.09338712615726	5.47226643890249e-05	0.000199007362766143	1.4492
OTUD7B	5.48505105504639	5.50096077497807e-05	0.000200011033475403	0.4155
KDM3A	5.31457222490866	5.53180599500368e-05	0.000200932451740524	0.4391
GLCE	5.90411124315577	5.53957626385897e-05	0.000201174665353112	0.3644
YPEL4	0.462127707398029	5.63621864079269e-05	0.000204602918087714	1.6504
GLMP	3.4183288326707	5.66334838762426e-05	0.000205544621220634	0.6362
RIT1	5.54094944154203	5.66441164198625e-05	0.000205544621220634	0.4076
TOB1	5.15568239044817	5.73353673114822e-05	0.00020792897609027	0.573
MYO1E	6.8865081208277	5.82433780486001e-05	0.000211096110711782	0.3468
SOCS5	5.45911522395757	5.88769546172244e-05	0.000213265413391279	0.4171
LINC00942	6.12058908254718	5.93987281071946e-05	0.000215027400421365	0.3949
IKZF2	4.85394165596467	5.95341040194157e-05	0.000215432032304946	0.4614
GATA3	5.7230341909091	5.96221994775529e-05	0.00021570806057515	0.4615
ZNF880	4.29145272759973	6.03749061486667e-05	0.00021825827458417	0.4766
ORMDL3	5.27889845658589	6.16224737225564e-05	0.000222547948620967	0.4754
SVIL	7.13368411936026	6.16530200077776e-05	0.000222614227306564	0.3322
RYR1	0.623883353651931	6.17722377788748e-05	0.000223000587876436	1.5022
KIF3A	5.14238781904744	6.18678607246985e-05	0.000223257494641252	0.4019
RBAK	4.93062135247038	6.25269756362355e-05	0.00022550226535265	0.466
MAP6D1	1.40963748796521	6.2641383646273e-05	0.000225825651628428	1.1473
EPC2	5.51619039676243	6.29790470373573e-05	0.000226998120970187	0.4137
FNIP2	2.88113187429668	6.40531202174785e-05	0.000230596285286982	0.6928
RABGAP1L	5.52774530887533	6.42550739695376e-05	0.00023127772681149	0.3869
TMEM169	-0.50929440032499	6.43466517632242e-05	0.000231516057270284	2.322
RIPPLY3	-0.936015881548842	6.56612498694366e-05	0.000236059822295478	3.0596
LOC388942	-0.779019942501982	6.61635393749751e-05	0.000237771963549123	2.851
C1orf106	4.25616486875519	6.65267361498174e-05	0.000238983096251686	0.5089
F2RL2	2.71571200350186	6.66341978470796e-05	0.000239322037359096	0.7447
FBXO32	3.89440845999627	6.82705428821238e-05	0.0002447657169788	0.5117
EFR3A	6.58607060797227	6.85872063489647e-05	0.000245852746732123	0.3781
TTC32	3.88210011689038	6.91064836840856e-05	0.000247568282208922	0.6442
ITM2B	7.12371749423504	6.93352567265973e-05	0.000248290397567823	0.4669
RANBP2	7.70211047872934	6.93718871881533e-05	0.000248372852031168	0.3483
RLIM	6.51044473975246	7.01394374293403e-05	0.000250973259449243	0.4067
LINC01152	0.218092892274651	7.0173228395662e-05	0.000251025135342978	1.7815
CLDN12	6.10520221716843	7.10425351759021e-05	0.00025380675580651	0.4331
ZNF224	2.79697828211778	7.13054757648497e-05	0.000254696295355722	0.7487
ACE2	1.66354864794189	7.16670065170107e-05	0.000255837479658691	1.0815
PHYKPL	3.5044001181464	7.17989152312175e-05	0.000256180059864105	0.5834
LINC01391	-1.3111588421891	7.1832641090728e-05	0.00025622835008838	4.0234
ZNF568	2.53648679208814	7.21967400124192e-05	0.000257426501106782	0.7885
WDFY3-AS2	-0.15926434389955	7.25022739399348e-05	0.000258465438986028	2.0297
HIST1H2AC	2.90705156720455	7.2615115594894e-05	0.000258817171085589	0.8686
OSBPL9	8.05498477269244	7.28478261332497e-05	0.000259595923070195	0.3598
FCHSD1	3.54974988060767	7.30840597151238e-05	0.000260386923138037	0.6135
RCBTB1	4.84140208518478	7.35897749839088e-05	0.000262086408916551	0.4641
ETAA1	5.89332448529445	7.37572203997307e-05	0.000262631522453186	0.3691
ABCA3	2.80064559678977	7.3850525103916e-05	0.000262912477827046	0.6927
LOC101927391	2.52855020108725	7.41462692625949e-05	0.000263913880221862	0.7607
AHI1	4.36772096563429	7.57251902626375e-05	0.000269428780634323	0.4547
POLK	4.66432947908617	7.60330632996916e-05	0.000270471473811218	0.5561
KIAA1147	1.57510763756123	7.61215220876533e-05	0.000270680659764745	1.2966
CHST14	4.98202275407735	7.62652758449023e-05	0.000271033458404621	0.4222
LYRM9	1.97893785450081	7.71509662385229e-05	0.000274021019387252	0.9763
ZNF28	5.26961290896426	7.74024525339961e-05	0.000274860761225565	0.3849
SALL2	3.62993779553251	7.75453947605075e-05	0.00027531480489067	0.5566
AP1M2	6.49988226552256	7.79833662562991e-05	0.000276708325437317	0.3755
CORO1C	7.85679470262384	7.8257686294765e-05	0.000277573794637115	0.3306
FAM131B	0.608633763190985	7.88842539654431e-05	0.000279741829913195	1.5273
PIM1	4.72084250085858	8.01850543625082e-05	0.00028424434027999	0.4234
ZNF514	4.36833730496155	8.02348117464818e-05	0.00028436550635678	0.456
CCL28	2.21824446939557	8.02924793727197e-05	0.00028451465516855	0.8553
KLF11	3.82761950263136	8.0352098602825e-05	0.000284670660216024	0.5185
GTF2IRD1	4.89770989064988	8.03898197877452e-05	0.000284749039589654	0.4042
TRAF6	4.24062258962251	8.04204204154584e-05	0.000284802171698275	0.5359
ACTR3	8.17024839748504	8.11785678234117e-05	0.000287264185730608	0.3454
ATP6V1D	6.45943398418782	8.13380765300397e-05	0.000287717094580974	0.356
SATB1	4.36047402071776	8.15494535813131e-05	0.000288408916036508	0.4809
BCAT2	4.94590471350271	8.17123856605511e-05	0.000288873220878974	0.4421
KREMEN1	2.97277181610369	8.26074726540548e-05	0.000291811536527172	0.6532
TMEM131	6.30876457740331	8.26281080228101e-05	0.000291827962867948	0.3471
RAPGEFL1	3.15461443086287	8.26848781597259e-05	0.000291971979822816	0.6229
SELM	2.63611759063492	8.43304012865659e-05	0.000297667402530462	0.7098
PANX1	5.59207816378587	8.48001358245316e-05	0.000299151938089401	0.425
SLC30A4	2.04243355586171	8.60016539453594e-05	0.000303156245303433	0.9372
MAATS1	-0.0634601510850087	8.61236230029821e-05	0.000303527579448348	1.8731
NIPSNAP3B	1.87585066277749	8.6654203656666e-05	0.000305279649161732	0.9353
TMEM25	3.21691868309734	8.70850256014043e-05	0.000306619908848454	0.6159
KRCC1	4.91561344415406	8.74179264359916e-05	0.000307614044914314	0.5206
SLC29A4	2.77037000183375	8.76988844654595e-05	0.000308483783198734	0.8058
MAP7D2	-0.391100197507907	8.84750921039079e-05	0.000311094237567208	2.2608
CEP70	6.36004434072028	8.8542111600702e-05	0.00031126993825966	0.3373
GPATCH8	6.15388625982408	8.85614098452236e-05	0.000311277839455988	0.3519
CES1	2.60854189825131	8.8708096861921e-05	0.000311673405756588	0.9283
LYPLAL1	4.86029923596015	8.87256269571557e-05	0.000311675013609743	0.5045
RASA3	3.87943851382731	8.88529973910924e-05	0.000312062393299689	0.5081
ATXN3	3.23022355418598	9.06355595338537e-05	0.000318078195857369	0.625
TNFRSF9	-0.311404383628595	9.06865803790094e-05	0.000318196081375974	1.9998
TSHR	-0.895172170147742	9.10337002393295e-05	0.000319291302895139	2.6899
TRAM2-AS1	3.74450888081989	9.17862968265718e-05	0.000321683746374716	0.5369
SLC1A1	2.51055672935886	9.30803103770509e-05	0.000326031110177176	0.7528
RHCE	-1.54285554309174	9.34619511588438e-05	0.000327242305400049	6.0161
DTX2P1-UPK3BP1-PMS2P11	2.63219057719273	9.3839910208794e-05	0.000328439685730779	0.727
EPB41L1	6.8760273657376	9.39353081453258e-05	0.000328710558846285	0.3351
INTU	2.80370257823008	9.43719265037782e-05	0.000330111877802831	0.6928
TBKBP1	1.77151654815767	9.46805697047632e-05	0.000331068407662304	0.957
PHIP	6.85701577566884	9.46816474805484e-05	0.000331068407662304	0.3649
BRE	5.50741245171217	9.63192504469854e-05	0.000336472299303514	0.3692
KRT86	0.594535952359555	9.6361711876559e-05	0.000336556229580727	1.5075
DNAJB6	7.72854903281003	9.65588041644442e-05	0.000337051152739215	0.3217
DDX43	3.23413445631956	9.67743138513835e-05	0.000337738840311768	0.6003
SRPK2	6.15278061971639	9.71045107138881e-05	0.00033882644258271	0.4071
ZMIZ1-AS1	-0.134204836629233	9.798820708087e-05	0.00034177927177462	1.9197
LOC100288069	1.18569202210885	9.9300409720209e-05	0.000346223888436237	1.1857
PAPSS2	6.21535754778278	9.97729515790568e-05	0.000347738641471413	0.3524
FAM114A2	4.28972937441899	0.00010135544722099	0.000352849932201831	0.4619
TRIM46	1.01044897423305	0.000101962832410581	0.000354829101884782	1.3236
SCGB1A1	-0.744149384264644	0.000102374842668446	0.000356127120380172	2.8753
DAAM1	6.72891098798074	0.000105840824321492	0.000367483851048528	0.3906
LOC101927282	-0.0397063678208618	0.000106604202871689	0.000369993598407902	1.9259
AAK1	6.03408364568695	0.000106628481106665	0.000370007517788114	0.3458
CDKN2A	7.36057608860562	0.000107007981549129	0.000371183300619589	0.3269
SEPSECS	3.7857742894855	0.00010719532476179	0.000371691899117045	0.5455
CDK2AP2	5.93298711026433	0.000107481580938295	0.000372613699508072	0.3579
DCAF16	6.12864205763764	0.000107860880647225	0.000373722134017608	0.3455
LOC654841	1.61075959197405	0.000108205330057228	0.000374838046589138	0.99
EPS8L1	4.01657579211592	0.000108738243794691	0.000376469823386286	0.4955
KIAA1958	4.74090081708505	0.000109874320272813	0.000380186806463318	0.5483
ASAH1	6.09197416665364	0.000110015089672692	0.000380504692968728	0.3752
PVRIG	3.0910074593348	0.000110018111296675	0.000380504692968728	0.6329
ERCC1	5.22519645627984	0.0001109499760833	0.000383539636085951	0.4211
AMMECR1	6.54536451044758	0.000111307180345688	0.000384561673805996	0.3415
RPS6KC1	4.64132525591924	0.000111629261558798	0.000385528528001783	0.4414
FAM228B	2.45394620433865	0.000112869710973987	0.000389444234273504	0.7398
RELA	6.13948417678974	0.000113765836555064	0.000392387891960939	0.3539
HN1L	8.58910070968409	0.000113853340131643	0.000392615522750903	0.3208
SMG1P3	2.19727105379334	0.000113927486877332	0.000392797016134575	1.0046
FMN1	2.85843687852358	0.000114217589105372	0.000393684652007309	0.7523
DGCR10	-0.310386899422895	0.000114228067576836	0.000393684652007309	1.998
UBXN7	5.98974436260928	0.000115559564816283	0.000397823008728278	0.3706
ARNTL2	7.57750940449884	0.000115680764974996	0.000398165166927514	0.3384
DNASE1	4.00232774405535	0.000116560896722711	0.000400892187371858	0.518
FKBP3	6.89428378189809	0.000116935700107929	0.000402029781764662	0.3331
TSPAN11	1.72446370492137	0.000117351104949486	0.000403381994343404	1.0568
RNF217-AS1	0.842396726106926	0.000119267925879037	0.000409662324524495	1.2962
PRDM4	5.0634590488436	0.000119613009144154	0.000410770333885566	0.3975
MFI2	6.96927916994607	0.0001206979274296	0.000414260338024766	0.3218
KCNJ8	-0.673856964139733	0.000120720037154456	0.000414260338024766	2.3344
ABCA12	2.56276529082847	0.000121751766487786	0.000417486898760522	0.7418
GPR173	2.31223361954744	0.000122301590061513	0.000419293488856896	0.8559
UMAD1	4.26265129457801	0.000123040294868732	0.000421667659681541	0.5185
MARK2	6.19849005470514	0.000123110146214617	0.000421827858350985	0.3353
PPP1CB	8.08093861052401	0.000123142914871396	0.000421860959634492	0.3593
ERAP1	4.91364583920799	0.000124176599626936	0.000425162791220808	0.3995
ERLIN2	5.00634974089726	0.000124212396237334	0.000425205607670873	0.3906
ZZZ3	6.15247884090672	0.000124734191241814	0.000426671799758396	0.3359
ITPRIPL2	7.81942772015477	0.000125529109087839	0.000429310493725662	0.3177
GALNT1	7.2267928425661	0.00012659221369939	0.000432865228188062	0.3435
MCC	2.85050515225497	0.000127859679555029	0.000436790102911043	0.7304
TCEA1	6.57042995939015	0.000128569441002739	0.000439045133642051	0.3662
RNF38	4.5330225500302	0.000129644560819674	0.000442308185820214	0.4761
TRIM6	2.35919404832646	0.000130130939832017	0.00044388461090682	0.8423
LOC100128288	0.778722812789648	0.000131522125768512	0.000448546222310846	1.3885
AATK	0.274636965977147	0.000131636224971023	0.00044885149851905	1.568
PKD1L2	1.89793839525449	0.000133085032207491	0.000453452845834257	0.8996
RAD51B	2.77225065211214	0.000133960440472181	0.000456265261429128	0.6757
TMEM229B	-0.479735680362536	0.00013530591086556	0.000460761930378972	2.1339
HTT	6.59838932448982	0.000135508938625983	0.000461367247958959	0.3644
CD2AP	7.10987044336121	0.000135703078810779	0.000461942085916386	0.413
PCAT7	1.47486297718565	0.000138035016726626	0.000469355050355985	1.032
VCPIP1	4.36028983060311	0.00013878020688569	0.000471801016183457	0.4548
TMEM59L	-1.36495890650732	0.000138963040464397	0.000472334624226033	3.94
BMPR1A	4.72759278065527	0.00013937110797955	0.00047354530937552	0.4419
RAB11FIP5	4.68165752453797	0.000139649835047373	0.000474227564848371	0.4558
AHCYL2	4.51554572518035	0.000141133817183444	0.00047891058856895	0.4263
MED13	6.5469508566878	0.00014131933855723	0.000479451002546143	0.3655
FLII	7.85001290613969	0.000141546558257505	0.000480132658407473	0.3241
PLCB4	4.73801833263954	0.000141999519818923	0.000481579645887841	0.4332
BNIP2	6.30761311122079	0.000142203267634748	0.000482181064996279	0.3956
ZNF805	3.96088461735727	0.000142974009019172	0.000484524505040655	0.5386
TMEFF1	-1.11270517548066	0.000143115555377794	0.000484914175756682	2.8063
FAM21C	5.48766787148357	0.000143659135020834	0.000486665646491064	0.3741
QDPR	5.00704245230651	0.000145070943427867	0.000490858806188667	0.422
LETM2	1.20554793773021	0.000145085129173644	0.000490858806188667	1.1677
SLC9B2	1.76855475953201	0.000148375577257496	0.000501062622717878	0.9856
USP54	5.10904721925588	0.000148769975417081	0.000502301585206995	0.3789
LCLAT1	5.25990550182006	0.000149487667026022	0.000504631444013878	0.3742
LRIF1	4.86497377764639	0.000151539884632083	0.000511275574541361	0.4096
LOC105370288	2.42652390223526	0.000151862744302505	0.000512270188467577	0.7619
LOC101928635	-1.11250961696293	0.000152278814259481	0.00051357879791633	3.3909
Sep-11	6.74047689743283	0.00015438591613575	0.000520491212318865	0.3183
ICK	4.53579960306678	0.000154413913558226	0.000520491212318865	0.4794
RBM26	6.54434565624727	0.00015631110423267	0.000526497328205096	0.4131
ZG16	-0.158944918100466	0.000156672374572692	0.000527616836413775	1.8858
BZRAP1	-0.236739213324303	0.00015744615367503	0.000530124858261038	2.6495
ADAM11	0.779513664762918	0.000157709152650224	0.00053081458163394	1.3326
USP46-AS1	1.20397262100964	0.000159697605820785	0.000537111181257231	1.1058
LINC00657	8.9075696097403	0.00015993472832676	0.000537809615091792	0.3563
ZNF107	5.07888629900034	0.00016140725220158	0.000542361641117624	0.3822
C17orf100	2.51699121137627	0.000162144553270551	0.000544438286648367	0.746
PDIA3P1	5.37289257968156	0.000162210211058417	0.000544558590121822	0.4094
NUDT16	5.88906134769842	0.000162427584001655	0.000545188081179301	0.4201
ZCCHC11	6.2315691332789	0.000162710279940007	0.000545978571061071	0.3363
GAA	5.57750875661565	0.000162850640881389	0.000546218009209806	0.409
MNAT1	6.13332350444545	0.000163171961569151	0.000547183565467748	0.3644
RARB	0.444658069003935	0.000164620990423533	0.00055184002959457	1.4651
ZNF181	3.2752137267395	0.000164919793021226	0.000552740176500001	0.6334
ADGRF4	3.79672149670699	0.000164962833272121	0.000552782944973538	0.5468
ASPH	9.5310656713697	0.000166409825090974	0.000557427113185471	0.3311
FAXC	2.14569165854549	0.000168648871535676	0.000564306048158962	0.8059
PIGK	5.50471268523532	0.000171524037232411	0.000573506011669396	0.4081
IDNK	2.06544969963897	0.000171982992704176	0.000574830010034316	0.8651
KCNH1	-1.02170445368187	0.000174736969101529	0.00058350065994467	2.9384
SPTY2D1	5.58782933505935	0.000174866840170896	0.000583827548310145	0.363
LOC102724593	-0.453494958083808	0.000175532098332446	0.000585727286996367	2.3822
TRIM44	7.8382314348952	0.00017627157630076	0.00058787246929972	0.3158
PLEKHM3	3.3535496646468	0.000176409927157726	0.000588226416473323	0.6213
RAD51-AS1	0.96446632764969	0.00017671717884887	0.000589143319405582	1.3676
SEC23IP	5.61884720574956	0.000177905028982576	0.000592886858179246	0.3882
ZC3H7A	6.54903082841857	0.000178750358593592	0.000595486596073836	0.3213
PWWP2A	5.15143324081607	0.000178820923697231	0.000595612987231646	0.3705
PTH1R	-1.60686591239214	0.000179201006607283	0.000596661239580989	5.9198
PRMT9	3.892716331154	0.000180263061565252	0.00059997856917689	0.5128
KIZ	3.52504849865139	0.000180477681062341	0.000600583402383173	0.5803
KIAA2018	4.84621358914825	0.000180968983060495	0.000602108575679314	0.4072
NAA30	5.32759879907986	0.000181084463977761	0.000602383012823982	0.5262
ADAMTS20	0.703226488589637	0.000181833910431259	0.000604765871530891	1.3499
KIFC1	1.82620768308161	0.000182640266382091	0.000607226498465026	3.3873
MRVI1	0.106340481645541	0.000182969561835313	0.000608149699884934	1.9487
NSD1	7.04994662600448	0.00018471145412795	0.000613777267302486	0.3225
HIST1H2BF	-0.706795021997933	0.00018480133687509	0.000613964186713674	2.6558
UAP1	5.86719957699589	0.000185563248278285	0.000616383307963676	0.3448
CRIPT	5.15727844290505	0.000185683536875207	0.000616670665671053	0.371
RASL10B	-1.60738773107835	0.000186875479277628	0.00062029068176225	5.9154
SLC22A2	-1.60738773107835	0.000186875479277628	0.00062029068176225	5.9154
IGDCC4	-0.743822454049033	0.000187493253230327	0.000622164972124712	2.5331
DEK	9.38754838303692	0.000188103815562237	0.0006238007732796	0.3598
KMT2C	6.45218181547631	0.000190623798437494	0.000631928103191372	0.322
PUM2	7.213166556775	0.000190729383634147	0.000632163331086599	0.3391
LOC101926935	-1.31082906738686	0.000193054774211613	0.000639638467877897	3.1159
PIEZO1	7.93865948707907	0.000194657223961473	0.000644596822173163	0.3532
Sep-07	8.48888336579826	0.000194811133616745	0.000644989491350617	0.3161
DAGLA	3.66164741959352	0.000195287937247064	0.000646333680634953	0.554
EVI5	5.16784721044322	0.000195707215081786	0.00064750292568688	0.389
ZNF235	2.33066476672505	0.000195815030493201	0.000647725891770952	0.8038
CD27-AS1	3.94825993564509	0.000198104223287089	0.000654942176807153	0.4758
RBPMS	2.85530912149249	0.00019871787293904	0.000656851980513328	0.7546
TMEM237	5.29124110594783	0.00019896875455515	0.000657562198254673	0.4136
STAT5B	4.45390239108896	0.000199846902551445	0.000660225308175746	0.5483
NRIP3	1.63910745850062	0.000201152684754733	0.000664178587969325	1.1356
CASP8AP2	5.36938441948366	0.000204712405880166	0.00067532159048578	0.4179
SPTSSB	0.784304743018133	0.000205843006524778	0.000678683389401542	1.3308
SPACA6P	2.55505303640351	0.000206920870218027	0.000681990865986696	0.7352
ST3GAL1	6.25110248045727	0.000207470226996304	0.000683554676781183	0.3504
PRMT6	4.66031654140345	0.000207914705531228	0.000684812483560576	0.4673
DHDH	0.539811672402481	0.000208019851832165	0.000684994663608948	1.5425
DGKB	0.52040710410482	0.000210509552772057	0.000692693294053112	1.4129
EZH1	4.22870151108718	0.000210647738471342	0.00069289821865456	0.5579
IRS2	6.03582818759767	0.000211239316348226	0.000694718962214594	0.3598
KIAA1683	-0.133879137617574	0.00021162150071402	0.000695850525402585	1.7706
ZNF287	2.57142306982673	0.000215535464852738	0.000707700619847408	0.9363
MPZL1	7.06961677964671	0.000215655488297282	0.000707967378952557	0.3198
LOC101929147	3.74264427282861	0.00021665450598321	0.000710991310665014	0.5252
PIPOX	-0.639837161119791	0.000218513315865995	0.000716704831916925	2.6547
SEPN1	5.65279209779933	0.000219024633346017	0.000718252866241224	0.341
ELF3	6.34756602154854	0.000219822204575079	0.000720609475080382	0.3543
CLK4	4.63307130834078	0.000221836432758145	0.000726560085474111	0.4097
TPH2	-1.31271668269776	0.000222526278228644	0.000728558058705546	4.0065
LRRC7	1.21257958983163	0.000222927480445495	0.00072974073570252	1.0801
ZNF587	6.03050269037499	0.000224113162310298	0.000733227579056776	0.3591
UBE2W	4.38541430421805	0.000226081639159061	0.000738873326975978	0.4387
ATAD2B	4.33271225831762	0.000227162113091361	0.000742271619222459	0.4767
TEKT2	-1.06495132837888	0.000227308807729333	0.000742485166202667	2.9119
MSC-AS1	-1.06495132837888	0.000227308807729333	0.000742485166202667	2.9119
DBH-AS1	0.474634405722279	0.000229081256314562	0.000747873285994034	1.4202
ZNF225	2.29480136997688	0.000229892030003834	0.000750386000312889	0.8269
PXYLP1	3.38024912991364	0.000232048889154727	0.000757020107292476	0.6
ZFP90	3.52502190661394	0.000237006358214412	0.000772089235467935	0.5353
OTUD4	6.64589938417048	0.000237684804528212	0.000774161247362542	0.3284
GPRASP1	0.856488680970773	0.000238209734058682	0.00077573259096955	1.291
C6orf120	4.15856911114013	0.000238294504105904	0.000775870245578274	0.5658
KAT5	4.54983868375311	0.000238359343747157	0.000775942970657648	0.4084
TRNT	3.15596276733908	0.000240200284414145	0.000781657110920612	0.599
LOC101929378	1.01513925957234	0.000240423153637528	0.000782242932241438	1.1897
LOC104798195	0.463919158071813	0.00024116856968909	0.00078452840489024	1.6025
TLN1	6.83188032305821	0.000241675605359555	0.000785757765172581	0.3153
BRAF	5.84267780283142	0.000241993905058875	0.000786652551772583	0.3326
LOC100506374	1.10749239916513	0.000243080229596924	0.000790043203048148	1.1319
WDHD1	6.31860598933679	0.000245386386996891	0.000797254650474327	0.3307
LOC100996579	2.83328067662122	0.000246060866886242	0.000799161570161044	0.693
RWDD2A	1.74995026495484	0.000247853693469681	0.000804698030941223	0.8913
PHACTR3	0.279274196948898	0.000250171105398157	0.000812077471576948	1.6762
TFEC	-1.30959940313483	0.000251908500662055	0.00081728124899351	4.0613
FGFR2	-1.6052993700062	0.000255408587729809	0.000828489548257889	5.9562
SYF2	6.08341717380752	0.00025625347371327	0.000831082504194255	0.4435
VPS53	5.57988153480557	0.000258586322972352	0.000838052886948919	0.3408
SEC23A	5.78209780704834	0.000260408570723443	0.000843659071362408	0.4202
SLU7	6.41991766125534	0.000260549149423917	0.000843964739510827	0.3483
CEP162	4.06238932501777	0.000262913009690959	0.000851319600020954	0.5084
PSMA3-AS1	4.75588005693846	0.000263246323942162	0.000852247719433961	0.4596
CLDN20	0.237809771969487	0.000263814334267471	0.000853783812513197	1.5035
ARL11	2.44776643022295	0.000266800872030475	0.000863143136591945	0.7313
TM2D3	3.336181937031	0.000267313654900203	0.000864648845474505	0.5445
CROT	4.11338693427051	0.000268825197842022	0.000869384023348796	0.5014
VEGFB	5.93447143767276	0.000269546258952268	0.000871252921995857	0.339
PLEKHG4	3.38591965899274	0.00027162062973043	0.000877802481210608	0.6694
C2CD4C	1.10516388830134	0.000271797306783348	0.000878217988077311	1.245
LOC105377206	-1.42142161426325	0.000274460677127468	0.000886342731978223	3.8561
DPY19L2	-0.894644098292691	0.000274506014822791	0.000886342731978223	2.6751
IMMP2L	4.08033560791556	0.000277581399888693	0.000895797425555591	0.4764
ARID1B	5.38479389131056	0.000278299485469445	0.000897956063402294	0.3539
PLGLB1	-1.11115244338579	0.000278907973540566	0.000899601407236144	2.8329
CALCRL	-1.11115244338579	0.000278907973540566	0.000899601407236144	2.8329
ZRANB2	6.99773477919941	0.000280101995713464	0.000902655257501322	0.364
THAP9-AS1	4.63400145623673	0.000280447263613528	0.000903608408847258	0.4036
LINC01312	-0.184083911685382	0.000282392349488129	0.000909554469346381	1.8443
PMS2P7	0.279770325168755	0.000283951339485491	0.000914091986183589	1.6814
RBMS3-AS3	-0.938272067781804	0.000285303702781917	0.000918283568051246	2.6064
MGAT2	5.33542588351316	0.000285607033268108	0.000919097831719123	0.4247
DHRS12	2.11996569945356	0.000287635689904715	0.000925463016373013	0.8087
ALS2CR11	-0.855429821568873	0.000289735346347581	0.000931890148506245	2.3824
C2orf49	4.71974095070224	0.000295047700548969	0.000947807640545836	0.3995
RELB	1.8513598460135	0.000296540670396475	0.000952101033900466	0.9381
ACTRT3	1.66870267684301	0.000298813675406903	0.000959230254655957	0.9481
ISPD	3.45851215521241	0.000299736321293984	0.000962022904631325	0.5606
GPR156	2.01337585756487	0.000300781904152805	0.000965209077555564	0.9127
LMCD1	2.87449623373045	0.000302811364005971	0.000971038865500265	0.654
IKZF5	3.56868482379851	0.000304751219118874	0.000976916287310652	0.5391
TRPV6	1.83815718263194	0.000306525344206405	0.000982086115098654	0.9994
LINC00475	-0.541923339866216	0.000307072983762896	0.000983668080641416	2.0444
LUCAT1	4.03867947781971	0.000309052682348803	0.000989488910726017	0.4674
GUCY1B3	-0.450801213635922	0.000309149589117815	0.000989625617908964	1.9674
ZMYND15	-0.234112570611372	0.000310929030643419	0.00099479852496079	1.7759
PCCA	3.27985465895016	0.000313469172604315	0.00100257414419488	0.551
ZNF236	3.90473177906818	0.000317385774946372	0.00101421227155977	0.4803
SPOPL	5.43211344490389	0.000319366312757129	0.00102018397299985	0.3868
STAT1	6.08092778321824	0.000319463761240661	0.00102031672939285	0.326
ICA1L	-0.019662216471484	0.000322919016615776	0.00103063104324084	1.6671
LOC101928489	-0.019662216471484	0.000322919016615776	0.00103063104324084	1.6671
MAST4	4.02755617154084	0.000323624452078156	0.00103234107935328	0.5019
PLA2G16	7.26974905093942	0.00032618174090487	0.00104013517239464	0.3005
ZNF549	3.54986589028033	0.000326460010166929	0.00104084071701143	0.5084
DCP2	6.01367783271408	0.000327584306419707	0.00104424290169341	0.3957
ACBD5	4.78415220976345	0.000330205173188769	0.00105222999506618	0.4173
FAM220A	4.58331686225217	0.000331845860660249	0.00105708916981565	0.399
WDR35	4.72758610921115	0.00033309522788486	0.0010606988453281	0.404
KIAA1107	3.09923959666679	0.000337773561601871	0.00107503384599089	0.6278
LRP10	6.21450025740801	0.000338164885991364	0.00107609171320522	0.3292
LAMB1	8.45218272546527	0.00033891726678556	0.00107829794744461	0.3144
ZNF286A	5.44516093126808	0.000339948835118908	0.00108120312437819	0.3417
RSRP1	5.84310686432327	0.000341126902421516	0.00108457205339728	0.3385
TPM4	9.14866950195306	0.000342559717468266	0.00108874829423758	0.3846
RALGAPB	6.4660585413262	0.000347575819010118	0.00110334622706464	0.3071
FBXO25	3.20095518119509	0.000348842678490144	0.00110717523270446	0.5586
MAP3K7CL	-0.576022628052114	0.000348979800297041	0.0011074179096511	2.7201
CYP1B1	5.65689513051815	0.000350676872330985	0.00111260983338103	0.3819
EP400	6.46795859901728	0.000350982501290123	0.0011133860197311	0.3136
CLCF1	4.35747503685223	0.000353391128812425	0.00112063721514671	0.503
AAMDC	3.98731430283119	0.00035351139552098	0.00112082390354828	0.5258
TWIST1	1.30904275933301	0.00035806092008566	0.00113472242797335	1.0392
BBC3	1.9705639482509	0.00035823370722447	0.00113500773326795	0.889
HTR1D	4.18836230833905	0.000360468386069123	0.00114109777285901	0.4528
HSD3B1	-1.60843082600681	0.000362126994394256	0.0011455537012063	5.8906
ADAM33	-1.60843082600681	0.000362126994394256	0.0011455537012063	5.8906
TM9SF3	7.78142833854804	0.000363074572089244	0.00114835228483389	0.2965
NPEPPS	7.15536164098611	0.000364275478261948	0.00115195100141177	0.3145
FKTN	5.61447079376019	0.000364812392317731	0.00115344908800701	0.3407
KCTD7	3.42110960005338	0.000366262348493501	0.00115783297560127	0.5716
KIAA1671	6.12076676759817	0.000367961255835899	0.00116280088048125	0.3278
CTHRC1	-0.483635197918844	0.000369500645524507	0.00116685759984352	2.3325
CEP76	4.09540155376111	0.000373645286878161	0.00117933408666108	0.4465
GTF2IP1	4.94581320576773	0.000376897621238161	0.00118898271527974	0.669
MIR137HG	0.532633942248097	0.000377030406259468	0.00118919611207202	1.3579
CBX1	8.08566450524874	0.000377620617297065	0.00119085195877962	0.4215
FRMD6-AS1	1.0539619521061	0.000380795685217357	0.00120003556522148	1.0989
HECTD2	2.91629759555488	0.000382802700368918	0.00120573604174171	0.6861
ALG11	2.82147965116785	0.000386328017984668	0.00121579112158733	0.7054
ZNF132	1.30736391397042	0.000390186030655354	0.00122750924963711	1.0697
EHD3	2.27288530180731	0.000392129361351791	0.00123341034128847	0.7595
NAGK	4.21434618117329	0.000393602722203838	0.00123719292986081	0.5747
COLCA1	-0.451121703354755	0.00039446745258018	0.0012396966456023	2.1564
HIAT1	5.49426589605482	0.000395331670084379	0.0012421987898555	0.3421
FBXO11	6.22539984786513	0.000397871701200993	0.00124974978959486	0.3194
ZBTB10	3.679273461255	0.000398890914660443	0.00125252021638133	0.4873
LOH12CR2	0.0842357508168447	0.000399048696967975	0.00125280017400642	1.6131
ZNF808	3.57780310007798	0.000399222319044403	0.00125311723983182	0.6021
MCTP2	2.24239921781497	0.000399286973274634	0.00125311723983182	0.7792
NAP1L5	0.143416205249089	0.000401151907614153	0.0012587537341705	1.5915
CYP26A1	0.758261846955075	0.000401731171691129	0.00126013819078922	1.2827
C6orf165	1.90628696100085	0.000406362228454855	0.00127378929304118	0.8439
MIR31HG	4.16354172861414	0.000408039291085208	0.00127882666060971	0.4505
LOC101927365	1.94855626909462	0.000408866786378694	0.00128098027323313	0.8846
ZNF281	5.2044187117939	0.000412350118807099	0.00129122877683403	0.3679
BMS1P5	3.10934482574279	0.000415368924919941	0.00129976364331065	0.6798
SGMS2	4.90694989262277	0.000415431685950791	0.00129976364331065	0.4364
NPM2	-1.02221434523294	0.000416068100804667	0.00130153174233893	2.923
FBXL17	5.28834373329273	0.000420987902337388	0.00131556917923166	0.4183
RND2	0.490091757517515	0.000421895624837149	0.00131795457341324	1.2978
LINC00571	-0.479924817696916	0.000423830198486287	0.00132331864264848	1.9355
LOC285556	-0.284204011501597	0.000425117776690571	0.00132688496003814	1.843
YY2	2.43340676638885	0.000425341427728977	0.00132735608625986	0.7021
CEP135	3.85683076301157	0.00042544410134652	0.00132744958369203	0.4785
IGSF22	-0.817584265120299	0.000430616114153442	0.00134243985313956	2.4265
CTR9	5.64318577606766	0.000432140292633603	0.00134696144482142	0.3244
GLTSCR1L	4.33825009527249	0.000433258385368898	0.00134998550662137	0.4114
MOB1A	7.37313996506067	0.000434734267044451	0.00135412195515501	0.3218
SCN5A	2.06697357446004	0.000436182519958948	0.00135840124264254	0.7732
GIP	-1.36671642247409	0.000437660021760657	0.00136253774850999	3.0128
GJA1	-0.610519989175495	0.000437983765459756	0.0013633131495709	3.4175
NBAS	4.87829297242777	0.000441163848532294	0.00137289269985076	0.399
C12orf49	5.63000421633235	0.000441211736964528	0.00137289269985076	0.3295
PUS7L	4.83025934871782	0.000442384323665641	0.00137607228025898	0.4127
DAGLB	5.31267010965604	0.000443233823593079	0.00137831144078635	0.3535
DDI2	3.46712801672934	0.000443255174674444	0.00137831144078635	0.5058
GAD1	2.07221971988396	0.000443758909304443	0.00137964282157049	0.8101
ASCL5	-0.938787151370945	0.000444094259030102	0.00138045033081109	2.5967
KIAA0556	5.64516454075443	0.000446284917895614	0.00138655164416309	0.3328
SAA1	-0.110216001522094	0.000449239515069449	0.00139525630947735	1.6702
PAQR8	2.82590449365155	0.000449649907447013	0.0013962933679797	0.6532
TMTC1	3.40691641185665	0.00044973220862983	0.00139631142869833	0.5244
WDPCP	2.43419987551756	0.000452726154414556	0.0014044126890386	0.7043
MIEF2	3.92995863230949	0.000453559290369873	0.00140675813880265	0.5503
DIRC2	4.93816788211286	0.000453989263518584	0.00140785255559627	0.3575
ZNF18	2.84812296860167	0.000457367885150837	0.00141712629180477	0.6067
TMEM50A	5.39427725008192	0.000458455770174424	0.0014197741374562	0.4513
FARP1	5.56425916051551	0.000461497146550129	0.00142870814099019	0.3455
TRAPPC8	5.19702260444529	0.000472876115270948	0.00146195196619584	0.3433
ZNF704	4.90821605834525	0.000490690980634405	0.00151472007819778	0.3826
ME1	7.78390391889936	0.000491201333460085	0.00151603914516438	0.3034
KIAA0513	2.87488486764044	0.00049152624795754	0.00151678552784193	0.5912
C11orf84	5.55976762033102	0.000497385757460953	0.00153305324805118	0.3429
SLC4A8	1.50621222274239	0.000502106283836194	0.00154629762444561	1.113
HOXC-AS1	0.379466597780111	0.000503424066809988	0.00155009441114575	1.4894
KCNC3	1.69009251055249	0.000503527809991637	0.00155015239447004	0.9217
ZBTB7C	-1.42298316985067	0.000515096698653124	0.00158363174985036	3.84
TSTD1	3.59587985880042	0.000525932030276684	0.00161476877644318	0.5452
CNGB1	1.10670302935146	0.00052701962045689	0.0016178359157661	1.044
NFATC1	0.427676630602144	0.000532745128086677	0.00163431273035631	1.3496
ARMCX6	4.14314718334911	0.000535131515503732	0.00164135768599397	0.4588
PGAM1P5	-1.36756555363956	0.000537621990437397	0.00164871947882162	3.9156
SLC16A8	0.673841508552309	0.000537810392873534	0.00164902024391992	1.3092
RORA-AS1	0.145732379591528	0.000539377883160366	0.0016529935596736	1.4803
NOS3	0.145732379591528	0.000539377883160366	0.0016529935596736	1.4803
PPM1D	3.88087514876454	0.000542098171581582	0.0016602154370732	0.4991
SLC26A4	0.343683358605889	0.000542331288097508	0.00166037229507096	1.3836
CASC4	7.18029631737079	0.00054482876793957	0.00166745917644674	0.3479
PPM1B	6.00835041040385	0.000547469613314723	0.00167497993307752	0.3428
RCAN3	4.62698092064336	0.000548303753750634	0.00167725089284041	0.3835
ATXN1L	5.9365517579762	0.000548477823249651	0.00167750228534857	0.3218
SLC9A7P1	0.203531399004542	0.000548603381651203	0.0016776052488148	1.4573
UGGT1	7.45183567888031	0.000549539153025045	0.00168018535883859	0.2874
ZNF248	4.58748669826084	0.000551111493934135	0.00168442850046234	0.3976
ZNF425	2.94456279070542	0.000554678788991697	0.00169504786940616	0.5837
TJP1	3.83667765328085	0.000558097528141288	0.00170463919587541	0.5114
TEX9	3.46990607511788	0.000561326797359468	0.00171421579334132	0.5249
BAIAP2-AS1	4.53129507293566	0.000561884070664704	0.00171563063958101	0.4082
ATP7A	4.52104245912095	0.00056197915661754	0.00171563402729261	0.4206
TDRP	4.48515398187408	0.000562169799640367	0.00171592908581083	0.4013
PLEKHM2	5.57045394986921	0.000568909526291869	0.00173592049339535	0.3311
SH2B2	2.42817519153323	0.00056972775945224	0.0017378362533935	0.6765
PPAPDC2	3.31442741632783	0.000570474742191953	0.00173953347143082	0.5358
NCOR1	7.61718642631203	0.000570676921392449	0.00173985936488653	0.2942
SMARCAD1	5.32597456362668	0.000571405618706928	0.00174120864214884	0.3704
SLC43A3	5.95744952624724	0.000575652147061545	0.00175356342345329	0.3189
CMAHP	-0.574530237425469	0.000581643469958192	0.00177092781647044	1.9821
PRKD3	5.89360679456657	0.000584715263743125	0.001779390207517	0.3084
FCGBP	2.03658947227126	0.000585138723041996	0.00178038208797578	0.8626
UBQLN2	6.94489048715222	0.000589827445893941	0.00179405029194265	0.2954
EBI3	-0.980490164898011	0.000591232907423257	0.00179802564682975	2.5371
GPR155	1.75820479887034	0.000593489775090584	0.00180458849667783	0.8606
ACADL	-0.512229081004488	0.000598623925596571	0.0018192905586301	1.896
ALDH3B1	5.77652583073159	0.000599151215990997	0.00182058834293218	0.4197
LINC01569	0.767648732487848	0.000603414748240285	0.00183263011876138	1.2009
PPAP2A	2.87078494492578	0.00060591120241545	0.00183929413224085	0.7071
LOC105376341	-0.477689976944724	0.000608321715306755	0.0018463044446617	2.1437
TMEM56	4.98223983741853	0.000614213954189038	0.00186325854896562	0.4881
ADGRG2	1.27427231721397	0.000617226648729054	0.00187177569754113	0.9763
MB21D2	3.51795083139671	0.000619091298619999	0.00187711854303383	0.5438
ZNF155	1.99430498960864	0.000620103191024981	0.00187987443629227	0.7897
CNKSR1	3.8144272776982	0.000620220778506871	0.00187991873359147	0.4771
NRAS	6.98639969840359	0.000623195993160995	0.00188830971803272	0.3033
TUBB4A	-0.702999420808862	0.000625262360303018	0.00189394220170763	3.0424
SSBP2	2.14572426020637	0.000627607409659246	0.0019007300714564	0.7508
SEC14L1P1	1.05755400892005	0.000636699663192529	0.00192634886497229	1.0611
AEBP2	6.19918948218264	0.000641420527056307	0.00193998892344929	0.3383
PTGER2	-1.06669141940779	0.000644930124194534	0.0019499576593732	2.4291
PSD3	5.3915192919402	0.000646708949274017	0.0019545098408536	0.3781
SMIM8	3.01832255631352	0.000646756899024793	0.0019545098408536	0.5705
CD36	-0.745553745719466	0.000648811594538548	0.00196039464910555	2.2253
JAK3	3.41185785418947	0.000654223416124317	0.00197543875037471	0.5581
JKAMP	6.1401407542419	0.000655521408461308	0.00197888106353006	0.3039
ANKRD62	-0.536955077046163	0.000656045330497582	0.0019799576051519	2.6467
TMPRSS3	0.927317102707861	0.00065703247689325	0.00198260907407656	1.1599
LRRC61	4.9910639618964	0.000658448294217265	0.00198622472888804	0.3453
DNAJC10	8.33372350282931	0.000660701297055761	0.00199203350603633	0.2835
ZFHX2	1.51757016932563	0.000661346867964757	0.00199356140266908	1.0348
COMMD2	5.73541853787549	0.000661426457929811	0.00199356140266908	0.3141
COL26A1	0.253862540194637	0.000662162187228351	0.00199544947012888	1.5209
SLC2A14	-0.937944364645561	0.000674006669077556	0.00203013788989934	2.2487
COL12A1	5.68666379806645	0.000676161482933723	0.00203629231811911	0.3647
TMC7	2.33278352112383	0.000676470126515816	0.00203688580400342	0.7438
TRAPPC6A	4.04740573615054	0.000681896835108374	0.00205288730569566	0.4651
CERS6	4.35583812641752	0.000693582761901314	0.00208772413870905	0.4247
LINC00607	-1.36463637596117	0.00069476800941242	0.00209060240313716	3.0608
RRAGD	-1.74517449604444	0.000698043406778439	0.00209942017037021	5.6956
VSTM1	0.552402217124725	0.000704298991924508	0.00211788542193606	4.6016
ZNF655	5.94279651370417	0.000709968244351754	0.00213458173071239	0.3061
CTDSP2	6.34886340344832	0.000711122426707996	0.0021376998224899	0.3225
ZNF584	3.4619549631201	0.000713216456734677	0.00214364169149626	0.5484
ADD1	7.05308811779533	0.000715074069163018	0.00214851747969718	0.2824
TXNIP	6.49664601968102	0.000715217914535041	0.00214859605854068	0.333
GGT7	2.16023511817145	0.000721854091884761	0.00216603686743067	0.7818
GYG2	1.16035177519041	0.000728709463837606	0.00218532642125177	1.0943
TRANK1	2.40149237487921	0.000728761352573444	0.00218532642125177	0.6986
DNM3	1.06182075470539	0.000730629569873993	0.00219056880072584	1.2282
LYPD6B	2.35134480169426	0.000731023686223657	0.00219139054444977	0.7395
PCDHB2	2.45773662704022	0.000741644485558832	0.00222067602564573	0.6845
MIR30C2	-1.25919017869504	0.00076292274307582	0.00228289093551749	2.5816
STAM2	4.81614385225588	0.000769947618707524	0.00230315643570778	0.4336
RFX3	3.22353629225096	0.000770647980332548	0.00230449623733841	0.5355
LRRC32	-1.81800891738614	0.000771580288635411	0.00230596799409478	5.5869
C14orf37	-1.81800891738614	0.000771580288635411	0.00230596799409478	5.5869
MFAP3	5.69784512758148	0.000771645402931915	0.00230596799409478	0.3576
SYT13	-1.36775537697984	0.000773488373491673	0.00231071898976665	2.998
FLJ31356	0.450414515272822	0.000780561394504056	0.00233108601636939	1.6386
HAPLN3	1.07557466589339	0.000780711544222097	0.00233115308330367	1.0725
LOC105373989	3.79075658528585	0.000781699365992835	0.00233372095266806	0.5864
LOC100506746	1.60703091306174	0.000782129344720425	0.00233462284454154	0.9295
FSTL5	5.43222764475279	0.000786621905245241	0.0023468817620783	0.3244
DNAJB9	4.23825425481504	0.000786857186752853	0.00234720013094119	0.5175
KLF5	6.72135836105461	0.000790597514831159	0.00235720206283809	0.3738
DCTN2	6.20649201035252	0.000791258948453559	0.0023587889227577	0.319
MIR2682	-0.858330400804888	0.000792777628934559	0.00236293035001295	2.6973
RRAD	-1.06752982199462	0.000802149757247894	0.00238969418543041	2.857
SERTAD4	5.28877101782054	0.000807769079471707	0.00240486502198883	0.355
TPCN2	4.16748002773053	0.000813125226843307	0.0024200218684792	0.4754
LOC401261	1.23833653243252	0.000817615124641362	0.00243219516301983	0.957
ZNF324B	1.72487845903873	0.000819315833274043	0.00243646031149225	0.8369
EIF3J-AS1	3.38967362173964	0.000820222364196269	0.0024387588730891	0.5668
ZBTB33	6.45513472090778	0.000820475357224104	0.00243911384489224	0.3035
ATP1A4	-1.48020216656952	0.000823001748076665	0.0024462259708381	3.7908
SEPT7P2	3.47809479038404	0.000828964157798062	0.00246274526684482	0.4852
MBD5	3.68461010908453	0.000832266258975283	0.00247134886529811	0.4997
AMMECR1L	5.49983054172863	0.000839680585021191	0.00249174394670788	0.3179
POU2F2	0.564911725365668	0.000842249733157616	0.00249891042013225	1.2601
PDXK	7.18724034107262	0.000842369342982793	0.00249891042013225	0.4147
SLC39A13	3.81627275053679	0.000846089792086272	0.00250913178107976	0.4427
DIS3	5.80360354539429	0.000849055472216142	0.00251724535421107	0.3097
RBP5	3.29165157141943	0.000851500574242572	0.00252353806548253	0.5655
MX2	0.95936030620207	0.000853820367370403	0.00252959179271569	1.0892
CTB-178M22.2	-1.4237012401704	0.000855504970861628	0.00253417146650168	2.9184
CCDC43	4.52599096529793	0.000861588073863637	0.00255177674828919	0.4449
ATP8B1	5.56031875646809	0.00086779395680475	0.00256890651458205	0.3269
YES1	8.18783097885789	0.00087783970444339	0.00259696024053128	0.2938
ZNF264	5.13219222830969	0.000878003834758941	0.00259702495258575	0.3504
WASL	6.46071227053669	0.000880627879359723	0.00260394275438793	0.3024
GANC	2.79405409618119	0.000884845199066432	0.00261471899549317	0.5787
PIGM	3.93598173843935	0.000888803981009729	0.00262599214716194	0.5107
LRCH1	3.94929442798383	0.000893533159720776	0.00263868349463968	0.4242
TNNI3	2.88696392391575	0.000900944996650943	0.00265971084392943	0.815
DIRC3	-0.64123671484057	0.000901808027061807	0.00266150390257975	2.1079
PER3	4.84014744155695	0.000901843949460907	0.00266150390257975	0.3651
GRID2IP	1.01733469138188	0.000904690617280156	0.00266904200211159	1.1518
GTPBP8	5.16095340024476	0.000907780367163722	0.00267729214587091	0.3706
DIS3L2	4.68428431592277	0.000909671891155834	0.00268238295086559	0.3775
ZYG11B	5.67303730632993	0.000919011105238913	0.00270778998341537	0.3322
CYB5R2	2.74408256048637	0.000919290690464138	0.00270802872340104	0.6411
NRSN2-AS1	2.94344697207218	0.000923047843183196	0.00271792926212136	0.5561
PCDH18	0.471528399030898	0.000926516148816459	0.00272770179209696	1.3603
DEPDC1	7.46121468223951	0.000936321415699424	0.00275346065802331	0.2975
FAM13A-AS1	0.307586682742567	0.000948757930031664	0.00278823644086575	1.3464
MPP1	2.99016481187739	0.000950931386439137	0.00279327488187174	0.5549
TP53BP1	6.81536588842352	0.000954047758966277	0.00280197810290997	0.3135
ADAM28	1.13299802744898	0.000956377419472687	0.00280836837218809	0.9992
EP300	6.79487675779224	0.00096416074295136	0.00283076849844323	0.2938
PEX2	4.95326468141589	0.000965416136562405	0.00283399855106661	0.3696
SEC24A	5.10263970847648	0.000968713913428825	0.0028427650222724	0.3738
STARD9	2.39037029561824	0.000970680245130993	0.00284807755626992	0.7893
ZNF337-AS1	2.19846556277406	0.000975611675066343	0.00286162704691696	0.7637
PRRG2	2.58330981889134	0.000983671475784771	0.00288341465348856	0.6132
SLC12A5	1.09129841085381	0.000984233873437516	0.00288460003106041	1.1171
ANKRD20A5P	3.24678659056578	0.000988558030029022	0.00289587859374355	0.5345
DBT	5.41422655356049	0.000995846004459679	0.0029158243235631	0.3301
ACTN4	10.0763625863526	0.00100236444695451	0.00293349877261966	0.3065
IGF2R	7.11339849709015	0.00101795276332766	0.00297768717309883	0.3045
MRPS31P5	2.23051684929434	0.00102715346270352	0.00300267631947406	0.7438
FIZ1	4.52067185136132	0.00102861671056063	0.00300599114262764	0.3787
OSTM1	4.20340792728963	0.00102910903768083	0.00300694855824284	0.4735
HECTD1	7.18609479335278	0.00103254311304381	0.00301553464593309	0.295
CXCL16	5.45107689160032	0.00103774235563782	0.00302974963130083	0.3208
LOC101928222	-0.5421032997135	0.0010438665704944	0.00304616817630208	1.8273
TGFBRAP1	4.92251903706657	0.00104469386822032	0.00304809513476589	0.3562
NAT14	4.96478390714775	0.00104786445576248	0.00305685738325341	0.4529
CD109	7.17731921110711	0.00105990052329563	0.0030909814621861	0.3128
ACAD11	-0.364781367773349	0.00106275490968625	0.00309867039143401	1.7489
ZNF37A	3.96041975586672	0.00107938856650353	0.00314438176810431	0.4133
NUPL1	6.28289710913489	0.0010794172075323	0.00314438176810431	0.3164
TTN-AS1	2.08208111420725	0.00107968346755724	0.0031446556132299	0.7432
SYTL2	3.12256930743536	0.00108588075929894	0.00316169683281682	0.5212
LRRTM3	-1.4828065116807	0.00109188572875047	0.00317715426587004	3.748
MXD4	4.35804307290424	0.00109368358112552	0.00318187847920758	0.3956
ADAMTS9	1.5760481626154	0.00109803295991636	0.00319402321801037	0.8601
HERC2	4.87253084367604	0.0011056318334526	0.00321474010177382	0.3577
ZNF71	3.46390995251029	0.00111333913802917	0.00323493861274241	0.5719
STAT4	1.06247181995307	0.00111997568237756	0.00325163423306056	1.0305
MYCBP2	6.53266792142292	0.0011232607420775	0.00326013483423956	0.2859
PVRL2	5.9674051904681	0.00112570372288439	0.00326514889815338	0.2935
BPNT1	5.61445490511303	0.00113260585707086	0.00328360370441251	0.3172
ZNF112	2.98725972839342	0.00113911654545034	0.00330090661170497	0.5937
GSDMB	3.8923542836757	0.00114024723885138	0.00330365871964303	0.4884
ARHGEF9	4.21600242578809	0.00114067335215003	0.00330436888556823	0.3871
MEN1	5.81896391569778	0.00114506898204959	0.00331552408188697	0.2988
SYNE1	3.54600665854586	0.00114607427238675	0.00331790864520972	0.4569
ATP11B	6.61528252940395	0.00114835536542175	0.00332345839428337	0.3092
ST6GALNAC5	-0.856132059107445	0.001151015699248	0.00333010183921894	2.0691
SLC5A6	5.82019363439623	0.00115384910638617	0.00333724164863528	0.3602
NAALADL2	2.45110970272686	0.00116530787700979	0.00336611718397004	0.6613
WAPAL	6.07420867129971	0.00117642701459113	0.00339662368786583	0.2903
ZBTB4	6.39208046252676	0.00118599178598073	0.00342261556194504	0.2923
UBR3	5.40454799791187	0.00119301927938793	0.00344180783257048	0.3192
SMG1	7.9865473218124	0.00119370726105109	0.00344324850019731	0.2759
PCOLCE2	1.97120375374565	0.00119667206681097	0.00345125517404441	0.8071
ASNS	5.64337236549311	0.00119724958758766	0.00345237537055763	0.3017
ARHGAP21	7.09679912867798	0.00120060363064431	0.00346150029706925	0.315
NPHP3	2.25343818872103	0.00120557105651766	0.00347527320508234	0.8986
U2SURP	7.90049538770887	0.00120663192220023	0.00347778218687834	0.2883
MRPL33	6.97744450371834	0.00121336941516568	0.00349554553310159	0.3623
LPPR3	-0.819845157240787	0.00122527118880149	0.00352760618557957	2.1338
ZNF613	2.67358346980171	0.00122781186098336	0.00353436350269823	0.6748
BROX	6.95304416106242	0.00123048117423211	0.00354148893532736	0.3086
NUTM2A	-0.643111642029488	0.00123392862760626	0.00354973227632838	2.3824
MCF2L2	0.677842599967914	0.00123584723031578	0.00355469151357255	1.1803
KPNA6	6.88201532157413	0.00123771508736028	0.00355950325060637	0.3045
TMEM41B	5.99418831231329	0.00124112585095548	0.00356874996614322	0.2953
SKP2	7.49076178904048	0.00124935884211497	0.00359072654622966	0.3076
CTAGE8	2.36798019927107	0.00125157081613956	0.00359651767974875	0.6576
TTC5	3.22167062981622	0.00125300229204279	0.00360006450165772	0.4945
PEX1	4.92535157336875	0.00125705739052152	0.00361001096765155	0.3284
SRSF5	8.07757707539275	0.00125848932153918	0.00361355474268941	0.3449
WIPI2	6.69435679716859	0.00126336277985616	0.00362697765514296	0.3237
SHOC2	4.97237985364457	0.00126744603768759	0.00363755618047864	0.33
CFAP44	3.30749725793385	0.00126811971733888	0.00363891756676182	0.5383
LSP1	-0.977575528562397	0.00127246041069158	0.00365079950614261	2.1945
YIPF4	5.02550840295287	0.00127790980684809	0.00366528223626373	0.3516
LOC101927418	-1.81853234180002	0.00128035661968821	0.0036711466073548	5.5796
TMEM185B	5.79847066463375	0.00128508059141455	0.00368411295176886	0.3323
TCTN2	4.05622970169027	0.00129265034214251	0.00370523232001156	0.4695
TPD52	7.22090614139222	0.00129534106452365	0.0037119938652947	0.2952
PRRG4	5.26147708203473	0.00129591504530009	0.00371284134761432	0.3682
UBAP1	5.39055480247133	0.00130171448573558	0.0037282867354234	0.3136
ACHE	-0.228533687131651	0.00130680602365414	0.00374169554075124	1.7924
FAM175A	2.89680117937414	0.00131000050155929	0.00374907809319117	0.5616
ACACB	3.79744863216666	0.00131022696598266	0.00374913847820993	0.4615
KCNMB3	3.52939617807621	0.0013152181248347	0.00376283060444794	0.5308
TUBB2B	1.27321183015223	0.00132223257489335	0.00378052903480863	0.9481
HEXA	6.01833044803351	0.00133410391167142	0.00381387425798207	0.3243
PCYOX1	6.95630533566735	0.00133505011339708	0.00381598166121451	0.2773
PCNT	6.27002175167994	0.00133870501924812	0.00382582949771347	0.3088
SPTBN2	6.24887582309818	0.0013418805438339	0.00383430446208041	0.2968
TMPRSS12	-1.7462193609626	0.00134299094093212	0.00383687677897603	5.6625
PCDHGB7	-1.42402331274039	0.00134673378754294	0.00384636608657446	3.7984
LOC100507291	2.7950554169902	0.00135067569183467	0.00385641780264837	0.5961
ZNF354B	3.24003966327979	0.00135371909596314	0.00386450286409743	0.6193
XRRA1	4.15379679586579	0.00136323738578148	0.00388985022113578	0.4173
KLC4	3.98657514180124	0.00137145426160979	0.00391146211528642	0.4138
NUDT12	4.35818656196181	0.00137839457840882	0.00393002833412954	0.405
EFNA2	-0.512350611695385	0.00138460250288985	0.00394711169468412	2.2554
CHI3L2	-0.311251572743016	0.00139482342753972	0.00397438684144921	1.6478
C22orf23	4.12468497266762	0.00139794183122796	0.00398140812338497	0.4594
SNX4	5.26307240192924	0.00140180641030447	0.00399116934287562	0.3617
GNG12-AS1	-0.15981775651501	0.00142830738152566	0.00406092190579855	1.6249
FGGY	3.19863097473872	0.00143284938722751	0.00407193312783707	0.5182
LOC105374278	-1.54323718007063	0.00144188685850214	0.00409570351467483	2.7239
PKD1L1	-1.54323718007063	0.00144188685850214	0.00409570351467483	2.7239
MAGEA4	-1.48247645763738	0.00144400575953463	0.00410108418575983	2.8224
PIAS2	4.56410028927981	0.00144982708025193	0.00411697669576595	0.3787
PRSS27	2.42280201874088	0.00145502861755831	0.00413037567577035	0.6354
TNFSF4	-0.395541483719955	0.0014602184006456	0.00414390597266998	1.8536
LOC283140	0.426029639783716	0.00146196400087899	0.0041482069061606	1.2556
FAM212B	0.57846685750002	0.00146218840058849	0.0041482069061606	1.1478
LINC01006	-0.42245686418274	0.00146980226366934	0.00416721697865311	1.7929
GABRB3	2.88452248416942	0.00147318544639981	0.00417551211139186	0.5393
LOC105376204	-0.819967519824277	0.00148714622977344	0.00421246572082914	2.708
LOC100289511	-1.0661608762969	0.00149996028509578	0.0042448108765631	2.4143
SREK1IP1	4.77472389374759	0.0015028758918885	0.00425177851026959	0.3427
SPG11	5.8678681263129	0.00150359607497423	0.00425312208626118	0.291
CDC5L	6.77441190513116	0.00151993756035205	0.00429801426607605	0.2917
LOC283922	2.55217237664831	0.00152983389784457	0.00432514278386293	0.6608
HOXC11	1.8061462724332	0.00154628291496073	0.00436980509218624	0.7761
CTBS	4.55032740418496	0.00154946337619561	0.00437811536849204	0.552
UBTD2	5.61716501714355	0.0015500965150114	0.00437922655184897	0.2958
SYTL3	2.60213973812751	0.00156631101474305	0.00442298126607101	0.597
RSBN1	4.55794298501579	0.00156828313857288	0.00442786529195585	0.4301
CARD14	2.45579437205752	0.00157503662265382	0.00444555791329131	0.7594
ZNF611	3.89587017336019	0.00157643492960185	0.00444881683023827	0.5185
ADGRG6	5.62971410628573	0.00157724033291133	0.00445040178015907	0.2958
CPS1	5.13233064508665	0.00157793789309669	0.00445168199294904	0.3522
SMPDL3B	4.7856299961663	0.00157838603257786	0.00445194361406825	0.3871
ZNF234	3.49193236201751	0.00157896484365403	0.00445251501170032	0.4677
SAP30L-AS1	2.62347846367644	0.00159671546261482	0.00449770675597843	0.5854
USP30	2.95329975800916	0.00159827977704244	0.0045014186377178	0.5228
CFAP126	2.35174254047548	0.00160379985305625	0.00451487588548881	0.6589
GM2A	5.62795244605384	0.00160743047395869	0.00452370136158316	0.312
MYO15B	2.60673920536892	0.00162069252597891	0.00455751120675771	0.6035
CD4	0.236463070487928	0.00162410539972091	0.0045664050789011	1.3332
PPP1R3G	1.17496519753385	0.00164732995517698	0.00462885264917823	0.9269
PLBD1-AS1	-0.453025144299961	0.00164918438752104	0.00463263735629853	1.7687
CHIC2	3.09489072452602	0.00165795177436592	0.00465583257849935	0.5013
SPIN4	5.4334381271355	0.0016593094476042	0.00465892852590929	0.4602
OMG	-1.6060048136877	0.00166266535588614	0.00466763320576001	3.5639
MUC3A	-0.16165356435139	0.00166380113781909	0.00467010356273453	1.7607
GMCL1	5.22809396576286	0.00167831834780246	0.0047079563241367	0.3579
PKP4	6.58362567281681	0.00168406008329797	0.0047226115024098	0.294
MAST1	2.21290126042751	0.00169223433766622	0.00474407709896109	0.6809
GUSBP4	2.8543145958508	0.00170129315803718	0.00476581370156923	0.584
IL34	-1.54355957439679	0.00170511677540851	0.00477505934220858	3.647
MYT1L	-1.54355957439679	0.00170511677540851	0.00477505934220858	3.647
AKT3	2.41325665257907	0.00170758257609444	0.00478049800784849	1.0503
SUGT1P1	-0.573182308734884	0.00170906632560682	0.00478318485976976	1.782
ZBTB37	1.85975939184818	0.00171978589189415	0.00480949927120399	0.7745
CHN1	4.55293437444967	0.00173574120309887	0.00485188966525387	0.3725
ANLN	9.2977995984401	0.00175109992422169	0.0048903289301807	0.2814
TMEM63B	4.6336888444928	0.00175472669049666	0.00489970793235042	0.3391
C19orf12	3.65194298466749	0.00175567047779446	0.00490159355293098	0.4312
TRIM55	-1.81696151900531	0.00175899389749496	0.00490964311298352	5.6335
SFTPD	-0.781635409975505	0.00176734128376466	0.00493116039682218	1.9084
DOPEY2	3.60449489782007	0.00177632481672016	0.004951685120483	0.4647
KIAA0430	1.16066228483449	0.00178519872000355	0.00497490273735075	1.288
FOSB	0.144556521969992	0.00178842838134437	0.00498314232750653	1.381
TTC39A	2.56858238847628	0.00179331308522183	0.00499474683719075	0.6282
NAAA	1.62397119939809	0.00179341397446239	0.00499474683719075	0.7961
ACOX3	3.69659446393971	0.0017943840394766	0.00499668624537597	0.5952
LRRC37BP1	4.03708526331782	0.00179904293025649	0.00500660483761622	0.4233
RNF212	1.63489818323909	0.00180790877081351	0.00503051097698087	0.7868
LOC100507283	0.044577946228001	0.00181248359647879	0.00504170357112858	1.4123
LOC105372109	0.253192023581884	0.00181285103245777	0.0050419574114182	1.4218
HVCN1	1.69790158681016	0.00181482018502757	0.00504666523958314	0.8615
SDE2	5.00545072954393	0.0018174406232465	0.00505318245781117	0.413
NEK3	0.679294836585297	0.00181997926934716	0.00505869999104778	1.1946
BDNF-AS	0.565540056730198	0.00182106085150498	0.00506093574441696	1.122
LOC105370548	0.67833058495147	0.00182713483650543	0.00507627051822296	1.207
ALOX15P1	0.53472093717722	0.00183695630188114	0.00510278062190233	1.1979
FAM25BP	-0.13373769288256	0.00183941491696471	0.00510883291101593	1.5037
PRKAR1A	7.81793646586149	0.00184367966645824	0.00511989899465495	0.2851
MYNN	5.23200802854167	0.00185476782931294	0.00514912431446731	0.3245
SKAP2	6.85213687095373	0.0018568819475833	0.00515342609228957	0.2608
PAIP2B	3.98730077517238	0.00186623950967999	0.00517860898141327	0.4057
PPOX	2.67420220111442	0.00187575469751235	0.00520343074878976	0.5893
LOXL1	4.60315214707587	0.00187746314505742	0.0052073787870204	0.3504
GPR37L1	-0.674223164421367	0.00188905679326029	0.00523794362359659	1.8269
DLG1	7.78584670509071	0.00189165626488324	0.00524435486282588	0.2751
AKR1C1	9.61429675633424	0.00189620031332213	0.00525455873102744	0.3082
CLCN4	3.45260627184497	0.00191361683627237	0.00530201684064173	0.4642
CATSPER1	1.66035031789519	0.00192016459954194	0.00531935127909524	0.7914
RAP1B	6.72951563545331	0.00192103768384785	0.00532096251802859	0.2829
KIAA0930	6.12952163540699	0.00192461248181829	0.00533005544115212	0.2888
CCDC50	6.91338088529188	0.00192798346826015	0.00533858125232175	0.2733
LOC101927919	-0.781629571834429	0.00193281246716764	0.00535114109806073	1.8999
RALA	6.74060434971206	0.00193349225211036	0.0053522114563346	0.2738
LOC100996634	0.648425687502904	0.0019375504771929	0.00536263212729437	1.1128
RAB11FIP2	3.9725261705512	0.00196523328749	0.00543430761836072	0.4636
SPIRE2	4.10207852932492	0.00196903088205055	0.00544269424225679	0.3906
FTX	1.78053153548019	0.00196916057570695	0.00544269424225679	0.8959
RAB33B	3.80167628068585	0.00196954863997149	0.00544294277494998	0.4958
SDCBP2-AS1	2.82214519598239	0.00197636742716508	0.00546096015594455	0.5341
EGFR	8.25382686563268	0.00198546689180173	0.00548361324912744	0.2656
RAD52	3.72033760648117	0.00199364461907899	0.00550453360040925	0.4251
UBR2	5.35721361543394	0.00199518246878996	0.00550794664301067	0.3065
ATMIN	6.15721697619824	0.00200759071042288	0.00554136317046871	0.2949
PRKCZ	3.98311569287368	0.00201703315439528	0.00556658462080729	0.5278
LOC100507053	-0.604781820565435	0.0020187124988969	0.00556953534530178	1.941
MTMR9	3.58222168902923	0.00203066551564469	0.00560083076587088	0.4364
RNF170	3.82580005950422	0.00203066930539545	0.00560083076587088	0.4271
CCDC85C	4.79596549856066	0.00203905570515325	0.00562226264208998	0.3317
HSF2BP	1.56339898968032	0.00204200420458247	0.0056286922480534	0.8119
MEGF9	5.99762635097251	0.00205180179547964	0.00565484504502964	0.2775
LOC400499	-0.0439404580672967	0.00206412826036093	0.0056871001390204	1.3865
LRIG2	3.36194423158057	0.00206562714845517	0.00569037109132301	0.4649
C10orf25	1.6112202946231	0.00207521610123332	0.00571333813061611	0.8555
LOC105373314	0.311046048893592	0.00209115772675365	0.0057528896111535	1.3195
SWT1	2.40229864995261	0.00209540613782302	0.00576284038145481	0.6096
TBC1D1	6.25760836807865	0.00209911985683563	0.00577218438114043	0.2709
HIST1H2BC	1.79874173037205	0.0021059130533311	0.00578758142123913	0.755
CASC15	-0.182607722442329	0.0021075096833692	0.0057908935550253	1.43
PAK2	7.95031099639787	0.00210829734305408	0.00579201889269711	0.259
WRB	4.80278838307247	0.00212510811143735	0.00583398100487223	0.3548
CASKIN1	0.604067990722598	0.00213216581648305	0.00585247619090582	1.2307
IL18	5.20935398151115	0.00214384898010486	0.00588277573738077	0.2983
ATG16L2	2.03784054712813	0.0021456573150364	0.0058868530122189	0.6789
ADAM12	5.17924729241136	0.00214848013613061	0.00589371200078142	0.3017
MCM3AP	5.91730649368179	0.00216668804334033	0.00594098181424168	0.2842
HTR7P1	2.99299461133998	0.0021741724338548	0.00595971350637436	0.5227
LRRC37B	2.28561319752488	0.00218062814182088	0.00597561503408615	0.6449
MLLT10	5.20364034098788	0.00218138774959881	0.00597679945320065	0.333
PDLIM4	4.05442564280738	0.00220775115196195	0.00604540348435839	0.4124
JUP	7.36228697343052	0.00220961448264221	0.0060495983795915	0.2538
TOR1AIP1	5.49331233761503	0.00221125663917712	0.00605227904120204	0.3425
VAMP4	3.47582785946576	0.00221172693038771	0.00605265879795504	0.4446
PTK7	6.28709300181745	0.0022274732509804	0.00609221930955963	0.2654
ZFP62	6.02353865407421	0.0022275177416362	0.00609221930955963	0.2855
MTRNR2L9	0.158874289577347	0.00224544944329664	0.00613942265041537	1.662
EPC1	4.79216760802748	0.00224678643243848	0.0061421582974838	0.3244
LOC101928605	-1.16092057215656	0.00226606166144007	0.00619207030253703	2.7108
LINC00888	2.96907256059043	0.002275386841833	0.00621662109914745	0.596
MTA3	6.04362538056247	0.00228748126298601	0.00624872930376665	0.2828
MGAT3	-1.02291877130526	0.0022933574768354	0.00626384411985443	2.4679
CTPS2	4.68017528305964	0.00229615524842257	0.00627054752658227	0.3293
FAM50B	3.83140576757331	0.0023062003617683	0.00629515457602305	0.4042
GRK4	-0.0680214960042265	0.00230795691107049	0.00629900753004975	1.4599
MURC	1.00245331024118	0.00231413353982208	0.00631492106173271	0.9797
PCDHGA1	-1.89536651655686	0.00233075990031039	0.00635934131520944	5.4827
CHD3	8.29936653616417	0.00234266287680927	0.00638799902599403	0.3068
SNORA18	2.64351186138593	0.00235149501661053	0.00640921066336846	0.7388
STX1B	0.292014746690513	0.00235572404702994	0.00641882062725054	1.2184
DNAL1	4.83489857498454	0.00236042471115608	0.00642970956831772	0.3465
BCKDHB	4.69676239250426	0.00237330916572426	0.00646095021316165	0.3347
LINC01151	-0.605996050886617	0.00238640373605551	0.00649369304001035	1.7277
COL28A1	0.505383922606991	0.00239442190317727	0.00651307008512085	1.166
KCNH3	-1.1118451208759	0.00239495176826338	0.00651307008512085	2.3426
DNAJB13	-0.605489568248601	0.00240282417279782	0.00653350582344311	1.7439
C16orf72	7.12207811125243	0.0024034191861529	0.00653415050817681	0.3068
CPNE8	4.04202842250033	0.00242341089980636	0.00658555959911654	0.4229
ZNF417	4.11684412595309	0.0024323875478297	0.0066089696492304	0.4279
KCNIP1	-1.89693840298308	0.00244245651771944	0.00663435295156765	5.4424
CAMK1	1.79346402556999	0.00245206284917983	0.00665945542615693	0.7361
KIAA1614	-1.20919418816844	0.00245527749522875	0.00666719410276604	2.6466
YIPF1	4.18973128181158	0.00246908374956243	0.00670368722962697	0.3923
LSM14A	3.91034665363825	0.00247619896051037	0.00672100627759103	2.1241
TTC25	1.27944531414468	0.00248630764739654	0.00674643763538514	0.895
VLDLR-AS1	-1.11236263720019	0.00248770954161098	0.00674923842943232	2.3389
DMPK	5.48306100736298	0.00249863171211651	0.00677654807694216	0.2953
UBLCP1	5.80338980144436	0.00250026494828465	0.00677826505730392	0.2987
C12orf4	5.14181142002438	0.00250094666530625	0.0067789388295468	0.3029
LOC100505921	-1.16059183717946	0.00250574303632836	0.00678908353683743	2.2629
NFYB	5.72694893056888	0.00250741439788397	0.00679260383554975	0.3161
MYO16	0.12354818950685	0.00250809935161137	0.00679345130015092	1.3484
PGPEP1	4.74988836727538	0.00251738636617908	0.00681759464485465	0.3733
WEE1	5.32335116276372	0.00251799074873607	0.00681821998055855	0.3106
P3H3	-0.256659780331761	0.00252048255117778	0.00682395513188514	1.5705
FKBP1B	1.41352330028374	0.00252220687952066	0.00682761103092071	0.9476
BEST3	0.223165514027208	0.00252814215047674	0.00684266317258759	1.3026
MCM3AP-AS1	2.54751072068846	0.00252925348708481	0.00684364186456502	0.6383
ZNF585B	3.01234937967791	0.00253079398865582	0.00684679535520164	0.4994
APBB1IP	-1.89641462463109	0.00253231041174201	0.0068498827791913	5.4477
GSN-AS1	0.81453439924777	0.00254132650274978	0.00687223472584802	1.0958
CCDC71L	4.448663820367	0.00254366657739029	0.00687542310114604	0.4916
GRIA2	-1.0658322204874	0.00254401199869859	0.00687542310114604	2.0442
SH3GLB1	6.2400871939997	0.00254748167138432	0.00688276237868762	0.2725
C8orf46	-0.0678413480040354	0.00254807726268479	0.00688335284219792	1.5821
LOC100507747	-0.934830464615154	0.0025586182515734	0.00690896971517513	2.247
MIR186	-0.394188935562804	0.00255869545597607	0.00690896971517513	1.6632
LPGAT1	6.63757919250132	0.00257101155695409	0.00693780349756963	0.285
S100PBP	4.95242346804648	0.00257140695523377	0.00693780349756963	0.3362
ZNF214	0.66440163281079	0.00257458240051624	0.0069434647896154	1.1299
ATP6AP1L	1.9967514896155	0.00257653480367253	0.00694686447730701	0.7634
DCAF17	5.28228598762256	0.00259399214421569	0.00698671003021566	0.291
SMAD5-AS1	-1.89746199771066	0.00261301002292905	0.00703170857585388	5.4361
TAF13	4.34663707351939	0.00261641672782155	0.00703983843524102	0.4717
PPWD1	5.81869086278244	0.00261753119291395	0.00704179921276703	0.3503
LOC102724927	-0.134929486999183	0.00265372447130147	0.00713811609666712	1.3776
NLRP9	-1.06738978500659	0.0026623038954699	0.00715697539621535	2.0405
IRGM	-1.06738978500659	0.0026623038954699	0.00715697539621535	2.0405
GOLIM4	6.44528197626112	0.00267653934259039	0.00719418466406509	0.3325
RAB21	5.79236657972734	0.00268556769858107	0.0072173890630496	0.2926
ERO1L	7.5932234644141	0.00268939265941422	0.00722554119062046	0.2623
OGFRL1	5.84646840610951	0.00274038330763411	0.00735712318590711	0.2869
SUPT3H	3.24741642954175	0.00274140091914611	0.00735877300101916	0.4697
GSTA4	1.34334608438677	0.0027605658157893	0.00740586179765606	0.853
CASC10	3.20991652079958	0.00276336338400814	0.00741227768710735	0.5263
TNNI1	1.15891187574322	0.00276907473277519	0.00742432491137375	0.9461
FBXO38	5.42409911345929	0.00277723796847975	0.00744402530503103	0.2944
RAB42	1.59605778559248	0.0027982460907076	0.00749813307382328	0.8386
INTS4	5.04395196279575	0.00280049332223838	0.00750305343275373	0.3628
AVIL	0.81962019178996	0.00280187931834054	0.0075045640897337	1.0466
UEVLD	5.47912993866497	0.00280418792920736	0.00750964571447992	0.3014
DRAM1	3.26582819462038	0.00280872961610163	0.00751849968791077	0.4655
USP40	6.87367237916263	0.00281091280006357	0.00752324059198953	0.2708
PCM1	6.82995406626145	0.00282348078839096	0.0075557703419621	0.2608
HSD17B7P2	1.59932791269389	0.00284071044342736	0.00759742306698063	0.7984
ZNF407	4.09531844692738	0.00284469601374267	0.00760474014158532	0.369
ECM1	3.46077863618187	0.00284755473316371	0.00761126781971256	0.439
RBM33	6.32638664883887	0.00285090422950187	0.00761798999030826	0.2662
RTN4RL2	0.922696841120299	0.00286133160812516	0.00764473435356842	1.0239
SRRM1	7.35501333102763	0.00287385309817208	0.00767481892338056	0.2519
MTMR3	4.83743417053637	0.00289116166766518	0.00771539941600577	0.3763
SLCO1A2	0.144064802849678	0.00290094493624259	0.007738113786681	1.3484
STK36	4.21558237692059	0.00290175174900601	0.00773913512488733	0.3668
MORC4	4.0991039947914	0.00291108363977547	0.00775835663178702	0.3653
SEMA4F	3.62071132393489	0.00292783337724719	0.00780135173205865	0.4707
ATP6V0E2-AS1	0.340061262183708	0.00292807088453472	0.00780135173205865	1.294
MIAT	-0.231433566027999	0.00293597730457116	0.007821275597877	1.4836
TBC1D12	2.92598872203769	0.00294072716033469	0.00783164333173889	0.5007
REEP1	0.535035944079655	0.00294222254519831	0.00783448290331685	1.1313
AASDHPPT	5.92767135856353	0.00294336135114151	0.00783637229494523	0.2833
FRAT1	0.867385959499752	0.00294979805163207	0.00785236413394505	0.9953
BDNF	4.32200402316469	0.0029666070624119	0.00789365668727469	0.3475
ABTB2	4.72222097412237	0.00299134141659485	0.00795715123143749	0.3332
FNDC4	1.65260893719569	0.00300860787493535	0.00800074950689291	0.7634
FLJ33581	-1.06531494189788	0.00305298172963577	0.00811402452412734	2.051
HEATR5B	4.6412914816036	0.00306119757514546	0.00813467582705321	0.329
ZNF70	1.3155683588611	0.00306398069385757	0.00814088655902543	0.8845
LOC401320	3.62151989024025	0.00307000257104982	0.00815451286731929	0.4139
DNAJC8	7.09372955182582	0.00312290796383798	0.00828773917251714	0.3076
PRSS8	5.80059667344802	0.00312333728675054	0.00828773917251714	0.2864
ZNF2	2.60970621238901	0.00316471266709883	0.00839142984031317	0.5506
LIPT2	2.81988819626498	0.0031893385865119	0.0084516766536283	0.5439
ARHGAP24	1.40484813185882	0.00318981768790241	0.0084516766536283	0.837
ZNF800	5.50335470251694	0.0031902116465903	0.0084516766536283	0.2827
CNEP1R1	2.93601784223388	0.0031973834151287	0.00846761985146304	0.5983
EAPP	4.96113222438352	0.0031984500354111	0.00846761985146304	0.3046
ZBTB8B	-1.48142714788375	0.00319855907968977	0.00846761985146304	2.8223
KCNJ4	-1.48142714788375	0.00319855907968977	0.00846761985146304	2.8223
AMFR	5.90428255432923	0.00320308690889099	0.0084771752114691	0.3514
USP11	4.56801716588422	0.00320409154115943	0.00847860489569597	0.3278
ZNF552	3.2887766768741	0.00320569242779093	0.00848161173358713	0.462
ADAMTSL3	1.51518987893109	0.00323327015330119	0.00855085903500893	0.7861
CLDN18	-1.6729979180397	0.00325525391543823	0.00860775137315184	3.4554
MACROD1	4.5076113675005	0.00325838481597999	0.00861478250550771	0.4061
KCNAB2	4.0264335482381	0.0032737899900301	0.00864799740384742	0.369
LANCL2	6.00241541243507	0.00330516340380543	0.00872960982347684	0.2611
KL	1.33721300292053	0.00331035147924656	0.00874078342567621	0.8375
BCAT1	6.72674200965517	0.00334221850817878	0.0088223743616703	0.2746
DNAJC4	4.58158644088452	0.00335288301704256	0.00884796651620829	0.3397
MTMR6	5.15997559381348	0.003355701000402	0.00885412306161857	0.3489
HMGN3	6.42261018917304	0.00337428662554099	0.00889801771426784	0.2966
SLC5A4	-1.97823185504654	0.00340387621111262	0.00896956756785104	5.3203
PHACTR4	6.09023829642411	0.00340669313709883	0.00897569489260733	0.2777
FAM229B	3.21729501140377	0.00340735509057419	0.00897614351133078	0.4835
ALDH3B2	1.44404976720452	0.00342111169224069	0.00900718417270639	1.0166
FAM25C	-1.01878353691772	0.00342271786916527	0.00900921648394645	2.5411
LYRM5	3.81257754898474	0.00342287059227939	0.00900921648394645	0.4236
DUSP8	-1.48331896692403	0.00342581523353329	0.00901436767128621	3.6797
NGFRAP1	7.08226626649279	0.0034288597107897	0.00902107838019553	0.4408
UPRT	2.75469759160772	0.00344719381272461	0.00906670079889073	0.5567
MED28	5.6501821285547	0.00345313151971795	0.00908100965485032	0.2699
NUCB2	4.91254505522152	0.00345677014329331	0.00908926915396265	0.3047
RNF216	6.1457958575263	0.00346010304260005	0.00909562887842696	0.2662
PPHLN1	6.03513306316027	0.00346018528487485	0.00909562887842696	0.2603
OR51B4	-1.48090616273114	0.00347149529627656	0.00912404522442052	2.827
GIT2	5.039618160507	0.00348558314135453	0.00915975325011778	0.2993
CCNDBP1	4.64824813597658	0.0035156759446985	0.009234846049844	0.3257
ATG2A	4.73836747160985	0.0035207149411231	0.00924542174412302	0.4325
ELL2	5.64564427057059	0.00353871117506791	0.00929134347936713	0.2696
SSR4P1	-0.818484284014938	0.00354034058950586	0.00929428498734815	1.8663
GOLGA7	5.21636794259162	0.00354101283505794	0.0092947132015554	0.2889
MECP2	6.367937094276	0.00354200351833628	0.00929597703144726	0.2538
MSMO1	7.21888393290222	0.00355185362701085	0.00932048868976717	0.3043
LCAT	1.28974172576377	0.00357971274160749	0.00938684800499659	0.847
PIGA	3.93284537881834	0.00358342255531541	0.00939522650722938	0.3793
SDC4	6.94286574936936	0.00358627663466547	0.00940088927847874	0.2607
TM9SF2	7.36953982262258	0.0035866122822417	0.00940088927847874	0.2439
MAPK3	5.82133320786031	0.00359601951276583	0.00942419354364816	0.2727
LRP4	4.2826799291168	0.00360667446970373	0.00944804837407252	0.3532
CCDC148	0.425681861286924	0.00360864836597995	0.00945186292242897	1.1211
ITGB6	5.5421324704438	0.00361593193475774	0.00946686553864008	0.2787
LOC101927043	0.276126877799702	0.00362910112034304	0.00949725774842067	1.5033
MAPK6	6.69096714778893	0.00363517732790611	0.0095117955135809	0.2496
GLUL	7.50738778908585	0.00363732342657276	0.00951604707301695	0.2416
MICU1	6.4980528112921	0.00365283254785384	0.00955388409650712	0.2562
LOC100506922	3.70407408043321	0.00366378183528204	0.00958114900227888	0.4083
DPP8	5.55529037404767	0.00366645695841218	0.0095867714455418	0.2972
KIF3C	5.77188957871152	0.00366842507030653	0.0095905439042698	0.277
LINC01410	1.57903790404544	0.00368399896640183	0.00962850180825079	0.7587
U2AF1L4	2.93390769719821	0.0036870380342843	0.00963506532406158	0.5178
C2orf16	1.07013961008354	0.00369477789145891	0.00965390942986602	1.0118
HRASLS2	2.18944054554611	0.00369930520407493	0.0096629726435244	0.6194
KLF13	0.338619710898821	0.00370017195412851	0.0096638539620272	1.5389
ZNF385C	1.68388033273605	0.00372943532403357	0.00973888875347688	0.8096
LOC100270804	0.794227517201911	0.00374428461906376	0.00977626716327631	1.0016
RALGPS2	6.74081568123932	0.0037578045798463	0.00980315524573793	0.2677
SLC44A2	7.43449851680504	0.00376260024111239	0.00981426346645919	0.2742
AGA	3.95018749054415	0.00376845097186069	0.00982812013461268	0.3939
POLD3	6.55265537618638	0.00379669811914534	0.00989613376115323	0.2554
RTN2	3.25877623971293	0.0038043319516655	0.00991433346387471	0.4653
MAGI1	4.78056221015594	0.00380476666563903	0.00991433346387471	0.3321
BCL2L13	5.65712900821636	0.00381084090697248	0.00992874434104318	0.2666
RNF43	-0.710424385404832	0.00381787059476012	0.00994507057102142	1.7874
MORF4L1	8.49722508413389	0.00381819673708858	0.00994507057102142	0.2412
RBMS2	6.53757802875734	0.00383101576462486	0.00997561315061922	0.2875
GGNBP2	0.0263169443840234	0.00383201779637815	0.00997679932839126	1.5468
ARFGAP1	5.77943851709231	0.00385565819305198	0.0100297657412877	0.2798
ZDHHC20	6.613982580221	0.00386179857202602	0.0100414463368334	0.2707
ZDHHC23	5.10339795062434	0.00386243437269441	0.010041669311864	0.2944
USP1	7.6519436767609	0.00386301768364173	0.0100417557785225	0.2438
NAT8L	2.70153320421245	0.00386500172066352	0.0100454828320662	0.5135
DNMT3A	4.91337127752874	0.00388404466080371	0.0100935401178125	0.3238
IL10RB	3.63817375485653	0.00390960459974009	0.0101541814728774	0.4019
ITM2C	6.37877807764562	0.00391321459049722	0.0101606664150359	0.2821
NRXN2	-0.97931209514753	0.0039152098906749	0.010164401559181	1.8625
FBXW7	4.69780261740783	0.00392291600793226	0.0101815118909314	0.3148
LOC101928994	2.37044676454903	0.0039392798941154	0.0102210764279379	0.6101
SERBP1	9.61860324996527	0.00394163958098662	0.0102257456573102	0.3133
ARGLU1	6.90578696737535	0.00394403074484803	0.010229041806783	0.3013
AVL9	6.39951748465457	0.0039446471555975	0.0102291872830381	0.2569
LOC100129216	-0.392660185474891	0.00394759924837377	0.0102353887059099	1.6701
Mar-07	6.08444152815092	0.00395153129353148	0.0102441288404872	0.2673
MAGEE1	3.53349201064109	0.00397680161055419	0.0103018314528958	0.433
ANKRD42	4.05680060309847	0.00400827059200549	0.0103750160112934	0.4431
ROCK2	6.96476637095293	0.00402920412575411	0.0104218122017239	0.2405
COLGALT2	0.100496849612917	0.00403401534497096	0.0104327786000552	1.6718
TSPYL1	6.81793677641752	0.00406823203862025	0.0105138227770458	0.2521
TRMT13	3.80607131846542	0.00407799436712308	0.0105373694508595	0.3939
ZNF182	2.9800828531743	0.00408732470336478	0.0105571872926751	0.4759
LINC00992	-0.856833981661046	0.00409072549200461	0.0105644765287928	1.791
SAMD8	5.55941191155947	0.00409969489637156	0.0105861428611258	0.2685
NKX6-1	0.594474054884442	0.00410564363325636	0.0106000042665434	1.0865
RAPGEF6	5.16251445274012	0.00412434150115946	0.0106467729701876	0.2887
ARHGAP17	5.42916564323124	0.00412735165299741	0.0106530371521449	0.2974
STIM2	4.99152303923443	0.00413435071193316	0.0106695938078954	0.3093
ALG10	4.06469397370463	0.00417332197971563	0.0107580014207411	0.4075
MAP1LC3B	5.70873567713038	0.00418337303929548	0.0107808664886192	0.3009
XKR9	0.181453258835664	0.00420225189894101	0.010824934481031	1.2191
LOC100507634	1.09860842177674	0.00425772621930277	0.0109508382445184	0.9004
SLC28A3	-1.42369350246224	0.00428612183208664	0.0110207662206442	2.9037
DKFZP586I1420	3.18511644645555	0.00429946960118607	0.0110535300717156	0.4936
EIF4B	9.27765129541523	0.00431607628511008	0.0110946618784807	0.2494
ZNF416	2.33120362256359	0.00432109729226397	0.0111054384891987	0.5894
DBN1	7.19270926837847	0.00432209218470493	0.0111054384891987	0.2628
BMPR1B	0.237777714640032	0.00432209358379472	0.0111054384891987	1.2084
TCEAL3	4.5360819513805	0.00432457806984651	0.0111102585481449	0.5237
DYNC1LI2	7.25331634208888	0.00437935840192649	0.011243083530526	0.2381
BSCL2	2.43073820881278	0.00439367984482271	0.011276679213705	0.5674
NR3C2	0.0628557819923351	0.0043945815091854	0.0112774079324836	1.2401
GNPTAB	5.91378873993924	0.00440724861524659	0.0113083247673847	0.2575
TXNRD3	4.31642432735989	0.00440830895961413	0.0113094559256205	0.4089
ZNF791	4.08843271414877	0.00441847633410548	0.0113339474435056	0.4033
TCF12	5.83959824114397	0.00442063600781067	0.0113378942060398	0.2844
GALNT5	2.54568684955265	0.0044255049587688	0.0113487875442173	0.6023
ARRDC4	3.3592697849658	0.00444857022453155	0.0114063339914393	0.4442
RAP1A	6.32744963414336	0.00445723980626444	0.011426958278776	0.2996
RAB23	5.47650012710435	0.00448742402507221	0.011497882526557	0.3338
NBPF1	3.43693564216777	0.00449155708060932	0.0115068574324451	0.6115
ZNF233	-0.67370546875786	0.00454063889430099	0.0116244430871349	1.8204
C2orf76	3.21769735334556	0.00455690292235414	0.0116611746216004	0.4586
NLGN2	6.34559202211712	0.00455968827341302	0.0116666670104314	0.2451
PQLC3	3.15075191587138	0.00457587466533682	0.0117031616545796	0.4926
FGF18	-0.542808442227242	0.00458877269726714	0.0117312189275044	1.6479
MTX3	5.86324600251789	0.00458948659679319	0.0117314011916909	0.2673
ESYT2	8.12201980047824	0.004612834510153	0.0117861311150949	0.254
BCL7A	3.23547459753622	0.00461679060500812	0.0117929381957504	0.4866
PCLO	2.75128424040316	0.00462101788850584	0.0118020848590602	0.5043
C11orf74	4.36231117240978	0.0046354790616888	0.0118373626731278	0.4397
DGCR9	0.547118177241103	0.00465288728428059	0.0118769936445554	1.1231
ANKRD31	0.650019293188621	0.00465623916495126	0.0118837274144205	0.9923
LINC00094	4.17919753090311	0.00465751552158263	0.0118853233662304	0.3546
KRIT1	6.19833474889077	0.00468946921735677	0.0119568365966572	0.258
GAB3	-0.639054457532098	0.00470048642544873	0.0119832537610658	1.7049
GON4L	5.31544103938908	0.00474418412346801	0.012081158509978	0.3044
N4BP2L2	5.33184625387105	0.00475868322540628	0.0121147010128318	0.2818
CALCOCO2	5.756845576472	0.00476111722239571	0.0121192074751891	0.2732
LOC105375305	-0.573873543609945	0.0047759306365328	0.0121518313171488	1.5746
LOC100499489	1.73375676195703	0.00477790108864642	0.0121551508186077	0.702
HINT3	4.81843688987132	0.00478472097644722	0.0121708048134346	0.546
PIGT	6.38485820708831	0.00478980270926033	0.012182033750384	0.2426
C5	4.27879746386527	0.00481429555483279	0.0122392117600651	0.3357
STAG3L3	2.98099687072177	0.00481772384891575	0.0122462220253141	0.6667
KIF5B	8.13670017463292	0.00482513924422595	0.0122626329512908	0.2396
SCIN	-0.333350517844458	0.00482619510051623	0.0122626329512908	1.8635
P2RX7	0.78184521178321	0.00482869684876771	0.0122672821696498	0.9705
COG6	4.5630403140993	0.00483948055548143	0.0122912572371827	0.3687
IMPACT	5.00412282681451	0.00484774232506144	0.0123088155613799	0.2846
LIN54	4.44108946943714	0.00486471201627216	0.0123501853106751	0.3591
ISPD-AS1	-1.1579875320539	0.00487185924446766	0.01236489119519	2.2671
NBPF19	3.23062352373628	0.00487281108334053	0.0123655878700952	0.4426
RC3H1	5.32313164843818	0.00487978869728621	0.0123815736563804	0.2937
ZNF518B	4.69920244485931	0.00489089470003082	0.0124080285775101	0.3287
TRAPPC11	5.35172415706976	0.00490833821837753	0.0124505519681395	0.2682
ZFP82	1.56307441361999	0.00491836481353742	0.0124725195215918	0.7443
USP43	3.71209875540575	0.0049741325414884	0.0126069365094283	0.4237
CCDC112	3.62991795929694	0.00497483907210987	0.0126069769711879	0.5126
TBX19	0.0013796249966162	0.00498362235505376	0.0126257299075578	1.3327
CLCNKA	-1.74432059610382	0.00500222721450353	0.0126675905157409	3.3333
ADCY10	-0.858383221410801	0.00500826101612979	0.0126801277938925	1.7888
LOC493754	3.50019136710755	0.00504439908422289	0.0127673849247149	0.4064
TCEAL8	5.66661625031302	0.0050444318285478	0.0127673849247149	0.3202
RCBTB2	2.5935103664903	0.00505419840471288	0.0127885580147524	0.5177
MIR4312	-1.97875635606318	0.00506416283152651	0.0128119951014895	5.3034
FAM35DP	-0.113412013666796	0.00506923483165349	0.0128212733564237	1.5014
AP3B1	6.8049165768944	0.00507936687018107	0.0128451200418376	0.2432
LINC00638	0.16544592946153	0.00510002018311727	0.0128955634990289	1.2017
C10orf12	3.66601273533974	0.00513752634942386	0.0129868015833678	0.3847
FUBP1	7.29290950692265	0.00516792763027732	0.0130600341664372	0.3242
TARID	1.63985005463243	0.00517717090063999	0.0130797719294331	0.7897
MAP3K2	7.01993239956355	0.00517967864339936	0.0130842968470871	0.2548
LOC101927768	-0.259379403044473	0.00518130439683102	0.0130865695480497	1.4255
LOC285074	2.29644275325336	0.00518201201045415	0.0130865695480497	0.5814
FANCM	4.63660242215491	0.00519170827700992	0.0131038056553426	0.321
SLC38A7	4.33575832908298	0.00520160356878664	0.013125152004391	0.331
SMIM14	6.12949772432675	0.00520344590352258	0.0131279862375219	0.2561
LINC00893	0.974708741094871	0.00521118663771333	0.0131430052653057	1.0224
LOC105373474	-0.229911763362538	0.0052115586719735	0.0131430052653057	1.492
PFKL	5.87523518027222	0.00523091210536692	0.0131863478867134	0.3001
CENPC	4.3052004330272	0.00523937926261653	0.0132056342082191	0.344
THRB	3.9508406136009	0.00524000954230603	0.0132056342082191	0.3567
DTWD2	3.85413558982357	0.00525660848831773	0.0132419821391926	0.3661
DCDC1	-0.57336750314639	0.00529433397230749	0.0133314980687511	1.5857
RRN3P3	2.22932491432748	0.00530492843711573	0.013356333408907	0.5871
LOC101927420	-0.0867812636773572	0.00531365013137958	0.0133764474349787	1.3219
KLHL20	3.96237837758458	0.00534384770809352	0.0134506113000076	0.4236
C21orf33	4.64349034113579	0.00534947688406712	0.0134610682281915	0.3777
VAMP3	6.48446960054746	0.00536287064812784	0.0134891935178041	0.2477
ZC3H4	5.50734056717961	0.00541514065388954	0.0136094173702378	0.2769
RNF207	3.52283092381906	0.00542157110174323	0.0136237029639951	0.416
PTPN2	6.37938714859686	0.00543523891832515	0.0136542894857498	0.2594
SH2D6	-0.572851185495802	0.00543620969619851	0.0136548492313979	1.5818
KIF28P	-1.98032875273003	0.00544056395158627	0.0136639063832933	5.2801
FDPSP2	0.0229477244955972	0.00544416481710331	0.0136710691748333	1.2953
ZNF446	2.67852320439953	0.00546088717537838	0.0137111753917904	0.6281
FAM19A3	-1.67561766225435	0.00548262406648338	0.0137562926000166	3.4326
RADIL	-0.780788999028753	0.00549675571442284	0.0137898546547346	1.6642
FBXO8	3.70152287608	0.00553503735863972	0.0138820774858259	0.3742
DCAF12	5.37430896730747	0.00553774307068713	0.0138869557003385	0.2655
ICOSLG	0.0872071095352768	0.00561586138158395	0.0140751188059029	1.2734
FAM156A	0.630529534427199	0.00564269806437116	0.0141365576867243	1.5584
POU6F1	0.566341105010806	0.00567406417227948	0.0142112382396946	1.0554
PLA2G4A	2.33962532301205	0.00570784498047858	0.0142889129900643	0.5603
LUC7L3	7.92095856963925	0.00570820784599796	0.0142889129900643	0.2682
CDKN2B-AS1	1.99117096288598	0.00572211687162573	0.0143178406809758	0.686
GALNS	4.8997167690283	0.00572707296930664	0.014328277939929	0.3
SUPT7L	5.6266205746759	0.00580132475913948	0.0145025743454882	0.2625
SCYL1	5.84687434845458	0.00580150637845643	0.0145025743454882	0.2683
PCED1A	4.36557849605929	0.00585085869591401	0.0146139384803128	0.345
SGMS1-AS1	0.910761972706294	0.0058606066253235	0.0146362837964304	0.9527
PSIP1	7.26274128579156	0.00592701781048867	0.0147893352529351	0.2705
GNB5	4.55865553869771	0.00594469103280846	0.014830046391767	0.319
POLI	3.33497999750916	0.00596381342706093	0.0148696227703393	0.4336
FRA10AC1	3.94729828986518	0.00602247319014128	0.0150117791588229	0.3476
DSCR3	5.20290294224816	0.00602424028263238	0.0150141338702712	0.2688
PIBF1	4.21333879276149	0.00603378942265	0.0150358803849165	0.3307
PDE6B	1.65328327546269	0.00605103045344126	0.0150747287060622	0.7173
AKTIP	4.43019642487651	0.0060807989144047	0.015144756477677	0.3337
BTN2A2	3.41632605209738	0.00609712690399312	0.015183351351698	0.417
AFAP1	6.69846078534495	0.00611182222347955	0.0152178705007969	0.2343
HECTD4	5.50642821422964	0.00611764268141083	0.015230285666417	0.2896
PRDM15	3.55036576268386	0.00616622675339859	0.0153449612336484	0.3894
SSC5D	-0.307368514832677	0.0062038656215394	0.0154302140036544	1.5184
LOC101926943	-1.36482656174378	0.0062309991343791	0.0154955891836568	2.4687
TMEM27	1.86336954391322	0.00623737274647624	0.0155072146070639	0.6896
LOC440028	0.44231477633133	0.00628545904430575	0.0156203839249722	1.0598
TOR1AIP2	6.78498032151151	0.0062981571290687	0.0156447943480766	0.2796
DDAH1	6.6033320815087	0.00629870938093574	0.0156447943480766	0.2365
FAAH2	2.47617629213041	0.00632927193479343	0.0157121550777249	0.5265
SKIDA1	2.04063754780074	0.00635965569604841	0.0157768547882946	0.602
SMYD3	4.24337152804517	0.00637099672081714	0.0158028418662008	0.3577
LOC102724428	3.06143523788404	0.00640431558351174	0.0158811715963856	0.4924
LDB1	5.08183148544581	0.00640832360718121	0.015887872103122	0.3172
NUP160	6.96691776575832	0.00640943096180186	0.015887872103122	0.2615
ZNF550	4.19859403923832	0.00640962850786008	0.015887872103122	0.3257
XRN2	7.59514643946029	0.00642833995910273	0.0159299272829346	0.2264
CTAGE4	1.49088703499837	0.006451273946049	0.0159845897338587	0.8663
TXNRD1	10.9926455464969	0.00646968554262588	0.0160280335549163	0.245
WDR7	3.5997199483406	0.00654282185528103	0.016193838908624	0.3873
MYO1D	6.05706720784548	0.00654835034798941	0.0162053251935604	0.2776
TSGA10	2.65307551756114	0.00656825837874959	0.016243582357417	0.5131
MYCL	1.70342284866659	0.00662370723697912	0.0163762729304294	0.6677
TRMT5	5.0410133837177	0.00662889394490258	0.016386877164271	0.2728
DUSP22	3.99923437777917	0.00664661774582571	0.0164284664998367	0.355
IFIT1	1.98600705140774	0.00666853091527198	0.0164803980491682	0.6636
C1GALT1C1L	2.06044306571634	0.00672040477042159	0.0165910281071284	0.6052
RAB12	6.84736105384849	0.00672170603634649	0.0165910281071284	0.3053
RPS6KA5	1.68921670185291	0.00672656809172894	0.0165974457785148	0.6842
POMK	2.41450629375433	0.00676249000065247	0.0166764848645024	0.5668
TET3	5.6350875085621	0.00678362289277492	0.0167240809629303	0.2535
TMEM136	2.41065572529251	0.00679877273908838	0.0167591675836886	0.5711
ZNF92	4.14901614523598	0.00680871374346043	0.0167791412122858	0.3387
ICE1	7.69434674937535	0.0068152304077272	0.016792933772907	0.2237
CDK12	7.24212038954021	0.0068342210537555	0.016835182776597	0.2311
LOC101928103	2.08994247539049	0.00683591575555793	0.0168370855414821	0.6255
RHBDF1	4.48958549327441	0.00688022944851706	0.0169370912637712	0.3579
SLFN13	5.43216817118757	0.00691867430283735	0.017020255770462	0.2618
UGT1A1	0.930456427154118	0.00692907995953254	0.0170435574967968	1.0432
ATF6	5.802842647843	0.00693248134965121	0.0170473302154139	0.2448
TULP3	5.76329629765939	0.00694114771760637	0.017066342455572	0.2473
TRAF3IP2	4.65358372074069	0.00695747600730597	0.0171018825891178	0.2953
OST4	5.02017767823229	0.00697169419199907	0.0171322182217169	0.2791
RAB13	6.55727190973923	0.00701268240774566	0.0172259862803828	0.3513
CAPZB	7.41765709033863	0.00705089598606114	0.0173128657863527	0.2514
LRRC43	-1.11359259508092	0.00709673899932627	0.0174137187058737	1.9609
TMEM165	5.41232786885941	0.00710677716848801	0.017436006449122	0.3326
ZNF8	2.6941763568618	0.00711558759762967	0.0174529312350299	0.4857
PITPNM1	5.34509741465876	0.00713486215143631	0.0174955061701305	0.2651
DSG2	7.84213599187587	0.0071390865900915	0.0175035139388545	0.2335
SNORA40	3.69107171526605	0.0071478090815135	0.0175201936885218	0.3992
CYP4F3	4.45089583676086	0.00715376391423887	0.0175324357656524	0.3398
SSBP3-AS1	-0.897794597808084	0.00718618295265834	0.0176024360638308	1.7242
LINC00865	1.86196513492993	0.00722317565251766	0.0176883024429728	0.9915
ZBTB20	5.05772874841707	0.00724375274232932	0.0177363130450596	0.2674
HOXC-AS2	0.738940991037915	0.0072584163252378	0.017769833503224	0.9585
CLUAP1	5.22520580446563	0.0072725122863779	0.0177971828820529	0.277
MORN1	3.85680609169695	0.00729572887764481	0.0178444301165975	0.4261
BTBD1	6.21931627775453	0.00730379047302948	0.0178617547053752	0.2575
RPRD2	6.18665670762625	0.00730717411175794	0.0178664885685949	0.2574
TTC21B	3.61421526284335	0.00730768350907638	0.0178664885685949	0.3803
PDLIM7	6.39428930125796	0.00733574841605525	0.017930301657987	0.2362
FXYD7	-2.06557352734639	0.00734116324659711	0.0179387332659452	5.1714
VPS35	7.51184771000033	0.00734541222050075	0.0179467137978402	0.2227
DZANK1	2.71908893870317	0.00735018333415694	0.0179559677436597	0.5012
PDCD1LG2	1.34559921868463	0.0073659532668704	0.0179896779719045	0.7457
LOC101928865	-0.576441709221195	0.00737444209868604	0.0180080009301247	1.5793
GGACT	1.20129148029827	0.00741267645441464	0.0180965259898093	0.7747
ZNF444	5.26391256667599	0.00743288647783926	0.0181337398823244	0.3296
ZFAND6	6.25429594663169	0.00744017261340132	0.0181490902231767	0.2348
ZBTB8A	3.6114264800111	0.00745800556963162	0.0181901602777815	0.4401
PRRX2	0.0860248003382422	0.0074651107660922	0.0182050577271946	1.1834
NKPD1	0.0625434133227854	0.00752067999427781	0.0183234397404959	1.3038
MKLN1	6.76149591367802	0.00754338180817226	0.0183762981438475	0.2431
ATG2B	3.9535268763982	0.00755707483859525	0.0184022886825924	0.4492
VPS54	5.38565718749006	0.00757632599455505	0.0184467067693514	0.2688
PRAF2	3.60171225796946	0.007636562074122	0.0185809779055273	0.4775
LOC643072	0.221319910300321	0.00766571973566475	0.018645602177075	1.1188
CEACAM19	1.47393889054249	0.00766743642459164	0.018645602177075	0.7485
MEX3C	5.15410285100447	0.00766822859035273	0.018645602177075	0.3475
PRKAG2	5.74899150547228	0.00768044740676377	0.0186653684581841	0.2539
EXOC1	5.0813816109171	0.0076933901195373	0.0186943338243409	0.2659
DCAF8	6.61670875649325	0.00770113483026055	0.0187106624249716	0.2338
MIR3936	0.701712749490361	0.00770320075029023	0.0187131913369659	0.9508
MYO5B	5.33566409425207	0.00771397445496035	0.0187346624880708	0.2624
MYCBPAP	-0.232623535215907	0.0077140916916536	0.0187346624880708	1.333
FBXO30	5.43775690349364	0.0077195022530837	0.0187453090093504	0.261
AP1G1	6.93957890426311	0.00781633455941418	0.0189612378774504	0.23
CREBL2	5.47854455606844	0.00781673292428195	0.0189612378774504	0.2795
AKR1C2	10.0299893925107	0.0078592804939401	0.0190543193489204	0.2566
FHDC1	5.08636049859077	0.00786145807719207	0.0190570679401432	0.2647
LOC105376544	0.970904196678519	0.00787430152832671	0.0190831340370546	0.8837
FAM210B	4.71447546054367	0.00788178409510359	0.0190961978022841	0.2842
PIWIL4	-1.15922725125526	0.00791407554978905	0.019166803294899	1.8995
MIR421	-1.15922725125526	0.00791407554978905	0.019166803294899	1.8995
LOC102724385	-0.513093146581429	0.00792654732688941	0.0191919161803306	1.4873
FOXI1	-1.744843417891	0.00793824950722161	0.0192177009685503	3.3252
DLEU2L	-0.675449170440996	0.00794921875918902	0.0192417048087715	1.6311
KALRN	1.0324401994589	0.00796261773791937	0.0192690282904899	0.8234
DCAF4	3.81969762093645	0.00802449625620391	0.0194084795513061	0.3664
TTC3P1	0.562764713118872	0.0080694772827447	0.0195143521945833	0.9942
ARHGAP23	3.10245820481325	0.00813606939650854	0.0196653095329882	0.8539
FBXO27	4.93836468553653	0.008181018465208	0.019763487243726	0.2699
PLCXD2	1.37794290245765	0.00820483360593896	0.0198183967068036	0.7298
DDX60	3.8869877855106	0.00825344825613875	0.0199279131548828	0.344
LRRN2	3.13182215956214	0.00825683669807098	0.0199334581803734	0.4299
EFCAB13	1.48360200918739	0.00826331690003572	0.0199438277798853	0.706
LRP1B	0.604835467451699	0.00826573124138964	0.0199443738028536	0.9768
SEC14L1	6.4306225902978	0.00829085426405732	0.0199970716666178	0.252
IPMK	5.05418916425575	0.00829434441515049	0.0200028469805796	0.4112
CDCA7L	7.29567347615134	0.00832358209712094	0.0200654053565351	0.2297
RMND5A	6.11733919766095	0.00833012074647462	0.0200758659204806	0.2331
TUBE1	3.91229527304637	0.00836421300547327	0.0201527085426844	0.341
ZEB2	-1.15695727053629	0.008380205350265	0.0201832491918784	2.3149
DGCR5	-0.937925255281244	0.00838284763717924	0.020186949804029	2.1813
GSAP	3.47667330218729	0.00840175275288961	0.0202271394246014	0.4144
C3orf17	5.97511820006927	0.00841136081893442	0.0202476006211058	0.2376
MRPL23-AS1	-1.25968701412774	0.00844020229267854	0.020306316955079	2.5139
STAM	5.71770551344146	0.00845377225740835	0.0203362849296675	0.247
ASB7	4.31501706054994	0.00848232056711453	0.0203995842804957	0.3087
OLFML2B	-0.818653216354222	0.00854895227249003	0.0205544149462107	1.5914
RAB3IP	5.05105435872221	0.00855308034915707	0.0205616321904413	0.2635
CLHC1	3.32942234830261	0.00860340244421745	0.0206717182181671	0.4249
ONECUT2	1.88320769177058	0.00862311875145807	0.0207163647751834	0.6381
GIPR	0.273580433368239	0.0086334389201864	0.020738429069332	1.0243
RNF11	6.41778707467862	0.0086485597564944	0.0207720177495806	0.2879
LCA5L	1.69210307924486	0.00866170188481391	0.0208008457786323	0.6515
ZNF461	2.25432311098829	0.00870146502243405	0.0208935874588394	0.6481
OCLM	-0.542468084034789	0.00873866111895796	0.0209746249523661	1.442
BACE1	4.15671085037521	0.00875474019391437	0.0210104557618116	0.32
LOC101927021	4.10366103260874	0.00877765926925827	0.0210626902759699	0.3244
NFE2L2	7.37236032558062	0.00881368855483743	0.0211408091258852	0.2174
SCRN3	4.79831528059367	0.00884633984414006	0.0212163400150579	0.3094
LDB3	-0.285067803309441	0.00886718688518537	0.0212608331242589	1.4949
FTCD	-1.54219432841156	0.00886722082647387	0.0212608331242589	2.753
LOC101928870	-1.74535761278955	0.00889492638477965	0.0213216617752806	3.3064
LOC100996724	2.41864892178039	0.00893004663916125	0.0213987308850247	0.5538
HGSNAT	4.62947452475749	0.00893059435873153	0.0213987308850247	0.3408
ANAPC15	4.22322415612651	0.00894899110828532	0.0214371843160815	0.3309
LOC105373489	-0.311613220712981	0.00898046877513494	0.0215041235517922	1.3419
CACNB3	3.66002326858754	0.00900267917733333	0.0215516536928137	0.3643
PSG10P	-1.15695021708912	0.00907079278160131	0.0217004839497986	2.2856
NPHP3-ACAD11	-0.159657428193143	0.00910978333457967	0.0217823450630107	1.3088
BEX4	0.164770152634937	0.0091250953924681	0.0218132436146259	1.1051
VSIG10L	1.94924490356548	0.00912647931648488	0.0218136955226169	0.6057
ABTB1	2.95371722781735	0.00913050217212558	0.0218204539408724	0.4523
ZNF350-AS1	-2.06714809532279	0.00913555203354095	0.0218296646497806	5.1277
MSN	8.70511986243626	0.00914915872443824	0.0218593170623406	0.2268
WNT4	0.103910863138477	0.00916690296884319	0.0218959807142747	1.0994
ARIH1	6.50019850601745	0.00917461980553403	0.0219115462022278	0.2284
LOC100506136	0.560509403011864	0.00917802194749911	0.0219168042738448	1.0729
SMC6	6.24898508240999	0.00918602027860593	0.0219302889493436	0.2567
LOC100996437	0.531770463691643	0.00920458235358536	0.0219716076682864	1.0007
SEC24B	5.07880433576827	0.0092216907875333	0.0220066911133605	0.2631
WDR70	6.03403476186565	0.00926420384054335	0.022102366088991	0.2504
TMC3-AS1	-2.06662342446265	0.00926678497247276	0.0221027471201284	5.1334
LOC284344	-2.06662342446265	0.00926678497247276	0.0221027471201284	5.1334
ZNF420	2.9441318381874	0.00927639482768786	0.0221227777889314	0.4824
DLGAP4	5.57297949908453	0.00927984091606389	0.0221253559233646	0.2415
ATP2C1	7.48976127881283	0.00927989977570128	0.0221253559233646	0.2395
ARHGAP31-AS1	-0.0213926004330728	0.00928581957103561	0.0221365790139496	1.2238
MAFK	4.95507100726943	0.00931320773765892	0.0221931758854851	0.3309
LOC102723566	0.0820307018638051	0.00933108029136456	0.0222328637169344	1.1586
FKBP2	6.63405583641511	0.00937061082998744	0.022321225379991	0.3626
ETV7	-1.06705461844282	0.00939782467388016	0.0223831294515794	1.7117
ATP2A1	1.45365261744961	0.00946410686845859	0.0225380556992669	0.7425
LOC105374752	-1.81820090064838	0.00949008983235975	0.0225969844762697	3.2057
LOC728323	2.68095960448491	0.00949645674507502	0.0226062477947698	0.4714
ZNF627	3.47873428886721	0.0095319862618929	0.0226849095550928	0.3724
CCT6B	2.05579988492814	0.00954878367453105	0.0227219231963294	0.5911
SRGAP2	6.21730466089354	0.00956044496231738	0.022743742928338	0.2281
MTF2	5.30442338865006	0.00957825149126403	0.0227818849054166	0.2532
METTL7A	3.8970008792589	0.00959263388470019	0.02281140083354	0.3945
SH3RF1	5.30774320288646	0.00960184497882908	0.0228303310671404	0.2919
LCK	1.0831192541871	0.0096090984172661	0.0228399297716141	0.7808
SMAD5	6.13554991754422	0.00960963521996975	0.0228399297716141	0.2939
FAM189A2	-1.20852874771614	0.00961239735939609	0.0228435207228762	1.7964
LINC00669	2.19772412277871	0.00962201891677637	0.0228634097806416	0.5593
LOC101927492	-1.25884608220637	0.00963526729816529	0.0228889316584653	2.0989
TMEM167B	4.96579990583025	0.00964192701179388	0.0228958141944991	0.2736
RAD17	1.95378753659697	0.00968044976104178	0.0229693645486845	0.6605
TEX29	-2.06767258121958	0.00973913757523902	0.023099609662669	5.1197
PRRG1	5.4879940684556	0.00975801321743542	0.0231383672291857	0.2497
PCNXL3	6.17823382523484	0.00975956721791385	0.0231390466402903	0.3058
E2F7	5.11002714613033	0.00976366293558011	0.0231457512728153	0.2583
RAB9A	4.52624993476196	0.00979890907976202	0.0232235435469139	0.3354
AP3S1	5.8599660270401	0.00983127916509673	0.0232969668273632	0.273
DACH1	0.458599439381099	0.00985727980177471	0.0233525175267583	0.9468
BTBD7	2.19606399964795	0.0098777610234929	0.0233980024970658	1.0606
CLUHP3	2.44396508869593	0.00995571992748377	0.0235765498762672	0.5908
CACNA1H	-1.42231527797196	0.00995763926958458	0.0235780366414444	2.2924
LAMA5	8.20314543022246	0.00997018382789606	0.0236036047194752	0.2856
PLCG2	2.39996241277608	0.0100005601595119	0.023659285621731	0.5603
LHX6	-0.575405836383859	0.0100010247120343	0.023659285621731	1.5566
CTC1	4.44067204695712	0.0100824909753002	0.0238489187930914	0.3208
PDE4DIP	5.01665665669907	0.0100980577988135	0.023882645831732	0.268
FAIM	5.43046729229084	0.0101468677228198	0.023983252467337	0.2875
DLSTP1	0.163637462221	0.0101471648804618	0.023983252467337	1.2468
SLC4A1AP	5.45474300702395	0.0101858594974193	0.0240622477982514	0.2962
MANEA-AS1	0.237918558215823	0.0101966317875267	0.0240814631194163	1.0433
ITFG3	6.25500961521164	0.0102421880839675	0.0241796696832937	0.2715
PDE1A	-0.206821935885227	0.0102481103854829	0.0241905227821795	1.2495
LOC642776	-0.394184641680547	0.0102905264676953	0.0242812267279625	1.6396
PDCD4-AS1	0.514843095624347	0.0103318155819645	0.0243666930463737	1.1122
LRRTM4	-1.20801024363969	0.0103646550365786	0.0244340318114384	1.8011
WWOX	4.79582709125044	0.0103673211423488	0.0244371613653609	0.2743
STMN1	8.77585105112168	0.0104000071689602	0.0245110419412002	0.2181
PSG4	-1.42232301955497	0.0104178962021902	0.0245405307183464	2.3011
MKLN1-AS	0.550664893407544	0.0104823182519327	0.0246827295249946	0.974
FAM171A2	2.60462777155154	0.0105014397549246	0.0247245659228661	0.4863
SLCO1B1	0.0430375371506438	0.0105529229195961	0.0248329673653192	1.0971
THUMPD1	6.59996248246958	0.0106106990428425	0.0249617031743909	0.2255
ZNFX1	5.72539524379387	0.0106117319421805	0.0249617031743909	0.2358
ZFP37	1.36754743471468	0.010632450966634	0.0250072178364944	0.8261
PHF14	6.75560147761551	0.0106701916500001	0.0250895181301393	0.226
ALS2CL	5.43156100584162	0.01070844300363	0.0251630670404613	0.298
PCOLCE-AS1	-1.54342796318411	0.0107098663191803	0.0251630670404613	2.0905
STK4	6.70589028390715	0.0107181390347144	0.0251763183501989	0.2315
PGAM2	1.21036587143454	0.0107509090517642	0.0252467964560081	0.7556
PTPN9	4.96291792055977	0.0107542836653068	0.0252514730024232	0.2596
ZFP3	2.47866802908778	0.0108307134104364	0.0254243929562718	0.5599
CORIN	-0.937082001823729	0.0108415261141102	0.0254464071167598	1.9146
SYCE1L	0.444592339855127	0.0108428791061172	0.0254464071167598	0.9836
FLJ10038	2.36338627099511	0.0108932294222845	0.0255579997857892	0.5232
KCP	2.97880353715937	0.0108961226221082	0.0255615027742493	0.4807
SMC5-AS1	1.17880396972449	0.0109219057312397	0.0256121602731711	0.8128
LOC101927686	-1.20624981158441	0.0110010335640436	0.0257877335317386	2.1784
RBM48	3.9923103031528	0.0110039724661032	0.0257913109951445	0.3337
SVIL-AS1	3.31087221008551	0.0110347279270849	0.0258534385314247	0.3913
ACP2	3.87236998060574	0.0110766572983205	0.0259383601382939	0.3434
CNTLN	4.0191852304932	0.0110840233075952	0.0259489522317848	0.456
UBALD1	4.6910526688546	0.0111011914021674	0.0259824807997395	0.2946
DCTN1	7.41981203509851	0.0111034107826238	0.0259843439620023	0.2475
SF3B1	8.11935127220175	0.0111100869132519	0.0259966350536179	0.2153
MARVELD2	1.06349698197436	0.011122007130906	0.0260211921289017	0.784
LNX2	3.91829840216036	0.0111297521182969	0.0260327235625109	0.4302
SEC24D	4.44992024566712	0.0111297878727759	0.0260327235625109	0.3216
CERKL	0.879017183466234	0.0111763931304561	0.0261350368886392	0.8519
ZNF585A	3.48408370703711	0.0112041050642439	0.0261864219757824	0.4306
TNFRSF10D	4.00966438607765	0.011226627363175	0.0262357026551616	0.3249
HCAR2	0.662272031525524	0.011274417747373	0.0263406412075813	0.8928
TSPYL2	4.58774290173115	0.0113195769562237	0.0264393803624387	0.2943
EEF1DP3	-2.15908714361025	0.0113337396089123	0.0264690738519001	4.9685
GALNT9	2.13184538276147	0.0113689511348634	0.0265445161680607	0.5828
TDRD12	-1.16110230570151	0.0114233561264991	0.0266613128925297	2.2321
COX2	13.8476862785201	0.0114629705303335	0.0267469312374447	0.3127
BANK1	1.43753050145359	0.0114984800143565	0.0268229301229353	0.6954
KANSL1	0.85530147971771	0.0115260543545221	0.0268838186145592	1.6476
ZNF713	1.54328414423091	0.0115362794818311	0.0269007942547334	0.6491
CASC3	6.3172613116803	0.0115415112551004	0.026909556765404	0.2285
UBE3A	6.67689148020058	0.0115600785334189	0.0269494054023873	0.221
TMEM67	3.82770235831677	0.0115758332907219	0.0269826880178013	0.3517
SOGA1	5.16250600679543	0.0116358980344039	0.0271123107231751	0.2573
CDKL3	1.65830806317251	0.0116598063106546	0.0271610851100307	0.6624
SEC14L4	1.96618862997727	0.01166684172718	0.0271740064520794	0.597
MYO9A	5.38378041250775	0.0116684972071313	0.0271743953327451	0.2577
ZNF506	3.96919348145298	0.0116829778956135	0.0271977103369447	0.3286
NMNAT2	4.97933752338546	0.0117642669566628	0.0273799665426869	0.2845
IL21R	0.745500618343091	0.0117791167299694	0.0274040467723107	0.9202
ND4	14.4437225358887	0.0118163074540992	0.0274800648257369	0.3286
DHX36	5.95431285901384	0.0118581883860334	0.0275704390187756	0.2475
LOC102724467	-0.938119155856775	0.0118641547413134	0.0275807982882233	1.9127
IREB2	6.43468291963496	0.0119350396969187	0.0277279313701893	0.2328
PSMD5-AS1	4.36794752036181	0.0119503357587783	0.0277564032585569	0.2902
TTC28	2.72947951792095	0.012009511700614	0.0278867521758342	0.4409
ALS2CR12	-0.134090982917047	0.0120405539241607	0.0279526947321244	1.2337
IL36RN	1.8847395526875	0.0121249625847711	0.0281369412670117	0.7641
MYRFL	-1.11462627790668	0.012156254368617	0.0282059709905276	1.9423
SGCE	4.65312305007085	0.0121680522672357	0.0282297575537748	0.2988
ACVR1B	4.34332624949832	0.0122393103983901	0.0283842543995185	0.3074
PHC3	6.72420248122084	0.0122421248715716	0.0283871753658595	0.2172
ECHDC2	4.17846135063729	0.0122752527333913	0.028448849095239	0.3215
ASCC1	6.62300394888541	0.012276513648789	0.028448849095239	0.2291
MMP25-AS1	1.08208154759881	0.0122988501132699	0.0284933766075959	0.9177
CASP4	6.18418086148564	0.0123089898485443	0.0285091358488776	0.2624
CSPP1	4.3801340674654	0.0123103373081016	0.0285091358488776	0.3209
RSPH3	3.50269905910925	0.0123160854129396	0.0285188299465531	0.3783
HACE1	3.78296977027913	0.0123267817080599	0.0285399780421487	0.3615
UFL1	6.05663367082155	0.0123466549768195	0.0285823653635324	0.267
RIOK3	4.85877923469846	0.0123555437672415	0.0285993162184305	0.2682
CDK11B	5.15818535142862	0.0123776331047945	0.028639552593299	0.2698
SCN4B	-1.42126621502988	0.0124112288461284	0.0287101870424638	2.2901
LOC101928453	-1.54427129363306	0.0124255048993141	0.0287357508793868	2.6958
CMTM4	6.87723174673224	0.0124434086735921	0.0287703933417714	0.2534
ZNHIT6	5.65647623330876	0.0124831373183844	0.0288580669728283	0.233
NPAS3	-0.895715957033209	0.0124852216737106	0.0288592310553635	1.7147
ARHGAP1	5.85014340154579	0.0124994255653725	0.028888405256544	0.2351
RFX5	5.92779299999755	0.0125084759977685	0.0289056630145901	0.2269
RHOJ	-1.31327796948841	0.0125294806139436	0.028950537664619	1.9969
RPS6KA2	4.32035462821371	0.0125436069510229	0.0289721771884962	0.3084
ZSCAN31	5.56618292967343	0.012565488414876	0.0290190457308004	0.2365
ASPHD2	0.164492055239202	0.0126486262432421	0.0292073514668135	1.4081
SOCS6	5.42326592249085	0.0126528081933829	0.0292133130616413	0.2536
ZNF630	1.15083541976052	0.0126737959857861	0.029258070247409	0.773
ZNF222	1.67626476436422	0.012680109559926	0.0292654072510747	0.6256
LAMTOR3	4.55870528329993	0.0126801802890009	0.0292654072510747	0.2876
METTL22	3.79926378346815	0.0127409311582681	0.0294019010523755	0.3506
HOXA11-AS	-0.113454440214369	0.0127752932225615	0.0294737461229728	1.1575
LINGO2	-1.25553894064458	0.0127819506341287	0.0294853791731935	2.6508
CDC37L1	3.59051955480424	0.0127868054249704	0.0294928515272596	0.3736
MRGPRF	0.0422211757889306	0.012803030615935	0.0295228150719349	1.1781
SPON2	-0.857535589487232	0.0128667701384185	0.0296623002458604	1.5381
LIN7C	5.98600235338043	0.0128863553315441	0.0297036998652359	0.3353
ACRBP	-0.7419887207961	0.0128961909275617	0.0297188666464992	1.5109
SMS	8.86515341143735	0.0129137860186121	0.0297519027707954	0.2162
AGGF1	5.63872802242068	0.0129424671142186	0.0298142182507475	0.2295
STX18-AS1	0.376939997243106	0.0129576003929801	0.0298453132442903	0.9602
TRNL1	2.61079720279781	0.013011758720557	0.0299662756657612	0.463
AMIGO1	2.85187711108625	0.0130578231993587	0.030064777440723	0.4829
MAT2B	6.68469865119606	0.013059649865129	0.0300651914171243	0.2222
GCNT7	-0.978977501514946	0.0130714640235759	0.0300848017163895	1.5751
LOC105369669	0.124017942646668	0.0131064250448584	0.0301576626693893	1.0284
NCKAP1	9.54875601726087	0.0131210979750989	0.03018381610804	0.2221
WBP5	6.95028032502682	0.0132103961462498	0.0303739284692614	0.2739
METTL15	4.49404054648806	0.0132513998186078	0.030460533252141	0.3454
LOC100128494	0.102416070640066	0.0132561269039099	0.0304675629809618	1.0903
KIAA1468	4.76839356624126	0.0132610679908496	0.0304750827342586	0.2641
BET1	5.33530735336378	0.0133008772026073	0.0305511844754402	0.2378
ZNF573	2.34035059603642	0.0133130234129732	0.0305752029650353	0.5354
CBR3-AS1	0.310341499502021	0.0133236364527357	0.0305919138575202	0.9945
ACOT2	3.69777169310379	0.0134179444691677	0.0307852198352553	0.3582
HERPUD1	4.30427888370496	0.0134249673369833	0.0307974621392268	0.3228
UGT1A3	1.57354667392887	0.0134414550465461	0.0308275381067521	0.716
EID2	5.26082133470308	0.0135366052762745	0.0310340657947593	0.289
PHLDB1	6.36353353546958	0.013611454473768	0.0312017469705058	0.2157
KIF2A	6.34888455129008	0.0136556291526037	0.0312912220170621	0.2326
NOTCH2NL	1.72743398411628	0.0137213533444434	0.0314378798514257	0.686
LINC01515	2.43590123675055	0.0137236023475199	0.03143908701924	0.548
TRPM4	3.97331042660882	0.0137425731279923	0.031478596615386	0.3664
KANTR	1.68153972158487	0.0137795341154256	0.0315474259858553	0.6262
TIPRL	6.60224761984405	0.0137828703681775	0.0315511073907772	0.234
RASA4	0.352124530057378	0.0137935945717185	0.0315716979063808	1.6574
FMNL1	3.88670157174819	0.0138533661900049	0.0316926131785375	0.3187
LOC284581	1.00508024549469	0.0138620030083478	0.0317083983110384	0.892
CD99P1	-0.415832948624654	0.0139106710480748	0.031811751303226	1.8923
EFNA5	4.72524139167835	0.0139741155975063	0.031940835651443	0.2823
SMCO3	-0.481992433011716	0.0140011829306779	0.0319946921495125	1.357
TMX1	6.90880995437193	0.0141504187542914	0.0323074093019439	0.256
KRT9	0.00220701775842596	0.0141871819393564	0.0323832449968606	1.2103
PTPRK	1.88016595071902	0.0142791722578179	0.0325700134865475	1.8236
SLC33A1	5.16738026748095	0.0142943849502756	0.0325953399515652	0.2462
HIST2H2BF	-0.743547022721388	0.0143814463159272	0.0327856748181278	1.5368
ZYX	6.28802401267953	0.0144150650602696	0.032854110828999	0.2473
LINC00910	1.93956815142419	0.014422812006875	0.0328635616572029	0.6002
RASEF	4.90595865479407	0.0144326425277723	0.0328777541785639	0.2622
LNX1-AS2	-1.81872425856838	0.0144492292890478	0.0329114323020407	3.1937
FAM184A	0.252487962107049	0.0144608443609221	0.0329337792730782	1.0611
GGT3P	-1.81819230836449	0.0144967874853293	0.0329991711137372	3.1882
HCFC1R1	3.86952275053923	0.0145029527338576	0.0330078197578556	0.4052
ARHGEF34P	3.83408197628069	0.0145289130121738	0.033059932188738	0.3616
GK	2.94308602283188	0.0145495850594425	0.0331028445719321	0.4071
SAMD12	5.28203056849505	0.0146255576287931	0.0332549732309436	0.237
LAMC3	-0.674600169996219	0.0146295387954534	0.0332598829700867	1.4141
LZTR1	3.429776878828	0.014697865034432	0.0334069004069461	0.4303
ENOSF1	4.63603460646955	0.0147390309213641	0.0334962963401499	0.2681
GPRC5B	5.96384025024931	0.0147454588432165	0.0335067334630022	0.2187
LOC105374567	-0.135285573400102	0.0147606781339565	0.0335329691405563	1.1213
CCDC8	2.67550617832062	0.0148152526162159	0.0336485757354614	0.4606
HCN2	0.789099618529482	0.0148532002556634	0.033726371127785	0.8706
FGFR1OP2	5.92303710410731	0.014856471467725	0.033729603670537	0.2658
LINC01251	-1.81923884537106	0.0148600985707101	0.0337336433109779	3.1761
WWC2-AS2	-0.746427311353404	0.0148640665926608	0.0337384557647167	1.6712
MGAM	-0.0840319024795132	0.0150248871130106	0.0340865340046131	1.7487
ZNF285	1.85559664527521	0.015037171368947	0.0341101640794603	0.6059
LOC100130992	-1.31171323872729	0.0150571867337184	0.0341428395243775	2.0052
KRT34	-1.31171323872729	0.0150571867337184	0.0341428395243775	2.0052
PCDHGA2	-1.31171323872729	0.0150571867337184	0.0341428395243775	2.0052
NFE2L1	7.20589447262513	0.0151078644242391	0.0342449929139445	0.242
COX6B2	0.890891036226181	0.0151147667172755	0.0342512353391038	0.8181
TBC1D3P1-DHX40P1	-1.89607419964403	0.0152312723248685	0.0344990207894292	3.0431
CAPN1	8.30700628387854	0.0152486181945932	0.0345340247811057	0.2157
LINC00898	-1.20904707562279	0.0152549712793138	0.03454412747149	1.7929
MOSPD3	3.75100186204919	0.015276365949461	0.0345882843573559	0.353
PPP1R12C	5.93635836299346	0.0153093424970113	0.0346543529603768	0.2296
Mar-09	3.57679849574661	0.0154193103393783	0.0348902986558862	0.3553
IL31RA	1.48816396141321	0.0154325091044147	0.0349158366848674	0.7251
MAP3K8	3.01598973610444	0.0154549103749392	0.0349491940796347	0.4204
TRIP12	7.80362922972747	0.0154721674979239	0.0349752216248265	0.2028
CDC14C	-0.980022209090015	0.0155088063152068	0.0350488245744754	1.5854
GATM	3.58288004041166	0.0155104871679002	0.0350488245744754	0.3424
LOC105371437	0.55921850132966	0.0155404306908373	0.0351121414222681	1.0758
CHST13	-0.0882815934798605	0.015608558210491	0.0352573420800202	1.269
ITPK1	2.45966736865946	0.0156308292029899	0.0353032807039198	1.1567
CLIP3	1.07864461498696	0.0156602348904015	0.0353478298910942	0.8699
GLI1	-1.60723996056802	0.0157017662013399	0.0354371917136434	2.6032
SLC8A1	4.25881508838835	0.0157074590134348	0.0354412769434268	0.2923
PROSER3	3.54674628440666	0.0157096357755474	0.0354418080472558	0.3408
WNT5B	4.2058713780213	0.0157981580331314	0.0356239097150256	0.297
XRCC1	4.72742867204822	0.0158294228449877	0.035690001662109	0.2616
PSG6	-1.48298114982226	0.0158884930057003	0.0358099170755635	2.7359
LMAN2L	4.05552074402652	0.0159313819726895	0.03589417032309	0.3512
NIT1	3.07077742410448	0.0159371858482368	0.0359019329769757	0.393
GATAD1	5.42310127515591	0.0160261620672942	0.0360801103342611	0.2351
NCK1	5.23210024387474	0.0160317649922736	0.0360882739456162	0.2338
WAC-AS1	4.64341258380173	0.0160383431366733	0.0360986305391576	0.3453
IRF9	2.68763293151944	0.0160789654921349	0.0361789759872093	0.4887
RCN2	6.51157803973993	0.0160892789719869	0.0361954253743182	0.3094
RABAC1	5.3513221354753	0.0161430727748301	0.0363074949583957	0.3656
LRRC37A2	1.13867864877405	0.0161542090763265	0.0363280661366613	0.7787
DLX4	1.53941818529659	0.0162520712461562	0.0365256447950053	0.6692
NAV3	3.744353919417	0.0162607220022511	0.0365405884875794	0.3725
OTOGL	-1.60776165000783	0.0162689920869731	0.0365546731741268	2.5984
ACAP2	6.73136258895845	0.0162904816663465	0.036598453519668	0.2661
LRRC23	4.10272087439426	0.0163217982558923	0.0366642978909278	0.3035
LOC730102	4.60159576265418	0.0164200210666417	0.0368713289781809	0.2678
USP32P1	-0.0854464098319149	0.0164377971829845	0.0369028099141874	1.2026
LMO7-AS1	-0.207825241610948	0.0164415826179644	0.0369061271699935	1.2251
LOC100506368	-0.938828105708252	0.0164616381559437	0.0369307112592604	1.641
OSBPL11	5.86774081709402	0.016480342251675	0.036965859214471	0.2338
HBS1L	6.33511856904047	0.0164933071189576	0.0369858512177485	0.2179
CDC42EP5	-0.847119256295817	0.0165161226622968	0.0370284622551472	3.9085
GOLT1B	6.16805255280967	0.0165163654767563	0.0370284622551472	0.2455
SPCS3	7.86253045711552	0.0165856963255957	0.037174766374472	0.2535
SCRN2	3.62287648704286	0.0166082828876686	0.0372208215562579	0.3615
MIR181A2HG	1.63495922152557	0.0166482616155382	0.0373058382291967	0.6251
ZNF707	-0.82085424423587	0.0166767764889503	0.0373605634534638	2.0491
POT1	5.80830568104795	0.0166803726931532	0.0373640348326633	0.2193
SRGAP2B	3.77068090589149	0.0167097186775403	0.0374251777913356	0.3957
TLE2	3.14976017575711	0.0167271898664046	0.0374551181406945	0.3997
KLRB1	-0.640759550281093	0.0168424606602223	0.0376947360319992	1.4534
FAP	-1.60829131761426	0.0168679562241799	0.0377332935704729	2.6031
HOPX	-1.60829131761426	0.0168679562241799	0.0377332935704729	2.6031
ORAOV1	4.96533093555709	0.0168957397194595	0.0377861845300076	0.2568
OPHN1	3.80509325391102	0.0169235770911387	0.0378345362938805	0.3155
MAVS	7.23686340238096	0.0169498829170694	0.0378840674013246	0.2142
CRIP3	0.729132772703054	0.0169905810975592	0.0379647728405333	0.8207
MPP2	2.98003429492442	0.0169922304382119	0.0379647728405333	0.4802
TPM3P9	4.60834937133461	0.0170013197553937	0.0379804323855198	0.3123
YIPF5	6.05759130439247	0.0170357496818059	0.0380526913239995	0.2291
CR2	1.91986238505356	0.0170633960408416	0.0381097820065578	0.6093
VMP1	6.66536839940269	0.0170708016515461	0.0381216580979359	0.2081
CHRNA1	0.185076085840329	0.0170968162072376	0.0381704141713745	1.0632
PABPC1L	4.60584316066303	0.017162170303654	0.0383116386724759	0.2971
LRRC57	3.95810377911154	0.0171961886541713	0.0383735020254922	0.3813
ADNP-AS1	1.94066468957127	0.0172773910597783	0.0385311569982058	0.6219
REEP5	6.37187919583307	0.0172836957309261	0.0385405092541575	0.2307
ZMYM6NB	4.26650751180541	0.0172992939915571	0.0385705802527927	0.3238
IST1	6.44103453831037	0.0173049604341574	0.0385785025871264	0.2184
BTG3	3.85421891470674	0.0173650165637032	0.0386982107405963	0.3554
LINC01447	-1.82029323496619	0.0173795579205396	0.0387258891001307	3.1704
DBP	4.11458254093651	0.01740050322554	0.0387630978505745	0.3277
PCGF3	6.08060987394826	0.0174054794752882	0.0387694525745316	0.2102
HSD17B2	-1.81976183953277	0.017468865118565	0.0389011468168483	3.1594
ZNF146	7.44958121303124	0.0174769341907323	0.0389143688969397	0.2022
ULBP2	1.75985886251002	0.0174927263068624	0.0389447818851316	0.5978
CFLAR	5.18735723515152	0.0175039081513319	0.03896492466903	0.2346
IBTK	6.17569809531352	0.0175083491907706	0.0389700588669481	0.2288
C10orf126	-2.16013775097959	0.0176448213951942	0.039254674554066	4.9431
DSC1	-2.16013775097959	0.0176448213951942	0.039254674554066	4.9431
DISP1	3.6645828976685	0.0176986463547647	0.0393600301927865	0.3647
FOXO3	6.78318895744774	0.0177741334226913	0.0394894219015033	0.2022
FOXB1	0.941944664636155	0.0177802857536869	0.0394982838548682	0.9229
ZNF526	3.40203441427768	0.0179583362382531	0.0398647113771339	0.3617
GXYLT2	0.340837129870156	0.0179917570625432	0.0399291899992449	0.9696
DRAP1	7.41494908121539	0.0180351038345502	0.0400205245658865	0.2526
S100A1	-0.0205574284181868	0.0180416073171406	0.0400300903234952	1.0819
ZNF784	2.41412305821208	0.0181062092046234	0.0401587845024426	0.517
TM2D1	4.11808480305115	0.0181240544327056	0.0401934812589253	0.4913
EXOC2	5.60069040806635	0.0181483490467632	0.0402375832156558	0.2221
LOC101928191	-1.89608293629233	0.0182009861452221	0.0403437863202608	3.0687
SAMD14	-1.4238836510007	0.0182085427151753	0.0403514391609906	2.2856
SYVN1	4.93921718452306	0.0183566351664204	0.0406598800774291	0.2576
MTRNR2L8	-1.36760809727087	0.0183783372736254	0.0407030116786735	1.9025
MTSS1L	5.76106591576384	0.0184862232698646	0.04092705457369	0.2238
ZNF221	-0.897454673005629	0.0185210836991916	0.0409992608236257	1.4584
ZKSCAN3	2.73640182445706	0.0185948842354487	0.0411376886333436	0.4457
RIF1	6.94806229976051	0.0187146459643699	0.0413926068240293	0.2079
STK33	2.57555984526749	0.0188890886788757	0.0417632557734716	0.4449
TAF7	6.84059019841064	0.01889408142737	0.041769235957625	0.2006
MANEA	4.22020329201227	0.0190053547165083	0.0419948869165548	0.3647
ZC3H14	4.70747535603988	0.0190496773701731	0.0420724546418921	0.2541
JAG2	4.06010135652658	0.0190832308411878	0.0421414615019627	0.3026
HEATR6	3.42453626522904	0.0193572095699135	0.042720650133987	0.3796
SIDT2	2.3525809066249	0.0193792105709843	0.042764035801268	0.4796
TBC1D3	-0.977435161773567	0.0194037119735736	0.0428129279416919	1.6254
LOC100506476	-1.26060626463888	0.0194262223667952	0.0428522372557049	1.7163
SGK494	3.09110687207187	0.0194323280210961	0.0428605268035679	0.4115
ASCC3	6.17056941526749	0.019437414045521	0.0428665656940121	0.2061
STON2	3.12546630478705	0.0195448898900395	0.0430723696079867	0.4115
LOC100129917	1.83923328292987	0.0195992158161631	0.0431868779649818	0.5701
KIN	4.0166457012203	0.0196160134373103	0.0432134597938381	0.2962
OSGIN2	6.1091622551793	0.0197380487587344	0.0434665643111525	0.2467
SYMPK	6.00895791463912	0.0197823773592447	0.0435426101314383	0.2072
SEMA3A	3.59497372573461	0.0197845065206113	0.0435426101314383	0.3254
CLCN1	-1.06653097530416	0.0197974557322595	0.0435658572623106	1.7082
TIGD7	3.44476143000607	0.0199394672650089	0.0438677891528082	0.3589
TUBA3D	-0.70924247860918	0.0199540591948717	0.0438912919536679	1.3476
ZNF45	3.69658264121424	0.0199549585459818	0.0438912919536679	0.3347
ARHGAP35	7.73592483630816	0.019966228168228	0.0439107892349321	0.198
ND5	12.5377813567954	0.0199946513039352	0.0439627067571529	0.2643
RASSF6	-0.0657260662360011	0.0200052807300436	0.0439789109457863	1.0131
FBXL4	3.88096248616146	0.0200184784035133	0.0439991983788272	0.3085
BTBD8	0.532081097823822	0.0200395151192092	0.0440401333834458	0.9098
KLHL8	4.37069789640333	0.0201804633331639	0.0443285451341885	0.2848
C9orf84	0.517415586977727	0.0202303604213707	0.044427458180265	0.9522
TMEM74B	-2.16118761554802	0.0202468857291047	0.0444584009947721	4.9212
ZNF496	4.85500531923489	0.020254799806338	0.0444654990671565	0.2601
LOXL3	1.63060520146098	0.0202621072326776	0.0444704291464009	0.6353
TMEM44	3.86380257313243	0.0202962859990079	0.0445400886161664	0.3038
MMP25	0.360868454342554	0.0203234058160925	0.0445888831364721	0.9231
FNDC5	-1.02245044667529	0.0203527410875168	0.0446478780694193	1.5035
LOC101929516	0.503715628747627	0.0204126163325876	0.0447577136401295	0.8987
FLNA	10.7390139300011	0.0204291917603362	0.0447886783687641	0.2179
CEBPB-AS1	1.02249126807753	0.0204501254304708	0.0448291894642982	0.8736
FRY	1.32193121668645	0.0205936619355149	0.0451167517454409	0.6817
DNAJC16	4.38301658021922	0.0207737992169794	0.0454884800875397	0.2719
LOC105377866	-0.513791632819766	0.0207757968322692	0.0454884800875397	1.3211
FLJ37201	-0.312302392344388	0.020856200746504	0.0456590479467773	1.1978
PAFAH1B1	8.01738274228627	0.0209767531487547	0.045911953660672	0.2306
MAPK8	6.1286792792437	0.0210430307491787	0.0460514947682817	0.2289
FBXO28	6.3382442671655	0.0210500346213645	0.0460613007368608	0.2235
LOC100132215	0.644846168363993	0.0210946474228446	0.0461478589995748	0.8669
LOC100130987	1.58133144449386	0.0211328773878956	0.0462259537015842	0.6807
PROSER2	5.63004841258912	0.0211448916391245	0.0462411525831166	0.2729
LOC100289097	4.53949807897535	0.0211502438335589	0.0462473172146905	0.3394
DUSP13	-0.542652908823298	0.0212204743724674	0.0463754483675655	1.268
CEP120	4.87525293699265	0.0212341886296179	0.0463955333699026	0.2675
KIF17	0.198176268548397	0.0212505514471822	0.0464221691061096	0.9841
ARID1A	6.5373368851538	0.0212689766946798	0.0464518071442621	0.2004
PSPC1	5.19238481744029	0.0213594875487217	0.0466433976901272	0.2292
C1GALT1	6.2462880392877	0.0213706422134466	0.0466621748892096	0.2217
ZNF354A	4.13357517932612	0.0213844776050024	0.0466868001861904	0.2944
ARL14EP	4.95311667106752	0.0214234173894909	0.0467662211960476	0.2494
H3F3A	7.40627423915054	0.0214966171276963	0.04691697344453	0.19
FUT10	2.86764209350578	0.0214976162830573	0.04691697344453	0.3954
WNT10B	-0.857330222251656	0.0215122700767084	0.0469433424002377	1.7412
DHRS11	0.0737153388281849	0.0215777918912364	0.0470806942472106	2.6064
PRKAR2B	3.11728987772944	0.0216100320528058	0.0471341392062154	0.4254
NAPG	5.6539819076373	0.0216361184748986	0.0471853994597718	0.278
FAM127C	3.40647017034339	0.0216917230710924	0.0473010148573653	0.3361
NR2F2-AS1	1.60458403952902	0.0217316787541589	0.047382482662836	0.6317
ZNF419	3.4960394494587	0.0217516419145907	0.0474203456881738	0.4025
SP3	7.57552327390388	0.0219575160645509	0.0478428599696569	0.2124
ZNF544	4.44293763565057	0.02195855191092	0.0478428599696569	0.3128
USP48	6.58952666224676	0.0221237933386851	0.0481856324494197	0.2113
PTPRA	6.23844200945789	0.0222130155608944	0.0483626490256038	0.2278
THSD7A	1.33025193733958	0.0224809068162892	0.0488934280245623	0.6465
LCMT1-AS2	-1.11325716174138	0.0225329150318864	0.0489890314186159	1.628
MINPP1	4.35591539794703	0.0225459739182606	0.0490057506669562	0.2644
CCDC171	2.1823679970102	0.0225621947959405	0.0490351700231773	0.5014
LGI4	-0.207639961895498	0.0225766973400434	0.0490550091216177	1.3273
CHRDL1	5.34032802076098	0.0227662459555006	0.0494315635304019	0.2186
ZFP14	2.98119998519081	0.0227832262371218	0.0494620265922651	0.3778
C22orf46	6.24740009601168	0.0227856947656085	0.0494620265922651	0.2646
ARMCX5-GPRASP2	-0.334393506163292	0.0228280888315238	0.0495464421052955	1.3199
KCNIP4	1.63323690007975	0.022885054220667	0.0496599964165573	0.6592
DGKD	5.67380585121784	0.0229858217966388	0.0498570759214008	0.2381
FAM184B	2.01307851474501	0.023011692133579	0.0499051379889068	0.5378
ADSSL1	2.19484920926036	0.0230277516076519	0.049934034131048	0.6087
LOC100506504	0.391175045676396	0.0230585311790026	0.0499948390978471	0.9291
CECR6	-1.42440350413685	0.0230756418240242	0.0500259965727806	2.2714
MIR27B	-0.259234648825545	0.0231171169974547	0.0501099605682181	1.1521
IQGAP1	8.55426445236375	0.0231232862104928	0.0501173825310169	0.1992
GRB7	3.32860569014264	0.023165205308437	0.050190361750632	0.3477
LOC102723390	1.08420480590548	0.0231995955648202	0.0502589078712895	0.7082
ERICH6-AS1	0.34330035680577	0.0233262617036944	0.0505182627662984	0.9519
LIMD2	-0.392702806122143	0.02332761585889	0.0505182627662984	1.2049
TOP2B	7.78781471288749	0.0234148133501027	0.0507010832071491	0.196
PQLC2L	0.290005042555119	0.0234261316719424	0.0507195754035793	0.9597
AMZ1	-0.706474501558816	0.0234559938688606	0.0507601498423327	1.5399
FAM149A	-1.31190296689469	0.0234802904849844	0.0508006853631044	1.6061
PORCN	2.5689136061628	0.0235179894439479	0.0508762193729961	0.4264
SLC25A16	4.00260783554781	0.0236407164310027	0.0511295959204343	0.3413
PHKB	6.64485280133977	0.0236659789088773	0.0511721083691181	0.193
LOC101928979	-0.232994844495006	0.0237039046062082	0.051248043876236	1.0945
ZNF439	0.310165532613965	0.0237784896179431	0.0513788740046359	0.9147
HOXA10-AS	0.275563630184366	0.0238361989043794	0.0514912630167826	0.9949
SPIDR	4.72403924589985	0.0238572849824068	0.0515247361456074	0.2427
ZNF740	5.57762410081977	0.0238745719260034	0.051555971738954	0.21
IL10RB-AS1	-0.898496301064215	0.0239372993431279	0.0516792025553622	1.4695
PTPN11	8.16317341067088	0.0239714554721589	0.0517407059706471	0.1908
OSMR	6.40791981455575	0.0239853106646745	0.0517583725170564	0.194
TANC1	5.12847845929389	0.0239983331914446	0.0517803534739408	0.2256
ACTR1B	5.15665790080323	0.0240280154976738	0.0518321459205403	0.2386
LACC1	2.83800883356227	0.0241104486878405	0.0519976788240067	0.4095
SCAF8	5.64057654240133	0.0241214787554333	0.0520153220126613	0.2116
TLR1	1.38696080311963	0.024159237680233	0.0520905920739734	0.6284
OSER1-AS1	3.35944367594884	0.0241644671145569	0.0520957146484826	0.3497
SLX4IP	3.2784083466867	0.0242406593006318	0.0522414680902296	0.3508
PIN4	5.29928695052183	0.0242627784804011	0.0522767949885758	0.3398
STEAP1B	0.0615060807415894	0.0242767506079669	0.0523007268231111	1.0116
AMZ2P1	2.73500643226742	0.0243122123692454	0.0523647651029902	0.4124
CTSA	6.19264249458791	0.0243321856041131	0.0524016020276854	0.1987
WDSUB1	2.72625777787949	0.0244132644856845	0.0525576127889925	0.4088
LOC339874	-0.0866368887971868	0.0244737420611114	0.0526815982864814	1.0896
TOPORS	4.77294768875633	0.0245949222580956	0.0529237271032289	0.2603
PIGZ	0.780372401545478	0.0246061255160932	0.0529415942748142	0.7908
LTK	-1.31242963128785	0.0246311068002326	0.0529890980137929	1.6104
OR2A1-AS1	-0.451985107876555	0.0246443914583362	0.0530114304775993	1.6577
WISP2	-1.82081586172117	0.0247294974970371	0.0531882311858987	3.1428
SLC30A3	0.122525977601431	0.0247538905943288	0.0532344241595084	1.0067
CDC42	8.5257158374597	0.0248092182986824	0.0533408419810088	0.1932
TPM2	3.51546716246546	0.0248594273078602	0.0534362068682793	0.446
IRF5	1.5533638832641	0.0248859898342456	0.0534856170860773	0.6032
UPF3B	6.42002101313209	0.024949682497899	0.0535988435706952	0.225
SERGEF	3.32090109717282	0.0249587826576881	0.0536118997762978	0.3795
RAD51AP1	6.21057634103227	0.0250232529680619	0.0537377374644087	0.2087
B3GNT9	1.89745754578927	0.0250577199813556	0.0537990986686614	0.535
CCDC154	-0.261270489807741	0.0251511720598094	0.0539870425777637	1.1733
IL12A	-0.0881570984656704	0.0251916401215597	0.054067550206818	1.1224
ZGRF1	4.41476460516737	0.0252651977430881	0.0541999353698962	0.2596
CFL1	10.1848644838692	0.0253328140345201	0.054325837309315	0.2036
MANSC4	-1.89765407113245	0.0253457521728031	0.0543344353765493	3.0367
FGF22	-1.89765407113245	0.0253457521728031	0.0543344353765493	3.0367
PNCK	-1.89765407113245	0.0253457521728031	0.0543344353765493	3.0367
NSUN7	2.97528589332031	0.0253509234663595	0.0543391404017681	0.3848
ZNF267	4.64797917662796	0.02540685579167	0.054452636690858	0.2506
BIVM	2.93779077680481	0.0254690560478911	0.0545667277561671	0.4081
DPY19L4	6.3327167609486	0.0255183677453083	0.0546595472906662	0.2827
EPN2	5.58402718113486	0.0255334785998474	0.054685498043033	0.2228
FBXW11	6.45839837329456	0.0255509141325403	0.0547125518259559	0.2196
PARS2	3.34435700803638	0.0255623422589955	0.0547280544482493	0.3335
LOC105376337	0.877728720524458	0.0255668824865765	0.054731356317418	0.7466
SOX10	-1.60568197419035	0.0256382332036732	0.0548647972531072	2.6984
APBA1	-1.89555885718826	0.0256461891088541	0.0548753901044585	3.1088
SUMO3	6.9733729259858	0.0257095685332249	0.0549817110693148	0.1871
ZNF518A	5.0452877393372	0.0257313250109364	0.0550188650034732	0.2273
FOXE1	3.09193749387472	0.025783268235029	0.05512347404833	0.3605
ITGB3	-1.42355380902812	0.0258477504337538	0.0552548632223196	1.805
C5orf63	3.27408560764995	0.0259326123770014	0.0554168057537794	0.3616
ST5	4.55830985163129	0.0260229001084097	0.0556032378720889	0.2655
ZNF346	3.83008565719941	0.0260741503961578	0.0556866740327862	0.2965
SAMD11	-1.16024893584653	0.0261063945188034	0.055749016064484	1.8637
ANP32A-IT1	0.597854015956491	0.0261334138401083	0.055787137870091	0.9397
KCTD18	4.39634240008955	0.0262272174945398	0.0559612064726881	0.2834
EXOC3L1	0.144345245117096	0.0262707564760066	0.0560410061025913	0.9925
RGS9BP	-0.482181316946577	0.0263497987758064	0.0561841820614308	1.2055
TMEM134	4.61013909686455	0.0263652562567261	0.0562031898905643	0.251
RNGTT	5.29915995030518	0.0264183468582243	0.0563032150646442	0.2187
MEX3A	4.38581565317446	0.0265250972915837	0.0565043379410912	0.3105
POLD4	4.55565730288484	0.0266528841616884	0.056763305326153	0.2769
ADD3-AS1	-1.67475664528694	0.0266659122453913	0.0567844271494066	2.4775
HNRNPH1	8.77155725274461	0.026695560645833	0.0568409324877918	0.1949
B4GALT6	3.33687208196015	0.0267257761662227	0.0568986320338848	0.3668
VSIG10	4.96607253212811	0.0267377855526488	0.0569109260871116	0.2289
NDUFV2-AS1	0.164586590638755	0.0267990615911861	0.057030497820669	1.0808
FAM65C	1.10967943141102	0.0268317203942511	0.0570908959810546	0.8017
ZNF383	2.41730865289559	0.0268646756504255	0.0571543548157754	0.4358
MIPOL1	3.13133743251829	0.0268824954784724	0.0571856021271256	0.3489
GAL3ST4	0.270933435114615	0.0269059143870261	0.0572287513747581	0.9341
ABCF1	0.660264627287344	0.0269142173025258	0.0572343003045066	2.4669
HOXA10	-0.981046713287475	0.0270769780391583	0.0575590720869672	1.5624
CHFR	3.58207095139045	0.0272185795674715	0.0578398776142194	0.4161
RNF225	-1.48265901267176	0.0273923055635751	0.0581481314382125	2.1837
ATF1	5.27568835136681	0.0274928360524259	0.0583547511885929	0.3175
BACE1-AS	-0.342020787187091	0.0275022330184134	0.0583679104840915	1.2907
FAM21EP	0.0430459828922881	0.0275776244980232	0.0585075087548997	1.0652
PGGT1B	4.96224499415337	0.0276062983778769	0.0585615365078457	0.2656
PTPN22	-1.42407377625528	0.0276230246137512	0.0585834035023981	1.8002
CIRBP-AS1	-0.480653136358717	0.0277324503789342	0.0588018134863907	1.2167
SNORD127	-1.67370371112847	0.0277419317425336	0.0588150860401456	2.4768
KIAA1211	-0.0888347240813584	0.0278106353182877	0.0589470519413282	0.978
ARHGEF26	-0.274714726248489	0.0279225183704168	0.0591635904561664	2.5426
LANCL1-AS1	-1.97894885407748	0.0279304230009365	0.0591666050481662	2.8915
ARMC12	-1.97894885407748	0.0279304230009365	0.0591666050481662	2.8915
SH3YL1	6.05980916549309	0.0279788891466532	0.0592555220720766	0.2022
DIRAS3	-1.97841553854858	0.028029492442404	0.0593420403604926	2.8827
AZIN2	0.828751581460874	0.0280536764016394	0.0593863539411327	0.7258
ZNF436	4.33488052061457	0.0281780761490915	0.0596358634567371	0.2789
C15orf65	1.00144547789912	0.0281884010530614	0.0596507997710315	0.6835
SUCLA2-AS1	-1.60848225642554	0.0282409373041731	0.0597481227749432	1.9571
GAL3ST3	-0.937469984554613	0.0283510502542209	0.0599602378870548	1.4
ARL6IP6	4.82525916984005	0.0283706464649342	0.0599947320588253	0.2647
ZNF583	1.53955092506885	0.0283852431053987	0.0600186469923742	0.6076
PTGER3	-0.542662764395606	0.0284416229385414	0.0601308938466718	1.29
S1PR2	2.7228807660653	0.0284550349025463	0.0601522831381293	0.4424
NOD1	3.87737636951506	0.0284614025086184	0.0601587778392193	0.3341
UPF3A	5.69459261593282	0.0285538591048649	0.0603262645316992	0.2735
PTPRE	2.84045921599005	0.0287073359380397	0.0606364832679455	0.4166
LINC01285	-1.36865403649984	0.0288158713276588	0.0608375791555151	1.8993
KLRG2	-1.06671937925233	0.0289764688788459	0.0611554237979435	1.4161
CCDC28A	2.96946926499834	0.0290079376248454	0.061214762371885	0.3669
CDIP1	-0.309570059619413	0.0290712319615617	0.0613237965511051	1.3081
ANGEL2	5.06407359506137	0.0290944434279879	0.0613618483388801	0.2347
PIGF	3.45506153101185	0.029114550945466	0.0613971632274954	0.3524
UTP14C	4.59568366697589	0.0291445047045008	0.061439039016786	0.2447
MYLPF	0.603838065655506	0.0292320525684043	0.061609368701084	0.7927
GART	6.61718537230064	0.0292516070733573	0.0616434651657868	0.1861
LRRC19	-0.257523691652943	0.0293122488172217	0.0617641290867036	1.2599
MAP4K2	4.06991901860711	0.0293356597272714	0.0618063247525755	0.294
CCDC102A	2.81372034757006	0.0293731101941031	0.0618638093797353	0.4342
LOC100652768	-0.744742824514408	0.0293984111677969	0.0619099543522091	1.2781
HABP4	4.16054841807054	0.0294689215965997	0.0620441278592463	0.3326
PPP1R11	-1.11664996684957	0.0295207714223621	0.0621246343615726	3.2756
KCNG2	-0.641978278655396	0.0295448192403885	0.0621680751558935	1.2742
CA13	1.66011270908869	0.0295761876781439	0.0622197375261806	0.5624
MED14	5.62353843720968	0.0296492774979069	0.0623519421727668	0.2121
TRIM22	-1.0662023991421	0.0297829894427045	0.0626114987639352	1.4198
CYB5R1	3.48527314857004	0.0297976045978592	0.0626277998547682	0.3274
RAMP2	-1.67580884602469	0.0298708291957698	0.0627672488257335	2.4758
STRN3	4.70522786927787	0.0298745052470723	0.0627677486236105	0.3406
GPLD1	0.881386769074311	0.0298879924048255	0.0627888595330833	0.8296
GALNT6	5.81236197603174	0.0299273586738301	0.0628570938736128	0.2003
JMJD1C-AS1	-0.574238696035107	0.0300272190153268	0.0630523246312177	1.2066
POLA2	5.70478488276457	0.0300897542142537	0.0631618435018301	0.2192
PRICKLE1	2.84580789174779	0.0301354535523276	0.0632286909609578	0.3785
TMIE	1.80816430707648	0.0303586250139491	0.0636603558757931	0.527
LOC101928433	2.183718146565	0.0303880956897751	0.0637148357542821	0.4806
SUPT6H	6.95223916495536	0.0304819229116162	0.0638895504792728	0.1933
HNRNPDL	8.39032221539295	0.03049998898857	0.0639200779445911	0.1861
APOOL	4.89243959592294	0.0305160081048491	0.0639463089947343	0.2395
LOC100507131	0.490025293576952	0.0305322992243701	0.0639731039412488	0.8427
ZNF821	1.28707260382882	0.0305504549710566	0.0640037991681902	0.6377
PLSCR2	-1.48128739475249	0.0306703747847965	0.0642354685124568	1.7106
FBXO21	5.4646230280012	0.0307149638320426	0.0643115471634097	0.2081
MTCP1	1.95365585650635	0.03073406435553	0.064344160421394	0.5133
PRKAA1	7.98981771908721	0.0307556704518171	0.064374629645537	0.2407
MOSPD1	5.02889114001879	0.0308080882952885	0.0644695621181554	0.232
LARGE	3.45006152401775	0.0308609556723322	0.064572791605054	0.3184
DDX52	4.13312300815421	0.0309100611511144	0.0646607168986759	0.479
LOC101928841	0.393139127985048	0.0310725023305563	0.0649810451527947	0.8888
CAPZA2	7.59411701782427	0.0310738674509146	0.0649810451527947	0.2092
ZEB1-AS1	2.14184321963408	0.0311829213818818	0.0651792320526259	0.5005
MPP3	3.35827999682617	0.0312523229943458	0.0653093416420304	0.3447
UBXN2B	4.22569613112661	0.0312571711357091	0.0653119968242538	0.271
SUPT5H	6.95488606422853	0.0312775669727959	0.0653471346595746	0.21
ACACA	1.93435048971094	0.0314234731992686	0.065614426023773	0.4965
ACKR4	-0.256693655661394	0.0314275351880655	0.0656154028354671	1.1438
C2orf73	-0.937785050614516	0.0314463083867754	0.0656470904412775	1.6292
GOSR1	5.64244178371453	0.0316596505517322	0.0660773500025634	0.2019
GOLGA8A	4.70971646094115	0.0316708177341954	0.0660931011151659	0.239
SMCR8	5.60006717534549	0.0317184669027876	0.0661849733429296	0.1987
RANBP3L	-1.06446175886713	0.0317263940370257	0.0661915040505566	1.7372
FTCDNL1	0.253124393019567	0.0317288481565743	0.0661915040505566	0.8962
SOWAHD	0.180742352228517	0.0317733565101154	0.066269210150653	0.8677
KANSL3	5.96690602233072	0.031786530252256	0.0662891131237361	0.2102
SH3BGRL2	5.76331362424706	0.0318448326686291	0.0663955305160453	0.2217
RPAP2	3.98657333002052	0.0319036026360524	0.0665104681653276	0.2756
TDRKH	3.92445847708222	0.0320542226684402	0.066786337484027	0.2899
MGEA5	6.81342761980089	0.0322130439581602	0.0670789700581924	0.191
SIN3A	6.62270757215906	0.0322654923554068	0.0671805233166409	0.1836
HLTF	6.20110037205284	0.0322831228661867	0.0672095667744446	0.1921
NUDT9	4.89529316884682	0.0323167837070912	0.0672719730167226	0.248
EPB41L4A	4.02076806700418	0.0323805913209583	0.0673971126616595	0.2824
IGBP1	5.04331589834736	0.0323982956132795	0.0674185893897219	0.2194
WDR27	3.92107282317135	0.0329794942311506	0.0685420818173822	0.2852
STAG3	2.45551609721355	0.0330668839122606	0.0687158830622913	0.4838
DTX2	3.66119016926106	0.0331462404260547	0.068872953018217	0.3365
PIK3CA	6.30887730620521	0.0331906879654001	0.0689574598266011	0.2205
LOC101927260	2.51962140410578	0.033277952254604	0.0691230283718342	0.4047
ANKRD34B	-1.16044484323641	0.0332922113104138	0.0691447792585796	1.5434
LOC644215	-1.25902826754816	0.0334938286882605	0.0695318781593	1.6989
UFSP2	4.27845491092501	0.0336974053524287	0.069930639094457	0.2882
EIF3A	8.38772544067151	0.0337356527164559	0.0700020545569014	0.1948
EFCAB5	0.787683941785166	0.0338885281413534	0.0702873176265108	0.9334
Sep-15	7.15029590078201	0.0340072114033001	0.0705174524510049	0.1932
LINC01521	2.69424051036513	0.0340406519744875	0.07057076339385	0.386
PPARD	4.88596406652953	0.0341618914279807	0.07079798954583	0.2543
SPATA1	-0.674268401376951	0.0344382176685428	0.0713301681140138	1.2183
PLA2G4E-AS1	-2.26007904280027	0.0344549830055708	0.0713409531260272	4.725
MIR4786	-2.26007904280027	0.0344549830055708	0.0713409531260272	4.725
CRB1	-2.25955347732394	0.0344759868152993	0.071343642632068	4.7312
SMIM2-IT1	-2.25955347732394	0.0344759868152993	0.071343642632068	4.7312
ITFG1-AS1	-2.25955347732394	0.0344759868152993	0.071343642632068	4.7312
LURAP1L-AS1	-2.25955347732394	0.0344759868152993	0.071343642632068	4.7312
AK9	3.10324707255635	0.0345741652431045	0.0714900850241383	0.3744
GBP2	1.66088854436519	0.0346155889205622	0.0715028503432659	0.5672
CEP85L	2.05389175281615	0.0347023433900548	0.0716658349467014	0.4968
PVR	6.48961808176268	0.0347793718913698	0.0718167869300811	0.1858
C16orf52	4.20408877076006	0.0348202333719725	0.071893031038083	0.28
SCN1B	-0.423700009390558	0.0349055619646546	0.0720203367118822	1.1438
POLR3GL	3.48963333362035	0.0349431681097781	0.0720816402493558	0.3706
TNIP3	0.253615953518455	0.0350333255537576	0.0722431256420873	0.9295
IGSF23	-0.260564960728328	0.0350486671827342	0.0722665990612148	1.2388
LOC729987	-0.136973150945735	0.0351352068561743	0.072436853344587	0.9876
WBP1L	4.62711928756631	0.0352616473536855	0.0726729096961936	0.2579
LOC101927911	-0.607890118139096	0.0353405072581632	0.0728272153183235	1.3045
DKK1	6.92234041872794	0.035471136518814	0.073088156691588	0.1935
OFCC1	-0.743208545804528	0.0354962963705129	0.0731296109771274	1.3023
GUSBP2	0.976517427549843	0.035521853882849	0.0731678849695692	0.7112
RGS5	2.51104255375359	0.0355294284208144	0.0731752307367314	0.43
POFUT2	4.29841359355232	0.0356022279398773	0.0733098480424501	0.258
HSPB7	-1.89816868771991	0.0356028216884511	0.0733098480424501	2.9864
STAC3	-0.369392296513569	0.0359163752005163	0.0738804896519014	1.2637
IKZF4	2.95980026921417	0.0362419387774317	0.0745082020631523	0.3704
HSD3BP4	-2.25902772540714	0.036304858051384	0.0746207485460556	4.7423
LOC105379200	-2.25902772540714	0.036304858051384	0.0746207485460556	4.7423
DUSP11	4.72290655452712	0.0363131673206557	0.0746294250372499	0.2741
SEC61A2	3.48705802933333	0.0363229510139941	0.0746327286113085	0.3301
ACADSB	4.27735949243033	0.0363544674453523	0.0746757072958679	0.3014
RBP2	-2.26060442196469	0.0363602301792819	0.0746757072958679	4.714
STPG2	-2.26060442196469	0.0363602301792819	0.0746757072958679	4.714
PCDHB5	-2.26060442196469	0.0363602301792819	0.0746757072958679	4.714
SRSF8	5.1088261639414	0.0364184467404571	0.0747784460346175	0.2069
USP35	3.48599021660554	0.0364623236369823	0.0748601192438988	0.3047
LOC728752	-0.0245696248129403	0.0365203009049113	0.0749538632175448	1.0576
TBX2	-0.185485060639749	0.0366676709215619	0.0752309508141193	1.1391
LINC01352	-1.67633052297874	0.0367530946727081	0.0753977144803516	2.4622
CCSER1	0.94417711341107	0.0367859526815226	0.0754481914564516	0.6918
TMEM217	1.5011124379699	0.0369975253758852	0.0758565614625067	0.587
PRCD	-0.231969612227912	0.0370612040305898	0.0759700584754601	1.0669
NYAP2	0.568743984354837	0.0372234967266482	0.0762941682094633	0.8483
TNRC6B	6.13452968640305	0.0374316466262073	0.076677753681333	0.1908
ATP11A	6.56689411218894	0.0376295023029018	0.0770484739840485	0.1786
NUTM2B-AS1	4.13865426755889	0.0377499397004751	0.0772407024844997	0.2775
GUCY2C	0.00266563324599738	0.0377530011102756	0.0772407024844997	0.9303
GPM6B	0.426456358464637	0.0377915264181711	0.0773108590643357	0.8401
LOC105374013	2.26686575536527	0.0378725832324302	0.0774506418159792	0.4933
DOCK6	3.58131937675286	0.0380426238621244	0.0777568540283329	0.312
LOC102724550	-1.74345775557474	0.038043614164169	0.0777568540283329	2.3807
MAN2A2	4.55718201802294	0.0381679987055545	0.0779936181294608	0.2739
RASAL2-AS1	1.50485195096342	0.0382723059375986	0.0781630179211097	0.5523
GPBP1	6.84871144613391	0.0382996264641331	0.078210064958525	0.1776
SULT4A1	0.83975114750712	0.0383449910185807	0.0782939443054702	0.7311
UPK1A-AS1	-1.60952459766224	0.0384235636059374	0.0784280609559473	1.9389
LMCD1-AS1	-1.02192070926132	0.0384941873036011	0.0785546482690076	1.492
G3BP2	7.47461384498117	0.0385099446376821	0.0785780204879316	0.179
KLHL7-AS1	0.687063205652622	0.038556775334303	0.0786564149026367	0.7903
PLD2	5.23432993426691	0.0385569816478799	0.0786564149026367	0.2008
SLC25A12	5.40757693502631	0.0388092726981868	0.0790915474858336	0.2104
LOC101929719	-0.783541741200086	0.0388998957447695	0.0792465096088771	1.4075
ZNF773	2.69475369592047	0.0389026741408171	0.0792465096088771	0.4488
DOPEY1	2.86513980214527	0.0389316632752279	0.07929671368432	0.3595
MOCS3	3.5991455938919	0.0389478617211311	0.0793208571598583	0.3457
RC3H2	5.29834607480388	0.0389613669926589	0.0793382994958188	0.2114
PELI1	4.60887872646729	0.0389679130164761	0.0793382994958188	0.2883
C3orf33	1.55084099681333	0.0389694638244417	0.0793382994958188	0.545
MAP3K6	3.89096272547552	0.0390810569347904	0.0795211519618294	0.2847
SIK3	4.93945165589834	0.0393666690321959	0.0800576929766924	0.21
LOC100505942	-0.781156356828545	0.0394679997105541	0.0802280150000975	1.2205
TMEM168	4.95258399923551	0.0397168346258658	0.080694492541644	0.2206
DNAJC3	5.36032826647507	0.0397224622830427	0.080694492541644	0.2233
LOC102546298	-1.42197734980588	0.0397240033124318	0.080694492541644	1.8004
TNRC6A	7.11613482776969	0.0398356856107557	0.0808943577875368	0.1737
CYTH1	5.1151666802767	0.0398646272272472	0.0809441257547131	0.2256
YBX3P1	2.41200018902296	0.0399023518362832	0.0810117143153009	0.9198
HCFC2	2.79626586944045	0.0399144858089742	0.0810273382551577	0.3786
PLXNB3	3.67393642498796	0.0401182566322153	0.0814138387147314	0.3203
REV1	5.79631409691973	0.0401952648446223	0.0815519843302317	0.1907
LINC01355	2.06396673246759	0.0402135973558074	0.0815801126044693	0.4484
LRRC37A6P	-0.157994505145089	0.0402243053939495	0.0815927688079936	1.0548
JAK2	2.64785252219209	0.040383346679289	0.0818810963469284	0.3821
ECD	5.59186705489878	0.0403843882289517	0.0818810963469284	0.1905
ADNP2	4.72276677313074	0.0403904178179368	0.0818842273941425	0.2317
CBLL1	5.85466575272456	0.040458925480878	0.0820049010301887	0.2
SUN1	7.67093292351442	0.0404921425053905	0.0820631165162532	0.1803
ANKAR	1.67829648752168	0.0406317356521662	0.0823186068212126	0.5219
ACE	-0.777873130505053	0.0408286743254903	0.0826625572237054	1.4448
TMC1	-0.310450827620495	0.0409794907543009	0.0829403085599243	1.0623
RB1	5.7402902698465	0.0412120569463829	0.0834017638413886	0.234
RRP1B	6.0362979139378	0.0412615972647841	0.0834742597147493	0.1848
FAM217B	5.09458922772588	0.0412671703919145	0.0834762839528855	0.2198
RBKS	2.4090762832159	0.0412814393054343	0.0834945952193471	0.4336
IGHMBP2	4.17772254499311	0.0413930618918942	0.0836845778403566	0.2457
LARS	7.74020469694958	0.0414928216054528	0.0838398396490476	0.1691
MFAP1	5.73723370835282	0.0415222292681887	0.0838806924333354	0.2057
FAM71E1	0.54868094751115	0.0416582003799619	0.0841188255047758	0.745
SCTR	-1.74292599682759	0.0416585397342615	0.0841188255047758	2.3685
STRIP1	4.61014168104913	0.0417250757902926	0.0842252303878353	0.2234
SMAD4	5.53205745316059	0.0417591621796475	0.0842847169432444	0.2025
DPP4	0.110414325211523	0.041872189086538	0.0844848236034304	1.1057
PTK2B	4.54760209709863	0.0418917537170122	0.0845056194317982	0.2252
LOC105374693	-0.395950708793259	0.042087782360528	0.0848812082932862	1.0731
TRIM61	0.361186487285735	0.0420918919083655	0.0848812082932862	0.8245
ANXA2P1	-0.607063528890157	0.042348115049553	0.0853601842049949	1.1605
HADHB	6.22611299273079	0.0424365102863982	0.0855194758569915	0.1794
TTLL1	1.8555180929158	0.0425674074520166	0.0857643295932033	0.5163
CA5B	3.04561810905141	0.0426494477137951	0.0859106606491275	0.3383
PARP6	4.75554772549639	0.0428732002443361	0.0863210443342795	0.2354
SLC6A16	-1.31346750551123	0.0428768202247615	0.0863210443342795	1.6008
CYP11A1	1.82844329036367	0.0428921529807591	0.0863423910923739	0.5115
HMGXB4	5.39705073419677	0.0429200994971506	0.0863716700455588	0.2078
MAGI3	4.87406950291864	0.0429644895948838	0.0864478763910255	0.2111
SLC17A5	4.47662653447081	0.0430818675030614	0.0866669502078115	0.2291
IFNE	0.890877700633171	0.0431441739399195	0.0867827280131303	0.6905
AKAP10	5.40374791581279	0.0431497124728506	0.0867843065885601	0.2033
WAC	6.97083021544078	0.0432236025243679	0.0869137666796851	0.1834
CIR1	6.14002816931511	0.043320758858105	0.0870899431465218	0.2854
CAMK2A	-1.36917294112539	0.0434485964505482	0.0873180952004853	1.883
POT1-AS1	1.25478212325936	0.043678097432708	0.0877503407870052	0.6137
KCTD17	4.11462385889877	0.0437562762286821	0.0878880601640246	0.2769
LOC105377650	-1.97999716861443	0.0440289615870028	0.0884065907096705	2.8736
NKAIN1	-1.74502657550362	0.0440591105288913	0.0884282235944854	2.3449
LOC101927604	-1.74502657550362	0.0440591105288913	0.0884282235944854	2.3449
LOC643802	-1.74502657550362	0.0440591105288913	0.0884282235944854	2.3449
ABCC1	4.53441187537039	0.0440948448597613	0.088480488872258	0.337
ZNF81	2.62495795896115	0.0441441653914778	0.0885697201216419	0.3779
ABHD13	4.47143386318066	0.0442240200256495	0.0887201878668414	0.3012
BCAP29	5.77453873251817	0.0442388139061042	0.0887401150060255	0.1938
RNASEH2C	4.6036221888188	0.0442710602548958	0.0887950424097317	0.2615
MCOLN2	-1.36655384142982	0.0442986628851813	0.0888308863831139	1.8867
FBLN7	-1.36655384142982	0.0442986628851813	0.0888308863831139	1.8867
EFTUD1	4.86531213559685	0.0443833172372168	0.0889908665000142	0.2103
ANKRD24	0.39493079385743	0.0444450577284852	0.0891048730387904	0.8821
SFXN1	6.2869956649794	0.0444832650207904	0.0891521008035513	0.1791
CCDC62	-1.54308949622792	0.0445712383660668	0.0893088055768757	1.5803
DPY19L2P1	-0.210721257121332	0.044754095315836	0.0895965307693719	0.9822
MKS1	3.7783257199157	0.0447648426775347	0.0896082201667843	0.3021
PDXDC2P	3.49240608755168	0.0448829192116565	0.0898051921446734	0.2895
JAZF1	0.937316906745484	0.0449286454024768	0.089876983395531	0.6776
HIF1A-AS1	-1.06775959084197	0.044973723079599	0.0899392850604558	1.416
STX2	3.88680816202364	0.0449859343658065	0.0899423083760994	0.2591
EDRF1-AS1	-1.54236117157059	0.0450795656839809	0.0901196398518129	2.0653
LINC00319	-1.6063790749937	0.0450850496996957	0.0901207344046474	1.9575
KCNIP2	0.327962790608779	0.0450981663073768	0.0901370838742577	0.8079
SPDL1	6.78818775911492	0.0452715801372829	0.0904737785425546	0.1745
ARHGEF40	2.83533212285633	0.0452828751121455	0.0904864457144624	0.3907
LOC101060091	-0.674791363699591	0.0453184293525873	0.0905376719480011	1.2395
ZSCAN2	2.704954760958	0.0453590617001257	0.0905855770986877	0.3979
SIRT5	4.7218541919853	0.0453765209919156	0.090604152600723	0.2137
RUNDC3A-AS1	-1.25747063961668	0.0454669923846642	0.0907748701853051	1.7185
LINC01004	3.95886246009002	0.0455257236055547	0.0908821880965561	0.3452
HELB	3.07692326680686	0.0455696683224483	0.0909400814270459	0.4035
BTC	2.75331774337334	0.046164803893775	0.0920673650737117	0.4458
MIR21	-0.454588453761028	0.0461970938185224	0.0921116366045155	1.2397
C10orf10	0.739382189345193	0.0462139307711739	0.0921231977081799	0.7634
LOC283335	1.94019985974402	0.0462352027126561	0.0921377607832468	0.5017
TTC21A	0.636126560445514	0.0462656596461341	0.0921678178197102	0.7248
EFNA1	3.51659231902672	0.0463689208238103	0.0923231561303829	0.3014
WDR78	1.94927711960295	0.0464094957055108	0.0923633155603149	0.4746
GPN1	5.85303810657148	0.0464143874315474	0.0923633155603149	0.1934
UBE3B	5.7264291518422	0.0465076544591518	0.0925186596716003	0.1922
MANBA	3.34408110112177	0.0465272369404573	0.0925275677473319	0.2984
ATG13	6.04582087014119	0.0465547223664676	0.0925618614160567	0.1942
SYT11	-1.81838426822013	0.0466240192857826	0.0926794529705191	2.2048
HIST1H4H	-0.160714247718101	0.0468048260812202	0.0929882364717331	0.9711
FXYD6	-1.54446194706752	0.0468465219124341	0.093050821894614	2.0641
GTF2H1	6.73594479681012	0.0469408693228745	0.0932059395147905	0.1708
CCDC125	0.95941526725034	0.0469467185878515	0.0932059395147905	1.0425
TTC23	4.0435053958141	0.0469501435023014	0.0932059395147905	0.256
SNAI3-AS1	0.576946214157589	0.0469758308612516	0.0932366566865634	0.7458
TOB2P1	-0.0227593230811771	0.0470918211292496	0.0934363967542203	1.0596
ZNF777	3.98899711316106	0.0471162358552319	0.0934746796102058	0.2875
LAMB3	6.6175902503155	0.0471803944821187	0.0935917941612039	0.1723
LOC727896	0.294102949089471	0.0472366204122695	0.0936829703689726	0.8038
TBC1D14	4.86404194232774	0.0472841537816262	0.0937431222803968	0.2136
PANK1	3.87731601240164	0.0472874897611839	0.0937431222803968	0.2857
CHODL	-0.542837712942096	0.0473191349012835	0.0937854876514854	1.1016
SNX14	6.54335839067112	0.0474155989422552	0.0939664757153507	0.1692
LINC01356	2.09549176317105	0.0474535130745401	0.0940211997708708	0.4291
CETN2	6.8608804974617	0.0476594881197576	0.0943985695035582	0.1779
SIPA1L1	6.73777253412748	0.0476693958984286	0.094407950913616	0.1736
C9orf3	4.58000566774965	0.0477034978739139	0.0944652410441666	0.2648
ZNF853	4.45219765883526	0.0478028556365264	0.0946186320209731	0.3091
MIR554	-1.8189161511968	0.047933130332554	0.094837675013667	2.2129
MEI4	-0.89661220249825	0.0479675987511282	0.0948955876463586	1.2316
PURA	5.04495872926761	0.0479944788645636	0.0949384772078745	0.2067
LOC105372476	0.125154568163729	0.0480941116130026	0.095114949800344	0.8672
SEMA4G	0.980452029368927	0.0482131737384181	0.0953297627822551	0.6559
TULP1	-0.231780315149154	0.0482701188885433	0.0954320219221622	1.1606
CRYBB2	-0.820072281499868	0.0485073521500277	0.0958698950796692	1.1806
PTGIR	-1.81785219802623	0.0486671068035335	0.0961439997625049	2.1987
GACAT2	-1.11345262929087	0.0487602827126576	0.0963072293846454	1.3429
LINC01450	-1.11345262929087	0.0487602827126576	0.0963072293846454	1.3429
VWF	-1.15835872970951	0.0487819018350861	0.0963305547048287	1.5432
ZNF490	2.54501658390951	0.0487826456094512	0.0963305547048287	0.3898
MT1DP	-0.392882173168479	0.0488526968324393	0.0964584505054091	1.0527
ARL15	0.251184698150903	0.0488993130347431	0.096508741487813	1.0894
LRRC28	2.5106477305222	0.0489609130109558	0.096619871141283	0.3788
SEC31B	1.36530479217424	0.0490671325412994	0.0968190198523521	0.6205
LOC105371730	-0.367211919142973	0.0491501994941087	0.0969724459055926	0.97
ZBTB39	3.45357153903066	0.0492109743354938	0.0970818616240301	0.2906
NRBF2	4.78747117745183	0.0493160255942827	0.0972575740789916	0.2277
ALDH1L2	0.835641976990258	0.0493420604485235	0.0972984073826145	0.7822
YEATS2	6.24459857959684	0.0493509368020171	0.0973054003950345	0.1863
SLC45A1	-1.25974386825086	0.0493835296357326	0.0973486358956846	1.3567
C11orf42	-1.25974386825086	0.0493835296357326	0.0973486358956846	1.3567
CDH3	6.31832631188691	0.0494891169465856	0.0975462447610524	0.1704
FBXW8	4.78702982455672	0.049571189904896	0.0976974676566752	0.2162
BTBD9	3.50475878283708	0.0495890864824828	0.0977221894240291	0.2793
CEP295NL	-0.541806873789671	0.0496488461287696	0.0978293939478487	1.0946
DKFZP434I0714	2.53711354268543	0.0496598316066708	0.0978404797983361	0.3746
BBS12	2.26267808414684	0.0498147264385953	0.0981138899409856	0.4091
WDR5B	3.59048153976081	0.0498241430858143	0.0981218507200245	0.2779
ZEB1	0.308332298057318	0.049869209822101	0.0981894191665525	0.7556
SMA5	-0.817606847583307	0.049905697596323	0.0982506648677314	1.532
KIF16B	4.90862942355231	0.0500517143278283	0.0985168837486614	0.2058
NME5	-0.211228635833409	0.0500658767485559	0.0985341360415736	0.987
MEX3B	-1.31137612250883	0.0501024596653265	0.098595505405864	1.6025
HMGN1	8.82095076123857	0.0503540333731734	0.099047864805587	0.1626
AFP	1.73848648049908	0.0506590455994522	0.0995941779521428	0.5053
MED6	5.41069968397199	0.0506966234580293	0.0996465932224141	0.2242
PFN1P2	0.277685405026074	0.0507584364955409	0.0997466110508714	0.8725
CAAP1	4.50074845274741	0.0507737107124915	0.09975515096505	0.2793
TERF1	4.41938534590802	0.0507984837777662	0.0997732749976307	0.2349
MDFIC	6.50866050268407	0.0507993312392078	0.0997732749976307	0.2354
PYCRL	-0.643270269762414	0.0508975814705087	0.0999339908932681	1.9365
LOC100129534	2.99897912873379	0.0509568361491829	0.100028817283815	0.3362
PCGF5	5.85674496411351	0.0509840603446987	0.100071498296185	0.2055
LOC100506990	1.81611816620088	0.051072863635861	0.100224250084519	0.5055
FYTTD1	7.10256916455462	0.0511170032096243	0.100289307962913	0.1813
ARSA	2.4185092111834	0.0511517803869638	0.100306017221956	0.3945
FNBP4	6.46596389673684	0.0511522029428662	0.100306017221956	0.1914
APOBEC3B	4.37964573214645	0.0511529919115036	0.100306017221956	0.2396
HIP1R	4.8685487374511	0.0512672725558484	0.100519313476487	0.1999
LMOD1	-0.338841327799128	0.0513015716148861	0.100564962031715	1.0667
SAA2	-1.36676658710911	0.0514000912680774	0.100747269292465	1.5378
LRRN4	0.716812363835269	0.0514065646714515	0.100749140594956	0.6861
C6orf106	6.86217585151809	0.0514935566651208	0.100897968281469	0.1714
ALMS1	5.36307837601124	0.0515772821431915	0.101051176519221	0.192
BAALC	-2.0662913585169	0.0515863694353347	0.101058135037179	2.717
PIGG	4.81004829411493	0.0516009550207128	0.101075862109242	0.236
EPHB6	2.81850547235606	0.0516202528627122	0.101102814747524	0.5632
LRRIQ1	2.70126844765652	0.051732524792052	0.10130097314209	0.3826
IFIT5	2.32026421544957	0.0517537062795793	0.101331581063921	0.4488
ECHDC3	-2.06575735749084	0.0517840158715101	0.101380052949093	2.7046
RAB29	3.59555346252073	0.0518811728553167	0.101537595588193	0.3069
GSTM2	-0.897133384900544	0.0519183045090906	0.101588485221646	1.2386
THBS4	1.95962849938124	0.0520337207175662	0.101792499509204	0.4628
KLHDC9	0.84227951062464	0.0521029539788993	0.101895182414439	0.6396
B3GALNT1	4.45467442854056	0.0521930290994472	0.102049474053712	0.2231
TMEM150A	1.37836276108999	0.0522593150236654	0.10216813611823	0.5275
ZNF284	1.57595462911639	0.0523072036267988	0.102243880605629	0.5665
ACP5	1.47276223827493	0.0523164064637847	0.102246902516096	0.5687
RBM5-AS1	1.24615356890942	0.0523929491041178	0.102358613734258	0.5679
LOC100507002	1.33592612765255	0.0524185692612486	0.102391761227622	0.5431
TRUB1	4.83649309062798	0.0524807278158211	0.102502211084373	0.2648
CALM3	7.91878539468284	0.0526326753369514	0.1027879889764	0.164
HSDL1	4.89028478774085	0.0527289841779783	0.102965058846205	0.2168
LOC100506142	-1.26026980321775	0.0528043836122937	0.103101264943961	1.3624
SCNM1	0.235090311314893	0.0528117123576373	0.103104547192923	0.8577
XYLT2	5.07915423450518	0.0529118518243223	0.103277960751078	0.1979
PDLIM3	1.60554042551852	0.0530796067469246	0.103550042826657	0.5392
KLF3-AS1	-0.424208007833802	0.0531153304236006	0.103608662486724	1.1357
GPATCH1	3.90865556699683	0.0533099735215435	0.103977230406976	0.2628
IFT172	4.28644283211056	0.0533254063750154	0.10399622035918	0.2363
IDUA	2.70558329961285	0.0534422276599549	0.104201784487892	0.347
TINAGL1	6.91898048085697	0.0534597127149381	0.104224745335744	0.1774
GTF3C1	7.32198803781272	0.0535443924687792	0.10435640321448	0.162
KIAA1919	3.83288603519267	0.0537155212514542	0.104652630220786	0.2528
PTGDS	-1.9805121769935	0.0537290376701487	0.104652630220786	2.834
SERAC1	3.1187767549369	0.0538412997403416	0.104856706641741	0.4159
CUL9	4.66361627302265	0.0539648802789026	0.105086171132976	0.2634
RFX7	5.64796098749479	0.0540135423988148	0.105169713100764	0.1906
ZNF529-AS1	1.17922486523192	0.0542288628025371	0.105543889443453	0.5787
CHAMP1	5.1537183808317	0.0543321895352181	0.10572249543327	0.1987
SLC7A6	5.85588292744062	0.0543684836756288	0.105770570969979	0.1878
ZNF770	6.53926839986111	0.0547069270235096	0.106377799178587	0.1695
ZNF565	1.36644263783599	0.0547455984352907	0.10643617093021	0.5899
FAHD2A	3.88933669243414	0.0547559879700644	0.106445034222287	0.269
BLVRA	5.1832667288051	0.0547863339182829	0.106489023883507	0.2155
ZNF337	4.07218050828728	0.0547902827200799	0.106489023883507	0.2504
MYOZ3	-1.36707346132696	0.0548699941973708	0.106609899326011	1.8632
DOCK10	5.35170693055407	0.0549026959284468	0.106650735993799	0.187
HSPB1	7.95514369157335	0.0549761107267697	0.106781985043931	0.1743
TMEM135	4.85902917709527	0.0549917351055916	0.106800969796562	0.2071
CYP1A1	-0.512942880214682	0.0552006125921889	0.107167159623467	1.1386
USO1	6.47866421307568	0.0552037669313697	0.107167159623467	0.1656
TEX2	6.00907046241498	0.0553066178095138	0.107321175035128	0.1736
LOC102723859	-0.574263977034131	0.0553747155666529	0.107430478999449	1.3235
ZNF275	4.01287228281705	0.0554847886053634	0.107632589605729	0.2529
OPTC	-1.81839285975476	0.0554909672770431	0.107633138398821	2.2345
TMEM265	4.37444109354203	0.0558203552901731	0.108237536503176	0.2423
LOC100505715	-1.02315477076802	0.0559751857579152	0.108491664847277	1.2358
SEC1P	-1.02315477076802	0.0559751857579152	0.108491664847277	1.2358
CRTC1	4.17414262192876	0.0560377334685973	0.108601365414301	0.2483
GOLPH3L	5.55798464920974	0.0561523383206802	0.10880037023799	0.1802
FAR1	6.28267981888085	0.0562014606940655	0.1088724391374	0.1963
STXBP3	5.58567250562909	0.0562700127972447	0.108993671472308	0.2315
ZNF543	3.41069577864937	0.0564811306718243	0.109379391274512	0.3903
LRCH3	5.10282461206387	0.0566025989733365	0.109591372028554	0.1934
ARFGEF2	6.76072631195967	0.0568683612856687	0.110047572994612	0.1653
WDR64	-1.42302592353592	0.0568905364465317	0.110078484165711	1.8013
IVL	-0.308433598609222	0.0568963944230747	0.110078484165711	1.155
SLC16A14	1.31117592563181	0.0569119553491548	0.110096922417524	0.5616
CDC40	4.95144291806081	0.0570636436708603	0.110355283777037	0.2071
SLC16A1-AS1	0.377399224600573	0.0572046681781444	0.110581154411288	0.7256
TMED7	6.75209941601082	0.0572431661675835	0.110643858290673	0.2359
SMARCA5	7.83644219157504	0.0572608339933197	0.1106662910631	0.1641
DLG2	1.98092842616652	0.0573171704210188	0.110751721338497	0.4524
EPHX1	7.51039721088461	0.0573792142452652	0.110859872500959	0.1597
DPP9-AS1	-0.816969732295371	0.0573904261824462	0.110869801099126	1.1783
PLAUR	4.50361648313711	0.0575400625491798	0.11112359905827	0.2161
BMS1P21	-1.31086402575636	0.0576507648925771	0.111313840706387	1.6202
RASA4B	-0.64004642852128	0.057715067682864	0.111426213580622	1.5344
ZNF778	4.39687596361044	0.0578999716097304	0.111759556111994	0.2235
LZTS2	4.45255622188674	0.0579965253672772	0.111934091035523	0.255
FAM227B	0.271253364166134	0.058079248884016	0.112070052597674	0.834
YPEL1	1.88748900032908	0.0582490954932723	0.112374034378651	0.4513
FAM196B	0.254432685731739	0.0585967547204068	0.113008911279923	0.812
PPP4R1L	2.19193828527836	0.058628015194183	0.11305725629925	0.4289
ZSCAN29	5.40547870177672	0.0586364648542157	0.113061607771289	0.1812
MTM1	4.68230070277271	0.0586755586581333	0.11311372592791	0.2141
GPAT2	2.67174412972251	0.058678415739965	0.11311372592791	0.3412
ASGR1	0.0204191946367218	0.0586820825078457	0.11311372592791	0.927
MLF1	5.29910319951266	0.0586940602750802	0.11312486955045	0.1884
LRRC49	3.32678206109441	0.058705520067829	0.113125944174486	0.2873
HRK	-0.513141683125796	0.0587388121903251	0.113175277609137	1.012
LOC100288798	1.47235060050803	0.0587731900482753	0.113229564955816	0.4998
LINC00174	1.37880379524552	0.0587799563945659	0.113230651465569	0.5218
TMEM236	-0.820060341817247	0.0588999673389733	0.11340200419113	1.1489
CCDC39	2.21439575282278	0.0590351989142489	0.113616735006997	0.4712
CNPY4	2.74480763515477	0.0590383295316295	0.113616735006997	0.3583
CD59	8.27378251892297	0.0593412058287236	0.114179284739585	0.1831
NNT	6.88990084562417	0.0593642121187166	0.114211514009831	0.1775
PIGN	4.18649215064973	0.0594545235077945	0.114361161222031	0.2392
NOSTRIN	-0.480823484586322	0.0595846679040325	0.114581973570158	1.0372
GPR89A	3.43856033462474	0.0596998803592085	0.114784730472639	0.2755
LRRC37A	1.94731041135425	0.0599535136523156	0.115235980757704	0.4844
KLK9	0.578716493744704	0.06017367689482	0.115634804778088	0.6836
IL7	-0.480837500324459	0.060205161805969	0.115683131662959	1.0624
NTN1	5.1118348058537	0.0602436577092545	0.115744918452973	0.2128
MAP3K11	5.92075186439788	0.0603553849010179	0.115922978090792	0.214
RBPMS2	2.31961658057531	0.0604303051403302	0.11605466554196	0.4384
MATR3	8.52305619063233	0.0604611049297913	0.116101602145605	0.1652
RFX3-AS1	-1.06567169114442	0.0604925949609829	0.116149854186759	1.4052
GCA	3.82092128279968	0.0607512054457421	0.116621872409828	0.3731
LOC105369154	-0.746799480239034	0.0608312765384748	0.116763304014972	1.2556
HFE	5.02629597265412	0.0610456703009063	0.117137876499195	0.232
PLB1	1.64720790703279	0.0611321113078231	0.117254446736249	0.4805
GLB1L	2.03308050458027	0.0612088163911966	0.117389237528909	0.4202
GPALPP1	5.40140278064877	0.0612982902259563	0.117536139729551	0.2303
TMEM178A	-0.854615177846507	0.0613441261213439	0.117599324422058	1.3165
ZNF131	6.45467910717381	0.0615022543557118	0.117847457344756	0.1791
R3HDM2	5.17759736109455	0.0615058377290118	0.117847457344756	0.1869
LINC00641	3.13643337345425	0.0615415348666684	0.117903479958642	0.3112
ATM	5.48882863036898	0.0615547078448778	0.117916342750901	0.1795
PARD3	6.68238736763732	0.0616407768857293	0.118068830429742	0.1675
NOVA1	0.122484486016604	0.0618535369524742	0.118444054218724	0.7625
RILPL1	2.96595660363572	0.0619828426500412	0.118661784335062	0.3157
PWARSN	0.275033531968738	0.0620326944719155	0.118732466977986	0.7632
TSPAN31	3.37529651846369	0.0620392748960895	0.118732466977986	0.3061
PCDHB14	-1.48075059338943	0.0622287521755509	0.119070875317804	1.6889
ZNF22	6.07939415232096	0.0626916616275546	0.119905602375342	0.1642
DHX29	5.76077660376132	0.0627704361943875	0.1200436919301	0.1768
OPLAH	2.36687033638559	0.0629921829215121	0.120421273519306	0.4342
FBXO31	3.56547401660482	0.0631068616134366	0.120598646039454	0.2982
ABI2	5.60828708805816	0.0631948945575662	0.120754238543325	0.1732
LENG8	0.925473956531822	0.0633706882493403	0.12106480584763	1.4952
FIGNL1	5.95927526056382	0.0634109965628109	0.121129136052179	0.19
INPP5J	0.238879503097287	0.063480810540821	0.121249809294123	0.7695
TAPT1-AS1	1.71681562822862	0.0635937404771782	0.121427395267374	0.544
CLEC16A	5.49351592515633	0.0636622425034353	0.121532772052987	0.1837
FBXO36	2.35583415527304	0.0639256197489108	0.121984542085932	0.3777
VPS39	5.66013028986835	0.0641589037177475	0.122416904919649	0.1833
ADGRD2	-1.11344571951056	0.0642057032838513	0.122493397340369	1.3314
CWC27	5.76041337848919	0.064302283345131	0.122652020138827	0.2049
GPATCH2	4.51307410604577	0.064309816637816	0.122653574231087	0.2163
SMPD3	0.19980986583896	0.0645535280321102	0.123079812820282	0.7986
LOC100506314	3.30348724361903	0.0646235168718093	0.123187524695808	0.2857
ABCD3	6.48898607588215	0.0647080750488972	0.123303265213331	0.1671
LOC100132356	1.04151712339065	0.064711250219595	0.123303265213331	0.604
PHF12	5.11253661996345	0.064733279755857	0.123319498614518	0.184
LOC100499484	1.28176702867198	0.0650059777520921	0.123813159086301	0.6081
LMBR1L	3.11805016117076	0.0652673614628818	0.124272105847556	0.3432
SIT1	-1.607431030935	0.0653565134035182	0.124402930736589	1.956
C16orf62	3.44767406710344	0.065430888865679	0.124531516590058	0.3019
LPAR5	3.88005468008798	0.0654817483395873	0.124602334551543	0.2804
UPF2	6.07452667120736	0.0655196686803287	0.124661497803865	0.1963
GCFC2	4.47937469648649	0.065526697060964	0.124661878026778	0.2109
GCLC	7.70402932346138	0.0655582999976475	0.124709005393045	0.1613
ATE1	4.33355048835892	0.0657356388270372	0.124991206446309	0.2965
MIATNB	0.0636502968183216	0.0657376873704281	0.124991206446309	0.8178
PDE4A	2.98024655895192	0.0658415323326957	0.125169531840643	0.303
CYP27A1	-0.934871510763766	0.0658500413709027	0.125172673393086	1.3995
C4orf36	0.000979646392625067	0.0658947639498023	0.125244644525517	0.8235
FGFR4	2.74541159953625	0.065914223010196	0.125268587890291	0.3808
GATAD2B	1.19570955774553	0.0661685043820921	0.125738754658007	0.7148
ZNF577	1.98551228112303	0.0665166570934126	0.126334591333473	0.4123
PAQR6	2.65125386663272	0.0665719450823851	0.126413296174747	0.3546
CAPN9	-2.36687464223515	0.06672523276127	0.126612186809037	4.4753
LOC101927495	-2.36687464223515	0.06672523276127	0.126612186809037	4.4753
TENM3	-2.36687464223515	0.06672523276127	0.126612186809037	4.4753
PXT1	-2.36687464223515	0.06672523276127	0.126612186809037	4.4753
ADGRB3	-2.36687464223515	0.06672523276127	0.126612186809037	4.4753
LINC01010	-2.36687464223515	0.06672523276127	0.126612186809037	4.4753
LAMC2	8.47504519969829	0.0667898551531738	0.126708468843016	0.1525
PKN2-AS1	0.70375984607695	0.0668868762123966	0.126790623397292	0.698
NCF1B	-1.16043779637955	0.0669005132388935	0.126799809976042	1.534
C15orf27	-0.609297394314458	0.067006881997827	0.126988231885428	0.9841
LMTK3	3.00949199361147	0.0670766280954108	0.127105423180308	0.3002
MBTPS2	5.00456863027419	0.0670826441905273	0.127105423180308	0.2024
ZNF605	4.39821440458035	0.0672075865529116	0.12732894355645	0.2243
LOC105376501	2.29518808341034	0.067297899519176	0.127486816812502	0.5095
COPZ2	-0.209383307802015	0.0674036355348895	0.127662205681432	0.861
NPIPB5	4.10185739073325	0.0674307227614272	0.127698679951516	0.3183
B4GALT5	6.59701360893986	0.0674780088733075	0.127761722670722	0.1752
RAB11FIP4	5.06618761985935	0.067592207234266	0.12792490241076	0.201
USP6	0.623938704252132	0.0676667196218096	0.12792490241076	0.8478
CCDC168	-2.36634853511693	0.0677043386882542	0.12792490241076	4.483
PSG3	-2.36634853511693	0.0677043386882542	0.12792490241076	4.483
PCDHGA9	-2.36634853511693	0.0677043386882542	0.12792490241076	4.483
SMOC2	-2.36634853511693	0.0677043386882542	0.12792490241076	4.483
MYO15A	0.309812084396765	0.0677166632635514	0.127934948208568	0.7941
USP31	4.90562780009313	0.0679464634149405	0.128329260925218	0.2358
ZNF25	2.61706693467882	0.0679971062934272	0.128411624339796	0.3805
LIN28A	-2.36740056229887	0.0681317396093796	0.128546200734687	4.467
OMP	-2.36740056229887	0.0681317396093796	0.128546200734687	4.467
LOC101928075	-2.36740056229887	0.0681317396093796	0.128546200734687	4.467
CYP2A6	-2.36740056229887	0.0681317396093796	0.128546200734687	4.467
FLJ42393	-2.36740056229887	0.0681317396093796	0.128546200734687	4.467
PCDHB15	-2.36740056229887	0.0681317396093796	0.128546200734687	4.467
UNC13B	-2.36740056229887	0.0681317396093796	0.128546200734687	4.467
SCARNA9L	-2.36740056229887	0.0681317396093796	0.128546200734687	4.467
MED11	4.06136607789179	0.0682972098966375	0.128751947942277	0.231
CHMP3	-2.48117856911824	0.0683137020536415	0.128756446901846	4.1904
LOC101929839	-2.48117856911824	0.0683137020536415	0.128756446901846	4.1904
PDIA3	9.08670536477093	0.0685214932364304	0.129094776111896	0.1604
TNFSF15	0.144490083487191	0.0685571800988726	0.129135356983597	0.8015
IFFO1	-0.230630674187861	0.0686576430830773	0.129284572679181	0.9476
CBLN3	0.342279967898513	0.0687406411670742	0.129414163673931	0.772
ZBED2	5.93669850299549	0.0689163936822524	0.129718288799175	0.1631
RNF14	5.07974963867838	0.0691572072471544	0.130144724822601	0.1817
LOC146880	4.02720919284867	0.069341065888068	0.130450381167825	0.2386
CNOT4	5.37084809550743	0.0696138370875456	0.130896097422004	0.2012
CFAP69	2.61416880607625	0.0698393420266419	0.131306594030729	0.3445
KRT80	7.51708256194084	0.0698821676272964	0.13137358173246	0.1523
LOC101927402	-0.338817062607169	0.0699073313993269	0.131407356057054	0.9872
RASA2	4.66011646236649	0.0700293051282867	0.131595985015131	0.2133
KRT81	1.91248598645949	0.0700989474895086	0.131713296147434	0.456
MC1R	2.85113858600053	0.0701381204269578	0.131773338120258	0.3414
NDST2	3.27145358609239	0.0701813115686441	0.131827350961742	0.2822
WHAMMP1	-0.208885648182303	0.0703229500109453	0.132066225223724	0.8791
SCCPDH	5.21286572384876	0.0704244150241228	0.132229571190002	0.1933
PIANP	0.681963221279605	0.0704756774649656	0.132309886745065	0.779
LINC01564	0.606883226807727	0.0705540843641278	0.132418563190245	0.6616
NRG4	3.29784637882681	0.0705784952779594	0.132450761697618	0.2936
ASPSCR1	4.72676355575636	0.0706473408430331	0.132566333069217	0.1963
INPP5F	4.29951263122037	0.0706677280579129	0.132590960269811	0.2183
LOC105371789	-1.7471242230966	0.0708023363506735	0.132806324859547	2.3098
LOC101927027	4.58472061762821	0.0708047596312553	0.132806324859547	0.2272
TNFAIP8L3	-0.018410826235495	0.0708188854353466	0.132806324859547	0.9213
LOC554206	-0.018410826235495	0.0708188854353466	0.132806324859547	0.9213
DDC	-1.60637090961531	0.0708520448147823	0.132841217021533	1.9443
TPT1-AS1	1.03145527960207	0.0710645429699441	0.133171247840207	0.5576
LAMA3	6.91472988392762	0.071108081467999	0.133239159938396	0.1515
DHRS4-AS1	3.6600375662649	0.0712793563524812	0.133532676200195	0.2766
ATP9B	2.1839217116652	0.0714176951356395	0.133764383132885	0.458
KCTD11	4.04672096551176	0.0715784441289292	0.133997668222446	0.2266
CD27	-0.643190768238744	0.0719549588587049	0.134550895136961	1.0977
ARHGAP33	2.53430272561509	0.0719599625787263	0.134550895136961	0.376
CDC73	6.09847180471075	0.0719629130213239	0.134550895136961	0.1785
RFWD2	5.21263728450594	0.0720059892993552	0.134617648811984	0.1814
SAMD9	5.30144786140993	0.0720273101869562	0.134643720537894	0.1848
FUT1	2.50049346770293	0.0721834811800203	0.134894191065563	0.354
RIPK1	4.90098364873533	0.0723222659837922	0.135112084302099	0.1976
SLC8A2	-2.36582224081444	0.072475220953033	0.135370128270777	4.5025
AMBP	-2.36582224081444	0.072475220953033	0.135370128270777	4.5025
TFPT	-0.860618939778113	0.0725186232335324	0.135423484630868	1.4822
COX10-AS1	3.62255111132545	0.0726901116472309	0.135729843329431	0.263
EID1	7.21629165090667	0.0727294154728433	0.135779745705614	0.2259
MIR662	-1.67336430541612	0.0728348675789489	0.135902835498905	1.8117
MIR503	-1.67336430541612	0.0728348675789489	0.135902835498905	1.8117
FEM1C	4.97236382763404	0.0729761482068767	0.136152535683673	0.1994
SSH3	5.75102417073252	0.0730475793343035	0.136271879044251	0.1833
CFDP1	6.01142837819493	0.0731760293265412	0.136452896737561	0.2499
PRDM11	2.83339479479513	0.0731819846602467	0.136452896737561	0.3244
SPATA3-AS1	-1.11190064768427	0.0733384739762139	0.136716754917774	1.393
PTCH1	4.33936003750751	0.0735423964686107	0.137054919347791	0.2081
ZBED3-AS1	0.123984707025326	0.0735733041330988	0.137098524063882	0.7457
PCDH9	0.742248583179228	0.0735945078236051	0.137124039072028	0.6449
PTGR2	4.80696471142122	0.0738249676386373	0.137539402919784	0.2274
ABCB7	4.97294730638238	0.0739797848561757	0.137797049512446	0.2104
BLZF1	4.84779614502969	0.0739859048707819	0.137797049512446	0.1879
SAMD9L	2.61964270102429	0.074025107039102	0.137855998582663	0.3263
FANCB	3.70406029676708	0.0740508205960733	0.137889818523247	0.2461
THAP6	3.67447504277669	0.0742440040017701	0.138211441407736	0.2567
GEMIN8	3.47661191766548	0.074344642619794	0.138352272748925	0.2708
LCORL	4.59575727335715	0.0744132282650198	0.13846579300848	0.1999
LIPE-AS1	-0.509868587609002	0.0744946990501981	0.138602469846861	1.1324
TIGD3	0.101881328736699	0.0745018644066194	0.138602469846861	0.8098
C2orf68	5.31858233382054	0.074569407618133	0.138713990776099	0.1712
IDI1	6.22258299775612	0.0747430138886947	0.138994444489356	0.1789
URI1	6.52612312606199	0.0748582988141324	0.139194652999674	0.1542
BCDIN3D-AS1	-0.153261317617901	0.0749165973029926	0.139288868557229	1.1781
THAP8	1.82766598571563	0.0749465290457309	0.139330329354263	0.4469
DENND1B	4.25935965045792	0.0749688342148959	0.139357604869885	0.2206
CAND1.11	-1.8199621854095	0.075034486708854	0.13943705103388	2.1985
PLA2G4D	0.289655169018803	0.0751031764501239	0.139536290379958	0.7778
PCYOX1L	3.33374934240764	0.0751367439270025	0.139584450710426	0.2655
PCF11	5.93449010789858	0.0752680519505329	0.139814159178768	0.164
AK8	1.15138919607377	0.075382319320428	0.139983686452419	0.552
PPFIA2	-1.31189550556396	0.0753928737079534	0.139989046217697	1.5981
LRRK1	3.9968591675353	0.0755347577508553	0.140209714031481	0.2283
LOC101928539	-0.311140494122845	0.0755920134335883	0.140301728064618	0.9273
USPL1	4.65120812947108	0.0756230819198167	0.14034512387193	0.2007
SLC30A6	5.62595476522913	0.0756768818470403	0.140416419859698	0.1839
SARAF	6.65069549512793	0.0758110206071007	0.140651015467808	0.151
SGMS1	5.22891083473311	0.0758373810050926	0.140685624187478	0.2229
ZNF10	3.16468710405386	0.0759573971671381	0.140879634530456	0.2849
AASDH	3.99164872733993	0.0761329124390683	0.141150457406939	0.242
WBSCR27	1.2923970029826	0.0762460956801253	0.141328939256408	0.5048
LOC729732	-1.74627143355504	0.0764812989402288	0.14170735750054	1.6737
AARS2	3.91093886719656	0.0764903529250037	0.141709750659516	0.2363
NAPB	4.01373305262628	0.0765315441711344	0.141771676345838	0.2633
SCOC	6.51428056405526	0.0765724690654316	0.141809914087479	0.1712
SCAPER	3.59068640529433	0.0767000190975617	0.142024069312172	0.264
ZNF507	5.6289666630361	0.0767066894948518	0.142024069312172	0.1805
SCARNA9	-1.06742450437166	0.0768379565461513	0.142223840079746	1.1432
PNPLA5	-1.06742450437166	0.0768379565461513	0.142223840079746	1.1432
LOC101928021	-2.06734075047948	0.0768763498511769	0.142280478799988	2.6891
SMIM5	-0.577500980838455	0.0769210234996506	0.142348728333464	1.0375
SAMSN1	-2.06680712444323	0.0769942566034714	0.142455371293501	2.6837
LOC101929523	-2.06680712444323	0.0769942566034714	0.142455371293501	2.6837
TMBIM4	5.18764576639528	0.0771185680596717	0.142642003900442	0.1908
SNORD45C	-0.454259584318701	0.0774483199031249	0.143164897544699	1.0829
LOC100130093	0.290149365234412	0.07760574063994	0.143410488904324	0.7729
LEKR1	1.1136648129092	0.077621499860266	0.143412417918127	0.5307
PFN4	0.914832983136151	0.0778374170392673	0.143709535342725	0.6624
RASIP1	0.292620532245556	0.0779867368067666	0.143970661052111	0.7782
ZNF705E	-1.11187991034993	0.0781527372047381	0.144233357299808	1.3276
KIZ-AS1	-2.0678651690209	0.0782524498068574	0.144388187151202	2.6831
MEF2C-AS1	-2.0678651690209	0.0782524498068574	0.144388187151202	2.6831
SERHL	-2.0673317302884	0.0783776431586798	0.14460457337088	2.6765
GALNT13	3.83430553926941	0.0784796063271911	0.144763432667394	0.2593
BIN2	-1.81995360008648	0.078590103057325	0.144864794165441	2.1832
MIR4520-1	-1.81995360008648	0.078590103057325	0.144864794165441	2.1832
CLGN	1.27511415437703	0.078775111935005	0.14519116037208	0.5432
TMEM175	2.5312776347953	0.0791172089736273	0.14571870127346	0.3572
NPFF	-0.393074395915363	0.0792310728197087	0.145898977748296	0.9301
LINC00886	3.32623064317677	0.0795504890582706	0.146457616805949	0.2811
C1orf27	5.23332486609468	0.0799245954316416	0.147057389054631	0.178
WIPF1	0.662547240185102	0.0800849902221598	0.147241813595944	0.6361
KDM4D	0.325498080133678	0.0800869205945597	0.147241813595944	0.7572
LOC101927056	-0.452405312962146	0.0800893519395117	0.147241813595944	0.9499
CDC42SE2	6.06816858487493	0.0804051915253332	0.147807590019785	0.1608
FGF1	0.272065707398321	0.0805036145690071	0.147973619368888	0.7564
ATOH8	-1.82048492842608	0.0806382357484451	0.14817630919211	2.1904
CILP2	0.50287674186089	0.0806615215225172	0.148189266067734	0.7221
LOC105378949	-1.36518405359777	0.0807406245800745	0.148304743166701	1.5043
CLDN14	-1.36518405359777	0.0807406245800745	0.148304743166701	1.5043
COMMD8	5.65007566626778	0.0807914092471094	0.148353245545688	0.212
LOC105378559	-1.54517324400304	0.0808099041451421	0.148372283020589	1.5486
ZNF75A	4.30073034894554	0.0808837987574215	0.148493023945644	0.2031
MYL12B	8.49560389883611	0.0809079088518571	0.148522351332278	0.1474
LINC01277	-1.89679901422106	0.0809312609694897	0.14855028154625	2.0557
HMHA1	4.2559450027714	0.0812120838015088	0.148975864336851	0.2363
MAGI2	2.02399354434975	0.0812679809141163	0.149063424049845	0.4024
UBE2G2	5.55620218962521	0.0815730797357928	0.149562934986104	0.1655
ERICH6	-1.81942208490301	0.0818319118071489	0.150007368405594	2.1704
HOXC4	2.42096786611866	0.0819729074248117	0.150220577991102	0.3636
TMPRSS9	0.874379667521807	0.0821926764170307	0.150562863803864	0.5979
PKIG	4.36610728620236	0.0823065076224528	0.150728085060822	0.2279
GLIS2	1.94202180937842	0.0823076402263002	0.150728085060822	0.5146
SPIN2B	3.60508891443485	0.0823574683248141	0.150776382074918	0.2433
TCAF2	1.52340286071544	0.0824714023825723	0.150967404180912	0.4692
MUC20	0.155689653805259	0.0826017502928259	0.151175694571011	1.1938
ST7-AS1	0.408835556595772	0.0826893014255105	0.151320758502819	0.8666
PGBD2	2.70909918200645	0.0827447894759304	0.15140712405258	0.3092
KCTD19	-1.819108019691	0.08304720075167	0.151945249240578	1.5349
MAP3K14-AS1	1.91006084035355	0.0830738228594939	0.151978726337601	0.4226
GLTSCR1	3.38916003750657	0.0833196604753914	0.152413198560997	0.2555
RAB11A	7.24312446833015	0.0833531048977641	0.152458519173172	0.1465
ZNF571	1.34446388782146	0.0833973927053697	0.152509546351721	0.4872
FAM133B	4.88447079231747	0.0834541178912711	0.152597994413366	0.1973
LINC01012	1.27810752324812	0.0835345364690455	0.152714450007901	0.6085
OGFOD3	4.35545127395227	0.0838000681316066	0.153149530261844	0.2124
RSBN1L	4.95832351070586	0.0838060805935485	0.153149530261844	0.1935
LOC102724064	0.289161761777102	0.0838921570075413	0.153260804396045	0.7708
LTC4S	0.215199558954356	0.084055887497879	0.153529192812534	0.9432
LOC102723750	-0.820054372001267	0.0840719698687567	0.153543205474592	1.1392
GCOM1	-0.184016767699302	0.0842870291623388	0.153889789417708	0.8145
C4orf33	3.95201021738408	0.0843338301818785	0.153932424338822	0.2248
CDK11A	4.60813268478466	0.0845436111285965	0.154250266316576	0.2791
PRUNE	4.78066454985865	0.0848960962929413	0.154846951136371	0.212
MIR3653	-2.06785615121471	0.084932161913136	0.15489725753109	2.6582
EIF1AD	5.61187599258974	0.0854432830038684	0.155736079724303	0.1622
ZCWPW1	2.70728072967846	0.0855186708642098	0.155847763872929	0.337
LRRC4	-0.641326551028776	0.0857241558834911	0.156154479126822	0.9325
LHX2	0.461997936365809	0.0857539198697072	0.156193111956637	0.7283
GIGYF2	7.30569839496234	0.0858099668573816	0.15627960444417	0.1578
ACSM4	1.66244813005177	0.0858847171070341	0.156368943403412	0.4343
PXN	7.6556449931172	0.086039052197222	0.156587472526417	0.1427
C5orf51	6.9253780984402	0.0861397152514984	0.156723803232146	0.1557
IVNS1ABP	6.61410636956004	0.0862077339120098	0.156815870151624	0.1454
FAM161B	1.59713363438006	0.0862160872431996	0.156815870151624	0.4504
DIRAS1	0.0838192617697388	0.0862332907215428	0.156831535705567	0.7612
PREX1	2.15332562510404	0.0862425212171072	0.156832699207043	0.3803
CYB5D2	4.49963009189649	0.0863629989042359	0.157004870344128	0.1926
TBX18	-1.48180036999326	0.0864884468712087	0.157217274328466	1.6895
TRAF3IP2-AS1	2.12088087192658	0.0865311639910079	0.157279264219419	0.3659
LOC100507156	-0.896078373599529	0.0868428072800814	0.157798575664892	1.2072
MYB	1.60973008059314	0.0870118469512412	0.158058535118593	0.448
ADCK4	3.78712277122069	0.0872597847371088	0.158493147961462	0.2629
EMC1	6.25254281681384	0.0872900990894747	0.158532436229352	0.1601
NOMO3	-0.673435104863388	0.0875004906457465	0.158882927912149	1.0781
CHST11	6.16053466449363	0.0876116984044128	0.159069036904123	0.1598
CFL2	5.23500891796854	0.087626985166763	0.159077375346833	0.2026
SLC39A9	7.04856885590584	0.0877844942164431	0.159319388250858	0.1498
TEX36	0.857304865730482	0.087827640851067	0.159366008485944	0.6089
LOC102723886	-1.6728499093099	0.0879589068085218	0.159572473685419	1.8456
DDIT4L	-0.0667193317227935	0.0882341823748435	0.160008267948261	0.9519
ZNF836	2.54264019039678	0.0882836808089012	0.16005825406818	0.3236
RSC1A1	3.07398420725208	0.0883294925360352	0.160117487413152	0.2967
ZCCHC9	4.68635748330413	0.0885227371514707	0.160451855583524	0.2499
ANO9	2.81453401264161	0.0886894651399388	0.160738099433607	0.3042
DOCK4	1.04354649547963	0.0887461766961624	0.160824915799597	0.5332
ALDH5A1	4.94474858291538	0.0887930682100116	0.160893920917317	0.1872
INSIG2	5.33540415000845	0.0889821202177246	0.161204484141588	0.1695
APBB3	2.59816506846652	0.0890128781163962	0.161244205486498	0.3514
CRYZL1	4.04556143694567	0.089088452367957	0.161365094397204	0.2156
ADAM20P1	-1.06795462069786	0.0893760919779494	0.161821871977531	1.1618
FBXO44	3.87083112990288	0.0893971299245727	0.161843911533419	0.2276
FBP2	-1.48127163145387	0.0899401896564978	0.162730995364474	1.6843
LOC100506473	2.19787538432034	0.0904753828500053	0.163666130530093	0.3764
COL24A1	-1.42426387823122	0.090560092285079	0.163770682987261	1.3872
RUNDC3A	-1.42426387823122	0.090560092285079	0.163770682987261	1.3872
TMPRSS5	-1.02419333090423	0.0909681337685456	0.164459719754265	1.2396
TRIM28	7.8450225700196	0.0911609283728857	0.164740120328289	0.1787
MMAA	2.00110933473835	0.0911657230911346	0.164740120328289	0.3888
CASKIN2	3.7909445186128	0.0913097726649981	0.164963009378744	0.2262
SHOX2	1.10284882116022	0.0916313554620728	0.165478487023009	0.5047
KIAA1586	3.73004841493862	0.0917485321934242	0.165640941823888	0.2487
LOC101928068	-0.424076109145255	0.0917838196770119	0.165688263821174	0.8737
GPRC5D	0.453359625165162	0.0920123300790047	0.166067928613179	0.7586
ERO1LB	-1.89574243546666	0.0920258941170179	0.166075990806671	2.0684
HIST1H3H	-0.184517585818913	0.0921369838070322	0.166260035225974	0.7993
CHD1	6.49971046208765	0.092193541980028	0.166345651550444	0.1513
SYBU	1.69131419403512	0.092240502774156	0.166413936025792	0.4297
SDR42E1	3.60179611959231	0.0922566517356419	0.166423175102542	0.2463
RUFY3	4.16960975149382	0.0923347558556432	0.166534608071589	0.2316
ZSCAN20	3.16231212051019	0.0923840411781311	0.166607038995156	0.2742
ASL	3.77076676886851	0.0924390904574473	0.166689849406475	0.2606
LINC00115	0.454480337851665	0.0925479384543033	0.166869645868816	0.6749
PGM2	5.61752409292414	0.0927014920995465	0.167080505456543	0.1582
TMEM180	2.57944337697889	0.0927549716275719	0.167160391118751	0.3154
BOK-AS1	-0.781862205696364	0.0929558413602998	0.1674893248987	1.025
LOC101060553	-1.20922903234494	0.0932738816382915	0.168045789320897	1.4451
ERGIC1	7.70217519253403	0.0935811635253811	0.168549498946266	0.1388
PPP1R2	6.16759742044207	0.0936190609484256	0.168601122292045	0.1652
MSRB2	4.62003122450941	0.093775333389982	0.168865899227413	0.2283
HLA-DMA	0.514294945071565	0.0939545130120158	0.169080294075036	0.722
NPY6R	-0.449846193219303	0.0939638502332358	0.169080294075036	0.9441
CNFN	1.78413589837248	0.0943193428004241	0.169678155514835	0.5217
PLEKHD1	-0.424391588885556	0.0943339892283949	0.169687782772054	0.9914
TCEA3	1.12671044023816	0.0943949000095727	0.169780620155149	0.5375
SCNN1D	0.740314162058071	0.0946718538376145	0.170245209186317	0.6057
KIAA0319	4.87904872519174	0.0948748299132233	0.170576609700197	0.1814
RAP2C-AS1	-0.606205377510546	0.0952677353982018	0.171181867857241	0.964
SARS	7.11922179027855	0.0953735728787977	0.171338313961359	0.1469
RASSF8	5.37580139606268	0.0956429388166486	0.171720839008334	0.1799
TMEM68	3.76504232315593	0.0956638606051964	0.17174151236193	0.2518
SNX16	3.02183356501379	0.0958717516029092	0.172097807007149	0.2934
TRNAU1AP	4.39472276689503	0.0963060738103183	0.172826470410024	0.2071
NANOS1	3.49094467480018	0.0965275761952502	0.173189919510613	0.2564
DEPDC1B	5.61941285797101	0.0967529768184298	0.173560218610323	0.2045
FAM98B	6.73938095794418	0.0968175700349739	0.17365184332384	0.1981
FNTA	4.88796167647504	0.0971264116718615	0.174161651260338	0.1744
LOC101927592	-0.856359922637908	0.0972727995702099	0.174382858538034	1.107
LOC100128653	0.726538537893155	0.0972881139892884	0.174383093666023	0.6152
AGAP9	2.97948960469185	0.0976212068795946	0.174859963971142	0.3234
NPIPA1	0.603321251482621	0.0976937131054449	0.174972670112136	0.5981
RAB10	7.99216450010657	0.0977269948982625	0.175015108776013	0.1419
BCL6	4.30102978195667	0.0978194511985427	0.17516350182252	0.1963
B4GALT1	7.093897266256	0.0981858593575598	0.175715140728042	0.1469
TBC1D10C	-1.20870358137786	0.0982571670392937	0.175809354255547	1.4376
KCTD21	4.1349308757756	0.0983963162305381	0.176041076940876	0.209
GNRHR	-0.978837268097014	0.098615079573607	0.176403074606163	1.0796
TMEM198B	3.19922240835933	0.0986179765244575	0.176403074606163	0.3156
TLE4	-1.4242716143692	0.098658612963677	0.176441692369266	1.4032
FLJ42627	4.18798844466744	0.0986588954702821	0.176441692369266	0.2099
TMSB4X	10.4310156153369	0.0987219227628351	0.17651982585292	0.2013
SLFNL1	1.20720810366821	0.0988055465742433	0.176652047621133	0.5248
SDPR	2.05055141565469	0.0989523482714642	0.176879865861534	0.3774
RNASEK	0.853817564107285	0.0991706529158171	0.177211722389416	0.594
LOC644762	-0.541797019749531	0.0991865348036293	0.177211722389416	1.0641
PWWP2B	3.17377511041713	0.0994178498421047	0.177607619798166	0.2604
GNB1	8.12251174201406	0.0994528147522354	0.177652699228651	0.1366
SKIV2L	-2.06524122587173	0.099918630184342	0.178414956244654	2.8497
CEPT1	5.04727283657097	0.0999980464903403	0.178539299435467	0.1711
FANK1	3.76445863346506	0.100008571171834	0.178540629308918	0.273
SERHL2	1.63554866846571	0.10008761174407	0.178664265180379	0.4166
TMX4	4.47210081338473	0.100119899982692	0.178699616569948	0.1951
NUTM2A-AS1	2.83523886642307	0.100160044121128	0.178741130544995	0.2874
METTL4	4.69270704339771	0.10020451384465	0.178803010922484	0.2034
CUL7	4.60114898459467	0.100341035876578	0.179010241357535	0.2007
LOC439994	0.745283685236697	0.100366763805197	0.179022534443349	0.6468
CAND1	7.85369359800181	0.100546514580919	0.179290600721749	0.1431
F8A1	3.38622062804409	0.100654406106969	0.179447933387581	0.4066
NDUFV1	7.41193398197602	0.100879431502174	0.179831549800184	0.1534
LRP3	1.90511361967668	0.101086682683764	0.1801834094	0.3751
DEF8	5.33683643170873	0.10123636609136	0.180432597809613	0.165
DNASE1L1	3.09776173008181	0.101269943970761	0.180474824007245	0.2626
ZNF829	3.37068324877874	0.101296030414724	0.180503692655071	0.2454
THRA	2.89325521546995	0.101668010313988	0.181095833378101	0.2798
ZNF609	5.97515159662592	0.10170674054967	0.181111807986225	0.1644
DES	-1.42479133713031	0.101976839145332	0.181504258110284	1.3969
IQCE	5.17995679221487	0.102095278465404	0.181697348768221	0.1945
PACERR	-1.60814363607549	0.102387282307726	0.182128249616082	1.4353
GTF2I	6.72693500064107	0.10244789841996	0.182211703217264	0.1963
SLC30A5	5.61803884432971	0.102468125191475	0.182211703217264	0.1825
CPA5	-1.21059382206175	0.10247085997289	0.182211703217264	1.7073
PDGFRL	1.95946433246324	0.102474121216677	0.182211703217264	0.3848
ARHGAP11B	-0.782894424678738	0.102501126184716	0.182241971136364	1.0286
SLAMF8	-1.25817964008148	0.102512746698671	0.182244883019859	1.3654
LITAF	7.99504498242134	0.102559671056691	0.182310550614503	0.1445
SPATA9	-0.513321260611226	0.102622630221842	0.182404706195108	0.8472
GTF2B	4.34258300194518	0.102636279827315	0.182411207605866	0.1966
IL23A	1.39054427214373	0.102731200645156	0.182559894676634	0.4543
NIM1K	-1.54203851703552	0.10273994072676	0.182559894676634	1.5867
IL1RN	2.93135026381981	0.102835436832236	0.182694018568441	0.275
LOC728175	-1.16167555301032	0.10288630444221	0.182766602500436	1.2433
ZRANB2-AS2	-1.67441747610574	0.102907779282611	0.182769181689206	1.8146
LOC101928370	-1.67441747610574	0.102907779282611	0.182769181689206	1.8146
TANK	5.04639907042123	0.103064700735569	0.183012272797252	0.1784
IZUMO1	-1.16166850846394	0.103162904399301	0.1831688370661	1.2304
ALMS1-IT1	1.73567941362938	0.10325274779881	0.183310528427022	0.4568
SLC22A4	1.67213454759261	0.103401891886079	0.18355746190901	0.4286
CDKN2A-AS1	-0.482035889934482	0.103500873433516	0.183697447540566	0.8952
PAXIP1-AS2	1.09384602149637	0.103662306845869	0.183966080857216	0.4946
SMARCA2	5.26945748800885	0.103682742453451	0.183984462114133	0.1602
SNED1	0.160579608079917	0.103832785523114	0.184232805181258	0.7275
TADA1	3.25664199650701	0.104265023367039	0.18496378064218	0.2466
ACRC	-0.0147014311978808	0.104525045244723	0.185371014764684	1.0179
CACNA1G	-0.817466351535359	0.104801771292256	0.185843723818496	1.1303
AKR7A2	5.30804204462	0.104939446059403	0.186033649957318	0.1783
VTN	-1.26183189977146	0.105294089846076	0.186607989926217	1.3654
C9orf41-AS1	-0.896787080577852	0.105336054061922	0.18666424024019	0.9947
NDEL1	5.68563479831147	0.105407537931611	0.186772785837085	0.1577
LOC100128770	2.7080631880177	0.105631116096718	0.187096308864042	0.3022
VMAC	1.06986276083304	0.105644155257802	0.187101251298645	0.5293
LOC100506639	1.90428160774725	0.105672729875932	0.18713370420167	0.378
TRAF1	0.99546513883644	0.105754546580476	0.187224108065668	0.5735
IDH2	5.78415688954487	0.105916208840171	0.187473948864278	0.1583
LGALS3	6.23298281376238	0.106005274103122	0.187595219467486	0.1428
TIGD2	3.84900852105422	0.106016476329071	0.187596858763547	0.2195
NBN	6.85065617684756	0.106462756280401	0.188295299230285	0.1501
CTBP1-AS2	3.26627585764023	0.106568146457498	0.188445184204579	0.2624
NFX1	4.89250232300208	0.1069100102149	0.188976485910458	0.1659
ANKRD7	0.701166457814361	0.107293295581458	0.189580565634447	0.5881
HMG20A	5.43127252734702	0.10747387788971	0.189862890918767	0.1527
LINC01184	3.58576606493671	0.107702402525652	0.190211382461865	0.245
SNORD76	0.60767978265288	0.107769262864773	0.190297409463335	0.5958
PDGFB	5.06730731522997	0.107805576511805	0.19033835636359	0.1964
EPM2A	2.67155466335973	0.107883535698651	0.190439163383733	0.3053
MTRNR2L10	-1.20922184810441	0.108159050593437	0.190875517897307	1.424
ZNF582	1.67626630008581	0.108162096442137	0.190875517897307	0.4561
RNU6-8	1.19273386922137	0.108185661060355	0.190898649557109	0.5079
HERC6	2.77449056005555	0.108587144705319	0.191551542539405	0.2893
LOC441124	0.641922700608461	0.10867046562982	0.191661483966573	0.6817
TTC22	4.83974220989476	0.108835003273856	0.191933135603508	0.1858
AARS	7.56123602866794	0.108890784746926	0.192012959175107	0.1362
PTPN20	4.12302581554825	0.108922457627256	0.192050259459454	0.292
RNF103-CHMP3	-1.60867317155022	0.108975942603651	0.192126007549228	1.4436
OSER1	6.80636545904669	0.109050903528091	0.192239599730479	0.1454
ARRDC3	4.72456145880929	0.109100051576343	0.192289104226464	0.1797
LOC102723505	-1.25765299054264	0.109213387990745	0.192433125292832	1.3596
KIAA2026	4.30034074879396	0.109481693963411	0.192868648556985	0.1976
NUFIP2	7.67448847101964	0.109651578698733	0.193130653229529	0.1344
PIK3R4	5.65991420528489	0.109737405036828	0.193244532299829	0.1947
AGAP2-AS1	-0.393057227437495	0.109956747021454	0.19359343944678	0.8893
WDR88	0.199138089187635	0.110092135985883	0.193813118086623	0.7045
GABARAP	7.12742083071293	0.110104115602436	0.193815517735808	0.1354
MED25	4.81741913565469	0.110355275628335	0.194164023888866	0.1656
SPATA7	0.841469203895077	0.110918099470145	0.195079077449612	0.5421
TERF2IP	4.55021213921166	0.111100430466835	0.195362113138369	0.2197
UCHL1-AS1	-0.453610739729154	0.111227547992877	0.19556680305865	0.8052
TBK1	5.41753801510395	0.111439196071304	0.195863479684001	0.1623
STARD8	0.936009851666308	0.111615257777252	0.196116279690232	0.5441
SLC1A2	-1.36727094292401	0.111982757152291	0.196705206828849	1.494
PPM1E	-1.36727094292401	0.111982757152291	0.196705206828849	1.494
ZNF467	1.55155572605104	0.112036309264735	0.196780340767463	0.4262
BICD1	5.2120506045172	0.112130763560651	0.196908351246946	0.1548
INTS2	5.05674109144425	0.112417866703806	0.197393534148763	0.1703
ZNF154	0.808483567532905	0.112491247556322	0.197503386746319	0.5741
LOC399715	-1.67440917191159	0.112712120842689	0.197853122894627	1.7945
SLC11A2	5.05536875425169	0.112905493672732	0.19813541213971	0.1844
CD200R1L	-1.3131382338775	0.113331062137798	0.198805791331569	1.2547
NBPF14	3.96143119416935	0.113653076719132	0.199294070558494	0.2712
CENPBD1	3.95117952657708	0.114084948585151	0.199993741249329	0.213
ADAMTS13	1.53012649089451	0.114197460094247	0.200171755302983	0.4391
NXPH3	-1.67599170740366	0.114299604720998	0.200299361795327	1.8022
IGF2BP1	5.8846266552183	0.114313418012733	0.200299361795327	0.1506
LINC01322	-1.36674378935332	0.114314146064062	0.200299361795327	1.488
CCDC74B	0.182874687067877	0.114412046761354	0.200451662732753	0.6947
RBMXL1	4.24864677655479	0.114860287687789	0.20119836998928	0.202
DAPP1	3.29134095492178	0.114959613167154	0.201353036359931	0.244
SNORD77	-1.11155101765865	0.115217980075365	0.20176685316603	1.0584
FKBP5	4.90353287525667	0.11536348042931	0.201971482732137	0.1677
MAN1C1	-0.936600985992152	0.115566855839751	0.202280778543671	1.1328
KLHL30	-0.936085174638101	0.115879523408352	0.202750295125827	1.138
PTMS	8.38496337899305	0.115986561944385	0.202918128879415	0.2114
API5	7.71212509175098	0.116171438784345	0.203197856994499	0.1302
SBSPON	-1.02522456010893	0.116308862091625	0.203384785455021	1.2261
KIAA0586	4.92342052381566	0.116309003075724	0.203384785455021	0.1618
NCKAP5L	3.67011952528431	0.116450451161737	0.203603551671289	0.2459
CD99L2	4.79408400436663	0.116565875405852	0.203736392667232	0.2036
NBPF18P	-0.574113128856882	0.116977321435309	0.204377259079625	0.9463
RNF185	4.72575948686962	0.116994424821389	0.204387580817155	0.1785
KCNJ11	-1.74417259050007	0.117007443237717	0.204390764878744	1.6954
RNF44	5.40461583459627	0.117066877182128	0.204465311827463	0.1601
EVC2	0.955011277120216	0.117252757456304	0.204682189722919	0.5182
ARHGAP5-AS1	0.562697630821311	0.117283269217809	0.204715877506484	0.5816
TRMT10A	3.66101693131096	0.117473148532802	0.204988510764178	0.281
IGFL1	-0.669116664403393	0.11788204917346	0.205603772782143	1.2416
FAM167B	-1.02003491085065	0.117990321974581	0.205753301935996	1.2407
LOC101927948	-1.42596199313822	0.118131880256858	0.205960806605788	2.1622
GSTM3	5.63877419852459	0.118497891859299	0.206502235927392	0.184
GAS7	-1.89731392751979	0.11864555834446	0.206737931959192	2.0302
SLMO1	3.565444045911	0.118901483686693	0.207164104426825	0.2211
C1orf116	5.81512885996406	0.11897836288626	0.207278270145201	0.1428
AP4S1	1.73047004729551	0.119180201372521	0.20759028301276	0.3934
LOC153910	-1.89679028053683	0.119452965609271	0.208045539034807	2.0354
LOC400655	4.51076491522764	0.11954250095369	0.20818161761047	0.1929
SCX	2.06005343467162	0.119633660418009	0.208300629908552	0.357
NPTXR	4.57334161026166	0.119843711517338	0.208626565982695	0.2055
UBE2L6	5.73578154104447	0.119963465390101	0.208795216337276	0.1538
DNAJA4	-0.314372079260022	0.120099498532657	0.208992130894308	0.7986
FAM222B	4.18395567515255	0.120241971120198	0.209200173903586	0.2014
KLF15	-0.39579706728879	0.120297740312552	0.209257317498424	0.7713
LOC100289495	-0.642859876422262	0.120359103227177	0.209310328058889	0.9178
LINC00441	-1.89784612030216	0.120374076155252	0.209310328058889	2.0354
KCNMB2	-1.89784612030216	0.120374076155252	0.209310328058889	2.0354
DPH6-AS1	0.459544220190895	0.120586278702306	0.209619415729318	0.6904
PPIG	6.48196461807964	0.120707019744892	0.209769381481462	0.1464
NUDT21	8.03375619786132	0.120736704199741	0.209800996751425	0.1498
AGPS	7.70884362268128	0.120804644551096	0.20989907594221	0.142
NECAP2	5.49116172420344	0.120834831607205	0.209931546043123	0.1574
ARHGEF18	6.38386649408815	0.121165841303759	0.210417430151336	0.1631
LINC00909	3.13983336147724	0.121239507831082	0.210514405075541	0.2634
MRPS9	5.55471201475056	0.121309056612906	0.210604833480263	0.1913
CFAP44-AS1	-1.89732265902911	0.121314659776426	0.210604833480263	2.0419
PIGP	3.50794312665339	0.121410759667448	0.210751623893594	0.2373
ZNF23	3.68268908663737	0.121435693948772	0.210774864872483	0.2165
ACSL3	9.10880282940199	0.121809439228058	0.211282957011632	0.1307
FBXO46	4.29117305975267	0.121929056648654	0.211450257260172	0.1926
KHDRBS1	7.87614300564909	0.122031276453572	0.211607426190769	0.1287
ACSBG2	-0.858405529086723	0.122499623326413	0.21233888373025	1.0532
HDAC6	3.88911871888151	0.122883655645165	0.212923691862009	0.2062
ATL1	1.97125702089866	0.122898336878638	0.212928920760787	0.3629
ASIC1	2.4108618529046	0.122990857045862	0.213048779412587	0.3123
SGSM1	-1.81963106178375	0.123074410909561	0.213173287055497	1.5183
ZNF599	1.8509557491569	0.123547445535087	0.213911434530402	0.3729
NUDT16P1	4.02124156008524	0.123572586802366	0.213934674695494	0.1993
DMGDH	-1.36779031931612	0.123747871719257	0.214177203840231	1.4829
LOC100289230	0.715985714281904	0.123791918984367	0.214233128540962	0.5622
MAGEA2	1.30928940965531	0.123920377231158	0.214402998428176	0.9674
GPC2	0.978046307998036	0.123925308907434	0.214402998428176	0.4901
LOC284825	1.69763108352224	0.124070052630208	0.214633078822807	0.4561
ZNF426	3.87254146643371	0.124309184840964	0.215026386058049	0.225
RGMB	4.00151134574279	0.124617206427777	0.215506353221336	0.2037
TSL	-1.54151676743294	0.124622073343429	0.215506353221336	1.6122
PPM1N	1.37791616076824	0.124784753431542	0.215747328452088	0.5275
COX8A	6.84819222252767	0.124785059220289	0.215747328452088	0.23
LGMN	5.18496528261366	0.124850901276076	0.215820287254619	0.1533
DERA	6.05326169098223	0.12486587949981	0.215825742865795	0.1373
UGDH-AS1	1.55136897954791	0.124992175348256	0.216003138314819	0.4508
ZNF286B	1.52440572859427	0.125208189788009	0.216355959561751	0.4006
KTN1-AS1	0.988521481367114	0.125567452460636	0.216915160117465	0.6369
ZNF888	3.80715422509441	0.125756908009768	0.217201335158592	0.2116
C9orf173	-1.897305195989	0.125865310710642	0.217326880954646	2.0121
LOC105370941	1.20185574824069	0.126057510937591	0.217617581056894	0.4783
TRIM13	3.97537181501038	0.126078321757808	0.217632927572857	0.2269
GAREM	2.61070623785099	0.126193414581032	0.217811002797704	0.2942
STAG3L1	2.13386442704658	0.126235940788965	0.217863805543897	0.3692
FAM134C	4.91217013264801	0.126666788941142	0.218520864053045	0.2138
ODF3L1	-1.48200664551511	0.126703329559334	0.218520864053045	1.3336
SPDYE3	1.81017694695111	0.126712416020242	0.218520864053045	0.3652
SERP2	-1.82067659779941	0.126731783819612	0.218533620989028	1.5044
LINC01125	0.101208915376604	0.126952319382576	0.218893232210834	0.7011
ZNF774	0.876416574931356	0.127087115081784	0.219104955419119	0.4977
SCARB1	5.6543173314445	0.12736375747	0.219498985780451	0.1421
SAT2	4.03929169096632	0.12779262208597	0.220196518055825	0.2057
FAM193A	4.83816055328554	0.128095390772041	0.220655732584864	0.1796
NCF1	-1.25713348960535	0.12893777007607	0.221960200896627	1.3724
SLC36A1	4.71980002727507	0.12934529579663	0.222535832632484	0.1678
TLK1	6.73289258498726	0.129892610811352	0.223393264528689	0.1362
CNIH1	6.18685484757826	0.129954870913561	0.22347928818745	0.179
ABHD1	-1.31156589204928	0.130005969578087	0.223546103477212	1.2497
KCNT2	-1.20941815092567	0.130111504947867	0.22370650163197	1.1374
HCG11	5.00365706571866	0.130272266216625	0.223954797439243	0.1916
TMEM17	3.20194309163008	0.130726278047809	0.224594290611782	0.2381
PRKG1	-0.367386704772821	0.130853138057703	0.22479108764293	0.8199
ETV3	4.76956012914799	0.130987832345223	0.22498013616468	0.1636
UBXN6	5.24609647295227	0.131044604556753	0.225035302491589	0.1553
SMG7-AS1	0.455772436877921	0.131167383510208	0.225182598585891	0.5916
RRN3P1	1.67413916678824	0.131510323232345	0.225363036158597	0.3937
CRTC3	3.87406652919416	0.131746280146205	0.225363036158597	0.203
HCAR3	-1.97860808010246	0.131872759169924	0.225363036158597	1.8673
LOC105376714	-1.97860808010246	0.131872759169924	0.225363036158597	1.8673
WNT8B	-2.48170540705049	0.131914406463123	0.225363036158597	4.1816
MRVI1-AS1	-2.48170540705049	0.131914406463123	0.225363036158597	4.1816
IGF1	-2.48170540705049	0.131914406463123	0.225363036158597	4.1816
LOC105371430	-2.48170540705049	0.131914406463123	0.225363036158597	4.1816
LOC101928639	-2.48170540705049	0.131914406463123	0.225363036158597	4.1816
TRPM2-AS	-2.48170540705049	0.131914406463123	0.225363036158597	4.1816
SNORA2B	-2.48223205705118	0.131914406463123	0.225363036158597	4.173
LOC101928386	-2.48223205705118	0.131914406463123	0.225363036158597	4.173
GLRA3	-2.48223205705118	0.131914406463123	0.225363036158597	4.173
LINC01554	-2.48223205705118	0.131914406463123	0.225363036158597	4.173
LOC101927314	-2.48223205705118	0.131914406463123	0.225363036158597	4.173
EVX1	-2.48223205705118	0.131914406463123	0.225363036158597	4.173
LRCH2	-2.48223205705118	0.131914406463123	0.225363036158597	4.173
HIST2H3D	-2.4827585192512	0.131914406463123	0.225363036158597	4.1643
XCL1	-2.4827585192512	0.131914406463123	0.225363036158597	4.1643
LOC101927901	-2.4827585192512	0.131914406463123	0.225363036158597	4.1643
TRD-GTC2-8	-2.4827585192512	0.131914406463123	0.225363036158597	4.1643
MLLT6	-2.4827585192512	0.131914406463123	0.225363036158597	4.1643
PCDHGB6	-2.4827585192512	0.131914406463123	0.225363036158597	4.1643
MAFA	-2.4827585192512	0.131914406463123	0.225363036158597	4.1643
KRTAP4-1	-2.48328479378128	0.131914406463123	0.225363036158597	4.1557
SULT1C4	-2.48328479378128	0.131914406463123	0.225363036158597	4.1557
CPEB2-AS1	-2.48328479378128	0.131914406463123	0.225363036158597	4.1557
HHIP	-0.895247631473463	0.132231302571765	0.225841019716544	1.0281
LINC00622	-1.60709217532193	0.132503374353138	0.226221042007938	1.4357
PATE2	-1.60709217532193	0.132503374353138	0.226221042007938	1.4357
LRRN3	-1.60709217532193	0.132503374353138	0.226221042007938	1.4357
TMEM254-AS1	2.10648474652866	0.132764104359353	0.226644986832276	0.3268
RNF122	-0.21108428256737	0.133070091345034	0.227076289063209	0.7473
KAT6A	5.57657913623872	0.133243626315937	0.227336041310631	0.1456
UBE2B	5.58496971016259	0.133414949874043	0.227522029416209	0.1893
USP14	7.77972248541957	0.133659883287838	0.227893163638507	0.1325
CDNF	-0.575129629557615	0.133670026086828	0.227893163638507	0.8892
CYP4A22	-2.16085565575123	0.133732527097293	0.227957144228588	2.4712
RSPH4A	0.381164492556988	0.133752079431456	0.227969187013412	0.6486
ZNF205-AS1	-2.16033069837117	0.1337873562638	0.22798674283132	2.4774
SPINK2	-2.16033069837117	0.1337873562638	0.22798674283132	2.4774
FDX1L	4.26083574976641	0.133880342507777	0.2281031038813	0.1768
GOLGA2P6	-2.16032153215566	0.13388062872963	0.2281031038813	2.4651
ZBTB45	2.89194852090415	0.133978238582766	0.228248107835664	0.2515
SF3B2	8.14705625726804	0.134004806094784	0.228250768806343	0.1682
PMP22	2.23354374043581	0.134408100607595	0.228745621766781	0.3503
SIKE1	6.07970894471814	0.134819753696237	0.229360676868745	0.1495
FMR1-AS1	-0.512802202221773	0.135059341494127	0.229625092081652	0.8348
FAM87B	-1.4211185452355	0.135074998591324	0.229625092081652	1.3871
TSPAN32	-1.89836067100221	0.135267920291311	0.229887465354512	2.0026
PDZD7	-0.573065630616297	0.135325364643153	0.229942280056348	0.8711
FKBP14	5.3326493685337	0.135455500622901	0.230077746499041	0.1673
TRIM45	2.97334786615601	0.135546767821832	0.23021134927485	0.2756
FAM114A1	5.88445866883744	0.135823250021001	0.230617338190548	0.1527
MLLT3	4.33145620081832	0.135823708382164	0.230617338190548	0.2038
VPS36	5.35547998252458	0.135974535655979	0.23080903049145	0.1569
GFM2	5.66069314974527	0.136100321440554	0.230979591728062	0.1414
LOC389247	0.0826411952988571	0.136318160662714	0.231256683773049	0.6695
AGBL2	2.21451783088298	0.136678076503983	0.231809268362756	0.3738
CENPQ	4.62477771858265	0.136717451047136	0.231854508714958	0.1993
TMEM194A	6.00544972906629	0.137079343720458	0.232317164775407	0.1323
ARHGEF7	5.58710207935676	0.137202698865424	0.232461482179785	0.1481
VWCE	-1.97807464343827	0.137636451207295	0.233131476455779	1.8579
OSCAR	-1.97807464343827	0.137636451207295	0.233131476455779	1.8579
TSKU	6.19949000248826	0.137668062462467	0.233163386985323	0.161
PIK3CD-AS2	1.02174541611189	0.13801504697249	0.233695658894884	0.4727
FMO5	-0.134305859331704	0.138184147163694	0.233928949426966	0.7654
TGFBR3	1.64981493620368	0.138215869418578	0.233960956152578	0.5037
MED21	6.07461162298831	0.138268757769029	0.23400708647737	0.146
PMS2	4.99830279886311	0.138384065861913	0.234105109922956	0.1643
IL1R1	3.63676787590484	0.13844525817844	0.234164084251765	0.212
TSTD3	1.53980052177327	0.138467931155718	0.234164084251765	0.4317
LINC00032	-2.15980555533708	0.138471345076506	0.234164084251765	2.4896
SLC6A4	-2.1592710553182	0.138685290410614	0.234451214162068	2.4805
PPP1R10	-2.1592710553182	0.138685290410614	0.234451214162068	2.4805
SNX27	5.25212212283787	0.138718335806738	0.234470603634163	0.1628
DNAJC22	2.33642099184187	0.138825125563376	0.234622430317071	0.3041
USP37	4.7841547714504	0.138975983843365	0.234833909759762	0.1567
CRY2	2.82895749676583	0.13937716885419	0.235490013382887	0.2718
LOC105377774	-0.744077727524384	0.139411288313815	0.235525863358968	0.8829
AP2A1	5.5952220184115	0.139631942908768	0.235853961736082	0.1665
ZSCAN21	1.34932950105882	0.139784410761149	0.236047007941499	0.4649
RSPRY1	5.06123900387979	0.14009876867548	0.236490348676798	0.1581
MTMR4	5.44018593123646	0.14027348145117	0.236763376236369	0.148
MTMR12	6.20264608617951	0.140388986697437	0.236848844020739	0.1309
LOC100506207	0.182561841008959	0.140412657392132	0.236854576958285	0.7293
LOC102724474	-0.514979523912667	0.140504681614777	0.236978332183977	1.0766
NAGLU	3.3915910016861	0.140667871479971	0.237231654664051	0.2816
TROVE2	4.82799187522366	0.140811630625376	0.237409841626143	0.1805
RHD	-0.0662752484506123	0.140812541911036	0.237409841626143	0.7653
UTS2B	-1.60657025334042	0.140971706781765	0.23763430092409	1.4442
FAM106B	-1.26045913891561	0.141648386444959	0.238620738482898	1.0512
TMEM254	4.73475617347928	0.141994043492418	0.239173500324718	0.1645
ZFAND5	7.51277287048884	0.142199402669223	0.239470702284912	0.142
CDKL2	-0.937310623422566	0.142233571573312	0.239496041564506	0.9149
UBOX5	2.62261574915268	0.142360957225711	0.239666325628236	0.3217
RALGAPA1	4.38740712741578	0.142404993168844	0.239707928137691	0.1696
CHAD	0.756527582854386	0.142661921919985	0.240062314182988	0.5267
RNASEL	3.66835455837579	0.142701262120072	0.240106381683322	0.2029
LOC100130357	-0.0672709018477391	0.142734167995819	0.240128713769838	0.691
MTMR10	0.339469659884557	0.14306455454583	0.240628939357718	0.6038
TAF4	2.88224027645773	0.143146779504049	0.240745058187555	0.3198
ZNF581	3.46953445286581	0.143186299334345	0.240789340516562	0.2219
SH3BGR	2.08801153950218	0.143263578363591	0.240897106622981	0.37
ERI2	4.29179039703183	0.143343449517483	0.241009211124624	0.1906
RHOT1	5.2208888729198	0.143504271064356	0.241168551279655	0.1447
RIMKLA	-0.0886820662158342	0.143527611219877	0.241185573493195	0.7402
RBM41	5.75572408683214	0.143918385108628	0.241753224010223	0.1639
ACSF2	5.3343288840712	0.144632055276264	0.24275101600841	0.1492
C10orf32	3.27499325071389	0.144698003425296	0.24281705584449	0.2211
C1QTNF3-AMACR	-2.25922103402546	0.144881635560955	0.243080520062567	2.2511
CTNS	3.71868672360008	0.144897675583067	0.243085091476243	0.2176
ACADM	5.6621098005897	0.145103353104784	0.243385411087921	0.1697
FAAHP1	0.124487812702378	0.145123458068304	0.243396770830957	0.7215
TTC21B-AS1	-2.25868584555116	0.145214836259115	0.243482921633578	2.2379
EIF1AX-AS1	-2.25868584555116	0.145214836259115	0.243482921633578	2.2379
LINC01134	0.440605890159616	0.145468603611652	0.243841229229118	0.5478
VCPKMT	3.31918436236917	0.14569125211703	0.244124781886048	0.2698
CIRBP	5.57658384355164	0.145713066685265	0.244138926707617	0.1399
SEC62	7.78297442206436	0.146255204704051	0.244934869927268	0.1447
TSPAN12	3.21509123584758	0.146524227079304	0.245362895758556	0.2563
ALOX12	2.74948997164127	0.146699062078016	0.245610608702885	0.2639
MAMDC2	1.52804872000042	0.146960702568534	0.246026096844672	0.4582
BAG6	0.277329140182989	0.147266589787365	0.246479937674867	0.8006
KIF21A	5.46666148057386	0.147326748163032	0.246548456729702	0.1389
SLC26A1	1.8661341807691	0.147427566784822	0.246671951170718	0.3409
LOC644070	-1.31416817032323	0.147497659142122	0.246766611555955	1.215
VAMP7	3.26696005897007	0.14754647733717	0.246825665744285	0.406
MLXIP	6.57663198474309	0.147742151905273	0.247085079258214	0.137
SPOP	5.39381888657959	0.147846380161647	0.247236742349641	0.1437
AQR	6.34277860453762	0.147861251549943	0.247238963939894	0.1336
ETNK1	6.19939200331577	0.148076323761422	0.247575910485256	0.1737
NUDT22	4.8558452197149	0.148097044482289	0.247580427628869	0.185
C15orf26	-0.670838178357011	0.148106148670842	0.247580427628869	1.0129
TGIF1	6.70100855169574	0.148193689536524	0.247695286254006	0.1446
CACNB1	2.93357198480333	0.148201994508792	0.247695286254006	0.2994
ADAMTSL5	2.14474713642594	0.148762520301615	0.248563845014303	0.3236
TTC7A	6.15151185521598	0.149008170832138	0.248883180851923	0.1266
AIP	5.69183765669151	0.14924912067733	0.249262825641326	0.1336
CHD4	8.9408805239845	0.149284639492452	0.249276898735323	0.1313
ADPRM	1.73763625731681	0.149356279207175	0.249373352222991	0.3816
ZMYM5	3.10512970292422	0.149727556905598	0.249905918364376	0.2398
ORMDL1	4.67235874187383	0.149730003016517	0.249905918364376	0.1714
ABCC10	3.37802898521479	0.149900877756458	0.250165493500715	0.2194
ACOT6	-1.16029783485834	0.150081765723474	0.25040145449166	0.9564
LINC00526	0.638537538735145	0.150241820513329	0.250622685973258	0.6658
FBXO9	4.82922581566306	0.15034629118228	0.250745536730942	0.166
ARHGAP30	-0.981428472791119	0.150987192246543	0.251728053118985	1.0795
CDC42BPG	5.29714806116286	0.151029945223832	0.251734223829442	0.1443
C17orf80	4.78527184665492	0.151032260824051	0.251734223829442	0.1509
TIGD4	0.518157418973323	0.151108596238084	0.251838463841744	0.517
SLCO2A1	0.718706107794826	0.151268404787877	0.252058780376732	0.5133
B4GALNT3	1.83003529780013	0.151324809005565	0.25211277329959	0.3558
LOC103091866	0.629495134650544	0.151328427356316	0.25211277329959	0.5765
CCDC64	3.45335279790017	0.151571316104748	0.252458423700577	0.2114
UBXN2A	4.97169765226025	0.151745396867806	0.252646052459523	0.1626
LOC101928569	-1.20921466386781	0.151814490295327	0.252713141205869	1.3642
PCBP3	-1.54464456073799	0.152210897906679	0.253200482485586	1.539
ANKRD11	7.59391014862218	0.152397549623273	0.25345446532955	0.1451
C12orf76	2.47309461845572	0.152578949693934	0.253733039316129	0.2976
ZDHHC24	3.50499132462928	0.152945089557954	0.254272430103816	0.2119
SLC25A5-AS1	1.49842184701786	0.15311085436347	0.254478492103014	0.4206
MEF2A	5.4906266549947	0.153187926473512	0.254583412444282	0.1436
CRMP1	1.98241191316692	0.153220666582545	0.254591470750063	0.3213
RBBP4	6.74131524789891	0.153331470352797	0.254724749350693	0.1701
ADH5	6.80910504358517	0.153342736380593	0.254724749350693	0.1283
CNOT1	8.07001829091748	0.153706154829026	0.255281983493331	0.13
AEBP1	-0.93887542812561	0.153816348018046	0.25544175833871	0.9291
C18orf54	4.17691161531034	0.15383874254773	0.255455710746894	0.1754
CACNA2D4	-1.11310334342854	0.153952543335381	0.255621430753134	1.0447
CDHR2	-0.341229261032471	0.15417008093632	0.255936073253929	0.7605
MDM1	4.07582802591958	0.154193573973333	0.255951799095941	0.1928
CLCN6	3.32250732541972	0.154402965674668	0.256252776486976	0.2272
ACBD4	2.6135682730096	0.154420972863545	0.256259365566483	0.2716
CBX3P2	1.02629778003217	0.154596529904637	0.25650410743598	0.5478
PHKA2	4.97350541543525	0.154652916595217	0.256525972746357	0.1557
MLXIPL	2.47099690867509	0.154665938980015	0.256525972746357	0.2856
ZNF830	4.30136644519844	0.154876236361441	0.256828101645423	0.2132
TMX3	5.88513261690571	0.155028113812258	0.257009920609933	0.1467
YIPF3	5.66858729769776	0.155256164535762	0.257364618157166	0.1335
PHF6	6.92154324313427	0.155280039921643	0.257380825205149	0.1469
FAM8A1	4.75772788410609	0.155382198609827	0.257526774200726	0.1535
PLXNC1	1.85822845868587	0.155763501733153	0.258135302073388	0.3402
JADE3	4.20274291162225	0.155987263452226	0.258482661485327	0.173
FAM151B	-0.110135937883512	0.156064762563058	0.258564144237334	0.7
ZBTB14	4.55221247079369	0.156234099311941	0.258821208442723	0.1979
PLAC1	0.483965234122583	0.156262938088199	0.25884549475893	0.5929
CBWD2	4.59929435876616	0.156282592983617	0.258854565188615	0.1784
MIER3	4.76007708791596	0.156459617347898	0.25912426510961	0.1863
SYN3	-1.4232161550556	0.156633683265048	0.25938901684386	1.3871
SNX12	6.23994983160362	0.156706674511873	0.25947260660371	0.1312
MIR548AR	-1.36694131287826	0.156831592601041	0.25956821571177	1.1377
LINC00456	-1.48408013436324	0.156841421314446	0.25956821571177	1.2483
TRAPPC13	4.65035706974129	0.157051092918977	0.25982147209072	0.1858
ZXDB	3.68769640951435	0.157051377329157	0.25982147209072	0.2103
HSD17B4	6.6653538036595	0.15707819291306	0.25984228795042	0.1304
SEC23B	6.66059253852386	0.157518297058915	0.260475908614814	0.1253
SNORD103B	-1.74521815573015	0.157672271497298	0.260659692878264	1.6726
LOC100507006	-1.74521815573015	0.157672271497298	0.260659692878264	1.6726
SLC35A5	5.55769119322636	0.157700742690539	0.260683154523586	0.1335
HS1BP3	3.13101880660751	0.157744092584446	0.260731204547003	0.2456
ESPNL	0.887503895368419	0.15803716021958	0.261168316915783	0.5068
TMEM121	-0.547114163785655	0.158488380037137	0.261781974012537	0.9395
LOC100505549	-0.858084427441106	0.158494531045167	0.261781974012537	0.8655
KCTD16	-0.858084427441106	0.158494531045167	0.261781974012537	0.8655
DDX42	7.36693173814725	0.158583012489252	0.261904421567196	0.1208
CMTR1	5.16074979832743	0.158666713795706	0.261971558926871	0.1738
LOC105379282	-0.283128858417807	0.158704106687191	0.262009601345755	0.7682
FRS3	1.29783870338632	0.158815878617301	0.2621704204754	0.4102
POLR3C	4.49348780301895	0.158886144466787	0.262262699221127	0.1612
FAM20B	7.53315846947247	0.159054522778648	0.262516894299521	0.117
SCAF4	5.45613767806449	0.159136712024483	0.262605063248572	0.1331
GLTSCR2	7.13966029525745	0.159295938725291	0.262796553169068	0.1342
PMS2P4	2.11295744947788	0.159570861020923	0.263202533321104	0.3206
DNAAF2	4.47072870786492	0.159667258693003	0.263290170237509	0.1707
CSAD	3.56788579390664	0.159711224642571	0.263338883406319	0.216
RBBP5	4.99181185199727	0.159779817978551	0.263428190826012	0.1576
FOXJ2	5.84148815406826	0.159894243483731	0.263593038562308	0.1407
CIART	3.24750867876922	0.16032484794146	0.264255184544898	0.2344
RPRML	-2.1619050140582	0.160444777372602	0.264428983995144	2.4302
CD22	3.28829790331301	0.160755554235347	0.26491725926345	0.2374
CLN5	3.65118944358589	0.160998363443921	0.265245566558273	0.197
OXCT1-AS1	-2.16137126637196	0.161113484359976	0.265374646785843	2.4055
NIPAL4	-2.16137126637196	0.161113484359976	0.265374646785843	2.4055
LOC105372824	-1.11416498804819	0.161244933605185	0.2655319779809	1.1065
F10	-1.42320841598028	0.161379989533722	0.265706447414108	1.3779
LOC340017	-1.42320841598028	0.161379989533722	0.265706447414108	1.3779
SMPDL3A	1.5549180897349	0.161503428817903	0.265885706240386	0.373
PHAX	5.58058870979924	0.161519539345576	0.265888251604403	0.1333
TRIM21	2.91923880631148	0.161616256299607	0.266023476242505	0.2875
MARVELD3	4.81374229095016	0.161634716847324	0.266029876556505	0.1567
DGCR2	5.38073975034923	0.161666174529999	0.266057665394362	0.1432
WRN	4.70334590421638	0.161856591872262	0.266323023093287	0.1617
PRR36	2.68691981044604	0.1625189914297	0.267340665664139	0.2946
ZCCHC7	3.89201472083057	0.162778002707445	0.26768176041063	0.1831
LOC101927124	-0.856534891004463	0.162784841538313	0.26768176041063	0.8699
TOM1	4.37518030914746	0.162793986016521	0.26768176041063	0.1747
LOC400043	-1.3674684003941	0.162970652002243	0.267938780885533	1.1435
LOC102724450	-1.31470151128373	0.163037258880417	0.268024151113992	1.256
LOC101928891	0.179711568328655	0.163314486719101	0.268407388327683	0.6503
TARBP1	6.05510328746445	0.163572072888351	0.268758146219939	0.1616
ZNF670	2.4415550960162	0.163641451592322	0.268847942788826	0.2996
VSTM2L	-0.207535907421607	0.163980336350189	0.269356219219818	0.7357
DISC1	-1.6741031468651	0.164013210842151	0.269385980848791	1.3989
GGN	-0.0642469657229008	0.164065435387249	0.269447516051602	0.6849
LOC101929412	-1.26024783998715	0.164248286025026	0.269723550388852	1.3097
CHD8	6.14776316774824	0.164608003544472	0.270289954371999	0.1277
LOC100147773	-0.819721439501309	0.16493587463571	0.27080396864372	0.9322
SRPK3	-0.0901891030006973	0.164957315841516	0.270814816367151	0.7229
ANKRD44	1.11751900692852	0.165064310875492	0.270893029426733	0.4436
RDH10-AS1	-0.711348014413111	0.165083648589663	0.2708971706529	0.8026
ZNF500	2.8689186126968	0.165175848065742	0.270954289000646	0.2473
AP2B1	7.84895309283755	0.165601118320619	0.271578693501727	0.1426
LOC400684	-0.336131057556287	0.165778138083718	0.271820162462399	0.7371
GOLPH3	7.95064438672536	0.166079548886059	0.272265467354875	0.129
ZSWIM6	4.80102927592964	0.166474465902375	0.272842351384669	0.176
AFG3L2	6.77370225710643	0.166494749839992	0.272842351384669	0.1221
BANF1	8.22476869983738	0.166506169849726	0.272842351384669	0.1234
ZNF597	2.2541276641374	0.166823898839857	0.273289402119565	0.3168
ZBTB26	3.16468917045003	0.166852577389056	0.273311857587673	0.2552
ATF7IP	6.70465217818523	0.167555966075867	0.274345277207502	0.1197
CLIP1-AS1	-0.606390758209376	0.167558602150726	0.274345277207502	0.8012
SMIM1	-0.138842753891398	0.167842147468272	0.27476024427733	0.744
KCTD4	-1.74573222180479	0.168192977152461	0.275235836401518	1.6504
LOC105372412	-1.74573222180479	0.168192977152461	0.275235836401518	1.6504
LYPLAL1-AS1	-1.42425614208919	0.169034654067709	0.27651174769568	1.3745
LOC100506125	-1.42425614208919	0.169034654067709	0.27651174769568	1.3745
COIL	5.2024552635462	0.169048401404003	0.27651174769568	0.144
CBFA2T3	-0.312016518488722	0.169516326233205	0.277232720776783	0.6755
STX17-AS1	0.0431520906037471	0.169519547657276	0.277232720776783	0.5892
MYOT	1.29693450910638	0.169546068115495	0.277251255778974	0.4146
KIF4B	0.64382114977881	0.169692756532602	0.277466275258323	0.5108
LOC283038	-1.21099324437552	0.169851647588772	0.277701207091225	1.1663
RELT	3.69476689030015	0.170286420310911	0.278362185637176	0.1957
GDF11	4.62788685254638	0.170320893370482	0.278393609935671	0.16
PECR	3.19385048580547	0.170361099797525	0.278434399096117	0.2265
MGAT5B	4.19021367180224	0.170395724350607	0.278445587395461	0.1868
C21orf2	3.60161122311837	0.170627535205516	0.278794977419842	0.1976
DIDO1	6.86133634153648	0.170771562570554	0.278980371032486	0.1151
GUSBP9	0.519131387024528	0.170794485756736	0.27899285361265	0.5088
MAP4K1	-0.0888654812557497	0.171164195457587	0.279490805716484	0.6419
LOC100506083	0.705331562596033	0.171440453280338	0.279897774556059	0.5343
LRP12	5.38891115213228	0.171600005427456	0.280108163365848	0.1429
ADRB1	-0.542687110599546	0.172346579043091	0.28117597381686	0.7756
AP3S2	-0.641305289946236	0.172488405565708	0.281382211777998	0.8863
SRCIN1	-1.3672557471482	0.172594720788448	0.28153048809095	1.4092
Mar-08	2.11743259154778	0.172855457877455	0.281855058861273	0.3944
IL32	-0.158219196273011	0.173148733502219	0.282308053837324	0.6188
CARD6	4.73830140775216	0.173179762236259	0.282333429128876	0.1576
ANGPT1	3.79832291877893	0.173252188601517	0.282426284052977	0.1972
ARL14EPL	-1.16082954188815	0.174034478680336	0.283609926445275	0.9821
PIK3R2	5.82880187581944	0.174065549930183	0.283625551546361	0.1243
LOC155060	1.52602103222024	0.17409653478721	0.283650721916582	0.3677
TTC30B	3.0371012408266	0.174267672120693	0.283853553018859	0.2426
LSMEM1	1.42549141478593	0.174404467004243	0.284051025928224	0.3683
C5orf45	2.11611145981925	0.174608603728857	0.284358132887958	0.347
REEP2	-0.511904372353049	0.174657729348337	0.28441276487229	1.0352
ARMCX5	2.85300134426618	0.17483920759596	0.284682890998202	0.2455
GLUD1P3	1.26925392107948	0.175172077753624	0.285148591303625	0.4283
CCDC28B	0.925913688462946	0.175296959890867	0.285326435428644	0.4577
TNIP1	6.5028709917871	0.17548940658415	0.285563294999577	0.1193
LOC102723828	2.14704676567378	0.17551446017356	0.285578608282399	0.3465
ZC3H12B	0.102026328447954	0.176007706978564	0.286304615397012	0.6197
SPTBN5	2.06838079646078	0.176335003583569	0.286811459855812	0.3054
LINC01057	1.11145946551094	0.176461661897521	0.286966337039119	0.4315
VCL	8.26738517031259	0.17651998198952	0.287035609797868	0.1136
ALDH2	5.00191398880593	0.176780741987743	0.287408426906069	0.1827
TBC1D20	5.58339935846273	0.176859181724713	0.287510349204485	0.1502
SPANXD	0.10352608420009	0.177013973128899	0.287736363052371	0.6105
SYT8	1.99121240759384	0.177071018543736	0.28780346461311	0.312
VPS37A	4.70574731412528	0.177211991379658	0.287981316950956	0.152
HIBCH	4.27113554213135	0.177276058583891	0.288059788652204	0.1623
LINC00894	2.15613545363283	0.177309561766719	0.28808858665123	0.3182
KLHL31	1.49866687074894	0.177327556624466	0.288092184189397	0.3636
FBXO6	1.46759543857747	0.177399739868146	0.288183809488598	0.4243
BHMT2	-1.42236579041397	0.177948279060166	0.288986178236338	1.0384
AGAP11	0.549938821619382	0.177956979389402	0.288986178236338	0.4988
LTBP4	4.92585786244778	0.178213014153171	0.289324747566056	0.1598
SEC22A	4.17176103564068	0.178241476441484	0.289345224427861	0.1757
CST7	-1.48041220321316	0.178384955187973	0.289552391029753	1.2596
ARHGEF6	-1.74520126531353	0.178764298586508	0.290116546803741	1.6303
ARSB	3.90552866631035	0.178896186634466	0.290304780728783	0.2143
ABHD11-AS1	-0.783086625639824	0.178950127121577	0.290366502598126	0.8755
FSIP1	0.703714509210847	0.179190583551365	0.290730829480422	0.4772
SETDB2	3.34500391224617	0.17927139697753	0.290836099104398	0.2014
RCN3	-0.543207259186104	0.179325883771421	0.290898643516178	0.7873
TTC23L	0.390793428297858	0.179684570516823	0.291376933678729	0.5395
CWC15	6.21047576957926	0.180043851584223	0.291933613511109	0.1268
GRIPAP1	4.32259761007935	0.180108846174668	0.291993355601787	0.1746
YY1	5.72102795771414	0.180301934928664	0.292196371421011	0.1374
QSER1	7.54195746622784	0.180481856595215	0.292358187577839	0.1142
LOC100130691	2.22992224540724	0.181148500182304	0.293283202959804	0.2849
LRP11	5.53616802724464	0.181149287717723	0.293283202959804	0.1364
AGBL3	2.15526960136204	0.181335078182798	0.293479892491592	0.3802
EPOR	1.52862916355901	0.181414847034802	0.293535687069269	0.4012
LOC642361	1.57202122529927	0.181664401011024	0.293856574947479	0.4003
CPEB3	0.70419737112041	0.181732024089826	0.29393991599042	0.4799
LOC100506804	-0.138024628845053	0.182138106782558	0.294549034655	0.669
HTRA3	4.07102655639429	0.182140888048877	0.294549034655	0.1908
ITGA7	0.324478013359376	0.182205575423637	0.294627545166866	0.5456
LOC105375620	0.101846326965113	0.182262621691707	0.294693687149393	0.5381
EFCAB6	0.2157982431525	0.182584628093816	0.295109780476379	0.5851
HDX	0.633019306525459	0.182743723574786	0.295314633759519	0.4749
MIR612	0.0473326479713273	0.183287270876744	0.296088170703994	0.7713
SPRTN	4.16786144296713	0.183393262502939	0.296233179990591	0.1632
SRP54	5.80939914990306	0.183507238583312	0.296364839665334	0.131
CYTH2	5.63198074461895	0.183702880213543	0.296628319580616	0.1296
ZNF14	2.25401033952322	0.184291343904439	0.297499582130996	0.3031
SPTBN4	-0.044688938977483	0.184513874362504	0.297808339840814	0.6157
TSPAN19	-1.26045181825266	0.184515235097472	0.297808339840814	1.0375
SRI	6.94221019303185	0.184729006709423	0.298127010828078	0.1113
FAM117B	3.51769697389522	0.184781470938695	0.298185320733388	0.2158
OSBP	6.6080481875963	0.184920097073584	0.298329912705492	0.1161
CCNT2-AS1	0.182881205668133	0.184990167679946	0.298416585770531	0.6554
TTYH3	6.58546511992384	0.185146539284897	0.298642447533581	0.1155
RPL13AP20	1.35216319347654	0.185468667456809	0.299135612076288	0.4395
ZNF675	3.79378422153974	0.185634655031645	0.299350433906697	0.1803
ITGA1	2.41742140228299	0.185657942667387	0.299361544014822	0.2615
PALB2	4.92210179622391	0.185734049412683	0.299431367544856	0.1374
GPR146	0.292585063247925	0.18633981812554	0.300301882035651	0.5652
POLN	0.252420350193814	0.18651290567194	0.300474726963196	0.5695
LOC101928377	1.11317173768102	0.186923127069088	0.301055898347885	0.4045
KCNE2	-1.26044449759175	0.18697848503165	0.301118491772919	1.029
LOC101929427	-1.74678513764936	0.187521571216024	0.301881325810412	1.6372
LINC01590	-0.894713344851972	0.188223613116798	0.302936637667308	0.9896
ACTG1P20	0.524358493884552	0.1883810276948	0.303163261776822	0.6205
MYPOP	3.11308140350998	0.188447984180305	0.303217556777336	0.2216
PDZD2	-0.481701531896218	0.188504781892406	0.303244858995085	0.7376
DIO1	-1.82099890769428	0.188514784439922	0.303244858995085	2.0959
ISM2	-1.82099890769428	0.188514784439922	0.303244858995085	2.0959
SCNN1G	-1.31155842990015	0.188603844342416	0.303355137194836	1.2403
ZNF790-AS1	-0.20923878768128	0.189151781115069	0.304135539548767	0.6257
ZNF721	4.73121420887916	0.189276369370381	0.304309062018994	0.1624
HACD4	3.50123298821081	0.189306878242312	0.304331311129945	0.1904
NPAS1	-0.262822115604866	0.18946598051053	0.304560265932925	0.7802
PLEKHH1	3.6523677772076	0.189602159397742	0.30469868151102	0.1999
MAOA	2.12340720215828	0.190218039557886	0.305610115957238	0.2781
SDR42E2	-1.97965663370924	0.190269751203438	0.305610115957238	1.8455
FAM20A	-1.97965663370924	0.190269751203438	0.305610115957238	1.8455
NKX3-2	-1.97965663370924	0.190269751203438	0.305610115957238	1.8455
CALCR	-1.97965663370924	0.190269751203438	0.305610115957238	1.8455
LOC101927305	-0.286668262948481	0.190323301540797	0.305642346316748	0.7111
ZNF814	3.00007087482347	0.190627113454203	0.306022562717195	0.2153
CCDC25	5.85040564693353	0.190827921603028	0.306317993210663	0.1441
ACVR2A	3.32853421371179	0.191077956770079	0.306638465083911	0.1961
ADAMTS15	2.63738913942344	0.191208790537942	0.306821453815651	0.2411
NRBP2	3.99332551281141	0.191263635016765	0.306882485574447	0.1664
NPIPA8	-1.15926912840298	0.191440533019219	0.30711233486809	1.0024
MERTK	0.949315618647125	0.191476774452139	0.307137029992163	0.5043
ISCU	6.24177410793851	0.191489574680697	0.307137029992163	0.1454
RNFT1	4.00419882599484	0.191538073771717	0.307187830517127	0.1917
IFNGR1	4.7319129343803	0.191698769420818	0.307418546604573	0.1397
ACVR1	2.98595496779542	0.191805926853012	0.307509352825906	0.2196
DLGAP1-AS2	3.62535699234407	0.191978080212096	0.307678165379498	0.2069
DGKA	4.74958994373657	0.191982036408793	0.307678165379498	0.1407
LOC100130417	-1.98018950805228	0.192283920059412	0.308029450405754	1.8512
PCDHGA5	-1.98018950805228	0.192283920059412	0.308029450405754	1.8512
EQTN	-1.98018950805228	0.192283920059412	0.308029450405754	1.8512
PLA2G7	1.5932909090586	0.19234508300298	0.308076139261484	0.3853
LINC00482	0.256877321486843	0.192402514087948	0.30814109107725	0.5512
GYS2	-1.9801806340511	0.192468669273053	0.308220002302531	1.8394
COL18A1-AS1	-0.980056847174166	0.193181028657634	0.309225152053816	0.8376
LOC101928053	-1.36536656832986	0.193250932435139	0.309249669107044	1.1334
NR4A3	-1.97912357051634	0.193391280654295	0.309398932576007	1.8391
CNNM2	2.28208491440127	0.193408921168109	0.309400040733	0.272
HIPK1-AS1	-1.97913244910149	0.193539961212517	0.309501185344754	1.852
CFHR3	-1.97913244910149	0.193539961212517	0.309501185344754	1.852
NCALD	-1.97913244910149	0.193539961212517	0.309501185344754	1.852
IL17RA	3.67145390386878	0.193604957761653	0.309578007260816	0.1874
FAM174A	3.21691328773129	0.193742579036832	0.309746295858598	0.2363
AGBL5	5.70271101337358	0.193853050291668	0.309893282497784	0.1205
TM9SF4	6.7304456513269	0.194027966251915	0.31014574484677	0.1109
DUSP10	3.3389096966816	0.194236314911205	0.310418081580081	0.195
ROPN1L	1.62835795752322	0.194267051588608	0.310418081580081	0.3338
CTSK	1.16015436467726	0.194283358903046	0.310418081580081	0.4017
STX16	5.85503380460533	0.194471142422988	0.310663736093286	0.1386
SRRM2-AS1	-0.261478935943639	0.194571547504873	0.310718796985587	0.6433
PCDHGA10	-0.708245847335257	0.194624176569572	0.310745055750753	0.7763
SNORA76A	-1.98071332197487	0.194646351516961	0.310753283191398	1.8452
H1FX-AS1	1.8939054427331	0.194666156670267	0.310757726143092	0.3492
LINC00629	1.48334838513961	0.19501436935391	0.311231954447502	0.3743
FZD6	6.61619298028237	0.195170982702373	0.311454673095676	0.1586
GTF2E1	4.66915371952186	0.19554851726068	0.311975332614784	0.1486
NKTR	6.50546831222807	0.195577990132323	0.311995088068481	0.1164
LOC101927967	-1.54432240148949	0.195670856690541	0.312115959785279	1.1336
LOC105379411	-1.97966550998979	0.195800145737315	0.312169417736988	1.8602
TREH	-1.97966550998979	0.195800145737315	0.312169417736988	1.8602
NEXN-AS1	-1.97964775740438	0.195843829700803	0.312169417736988	1.8305
ZNF843	-1.97964775740438	0.195843829700803	0.312169417736988	1.8305
ADAP2	-1.97964775740438	0.195843829700803	0.312169417736988	1.8305
FMNL3	3.30272274960562	0.196048079913828	0.312417401091728	0.1953
RNF19A	4.69756054058675	0.196341192502901	0.312829883952955	0.1462
WTH3DI	-0.018758934301367	0.196698191424236	0.313343994994839	0.6615
SPDYE2	0.579657294657219	0.196796542753879	0.313422220389381	0.4999
LOC100129203	-1.60813547663404	0.196798801069428	0.313422220389381	1.4256
PDCD6IPP2	-1.60813547663404	0.196798801069428	0.313422220389381	1.4256
XKRX	-0.285846762862275	0.197164537414821	0.313874279463871	0.6157
ERAP2	6.3706409496981	0.197751191454587	0.314675109387393	0.1118
CABYR	3.85786165613119	0.197757862072829	0.314675109387393	0.2118
TOX4	5.21727576082298	0.197885903385579	0.314851407722428	0.1346
LOC729603	0.218278210681584	0.197942749718976	0.314914408616089	0.5753
PDIA6	7.63236806794244	0.198496009755007	0.315739579514455	0.109
PHOSPHO2	1.87162907759797	0.198585576202333	0.315854528589457	0.3026
FLJ44511	0.701623145022226	0.198604011462321	0.315856331845643	0.4324
DEPDC1-AS1	-0.0647468380145074	0.198702906442885	0.315931045115947	0.6726
IL22RA1	2.6257048232451	0.198757616625073	0.31599051198357	0.2573
CCDC91	5.81179929002132	0.198821679946652	0.31604139779236	0.1176
TTC8	3.06112874533326	0.198824247022637	0.31604139779236	0.2804
PDS5B	5.87214235864005	0.198972081420753	0.316166273689378	0.1169
ZNF77	1.37393548418004	0.199144961941489	0.316352363759653	0.3494
TRIML2	-0.575619931029661	0.199157952171791	0.316352363759653	0.8337
VPS51	5.98547106605193	0.199677880887426	0.317071108676624	0.1549
SLC35E3	3.34988830335446	0.199680463215116	0.317071108676624	0.2327
EPRS	8.40092640709124	0.199835523951729	0.317289730845605	0.1063
ZSWIM8	4.31695312455565	0.199858739320582	0.317298995133189	0.1608
NBPF20	2.90738936924351	0.199922415103683	0.317317302219861	0.2171
LOC101928118	-1.54484318330225	0.200122763324897	0.31759692097384	1.1287
SLITRK1	2.04181174732047	0.200133379649597	0.31759692097384	0.3231
TMEM190	-0.00238487615188292	0.20015626797035	0.317605634773291	0.6134
AMACR	1.35685136556288	0.200332613159799	0.317830206469566	0.3732
MATN4	-1.26096287249888	0.200508904998406	0.318054615487957	1.0182
LINC01234	5.24027228684979	0.200613677114563	0.318165519016894	0.1309
ITGB3BP	6.16122225880286	0.201215773782618	0.319009567188492	0.1191
HS6ST1	5.09679991407734	0.202408301144965	0.320733091372492	0.134
HHIP-AS1	-1.60760575516406	0.202675855268378	0.321073447915611	1.4165
MYLK3	-0.711854232247525	0.202731906862747	0.321134376718986	0.7806
EDN1	3.4999061434499	0.203073032367455	0.321563125934622	0.1924
IQSEC2	4.18878332893402	0.203255409205285	0.321824002641082	0.1653
C3AR1	-1.97985789207116	0.203823816562008	0.322640041199689	1.1337
LOC100287944	-1.97985789207116	0.203823816562008	0.322640041199689	1.1337
KIAA0825	1.42359293945769	0.203950077120981	0.322811913292928	0.3922
SLC25A35	1.89219731403207	0.204079260390901	0.322960382948707	0.3042
STX19	2.91709842595347	0.20417243856875	0.323051832077579	0.2245
LOC284023	2.22218676195823	0.204414799879025	0.323379253604115	0.2741
RFTN2	-1.67355577253101	0.204953576872794	0.324147318668434	1.2847
KDELR1	7.23265938975337	0.205282414526756	0.324639272314662	0.1099
RPS6KB1	5.81758963740736	0.205430248294547	0.324816786148039	0.1336
LOC102724814	0.387046651512774	0.205597803845931	0.325025416263536	0.6193
LINC01117	-1.98123695188257	0.206066052906573	0.325578406019306	1.8338
ZSCAN25	4.21828069760953	0.206597690294078	0.326210641239291	0.1794
ZCCHC8	5.07788836509676	0.207351232527082	0.327343834401107	0.1404
CSNK1A1	7.52536006187407	0.207544026938566	0.32759154035885	0.1105
HIST1H4K	-1.20908910772884	0.207715462413048	0.327805453130412	0.8529
SLC23A3	0.899119821679846	0.207780035493132	0.327879015296276	0.4302
CDC27	6.95224592584777	0.208122868365296	0.328352196296849	0.1072
WASF2	7.25141896637063	0.208293430330789	0.328547162961715	0.1063
ASB9P1	-1.16081544955325	0.208330089156149	0.328576596771892	0.9528
MAGEA2B	1.21672464158683	0.208479394919473	0.328783676023661	0.4777
SPDYE1	1.51509252903411	0.208691655584036	0.329089994328596	0.3603
TMEM182	3.13808454288736	0.208860872008184	0.329328388269252	0.2164
LOC100505625	-1.16029078771483	0.208969625881002	0.329442961147114	0.949
TTLL3	-0.421187237107815	0.209139527333093	0.329653877654373	0.7171
NSUN5P2	1.87088613391275	0.209206571605816	0.329731086181109	0.3168
ZBED3	1.17468609682018	0.209912769033976	0.330815565563213	0.3892
GAS8	4.91404886881439	0.210263551030845	0.331287518467909	0.1642
COLCA2	-0.980063350990801	0.210266678159929	0.331287518467909	0.8541
LOC100996251	-1.25888098888	0.210556546005054	0.331658352361369	1.0338
C4orf29	3.38328489444644	0.210585811397356	0.331675832358737	0.2031
HIST1H2BN	-0.287493123194544	0.210683899968388	0.331801697534756	0.7875
MRPL49	6.68345945902449	0.211385266868199	0.332778414091694	0.1058
TYK2	4.98479971669866	0.211395227225097	0.332778414091694	0.1486
RNF187	6.63049304332871	0.211922027117276	0.33355017907173	0.1064
C1orf53	2.47192222439583	0.212256439872087	0.334018926498132	0.2601
LOC100379224	0.290926031425858	0.212387419859585	0.334196236593397	0.4854
PCCB	5.41496820041632	0.212412044336314	0.334206177833642	0.1191
MYH9	10.6237837827844	0.212666815027779	0.334557793801712	0.1215
CEBPA-AS1	0.733890012708791	0.212746165357844	0.334616524060722	0.5085
BST2	0.147131094576884	0.212803844392759	0.334678409996054	0.617
RGP1	2.70334370010046	0.213964491950486	0.336329926386092	0.2407
NDRG1	5.45473717170373	0.214068575327051	0.336464564026744	0.1254
MCPH1	3.44318960899052	0.214373765975262	0.336886241856277	0.1913
PPP1R15B	6.30037057564234	0.214421449995927	0.336903175068908	0.1168
NUTM2D	-0.898016358719382	0.21447606522583	0.33695998681263	0.7901
ZFP1	3.89568455367369	0.214810835575475	0.33734078402287	0.1652
ADNP	7.10962847801307	0.215112588263229	0.337756550385612	0.1079
WDR47	3.29182067453561	0.215479410361949	0.338290210869979	0.2059
MED4	5.43261399649157	0.215493685366588	0.338290210869979	0.1205
EIF2AK3	4.05585014339312	0.215508060496158	0.338290210869979	0.1725
FAM120B	-1.31155096775116	0.21632021985767	0.33950669994168	1.2101
LOC653712	-0.572228073504213	0.216437890505748	0.339662179065842	0.7289
ZNF586	3.38476998310269	0.217215605366803	0.340794782706802	0.1836
USP15	5.26283911393675	0.217274692386609	0.340858192335647	0.1204
STAG3L2	3.01966405606627	0.217623539684063	0.341376124804284	0.2351
ABCA11P	1.54535450046394	0.217789978814195	0.341492947777205	0.3557
MIR559	-1.60812731718165	0.218076854146651	0.341822877075749	1.3962
SATB1-AS1	-1.60812731718165	0.218076854146651	0.341822877075749	1.3962
PCOLCE	2.15983488967843	0.21815713219684	0.341889999603872	0.2716
CDKN1A	3.50918256281057	0.21876958061761	0.342746700853466	0.2005
LINC01468	5.33621338056126	0.218778883931061	0.342746700853466	0.1375
ZC3H7B	6.94640895021095	0.219176168371239	0.343223670087303	0.1138
RGS20	3.27864986445083	0.21917734147008	0.343223670087303	0.1984
ZNF227	3.98777059600032	0.219264336630634	0.343301005963024	0.1644
GPX8	5.97250683326475	0.219328964670433	0.343372744963848	0.1095
MTOR	6.34221568489787	0.219773058888924	0.344038497948568	0.1077
LOC102724594	3.31006735231439	0.219839838784949	0.344113529697165	0.4329
ALG1L9P	-0.134671261377869	0.219954693704043	0.344263793575189	0.5568
FZD3	4.09916282462109	0.220037886072618	0.344334960409884	0.1701
VEZT	5.80812062799579	0.220199327629063	0.344558063357862	0.12
JARID2	6.3579784027945	0.220861033165467	0.345475025402173	0.1083
Sep-10	6.70553032944458	0.221923058415279	0.347017332285167	0.1391
SCN4A	-1.16185719751199	0.222649580558544	0.348004344407259	0.9516
RIC8B	3.94030953879108	0.222818697093555	0.348238860897178	0.1607
FLJ35934	-0.340897663679296	0.223018591508453	0.348521435248958	0.6163
LOC105371729	-2.06648412394533	0.223431536747532	0.349106995452152	1.6942
UPK1B	-2.06648412394533	0.223431536747532	0.349106995452152	1.6942
SRP9	8.29096215743227	0.223710195352408	0.349482571140987	0.1242
GRIK1	-0.979547600783234	0.223952649838896	0.349741623221462	0.8686
FIBCD1	0.714533040664538	0.224058500728942	0.349876998486661	0.5242
LOC101928728	1.18973627190488	0.224180857562954	0.349967554770285	0.4094
OSBPL5	1.18687361249104	0.224193172274238	0.349967554770285	0.4062
PITRM1-AS1	1.29496183565719	0.224299665406133	0.350103855305605	0.3871
ADAT2	3.68296685374915	0.2245689003858	0.350445953959528	0.1717
TMLHE	4.03936493698375	0.224576425031361	0.350445953959528	0.1679
TAF1A-AS1	1.55588044978351	0.224758470259481	0.350670082305536	0.3684
MYH7B	0.812189419647911	0.224884334324114	0.350806494695465	0.4713
ARL17B	0.141967695075774	0.224917364870005	0.350828042811587	0.52
LUC7L2	4.58482625363617	0.225563442580058	0.351711407229544	0.1397
PRRT4	-0.819394406411974	0.225801481399966	0.351988042930734	0.7409
DCAF11	5.29191183004231	0.225820706017723	0.351988042930734	0.1202
TUBGCP5	1.96434912505048	0.22583457202277	0.351988042930734	0.4964
PLEKHA8	5.43618952592306	0.225988778331547	0.352198321429121	0.1203
UBR7	-0.107630943007167	0.226884154950901	0.353442881882724	0.8627
LOC284454	3.02055103445796	0.226968566965597	0.353544211478152	0.2042
ADAMTS9-AS2	-1.54327227735267	0.227540809958908	0.354344879860942	1.1334
GABRR2	-1.54327227735267	0.227540809958908	0.354344879860942	1.1334
LOC286437	1.49030995911444	0.227745503551036	0.354574880740955	0.3481
PPP1R27	-1.48218137951784	0.227746771010541	0.354574880740955	0.8844
LOC105373840	-1.48198300694758	0.227891212855684	0.354709010307218	1.2573
LOC101927164	-2.26027221531639	0.228033515042518	0.354844010831714	2.2216
LOC101927181	1.02235943486024	0.228034013606564	0.354844010831714	0.3909
LOC100133331	0.578028304588532	0.228036258494614	0.354844010831714	0.4436
GATA3-AS1	1.14297825880834	0.228134693252582	0.35493667632684	0.4586
LOC101928208	-2.25973740496287	0.228194913444744	0.355000114175308	2.2155
CAMKMT	3.18303741935436	0.228334692760692	0.355168812067292	0.2245
RNASET2	3.70980110229391	0.228687249186465	0.35543286405143	0.1633
LOC105378101	-1.16186424171191	0.228732521658866	0.355472964621117	0.9656
RNASE4	0.602492928674136	0.228959661931708	0.355795674857445	0.469
LOC101928323	-0.898537074828324	0.229366204482958	0.356366759918372	0.7991
IQCH	2.1377804584561	0.229503006126651	0.356548964330537	0.349
GBX2	0.49324382551387	0.229598830471415	0.356667482052941	0.5584
LOC105376855	-0.184883765187482	0.229647849200667	0.356713276185431	0.5893
CCDC122	2.33896698165761	0.229851721238707	0.356939594574195	0.275
SETX	6.08516383421108	0.229966371916207	0.356968016093677	0.1087
CDK7	1.24635144086691	0.230063865348787	0.357020124092748	0.9658
ADORA2A	-2.25974671786786	0.230080070111261	0.357020124092748	2.2296
CENPF	8.96305125514488	0.230209585536663	0.357177594211754	0.1066
PTPRC	-2.25921171851891	0.230259810817163	0.357177594211754	2.2223
LENG8-AS1	-2.25921171851891	0.230259810817163	0.357177594211754	2.2223
LOC100996574	-2.25921171851891	0.230259810817163	0.357177594211754	2.2223
ACOX1	4.93736714913488	0.23062781023329	0.357596509565053	0.1418
H3F3AP4	6.26307635108618	0.230764313046546	0.357717016131252	0.1981
TLL2	-2.26079752649954	0.230963356749665	0.357812885337906	2.2141
SLC24A5	-2.26079752649954	0.230963356749665	0.357812885337906	2.2141
LKAAEAR1	-2.26079752649954	0.230963356749665	0.357812885337906	2.2141
PCDHB11	-2.26079752649954	0.230963356749665	0.357812885337906	2.2141
CYFIP2	-2.26079752649954	0.230963356749665	0.357812885337906	2.2141
AFAP1L1	4.67669692729221	0.23101383989172	0.357860726437271	0.1349
LOC148413	3.49702465303157	0.231040477228597	0.357871623306063	0.1762
SCN8A	-2.26026290501168	0.23115770065219	0.357931720365257	2.206
LINC01214	-2.26026290501168	0.23115770065219	0.357931720365257	2.206
ZNF470	1.76966966167654	0.232367781595677	0.35962243309687	0.3206
LOC100133985	-0.512986618234102	0.232657811037557	0.359981503088262	0.6852
ZFYVE28	2.24296228612742	0.232658948013717	0.359981503088262	0.2694
ADCY10P1	-0.898022594206522	0.23268980247724	0.359989859861325	0.8067
TMCO4	3.47256186812524	0.232730668778454	0.360000939605106	0.1733
LOC105378951	-1.48303193222205	0.232853328672897	0.360160159980718	1.2555
NDST3	-1.25783531934304	0.232995506931453	0.360255462987366	1.032
LINC00222	-1.42445395693378	0.233013612344151	0.360255462987366	1.0179
CNIH2	0.0819679468723602	0.233126391174549	0.360357797687363	0.5571
C5orf22	5.91390333403768	0.233139019965241	0.360357797687363	0.1165
SNAI3	-0.287359876903306	0.233402434233301	0.360673340051053	0.5932
LOC441155	-0.287359876903306	0.233402434233301	0.360673340051053	0.5932
CEP152	5.29514413766053	0.233426820104735	0.360680493257049	0.1266
ZBED9	-0.335939685520102	0.233598177376023	0.360884177555782	0.8129
ASMTL	1.24976201043761	0.234025135807732	0.361421443135602	0.4183
IGSF6	-0.816823202149385	0.234126137844199	0.36151626258003	0.7878
SNORD14B	-0.482913281348467	0.234256052968505	0.361686273933781	0.6006
LOC101927151	3.04913954933387	0.235010047278811	0.362699528824181	0.2227
ISL2	-1.25919578396376	0.235011652413521	0.362699528824181	1.22
RTF1	6.73692743112588	0.235059937336146	0.362712722171302	0.108
HMGCR	7.09486066025406	0.235102155272955	0.362747206445493	0.0993
LINC01348	-0.818354494411561	0.23535238001843	0.362979897745751	0.7316
C20orf144	-1.48270980462261	0.235778192829956	0.363575191173551	0.893
TRIM52	3.48967165295959	0.235839269065923	0.363638656762457	0.184
FAM150B	-1.48250362105195	0.235959591943042	0.363732019801754	1.2482
CDC37L1-AS1	-1.48250362105195	0.235959591943042	0.363732019801754	1.2482
SNORA8	1.23556881984306	0.236123008881207	0.363953195722333	0.3798
KCNC1	-0.859311582093492	0.236991743285836	0.365141776092957	0.6814
ZNF582-AS1	0.542190895805092	0.236994133705382	0.365141776092957	0.6222
PDZD4	-0.234733012481642	0.237038163741803	0.365178794706359	0.618
RPL13P5	1.2929767543348	0.237205200117062	0.365405293505786	0.3303
SMAD1	3.63500221054956	0.237450235718324	0.36569018924192	0.1765
FAM129A	5.50957490027958	0.237727377209761	0.365930627994348	0.1107
PPIL4	4.88665452455201	0.237729612626122	0.365930627994348	0.1421
FAM151A	-0.609987609856013	0.237746668418107	0.365930627994348	0.8027
KIAA1804	5.19080655306382	0.23794702431464	0.366208133189013	0.1232
RASGRP3	-0.746129547532156	0.238529930117024	0.366857826808457	0.8301
ZNF136	2.6918304449532	0.238603470254318	0.366940017939755	0.2468
ACOT1	-0.896259549490081	0.239224639177137	0.367864303640314	0.9682
CCDC38	-1.81962247513959	0.239517799306374	0.368222058453655	1.5046
BCL2L10	-1.81962247513959	0.239517799306374	0.368222058453655	1.5046
PCDHB3	-1.81962247513959	0.239517799306374	0.368222058453655	1.5046
TAF3	4.39736948783782	0.240295293308113	0.369230778102256	0.1654
GK5	5.33673146997463	0.240386348359598	0.369339604077833	0.1386
HOXC-AS3	-1.81909943097654	0.240592655971366	0.369594372889032	1.5097
UBE2H	8.0845865295317	0.240648710571237	0.369649378223686	0.0982
LOC105371409	-1.81909084224333	0.240802859601526	0.369823925707533	1.4996
CDK5R1	2.19669949420602	0.240927841758986	0.369984747573355	0.2606
ZNF396	0.000447597776231484	0.24132368968873	0.370499140438773	0.5108
C1orf162	-1.42497361672617	0.241788760559575	0.371107336587498	1.0123
LGSN	-1.42497361672617	0.241788760559575	0.371107336587498	1.0123
TMEM248	6.6643819369908	0.241928411285829	0.371271442201924	0.1176
LINC01545	-1.81856761312141	0.242015667616561	0.371374130285613	1.5048
KLHL15	3.40466469203229	0.242309177620739	0.371730785432286	0.1947
ANP32E	7.7451122131687	0.242483324099918	0.371966688914217	0.1013
SLC6A8	5.42457437071861	0.242504514842868	0.371967940091699	0.1248
IGFBPL1	-0.0244643276910114	0.242711425805845	0.372254035916282	0.5611
C8orf44	0.891607124668316	0.242788967310413	0.372341682394061	0.4536
ZSCAN22	2.14319803710467	0.242946029229628	0.37255125658262	0.2757
C11orf70	-0.0236454905118175	0.243075963854871	0.372687897550561	0.4793
GSE1	6.15972144860323	0.243339298396772	0.373060315042952	0.1035
F3	8.94345548796805	0.243726276694964	0.373572288705582	0.0978
KBTBD4	3.71136981733195	0.243734636874024	0.373572288705582	0.2207
LOC541473	-1.06865241401852	0.243769070168652	0.373589843515055	0.8906
TAT	-1.82014533653765	0.24484467604751	0.375053230904795	1.498
TMEM92-AS1	-0.940425941967296	0.24585677528065	0.376477209320882	0.9314
LYN	6.10504622470557	0.246240895037778	0.377004259865823	0.104
LOC729867	-0.184373134555393	0.246242265262931	0.377004259865823	0.5704
ATP6V1E1	5.88335275599705	0.246799855381336	0.377826260783369	0.1088
RCAN3AS	-2.26078821879382	0.246995994469538	0.377968053230166	2.1734
LINC01399	-2.26078821879382	0.246995994469538	0.377968053230166	2.1734
MGARP	-2.26078821879382	0.246995994469538	0.377968053230166	2.1734
SERINC2	5.01484219860655	0.247077137323256	0.378006302273616	0.121
RASSF8-AS1	0.957813826826956	0.247243167453268	0.378156104643671	0.3822
ZNF579	5.03906059876936	0.247590610474941	0.378655791641998	0.2215
DCAF13P3	-0.545561917529514	0.248858494311756	0.380403639969472	0.8618
FMR1	7.24714338781151	0.249227859598884	0.3808725769996	0.0957
LGALSL	3.6572095337152	0.249283911585433	0.380894466848315	0.1867
ATP8	9.58442727144309	0.249408629241183	0.381053137118339	0.0997
VPS8	5.68894744523033	0.249512921340964	0.381180576736455	0.1093
LOC441242	1.62319601935312	0.250026663301231	0.381869552850939	0.3079
INAFM1	1.93053918275747	0.250058110378477	0.381879553592846	0.3404
DDX24	0.0493432491716267	0.250586934317118	0.382565234394824	0.7793
EDC3	5.04416567361252	0.250747983128503	0.382747088628257	0.1223
CLDN8	-0.258937755817802	0.250839517528537	0.382854797425046	0.6303
ABHD12B	-0.785137115493163	0.251235504968382	0.383323798400272	0.8388
CYBA	-1.02300141048595	0.251251784161791	0.383323798400272	0.7397
RELL2	0.672091316427279	0.251748718539165	0.384017764509609	0.4712
CKMT2-AS1	2.3364026278182	0.252013635488373	0.384389750979675	0.2572
SFTPA2	-2.36547996500471	0.252725755477644	0.385314965091019	1.951
DMRT1	-2.36547996500471	0.252725755477644	0.385314965091019	1.951
CCSAP	4.44131837000187	0.252846888646277	0.385467457129555	0.1341
LOC101927762	-1.31227489367804	0.253081238051014	0.385728091656312	0.922
MIR23B	-1.31227489367804	0.253081238051014	0.385728091656312	0.922
CITED1	-1.98069557850493	0.253831812120248	0.386807475965546	1.7323
ZBED5	4.94153095018093	0.254010829113042	0.386998189278809	0.1163
SLC9A3	3.8090589768106	0.254020557741453	0.386998189278809	0.1835
RAD21L1	-1.36641404462747	0.254165210000377	0.387186254486556	1.1342
BRE-AS1	-0.605041182615592	0.254374356988762	0.387440188279416	0.6573
MYLK4	1.55328406799966	0.254482801071075	0.387532078195083	0.3265
NIPSNAP1	6.43719844958668	0.254619072307461	0.387651220419066	0.0978
FUZ	3.89940235013075	0.255268132133052	0.388217147332069	0.2126
MIR590	-0.710301621623176	0.25555145085834	0.388217147332069	0.7661
HOXB3	3.04238945451759	0.255756747162358	0.388217147332069	0.1853
POPDC2	-1.31279397144688	0.255850078117315	0.388217147332069	0.9181
ZNF786	3.70085463379448	0.255921570851617	0.388217147332069	0.1577
FEZ2	5.32451623911245	0.256273641376397	0.388217147332069	0.1096
MRPL21	6.06425651465121	0.25630440768434	0.388217147332069	0.1045
NGFR	-2.60711574383842	0.2568833884625	0.388217147332069	3.7969
LOC102725191	-2.60711574383842	0.2568833884625	0.388217147332069	3.7969
COL15A1	-2.60711574383842	0.2568833884625	0.388217147332069	3.7969
SNORA19	-2.60764293796649	0.2568833884625	0.388217147332069	3.7881
MRGPRX2	-2.60764293796649	0.2568833884625	0.388217147332069	3.7881
FOLR3	-2.60764293796649	0.2568833884625	0.388217147332069	3.7881
HCN4	-2.60764293796649	0.2568833884625	0.388217147332069	3.7881
TXNRD3NB	-2.60764293796649	0.2568833884625	0.388217147332069	3.7881
PCDHB19P	-2.60764293796649	0.2568833884625	0.388217147332069	3.7881
LOC285740	-2.60764293796649	0.2568833884625	0.388217147332069	3.7881
HYMAI	-2.60764293796649	0.2568833884625	0.388217147332069	3.7881
MAP3K15	-2.60764293796649	0.2568833884625	0.388217147332069	3.7881
MAGEH1	-2.60764293796649	0.2568833884625	0.388217147332069	3.7881
LOC102724539	-2.60816994354419	0.2568833884625	0.388217147332069	3.7793
LGALS12	-2.60816994354419	0.2568833884625	0.388217147332069	3.7793
CELF6	-2.60816994354419	0.2568833884625	0.388217147332069	3.7793
NAGPA-AS1	-2.60816994354419	0.2568833884625	0.388217147332069	3.7793
GIPC3	-2.60816994354419	0.2568833884625	0.388217147332069	3.7793
CYP2F1	-2.60816994354419	0.2568833884625	0.388217147332069	3.7793
EMX1	-2.60816994354419	0.2568833884625	0.388217147332069	3.7793
DUSP15	-2.60816994354419	0.2568833884625	0.388217147332069	3.7793
SCUBE1	-2.60816994354419	0.2568833884625	0.388217147332069	3.7793
MYL3	-2.60816994354419	0.2568833884625	0.388217147332069	3.7793
KNG1	-2.60816994354419	0.2568833884625	0.388217147332069	3.7793
SCARNA8	-2.60816994354419	0.2568833884625	0.388217147332069	3.7793
MIR4668	-2.60816994354419	0.2568833884625	0.388217147332069	3.7793
CACNA1F	-2.60816994354419	0.2568833884625	0.388217147332069	3.7793
MIR553	-2.60869676070344	0.2568833884625	0.388217147332069	3.7705
MIR181B1	-2.60869676070344	0.2568833884625	0.388217147332069	3.7705
LINC00637	-2.60869676070344	0.2568833884625	0.388217147332069	3.7705
LOC105376906	-2.60869676070344	0.2568833884625	0.388217147332069	3.7705
LINC00501	-2.60869676070344	0.2568833884625	0.388217147332069	3.7705
NWD2	-2.60869676070344	0.2568833884625	0.388217147332069	3.7705
ALDOC	3.10264602356623	0.256912324445509	0.388228738935288	0.2085
CRYGN	-1.36713121398933	0.256957632862409	0.388265067500095	0.8047
GZF1	4.55065283866603	0.257502485882356	0.388959571592611	0.1373
RAD18	5.61702604701188	0.257681996041281	0.389198520702377	0.1132
CNOT2	6.084346644892	0.257799161147229	0.38934327315551	0.1
PON2	6.02568929983514	0.257957786504607	0.389518391267833	0.1068
ERCC8	3.70689065322535	0.258011452913149	0.389541503581051	0.1818
SALL4	0.259174012909656	0.258019182351189	0.389541503581051	0.5647
GCSAM	1.70399351909524	0.258037105762798	0.389541503581051	0.3103
NFYA	6.04114775222592	0.258254110636767	0.389836864873889	0.1073
MX1	2.1815389607389	0.258563239110929	0.390109958116456	0.2616
LOC648987	1.9148686487107	0.259053906374696	0.390721093421716	0.3225
EBLN2	-0.185881391260824	0.259232611898028	0.39095832819582	0.5515
HCST	-0.782025337518687	0.259995079189334	0.39188161869885	0.785
GIGYF1	5.73787242134291	0.260108309885416	0.392019921181223	0.1093
UNC5CL	0.142648950261201	0.260768130964168	0.392886004353411	0.5745
ZNF566	2.90752391958332	0.260769046601133	0.392886004353411	0.1991
HOXC9	2.16071860201406	0.261030062635173	0.393149478051953	0.2511
TRIM3	1.79350490213798	0.261490542505774	0.393745574396685	0.3093
LCTL	0.864889794758525	0.262047649547956	0.394454311522714	0.3762
KCTD10	5.65356081728222	0.262194944244727	0.394643490982912	0.1044
YBEY	3.88166920079185	0.262329381329544	0.394780742358598	0.1473
SENP8	2.09381109626204	0.262743296773692	0.395305886426613	0.2496
LOC100130370	-0.745825861468841	0.263718619354809	0.396544528040639	0.7262
MIR4500HG	-1.48092547492843	0.264025288184107	0.396907580787967	1.2205
IRAK1BP1	3.01598658031767	0.264106974650677	0.39699768869681	0.1862
ABCC11	-1.82013675194434	0.264262432142031	0.397165963709962	1.4667
GRIN2D	1.96937744373286	0.26467296655483	0.397750220400475	0.256
LCN12	-0.0895456247357261	0.264817271526597	0.397894161468058	0.5291
LINC01481	1.0541124011352	0.265576541372748	0.398911086004681	0.3647
SCAMP5	4.20826639945164	0.265743006686486	0.399128287130275	0.1783
NDFIP1	6.70546138996049	0.265811185058099	0.399165007355487	0.1011
MAU2	4.3883150394461	0.265897269988026	0.39926143781061	0.1353
PHF1	0.405088432215364	0.26597100471628	0.399308340973607	0.8055
NUP62	6.4580126203601	0.266396298949023	0.399809858428912	0.0976
APCDD1L	1.43898383440257	0.266465964755414	0.399821511691481	0.3139
WNT2B	-1.31332778773452	0.267284265447576	0.400905959309045	0.934
ZBTB24	4.3860467819203	0.267420921360924	0.401021549233204	0.1461
PARGP1	2.27660877844445	0.267632024165784	0.401305152621811	0.2351
ZNF41	2.67348354980615	0.267748280673454	0.401413534694471	0.2224
LOC654342	0.783180158232809	0.268017291406152	0.401717871257037	0.4466
LIPI	-0.480484209018775	0.268140922066132	0.40183719202424	0.8268
LMO1	-1.20805948815294	0.268300192139757	0.402009874236983	0.9147
LOC100134868	2.26232870459563	0.268502630017843	0.402280181666455	0.3756
VPS18	3.19076480014583	0.26911851807586	0.403063179660629	0.1761
SIN3B	5.66854791814877	0.269298216708503	0.403240505596327	0.1073
FAM53C	6.19042192790957	0.269766974294559	0.403876158989788	0.0966
LOC100506985	2.55829110476399	0.270235087506456	0.404477474585379	0.2435
ZFHX4	-1.42182974974036	0.270782335763242	0.405064103711386	1.0129
RASGRP2	-1.31383905194535	0.270815577182485	0.40508063720143	0.9149
TBC1D8B	2.03245242494415	0.271111842477053	0.405390924421417	0.2778
ELF2	5.17416200967357	0.271183973409416	0.405461999304538	0.1178
LOC101927767	-0.780478835130642	0.271203794561115	0.405461999304538	0.7951
MIR4712	-1.31384650856319	0.271425549254546	0.405760303569521	0.9286
PPP2R5B	2.63419144893608	0.271492050613916	0.405780930361977	0.2514
KCTD21-AS1	1.15136246128853	0.271506028942351	0.405780930361977	0.3302
LRRC39	-0.0231472955221604	0.271797995921225	0.406150790991069	0.5007
PJA1	5.08522857795603	0.271849499782094	0.406161262625575	0.1143
RBM4B	4.19502621221828	0.272185901494171	0.406630590644648	0.1324
CARHSP1	6.3304830075344	0.273065159808532	0.407777305314074	0.1067
PSENEN	6.19483430927338	0.273268252066364	0.408013839022127	0.1097
SLC5A3	5.38376416894571	0.273851969567599	0.408752332443252	0.1346
KANK2	5.44490180171428	0.273889562196259	0.408774349857333	0.1186
SRSF10	7.33690282290539	0.274881066927473	0.410053011752569	0.0942
LOC101929295	-1.48249574308036	0.275047557408358	0.410234330722792	1.2002
SPDYE5	0.545391773182925	0.275361051349887	0.410634810769771	0.4534
ANKRD34A	-0.607603761088063	0.275508991382139	0.410818872844136	0.6416
NYAP1	-0.113024923567707	0.275538642756739	0.410818872844136	0.501
RSRC1	5.28048608046696	0.275551988276536	0.410818872844136	0.1383
TBX20	-0.0656262907313515	0.275783624570409	0.41113064267168	0.5517
UBE2E2	4.88838700490302	0.275814619994237	0.411143276117807	0.1176
TIGD6	2.27117398345883	0.276044025737392	0.411416561750119	0.2367
RBP1	3.14396695835834	0.276065560990302	0.411416561750119	0.1839
MARK4	4.55219675836942	0.276129116194184	0.411477687147255	0.1339
C11orf73	5.0193427975772	0.276479734592135	0.411966538909078	0.1411
ALG13	5.33904277410566	0.276608199445539	0.412124319683161	0.1213
VTA1	6.51894883241348	0.27726976762221	0.41297518786906	0.0941
CCDC65	0.455740740040455	0.277943865386767	0.413844156798043	0.3994
NBPF12	3.05455744333453	0.278012869707014	0.413913142176745	0.1906
RMDN2	2.26329538982978	0.278277581574332	0.4142059135117	0.222
RBM39	8.10785361450205	0.278305059503526	0.414213041439456	0.0905
LOC101927751	-1.36713881226684	0.278428065858073	0.414337896732633	0.8271
LYSMD4	2.42534282836436	0.278595998850192	0.41454466990049	0.2439
USP2	0.995113879145242	0.278660098194765	0.414606255309179	0.4454
FAM175B	4.18216911271354	0.278809365577084	0.414724445998291	0.1328
LOC101928335	-0.938541481980876	0.278932573255098	0.41484261159634	0.7059
KMT2A	6.94157421911959	0.27934941955435	0.415394885019484	0.0957
NDUFB2-AS1	0.743973505725463	0.27942499878471	0.415453389619045	0.4539
NBPF8	3.70981865564007	0.27943427755983	0.415453389619045	0.1504
SNCA	2.61215569125242	0.279476958068045	0.415483008671842	0.2046
KRT19	10.2557402159149	0.279964746399999	0.416052239419621	0.1073
LINC00083	-0.673795963899119	0.27997380375055	0.416052239419621	0.6942
GTPBP2	5.07098309736572	0.28021612994877	0.41634456485267	0.1166
ANKRD2	3.39060702479193	0.281230377467403	0.41770579085154	0.1621
SCML1	4.56292494828132	0.281246690465991	0.41770579085154	0.136
PDIK1L	3.47079815590945	0.281322951752145	0.41776478993564	0.1774
TMEM150B	-1.48271768201547	0.281332182705344	0.41776478993564	0.9462
LINC00176	-0.0880351619077699	0.281562107202498	0.418066778136776	0.5322
LDLRAD2	-1.25958933624514	0.281604249054992	0.418066778136776	0.734
SSUH2	-0.607614132457915	0.281732696388774	0.418223459527847	0.6568
LIX1L	-0.479328174179364	0.282298642629012	0.418961386865722	0.5967
SEZ6	-1.31125113184679	0.282465587837582	0.419175074911631	1.039
SOSTDC1	-1.67513090401715	0.282641814588897	0.419368414103942	1.2799
EEA1	5.26089704448353	0.283106317522035	0.419989349315965	0.1222
TMEM126A	4.31194181604841	0.283432849504267	0.420401271060932	0.1754
ZNF317	4.85853049467568	0.283534689073335	0.420459769492443	0.1325
MIR635	-1.67566111557807	0.283901294179867	0.420814304720058	1.2844
HTR2B	-1.67566111557807	0.283901294179867	0.420814304720058	1.2844
MIR1254-1	-0.00105899429495381	0.283915961395539	0.420814304720058	0.5134
ITPKC	3.54396578155917	0.284033070456803	0.420953704680906	0.1606
TGFB2-AS1	-1.25939989497929	0.284163022369739	0.421075664287556	1.0298
MDP1	-1.60833459356185	0.284176255099352	0.421075664287556	0.9876
METTL14	4.67106809485529	0.284184556293108	0.421075664287556	0.125
CGRRF1	3.29807805004125	0.284467377386746	0.421426311902333	0.1666
PEX13	5.13344122038936	0.284647327359048	0.421658682916811	0.112
FXYD1	-1.60885590596036	0.285825057224704	0.423094319686549	0.9826
COMMD10	4.90400162039633	0.286399957795458	0.423876581233391	0.1429
CHRNA3	-1.67407823074344	0.286618433666054	0.424131160331319	1.2789
MGST1	9.51002162809453	0.286698045782222	0.424214582898383	0.0896
TMEM88B	0.750283687778128	0.286757778587974	0.424268579779727	0.4768
ZNF846	2.12539794583775	0.287175524858175	0.42478363271296	0.2336
LOC101927204	2.28349346104378	0.287175700862366	0.42478363271296	0.2577
PGAP3	2.81457513426116	0.287444264118342	0.425111996576836	0.1973
SYNJ1	3.08866692719084	0.287895224380657	0.42570996406069	0.2166
ZNF749	4.16020551379452	0.287926415552225	0.425721603816426	0.132
BCORL1	4.59668440165144	0.288225511942616	0.426129328314253	0.1184
C6orf201	-0.936467026296533	0.28829907282725	0.426145497575664	0.7088
LINC01058	-1.67460050731273	0.2883759135403	0.426179120666374	1.2721
CBY3	-1.67460050731273	0.2883759135403	0.426179120666374	1.2721
FDPS	7.31475943540479	0.288475810859168	0.426292245673058	0.0925
L2HGDH	4.8029456418057	0.289003739283163	0.427037819858634	0.138
CYP51A1-AS1	-1.48407226109316	0.289375921774024	0.42751855854225	1.2088
ACTA2	-5.0835521320554e-05	0.28970586174594	0.427936743428585	0.5009
SEC31A	6.32170359424947	0.290017833176214	0.428325932055684	0.0923
CRK	3.93653691038955	0.290031222196285	0.428325932055684	0.1673
USP22	8.17404620231022	0.290063184597087	0.428325932055684	0.1157
KATNAL1	3.85411722567572	0.290113559774244	0.428365670271643	0.1373
SNRNP200	8.71499732399706	0.290174854729981	0.428421524298467	0.0901
CYYR1-AS1	0.125444735878416	0.29041130551704	0.428735952896578	0.4922
CCP110	5.72385783231899	0.290530845810292	0.428877748937712	0.0986
PPP1R36	-0.543892213120213	0.290846927823768	0.429274922334119	0.6164
CSDE1	9.64963279373982	0.291075351179439	0.429574109970095	0.0918
MRPS14	4.64615143563386	0.291096697767312	0.429574109970095	0.1158
SREBF2	7.41518691390513	0.291653784323715	0.430222324387019	0.0895
AP4M1	2.77593465036216	0.291773985749308	0.430364860938787	0.1796
LACTB2-AS1	-1.74435583059563	0.292191218012996	0.430910645128464	1.1298
SRFBP1	4.03614864676598	0.292556904576797	0.431380247956869	0.1478
ATP6V1H	4.14681312150382	0.293143711983037	0.432036135138639	0.1424
SMPD5	-1.67618284421586	0.293534785093156	0.432577578032019	1.2766
FAM168B	7.13072156138938	0.293601099014704	0.43264037966038	0.0921
PLEKHG5	3.07625745701184	0.293785282622283	0.432841911028359	0.1992
CEP112	2.18280462367634	0.293882555376821	0.43290481896723	0.2246
SNORD42A	-1.74488708661725	0.293899119537678	0.43290481896723	1.1381
ASB18	-1.74488708661725	0.293899119537678	0.43290481896723	1.1381
GFOD2	3.90092225695153	0.294234718762993	0.433259318094628	0.1468
DCUN1D2	4.12391559432361	0.294282842002508	0.433295230550672	0.1289
USP6NL	5.27809271651621	0.294513377192729	0.433599694679876	0.102
SFN	7.90205528508526	0.294959223284735	0.434151058637921	0.1093
CASP10	3.52370968209818	0.295191919347852	0.434458535925055	0.1584
MORN4	3.21998901591821	0.295791359882119	0.435270600194096	0.1761
SLC6A2	-0.858785473782066	0.295873210417805	0.435320867939027	0.6607
DQX1	0.45493494245215	0.296033851575549	0.435522120586931	0.4366
PYGM	-1.25855147451027	0.296841788705238	0.436570022927804	0.7452
IFT74	4.74148415742866	0.297719284464882	0.437635948091911	0.1153
OTUD5	4.88947366352086	0.299417661999743	0.44000393121366	0.1086
LOC101928402	-1.74382438825664	0.299868395097176	0.440559908328831	1.1232
LINC00472	3.0556306608324	0.299996851582842	0.44057135568308	0.1714
EVI2A	-0.818565234359813	0.300231645797009	0.440827372828988	0.6189
LAMA2	0.987376380871178	0.300243621480918	0.440827372828988	0.3604
PLA2G4C	-2.06752436176889	0.300752771306313	0.441473546851796	1.6275
MIR579	-2.06752436176889	0.300752771306313	0.441473546851796	1.6275
MPHOSPH6	4.99929180374324	0.300801476818108	0.441473546851796	0.1314
LOC101929536	-2.06699982330856	0.30082881917377	0.441473546851796	1.6332
RPLP0P2	-2.06699982330856	0.30082881917377	0.441473546851796	1.6332
CLK2P1	-2.06699982330856	0.30082881917377	0.441473546851796	1.6332
GABRP	-0.607082244550894	0.300926403518706	0.441507817691096	0.6214
FAM199X	6.90656762106885	0.301058152293223	0.441632593673369	0.0965
LOC102723439	-1.31070913144596	0.301271220405336	0.441838640722993	0.9293
DENND4A	4.41188935895257	0.302404685752034	0.443394100320386	0.1204
WDR17	1.86658481304067	0.302528007794231	0.443539295718878	0.3221
NR4A1	1.2042398765749	0.302714443329169	0.443767740114885	0.3502
MIR200C	-2.06805773229585	0.302926773925423	0.443838778875003	1.6333
TBC1D29	-2.06805773229585	0.302926773925423	0.443838778875003	1.6333
C19orf67	-2.06805773229585	0.302926773925423	0.443838778875003	1.6333
GPBAR1	-2.06805773229585	0.302926773925423	0.443838778875003	1.6333
UNC5C	-2.06805773229585	0.302926773925423	0.443838778875003	1.6333
SNORD72	-2.06805773229585	0.302926773925423	0.443838778875003	1.6333
RNU6-30P	-2.06753338109333	0.303005323898959	0.443918240357868	1.64
STAMBP	5.71745283564227	0.303239231897059	0.444225278246887	0.0942
TRAPPC1	6.31407118197204	0.303484562023299	0.444477670621527	0.0932
RARRES3	3.61677864312719	0.303628750801103	0.444615175464736	0.1552
IPO11	4.87392056881207	0.303691177054211	0.444637591491032	0.1189
HOXC10	1.05441893863601	0.303899148559906	0.444901542261326	0.3247
HIST1H2AK	-2.06646607572468	0.304166568656242	0.445155112825745	1.6268
IPO7	8.11946028021424	0.304210343420647	0.445183489337661	0.0869
KCNK7	-1.98038182309904	0.305046620428925	0.446264212080331	1.1166
CPSF3L	5.28329265675846	0.305275405525974	0.446455804156227	0.1072
ZGLP1	1.11330874138975	0.305721839478523	0.446929684618828	0.3216
KIAA0195	5.01966625196541	0.305790686477049	0.446994536978542	0.1238
ZNF720	4.32426068014376	0.30584107151802	0.446996605686732	0.1275
RIMS3	4.0463270767069	0.305929645285916	0.44709026611749	0.1321
TUBA4A	7.60712575801231	0.306123151628853	0.447265646749607	0.0966
ATXN10	7.70969604455377	0.306274613963687	0.447319844294961	0.0913
CHMP5	6.09889425269461	0.306755034457685	0.447830460540543	0.1064
GREB1	-2.06647509984868	0.306992344703425	0.448141071877956	1.6428
TEX14	-1.26043717693289	0.307072275554945	0.448221912731357	1.0083
GPR132	-2.06804871535594	0.307147090597563	0.448223603992734	1.6172
GOLGA6B	-2.06804871535594	0.307147090597563	0.448223603992734	1.6172
LINC01268	-2.06804871535594	0.307147090597563	0.448223603992734	1.6172
CD81-AS1	-0.935951166354933	0.307817215317771	0.449165620880923	0.7213
HIST1H2AI	-0.779655158268906	0.307976401624915	0.44936198753712	0.6785
NFKBIA	4.20075346269117	0.309780929289859	0.451850482991025	0.1319
SLC10A1	-2.06858189875235	0.310202962884461	0.452393776195776	1.6247
PEX12	2.69006340077192	0.310871881964569	0.453224491067335	0.1938
NTN5	-0.67277644761385	0.310992680941791	0.453364400165563	0.7668
WDR45	3.26792892199495	0.311116208239131	0.453452513929695	0.1723
HIST1H4E	-1.21117496911026	0.311148815334899	0.453452513929695	0.8576
CCDC30	1.72622622700003	0.311291259695848	0.453618553400973	0.2551
SMEK2	7.09436484938498	0.311575784213226	0.453960695658153	0.0908
OGDH	6.93810170754923	0.311721330768419	0.454070593294608	0.0928
LOC414300	-2.06594116475116	0.3117507020352	0.454070593294608	1.6351
SIX5	3.9040232864213	0.31199907133523	0.454305843213836	0.1793
LOC102723534	-2.0675153424171	0.312011758447364	0.454305843213836	1.6032
TM4SF4	-2.0675153424171	0.312011758447364	0.454305843213836	1.6032
MACROD2	2.31287271331793	0.312481239864298	0.454854943663555	0.2745
POGLUT1	3.56036711196332	0.312758170106112	0.455138553484032	0.1461
DCST2	-0.00356147189453945	0.312923856034338	0.455243097939287	0.5016
ANKRD53	-1.98142913299534	0.313202526882716	0.455531017429164	1.1007
ZNF558	4.31778273371213	0.313745256184859	0.456211341848729	0.1517
ITGA2B	0.949025895677763	0.313870593570118	0.456328385070949	0.4237
VPS9D1	2.90256649730676	0.313884314430336	0.456328385070949	0.1905
MIS12	5.15287583517398	0.313900737276565	0.456328385070949	0.1025
ZNF527	2.24779797908429	0.314119588076432	0.456610175963321	0.218
SPI1	-2.15946411441399	0.314851949166878	0.457529028416026	1.4006
SMG6	5.62703172230468	0.315181521809213	0.45797149491794	0.1001
LOC101928465	-0.288370354550035	0.315257240240417	0.458008608772009	0.5796
KIF5C	-1.11380894927957	0.315474155317085	0.458287274565824	0.7797
CEP89	4.41565125318188	0.316370216089771	0.459369654413017	0.1247
HOXA11	0.88510484671284	0.316781201057134	0.459929823962068	0.3568
THSD4	4.84837251841172	0.316807279729932	0.459931109244503	0.1102
LOC105369337	-1.54379342080294	0.316878556290628	0.459998006014766	1.129
SNORD91B	-1.4827019272235	0.317094495705875	0.46027487585326	0.8797
C16orf45	-0.975899962587254	0.317289276450887	0.460520491810776	0.851
BOLA3-AS1	-0.745808742041851	0.317339383598793	0.460520491810776	0.6959
SNORA4	-0.745808742041851	0.317339383598793	0.460520491810776	0.6959
FAM71F2	-1.16101128802214	0.317604809080708	0.460832410950359	0.6971
GNG3	-0.423922088299055	0.317730832486366	0.460978628138846	0.5768
C6orf163	0.288952401412359	0.317769587494234	0.460998219111152	0.4652
SEMA6B	2.34656151929868	0.318435820916534	0.461891335345006	0.2158
ZNF410	5.29508982442704	0.318538323672775	0.462003307934391	0.1129
PCBP1-AS1	2.16448178957554	0.318668718600473	0.462155713915652	0.2162
RPGRIP1L	4.46891898562379	0.318747434273733	0.462233152760448	0.1291
LOC105375039	-2.15999854575901	0.319404785877758	0.463039289365866	1.4179
DAZAP2	7.35785806790426	0.319681976722883	0.463367540059782	0.0886
DPH1	2.96466033916647	0.320065906647981	0.46381355705394	0.1852
SPRED3	0.765573632692831	0.320188738630849	0.463954727553359	0.3393
ZNF330	4.93272036657929	0.320415348707873	0.464172560388107	0.1043
ARPC5	7.80556986657224	0.320560503802567	0.464309152445229	0.0853
GNAS-AS1	0.935341276893942	0.320644837749158	0.464394459178789	0.3545
RASSF4	2.20041663904447	0.320778363662809	0.464550992148838	0.2166
IL2RB	-1.54431438420637	0.320990174624098	0.464747135215919	1.124
PRUNE2	-1.54431438420637	0.320990174624098	0.464747135215919	1.124
CCDC79	-1.48322229563491	0.32118509363135	0.46495559982031	0.8751
ASAP1-IT2	-1.48322229563491	0.32118509363135	0.46495559982031	0.8751
NPIPB9	0.161541161403487	0.321420380944544	0.465148670196083	0.4642
FAM134A	5.474168971212	0.321778603034144	0.465556362101073	0.1135
L3MBTL1	2.63758027164344	0.322111164847697	0.466000588434865	0.1807
C16orf58	5.51214371706571	0.322515728867401	0.466521979347432	0.0935
FAM126B	3.95186312545937	0.322522672071864	0.466521979347432	0.1641
CYP1B1-AS1	-0.45041699371212	0.322584603215601	0.466574593273967	0.6208
SLC7A1	6.73779923109593	0.322810692547147	0.466864612464605	0.0853
TMEM56-RWDD3	-0.48085761983008	0.322854296255244	0.466890686980017	0.5825
BTG4	-1.60728326438869	0.323074149899327	0.46709762259936	0.9884
LOC105372280	-1.60728326438869	0.323074149899327	0.46709762259936	0.9884
ERICH2	2.06460067405553	0.323109648841212	0.467111953535411	0.3005
LINC00938	3.25095110288795	0.323969911541207	0.468256392258897	0.1583
SRRM2	9.38723093014005	0.324628722564308	0.468986341306262	0.0898
ZNF483	3.47367045918161	0.325648178819685	0.470297694211864	0.1494
LOC101928701	-1.60675324383551	0.326259328923686	0.471068515408953	0.9835
C16orf70	3.86068184954604	0.326403156662478	0.471201647005392	0.1333
KRT7	10.6613180527005	0.326646044772136	0.471514999079633	0.0884
KRBA1	2.46630647956196	0.326712352090554	0.471573426610148	0.228
LOC643770	-0.780151645327961	0.326877479255932	0.471744617763448	0.619
ZNF771	3.12959718538161	0.326882636651381	0.471744617763448	0.1891
ARHGEF5	4.65812877745756	0.327133966055958	0.471995391157637	0.1084
TRIM41	6.09233619870234	0.327287766583841	0.472145919807873	0.0877
SCD	9.51741273713571	0.32735460264592	0.472201771958274	0.0824
PCBP4	3.40375326732734	0.327382377881491	0.472204526396816	0.1937
GABPB1-AS1	2.48624312194801	0.327459600796517	0.472241288580553	0.2243
SCAI	4.7747992100125	0.328015332958466	0.472930652226327	0.1201
BFAR	0.814558768472548	0.328219407424654	0.47315015018513	0.3566
NAA60	5.39968595274534	0.328390004468097	0.473296350492576	0.0931
DNAJC27	2.29930535257916	0.328853281383739	0.47380202864348	0.2441
TRNV	0.18501358280873	0.328988320406182	0.473959183817492	0.5025
MTMR1	5.96775233090056	0.329671429769962	0.474793438141404	0.0868
LRRC2	-0.0681274306667164	0.330727575025321	0.475976555747912	0.4717
LINC01547	0.308440728673907	0.331424868542862	0.476867307701646	0.3836
PAF1	6.44976458961058	0.331575327410755	0.477046195697907	0.1136
FAM20C	4.25580601482758	0.331761285658519	0.47720091640261	0.117
LOC102723582	0.426390293598217	0.331963862130926	0.477454681088961	0.3817
DRICH1	-1.15945106100775	0.332561888612492	0.478126463892712	0.7106
C17orf85	6.27186568235518	0.332743678415179	0.478350153015789	0.0846
CCRN4L	2.38677194506747	0.333106681448035	0.478834297363412	0.1958
CLDN6	-2.0685728841959	0.33317783120013	0.478898865159402	1.5816
INTS6	4.9983116297371	0.333374013581991	0.479029987560239	0.0981
GCLM	8.57631690102879	0.334993546171934	0.481168164194563	0.1055
MT1X	4.44519060699545	0.334993830352371	0.481168164194563	0.1775
NAP1L1	9.65932501009047	0.335203749792676	0.48143180365157	0.0815
PARD6G	-0.021444769643213	0.335903236637199	0.482322596197003	0.5258
DBIL5P	0.218419898607199	0.336187115898881	0.482654292847591	0.417
INTS6-AS1	0.236507706842887	0.336895445660853	0.483595160873135	0.3742
ST13P4	0.12276758674473	0.337365491296774	0.484193742854866	0.444
SPG7	6.04456365559121	0.339293554349128	0.486616633529554	0.0998
ZNF816	3.27638752124804	0.339449057963458	0.486801414154038	0.1658
SSSCA1-AS1	0.34534743004489	0.339572638136124	0.486940388171635	0.3982
LOC100507437	0.100856211655219	0.339884922258755	0.487349916804573	0.5046
ANKRD65	2.95139999792586	0.340104464991706	0.487626412698389	0.1683
SNTA1	2.76002057631521	0.340344363487405	0.487879528273883	0.2542
FBXO33	3.90540761067808	0.340361178357591	0.487879528273883	0.1417
FLNB	8.93343650712217	0.340830479390674	0.488513875461737	0.0828
EMBP1	0.94001178289049	0.341780242872102	0.489721380886359	0.4006
FOXO3B	3.39273412511557	0.341946781717105	0.489921554467703	0.1473
ARMC1	5.42514987645081	0.342117114168162	0.490127131464645	0.0959
TRMT112	7.07635617820138	0.342201917631073	0.490167057073991	0.0851
MAML1	5.82998790533705	0.34222553185063	0.490167057073991	0.0978
ESCO2	4.45703964855667	0.342695234759365	0.490724308241193	0.1158
FES	-0.71203994984452	0.343193704683698	0.491293326679569	0.608
LOC729218	2.52440651094054	0.343302211982516	0.491375804558608	0.1954
ERCC4	4.38643095593285	0.343545726176434	0.491672215198885	0.118
UBAC2-AS1	0.717715503245512	0.343721073745398	0.491807502335291	0.3554
LOC339803	4.09822830940049	0.343867013933011	0.491977759119204	0.128
EIF5B	8.56269990702368	0.344002948310764	0.492133674818691	0.1071
GABRQ	-1.06624392111603	0.34435777774886	0.492564098611861	0.6557
COPB1	7.08273174315903	0.344450983218826	0.492658817740747	0.0825
ARHGEF10L	3.41873077789069	0.344480733533882	0.492662770967062	0.1411
SLFNL1-AS1	1.82032172356126	0.344509047046849	0.492664668877273	0.221
HSPA1A	-0.192535380774082	0.344889806497959	0.493170541820847	1.0526
SEC24B-AS1	-0.641164775131875	0.345665550395985	0.494202387659887	0.5694
CCNT1	5.84516297968387	0.345995695198109	0.494631272139533	0.1123
LYPD6	0.237677664154394	0.346118587998987	0.49473386646645	0.4407
GHET1	0.310416648074665	0.346500666251536	0.495185506273237	0.3876
PIK3IP1-AS1	-1.48427036775523	0.346515931345344	0.495185506273237	0.8716
ST8SIA4	1.82011477043721	0.346719824219683	0.495438095722803	0.2402
MT1G	-0.640136313570438	0.34752776566239	0.496553720742943	0.5693
PPM1J	0.923346613272902	0.347715829173068	0.496666941349154	0.3581
CPLX1	1.29278221788415	0.347760025214794	0.496691207973813	0.275
DAPK3	4.47102395839193	0.348067367615973	0.497091282421747	0.1211
RGPD1	-1.15975890044038	0.348131106203983	0.497143419497803	0.9111
CLEC4A	-1.3671236157099	0.348444474570436	0.497552000606796	0.7968
ADAMTS14	0.672233338975733	0.348565941863281	0.497686519212893	0.3644
PSD	-1.02455582338265	0.348976220952238	0.498194392375982	0.7332
RPS3	10.8227000813809	0.349340321803032	0.498675182956929	0.1136
ASB3	0.70192668121058	0.349558241024568	0.498947243795506	0.3592
CASQ2	-1.42339862472042	0.349642402152753	0.499028355382742	1.0088
TXLNB	-0.897180426215685	0.34992451064035	0.499344695745311	0.6523
SMAD3	6.60465715179046	0.34994610195911	0.499344695745311	0.0829
TMEM204	-0.979715908631292	0.350419530973435	0.499870442157714	0.6037
MIR141	-1.42306867622209	0.350424075303156	0.499870442157714	0.668
FAM71D	-1.42306867622209	0.350424075303156	0.499870442157714	0.668
AURKC	-1.11120822589582	0.351270373778398	0.500921101679303	0.7834
TTC39B	1.84219620520472	0.351400459587632	0.501067467799095	0.2371
TRIM59	4.7162496901812	0.35164341210212	0.501357287646387	0.1092
AGK	4.44758216312824	0.351685513297894	0.501357287646387	0.1169
Sep-02	9.53084189808274	0.351686099123555	0.501357287646387	0.0783
RNF145	6.20230612052611	0.351742704958607	0.501398830461804	0.0845
POU2F1	6.05959010228544	0.352550878378405	0.502315526081024	0.0831
CCDC121	2.25133242950419	0.352850369390004	0.502663780225042	0.2109
XPC	4.77091549706569	0.352975252651886	0.502802451030963	0.1052
ERVMER34-1	0.199106230369587	0.353277996107361	0.5031944368367	0.4383
CATSPERG	0.0195185664716529	0.353638110793092	0.503560225448204	0.4646
TLR6	3.97709135727207	0.353678620945023	0.503568624549395	0.1295
PAAF1	4.77955114356138	0.354412696232425	0.504495764711046	0.1175
GSKIP	3.44363385141596	0.35508556580353	0.505240106730939	0.1417
NIPA1	5.16985698547275	0.355151940255615	0.50527227410431	0.0981
PRKCE	3.91056808828711	0.355201409353117	0.505303275083807	0.1298
PRKRIP1	0.0619363878798965	0.355363899397349	0.505495040314633	0.4427
CA5BP1	3.36271777016176	0.355405436946768	0.505514737584744	0.1461
ADAM21	-1.36764304301066	0.35566474684586	0.505804753323831	0.7907
FLJ31104	-1.36764304301066	0.35566474684586	0.505804753323831	0.7907
PPIP5K1	3.55597585659239	0.355940579579343	0.506157596261137	0.1443
LOC105379194	-1.89750601993405	0.356370062173388	0.506689396809764	1.3198
LOC401052	-1.42287068621608	0.356460057693357	0.506738421838493	1.0021
LOC103611081	1.90418118292432	0.357183568642722	0.507538298241646	0.2703
PCDHB4	-1.3096544416369	0.357189529787942	0.507538298241646	0.9036
BRCA1	6.29775597031732	0.357590766213605	0.507959836974298	0.0843
GSDMA	-1.89697370678144	0.357653141129909	0.507959836974298	1.3149
NMBR	-1.89697370678144	0.357653141129909	0.507959836974298	1.3149
LOC101928525	-1.89697370678144	0.357653141129909	0.507959836974298	1.3149
CENPT	4.22476843358985	0.357874667524125	0.508234922623138	0.1186
MIR6775	-2.15947328470945	0.358113431103497	0.508455342839123	1.4895
LRRC27	2.35991064129361	0.358487122340302	0.508867188044829	0.1886
SNORA32	1.43637035242418	0.358553289497909	0.508889516006544	0.2644
IKZF3	-1.89802941667772	0.358883976353009	0.509232540984029	1.3143
VPS33A	4.87164639238663	0.358978420073983	0.509326963306958	0.095
CETN4P	-1.8969824396992	0.360152693462339	0.510794559652614	1.3267
FILIP1	-1.8974972891909	0.360363293717466	0.51105354541335	1.3079
FAXDC2	0.562009123723832	0.360720405899843	0.511520252455144	0.3358
DDAH2	-1.42254836350225	0.360927596389877	0.511734560398694	0.6763
GORAB	3.59672807688346	0.361625116149054	0.512441576299188	0.1791
HTRA2	2.59882142078445	0.361650814474077	0.512441576299188	0.1776
ATP6V1B1	-0.340889567406794	0.3618322629571	0.512581982052764	0.5949
WDR13	3.78271331803303	0.361843878374333	0.512581982052764	0.129
RNF115	4.46783364727316	0.361877991659953	0.512581982052764	0.1094
PARP14	5.36580494240231	0.362334430660206	0.513171246402848	0.0954
SNORD45A	-0.0634112244142976	0.362556793264921	0.513446343793685	0.5443
GRAMD1A	4.29513599176971	0.36268827681482	0.513592707223964	0.1197
TRPS1	3.75481667806269	0.36276688675198	0.513664180915547	0.1276
ZCRB1	6.07411352046997	0.362815400371934	0.513693031579807	0.1221
TRAPPC2B	3.27220671629453	0.362923062376323	0.513765774406185	0.1601
LYRM7	4.61650928537869	0.363031411832938	0.513871553909544	0.1191
LRRC75B	-0.184547979919792	0.363451104306887	0.514234159515347	0.4467
MIR221	-0.48259779795208	0.36361393467956	0.514424673861598	0.5044
ZNF358	4.79755082804875	0.364791368197633	0.515970498010071	0.1159
ATP5O	6.8852219170421	0.364876283899304	0.516050622781663	0.0918
KLB	-1.11484248536992	0.365033815599049	0.51623342920259	0.7429
IPO9	7.17932518954484	0.365153423230223	0.51636257896909	0.0765
HTR7	0.725203692795473	0.365198686438788	0.516386586602626	0.3214
UPK3A	-1.82034563271825	0.365361027254828	0.516536119690556	0.9465
ASB16	2.12569206409155	0.365423858087675	0.516584942949404	0.198
ELMO1	2.38536507071633	0.365713337737781	0.516954138113894	0.2057
C4orf46	4.92503457741625	0.365919822768098	0.517165927417697	0.1102
P2RX5-TAX1BP3	0.804287119551156	0.366765972675719	0.518170046186296	0.3045
TEF	4.18416258836775	0.366772202937079	0.518170046186296	0.1379
TTLL9	0.2149514979442	0.366909363827637	0.518283607709482	0.4132
CDC16	5.79791740684911	0.366980151392351	0.518303391909234	0.0901
CRIPAK	2.73190990542943	0.367383874325743	0.518828075126377	0.1629
RPL23AP7	2.41840296728129	0.367663532147505	0.519148073546667	0.1944
TIMM23B	3.3494856335741	0.367747818337152	0.519226927421737	0.1635
LINC01461	-0.979521583125999	0.367970672638396	0.519501399712827	0.812
NBPF10	1.45951901410457	0.368314016735745	0.519865524163272	0.3091
PGM3	5.23792027084869	0.369616203863758	0.52158254755637	0.0881
MIR613	-1.89591725369901	0.370379905259504	0.522458317912031	1.3121
CCDC87	-0.897676480944743	0.370523110354129	0.522619941483812	0.5726
BRWD1-AS1	-1.81982283974751	0.370676025717646	0.522754849401418	0.9598
RAB40A	1.00774636477566	0.370778031601974	0.522858314917784	0.2877
C10orf88	2.89866135397215	0.371288570010372	0.523497384469366	0.1747
FAM133DP	0.814068541818181	0.37143455505762	0.523622334913661	0.3255
RAPGEF4	-1.48060289213297	0.37215912916141	0.524481786472958	0.882
BVES-AS1	-1.89802068810835	0.372263931488367	0.524548497472339	1.2906
LOC171391	1.6449162460165	0.373011161096597	0.52552027758755	0.2486
LOC100129098	-1.36869655255491	0.373437672839672	0.525999394750487	0.8021
NHLRC3	4.13814607721147	0.373524470514852	0.526081062622986	0.1178
OTX1	2.40752146300753	0.373673973756725	0.526210433886361	0.1915
PNMT	-1.16027669344488	0.374091610255796	0.52671729421794	0.8829
ORAI2	5.51285781277073	0.374368876742509	0.52706703276095	0.1083
PGBD4	1.46748118109944	0.37449692868529	0.527206657162141	0.3062
DDX18	7.71540940965776	0.374906853724359	0.527661670001688	0.0754
ZFYVE9	4.97463932365199	0.375056542085245	0.527831655281239	0.0906
ANKS1A	5.41732908179797	0.375901156312627	0.528737359680525	0.0868
FBXL19-AS1	3.70529045839441	0.375919485383414	0.528737359680525	0.1213
CBX6	7.06591554560886	0.376367948119438	0.52926923901313	0.0739
LINC00896	-1.31246455318367	0.376684999085181	0.5296742927905	0.6159
UCP3	0.203576328098656	0.37682902843069	0.529795205470209	0.458
MED7	3.93846365660824	0.377041848576983	0.529978554541744	0.1163
DHX58	2.31337889134244	0.377322301365674	0.530202888987973	0.2392
SYTL1	3.4056802715565	0.377396873510533	0.530265108132199	0.1393
SNORD21	-1.3119379007324	0.3774246721664	0.530265108132199	0.6125
LOC105376780	-0.860653402863774	0.377601553796702	0.530472794621977	0.8005
LOC148709	-0.60965186843797	0.378236748852647	0.531324260315015	0.6238
PPL	7.68008442082628	0.378512596095007	0.531629939553042	0.0774
ANGPTL3	-1.97825834620586	0.378689826719624	0.531797036661035	1.1011
TEX15	3.55912914146103	0.378859335563961	0.531916938362465	0.1352
SNORA75	-1.89770681802575	0.37886860511879	0.531916938362465	0.7586
LINC00592	-0.185075100209179	0.378891754298066	0.531916938362465	0.5883
ALOX12P2	-1.26063381123913	0.378934121475772	0.531935511085098	0.7335
ZNF699	1.21312082986078	0.380663207558412	0.534123247886413	0.3131
LDHAL6A	-0.896634309650554	0.380668140789336	0.534123247886413	0.5627
SAMHD1	4.51093066113927	0.380934240110476	0.534455540075073	0.1015
VPS26A	7.7736219428863	0.381317956067536	0.534952786134553	0.0744
LRRC58	6.97573331422045	0.382069793643838	0.535760515612712	0.0771
HSF2	4.50641477482452	0.382143501486586	0.535781565405047	0.1007
AANAT	-1.31226743325011	0.382229774221962	0.535861369850725	0.9129
LOC101930010	-0.898717963489305	0.382665096865737	0.536206635663455	0.5813
LINC01140	-0.392399225559394	0.383354243926105	0.537025404935157	0.6031
NPY1R	-1.26065577197998	0.38351773042959	0.53714134175514	0.8374
CD33	-2.36706810848609	0.383959738696363	0.537350601404628	1.9188
LOC100506514	-2.36706810848609	0.383959738696363	0.537350601404628	1.9188
CLVS1	-2.36706810848609	0.383959738696363	0.537350601404628	1.9188
GRIA4	-2.36653260947167	0.384110809476302	0.537350601404628	1.9122
F2RL3	-2.36653260947167	0.384110809476302	0.537350601404628	1.9122
GBX1	-2.36653260947167	0.384110809476302	0.537350601404628	1.9122
TMEM160	3.75400076154559	0.384234951777295	0.537416970280472	0.2006
MBOAT7	2.2641136017421	0.384559362208592	0.537416970280472	0.2616
LOC105378775	-2.36759396022984	0.384712282004671	0.537416970280472	1.9117
LOC101929224	-2.36759396022984	0.384712282004671	0.537416970280472	1.9117
CASC18	-2.36759396022984	0.384712282004671	0.537416970280472	1.9117
THSD1	-2.36759396022984	0.384712282004671	0.537416970280472	1.9117
RIMBP3	-2.36759396022984	0.384712282004671	0.537416970280472	1.9117
PILRA	-2.36759396022984	0.384712282004671	0.537416970280472	1.9117
STAR	-2.36759396022984	0.384712282004671	0.537416970280472	1.9117
LINC01572	0.180676139646174	0.384797698357179	0.537416970280472	0.3451
CCDC27	-2.36705865093241	0.384872018570681	0.537416970280472	1.9045
FAM110D	-2.36705865093241	0.384872018570681	0.537416970280472	1.9045
SDCBP2	-2.36705865093241	0.384872018570681	0.537416970280472	1.9045
GPRIN3	-2.36705865093241	0.384872018570681	0.537416970280472	1.9045
TCF24	-2.36705865093241	0.384872018570681	0.537416970280472	1.9045
LARP1B	5.61223116801151	0.385008257854086	0.537445385791726	0.0814
DNHD1	2.33030264130036	0.385091878399851	0.537488639357323	0.1764
NDUFA4	7.98668663561458	0.385147357472042	0.537488639357323	0.0961
LOC101928491	-1.02475694639348	0.385520468339232	0.537831397676985	0.5485
DCAF10	4.98686810128978	0.385735312415999	0.53804888932354	0.089
LOC105378828	-0.208596500812321	0.386248350710799	0.538723347129372	0.4178
C7orf25	4.25070752867846	0.386318294643537	0.538779739267564	0.104
CARNS1	-0.0892209629701474	0.387755019854998	0.540396173051777	0.4233
ATXN7L3B	6.62660519865817	0.387800664851821	0.540396173051777	0.0843
NPSR1	-2.36654206973484	0.388302490684832	0.540927147649164	1.9313
APOBEC2	-0.451421698807335	0.388464198434287	0.541042389178761	0.5213
UBQLNL	-2.36600638087237	0.388533398451663	0.541042389178761	1.9218
SYNJ2BP-COX16	-2.36600638087237	0.388533398451663	0.541042389178761	1.9218
KLHL41	-2.36600638087237	0.388533398451663	0.541042389178761	1.9218
C3orf20	-2.36600638087237	0.388533398451663	0.541042389178761	1.9218
DDR2	-0.895610161119442	0.388766650823086	0.541325907819865	0.5833
INTS4P2	-1.02040503079778	0.38899323251187	0.541600095541238	0.7485
ACSF3	3.73646149595102	0.389212491251055	0.54180957922866	0.1297
ACSM3	0.286802162648683	0.389563652904037	0.542187546498139	0.4045
RCHY1	3.69370999588271	0.389617494720465	0.542221145267328	0.1273
FAHD2B	3.20763910247547	0.389705943770737	0.542302897284745	0.1518
TRNQ	-1.26115212260522	0.389827809482262	0.542431134901538	0.7262
COPB2	8.00388929291142	0.39003080622431	0.542602403895831	0.0733
CLEC2D	4.07703811840327	0.390040060600624	0.542602403895831	0.1276
ZNF230	2.27896595087231	0.39010532304649	0.542610497336131	0.1799
PHLDB3	3.4602211779926	0.39056999987663	0.543174062447456	0.1394
GLIPR1L1	-0.819575172439292	0.390941161170723	0.543648829854716	0.542
TMEM79	2.89295807417347	0.392084098581004	0.545072137046514	0.1502
ADAR	7.76256854269932	0.392164680571053	0.545142648938182	0.0828
ERCC5	1.05763247586365	0.392585869651797	0.54560350459525	0.3203
LOC105371164	0.235518006513035	0.39316195216726	0.546320946777706	0.3683
NLRC3	0.731446912885924	0.39354344209899	0.546695568097219	0.3212
KLK14	-2.36811962509562	0.393581280209342	0.546695568097219	1.8967
STX16-NPEPL1	-2.36811962509562	0.393581280209342	0.546695568097219	1.8967
PTPRCAP	0.425899212101086	0.393719914625205	0.546804926694388	0.3664
ZDHHC11	0.806677855380829	0.39389076518011	0.546911796349706	0.3087
HPCA	-2.36758450538425	0.393916696439652	0.546911796349706	1.8827
LOC283731	-2.36758450538425	0.393916696439652	0.546911796349706	1.8827
FLJ36777	-2.36758450538425	0.393916696439652	0.546911796349706	1.8827
HOMER1	4.58084548924535	0.395090864203628	0.548333496799562	0.1173
ERN1	1.76294390421452	0.395392537438077	0.548627055063429	0.2092
AIFM3	0.722970870899321	0.395971343329935	0.549346671010814	0.358
VMA21	6.84847511969684	0.396378870417498	0.549786708580903	0.083
ZNF384	6.27993051921521	0.396616780813203	0.550074903177531	0.0789
RAB40B	2.19325940984307	0.396862846834993	0.550332558436736	0.1852
UTS2	3.32678756465935	0.396928935122991	0.550340596916938	0.1322
CTGLF12P	2.08327386623417	0.397304090403867	0.550818915128569	0.1984
EXTL2	5.00932075379324	0.397943911383265	0.551412830832098	0.0993
LINC01315	-0.15889515689711	0.397986107919303	0.551429446430995	0.4806
HEATR4	-0.81855329315075	0.398363190953936	0.551857945780927	0.5591
LOC100506844	1.9939357456503	0.398410973941413	0.551857945780927	0.2809
ZNF557	1.31236656973825	0.398434828395534	0.551857945780927	0.3272
SIAH1	3.28246444259891	0.398446515301183	0.551857945780927	0.135
UBXN1	6.73840429007403	0.398482663158805	0.551866143121464	0.1171
FAM109B	-0.781698475434075	0.398644029438537	0.552047466623824	0.6157
YIPF6	6.33853303656674	0.398674068797573	0.552047466623824	0.0735
RBM43	3.002939333284	0.398744834163346	0.552103579255673	0.1563
SYCE2	1.13577102333961	0.399268274858853	0.552786411786987	0.2744
ZNF708	2.99573330579197	0.399323482884756	0.552814987853067	0.1514
SPDYE17	-1.4800816229449	0.3993902033164	0.552827837222298	0.8972
RABL2A	2.14331017326025	0.399750458882274	0.553244210245986	0.2269
JAKMIP3	2.69963694473655	0.399901436498951	0.553411205634085	0.159
CRYBB3	0.271679796337171	0.400066913719431	0.553556281405331	0.3658
GALK1	2.03744965111715	0.40088306469949	0.554559462692573	0.1905
RNF10	6.57749535784424	0.401027572319715	0.554717332949592	0.0733
CCDC17	0.0791118890103217	0.401115262943931	0.554796593704401	0.4014
PDZD8	4.55948830958532	0.401471730230546	0.555163453044148	0.1062
TMEM161B	4.55694680060782	0.401540796421731	0.555216046583573	0.1046
PDZK1P1	-1.74540126748123	0.401570589345393	0.555216046583573	1.1166
UPP1	5.83364644528544	0.401691660061081	0.555341381755024	0.0876
RN7SK	-0.367935965041807	0.401828814478666	0.555488932085607	0.4296
LOC102723665	0.213466400683826	0.403176793229175	0.556804261834618	0.4189
DENND5B	4.04029079171972	0.403448892508988	0.557137895737071	0.1079
LOC101929448	-0.783249616710803	0.404387279040658	0.558264834102106	0.6186
TGDS	3.46234200744685	0.404557823883468	0.558458044069308	0.1199
CCDC181	-1.20875280709953	0.404723903730419	0.55860282652926	0.5746
CCDC170	-1.20875280709953	0.404723903730419	0.55860282652926	0.5746
FRMD8	4.85507202967772	0.405395982489036	0.559361277025157	0.0969
UGT1A4	-0.365902927973557	0.405481404416723	0.559436859056204	0.4379
AFTPH	5.89396938476112	0.405660758272584	0.559642016400233	0.0749
AMZ2	6.15454998032532	0.405959584517623	0.559927332649873	0.0819
FPGT	3.45732778977483	0.406080615993544	0.56005195479173	0.1672
SLC30A7	5.16976873465493	0.40615724261276	0.560073013153451	0.1002
IDI2-AS1	-0.00123378789891761	0.40641737070802	0.56038938970133	0.4059
METTL21B	3.06265247743556	0.406513116882253	0.560479077245102	0.1438
DGCR11	-1.74487019368645	0.406744484974763	0.560620063690172	1.1097
SNORA24	-1.74487019368645	0.406744484974763	0.560620063690172	1.1097
ASPHD1	2.45409274011863	0.406768917815514	0.560620063690172	0.1867
JMJD4	2.46996656003642	0.407318422615797	0.561335028555446	0.2073
FAM50A	5.9263620349155	0.40762737913858	0.561506484083145	0.0835
CYGB	0.579143454865904	0.407845774662559	0.561764936037398	0.3534
CCR10	-1.7443473821543	0.408123954877409	0.562063286077398	1.1156
MLLT10P1	-1.7443473821543	0.408123954877409	0.562063286077398	1.1156
BMS1P4	2.67539908571208	0.408344572387814	0.562324697406044	0.1532
SNORD14A	-1.31195282322561	0.409101642499952	0.563272949514258	0.6493
SLC41A1	5.4660966672678	0.40951982741965	0.563773016316502	0.0789
TCEANC	0.346370349878661	0.409610540168635	0.563839370944203	0.5006
ALOX5AP	-1.25906317004496	0.409899489256585	0.564046349994725	0.7285
GID4	4.40745557420141	0.409903753581289	0.564046349994725	0.0963
RGPD6	0.84798613578592	0.410079542803522	0.564245714005208	0.506
SPDYE18	-0.422068163148997	0.410388328790789	0.56462803002522	0.4513
P3H4	4.77473561100995	0.410701428170912	0.564973647252519	0.0878
LOC105372493	-0.782211800143676	0.410812841096465	0.565084329947037	0.6056
MAP1LC3B2	0.407125036879315	0.410953166582477	0.565234762987245	0.3909
FAM111A	6.85720596934663	0.410994485206342	0.565249007226682	0.0721
SLC26A8	-1.89718330669725	0.411363378183022	0.565585918971928	0.8149
TPTE2P5	-0.312880316038217	0.411518006521409	0.565713307760153	0.4119
LOC100507506	-0.312880316038217	0.411518006521409	0.565713307760153	0.4119
CEP290	5.5434711035504	0.411658617120635	0.565863994740932	0.0814
TEAD3	4.98274487113964	0.412224677440078	0.566556780196195	0.086
DNM1P35	-0.744974947690051	0.412411280846405	0.566727914424687	0.5345
CYSTM1	4.13892449332955	0.41281669434204	0.567242328158083	0.1016
TMEM173	3.22999920829514	0.413077758010798	0.567515953779456	0.1344
LOC101927018	-1.26167025756543	0.413078001414407	0.567515953779456	0.71
RNF19B	4.36170527522798	0.413494363821916	0.56800249104085	0.0969
TRPV4	1.56713234560939	0.413656671490128	0.568128050460009	0.2327
RYK	7.18170292782771	0.413973589643175	0.568446923845491	0.0681
LRRC34	3.59348507619723	0.415031852177746	0.569728663309793	0.1257
CFAP52	-0.0233220530522973	0.415244446949656	0.569934788625886	0.3785
CHP1	6.99903821391387	0.415753646673349	0.570547889473702	0.0719
NLGN1	-0.206373947749756	0.416096524784494	0.570975507852205	0.4862
ANAPC1P1	-1.20980350290912	0.416254596059821	0.571063643621259	0.5877
SNORA71B	-1.20980350290912	0.416254596059821	0.571063643621259	0.5877
YAE1D1	4.28204391045761	0.416298582758261	0.571081073552361	0.0983
RAD21-AS1	-0.2313598947248	0.416965672051088	0.571824317079678	0.4874
LOC101928592	1.05425005649525	0.41706104692061	0.571869195777576	0.2782
KCNJ13	-0.814938506932026	0.417165495369336	0.571969454259302	0.6402
MAP3K3	3.92073952381065	0.417683527074441	0.572523589502983	0.1078
PET100	6.67119377643387	0.417695096877204	0.572523589502983	0.1065
LOC102723743	-0.855674043909023	0.417883432329011	0.572678325958827	0.6478
VPS45	4.90055484902956	0.418070827596912	0.572866548720951	0.0842
LMF1	2.57806853521609	0.418104168012248	0.572867614097384	0.1631
TMEM220	-1.16204586396499	0.418552662278546	0.573311629843723	0.6867
LOC101928063	-1.16204586396499	0.418552662278546	0.573311629843723	0.6867
ADAL	4.13297642341694	0.41870968125914	0.573434224266605	0.1031
ZNF19	1.46219564243746	0.419331724654104	0.574206418038203	0.2443
LOC100294362	0.0218485131864252	0.419949785554249	0.574923380958257	0.3618
WDR86	0.57590739151359	0.420087510354551	0.575068805416369	0.3441
SNORD16	-0.940285972186063	0.420363004468284	0.57531651619859	0.5271
RABL2B	4.79946436483855	0.421146281009525	0.576215731552866	0.0983
COL5A2	-0.259811466545132	0.421318786330475	0.576408385396392	0.4021
MYBPHL	-1.48006585246612	0.421381809350365	0.576408385396392	0.8298
STRADA	3.7967721485	0.421424566468077	0.576423682133904	0.1081
SNORA10	-1.31330541407079	0.421594213287664	0.576526139159521	0.8762
LINC01179	-1.81876811548646	0.421627475690465	0.576528439533003	0.9626
LOC101928837	0.346829369829825	0.421933882019042	0.576871934813004	0.3621
ARMT1	4.76359699326707	0.421941879138806	0.576871934813004	0.1174
LOC105373289	0.386035066752931	0.423220201273295	0.578403053933619	0.4269
ANKRD45	-1.26219553295446	0.423307704313401	0.578479336024063	0.7175
NBPF9	3.17582860288501	0.424834849267572	0.580305649699124	0.1377
SUZ12	6.34932113217276	0.425205754978648	0.580725388111783	0.0775
NBPF6	-0.743423763128987	0.425408000497729	0.580958143109406	0.5329
MIOS	5.57069389727905	0.425645945782857	0.581239613001109	0.0775
RWDD3	3.1274899109713	0.425760376895867	0.581336210942588	0.1592
MIR4691	-1.11296333140598	0.425780372289293	0.581336210942588	0.5397
MIR4470	-1.48008950817504	0.42595716888022	0.581534106721306	0.9393
GUSB	5.35028044506318	0.426456520698791	0.582172305531827	0.0821
FBF1	3.58120125752999	0.426560588899661	0.582270832282953	0.1112
TNPO1	8.51486099783746	0.426598337654966	0.582278822596566	0.0747
TMBIM6	9.32876048750697	0.426688617796104	0.582358508259994	0.0756
ATAD3C	1.36748878614364	0.426926500965945	0.582586061665928	0.2207
PABPC3	-1.74613206320525	0.426951080139595	0.582586061665928	0.6669
SEC14L5	-1.74613206320525	0.426951080139595	0.582586061665928	0.6669
FBXO43	-0.0480612975686772	0.427403133357056	0.583076886813374	0.4147
ZKSCAN2	3.68609476727045	0.427406600533335	0.583076886813374	0.1141
CPT1C	-1.2580249521303	0.427931071404096	0.583617932134557	0.7397
HEATR1	6.30391179761659	0.428166911105976	0.583852340091925	0.0792
CYP26C1	-1.67690373442098	0.42825223579865	0.583925074071264	0.8246
TOPORS-AS1	0.343869418688664	0.428866529713429	0.584631673121891	0.347
RBPMS-AS1	-1.81770405683765	0.429002615942675	0.584773520245611	0.9432
CRY1	5.03415164465413	0.430048404302822	0.586024010521185	0.1041
SRP14	7.97980102594025	0.43052240360836	0.586538582110017	0.0928
BRMS1L	4.13352044465049	0.430832944535269	0.586830279447577	0.105
PPP5D1	-0.364883360155791	0.431082531227247	0.587109692184432	0.4407
ANKRD40	5.68093117880258	0.431102400511191	0.587109692184432	0.0739
DOC2GP	-1.31487596517173	0.431461399758646	0.587510950547761	0.8711
BMP8B	2.16766271215413	0.431814488946328	0.587860202103219	0.184
TRIP4	4.04742214462873	0.432252205525268	0.588368346560489	0.1049
YOD1	5.07229975655071	0.432351184888392	0.588459198637328	0.0872
SNX25	4.29134776977445	0.432529109552477	0.588657479050993	0.0926
SFT2D2	3.96676446881872	0.432743452385702	0.588817505161614	0.1484
NPTN-IT1	1.06183582343326	0.432791676258126	0.588839233996747	0.232
CEP44	4.58064417888564	0.432937465533157	0.588993693328363	0.1122
LOC100507250	-1.21084630555874	0.433719741706531	0.589926062032068	0.5953
C1orf220	1.3948831004981	0.434183701389787	0.590425151029568	0.2454
DCDC2B	-1.31247947313718	0.434427381119322	0.59066852384854	0.6785
MMS19	4.68782181796576	0.434516777338677	0.590746074403849	0.1115
LOC105373090	-1.16256288940472	0.434809852368998	0.590968913094581	0.679
LVRN	-1.16256288940472	0.434809852368998	0.590968913094581	0.679
MTR	5.7178243109468	0.435741819181762	0.592179747819807	0.0754
BARD1	5.31974602958115	0.435765925296412	0.592179747819807	0.0871
LCMT1-AS1	-0.674493975760359	0.436205387905568	0.592644605313988	0.5206
B4GALNT4	2.69789924683784	0.43712080057997	0.593844123782403	0.1573
CD72	-0.71120213022034	0.437222278830816	0.593937787211501	0.4519
NUDT6	1.98547270401573	0.437584020504356	0.594384961185083	0.2093
ATP5J	6.50543407053023	0.437679673019646	0.594447316696617	0.0667
C8orf37	2.69353853835917	0.437735163995659	0.594457573004891	0.1471
FAM109A	4.13594996400767	0.437886857457606	0.59448013634913	0.1002
C1QL3	1.48623637719718	0.437900460402482	0.59448013634913	0.3369
SKIV2L2	6.58456794524899	0.438002280084604	0.594535415318736	0.0662
RPGRIP1	0.484735077483807	0.438020450045848	0.594535415318736	0.3302
FBXL22	-0.607272709793428	0.438407031683689	0.594987970337174	0.4798
LRRC10B	-0.673447690243152	0.438451641375219	0.594987970337174	0.491
SNORD43	-1.06883379145646	0.438691978796075	0.595181388592535	0.6382
LIN37	2.49151734127966	0.439140466661638	0.595745586637056	0.1438
FAM218A	-1.11328500948726	0.439327233814869	0.595910393084497	0.7726
MIR3124	-1.60832643475464	0.439470760662476	0.595972233446305	0.978
THRSP	-1.60832643475464	0.439470760662476	0.595972233446305	0.978
NFATC3	5.74954304379263	0.439505813721718	0.595975498425588	0.0846
JHDM1D-AS1	-0.210102998520385	0.43955719007524	0.596000895871478	0.3882
OPA1-AS1	-1.54450503268574	0.439660045055772	0.596096084852445	0.7289
SRP14-AS1	1.4378639981197	0.43975569865497	0.596181496706159	0.2484
NPIPB6	-0.0658012764004468	0.441100846785014	0.597738795940262	0.4096
KLHL23	-1.60779677937071	0.441840273086581	0.598696357564657	0.9727
MIR25	-1.06884056346977	0.441902815995212	0.598736663856954	0.6499
WBP1	1.65639503498561	0.442006151974878	0.598787793889386	0.2045
MIR630	-1.11224351237872	0.442199819833571	0.59896553600016	0.7714
DNAH14	4.96146122012742	0.44241567066759	0.59917797487503	0.0834
PTGFRN	7.29117848171941	0.442425454717102	0.59917797487503	0.0695
ZBTB46	2.13114205801025	0.443286378878586	0.600247877843014	0.1787
DNAH7	1.12217277707267	0.443326015024382	0.600247877843014	0.2293
ZNRF2	4.95877240783857	0.4433732671805	0.600247877843014	0.0813
ZBTB43	4.17662837708722	0.443411280940623	0.600247877843014	0.1053
FNTB	2.45849309546193	0.443758470906514	0.600626827170026	0.1687
ZXDA	1.64611466443156	0.443806552274865	0.600647373291566	0.1993
SH3D21	2.74722254948737	0.443875244367414	0.600695808834062	0.1416
SSSCA1	5.09778152412363	0.4442761517391	0.601149231110955	0.0991
NAPA	5.4867687335594	0.444715284489837	0.60152843466926	0.0809
MCCC1	5.70920541024142	0.444779818674105	0.60152843466926	0.0761
LINC00339	3.15863692575172	0.44478704752412	0.60152843466926	0.1551
SETD4	3.8655404108683	0.445640097981708	0.602458947626929	0.1145
TSEN15	5.93512198862503	0.446203946224363	0.603042585302929	0.0705
SART1	6.98095801859716	0.44645074551145	0.603286810514954	0.0989
RFESD	1.37827979503192	0.446915072225257	0.603824863717013	0.216
CRNKL1	5.82779850848203	0.447272946429308	0.604121209448603	0.0742
LOC101928747	1.59917062013878	0.447299867885449	0.604121209448603	0.2284
C7orf57	0.0200295386202882	0.447624329631154	0.604469987554282	0.4262
CLNS1A	7.23859285729162	0.447783342186639	0.604639992230716	0.0757
GPATCH11	4.22213629711154	0.447902773920365	0.604711805996907	0.1014
ELOVL3	-1.60884774891599	0.448421866900771	0.605323099832925	0.9696
HNRNPA3P1	-1.54502575108942	0.448517578229549	0.605407534799161	0.7214
SYNGR4	-1.02215021398192	0.449610653100099	0.606658690539202	0.5112
BCKDK	4.78106218365787	0.449913782054433	0.607022836832882	0.0833
CALML3-AS1	0.201725103454665	0.45004595323667	0.60710912914317	0.3372
PRELP	-0.980753619477543	0.450077506234863	0.60710912914317	0.6031
GVINP1	-0.980753619477543	0.450077506234863	0.60710912914317	0.6031
C1orf204	-0.284175882899693	0.450259933084504	0.607310331613646	0.3717
RTN4RL1	-1.60674507971552	0.450401908990092	0.607412074353484	0.9692
CCDC115	4.16906714057593	0.450481761218887	0.607474887931157	0.0914
UBFD1	6.96088091336168	0.450607356317085	0.607558460450908	0.0723
DACT3-AS1	-1.81771265105504	0.451561648899172	0.608796208721903	0.9859
ZNF197-AS1	-1.67374721576154	0.451830647219963	0.609068913508649	0.8222
LOC102724646	-1.67374721576154	0.451830647219963	0.609068913508649	0.8222
ENDOD1	4.44029335074755	0.452171782773536	0.609481358603251	0.0888
NCF1C	-1.25749825031903	0.452229469601412	0.609481358603251	0.7291
MAX	5.89728715025032	0.452317703231665	0.609545433689915	0.0681
LOC102724235	-1.06830397479658	0.452411071645056	0.609604335956474	0.6144
RNF2	4.47144428808676	0.452450986495318	0.609604335956474	0.116
GSN	5.78045075078018	0.452566250772904	0.609700352306851	0.0703
LOC100507431	-1.11276089329249	0.452621257512628	0.609729462599656	0.7589
AKAP7	2.73601705869787	0.453366516778371	0.61059823904876	0.1386
PPP4R1-AS1	-0.97970940444545	0.453900735519882	0.611227545006341	0.5939
FBXO41	4.37415022262642	0.453994430610447	0.611308624076141	0.0962
STX4	5.929060209766	0.454050740376855	0.611339355138275	0.0938
RNF17	1.12912751288951	0.454116497238964	0.611382800412576	0.2443
LOC101927481	-1.02162701590775	0.454374039058791	0.611684422760659	0.5073
LMAN1	7.60782280160516	0.455649901141867	0.613266337013118	0.0665
NRBP1	6.43149858214448	0.457063245193364	0.614941897284255	0.0642
CEP104	5.22265866402534	0.457113627143241	0.614964360878924	0.0738
MCMDC2	2.12845551579872	0.457840146877762	0.615896376199279	0.1709
MYL2	-1.60800409975411	0.458069610306818	0.616159652649666	0.5946
SRGAP2D	0.21626117113067	0.458130821987571	0.616196587799684	0.3309
MFHAS1	4.28307353579184	0.45851058977598	0.616661951300301	0.0976
ND6	11.4200591752589	0.458568347434359	0.616694198951135	0.1102
FBLN5	-1.02247185958346	0.458778243981236	0.616931026968286	0.7239
FARP2	4.66431850614075	0.458847500875856	0.616949335332081	0.0854
ESR2	0.293540438581659	0.458859447586492	0.616949335332081	0.3507
CAPS2	3.74299424784182	0.459728065536437	0.617926496192577	0.1
SLC23A1	-0.211124850320714	0.459892456072541	0.618019630332006	0.4142
VKORC1L1	6.78188152649946	0.459996021063444	0.618113304911986	0.0639
ARHGEF35	3.09819805858856	0.460109994908752	0.618220951428143	0.1622
MYOF	8.66270759721521	0.460692045964664	0.618957461814167	0.0618
CHPF2	5.43514296488555	0.460834753494353	0.619058076511619	0.0848
RIC8A	6.41540370210421	0.461681542383229	0.619921906277451	0.0711
METTL25	1.59968638690088	0.461869657778789	0.620083282277509	0.2162
ANKRD50	5.54997106600042	0.46253246163582	0.620881810266436	0.07
LOC101928764	-2.16051445576448	0.462800172779725	0.621012859556535	1.3777
LOC105373071	-2.16051445576448	0.462800172779725	0.621012859556535	1.3777
LINC01213	-2.16051445576448	0.462800172779725	0.621012859556535	1.3777
PCDHGA6	-2.16051445576448	0.462800172779725	0.621012859556535	1.3777
MRPS24	-2.16051445576448	0.462800172779725	0.621012859556535	1.3777
SEC63	7.25132360592317	0.462944451284531	0.621069510776779	0.0626
TCFL5	5.1830170620529	0.4631907062384	0.621308122506965	0.0796
BHLHE40-AS1	-0.482074673013289	0.463906652088754	0.622040384908725	0.4588
LOC100129518	-0.543061618543987	0.464236207773164	0.62239085034199	0.4849
GBF1	5.65761619443739	0.464458894430542	0.622597957025037	0.072
SNX32	-0.938201094634334	0.464589542153876	0.622625088099112	0.4824
EXD1	-2.16104851077922	0.464649660399995	0.622625088099112	1.3838
EXTL3-AS1	-2.16104851077922	0.464649660399995	0.622625088099112	1.3838
PMEL	2.05644894918617	0.464751577775376	0.622695375989849	0.2259
PDE6G	-1.21011084502742	0.464864093917395	0.622729593378042	0.7828
SNORD103A	-2.15998937795754	0.464988602982619	0.622759293966011	1.3844
SMTNL1	-2.15998937795754	0.464988602982619	0.622759293966011	1.3844
LRRC4B	-2.15998937795754	0.464988602982619	0.622759293966011	1.3844
SNORA23	-1.60778861877838	0.465608908722888	0.623394799750499	0.9402
SH2D7	-2.15998021012562	0.465633845825909	0.623394799750499	1.3704
TLR5	0.529239628764949	0.465797858405092	0.623411141898193	0.3583
TMEM105	0.82913136100821	0.465807899213999	0.623411141898193	0.2476
MIR378I	-2.16103934796224	0.465883430759892	0.623411141898193	1.3699
IL3RA	-2.16103934796224	0.465883430759892	0.623411141898193	1.3699
GNAL	2.04836884179301	0.466101613193038	0.623518066274793	0.1746
RSU1	6.06846608343373	0.466224373127556	0.623636588204621	0.0673
TBL1XR1	7.55684446799889	0.466903298681036	0.624140345065634	0.0754
ZNF32-AS1	-2.16052362107312	0.467005453272562	0.624140345065634	1.3929
SNORA2A	-2.16052362107312	0.467005453272562	0.624140345065634	1.3929
C16orf89	-2.16052362107312	0.467005453272562	0.624140345065634	1.3929
MRFAP1L1	6.2653002445891	0.467279383906369	0.624315898169984	0.0703
OPRL1	-1.02423462109799	0.46787054169514	0.625059978718366	0.5259
GALNT18	-2.16157321500461	0.468045912808659	0.625065558466341	1.3767
CTAGE1	-2.16157321500461	0.468045912808659	0.625065558466341	1.3767
SNORD57	-2.16157321500461	0.468045912808659	0.625065558466341	1.3767
PARP15	-2.16157321500461	0.468045912808659	0.625065558466341	1.3767
PIWIL2	-2.16157321500461	0.468045912808659	0.625065558466341	1.3767
LINC00426	-1.42358881016287	0.468443379061034	0.625367099508179	0.6639
CA3-AS1	-1.42358881016287	0.468443379061034	0.625367099508179	0.6639
RAB30-AS1	3.2908511420107	0.46894640762451	0.625718872795867	0.1121
TAF2	5.74930911733197	0.469028849198576	0.625760800631103	0.0696
RPRD1A	4.92165731262571	0.46904638452213	0.625760800631103	0.0891
CAPN3	-2.16050529042539	0.46929945890458	0.626006935683327	1.3586
RASGEF1C	-2.16050529042539	0.46929945890458	0.626006935683327	1.3586
NAALAD2	0.589810865524736	0.469446755231325	0.626157665193473	0.2644
LOC101929125	-0.577015121508695	0.470015953434202	0.626642170882553	0.5288
KIF5A	-2.06877437022992	0.470171302230475	0.626803512013987	0.8525
AKIRIN2	5.3582025441563	0.470322671648179	0.626955919475971	0.0759
RIBC1	1.55321175138654	0.470586389863378	0.627127902280884	0.2072
C16orf46	2.34546711834137	0.471510493110309	0.628175987902051	0.1451
LOC102724668	-1.15787514481432	0.471597663156567	0.6282462739774	0.6893
ERC2	0.101858754278383	0.472762928035924	0.629706698834366	0.4457
IK	7.03833785007452	0.473371096775139	0.630334236259606	0.0921
ADAM20	-1.48269404981814	0.473441227409713	0.630334236259606	0.8705
RAMP2-AS1	-1.48269404981814	0.473441227409713	0.630334236259606	0.8705
BRWD1-IT2	-1.48269404981814	0.473441227409713	0.630334236259606	0.8705
HOMEZ	3.26656989249172	0.473644147889026	0.630558416383144	0.118
LOC100049716	2.18887167494811	0.47450817500849	0.631524476412845	0.1565
ZNF133	3.92403741366529	0.474644269819577	0.631659556045064	0.104
DDX3X	8.0180000561048	0.475312954122515	0.632411142807422	0.0616
LRRC56	-1.48164489132975	0.475459893629919	0.63256054642966	0.8699
NAT1	3.06000096869168	0.475626173597751	0.632735657305293	0.1446
RARS2	5.56464574502775	0.475818942886094	0.632945979403128	0.0669
GUSBP5	0.323459374795894	0.477302398404616	0.63464184889109	0.3214
ZNF687	4.14055130806763	0.477962219556897	0.635287825280721	0.1052
ZNF493	3.13760937002969	0.479585345999242	0.637242105238076	0.1163
BANP	4.36115278238278	0.480630300150234	0.638276479198565	0.0848
RASGRF2	0.690182908257227	0.48073016577612	0.638321033002667	0.3119
SCN3B	-2.16156405467812	0.480733779730153	0.638321033002667	1.3452
CES4A	-1.06987935346426	0.481164955530885	0.638661293308989	0.658
FUT8-AS1	-0.134840160081284	0.481930131035041	0.639630423277041	0.4153
C9orf47	0.196448829207916	0.482070483980304	0.639770191592355	0.3577
DYRK2	5.55800418844277	0.48215887710528	0.63984098716537	0.0713
TPRG1L	5.19860792219586	0.482566964142143	0.640196388153401	0.0724
HOXA9	-1.54240431232317	0.482910868894689	0.640559530810248	0.7291
PRTFDC1	4.63679785807283	0.483398898296862	0.641067142765328	0.094
NLRC4	-0.898705493725901	0.483473537772162	0.641119554410444	0.5592
FAM193B	4.34065424151152	0.484495408798627	0.642008287945687	0.0829
ZNF385A	3.79344734650343	0.484722978113493	0.642263223141235	0.1054
PSMC3IP	2.38943348812344	0.485149768147746	0.642721501971241	0.161
RALY-AS1	0.799986854191858	0.485200377523463	0.642721501971241	0.2884
MNT	4.94028299167278	0.485209670254582	0.642721501971241	0.0799
LOC101927764	-2.25887919836764	0.485565860409843	0.643099996201545	1.1137
PTGER4P2-CDK2AP2P2	-1.02059337869903	0.485735312737658	0.643277756208828	0.5254
IFT46	3.97092745160197	0.485957710791486	0.64347892712043	0.1017
NODAL	-2.16209773387631	0.486038703353926	0.643539495824577	1.3574
ENTPD7	3.39325497482909	0.486222209470316	0.64369720649229	0.1245
RBM12B	5.52493048944729	0.486431804950833	0.643826508459538	0.0838
IRF2	4.92043109312949	0.486568454221616	0.643914005093861	0.0937
LOC105377133	-1.06986581263136	0.48675564092998	0.644115031952574	0.6103
CRYBG3	5.00089816706673	0.487291843794804	0.644731113227855	0.0705
HOXC8	2.08345389151135	0.487358018391408	0.644771938818287	0.1624
ODF3B	0.0396116479084525	0.487533079915104	0.64495680485001	0.3123
GUCY1A3	-1.4813224635894	0.487680945697546	0.64510566949166	0.5352
LOC105369214	-0.857411498259335	0.487941170400071	0.645356372297595	0.4529
FLT3LG	1.16007620089434	0.488119639236524	0.645545648645464	0.2361
IL11RA	0.709371877432427	0.488378195449089	0.645840806672841	0.2753
SLC35G6	-1.42515587411133	0.488424709193214	0.64585553317625	0.6542
EFCAB14-AS1	-1.60853368551926	0.488795079995394	0.646298470369806	0.6349
PCDHGB3	-2.16103018511482	0.489122832309929	0.646591341538744	1.3162
FAM177A1	4.29713544991538	0.489837241280229	0.647395111620348	0.0961
LOC728730	2.62205831800925	0.490310154953165	0.647926325647845	0.1469
NKIRAS2	4.33281748836493	0.490476982343397	0.648099868967939	0.0855
RNF24	5.84195068378521	0.490653514078032	0.64828620923562	0.0666
FOXO1	4.21234194525745	0.491478323344516	0.649235041315303	0.0812
PAXIP1	4.60882162282764	0.491728654628935	0.649471734836191	0.0765
AZIN1-AS1	0.767953453815105	0.492103562178533	0.649872875515864	0.3042
SNORD7	-2.25941431778933	0.492381465509832	0.650098794702213	1.1429
EDAR	-2.25941431778933	0.492381465509832	0.650098794702213	1.1429
CRYL1	1.99452638315641	0.492863586101681	0.650547149726866	0.1623
PAPD5	4.86750378634145	0.493104534826005	0.65081813098493	0.0861
WDR41	4.98778085161731	0.49336964064374	0.651073887494008	0.0854
LOC105371397	1.92797748196201	0.493503939036722	0.651204041276068	0.1573
AP3M1	6.80346559182663	0.493875401953811	0.65160000997823	0.0577
COPG2	5.06317775128173	0.493980721288121	0.651691866442834	0.0786
LRFN3	2.06624454022971	0.494508375520576	0.652340841354406	0.1701
C2orf15	3.52091592275468	0.494581312821349	0.652389916681109	0.0982
LOC101928069	-0.0467420645257024	0.494916923428634	0.652738285949511	0.3431
MARCKSL1	6.451972575818	0.495111355137164	0.652947547452435	0.0592
TARS2	5.37277922957024	0.495310050358085	0.653068054263845	0.0681
IFI6	2.46432952071165	0.495460233720562	0.653171723483722	0.1528
EPX	-1.31298356705746	0.496013898729812	0.653718325144033	0.6122
LOC100996654	-1.31298356705746	0.496013898729812	0.653718325144033	0.6122
ACTR2	9.1169623922689	0.496537759726456	0.654261518698389	0.0626
LOC100190986	-1.3124570932071	0.496656263617274	0.654275995713448	0.6086
LOC646903	0.766034915273106	0.496817301933377	0.654440916667561	0.2942
CTC-338M12.4	2.41809415228639	0.497012654425872	0.654651011486199	0.2004
EIF2B4	4.56627856284774	0.497281676587133	0.654893288094887	0.0749
RGPD3	-0.78189081499465	0.497753392784538	0.655383671157921	0.4425
SPATA41	-0.0924298845815342	0.498508443935081	0.656242439607647	0.3524
CLASRP	4.9540914459588	0.498563743494351	0.656267914141817	0.07
SPPL3	5.05484450438096	0.498692933404323	0.656347195861877	0.0941
CD8A	-0.858978464430756	0.498695878275641	0.656347195861877	0.4769
MGC72080	2.32735071505129	0.498741281971204	0.65635963405899	0.1495
C1D	4.75704500200246	0.498817415564903	0.656412509086201	0.0824
MIR200A	-1.7450871307119	0.498895381013922	0.656439094026711	0.7848
ANKRD32	4.67899384450252	0.499264971721442	0.656728945714042	0.0816
STXBP4	3.3637144195307	0.499703234518539	0.657246559752915	0.1227
BRAP	4.69306312289403	0.500370918289983	0.658077334795903	0.0806
HSD11B1L	1.29961591652198	0.500821160241426	0.658479733623872	0.1956
NUDT9P1	-0.781896653083594	0.501571472613975	0.658831027500663	0.4499
TMUB2	4.56020499317506	0.502798706643346	0.658831027500663	0.0831
IRAIN	0.165350515738726	0.503129650658052	0.658831027500663	0.3578
GNAT2	-0.00223182053012371	0.503369175674599	0.658831027500663	0.3831
SBF2-AS1	2.68158335035772	0.50361354053263	0.658831027500663	0.1273
FAM35BP	0.408738605899445	0.503914917339643	0.658831027500663	0.2916
DCUN1D4	4.59196976580587	0.503970052302788	0.658831027500663	0.0797
LPAR3	-2.74502626154014	0.504588925641667	0.658831027500663	3.2585
BLID	-2.74502626154014	0.504588925641667	0.658831027500663	3.2585
NDUFAF4P1	-2.74502626154014	0.504588925641667	0.658831027500663	3.2585
AQP9	-2.74502626154014	0.504588925641667	0.658831027500663	3.2585
TTLL6	-2.74502626154014	0.504588925641667	0.658831027500663	3.2585
BOLL	-2.74502626154014	0.504588925641667	0.658831027500663	3.2585
GSTA2	-2.74502626154014	0.504588925641667	0.658831027500663	3.2585
SLC30A2	-2.74555381174127	0.504588925641667	0.658831027500663	3.2495
LINC01397	-2.74555381174127	0.504588925641667	0.658831027500663	3.2495
MMP10	-2.74555381174127	0.504588925641667	0.658831027500663	3.2495
LOC105369970	-2.74555381174127	0.504588925641667	0.658831027500663	3.2495
DPF3	-2.74555381174127	0.504588925641667	0.658831027500663	3.2495
SPESP1	-2.74555381174127	0.504588925641667	0.658831027500663	3.2495
TMC3	-2.74555381174127	0.504588925641667	0.658831027500663	3.2495
NMRK2	-2.74555381174127	0.504588925641667	0.658831027500663	3.2495
CPXM1	-2.74555381174127	0.504588925641667	0.658831027500663	3.2495
FLJ41941	-2.74555381174127	0.504588925641667	0.658831027500663	3.2495
DGCR6	-2.74555381174127	0.504588925641667	0.658831027500663	3.2495
ADGRG7	-2.74555381174127	0.504588925641667	0.658831027500663	3.2495
SCARNA18	-2.74555381174127	0.504588925641667	0.658831027500663	3.2495
MIR5692C2	-2.74555381174127	0.504588925641667	0.658831027500663	3.2495
SLC7A13	-2.74555381174127	0.504588925641667	0.658831027500663	3.2495
LOC440700	-2.7460811727719	0.504588925641667	0.658831027500663	3.2406
ILDR2	-2.7460811727719	0.504588925641667	0.658831027500663	3.2406
B3GNT6	-2.7460811727719	0.504588925641667	0.658831027500663	3.2406
C12orf80	-2.7460811727719	0.504588925641667	0.658831027500663	3.2406
SCARNA21	-2.7460811727719	0.504588925641667	0.658831027500663	3.2406
NOS2	-2.7460811727719	0.504588925641667	0.658831027500663	3.2406
C18orf61	-2.7460811727719	0.504588925641667	0.658831027500663	3.2406
THSD7B	-2.7460811727719	0.504588925641667	0.658831027500663	3.2406
LINC00113	-2.7460811727719	0.504588925641667	0.658831027500663	3.2406
MIR130B	-2.7460811727719	0.504588925641667	0.658831027500663	3.2406
TLR9	-2.7460811727719	0.504588925641667	0.658831027500663	3.2406
SEMA5B	-2.7460811727719	0.504588925641667	0.658831027500663	3.2406
LOC102723704	-2.7460811727719	0.504588925641667	0.658831027500663	3.2406
LOC285423	-2.7460811727719	0.504588925641667	0.658831027500663	3.2406
LOC642515	-2.7460811727719	0.504588925641667	0.658831027500663	3.2406
MMP24-AS1	0.985013076247419	0.504658931040766	0.658875308952315	0.2382
KMO	-0.112380905776593	0.504831623074662	0.659053640650103	0.3204
TCF20	0.543416910192909	0.504993365556868	0.659217653314707	0.2508
PACRGL	3.85216888317736	0.505328651678934	0.659573070602003	0.1072
LSM11	2.93860874928568	0.50655670221335	0.661022098327871	0.1247
LINC00461	0.657181997011393	0.507122179489911	0.661665416578603	0.2844
YIF1A	5.22125290026821	0.507215350268921	0.66173968659397	0.0786
TMEM51-AS1	-0.0868877575090579	0.508078184515996	0.662723302123752	0.3486
SBNO1	6.47715696876514	0.50858007535925	0.663283173007463	0.0596
DPH3P1	1.45290850282382	0.509428654094361	0.664152646514793	0.2231
ZMYND12	0.23615149920873	0.510136705756676	0.664933292895464	0.255
CCDC144A	-0.780338328123323	0.51025779571689	0.665043643792929	0.4379
CUL4A	7.15220621934864	0.510729680600239	0.665516134834972	0.0548
KIAA1549	5.73587529847242	0.511969225906725	0.66698852409571	0.0606
LOC101929767	1.5645728813974	0.512936701381585	0.668058245018351	0.1781
GATC	5.38775065785685	0.513205229723841	0.668360299175235	0.0668
C11orf68	5.2454426329469	0.514159638807897	0.669412905497044	0.0799
ELAC1	2.31649290020969	0.514160153422412	0.669412905497044	0.1455
NPL	1.02279019566198	0.514272756930992	0.669494688241181	0.2469
LOC102723373	0.440572615556879	0.514296313973177	0.669494688241181	0.3226
CCDC102B	-1.02298149414779	0.515282915125387	0.670444365941776	0.6632
F8	3.68882822123773	0.515486045901381	0.670628663818376	0.117
PLEKHO2	2.75822245957172	0.515498030201757	0.670628663818376	0.1251
LINC01186	0.0846091484771157	0.515546330298067	0.67064370855932	0.3816
LRRC46	1.64204463145914	0.515660718464079	0.670744715089435	0.1781
SH3GL1P1	-1.48080144067741	0.515699277903407	0.670747080179865	0.564
LINC00511	0.141931438960334	0.51600989111417	0.671039091476242	0.2709
PAOX	1.8169025035358	0.516040174256003	0.671039091476242	0.1947
ACY3	-1.48373461059029	0.516070817502543	0.671039091476242	0.8267
SLC13A5	0.503126855329113	0.516219231487952	0.671184266793252	0.2568
LRP2BP	1.84249101203935	0.516284835559853	0.671197534859118	0.152
ECH1	5.71037046358905	0.51633531964382	0.671197534859118	0.062
GSTO2	1.32725324307036	0.516407446839666	0.671197534859118	0.1811
PKI55	2.33822762644387	0.516417852886026	0.671197534859118	0.1655
IMPG1	-0.710678969229969	0.516430854529822	0.671197534859118	0.4295
KRR1	4.89831134878375	0.516504034432914	0.671197534859118	0.085
EME2	1.01499122559605	0.516523563060679	0.671197534859118	0.2769
GLUD1P7	-1.67270188577927	0.516973477354544	0.671638756232889	0.8795
RAB41	0.362740316411198	0.517492334941446	0.672265001543516	0.3002
SLC26A10	2.74020906888911	0.517565639549754	0.67231238904371	0.1257
LOC105376153	0.516002602464876	0.518197478435491	0.673085248404007	0.2412
C21orf58	3.70387735839183	0.518415201255682	0.673305810300985	0.0922
KLHL3	3.14008628963722	0.518459654764308	0.673305810300985	0.1027
LOC105376908	-1.4256752926366	0.5184779295142	0.673305810300985	0.6324
SLIT1	-1.97984901661771	0.519005213604055	0.673368055606172	1.1077
GOLGA8O	-1.97984901661771	0.519005213604055	0.673368055606172	1.1077
MEIOB	-1.97984901661771	0.519005213604055	0.673368055606172	1.1077
DACT3	-1.97984901661771	0.519005213604055	0.673368055606172	1.1077
RNU6-33P	-1.97984901661771	0.519005213604055	0.673368055606172	1.1077
SMIM10L2B	-1.97984901661771	0.519005213604055	0.673368055606172	1.1077
ATP6V0A1	4.87802053359964	0.519689928889578	0.674009285184533	0.0675
RBM12B-AS1	0.216442271606606	0.520016238491486	0.674289454006575	0.3599
CDIPT-AS1	-1.9798401411399	0.520121975235022	0.674289454006575	1.0964
ACTN1-AS1	-1.97931602133227	0.520195698413048	0.674289454006575	1.1024
ADI1	5.5272392873131	0.520815930184533	0.674901733492961	0.0691
LOC101929128	0.519412269647096	0.520932761825313	0.675005216827518	0.2389
GTDC1	3.89526360559874	0.521111964353395	0.675189497603661	0.0892
TEX21P	-1.20978913670918	0.521379849911842	0.675392786489079	0.5666
HGFAC	-1.20978913670918	0.521379849911842	0.675392786489079	0.5666
LOC441454	0.881940154576641	0.522106545237488	0.676142235217109	0.2735
LINC01061	0.829606549016022	0.522165782237945	0.676161034783019	0.2452
GTF2IRD2B	4.46134700965746	0.522233984949072	0.676161034783019	0.0798
MAP7	6.08011977384995	0.522245054809793	0.676161034783019	0.0664
VPS25	4.92688808496089	0.522504291116854	0.676282152657711	0.0666
GPR19	3.58783923337014	0.522510345718453	0.676282152657711	0.0905
PRC1-AS1	-1.21031421963047	0.522869650971512	0.676650481898059	0.5703
CPNE4	-1.21031421963047	0.522869650971512	0.676650481898059	0.5703
SP2	4.53785303659451	0.523369217093355	0.677199811812699	0.0802
DERL2	5.59770270739925	0.523389033256489	0.677199811812699	0.062
TYMS	5.44537361399895	0.524041409960235	0.677926585900938	0.0738
LACTB2	3.58094696935098	0.524421376264793	0.67837005917169	0.1076
INO80B	-1.98089669913574	0.524860539607989	0.678532890160962	1.0934
PKDREJ	-1.98089669913574	0.524860539607989	0.678532890160962	1.0934
LOC102606465	2.56979675904812	0.525033722183454	0.67868127396312	0.125
LDAH	4.27985982846946	0.52539438184405	0.679091341012525	0.08
CASP7	4.0768490835223	0.525481597450129	0.679091341012525	0.0841
LOC100132077	2.93968286153745	0.525570153271696	0.679091341012525	0.1123
CD164L2	-1.36763544609622	0.525648539649868	0.679091341012525	0.7632
TCP10L	-1.98036407672577	0.526367399898709	0.679923813242116	1.0841
DAND5	-1.97930714355015	0.526468749352502	0.679956017037444	1.0843
LINC00397	-1.97878283711464	0.526563647160395	0.679984858354685	1.0932
FBXO24	-0.747223051042976	0.526697725797231	0.680088635005244	0.3665
LGALS4	-1.89875329046951	0.526718515027342	0.680088635005244	0.7279
OSBPL7	3.8583725493351	0.526780352249203	0.680120375577188	0.1092
PRSS42	-0.895282242076355	0.527225225964156	0.680613850167416	0.4008
KIAA1644	2.61041098658029	0.527532529151813	0.680947030488262	0.1336
EID2B	0.780427563734156	0.528148095758921	0.681600763611654	0.2117
LPCAT1	2.60008508811606	0.52815098608953	0.681600763611654	0.1537
BBS7	4.46074222507078	0.52821653496885	0.681637171300722	0.072
RPS6KB2	5.27472942446394	0.528271247035878	0.681659590464164	0.0675
LINC01089	4.00210008756273	0.528671715946438	0.681983525036614	0.0855
MTAP	5.70465363497082	0.529312249939517	0.682665096071764	0.0579
AATBC	-0.137552450966198	0.529495265477065	0.682852893935385	0.3332
RNASEH2B-AS1	-1.21030703761164	0.530523159069275	0.684003329409595	0.5586
SLC25A53	0.234351456295067	0.530550756529765	0.684003329409595	0.2894
APOBR	1.86301114743445	0.53114354747705	0.684591683333876	0.1987
ZSCAN9	3.56052563050537	0.531270519194738	0.684658661472478	0.1015
TEKT4P2	1.82045952418633	0.531452921191394	0.684797044697211	0.1691
ERGIC2	7.15519431340167	0.531500886475071	0.684810514749728	0.0546
LRRC15	-2.06666784157455	0.53169984568991	0.684970177327993	0.8766
G3BP1	8.64230593454972	0.532053886822599	0.68537791122166	0.0539
NXNL2	1.6432401725939	0.5322632177881	0.685550818677829	0.1748
RGPD5	0.69436152205896	0.532422219780406	0.685658863170929	0.2749
CATSPER2	1.27738393921089	0.532712047689751	0.685983716062925	0.2056
LOC105369195	3.2686655037065	0.532824068599694	0.686079573730851	0.0994
CAV2	8.12205853555131	0.533354125320028	0.686616805009692	0.0683
STAM-AS1	1.10682222397192	0.533858570195589	0.687217744851973	0.2143
NHLRC2	4.40001590699386	0.534007607135059	0.687361127819054	0.106
ESR1	1.63733707138686	0.534075614206775	0.68737433131608	0.1717
NECAP1	4.88301693432154	0.534093168805795	0.68737433131608	0.0661
CFAP43	1.83054096168338	0.534257378320587	0.687488736069687	0.1577
CEP19	3.17103703969371	0.534369837527377	0.687584984063983	0.1039
ZNF561	4.0912082001777	0.534711496829037	0.687885746321333	0.079
WDR48	5.10099770304041	0.534717929080337	0.687885746321333	0.0619
BTN3A1	4.39314422150052	0.534990643652337	0.688080185716285	0.0783
ZC3H11A	7.3358816866187	0.53505678452319	0.688080914219171	0.0533
WNK3	-0.707586652144132	0.535146719173135	0.688148095035905	0.4325
RTN4R	1.54445979856704	0.535283430783487	0.688232049720617	0.2186
GCKR	-0.160087274517507	0.53544321599403	0.688383897970917	0.376
FNDC8	-0.2320408001913	0.536247247498879	0.689271967213937	0.3438
AP2A2	1.9050557356517	0.538196266555022	0.691390817053218	0.3505
GTF2IRD2	1.46999422301636	0.538198668993388	0.691390817053218	0.192
RPS15AP10	-0.575669314680483	0.538802601050826	0.692069252429739	0.3986
CRHR2	-0.746198176911951	0.538865657339632	0.692101550611532	0.3876
GDPD1	1.08250523557507	0.539313272735975	0.692627724732181	0.2267
AMY2B	0.723274860203882	0.53961465363201	0.692966032407567	0.285
LOC105372483	-0.0273301303538865	0.540033827408719	0.693309251278029	0.3761
ZNF404	-1.16066847704526	0.540199175654625	0.693424001599693	0.4242
LRP5	6.51962171830787	0.541087425165795	0.694466537811218	0.0556
WDR60	4.92794620086729	0.541133488256218	0.694476833856275	0.0774
HAGHL	2.95612578160362	0.54141331145202	0.694738273273921	0.1221
GPR61	-1.11295642080072	0.541774199682596	0.694957124044792	0.5325
DNAJC12	-1.11295642080072	0.541774199682596	0.694957124044792	0.5325
NBPF25P	0.305800365873519	0.541822128701843	0.694969773173671	0.2832
ZNF646	4.65858156363636	0.543084590016251	0.696393360633327	0.0695
TEAD2	5.47512474285086	0.543580888263325	0.696833979084001	0.0713
SLC9A1	4.61986044051415	0.543811445980799	0.697047838569395	0.0669
FOXF2	-1.15995486790717	0.543824077823395	0.697047838569395	0.6782
SMIM17	-1.15962592323615	0.544220460212025	0.697390086534857	0.4247
PRNCR1	-1.15962592323615	0.544220460212025	0.697390086534857	0.4247
TRIM68	2.42240555988511	0.544264493116346	0.697390086534857	0.1166
ZSCAN5A	2.89036285484081	0.544915526555899	0.698152702140817	0.0989
CRLF1	0.578646612407747	0.545215036532472	0.698438404809263	0.277
PLSCR1	5.21075414211278	0.545339356021257	0.698548644648054	0.0649
LYNX1	2.13248482962351	0.545468234307207	0.69866470816757	0.138
SNORD87	-0.574132205976432	0.546046253979005	0.69930447000351	0.403
IGSF9	4.71187950244959	0.546062626817162	0.69930447000351	0.0801
PIK3C2G	0.644577451041707	0.546088920949075	0.69930447000351	0.2516
KNTC1	6.15980649679635	0.546563015624109	0.699821462563735	0.0554
ZNF775	2.21665323596758	0.54663748198334	0.699867723619318	0.1364
LOC101928710	-1.20822719183736	0.54680336327201	0.699981922718871	0.5708
BRD7	6.7048267880069	0.547042109812002	0.700206651437933	0.0753
FKBP10	6.62485376264788	0.547212040964927	0.70030865894537	0.0511
ACOT9	5.1020733299172	0.547513573635897	0.70059632720943	0.0614
TASP1	3.74218888809978	0.547604923505162	0.700664107338816	0.0921
RORC	-1.98142026437606	0.547775817860508	0.700785534742455	1.0642
NRDE2	2.59785591854948	0.547814985008193	0.700785534742455	0.119
ATP6V1C2	-0.13906317123576	0.548009120823439	0.700935648409774	0.3294
LOC105369647	0.528267509120483	0.548873690364006	0.701648210299369	0.3392
LOC105378862	-1.16047259690404	0.549013331432994	0.701777578675307	0.6715
SPATA32	-0.607778610596122	0.54926000444398	0.702043733188357	0.459
DAP	7.81196257868948	0.549430946341436	0.702163903143805	0.0556
MORC2	5.69203749431613	0.550097947888015	0.702868710571361	0.0576
GLG1	7.71496784001874	0.551771342708429	0.704661604231205	0.0511
SPIN1	7.25345512633453	0.552334881353701	0.705331952573668	0.0519
RELL1	3.74915720128074	0.553074781227257	0.706128624804868	0.0903
WDR36	5.79820650556594	0.554182574202336	0.7073451076444	0.0647
PLA2G15	2.61899766105482	0.55423049425608	0.707356816494617	0.1321
HIF1AN	5.77134946038231	0.554833338857211	0.707998505704655	0.0578
LPXN	3.64765507338925	0.555207867540162	0.708356616801537	0.0964
ACSL1	6.43542728402427	0.556066341712002	0.709402315464313	0.0576
SLAIN2	6.13234393393123	0.55630907576691	0.709563228337924	0.0554
AGRN	7.92377101569391	0.556349245728897	0.709564735946051	0.0694
LAPTM4B	7.40151548047171	0.556387992718433	0.709564735946051	0.0545
PRKDC	8.61447323506634	0.556833811827823	0.70998449984137	0.0517
VNN2	-0.545610847240384	0.557066398406733	0.710222921184205	0.4603
LOC105376779	-0.0645945210594358	0.557098610394272	0.710222921184205	0.4123
SCEL	4.65935554013674	0.557383924483989	0.710487426712729	0.0646
ZNF75D	4.42309799124424	0.558333666091156	0.711499330459315	0.0708
ZNF256	3.03933420188226	0.558461421447582	0.711612459687796	0.1016
STEAP2	3.99414457974226	0.55897628822068	0.712146836378049	0.1101
SETD9	2.49093963056102	0.558997817993944	0.712146836378049	0.1224
CLCN5	2.19768593532189	0.559330554413652	0.712421586644501	0.1536
PLEKHF1	2.11115081740323	0.559594578120782	0.712679970009626	0.1732
ETHE1	4.98906151150259	0.560380920026633	0.713510536755909	0.0595
RBP4	-0.212122033756706	0.560433653217816	0.713527914997172	0.366
ISM1-AS1	-1.81981425385192	0.560762630199712	0.713697892981451	0.9364
LINC00271	-1.81981425385192	0.560762630199712	0.713697892981451	0.9364
HOTTIP	-1.81981425385192	0.560762630199712	0.713697892981451	0.9364
FUT4	2.20132917712612	0.561050127723613	0.713914486075297	0.1376
ACOT4	1.81823638050326	0.561461299634439	0.714373732858801	0.1505
HMGN2P46	-1.25957469106956	0.561548596818608	0.714373732858801	0.6824
AMDHD2	2.78098927581469	0.561561053578011	0.714373732858801	0.1123
RNF138P1	-1.81980566793763	0.561949276292096	0.714809503064973	0.9259
SIPA1	4.74304592748044	0.562209450334372	0.715020764880464	0.0821
C16orf87	3.73086404773864	0.56258344356151	0.71531712952075	0.1244
CETN3	5.68037101601894	0.562936550512854	0.715599854233457	0.0536
GOLGA5	5.06599599068636	0.563000696147288	0.715599854233457	0.0584
KIAA1328	1.56710874924901	0.563447863386306	0.715967438851563	0.1688
TMEM9B-AS1	-0.424284875400299	0.563834743037166	0.716309468955219	0.3014
SNORD20	-1.81875093535764	0.564020629258173	0.716396062599124	0.9253
NID2	0.455391804164191	0.564542251012565	0.716958840659853	0.2384
PRRC2A	-0.606957145560069	0.564944996302285	0.71732061847924	0.3523
PMS1	4.12869313447811	0.565722846562368	0.718208364870833	0.0712
INTS1	6.55539138616511	0.566117562853559	0.718609527705088	0.0564
LOC100505658	-1.06694926592567	0.566272520895243	0.718756249841032	0.4133
AKR7A2P1	-1.81927410010371	0.566497801705498	0.718934108876618	0.9166
CCDC106	0.778671154826853	0.566560473063215	0.718934108876618	0.2398
CCDC61	3.38628483694564	0.566570170048636	0.718934108876618	0.0928
SOX30	-1.89664214321033	0.567163046649169	0.719539474462972	0.7276
TRAPPC6B	4.34658769392352	0.56735770413057	0.719629246962464	0.0789
NFKBIZ	3.07513879917912	0.567393918754256	0.719629246962464	0.096
GLTP	4.99850877395733	0.568613452666881	0.721125890370724	0.0689
CERS1	1.05947040185862	0.568892848855419	0.721430108968083	0.1987
RPL28	10.1657504835367	0.569526039305656	0.722032456497503	0.0568
FOCAD	4.99551240553815	0.57055999321171	0.722991825923022	0.061
LOC101060022	-1.06435621781777	0.570838634165939	0.723244507275549	0.5048
DKKL1	-0.898505899726713	0.571055868974914	0.723469531159336	0.668
KBTBD12	-0.0873823628827113	0.571148592310687	0.72348658765084	0.3108
ASRGL1	2.58709913464947	0.571327943837707	0.723663563637076	0.1168
CNOT7	6.81941684633444	0.571422903771688	0.72373362919772	0.0477
ZBTB34	3.96471285584414	0.571539703222203	0.723781133603257	0.0828
ABLIM2	0.470388007944294	0.572374532478978	0.724687527910134	0.261
SYNPO2	0.488951550372319	0.572754795025697	0.725118691954863	0.2375
LINC00943	-1.82085966133403	0.572857103366911	0.725160993892746	0.9204
BISPR	-1.06747277120194	0.572972706656398	0.725243689434875	0.4217
RNU6-1	-1.89610952376367	0.573066642616264	0.725307703949495	0.7209
LINC00880	-0.424609154398611	0.573359418682023	0.725531957264782	0.4293
LOC105376746	-1.74665425645984	0.573441890762376	0.725586024241609	0.6499
PER1	4.36782484033911	0.573540356342453	0.725660319175815	0.0696
ELP2	4.82182169884557	0.57438100025014	0.726560350296332	0.0693
CLPX	5.71285622415361	0.574450706407606	0.726560350296332	0.0532
LINC01444	-1.74716783001561	0.574877714781653	0.726999692508579	0.6197
ACMSD	-1.74716783001561	0.574877714781653	0.726999692508579	0.6197
NME3	3.24923578893663	0.575299843457786	0.727360706230589	0.1114
CEL	-0.424096859556669	0.575374259679643	0.727375700070048	0.4245
ZNF428	3.79120109161732	0.577238981523677	0.729329008699304	0.0805
MGC16142	-1.74717626788182	0.577317439022139	0.729377658601258	0.6414
PDK2	4.40338475671855	0.577413066979044	0.729397519427721	0.0638
SOX18	-0.980425839440654	0.578151389611256	0.730128096897005	0.3895
HNRNPUL1	8.83124847142503	0.578201561903779	0.730140949997606	0.0538
MIR133A1HG	-1.81979708200463	0.578389994143075	0.730227367432641	0.8945
LOC105373988	-1.81979708200463	0.578389994143075	0.730227367432641	0.8945
EIF4E3	-1.81979708200463	0.578389994143075	0.730227367432641	0.8945
DRAM2	5.06083615797165	0.5786148600138	0.730460748524441	0.0569
PTAR1	6.23489441401989	0.578816065849095	0.730664230268364	0.0544
CHORDC1	6.91299773753188	0.579498459029569	0.73137392796708	0.0651
SP140L	4.12866680824661	0.579993600626336	0.731897641047514	0.0702
CTAGE7P	0.161008476545181	0.5811186188327	0.733114608901235	0.2137
PAIP2	6.74335932202537	0.58305875379246	0.735308138245036	0.0478
AGAP4	3.19168149109243	0.583764679647703	0.735995027047546	0.108
NKAIN2	-1.89611826026619	0.584635048462747	0.736990570690231	0.7509
SVIP	5.57401257379551	0.585291625652009	0.737665441346433	0.0664
MBNL1-AS1	-0.137742494512784	0.585653087585996	0.738070051564956	0.2759
MAPK1	6.53542035204709	0.586243844618615	0.738661579636789	0.0525
MIPEPP3	-0.0460458609995724	0.586603313014275	0.739012496196853	0.3805
DNAJB3	-1.0679961009151	0.587654568460072	0.740132583774204	0.4379
FRZB	-1.81896000290858	0.58951305837983	0.742370862508255	0.4732
KAT2B	2.69512606169624	0.589735458143785	0.742548487749012	0.1064
DSTN	9.12975657577004	0.589929836519408	0.742742006586091	0.0465
DNA2	5.68043394396805	0.591404886564591	0.744352639976744	0.0556
NME9	-0.367616264655183	0.591412962470567	0.744352639976744	0.319
SLC10A7	3.48869541372836	0.591496531593593	0.74440649943283	0.096
TCF25	6.8335491597175	0.592015619364773	0.744690222124446	0.0593
SLC26A5	-1.67532214911678	0.592343994820216	0.745010814291275	0.8145
LOC102467073	-1.60851736918417	0.592497143531748	0.745152097844833	0.5653
TMEM106C	6.24709077086964	0.592614458780907	0.745219792204971	0.059
NEURL2	-0.338394093817993	0.592912141657352	0.745443203850452	0.2433
KCNJ10	-1.67480012171047	0.59321303850305	0.74553884282746	0.8192
TRI-TAT2-2	-1.67480012171047	0.59321303850305	0.74553884282746	0.8192
TRIM4	3.68059652469649	0.59351357661043	0.745813866643724	0.0829
IQCH-AS1	3.47890186677862	0.593655935113572	0.745876194187889	0.0872
ADAM1A	1.40944939385594	0.593767458924879	0.745876194187889	0.1748
FLRT2	2.82377091146951	0.59389954875819	0.745990791394627	0.0992
LINC00659	-0.511618010560645	0.594051740554125	0.746130620953292	0.4907
LOC105373801	-1.0211036428184	0.594143888896352	0.746195021717928	0.5008
CUL2	5.77405280494841	0.594263874164258	0.746218948571805	0.0489
RBM7	5.36002748694308	0.59430675018572	0.746218948571805	0.058
REC8	-0.341765188920781	0.594469703956641	0.746347494356126	0.3523
CEP95	5.08549909644107	0.594714433924193	0.746530141419723	0.0603
DNAH6	-1.67426960811099	0.595111657300049	0.746896632453575	0.8147
DSCR9	-1.67426960811099	0.595111657300049	0.746896632453575	0.8147
LOC100507391	-0.898384471427316	0.5953796436929	0.746980698704864	0.3747
TMLHE-AS1	-0.898384471427316	0.5953796436929	0.746980698704864	0.3747
COG1	4.08088053392617	0.595383224520951	0.746980698704864	0.0672
LOC101927865	-0.338905141164846	0.595839306049859	0.747450173245807	0.2483
ARL13A	-1.67499140873859	0.595980437378378	0.74755049095952	0.387
LINC00997	1.69964802610413	0.596001171993636	0.74755049095952	0.1354
ZNF574	4.36681417312455	0.597040801716653	0.748648731103731	0.063
LOC284930	0.104992098461493	0.597413749351776	0.748962052476722	0.3296
ZNF473	4.12645297029291	0.597822069413093	0.749308583673576	0.0649
LOC102723885	-1.60904677436231	0.597879418896931	0.749308583673576	0.5717
SDCCAG8	1.21145415084133	0.598214747828534	0.749451580864516	0.4534
KCNN1	-0.896834129813732	0.598317746487206	0.749529182726304	0.3803
LOC105373551	-1.67531384813171	0.598952919666476	0.750097772874329	0.8009
MOGAT1	-1.67531384813171	0.598952919666476	0.750097772874329	0.8009
SMARCE1	6.92592426419049	0.598977066880037	0.750097772874329	0.0484
PIK3R1	4.10681709675095	0.599479767072821	0.750572843267363	0.074
LOC105375661	-0.284168295728055	0.600386228444736	0.751501610317937	0.3509
CFAP70	1.89578689000408	0.601634944627452	0.752806548945768	0.1332
LOC101929717	-1.67552167068394	0.602233510816373	0.753452232282326	0.3981
ESF1	5.75922999071884	0.60237756481326	0.753580814310346	0.0482
C2orf27A	-1.82085107955763	0.602707212384182	0.753749178466704	0.8673
AHCYL1	7.71844877434222	0.603077237170803	0.754094386423985	0.0453
LOC100130705	0.256170055234729	0.60400814473706	0.755045431933755	0.2502
SARM1	0.662312185772449	0.604455291839597	0.755403601302278	0.2214
VARS	-0.572287633584046	0.604565905627042	0.755490120687746	0.4566
TYW3	4.93972192750973	0.604868083677027	0.755811252275206	0.0632
SLC22A11	-1.82138209130077	0.606054548750225	0.757091271519372	0.8861
STARD4-AS1	-1.82138209130077	0.606054548750225	0.757091271519372	0.8861
GBP3	4.67907387582893	0.606496968502074	0.757488448859128	0.0705
GPC1	8.24651100348104	0.606862960385859	0.757893706718035	0.0519
PIGB	3.66391259623039	0.607149853056092	0.758200131157536	0.0696
IFIH1	3.07771634455011	0.607247942015126	0.758270754406849	0.0938
LARP4B	6.56496517067912	0.607453538843884	0.75842373171481	0.0448
MME	0.687273041038605	0.607589846960778	0.758542039671474	0.1781
SUOX	3.85384250296464	0.607981712923932	0.758927463325764	0.0668
PHC1	4.88633770123771	0.608430179543886	0.759435345121919	0.0554
HSPA12A	3.23390265875944	0.608813052477414	0.759861289808414	0.1068
USP47	5.98620192174055	0.609300977714004	0.76032774111816	0.0485
TYW1	4.55995442746901	0.609395021255528	0.76032774111816	0.0646
EVA1A	3.37601794961357	0.609517968554769	0.760429169270544	0.073
INO80D	4.27809496653564	0.609888658129023	0.760839643488003	0.0872
IFITM2	-0.896319084799855	0.609946562691178	0.760859887153409	0.3911
RPS17	4.90215140272794	0.610418793244995	0.761370925981383	0.2071
COL18A1	6.75597673518031	0.610564189254722	0.761370925981383	0.0495
MR1	3.55114043110102	0.610564765357551	0.761370925981383	0.0726
PMS2CL	3.42990791864716	0.61066517152792	0.761410296456	0.0953
RAD50	7.15591428874056	0.611008156024761	0.761767731775458	0.045
GGA2	6.16551485118374	0.611524060036167	0.762277195903565	0.0486
ZNF559	3.40925982789927	0.611834206418072	0.762537225038799	0.0807
TREX2	-0.398378895363753	0.612130182065433	0.762801952476898	0.3653
CCDC7	2.34533521996953	0.612285892547672	0.762933595198667	0.122
MSANTD1	0.0449405935713502	0.61236102140485	0.762933595198667	0.2334
TLX2	-0.93663561990181	0.612361194700157	0.762933595198667	0.4621
HRAS	0.566884430350555	0.61255215207054	0.763119427337231	0.3565
VTI1B	6.10815165866762	0.612724761748847	0.763282378061205	0.0692
FAM122C	2.13277848775855	0.612862621453442	0.763402020827923	0.1231
SLC25A24	7.04948957505599	0.613228583749378	0.763805760041526	0.0573
FOXN3-AS1	-1.67583569604469	0.613563360670298	0.764118474138547	0.778
SMIM11	-0.89787617666162	0.613917784057729	0.764455566861598	0.3993
ESPNP	-0.936119820034291	0.614129804489919	0.764615270460886	0.4685
FAM47E	-0.339926759326784	0.614465552654763	0.764981119017005	0.2661
VRK3	4.74548181224016	0.61466053936963	0.765171688150833	0.0547
PODNL1	0.145922553155464	0.61482305368559	0.765270650082011	0.259
COPA	7.37601029980771	0.614823872959731	0.765270650082011	0.0429
TMEM126B	5.3115971498169	0.6151467570076	0.765515964276124	0.0491
LINC01393	-1.15837947575342	0.615247030581475	0.765588561808698	0.6082
UBA6	5.89286701404879	0.615643856756916	0.766030142376926	0.0521
MRPL45	-1.67499971090281	0.615726983749798	0.766081361366885	0.4232
HMG20B	5.77678948779074	0.615943917176453	0.76629904265867	0.0465
S1PR5	3.5639333512929	0.61612730320781	0.766422734216529	0.0783
MITD1	5.23779478747405	0.61620049697778	0.766461557050238	0.0534
FAM3D	-1.74749839340219	0.617820444976621	0.76831948525158	1.0589
CCDC114	1.61541431505272	0.618055051567677	0.768506540077613	0.1442
LOC105369190	-0.184410146886823	0.618855546143204	0.769264444685042	0.2393
SFXN2	1.5593300164175	0.618991403290578	0.769356417379684	0.1384
SLC38A3	-1.48288445516303	0.619155250245711	0.769455292613049	0.513
ZNF157	-1.48288445516303	0.619155250245711	0.769455292613049	0.513
SOCS7	1.12986926720582	0.619354674498929	0.769650734303482	0.1853
GINM1	3.93639158209742	0.619475432765288	0.769696011744579	0.0774
TACR2	-1.48289233200843	0.620063911675724	0.77005332532245	0.5214
UBTF	6.83803082256566	0.620136304303687	0.77005332532245	0.046
LIFR-AS1	0.391567769217633	0.620142637428278	0.77005332532245	0.2333
FAM210A	5.43438413898597	0.620213337214399	0.770088735916893	0.0547
ZNF365	1.57812427657412	0.620287153000547	0.770128010417437	0.1535
PAX6	4.27140195860212	0.620381333455632	0.770192561956207	0.0642
FER1L5	-1.48341263564143	0.621176503278991	0.77097003493516	0.517
LINC01278	4.52595745465029	0.621608684060867	0.771347446892849	0.0661
CDKL1	2.3580484946153	0.621656298276744	0.771347446892849	0.1006
ZNF790	1.88305805942997	0.622230779047054	0.771847942507414	0.1394
TMEM128	4.00593881642096	0.622323635473499	0.771847942507414	0.0843
HIST2H2BE	2.4879838354962	0.622390464948714	0.771847942507414	0.101
SHC4	-1.74348455854262	0.623541274318687	0.773011108772921	0.6331
TRC-GCA19-1	-1.74348455854262	0.623541274318687	0.773011108772921	0.6331
ST6GALNAC6	3.42320002262803	0.624151396548207	0.773662947812606	0.073
PRSS3	-0.744117870081019	0.624252728362329	0.773736017990541	0.3426
SFSWAP	5.2614490802337	0.624448520823917	0.773926150452236	0.0498
PIK3CB	6.07451622710349	0.62451472493126	0.773955659381242	0.0453
GALNT3	5.9976346765785	0.625029892679393	0.77438382902986	0.0534
IMPAD1	6.38821506460608	0.626013113731876	0.775408404639273	0.0444
LINC00854	-1.54312459695601	0.62608287681705	0.775425305235554	0.3618
PP2D1	-0.363850655473267	0.626214200008268	0.775535339213822	0.4041
PRR25	-0.676726501326543	0.626496313587831	0.775779468280502	0.3358
GAS5-AS1	-0.393479928560845	0.62755455015526	0.776910039746122	0.2904
ADRA2B	-1.54365381127608	0.628762418147221	0.777168947234905	0.3702
LOC102724560	-0.216484297092231	0.628772610903259	0.777168947234905	0.4575
UGT1A5	-0.604905517814096	0.628854414414767	0.777168947234905	0.4034
LOC105377210	-1.48394063385274	0.629708226655441	0.777168947234905	0.5247
KDM5C	7.00572108031761	0.630852813963175	0.777168947234905	0.0425
TRAPPC2	3.78479850483086	0.630926731741059	0.777168947234905	0.0775
LONP2	5.71316504116747	0.630987963383983	0.777168947234905	0.0515
ZNF343	4.08447731050009	0.631155299318466	0.777168947234905	0.0607
TECTA	-2.48136285637688	0.631790334460628	0.777168947234905	1.5358
GOLGA6L10	-2.48136285637688	0.631790334460628	0.777168947234905	1.5358
RNVU1-6	-2.48242581796092	0.631790334460628	0.777168947234905	1.5352
FAM155A-IT1	-2.48242581796092	0.631790334460628	0.777168947234905	1.5352
LOC105376798	-2.48242581796092	0.631790334460628	0.777168947234905	1.5352
LOC100505736	-2.48242581796092	0.631790334460628	0.777168947234905	1.5352
SLC3A1	-2.48242581796092	0.631790334460628	0.777168947234905	1.5352
COL6A6	-2.48242581796092	0.631790334460628	0.777168947234905	1.5352
SLC22A1	-2.48242581796092	0.631790334460628	0.777168947234905	1.5352
LOC100506895	-2.48242581796092	0.631790334460628	0.777168947234905	1.5352
SNORA49	-2.48188962837464	0.631790334460628	0.777168947234905	1.527
LINC00412	-2.48188962837464	0.631790334460628	0.777168947234905	1.527
SNORA38B	-2.48188962837464	0.631790334460628	0.777168947234905	1.527
RNU4ATAC	-2.48188962837464	0.631790334460628	0.777168947234905	1.527
LOC101928279	-2.48188962837464	0.631790334460628	0.777168947234905	1.527
GCM1	-2.48188962837464	0.631790334460628	0.777168947234905	1.527
ZNRF2P2	-2.48188962837464	0.631790334460628	0.777168947234905	1.527
FCGR2A	-2.48295221150032	0.631790334460628	0.777168947234905	1.5264
MIR331	-2.48295221150032	0.631790334460628	0.777168947234905	1.5264
SNORA46	-2.48295221150032	0.631790334460628	0.777168947234905	1.5264
LRRC37A4P	-2.48295221150032	0.631790334460628	0.777168947234905	1.5264
A1BG-AS1	-2.48295221150032	0.631790334460628	0.777168947234905	1.5264
ANKUB1	-2.48295221150032	0.631790334460628	0.777168947234905	1.5264
SLC22A3	-2.48295221150032	0.631790334460628	0.777168947234905	1.5264
OR2A1	-2.48295221150032	0.631790334460628	0.777168947234905	1.5264
BIN3-IT1	-2.48295221150032	0.631790334460628	0.777168947234905	1.5264
LOC100128076	-2.48295221150032	0.631790334460628	0.777168947234905	1.5264
ANKRD30B	-2.4824162124869	0.631790334460628	0.777168947234905	1.5182
HSPE1-MOB4	-2.4824162124869	0.631790334460628	0.777168947234905	1.5182
MIR4326	-2.4824162124869	0.631790334460628	0.777168947234905	1.5182
MIR616	-2.48347841741726	0.631790334460628	0.777168947234905	1.5177
CETP	-2.48347841741726	0.631790334460628	0.777168947234905	1.5177
MIR637	-2.48347841741726	0.631790334460628	0.777168947234905	1.5177
FBN3	-2.48347841741726	0.631790334460628	0.777168947234905	1.5177
VPS52	-2.48347841741726	0.631790334460628	0.777168947234905	1.5177
TTBK1	-2.48347841741726	0.631790334460628	0.777168947234905	1.5177
LOC102723872	-2.48347841741726	0.631790334460628	0.777168947234905	1.5177
FAM133CP	-2.48294260884451	0.631790334460628	0.777168947234905	1.5094
SLC22A13	-2.48294260884451	0.631790334460628	0.777168947234905	1.5094
IQGAP2	-2.48294260884451	0.631790334460628	0.777168947234905	1.5094
LOC101927040	-2.48294260884451	0.631790334460628	0.777168947234905	1.5094
FAM179A	-0.674663402531745	0.631991071105876	0.777363495088861	0.3289
HAUS5	3.9763185481136	0.632127298749619	0.777398885873678	0.0767
C19orf66	3.16779352503335	0.632171734607727	0.777398885873678	0.0791
GNRH2	-0.940781291900985	0.632203710702243	0.777398885873678	0.4444
RALGAPA1P	1.34971279546825	0.632534761678209	0.777717848140987	0.1607
NBR2	2.41056580405921	0.632635061294616	0.777788785709106	0.0907
UXS1	6.41038412956276	0.632703499688651	0.777820544802425	0.0438
RALGPS1	3.95765052359233	0.633425577747556	0.778633689865978	0.0654
LOC100507564	-0.674156738049738	0.633450238929092	0.778633689865978	0.3403
HNRNPU-AS1	4.40215753147674	0.633822371935714	0.779038660341911	0.059
LOC389705	-0.744625360478261	0.633919874791642	0.779106047811783	0.3245
DHX38	6.00052778787105	0.634042397818141	0.779204174659574	0.0486
CCDC92	0.768095952246833	0.634459772703124	0.779664621060058	0.2072
ALOX12-AS1	1.15745352788276	0.634889600283118	0.780087800697846	0.1646
CTCF	6.33259660452556	0.635071403562011	0.780258667704965	0.0431
PRPF3	6.0171457243956	0.635762915201055	0.78073465091312	0.0495
SNAP47	5.35867251146149	0.635771401425012	0.78073465091312	0.0508
PRR29	0.47167945463978	0.635929242938108	0.78073465091312	0.1941
OARD1	5.16896293220367	0.636193871020018	0.781007014278895	0.0487
LOC728024	1.43382535607956	0.636635018678555	0.781496026156247	0.1394
RPE	5.62262341293033	0.637260916461753	0.782001431130319	0.0476
TMEM167A	7.07268471343452	0.637435135727736	0.782162645372062	0.0416
MAN2C1	3.94763945094003	0.637942872836224	0.782627853403541	0.082
ZNF398	4.06982355322582	0.63823402742439	0.782932428750146	0.0599
FAM227A	3.16579048046478	0.638499972087479	0.783091952098164	0.0726
OTUD6B-AS1	5.59533634667616	0.638535648495468	0.783091952098164	0.054
USP27X	1.56573499265059	0.639534852352276	0.784060578198696	0.1446
MROH2A	-0.314394143682086	0.639556606251123	0.784060578198696	0.3644
PSMC6	7.05092805388827	0.639752717396837	0.784215779815797	0.0467
LOC100506217	0.487484830677597	0.640080831015123	0.784512631823571	0.2223
ZNF596	0.94374318809465	0.640203245636815	0.784609992772938	0.1519
SUPT20H	5.17096165885791	0.640326975659403	0.78470895265074	0.0472
CHADL	-0.818746099469118	0.640568857443085	0.784875298433969	0.4024
COQ6	3.66209769271065	0.640635719328715	0.784875298433969	0.0756
SPAG5-AS1	-1.36678635394409	0.640640294075368	0.784875298433969	0.4758
EEF1A1	13.0645088892324	0.640792390647268	0.784875298433969	0.047
CSNK1D	7.18348287468696	0.640891078230834	0.784926038117678	0.0388
ZNF189	3.92385445755157	0.641506960939387	0.785477268780871	0.0641
PLIN1	-0.936326681506201	0.641513260162291	0.785477268780871	0.3256
C15orf40	3.32800994615572	0.641580751903002	0.785507223307705	0.0836
NSRP1	5.61343197166647	0.641797116463509	0.78556139176385	0.0572
HIST1H3C	-1.4230609367248	0.642527109153143	0.786296749208995	0.6597
ADAM32	-1.4230609367248	0.642527109153143	0.786296749208995	0.6597
ZBTB42	1.95404064201643	0.643653109499579	0.787410786505683	0.1166
PINK1-AS	2.06399616756296	0.643869325349302	0.787622514310966	0.1407
LOC100505716	-0.979696396109599	0.644584022526247	0.78839112389382	0.5139
RAD9B	0.840121337314843	0.644780185698888	0.788525393228757	0.1398
DLGAP5	7.67041952684971	0.644974439475888	0.788710119034886	0.0388
ARHGEF11	5.7116116797253	0.646952682618311	0.790953981283396	0.0453
MAG	1.74775453217553	0.646982679804172	0.790953981283396	0.1538
LINC00937	-1.36835963767235	0.647649028602465	0.791519131923882	0.4793
SNORD98	-1.48131458204739	0.647692168106277	0.791519131923882	0.5181
ALG8	5.82038418498417	0.647746299343975	0.791519131923882	0.0455
IRF2BP2	6.93948905150008	0.647771027937158	0.791519131923882	0.0402
SCAND2P	2.23592332575628	0.647799509471413	0.791519131923882	0.1215
HOXA5	0.018165803689755	0.647811599848759	0.791519131923882	0.2575
ICE2	6.05349825265191	0.647835170311495	0.791519131923882	0.0429
NUS1	6.08590042380631	0.648129857147317	0.79182618430579	0.0501
ZNF204P	3.64622828243252	0.648519036573035	0.792144256133747	0.0599
CALR	9.61432634169291	0.64862817181009	0.79216991601318	0.0431
KMT2B	5.13681343362392	0.648940670367747	0.792481847425406	0.0459
ADGRF5	5.65698268672925	0.649538001806652	0.793015833677673	0.0429
TAB2	6.38300548427702	0.650291306717502	0.793723212905978	0.0394
LRRC48	1.70511518679659	0.650450099083697	0.793863952993179	0.1283
SLC35B3	4.38921990724365	0.650611535584687	0.794007901172141	0.0673
ZNF763	-1.54343899601542	0.650869312607972	0.794216307129947	0.671
ZNF487	1.74020711997974	0.651065745619197	0.794258161591452	0.1199
CKMT2	-0.577204934845784	0.651077639582388	0.794258161591452	0.3933
GMPR	0.0822489635499216	0.651239313499605	0.794402305709528	0.2194
RAB2A	6.86114495558088	0.652744597204903	0.795919407331867	0.0423
ACSBG1	-0.544771304896652	0.652821246063879	0.795959705345767	0.3151
WDR91	2.71773749777081	0.652870270536726	0.795966318880624	0.0955
MFI2-AS1	0.996780112206982	0.652939931484935	0.795998089428312	0.1604
GGPS1	6.31431941909902	0.653035336373266	0.796061238036214	0.0436
LOC105369311	-1.60589207995657	0.653236597114771	0.796253409690008	0.5842
BHMG1	-0.542721311647549	0.653576552416772	0.796561422052246	0.3156
NDUFAF7	4.08505801587974	0.653732014696645	0.796697707630304	0.0634
NCK1-AS1	2.81238641547744	0.65448700376465	0.797408538024839	0.0836
LOC646127	-1.48446844991492	0.654490005136075	0.797408538024839	0.548
SPACA6P-AS	-0.0452210848386292	0.654740580545905	0.797640604472539	0.2902
C11orf58	7.15429816207022	0.654807352375015	0.797640604472539	0.0494
ZNF649-AS1	-1.42273865475005	0.65504554948001	0.7978191708124	0.352
TP53	7.28471345931221	0.655999190910545	0.798829575300568	0.0463
ARMC2	1.77787513245901	0.65607417927831	0.798858815240767	0.1355
LOC100289361	-0.782905498589445	0.656220361664611	0.798983521578574	0.3781
RPL36A	2.82523505548655	0.656383577448591	0.799040525138267	0.0924
MTHFSD	3.58296092888266	0.656398485730642	0.799040525138267	0.073
LAMP1	8.06172732456864	0.656459944320423	0.799062057841955	0.0383
FAM160A2	3.27255165599672	0.656801508761995	0.799371222930599	0.0999
PCED1B	2.07288911701657	0.657046843289617	0.799616503639441	0.1201
LOC100506730	2.34216948680091	0.658408959977858	0.801060578031041	0.1284
PPAP2B	4.85935238782973	0.658499816474194	0.801117729545041	0.0594
CNTRL	6.3095309370291	0.658818665865522	0.801452226563668	0.0395
ZNRF2P1	0.0396180254747099	0.65895398163389	0.801563425420328	0.2864
CSTF3-AS1	-1.26029735668987	0.659544758508237	0.802228603592936	0.4455
LGALS8	5.3511380959481	0.659659195719733	0.802314342242468	0.0453
SFT2D3	3.71737775646269	0.660266288386863	0.802961405777683	0.0753
TUBAL3	-1.36888623763803	0.660279175259344	0.802961405777683	0.4891
SLA2	-1.31212760158313	0.66045504354638	0.803116216240168	0.3164
SMIM3	2.50878530904274	0.660538452390782	0.803116216240168	0.0967
LOC101928043	-0.937370723454826	0.661516920232956	0.804145218788976	0.3651
ST3GAL6-AS1	-1.36626663349637	0.661578787796036	0.80416687862071	0.4797
CRYZ	4.99936368407946	0.662083319382473	0.804619430078979	0.0438
YAF2	3.84703797198624	0.662238698216249	0.804705582982258	0.0705
PEX11A	3.23572101342364	0.662877663816001	0.805407462800988	0.0708
MIR5047	3.78585639346504	0.663330193162192	0.805735399932216	0.0756
LOC729887	-0.605401824730027	0.663398816629115	0.805735399932216	0.3227
ZCWPW2	-0.605401824730027	0.663398816629115	0.805735399932216	0.3227
LOC101929607	-1.26081578218228	0.664203672999646	0.806551965829556	0.4395
HIST1H2BL	-1.60936072726285	0.66464147709018	0.8069762440648	0.862
TPI1P2	1.48165863528813	0.664758184575774	0.807010600985193	0.1268
DYRK3	1.73582680801535	0.664873748385066	0.807097223918995	0.1418
ACSM6	-1.31193043948593	0.665418113933239	0.807543248551833	0.6018
FRMD5	3.82461013510061	0.665766712519531	0.807858896893092	0.067
ZNF554	1.53892657469869	0.665955200225591	0.808033905045753	0.1563
PAPL	2.85159455412716	0.666320880755806	0.808423871806871	0.0683
ERICH1	4.08704658190996	0.666522842723463	0.808615165919693	0.0531
ARL5A	5.81884476616339	0.666590362544454	0.808643342322517	0.0473
GAS8-AS1	0.618818568569839	0.666883478939989	0.808945168872322	0.1566
CELSR2	4.7392727843183	0.667044500300333	0.80908673161138	0.0539
CHRNB4	-1.36573913300369	0.6674777778453	0.809515902605767	0.4746
SYNCRIP	8.55938292876494	0.669442213082845	0.811657624977011	0.041
LOC102467147	-0.60714244282635	0.669444406422276	0.811657624977011	0.2049
PARD6B	4.08548748686482	0.669475269330841	0.811657624977011	0.0742
COPS2	6.74698516254707	0.670075797777147	0.812277806389083	0.0383
CFAP97	6.5269218546618	0.670358074758117	0.812512084237431	0.045
SPICE1	4.52717856720244	0.670661973022176	0.812826460830701	0.0526
WDR25	0.685346593043967	0.67084579915856	0.812995280764649	0.1724
DBNL	6.10314291654011	0.670953093050898	0.813071335329386	0.0405
CATSPER2P1	0.197579324072318	0.671287808882335	0.813329771104444	0.2196
TAF11	5.1070827134579	0.671300010462411	0.813329771104444	0.0464
SAE1	7.68089560942166	0.671658498342034	0.813587676761259	0.0406
CCT6P3	1.55982298857886	0.672780126900315	0.814724119088092	0.1125
WNK4	1.77438759343918	0.672807888878839	0.814724119088092	0.1336
LOC101929066	0.216897684517325	0.67339284480047	0.815270228442031	0.179
FBXL2	3.11582197898548	0.673612268715576	0.815427728776046	0.073
VAX2	-0.281619151306828	0.673971736271143	0.815808779828005	0.3244
PHYHD1	-1.36887105025713	0.674155487337992	0.815977098511064	0.4413
MAPK14	6.1187509082722	0.674688551587081	0.816459909702621	0.0448
NUDT13	3.30868642671025	0.674744681300206	0.816473712588093	0.066
ALG1L	-0.454148449284061	0.674933689623639	0.816594170439999	0.3606
ZNF212	3.8374994873839	0.675182951897952	0.816832752279338	0.0601
LOC105371931	0.430636093144701	0.675220369448263	0.816832752279338	0.2778
SGK223	4.01527652127878	0.676286491174708	0.818014058363842	0.0652
RAD51D	2.40576901099683	0.676725732081591	0.818343054794399	0.0765
TRNP1	3.40923350835458	0.676737790218615	0.818343054794399	0.0773
LINC00936	-1.20893479952153	0.677093820384222	0.818719352558905	0.2993
SLC52A1	-1.16118596677001	0.677440503955117	0.81903005564269	0.4203
KLHL29	2.54199757604731	0.678400249563834	0.820120252951271	0.0799
RNU6-26P	-1.42379444731902	0.678477003742498	0.820120252951271	0.3977
TCAP	-1.20998537011795	0.678756875670383	0.820349918718207	0.3071
ST20-AS1	0.670758699877851	0.678985737169708	0.820572197654587	0.1902
LOC103021296	-1.20894198439245	0.67996267216519	0.821589684495844	0.3081
TDRD6	-0.546813736155529	0.68024656774573	0.821878315073862	0.2942
DDX6	7.262858004615	0.681116348916628	0.822820279633534	0.0345
LINC00240	0.196406070763082	0.681628782184849	0.823225047280561	0.2171
RAB1B	8.08599877331987	0.681631782136994	0.823225047280561	0.0349
MYEOV	6.19058082086316	0.681729461987147	0.823288553154551	0.0469
TCTN1	4.25063927290343	0.68269454684303	0.824161334837217	0.0526
POLR3B	4.85139000238031	0.68286457434047	0.824231109314582	0.0445
ANKH	5.94147044206448	0.683156498968715	0.824466519810462	0.0366
LOC374443	4.12400941698508	0.683361587551236	0.824659514961354	0.0648
LOC113230	2.01996657727826	0.683798637462735	0.825077853636463	0.1192
CAPRIN1	8.86784650311857	0.684735298011403	0.82595875226559	0.0344
LOC403323	0.549877221336241	0.684754914304322	0.82595875226559	0.1423
ZNF322	3.86005220789726	0.685367859365191	0.826534260838349	0.0546
LOC100506286	0.571519436334299	0.685560691603226	0.82671219934662	0.1774
ERI3-IT1	-0.450767131526789	0.686664072403654	0.827714711508822	0.2534
CCNI	7.0135771405161	0.686955822525999	0.828011719004004	0.035
PEX3	4.62209230007598	0.687754654984321	0.828810415300928	0.0455
PSAPL1	-1.20873843660023	0.688658870791372	0.829571517332054	0.5499
SZRD1	7.50694622834045	0.688999153002943	0.829871909825277	0.0381
ILK	5.10262423954216	0.689223779045219	0.830087696942177	0.0443
AHCTF1P1	3.596739810609	0.68936713793325	0.830205585467999	0.0659
FAM107B	7.56332001377641	0.689483509144743	0.830236194376785	0.0355
LOC105379045	-0.311033325646801	0.689877302480681	0.830546032319132	0.2979
SNORD67	-1.11314501489238	0.690573518436426	0.83111819407911	0.2882
SNORD63	-1.06745922296247	0.690812949176856	0.831343520116854	0.4
PCGF6	2.83249644520945	0.690941535625054	0.831443456223781	0.1061
FBXL5	5.07919709811571	0.692002180243707	0.832555147128582	0.0533
ZNF408	2.98754413574558	0.693335668508218	0.833510434164639	0.0654
DNER	0.775156544975901	0.693478892034661	0.833510434164639	0.1822
TRR-TCT1-1	-2.25993062161677	0.693531559897596	0.833510434164639	1.0744
TRIM34	-2.25993062161677	0.693531559897596	0.833510434164639	1.0744
SNORA60	-2.25993062161677	0.693531559897596	0.833510434164639	1.0744
SLC22A14	-2.25993062161677	0.693531559897596	0.833510434164639	1.0744
UXT-AS1	-2.25993062161677	0.693531559897596	0.833510434164639	1.0744
ALDH6A1	5.00624500353473	0.693793046593363	0.833510434164639	0.0415
LOC644285	-1.06797578093904	0.693844711124506	0.833510434164639	0.3951
CCNI2	-1.06797578093904	0.693844711124506	0.833510434164639	0.3951
LOC105372883	-2.26045605365419	0.694044326232134	0.833510434164639	1.0677
PDE6C	-2.26045605365419	0.694044326232134	0.833510434164639	1.0677
SKOR1	-2.26045605365419	0.694044326232134	0.833510434164639	1.0677
ADH6	-2.26045605365419	0.694044326232134	0.833510434164639	1.0677
NPC1L1	-2.26045605365419	0.694044326232134	0.833510434164639	1.0677
RDH16	-1.06849893756838	0.694328674509837	0.833596230557122	0.399
LRRC70	-1.06849893756838	0.694328674509837	0.833596230557122	0.399
LINC01358	-2.26046536301182	0.694641035722262	0.833631773233165	1.0815
OR2A20P	-2.26046536301182	0.694641035722262	0.833631773233165	1.0815
STARD13-AS	-2.26099060623056	0.695205923838697	0.833631773233165	1.0742
ZNF382	-2.26099060623056	0.695205923838697	0.833631773233165	1.0742
MIR7-1	-0.510777722440379	0.695207974059569	0.833631773233165	0.3494
TMPRSS11E	-2.25939568863861	0.695253736639394	0.833631773233165	1.0672
LOC105373244	-2.25939568863861	0.695253736639394	0.833631773233165	1.0672
VPS4B	6.20422697096748	0.695518696743702	0.833631773233165	0.0426
MIR135B	-2.25992130962569	0.695865172672009	0.833631773233165	1.0581
LOC100419583	-2.25992130962569	0.695865172672009	0.833631773233165	1.0581
MIR6773	-2.25992130962569	0.695865172672009	0.833631773233165	1.0581
LOC93463	-2.25992130962569	0.695865172672009	0.833631773233165	1.0581
RPL21P44	-2.25992130962569	0.695865172672009	0.833631773233165	1.0581
LOC101928422	-2.25992130962569	0.695865172672009	0.833631773233165	1.0581
LOC105373154	-2.25992130962569	0.695865172672009	0.833631773233165	1.0581
VNN1	0.215097305141062	0.695953724196842	0.833683148880417	0.2214
LOC285500	-1.11243219202848	0.696270253036486	0.833977571878522	0.5264
LOC101928632	-2.2594050032308	0.696336553907992	0.833977571878522	1.0841
TTC41P	0.374209852490524	0.696591564794519	0.834202083238865	0.1912
C5orf56	0.305626485136119	0.696615400908003	0.834202083238865	0.186
LEAP2	0.160328721258279	0.696790479874948	0.834302289014039	0.1738
CBLC	4.24647953819429	0.69747489003639	0.834906084668078	0.056
SNORA20	-1.54419085992435	0.697477689377348	0.834906084668078	0.5006
TFR2	1.28481427859469	0.697621169041924	0.834967771347398	0.1231
SCIMP	-2.25993993357419	0.697959276025982	0.835153997714513	1.0961
CLSTN1	7.68644661687578	0.698099139396263	0.835266606948366	0.0326
LOC105379029	-0.485823435519723	0.698218649577708	0.835315985319071	0.2848
EML1	2.08674651882034	0.698231920243702	0.835315985319071	0.1077
CASC1	1.38998275271691	0.698279133353938	0.835317728753653	0.1321
CDC42SE1	5.56778852959353	0.698532043194596	0.835565520938313	0.0372
ICAM4	-2.25886988117307	0.698932199120386	0.835879870759369	1.076
FEZF1	-2.25886988117307	0.698932199120386	0.835879870759369	1.076
N6AMT1	2.93253477248261	0.699279709551735	0.83624069026441	0.0735
MIR4461	-0.604372754158558	0.699506389977638	0.836402516723177	0.3214
HCRTR1	-2.26098129947147	0.699598292636005	0.836402516723177	1.0511
FZD8	-2.26098129947147	0.699598292636005	0.836402516723177	1.0511
MASP1	-2.26098129947147	0.699598292636005	0.836402516723177	1.0511
C6orf89	6.12192988558431	0.699998403947251	0.836771271769317	0.0353
ZSCAN32	4.08164247875446	0.700318347090432	0.837044110546218	0.0638
DNAJC27-AS1	-1.11294951020284	0.700473036981635	0.837174190712715	0.5181
NR1D2	7.06468420516597	0.701302785213079	0.838056139742749	0.0339
GTF3C3	5.37052229969676	0.701606673340615	0.838364408201746	0.0385
SNORD46	-2.2615156633587	0.701932876584914	0.838424927697867	1.061
PRG2	-2.2615156633587	0.701932876584914	0.838424927697867	1.061
ZBP1	-2.2615156633587	0.701932876584914	0.838424927697867	1.061
MIR563	-2.2615156633587	0.701932876584914	0.838424927697867	1.061
LOC101928419	-2.2615156633587	0.701932876584914	0.838424927697867	1.061
INE1	-0.260183164518057	0.702291347724246	0.838751124854298	0.1864
FBXO48	1.75888906350821	0.703026212301309	0.839456245128701	0.1175
TULP2	-2.26044674426293	0.703263639413048	0.83957500661291	1.0296
ATP6V1B2	5.56287819758163	0.70351538464854	0.83982062787836	0.0409
RNU6-36P	-2.16229042906077	0.703969244431207	0.840087758291026	0.5379
LOC101927855	-2.16229042906077	0.703969244431207	0.840087758291026	0.5379
CXCL1	-2.16229042906077	0.703969244431207	0.840087758291026	0.5379
HCFC1-AS1	-2.16229042906077	0.703969244431207	0.840087758291026	0.5379
RAB11B-AS1	1.48625599201512	0.704193486077662	0.840300430213334	0.1405
PNPLA4	4.54560979867093	0.704316961438094	0.840392839739466	0.048
RAB1A	8.12952182659253	0.704885976124305	0.840974645389672	0.0332
UNC119B	5.68471999251523	0.705091811349524	0.841080078937891	0.0373
PIR-FIGF	-1.11471645392411	0.705123280463652	0.841080078937891	0.3072
LOC101929057	-1.02233171298936	0.705322309738249	0.841125934021713	0.2789
NBPF11	3.65117345186468	0.705380444617427	0.841125934021713	0.0614
SOD3	2.120596243942	0.705392093003529	0.841125934021713	0.1188
RGS12	4.13121851840122	0.705862987322107	0.841467591520987	0.0453
LINC01504	1.43859251234637	0.706343940709369	0.841876018906459	0.1278
RASA1	6.57732290796171	0.706540975188161	0.84205588477837	0.0382
TNRC6C-AS1	1.21247482501341	0.706648385835243	0.842112066274269	0.1606
PIP4K2C	5.87772494643917	0.706680371128495	0.842112066274269	0.0382
RTBDN	-1.15858266349432	0.706804385388122	0.84217410234959	0.4262
DYNC2LI1	4.32019379020511	0.706824693043406	0.84217410234959	0.0526
TMEM91	1.79719313899187	0.706958052253624	0.842252823713111	0.119
LOC105375112	-1.02233835269357	0.707831388267063	0.843043438426637	0.2876
C8G	-1.11419972569197	0.707993901683331	0.843181986374251	0.317
PID1	-0.707270888345293	0.70855062340441	0.843630490482384	0.3459
ERLIN1	5.90815458798574	0.708555341288693	0.843630490482384	0.0404
BTRC	4.4868246755778	0.708777575275048	0.843785028641753	0.0616
LOC101929512	-0.311528228747657	0.709308912239974	0.844256721685512	0.259
IL6R	1.41119713992118	0.709312532713211	0.844256721685512	0.113
NUDT18	1.73501209797387	0.709843703176528	0.844778790429641	0.116
RRAGC	5.22477241694982	0.710674662691431	0.845513394668427	0.0361
C10orf131	-0.286188814382426	0.710692541695169	0.845513394668427	0.3137
ZNF169	1.49571018461396	0.710765639844779	0.845545257461638	0.1134
DNAJC11	5.74535196552467	0.711159204122241	0.845848096322602	0.0451
SYNRG	1.03883237154853	0.711858784761002	0.846514719554251	0.2344
CXorf56	5.81701299715514	0.711913844043994	0.846525052880034	0.0342
TDRD9	-1.20843080477403	0.71246639042994	0.847126900070925	0.3607
ATG12	5.55638160636735	0.712654906373816	0.847295862634998	0.0386
LOC101927262	-0.315789465388083	0.712991784173275	0.847585987619151	0.1888
PHF20	6.12743085082534	0.713166884211697	0.847683744916254	0.0361
TMEM19	5.71964559840758	0.713681616638251	0.848240338108587	0.0443
SLC25A46	5.66149271960719	0.713827912423067	0.848303760525681	0.0416
COL9A3	1.10229339043612	0.713904980528342	0.848340123968327	0.1218
TMEM106A	1.83048228150997	0.714250178973741	0.848695083789679	0.0927
CAGE1	-1.25769525120631	0.714428332108379	0.848851521703259	0.4797
DCLRE1C	4.39174502568145	0.715135554755829	0.849581225198309	0.0423
IQCD	1.25988573504331	0.71556220075201	0.849977457019239	0.1102
ATP6V0A2	4.30296843459082	0.715834393171691	0.850245457497878	0.0495
LAT	1.33869333805035	0.71590333176399	0.850269784075063	0.1409
TIGD1	3.68682238088336	0.715987512135497	0.850269784075063	0.0582
TLR3	3.12596841699792	0.715994598520264	0.850269784075063	0.0731
BSN	0.50246502959943	0.716137049353956	0.850328323447533	0.1818
LINC01124	-0.341246944845156	0.71660279750815	0.850770675119256	0.3118
LHFPL2	4.50304845325699	0.717306697068823	0.85149561490919	0.0458
SLC13A4	0.942471773757418	0.717782839143859	0.851814038661927	0.1649
EMILIN1	-0.0921001147696025	0.717791488435477	0.851814038661927	0.2228
ZNF789	4.78679873791721	0.717813672072888	0.851814038661927	0.0442
HELQ	3.03314731356975	0.717854896188308	0.851814038661927	0.0664
LOC101927770	-0.179655406308641	0.718147959392213	0.852051026624049	0.2752
IRF6	5.26998258673646	0.718702443452775	0.852487285275411	0.0373
COMMD9	5.34776117218323	0.719029165352221	0.852705335162643	0.0387
BOK	5.63614281688477	0.719073106640496	0.852705335162643	0.0419
RBBP6	7.11337416118001	0.720511280466652	0.854244313300376	0.0331
PTOV1-AS1	-0.938394964286947	0.720687171638473	0.854317497921467	0.2843
LINC00908	-0.936829676284533	0.720802560274184	0.854367714606252	0.271
LINC01126	-0.211796357444442	0.721609832896229	0.855045715345381	0.2524
RYBP	5.41381745133257	0.72162460005414	0.855045715345381	0.0346
FAM110C	4.70387449458878	0.72165558622051	0.855045715345381	0.0419
CACUL1	6.61809483330996	0.722008384842367	0.855408207780015	0.0353
PAQR5	3.21939888040599	0.723414022490194	0.856851125321546	0.0611
SPDYA	-0.936836047223232	0.723726974120626	0.857054984402318	0.2815
ELK4	6.41209479144437	0.724265617902435	0.857637226466035	0.0336
FBXO18	5.88079391769079	0.724980502391213	0.858428074435983	0.0323
LOC105371130	-0.858118946516973	0.725508376546736	0.858997400754732	0.2639
CD46	7.78286814782556	0.726247101978222	0.859760527444033	0.0374
LINC00643	-0.0656517403333113	0.727627156670753	0.861226748715072	0.1826
PHYH	3.91015824487715	0.728396438113608	0.861969623011734	0.0545
PTPRU	4.46233663519967	0.728559077316135	0.862050328309246	0.0382
FSD2	1.20742500030608	0.729865153644668	0.863260009390156	0.1391
ZBTB32	-1.02546022703758	0.731579240564302	0.865007164231988	0.3245
GALT	2.05971437222042	0.731919353279594	0.865353261671671	0.1129
SPTB	2.45065975514079	0.732694252701306	0.865771432546016	0.0763
LOC101928738	-2.06771696871237	0.732715510347679	0.865771432546016	0.8523
MIR149	-2.06771696871237	0.732715510347679	0.865771432546016	0.8523
C22orf24	-2.06771696871237	0.732715510347679	0.865771432546016	0.8523
C3orf80	-2.06771696871237	0.732715510347679	0.865771432546016	0.8523
ACSM1	-2.06718347674992	0.733389681815328	0.866306181250121	0.8467
COG8	3.59530992240111	0.733495474520217	0.866375089469531	0.0599
DDX23	6.89476323280744	0.733765405537565	0.866469679398045	0.0303
NDUFA5	6.85258664145599	0.733999320870226	0.866577740529447	0.0396
LOC101929771	-2.06719249762038	0.73408944558363	0.866628098717973	0.8592
S1PR4	-2.06824125497662	0.73464522601738	0.866761587253819	0.8454
LGALS7B	-2.06824125497662	0.73464522601738	0.866761587253819	0.8454
MIR4782	-2.06824125497662	0.73464522601738	0.866761587253819	0.8454
SNORD119	-2.06824125497662	0.73464522601738	0.866761587253819	0.8454
MDH1B	1.57626279935077	0.734777390445437	0.866761587253819	0.1165
CUBN	-2.06665881831781	0.734796927453308	0.866761587253819	0.8531
TPH1	-2.06665881831781	0.734796927453308	0.866761587253819	0.8531
IL4I1	-2.06665881831781	0.734796927453308	0.866761587253819	0.8531
DESI2	6.57008261401861	0.734819735206363	0.866761587253819	0.0303
NBEA	2.63812202065671	0.734971410604676	0.866884485850818	0.0858
LOC100288846	-2.06770795022709	0.735387966691727	0.86715170649297	0.8376
CNTD2	-2.06770795022709	0.735387966691727	0.86715170649297	0.8376
ID2-AS1	-2.06770795022709	0.735387966691727	0.86715170649297	0.8376
DPCD	3.855695372006	0.737536838139523	0.869180331616754	0.06
METTL16	5.98270370839315	0.737626035473678	0.869229337955556	0.0303
SCYL3	3.43613471756181	0.738201409341569	0.869795077380902	0.0515
MIR6723	0.122739342545783	0.73873080652936	0.870306505162622	0.133
ADAT1	4.74260100280312	0.738908233855761	0.870360324201219	0.04
CFAP53	0.982181720736938	0.738919514942741	0.870360324201219	0.1188
TMEM14E	-2.06612494913294	0.739093556360441	0.870509159026852	0.8435
DPY30	6.3543199491663	0.739539817990293	0.87092239177079	0.0335
SFTPB	-2.06717445585209	0.740067928543448	0.871382490135936	0.8194
C3orf49	-2.06717445585209	0.740067928543448	0.871382490135936	0.8194
MIR3607	-1.98162128975537	0.740170771571755	0.871384381622104	0.4716
ELOVL5	7.65681816574583	0.740409574062342	0.871609310296757	0.0296
ZNF320	4.83690474581795	0.741143441200295	0.872304471829836	0.0381
EDEM2	4.62450558251649	0.741891714592946	0.873072593412546	0.0383
TNFRSF25	1.65121310619012	0.742216151430984	0.873398095947147	0.0953
CAPNS1	8.47756789112717	0.742606652902961	0.873744976501448	0.0326
ZBTB40	5.16250206712365	0.742715943883733	0.873817250212118	0.0382
ACADS	1.80190993745127	0.743600133071026	0.874744766373133	0.1139
ZNF785	3.63811433717118	0.743822146913008	0.874893184333733	0.0459
MIR503HG	1.50831110051116	0.743946464381232	0.874983033999727	0.0918
PTAFR	3.31182015490525	0.744021031760591	0.875014362933798	0.053
SENP1	5.24523468769923	0.744193701472766	0.87510468367709	0.0322
PROM2	6.49537926400043	0.745668211553719	0.876499830669287	0.0285
LOC100506022	-0.980626560674912	0.745993533237013	0.876825775352492	0.2438
SPAST	5.59680379458871	0.746247533076858	0.877067853206149	0.0444
LLGL1	5.09908990064587	0.74757387222242	0.878513589397651	0.045
DHCR24	8.63287111788884	0.747810255254471	0.878734810757314	0.0291
ZNF654	3.29996361821714	0.748058872103578	0.878970378394987	0.0627
LOC644936	-2.15912259526782	0.748298585682819	0.879138875103002	0.5772
MCAM	6.07489389744125	0.748400622300529	0.879202172504406	0.0299
SLC16A10	0.577499510097108	0.750368690378692	0.881230672985102	0.1851
HELLS	5.12876121071233	0.751028064017456	0.881891576297851	0.0325
SERINC5	6.21485306611669	0.751550416769518	0.882391434082212	0.0329
STAP2	3.31573181040977	0.751766675269641	0.882499105906393	0.0596
HM13-AS1	-0.641024246288043	0.751835483904586	0.882499105906393	0.2513
GOLGA6L9	1.0926905767345	0.752278799598979	0.882873728279864	0.1086
SSR3	7.33678310723782	0.752348082320872	0.882873728279864	0.029
NDUFA4L2	-0.746169644813045	0.753646949072625	0.884284253632614	0.3116
FAM149B1	3.88621342402915	0.753888654278751	0.884501393434289	0.0432
PRIMPOL	4.11787830417562	0.753928910124396	0.884501393434289	0.038
ND3	12.8555334099971	0.754006043825158	0.884535042801188	0.0448
IL17D	1.48817139646081	0.754238287781882	0.884750638163981	0.1015
LOC153684	0.197402406870306	0.754482025067582	0.884979687074902	0.1399
LINC01273	-0.639995687761262	0.755225056226227	0.885623627085432	0.2522
GPATCH3	3.45571675540272	0.755560193796852	0.885959721109598	0.0479
SLC16A13	3.4332360841384	0.756022026520779	0.886387394269048	0.0667
TRPM6	-1.11085844577964	0.757525494959833	0.888093079629252	0.4407
KCNAB3	1.71566743929399	0.758140983555657	0.88865603884129	0.109
TNS2	2.4046000327707	0.758195761779543	0.88865603884129	0.0755
CHKA	6.23884974239332	0.75836347127973	0.888756481046137	0.0337
RRM2B	5.11417640749024	0.758383460875149	0.888756481046137	0.0404
SLC15A4	4.01893669557503	0.759075038012061	0.889298443063926	0.0487
LOC100506023	0.307915026712827	0.759084457301121	0.889298443063926	0.1386
MYLK-AS1	0.986863986534904	0.759089485005761	0.889298443063926	0.1038
CCDC74A	1.31275773079987	0.759376177741583	0.889504084713917	0.1065
PANO1	-0.422550170219452	0.759411188888645	0.889504084713917	0.3061
RP2	4.34936982255597	0.760425310234655	0.890468029883897	0.054
MIR6859-1	-1.89768935813603	0.760520449606264	0.890468029883897	0.7139
LOC105378191	-1.89768935813603	0.760520449606264	0.890468029883897	0.7139
ND1	12.5373051059987	0.761032709976835	0.890831825682041	0.0407
HMGXB3	5.5531867166872	0.761638979730413	0.891312898330668	0.0353
CCDC116	-1.82052873715518	0.761916407955931	0.891580407899716	0.4175
ZNF561-AS1	1.98548521672747	0.762023399401787	0.891648454010961	0.089
CTAGE9	-0.609506268478895	0.762393341023594	0.891966984986333	0.3111
SLTM	7.465931722939	0.762515965728723	0.892053282303336	0.0323
HNRNPH2	-1.89715711030745	0.76298186967735	0.892479986661103	0.7058
BTN1A1	-1.89663340888378	0.76302736808756	0.892479986661103	0.7129
RPL23AP53	2.31092276351244	0.763096975709259	0.892504221189585	0.0654
ETS1	5.60510244981225	0.763891899360232	0.892965764098592	0.0277
RAB22A	6.75558072699873	0.763964797980466	0.892965764098592	0.0268
SNORD97	-1.8982126903658	0.76398073342769	0.892965764098592	0.704
LOC729739	-1.8982126903658	0.76398073342769	0.892965764098592	0.704
LOC101929643	-1.8982126903658	0.76398073342769	0.892965764098592	0.704
DPH6	3.3003546374611	0.765393454961791	0.894263615504577	0.0495
LURAP1L	0.723090221694643	0.765553963206267	0.894346525391541	0.1205
GNPDA1	6.1052164158284	0.765915198474035	0.894711278688379	0.0342
USP50	-0.573801279528459	0.766746921767653	0.895500581065097	0.2489
LOC613038	0.0364398776210898	0.766979951325837	0.895668521167049	0.1975
C12orf60	3.30873865234584	0.76707372890264	0.895695456184634	0.0451
SNORA71A	-1.89768062815894	0.767260383101454	0.895824095286527	0.6899
SBSN	-1.97898421068488	0.767803908845614	0.896114829298397	0.4839
LOC100129931	-1.97898421068488	0.767803908845614	0.896114829298397	0.4839
CCDC107	-0.513015952110819	0.768285285310782	0.896504708765334	0.2326
NOL3	3.87664180125694	0.768765383716549	0.897007595879414	0.0373
MIR5008	-1.97951732466067	0.768877614421471	0.897081212301296	0.4961
LOC399815	1.97840093206692	0.769758038936241	0.897938064405071	0.0743
BTBD16	-1.89610078723967	0.769764964621083	0.897938064405071	0.6974
IRAK4	4.07792293021129	0.772191763514218	0.900372538463024	0.0438
GFAP	-1.97845090769557	0.772385465337162	0.900540877199849	0.4761
PSEN2	3.56717934050421	0.772760526832598	0.900863102034221	0.0429
ITGA5	4.65385373074855	0.772946547563213	0.901022423364665	0.0377
LOC100289561	0.325396595642321	0.773078203540293	0.901063993354372	0.1167
LINS	2.84932017835929	0.773518715813971	0.901401613423967	0.0594
C2orf88	-0.424472871660094	0.775125281043071	0.902985586798692	0.1757
LMO4	5.95545623123964	0.775264291699915	0.90308989977499	0.0279
MGAT4B	7.06007148462043	0.776003207181203	0.90389297200919	0.03
CMTM3	4.73590560900661	0.776260018681168	0.904076740098462	0.039
SRD5A3	2.91722558143479	0.776502259977318	0.90430117747805	0.0529
ANKRD6	1.06413750918038	0.777543964268036	0.905372370803883	0.0987
SLC25A13	6.33066384029565	0.777570848040868	0.905372370803883	0.0257
KCNG3	0.725972286957913	0.777665745646387	0.905425118145437	0.1921
VPS72	5.12151091696269	0.777922833921453	0.905608931008165	0.0277
REM2	-0.425488228269396	0.778306663862399	0.905972051539394	0.168
PNRC2	6.59105223041195	0.779886281936366	0.907584795157582	0.0238
DBR1	4.52293240427085	0.779918397591594	0.907584795157582	0.0394
GPAM	3.60448571227379	0.780542575090891	0.90787829589723	0.0569
PRSS30P	-1.67551337038424	0.780717647200406	0.90787829589723	0.3805
NPIPA3	-1.67551337038424	0.780717647200406	0.90787829589723	0.3805
DR1	5.61128632689042	0.781429352335182	0.908632177196967	0.0381
SLC30A8	-1.74506179347074	0.781616311929681	0.908632177196967	0.6249
CELA2B	-1.74611517959445	0.781762813729697	0.908632177196967	0.6245
LOC101928344	-1.74611517959445	0.781762813729697	0.908632177196967	0.6245
CACTIN-AS1	-1.74611517959445	0.781762813729697	0.908632177196967	0.6245
URB1-AS1	1.11620005320947	0.781883956237701	0.908632177196967	0.1094
LOC100996274	-1.97845978921244	0.783448221919089	0.909778687065383	0.5254
ST7-OT4	-1.67604344915135	0.78371865602116	0.909919090837084	0.3878
ENKUR	0.472167239082471	0.783858561580977	0.910023650252612	0.1823
COL4A1	4.52276363011923	0.784299075163477	0.91036138836371	0.0411
PPP3CA	5.98245538651932	0.784649826218944	0.910636779969544	0.0282
LOC101928855	-1.81895141360251	0.784685976429716	0.910636779969544	0.4261
CHRNB2	-1.9789930898959	0.785442162267703	0.911340543686233	0.5516
LOC730183	1.80117594854117	0.78553742886716	0.911393155474984	0.0735
HIC1	-1.74663737678083	0.786935180074256	0.912782810053727	0.6129
APOBEC3C	4.69211632482591	0.787312982175033	0.913130020076419	0.0302
KBTBD7	1.78741771082935	0.787436894072575	0.913190696111607	0.0765
ZBTB17	3.53665475135403	0.787493081297734	0.913197846164736	0.0359
PPAPDC1B	3.91942052793753	0.787756345549535	0.913445112065061	0.0493
TMEM44-AS1	3.1837089656007	0.787867256642764	0.91351569623819	0.0456
ANKFY1	6.74812704002124	0.787946481506611	0.913549534255347	0.0259
CASP1	0.463228605525351	0.788041845153823	0.913602078181761	0.1895
PGM5P2	-0.605597668055395	0.788494508339489	0.914068817897239	0.2056
LOC730338	-1.74610673776501	0.788575299614921	0.914104430107943	0.6016
MMP7	-1.74579275251982	0.788826763488636	0.914337866301495	0.1931
RFX2	2.35807404004076	0.78951993434573	0.914963794103525	0.0547
STBD1	-0.285363273852231	0.789567244320055	0.914963794103525	0.2252
CPSF6	6.96423778508717	0.789622817562427	0.914970114720385	0.0245
TMED5	6.96010641089661	0.79003336993416	0.915387738100915	0.0312
STAT6	6.13572088738618	0.790553107301161	0.915815567414811	0.0234
SPDYE6	0.632956597872324	0.790714443472158	0.915886230570885	0.1179
PRORSD1P	0.590750486347952	0.790789869315934	0.915915483709662	0.0899
C19orf60	3.84193466022757	0.791806196219526	0.916743652852845	0.0569
LINC01232	2.14802512026544	0.792178973574653	0.917058930981539	0.0887
LTB4R2	-0.313565028394223	0.792366111527542	0.917217407396285	0.2752
ZNF837	1.69035988896938	0.793357435770301	0.91824848458902	0.103
INCA1	2.50921268237437	0.793634665382111	0.918452897065979	0.0562
LMO3	-0.481726302749233	0.794051038617848	0.918818264626192	0.2569
DPY19L1P1	0.525013442005086	0.79486042724792	0.919579972106339	0.2048
MTMR7	0.658593911287075	0.795255883237769	0.919979177770022	0.105
CFLAR-AS1	-1.54416680666835	0.796613459272767	0.921316142697728	0.3495
LOC100652777	-1.54364579185269	0.797065857965479	0.921615182283105	0.3537
OVOL3	-1.54364579185269	0.797065857965479	0.921615182283105	0.3537
PXDNL	-1.60798777987092	0.797073954484441	0.921615182283105	0.5613
LINC01301	-1.60798777987092	0.797073954484441	0.921615182283105	0.5613
FRAT2	3.12527554487111	0.797378720656488	0.921850796295664	0.0473
MFSD4	-0.337363439428394	0.797464953951625	0.921892109887339	0.2149
HSP90AB4P	-1.5441748244289	0.798195228175702	0.922484889875387	0.3588
SNORD2	0.513395532756375	0.798280909851631	0.922484889875387	0.1512
LOC101929950	-1.60765721028639	0.798388812364347	0.92249279484326	0.1697
CCL27	-1.60765721028639	0.798388812364347	0.92249279484326	0.1697
LAMA5-AS1	-1.67446096161529	0.79904281337836	0.923131603660001	0.3816
AP5Z1	4.2851730989414	0.799826376762435	0.92397837968582	0.0513
AACS	5.23630931759029	0.800126592446918	0.924266709169257	0.0277
LBHD1	0.73878873233577	0.800612849252878	0.924711386559569	0.1194
TSC2	5.59621026134561	0.800809850009787	0.92476340197221	0.0256
RNF216P1	3.60535278399117	0.800944231075483	0.924824288182225	0.0462
RMND1	3.75664194820988	0.801014551092098	0.924824288182225	0.0321
SIRT2	4.35468197931816	0.801358460719752	0.924987358301706	0.0338
CCNK	4.45339460668362	0.801556328018412	0.925098768763695	0.0328
TAX1BP3	-1.54522432539394	0.802202884236796	0.925727930128125	0.3622
CYP3A5	-0.113055570721886	0.802367486227319	0.925761958363815	0.1721
CCDC142	2.00263021292694	0.802385681747827	0.925761958363815	0.0827
FAM225A	0.675240061849905	0.802435211938487	0.925761958363815	0.1001
MIR7856	-1.60797961991291	0.802663126814014	0.9259078758446	0.5433
AP1S3	7.01034510443961	0.80442120686069	0.92758423145836	0.0279
ABCA17P	0.604047360948429	0.804988395545183	0.928062402846407	0.1351
HORMAD2	-1.54574479735401	0.805554315250899	0.92846955688202	0.3556
WASH2P	2.53592668729986	0.805633428657355	0.92846955688202	0.0492
MST1L	-1.545208296531	0.80582280707375	0.928487046279648	0.3279
LOC105378577	-1.545208296531	0.80582280707375	0.928487046279648	0.3279
USP36	5.3523503557699	0.805865318158469	0.928487046279648	0.0236
SRL	-1.54573678458879	0.807897515839762	0.930652262062765	0.3352
NCK2	5.12786025151451	0.808329909697509	0.931032860027617	0.0263
LOC100996573	0.753408941624611	0.808732417060012	0.931384247475448	0.1237
GPR63	2.51950715048784	0.808745870203483	0.931384247475448	0.0434
LOC102723897	2.00477477902836	0.808788040930559	0.931384247475448	0.0664
ARHGAP12	6.02137549312615	0.809410748119132	0.932042551889925	0.0245
CYB5RL	2.11513119398481	0.809940555490155	0.93258606303438	0.0713
SEPSECS-AS1	1.75398932276395	0.809984915396205	0.93258606303438	0.0743
SLC17A7	-1.42429886310461	0.810317394001403	0.93265070588287	0.3286
FLJ12825	-1.48255441744881	0.810507452339529	0.93265070588287	0.1693
FAM19A2	-1.48255441744881	0.810507452339529	0.93265070588287	0.1693
TMEM253	-1.48255441744881	0.810507452339529	0.93265070588287	0.1693
MBOAT4	-1.48255441744881	0.810507452339529	0.93265070588287	0.1693
PHEX	3.15169988674835	0.810551933585539	0.93265070588287	0.034
SRRM5	-0.0927817526301883	0.810999968978728	0.93310742003376	0.118
NKAPP1	1.49072548687208	0.811218202003232	0.933225151236533	0.0827
ARHGAP8	-1.48235609229956	0.811740252687939	0.93366494790014	0.5077
FRG1	0.425029566887035	0.812780633287417	0.934684928585517	0.0986
LINC01296	1.62813107740251	0.81300149417704	0.934703399313309	0.0814
PIN4P1	-1.60819507528481	0.813244490306551	0.934923892634534	0.2207
LOC102724200	1.98710191183567	0.813637989462389	0.935258477246277	0.0759
SAXO2	-1.81790467222047	0.813820765349881	0.935350786466094	0.5102
OSMR-AS1	-0.289930058690937	0.813885499210254	0.935366299879282	0.2247
ORC3	5.39197814573189	0.814253901395459	0.935730783323398	0.0225
SNORA73A	-0.116579157532038	0.814828141202563	0.936272818844032	0.1678
FAF2	7.20575878629812	0.815989125029553	0.937488827346729	0.0195
NKD1	-0.264227958061487	0.816334350935224	0.937767424532686	0.1666
DPY19L2P3	-1.48182754693288	0.816544232945252	0.937949507119393	0.4955
LOC101928445	-0.00377643551034612	0.81670161996632	0.938012253797114	0.1216
CYP27B1	0.0619010756647297	0.816942839360725	0.938133266460216	0.1693
LINC00162	-1.48256229529747	0.816986974175895	0.938133266460216	0.189
EPN1	6.92388665924641	0.817063920722909	0.938133266460216	0.0236
ZCCHC17	5.40574747052298	0.817345736688659	0.938397822085916	0.0291
NDUFB8	5.829800959386	0.818059316555919	0.939098967681875	0.0209
EVL	1.76069284083774	0.818995557104219	0.940114618366111	0.1063
ABHD12	5.97023754525631	0.819296783664746	0.940342140235358	0.0215
TEKT5	-1.48361082696309	0.819631796852034	0.94066751011069	0.1925
CYP4F11	6.5741160820428	0.820792805920936	0.941822342230836	0.0217
SUDS3	6.55149526667535	0.820848412895347	0.941826951531484	0.0204
SPRY3	-1.31317313965498	0.821082660779318	0.941977317613726	0.316
TMEM86B	2.78620277101118	0.821587883915026	0.942320060862771	0.049
SPRNP1	-1.48234821387842	0.821946477196843	0.942494497060836	0.4764
MAGEB6	-1.48234821387842	0.821946477196843	0.942494497060836	0.4764
SNORD95	-1.36730589635923	0.822639218129011	0.943051903683719	0.4704
DGKE	4.35621230801115	0.822826292814779	0.943207133092214	0.0278
ERVFRD-1	-1.36698387259502	0.823472633122415	0.943770254898789	0.1759
CD163L1	5.54910177755403	0.823718609120484	0.943992901952515	0.0251
SEC14L6	-1.36625903296654	0.823797415647868	0.94402395455825	0.4697
CUL3	8.32769733049341	0.824751527956148	0.944880068676966	0.0187
TMEM232	-1.42587292820864	0.825042660564363	0.945152773746832	0.3362
NPIPA5	-1.67288512730195	0.825093106661003	0.945152773746832	0.4151
CDKN2AIP	3.69821741676316	0.825386259757547	0.945343583003531	0.0397
COX3	13.3290284768205	0.825482584864642	0.945343583003531	0.0238
ARHGAP10	4.97391155994551	0.825518591161387	0.945343583003531	0.0248
LOC105371478	-1.36677875478115	0.825922354205626	0.945668038092261	0.4612
C17orf107	-1.36677875478115	0.825922354205626	0.945668038092261	0.4612
OR2AG2	-1.31421796394263	0.826514090080321	0.946127491127812	0.3172
APLP2	9.12065304321844	0.827108058200107	0.946620467256803	0.0194
SERINC4	0.846109410035096	0.827152152370756	0.946620467256803	0.0968
WDR54	4.17524346797124	0.827222840562942	0.946642022022007	0.0457
TGS1	4.59732478416813	0.827878231118533	0.94733264305503	0.0216
SMCO4	3.18495693470033	0.828017745600551	0.947420664223644	0.0373
WASH3P	3.12947008664136	0.828295235580307	0.947631623786055	0.0522
BPHL	3.14372443845394	0.828416453402744	0.947710914483049	0.048
BCO2	0.0389403545673507	0.82920110603524	0.948549119103912	0.1887
ZDHHC1	2.15888940238822	0.829366922260126	0.94867935669053	0.056
LETMD1	4.76066016531671	0.829574824386604	0.948738833176837	0.0274
ZMAT2	6.95101383724627	0.829987428466687	0.949151246184405	0.0199
SHANK3	3.27215735245348	0.830341430796182	0.949377663970382	0.034
ST7L	3.84026375004442	0.830539820683957	0.949545025451297	0.0291
PLCG1-AS1	-1.20945299008952	0.830963338659536	0.949843670432418	0.2953
TBX2-AS1	-1.31160083355998	0.832584824809792	0.951406394700023	0.3125
LOC100422556	-1.31422541965735	0.832744291938581	0.951529060125852	0.3385
RUFY1	6.24541384235249	0.833044025508801	0.951811974570576	0.0199
RBM22	6.0986317741906	0.83352972501992	0.952307319604709	0.0187
ACTB	11.847622242474	0.83375183241675	0.952441865502797	0.0219
NOMO2	4.81637009467126	0.834898327430484	0.953453263203485	0.0361
FBXO42	4.5670460256265	0.836235970525324	0.9548016685165	0.0255
SNORA14B	-1.25924532912347	0.836423773826732	0.954836944408505	0.4304
PPP1R3E	1.99362670599454	0.836665960009691	0.955053696363216	0.0481
ZMYND8	6.78082335860122	0.838286750524651	0.956724363439487	0.0173
PHF20L1	6.25680120507138	0.838414894317001	0.956810796440031	0.0198
LOC101927854	-1.1603326386771	0.838743780432963	0.956988743674283	0.1667
FOXO6	2.56427276392019	0.839365500791697	0.957505361483894	0.0459
CTSS	1.23029362987699	0.83943739591268	0.957505361483894	0.0731
KLHL22	3.29682602261646	0.839443104215037	0.957505361483894	0.0436
C1orf228	0.820541557499559	0.839579540065592	0.957577948544198	0.0952
GBGT1	-1.11418590864889	0.839664099490333	0.957577948544198	0.2877
SERTAD3	3.87110485091505	0.840329570400762	0.958157306678928	0.0323
NPEPL1	1.04905661214838	0.840481153778575	0.958210450470347	0.1147
ANKDD1B	-1.26080846235746	0.841859238868161	0.959422077831147	0.4131
MIR181A1HG	-1.20840924692589	0.842017304225471	0.959422538131332	0.294
MPI	3.58803822058749	0.842129534666528	0.959445585452945	0.0262
SDF2	4.74363893371594	0.84221493228356	0.959445585452945	0.0222
CCT6P1	2.62185322384659	0.842574099383922	0.959757456688892	0.0409
SPIN2A	-1.11417900013833	0.842750561136465	0.959898567763121	0.2762
KCNIP2-AS1	-1.11470263866552	0.843077130850659	0.960210624543616	0.2812
TBXAS1	-0.0198420767865816	0.843226900814423	0.960316497150043	0.1149
LOC101927045	2.19158125801151	0.844003122629416	0.960905581959627	0.07
KIAA1656	0.321948903299309	0.844066997269238	0.960918377534747	0.1041
ZNF436-AS1	1.98571297143128	0.844704530377173	0.961584205684708	0.0574
LINC01605	1.78408218330561	0.845631796880083	0.962459730912893	0.0763
DHFR	6.5090673387841	0.845703334208206	0.962481146393928	0.0202
TFAP2A-AS1	0.271962380946355	0.845856591629123	0.962595557709841	0.084
IGSF10	-1.06713084602297	0.846718462727104	0.963276142303609	0.1709
FAM157C	0.456021992292284	0.846998366353636	0.963534532412262	0.1011
NUPL2	5.16393456007525	0.847415231031844	0.963888626649056	0.0233
ATF7	4.97133128565105	0.847727020510176	0.964183196463384	0.0202
LOC105379046	0.37403530896397	0.847965063213765	0.964393857091359	0.1131
RNU6-2	-1.16034673285106	0.849345004958944	0.965662478079995	0.2017
TBX1	-1.16034673285106	0.849345004958944	0.965662478079995	0.2017
ZBTB3	2.30224959369109	0.849653171454373	0.965952690127727	0.0445
GLS2	1.27811385652306	0.850709529635189	0.966826855269934	0.0624
MCM8	6.03306321276145	0.851092703106878	0.967167655643895	0.0163
LOC105375354	-0.980091484491147	0.852713798651422	0.9687083452508	0.1707
LOC105371921	-0.938382225518768	0.852898355672526	0.968857717700058	0.2671
LOC652276	2.16210779398551	0.853126240745423	0.96905628739724	0.0552
OXR1	5.09879657965413	0.854274185750571	0.970193305796075	0.0216
FAM204A	5.03407081771404	0.85428666688606	0.970193305796075	0.0208
MIR4444-2	1.47283374057103	0.85439181736817	0.970252364883884	0.0535
C1QL4	-1.25841147414223	0.854765875996255	0.970394139856032	0.2313
TTL	5.40797729783088	0.854821930742461	0.970394139856032	0.0177
SP2-AS1	1.53046516410526	0.855040788917582	0.970566725267635	0.0698
TNNI2	1.28691954330663	0.855426470389706	0.970883782619489	0.0726
ARNT2	4.13301572022684	0.85558615960764	0.971004658075163	0.0402
ZNF891	2.18493088492937	0.856161403425955	0.971419224343297	0.0398
TMED6	-1.06609698468837	0.856164292270138	0.971419224343297	0.1929
FGD1	4.78992971899225	0.856222710159493	0.971425131854559	0.0223
TRIM52-AS1	2.20864624680653	0.857127907926355	0.97221044343607	0.0508
DNAJC24	4.82052909549491	0.857562461176509	0.972575169255289	0.0227
FAM185A	2.8655744490451	0.857609283231357	0.972575169255289	0.0266
DCK	4.8418680594254	0.857872601112847	0.97275293204448	0.0279
BHMT	-1.11157198794677	0.859168063845183	0.973979891552264	0.2587
ITGA11	-0.897536267169548	0.85973944028061	0.974567104735351	0.1757
IGFALS	-0.858112843899119	0.859927618677524	0.974659378318549	0.2554
EMC10	6.59043061239186	0.861282736788389	0.976074097883719	0.0222
SCFD1	5.71158258585862	0.862505516470327	0.977150830627378	0.0186
DHRS2	0.183944535868265	0.862553989677925	0.977150830627378	0.0579
SIRT3	3.83968150017597	0.862639863915329	0.977183141383328	0.0403
TRRAP	7.04000361982228	0.862757392413752	0.977199339614435	0.0176
SP110	3.23186054168223	0.863411982581933	0.977758771417143	0.0308
TUBA8	-0.936823305359194	0.863493653514754	0.977790605294961	0.2593
SH2B3	3.22965782223908	0.864770034967097	0.979053752456392	0.0391
WIPF3	-1.02409464032104	0.865326485397019	0.97957911638451	0.1177
UBE2G1	6.77230923460429	0.865468755517701	0.979601810448952	0.017
ACTG1P17	-1.25871172213647	0.866355289293412	0.980335572875432	0.3324
LOC101927100	-0.78206561891838	0.867176402871605	0.981169656698111	0.2428
GDF15	0.702999709790808	0.867643028571328	0.981636782944854	0.0808
MTHFD1	7.88487027528803	0.867895669595251	0.981740091959285	0.0143
SOD1	7.9683637800518	0.868105851047422	0.981784456367954	0.0141
NANOS3	-0.745848846635632	0.868195726696714	0.981784456367954	0.1644
SNORD79	-0.938588811615105	0.868311340519116	0.981784456367954	0.1176
MIR4720	-1.06900160370051	0.868593724048263	0.982042919813284	0.3086
BAZ2A	6.6072573002708	0.86876902500292	0.982180289847244	0.0141
STAB2	-0.745330341044715	0.869144096033099	0.982543477440105	0.1604
DNAJB5	0.649058586791212	0.869308478906113	0.982668457641486	0.1193
SYAP1	6.82058316487605	0.869439957448239	0.982695385288202	0.0138
HLA-B	0.736701398682687	0.869887579333882	0.983140447490828	0.0608
TMEM54	5.21227840095889	0.870250738913657	0.983429123466898	0.0222
CPSF2	5.31667763103353	0.870541772628504	0.983687965310047	0.0149
TEX22	-0.979884195729557	0.870898044783886	0.983977887459749	0.3206
OVGP1	-0.747915475021269	0.871000071732416	0.98403226125051	0.1732
PBX2	-0.711562546838138	0.871216025450984	0.984061354195051	0.0877
LOC100507557	-0.711562546838138	0.871216025450984	0.984061354195051	0.0877
SCARNA27	-0.745860259596224	0.871386670878909	0.984164505293576	0.1818
MDH1	7.20687148117837	0.871913330617845	0.984576592055383	0.0147
KIAA1551	5.47466114763057	0.872348710656544	0.984892383328512	0.0184
SCNN1B	-0.744828786353005	0.872607953874111	0.98503593573484	0.1838
LOC101928794	-0.675361025516966	0.873296458447822	0.98558977160135	0.1607
SPATA4	-0.677423217581828	0.874210802515275	0.986499716325804	0.1671
ZNF137P	2.42076205809695	0.874691731328048	0.986871552540966	0.0549
MEF2D	4.65063390675837	0.874702486397095	0.986871552540966	0.0214
KIF27	3.40968127621176	0.875771953696794	0.987895006592231	0.0339
NPIPB4	1.93848000986483	0.875984991112251	0.988010025338767	0.0824
TTC4	0.676517646143476	0.876017301427219	0.988010025338767	0.0545
EHD1	6.90461595613951	0.876397984155077	0.988242690176977	0.0169
GJA5	3.64220679216645	0.876404971185652	0.988242690176977	0.0242
RGL4	1.93618553429942	0.87671147546285	0.988405156305181	0.0593
TMEM80	3.61736315842673	0.877301676478824	0.988948404186317	0.0374
LOC100996425	-0.544441210239042	0.880170480841542	0.991814844654231	0.1648
LOC100129215	-0.543416330733625	0.880277811921221	0.991874566993816	0.1651
KCNAB1	2.06568817336299	0.880538365979478	0.992106919047174	0.034
ZDHHC6	5.24444840699285	0.880758065162659	0.992170753894207	0.015
FCMR	-0.672794492496146	0.881216450967651	0.992625873318037	0.1767
LINC00963	2.66390604247932	0.881528208822154	0.99285452404573	0.046
GPR180	4.4796472177584	0.883069123427494	0.99422201155056	0.0234
NT5C	4.38429949196621	0.883368998044236	0.994436975291088	0.023
LOC105371419	-0.898359530847157	0.884636107817285	0.995679209883622	0.2769
TRMT44	2.83876480532341	0.884892483388861	0.995906366854512	0.0509
CELSR3	3.64270817674216	0.886083130368553	0.997123443753209	0.027
ANKRD23	0.878709344327524	0.886404057924149	0.997423106599067	0.0688
TMEM39A	5.25337154863372	0.886607982369558	0.997591083275109	0.0169
PLA2G4B	-0.577584500206191	0.887287150806826	0.9982618659495	0.122
KIAA1191	6.7747514085987	0.887313502342383	0.9982618659495	0.0134
CLCN7	5.42131127069518	0.887574558540521	0.998494031348025	0.0226
ZNF140	3.88541323208966	0.887997328606075	0.998908080043903	0.03
BNIP3	5.42524211977431	0.888725369398084	0.999586750011557	0.0165
DSTNP2	2.94732525024731	0.889001118412128	0.999699271929214	0.0253
CAMLG	4.54171277848487	0.889206580652571	0.999837111135338	0.0226
DARS2	5.19754288757966	0.889568512546547	1	0.0166
FAM89B	4.86893447189823	0.890150914953315	1	0.021
TRPT1	3.73624855936704	0.890342095097055	1	0.026
PLEKHM1P	2.27902846421649	0.890441357141877	1	0.0425
ZNF746	4.09109809429155	0.890867486358008	1	0.0209
SLC38A9	4.40936649058166	0.891108444867192	1	0.0239
STX3	5.77078373079033	0.891583304406021	1	0.0144
PQLC2	2.99322012756008	0.891958712442597	1	0.0295
ERLEC1	5.81002814371189	0.892714828267117	1	0.0135
WNT7B	6.29240316651826	0.892923765047647	1	0.0149
ATP6	13.1907292021238	0.893174494325157	1	0.0159
ZNF180	4.17882380185571	0.893353374867712	1	0.0191
ACTG1	11.3076239182851	0.894399936798587	1	0.014
IDS	8.19263725344423	0.895434189746962	1	0.0124
PPIL2	4.33315905306563	0.897137305145988	1	0.0143
TTLL10	-0.185092244654529	0.897285570634025	1	0.1173
SNORD45B	-0.1840775788097	0.897355093627095	1	0.1114
DENND6B	1.39712997988559	0.898082121846504	1	0.0487
LOC102724196	-0.576859474234522	0.898484758135393	1	0.1656
LINC00926	-0.311710990635012	0.898631814248319	1	0.1435
ITGB2-AS1	-0.77917549253528	0.898920171135347	1	0.162
ATR	6.09146072420044	0.899777907246215	1	0.0139
IL11	3.01127106548045	0.8999418682106	1	0.0374
EXOC3-AS1	2.35157919230628	0.900131350392344	1	0.0279
HIST3H2A	1.43436284895708	0.902569327508341	1	0.0354
IPO8	7.22133264220971	0.902692248495103	1	0.0103
TMEM230	6.28645958404472	0.90295722533071	1	0.0129
CMAS	6.92912003901259	0.903842494208857	1	0.0102
SMG8	4.19931391472489	0.903869775154737	1	0.024
ARPC3	7.68556713548711	0.906666737918069	1	0.0098
LOC101927415	-0.188625443415425	0.906846029326695	1	0.1137
EZR	8.98231868236092	0.907251267061897	1	0.0104
CA14	0.0417607998376478	0.908092121007532	1	0.1146
ANXA2R	-0.0703562902267096	0.908277741707856	1	0.0797
SERPINB9P1	-0.0452701039069319	0.908651243021545	1	0.0422
LOC105378423	-0.158111539234895	0.909062132016124	1	0.0842
C2CD4D	0.101460261774412	0.909118146087945	1	0.0792
ZNF271P	4.50564752767356	0.910453676557146	1	0.012
PPARA	5.06313298892421	0.911114720564721	1	0.0143
COX7B2	2.74529692361143	0.912302764330097	1	0.0245
MICAL3	5.02924089884448	0.913354669317386	1	0.0094
LINC00471	-0.110019280849189	0.913875217742526	1	0.1393
LOC100507577	0.143574467563263	0.913975025878233	1	0.0762
KCNJ14	1.82306871543817	0.914025473470969	1	0.0338
PRR19	0.139092480192058	0.91478705028435	1	0.085
S100A11	8.84298342428622	0.916368839009364	1	0.0105
LOC101928673	0.20020305326981	0.916845002192026	1	0.061
PLCXD1	0.140269220640976	0.917217975838028	1	0.1419
SVEP1	2.82407159431128	0.91730080025871	1	0.0247
ASAH2B	2.98135604292861	0.917966659906504	1	0.0199
AMBRA1	4.63467472664442	0.918104178293159	1	0.0191
SLC9A4	0.237964197293079	0.918410618560991	1	0.1136
C5AR1	0.308727095841266	0.918822095766006	1	0.0592
FLJ46906	0.220194058198944	0.919203060238394	1	0.0998
MIRLET7DHG	1.81173660796714	0.919863615443941	1	0.0475
PLS3-AS1	1.91999850079318	0.920383885333057	1	0.036
PERP	8.36754374648647	0.923230201501044	1	0.0088
LINC01271	0.458468514919606	0.926034526810456	1	0.0989
LOC100506302	1.69152499470099	0.926194735754097	1	0.0238
SFMBT1	4.67668271206154	0.927742805636937	1	0.0081
CLDN15	2.334214275217	0.928150847158642	1	0.0261
SETD1B	4.88707715202819	0.928415537085986	1	0.0077
PTOV1	5.03683438207743	0.929441306191732	1	0.0146
THAP7-AS1	0.531612292976485	0.929520145051518	1	0.0291
ST13	8.41714287723171	0.929886487223701	1	0.0082
DDA1	5.9266971944242	0.931057190031166	1	0.0071
C17orf104	0.661800120320095	0.93125138642691	1	0.0525
SCARNA22	0.459765340166708	0.932498073354396	1	0.0575
MBD1	5.05362773988867	0.932759681401039	1	0.0122
CIC	5.33433775979473	0.933306803396251	1	0.0074
CEP63	5.51106755562874	0.933550038712771	1	0.0064
LOC100129034	4.58677099845603	0.934505713370086	1	0.008
ARL17A	0.659552204657613	0.93468372078201	1	0.0828
SPSB1	5.33705094293229	0.934726393153349	1	0.0091
IWS1	6.37828385124501	0.934774281658649	1	0.0066
SNORA63	0.585905905724861	0.935254384552563	1	0.068
DCTN5	6.461390187474	0.936161968425125	1	0.0087
PTOV1-AS2	2.64738956524248	0.937225173442899	1	0.0204
GABPB2	2.1785125954241	0.937571832580862	1	0.0189
PNPLA2	4.84353785636071	0.937697053259924	1	0.0126
C9orf172	2.42524603043487	0.938192457364965	1	0.0385
GLTPD2	0.664379321222462	0.939498939364455	1	0.0793
SH3BGRL3	7.39112748138914	0.941295005639002	1	0.0079
MAFG	6.44399272949802	0.941986447975477	1	0.0071
RPA1	7.40421322679476	0.941989871362239	1	0.0068
NMNAT1	3.81684575168784	0.942405910875087	1	0.0123
TIMM10B	4.4305905220166	0.942479125423879	1	0.0086
RHBDD2	5.29318245182784	0.943487091468943	1	0.0109
RGL3	4.25489731248888	0.944424819204727	1	0.0065
EOGT	3.68071564380553	0.945163826061942	1	0.018
MASP2	1.18827056482771	0.945315059756081	1	0.0556
SASS6	4.59773279843989	0.94629607256509	1	0.0118
RBM26-AS1	1.3074196003791	0.946466178162539	1	0.0309
POLL	3.03265157280334	0.946631380017809	1	0.0194
NXT2	5.1752045265938	0.94766260130412	1	0.0121
PERM1	1.42435388976313	0.94846135685033	1	0.0356
GATSL2	5.06511917824851	0.949040508963054	1	0.0085
RP9	4.37910640750507	0.949163695750758	1	0.0064
NPIPB3	2.25028574520694	0.949443286697004	1	0.0181
NUP50-AS1	3.14814368374662	0.949898972292044	1	0.0141
TFEB	1.36261511931687	0.950055122568112	1	0.0428
NRROS	1.32596002372509	0.950407579619083	1	0.0726
KIAA1211L	4.13247339911161	0.950469872831973	1	0.0113
POLA1	6.10816171237224	0.950670733806875	1	0.0054
SPAG16	4.79078856834341	0.950725300871714	1	0.0062
LOC645513	1.20341592588023	0.950740453075297	1	0.0469
ZNF674	1.37598387274668	0.952217703036746	1	0.0248
PPP1R3F	1.32971669677486	0.95224350569837	1	0.0511
NPTN	6.86752891423725	0.952721450217135	1	0.0057
FANCL	5.36005782735994	0.953440681807695	1	0.0086
SLC25A45	1.60136456607146	0.953647284144065	1	0.0268
MTRF1	3.27647420039884	0.953697006045525	1	0.0076
TLK2	5.32926613631716	0.953989410115738	1	0.0046
GATSL3	1.19177058303439	0.954837329359338	1	0.0402
FN3K	1.76455043817874	0.955423061996246	1	0.0342
ZNF501	1.71783026161708	0.955429853061306	1	0.0402
FAM213A	6.44174482072223	0.956067693403614	1	0.0047
RPL36AL	7.78853592920085	0.956217026284195	1	0.0073
ELMOD3	3.35036012096619	0.956616012602935	1	0.0193
RABGAP1	6.9073742318555	0.956820425679259	1	0.0042
TUBB2A	3.60393561546941	0.958110186335741	1	0.0158
MAPKAPK2	5.79951186802422	0.95827114421957	1	0.0059
GUSBP1	3.66603426159541	0.959005223657455	1	0.0106
MON1B	5.0307842804035	0.959079454521965	1	0.0075
FAM45B	1.91292555710404	0.960787555960073	1	0.0443
FABP6	1.95297121802394	0.961681496293383	1	0.0136
THG1L	4.53290601285187	0.961921463362856	1	0.0024
HECTD3	3.79130190122732	0.962042286861445	1	0.0049
C5orf28	4.76754503981538	0.963592823938791	1	0.0139
PSD4	4.72266232089529	0.964383729439901	1	0.0079
MFSD7	2.01781096941198	0.964456334417948	1	0.0192
NDUFAF1	3.94566499613947	0.964698485047681	1	0.0057
ZBTB11	5.53720288143041	0.964945070678926	1	0.0055
MAN2B2	5.28803764924009	0.965899151089846	1	0.0045
CEBPZ	5.80911528973609	0.966030005831564	1	0.0027
ZSCAN12P1	2.30097670262548	0.967415233426323	1	0.0096
TDRD7	4.20464245606256	0.969805676297407	1	0.0027
KCNMB2-AS1	2.53615228217297	0.970395816143932	1	0.0298
PTER	5.23957814454501	0.970998239213824	1	0.0061
MVB12B	3.00935636933014	0.973518477362609	1	0.0153
Mar-05	5.02266262716916	0.9737903299047	1	0.0063
KIAA0226	4.4915771781032	0.974608487129737	1	0.0051
EXOC8	4.64113458926954	0.975767930653813	1	0.0091
KAT7	5.323504629984	0.976211986310852	1	0.0029
RNF130	5.71802985374908	0.976987579206848	1	0.0057
SUMO1	7.43784507143585	0.9777512207527	1	0.0023
GCNT2	5.25512705746585	0.978264467963454	1	7e-04
C6orf203	3.71234230735932	0.979991297246021	1	0.0096
MSH6	7.49677459664882	0.980429162952135	1	0.0018
CCDC120	3.58478183573823	0.980439131523622	1	0.0012
PDZD11	5.7954348725411	0.98121031132936	1	0.0021
EGF	3.94207631089799	0.982146266998964	1	0.0057
KIAA0907	5.64963971394831	0.983371522903912	1	0.0026
NCOR2	7.78615427302356	0.983915006810711	1	0.0015
CRBN	4.88200750571819	0.98436516060485	1	0.0039
FZD7	4.86945779625813	0.985731585217097	1	0.0059
EIF4EBP2	7.55320440725924	0.985770896938568	1	0.0014
COG2	4.32572845290145	0.9867006119503	1	5e-04
CCDC9	4.07627379684736	0.986808599591579	1	0.0025
TM2D2	5.3001963194941	0.987967925268478	1	0.0032
SRBD1	4.9009168225911	0.989894709802238	1	0.0023
SLC30A9	6.40411268770512	0.992236236734956	1	5e-04
LEPROTL1	5.14005280300333	0.993018406073767	1	0.0014
PLEKHA6	5.27296510913639	0.99599798565412	1	0.0031
TPP2	6.26230422120427	0.996405047223897	1	0.0013
HIGD1C	-2.3677873332085	0.999999999999996	1	0.6888
PMFBP1	-2.3677873332085	0.999999999999996	1	0.6888
WFDC1	-2.3677873332085	0.999999999999996	1	0.6888
ERVV-2	-2.3677873332085	0.999999999999996	1	0.6888
LOC105373987	-2.3677873332085	0.999999999999996	1	0.6888
CCDC37	-2.3677873332085	0.999999999999996	1	0.6888
RSPH10B	-2.3677873332085	0.999999999999996	1	0.6888
SCARNA23	-2.3677873332085	0.999999999999996	1	0.6888
HYI	-1.81999742329143	0.999999999999999	1	0.4122
CCDC162P	-1.81999742329143	0.999999999999999	1	0.4122
TSNAXIP1	0.576669685641571	0.999999999999999	1	0.0655
CC2D2B	-2.36777787935056	0.999999999999999	1	0.6708
TRR-CCT3-1	-2.36777787935056	0.999999999999999	1	0.6708
LOC102724624	-2.36777787935056	0.999999999999999	1	0.6708
LACAT1	-2.36777787935056	0.999999999999999	1	0.6708
SNORA7B	-2.36777787935056	0.999999999999999	1	0.6708
LINC01132	-2.25959826309419	0.999999999999999	1	0.1818
CPB2	-2.25959826309419	0.999999999999999	1	0.1818
NEK5	-1.89789013199832	0.999999999999999	1	0.1765
GRXCR2	-1.89789013199832	0.999999999999999	1	0.1765
MIR497HG	-1.48360295224692	0.999999999999999	1	0.1699
RBP3	-1.15876467710407	0.999999999999999	1	0.1606
PGAM4	-0.511151789274464	0.999999999999999	1	0.0889
CTAGE15	-1.21069935229765	0.999999999999999	1	0.0595
SLC7A5P2	1.85276123899641	0.999999999999999	1	0.0098
DNMBP-AS1	-2.36726154976765	0.999999999999999	1	0.6982
MRPL42P5	-2.36726154976765	0.999999999999999	1	0.6982
LOC100506281	-2.36726154976765	0.999999999999999	1	0.6982
MIR4728	-2.36726154976765	0.999999999999999	1	0.6982
PIP5K1P1	-2.36726154976765	0.999999999999999	1	0.6982
RMRP	-2.36726154976765	0.999999999999999	1	0.6982
LOC103021295	-2.16175681833377	0.999999999999999	1	0.5292
ZNF559-ZNF177	-2.16175681833377	0.999999999999999	1	0.5292
BEGAIN	-1.89945937244282	0.999999999999999	1	0.1452
HEXA-AS1	-0.576544292353486	0.999999999999999	1	0.0852
LOC105377135	-0.856756594363798	0.999999999999999	1	0.078
MBL1P	-1.97897533144949	0.999999999999999	1	0.4634
LINC00706	-2.16123217922954	0.999999999999999	1	0.5428
P2RX2	-2.16123217922954	0.999999999999999	1	0.5428
USH1G	-2.16123217922954	0.999999999999999	1	0.5428
LOC100505984	-2.16123217922954	0.999999999999999	1	0.5428
TNRC18P1	-2.16123217922954	0.999999999999999	1	0.5428
SRSF12	-2.16123217922954	0.999999999999999	1	0.5428
SKAP1	-2.26013312444913	0.999999999999999	1	0.2089
GLOD5	-2.26013312444913	0.999999999999999	1	0.2089
SLC5A2	-1.36488137168474	0.999999999999999	1	0.169
CAPN14	-1.36697627392119	0.999999999999999	1	0.1657
MATN1-AS1	-0.23815948330142	0.999999999999999	1	0.0138
ENO1-AS1	-1.98055636904053	1	1	0.4565
ALOX12B	-1.98055636904053	1	1	0.4565
MRAP	-1.98055636904053	1	1	0.4565
TAGAP	-1.98055636904053	1	1	0.4565
RACGAP1P	-1.81894282427775	1	1	0.4123
RAET1G	-1.5436297529803	1	1	0.3194
SNORD1C	-1.42219500202326	1	1	0.3093
MIR1204	-1.42219500202326	1	1	0.3093
NPPA	-1.89893647549018	1	1	0.1614
SHISA7	-1.89893647549018	1	1	0.1614
TAS2R3	-1.89893647549018	1	1	0.1614
FOXP3	-1.89893647549018	1	1	0.1614
GRHL3	-0.641204380032807	1	1	0.0849
RBFOX1	-1.42292892268113	1	1	0.0401
LOC102723385	-1.42292892268113	1	1	0.0401
LOC100289580	0.180962038707561	1	1	0.0138
SLC35G1	2.50913162065953	1	1	0.0098
ATP13A2	4.46334136421645	1	1	0.0082
MAGOH2P	-2.36725209320212	1	1	0.682
LOC100130451	-2.36725209320212	1	1	0.682
CCDC108	-2.36725209320212	1	1	0.682
MIR659	-2.36725209320212	1	1	0.682
C9orf131	-2.36725209320212	1	1	0.682
SCARNA7	-2.16069819025713	1	1	0.5359
DOCK9-AS2	-0.609691271067438	1	1	0.1581
LOC440311	0.0194963921413805	1	1	0.124
FAM84A	1.07582108998477	1	1	0.0232
TOP3B	3.28810849755694	1	1	0.005
DNMT3B	3.79194701943732	1	1	0.0036
SLCO4C1	1.55842449654242	1	1	0.0031
LOC105372836	-1.81998883810692	1	1	0.3947
DENND5B-AS1	-1.67550507007111	1	1	0.3708
LRRC29	-0.85883218180093	1	1	0.0889
FRMPD2B	-0.859346074355278	1	1	0.0815
LINC00957	-0.858312016161485	1	1	0.0802
IDH1-AS1	-1.31232473974101	1	1	0.048
LINC00672	0.392026025250567	1	1	0.031
ZNF528-AS1	0.978732744185443	1	1	0.0285
LINC01560	0.618473079831908	1	1	0.0272
BMS1P18	-1.82020632335993	1	1	0.0202
SNORA72	-0.608855263525567	1	1	0.0125
SNORA16B	-2.89743705143197	1	1	2.3977
MIR611	-2.89743705143197	1	1	2.3977
SCN2B	-2.89743705143197	1	1	2.3977
AICDA	-2.89743705143197	1	1	2.3977
SNORD9	-2.89743705143197	1	1	2.3977
ADCY4	-2.89743705143197	1	1	2.3977
LINC00520	-2.89743705143197	1	1	2.3977
DLL4	-2.89743705143197	1	1	2.3977
DUOX2	-2.89743705143197	1	1	2.3977
ONECUT1	-2.89743705143197	1	1	2.3977
IRF8	-2.89743705143197	1	1	2.3977
TEKT3	-2.89743705143197	1	1	2.3977
SNORD3B-1	-2.89743705143197	1	1	2.3977
TRR-CCG2-1	-2.89743705143197	1	1	2.3977
C1QTNF1-AS1	-2.89743705143197	1	1	2.3977
DYNAP	-2.89743705143197	1	1	2.3977
LOC102724279	-2.89743705143197	1	1	2.3977
ZNF30-AS1	-2.89743705143197	1	1	2.3977
RSAD2	-2.89743705143197	1	1	2.3977
FOXD4L1	-2.89743705143197	1	1	2.3977
RAB6C	-2.89743705143197	1	1	2.3977
LINC00654	-2.89743705143197	1	1	2.3977
LOC102724441	-2.89743705143197	1	1	2.3977
ANKRD20A11P	-2.89743705143197	1	1	2.3977
LOC400863	-2.89743705143197	1	1	2.3977
SUCNR1	-2.89743705143197	1	1	2.3977
SLC2A2	-2.89743705143197	1	1	2.3977
NAALADL2-AS2	-2.89743705143197	1	1	2.3977
IBSP	-2.89743705143197	1	1	2.3977
PCDHGA4	-2.89743705143197	1	1	2.3977
GSTA7P	-2.89743705143197	1	1	2.3977
LOC101927630	-2.89743705143197	1	1	2.3977
MIR30B	-2.89743705143197	1	1	2.3977
SLC16A2	-2.89743705143197	1	1	2.3977
LINC00889	-2.89743705143197	1	1	2.3977
TAL1	-2.89796495758057	1	1	2.3886
CLCA3P	-2.89796495758057	1	1	2.3886
GBP5	-2.89796495758057	1	1	2.3886
RNVU1-1	-2.89796495758057	1	1	2.3886
PMF1-BGLAP	-2.89796495758057	1	1	2.3886
C4BPA	-2.89796495758057	1	1	2.3886
PGBD5	-2.89796495758057	1	1	2.3886
AGT	-2.89796495758057	1	1	2.3886
SPAG6	-2.89796495758057	1	1	2.3886
VSTM4	-2.89796495758057	1	1	2.3886
RNLS	-2.89796495758057	1	1	2.3886
LOC101927435	-2.89796495758057	1	1	2.3886
HRASLS5	-2.89796495758057	1	1	2.3886
MMP1	-2.89796495758057	1	1	2.3886
ELMOD1	-2.89796495758057	1	1	2.3886
KLRC2	-2.89796495758057	1	1	2.3886
ACVRL1	-2.89796495758057	1	1	2.3886
LOC283352	-2.89796495758057	1	1	2.3886
FGF9	-2.89796495758057	1	1	2.3886
LOC101928123	-2.89796495758057	1	1	2.3886
C15orf54	-2.89796495758057	1	1	2.3886
FOXF1	-2.89796495758057	1	1	2.3886
TBC1D28	-2.89796495758057	1	1	2.3886
CSF3	-2.89796495758057	1	1	2.3886
CD7	-2.89796495758057	1	1	2.3886
DSC3	-2.89796495758057	1	1	2.3886
FSD1	-2.89796495758057	1	1	2.3886
ZNF491	-2.89796495758057	1	1	2.3886
PPP1R14A	-2.89796495758057	1	1	2.3886
CEACAM22P	-2.89796495758057	1	1	2.3886
CENPBD1P1	-2.89796495758057	1	1	2.3886
LOC105377637	-2.89796495758057	1	1	2.3886
EGR4	-2.89796495758057	1	1	2.3886
LOC100506076	-2.89796495758057	1	1	2.3886
POTEE	-2.89796495758057	1	1	2.3886
KCNH7	-2.89796495758057	1	1	2.3886
LOC105372855	-2.89796495758057	1	1	2.3886
IL17REL	-2.89796495758057	1	1	2.3886
MUC13	-2.89796495758057	1	1	2.3886
TM4SF18	-2.89796495758057	1	1	2.3886
GMNC	-2.89796495758057	1	1	2.3886
SLC34A2	-2.89796495758057	1	1	2.3886
LOC100506827	-2.89796495758057	1	1	2.3886
CXCL5	-2.89796495758057	1	1	2.3886
FGG	-2.89796495758057	1	1	2.3886
PCDHB7	-2.89796495758057	1	1	2.3886
PCDHB13	-2.89796495758057	1	1	2.3886
PCDHB18P	-2.89796495758057	1	1	2.3886
PCDHGB5	-2.89796495758057	1	1	2.3886
PCDHGC5	-2.89796495758057	1	1	2.3886
LOC643201	-2.89796495758057	1	1	2.3886
SLC17A1	-2.89796495758057	1	1	2.3886
HIST1H2BH	-2.89796495758057	1	1	2.3886
LOC101929555	-2.89796495758057	1	1	2.3886
GJB7	-2.89796495758057	1	1	2.3886
LOC100130673	-2.89796495758057	1	1	2.3886
SFRP4	-2.89796495758057	1	1	2.3886
TAS2R38	-2.89796495758057	1	1	2.3886
SGK3	-2.89796495758057	1	1	2.3886
SDC2	-2.89796495758057	1	1	2.3886
MIR3960	-2.89796495758057	1	1	2.3886
C9orf106	-2.89796495758057	1	1	2.3886
GPR143	-2.89796495758057	1	1	2.3886
LOC101928336	-2.89796495758057	1	1	2.3886
LINC00598	-2.3667166607803	1	1	0.6733
GOLGA6L4	-2.3667166607803	1	1	0.6733
RNASEK-C17orf49	-2.3667166607803	1	1	0.6733
SNORD1B	-2.3667166607803	1	1	0.6733
SRD5A3-AS1	-2.3667166607803	1	1	0.6733
LAMB4	-2.3667166607803	1	1	0.6733
LOC254896	-2.3667166607803	1	1	0.6733
LRRC31	-1.98108005355582	1	1	0.4335
IPCEF1	-1.60608331950397	1	1	0.2049
CDH7	-1.48412301202341	1	1	0.1644
LOC100506801	-1.74630662254864	1	1	0.1632
TRABD2A	-1.74630662254864	1	1	0.1632
TMPRSS6	-0.640165310567043	1	1	0.0586
CACNB2	-0.211658928345842	1	1	0.0532
TNFSF13B	-0.260863134632548	1	1	0.0491
AKAP3	-0.367458761484488	1	1	0.0351
FAM57B	-0.367458761484488	1	1	0.0351
SMG1P1	2.85041311911438	1	1	0.0111
C1orf226	3.07707462066791	1	1	0.006
SPSB3	4.63859350147114	1	1	1e-04
MIR3605	-2.60783699446343	1	1	1.0056
LOC102724784	-2.60783699446343	1	1	1.0056
PLA2G4E	-2.60783699446343	1	1	1.0056
LINC01122	-2.60783699446343	1	1	1.0056
LOC101929694	-2.60783699446343	1	1	1.0056
RPE65	-2.6073001123862	1	1	0.9974
TVP23C-CDRT4	-2.6073001123862	1	1	0.9974
C19orf80	-2.6073001123862	1	1	0.9974
SNORD92	-2.6073001123862	1	1	0.9974
RUVBL1-AS1	-2.6073001123862	1	1	0.9974
DPPA2P3	-2.6073001123862	1	1	0.9974
POU3F2	-2.6073001123862	1	1	0.9974
LOC105376057	-2.6073001123862	1	1	0.9974
PCDH19	-2.6073001123862	1	1	0.9974
LOC105369199	-2.60836393103783	1	1	0.9967
SLC27A3	-2.60836393103783	1	1	0.9967
MIR8085	-2.60836393103783	1	1	0.9967
UPP2	-2.60836393103783	1	1	0.9967
COL6A4P1	-2.60836393103783	1	1	0.9967
PAQR9	-2.60836393103783	1	1	0.9967
ZDHHC11B	-2.60836393103783	1	1	0.9967
PCSK1	-2.60836393103783	1	1	0.9967
CTTNBP2	-2.60836393103783	1	1	0.9967
MIR1206	-2.60836393103783	1	1	0.9967
CNTNAP3P2	-2.60836393103783	1	1	0.9967
IL2RG	-2.60836393103783	1	1	0.9967
PLA2G2F	-2.60782724039392	1	1	0.9884
RNU4-2	-2.60782724039392	1	1	0.9884
SERPINE3	-2.60782724039392	1	1	0.9884
LOC105378192	-2.60782724039392	1	1	0.9884
SALRNA1	-2.60782724039392	1	1	0.9884
LOC105376732	-2.60782724039392	1	1	0.9884
PRSS33	-2.60782724039392	1	1	0.9884
CD79A	-2.60782724039392	1	1	0.9884
SNORD33	-2.60782724039392	1	1	0.9884
C22orf15	-2.60782724039392	1	1	0.9884
LINC00578	-2.60782724039392	1	1	0.9884
HIST1H4B	-2.60782724039392	1	1	0.9884
LOC102723649	-2.60782724039392	1	1	0.9884
LINC01361	-2.60889067924177	1	1	0.9877
C16orf96	-2.60889067924177	1	1	0.9877
NSFP1	-2.60889067924177	1	1	0.9877
IQCJ-SCHIP1-AS1	-2.60889067924177	1	1	0.9877
CCDC158	-2.60889067924177	1	1	0.9877
PCDHGB8P	-2.60889067924177	1	1	0.9877
C9orf50	-2.60889067924177	1	1	0.9877
CYCSP52	-2.60835417989773	1	1	0.9795
RAB7B	-2.60835417989773	1	1	0.9795
MIR320B2	-2.60835417989773	1	1	0.9795
TRS-GCT3-1	-2.60835417989773	1	1	0.9795
LOC100507091	-2.60835417989773	1	1	0.9795
RDH12	-2.60835417989773	1	1	0.9795
TMEM239	-2.60835417989773	1	1	0.9795
CYP2D7	-2.60835417989773	1	1	0.9795
EGOT	-2.60835417989773	1	1	0.9795
LOC285593	-2.60835417989773	1	1	0.9795
LOC105373237	-2.60835417989773	1	1	0.9795
ZCCHC12	-2.60835417989773	1	1	0.9795
SRGAP2-AS1	-2.36619995989	1	1	0.7059
LOC285847	-2.3656641477333	1	1	0.6962
GPR137B	-2.36672612009181	1	1	0.6892
GPR182	-2.36672612009181	1	1	0.6892
SCG3	-2.36672612009181	1	1	0.6892
SNORD51	-2.36672612009181	1	1	0.6892
PRODH	-2.36672612009181	1	1	0.6892
LOC101927157	-2.36672612009181	1	1	0.6892
PCDHGB1	-2.36672612009181	1	1	0.6892
LINC01136	-2.36619049786814	1	1	0.6815
KISS1R	-2.36619049786814	1	1	0.6815
LOC105377623	-2.36619049786814	1	1	0.6815
ANGPT2	-2.36619049786814	1	1	0.6815
HSD17B3	-2.36619049786814	1	1	0.6815
LINC00624	-2.36831292981831	1	1	0.6791
SNORA13	-2.36831292981831	1	1	0.6791
SOWAHA	-2.36831292981831	1	1	0.6791
MIR3149	-2.36831292981831	1	1	0.6791
CDH17	-2.36831292981831	1	1	0.6791
SNORD85	-2.36724263659966	1	1	0.6543
LOC101928767	-2.16018234458629	1	1	0.5594
LOC101927250	-2.16018234458629	1	1	0.5594
ENTPD3	-2.16018234458629	1	1	0.5594
PRKG2	-2.16018234458629	1	1	0.5594
RSPH9	-2.16018234458629	1	1	0.5594
LOC100506321	-2.16124134114019	1	1	0.5583
SNORA22	-2.16124134114019	1	1	0.5583
EHD4-AS1	-2.15964797937426	1	1	0.5519
LOC100129434	-2.15964797937426	1	1	0.5519
TBXA2R	-2.16070735468947	1	1	0.549
PTGER1	-2.16070735468947	1	1	0.549
COX7A1	-2.16070735468947	1	1	0.549
LOC105378994	-2.16070735468947	1	1	0.549
HIST1H2BE	-2.16070735468947	1	1	0.549
DCT	-2.16017317766152	1	1	0.5433
LOC388849	-2.16017317766152	1	1	0.5433
NREP	-2.16017317766152	1	1	0.5433
TACR1	-2.16016401070625	1	1	0.5207
ITGAL	-2.16068902579432	1	1	0.4806
RUNX1-IT1	-1.98004137512456	1	1	0.4766
ARGFXP2	-1.97950844773019	1	1	0.4699
SPIB	-1.97950844773019	1	1	0.4699
IPO9-AS1	-1.98056524141274	1	1	0.469
DCTN1-AS1	-1.98056524141274	1	1	0.469
ALDH8A1	-1.98056524141274	1	1	0.469
LYPLA2P2	-1.98003250047368	1	1	0.4639
CATIP-AS2	-1.98003250047368	1	1	0.4639
SCO2	-1.98003250047368	1	1	0.4639
LOC105370945	-1.98108892365031	1	1	0.4626
ZNF571-AS1	-1.98108892365031	1	1	0.4626
NAPSB	-1.97949957077534	1	1	0.4565
HIST4H4	-1.82052015405843	1	1	0.4038
LINC00238	-1.82052015405843	1	1	0.4038
SLC9B1	-1.82052015405843	1	1	0.4038
LOC105376671	-1.81893423493429	1	1	0.3938
SPARCL1	-1.67498310656094	1	1	0.3763
B3GNT8	-1.6744526575592	1	1	0.3699
ANGPTL2	-1.6744526575592	1	1	0.3699
SNORA21	-1.67497480436986	1	1	0.3614
SLC38A5	-1.54363777242076	1	1	0.3447
GJA3	-1.42325116392642	1	1	0.329
RNF112	-1.42325116392642	1	1	0.329
KGFLP1	-1.81892564557214	1	1	0.3196
SGCA	-1.42428339101148	1	1	0.2685
SH2D4B	-2.0668605587364	1	1	0.2123
Sep-04	-2.06791856871631	1	1	0.202
KIAA2012	-2.06791856871631	1	1	0.202
PRMT5-AS1	-2.06632676027688	1	1	0.1939
KLHDC7B	-2.06632676027688	1	1	0.1939
ATP8B5P	-1.89894520029127	1	1	0.1834
LOC100133286	-2.06844278529045	1	1	0.1792
LOC729506	-2.06844278529045	1	1	0.1792
LOC100303749	-2.06844278529045	1	1	0.1792
LOC105376336	-2.06844278529045	1	1	0.1792
LOC653513	-1.74788934126126	1	1	0.1789
CHRNG	-2.06738514738474	1	1	0.1776
LINC00950	-2.06738514738474	1	1	0.1776
VWA8-AS1	-2.26065848589265	1	1	0.1763
ADPGK-AS1	-2.26065848589265	1	1	0.1763
LOC401010	-2.26065848589265	1	1	0.1763
GRIK1-AS2	-2.26065848589265	1	1	0.1763
HIST3H2BB	-2.25906321007248	1	1	0.172
LOC105370554	-1.36854936420984	1	1	0.1712
LOC102724329	-1.74683719287342	1	1	0.1698
HIST1H4I	-1.74683719287342	1	1	0.1698
MEF2BNB-MEF2B	-2.0689668172095	1	1	0.1696
LOC105373468	-1.36750334944716	1	1	0.1694
PRAP1	-2.06685153634679	1	1	0.1688
PCED1B-AS1	-2.06685153634679	1	1	0.1688
BCL2L2-PABPN1	-2.06685153634679	1	1	0.1688
IGLON5	-2.06685153634679	1	1	0.1688
BTNL10	-2.48261955375161	1	1	0.1685
BECN2	-2.48261955375161	1	1	0.1685
LOC100996351	-2.48261955375161	1	1	0.1685
ST3GAL5-AS1	-2.48261955375161	1	1	0.1685
LOC101929529	-2.48261955375161	1	1	0.1685
LOC101928266	-1.89735795386926	1	1	0.1681
ERVW-1	-1.89735795386926	1	1	0.1681
ANGPTL1	-1.89841339538328	1	1	0.1679
RGS4	-2.06790955112478	1	1	0.1661
LOC100131496	-2.06790955112478	1	1	0.1661
MRPS36	-2.06790955112478	1	1	0.1661
LINC00866	-2.26118366116385	1	1	0.1651
OR10AD1	-2.26118366116385	1	1	0.1651
DLEU7	-2.26118366116385	1	1	0.1651
LOC102724601	-2.26012381343909	1	1	0.1641
C20orf197	-2.26012381343909	1	1	0.1641
LOC101928438	-2.26012381343909	1	1	0.1641
DCAF4L1	-1.06816401117879	1	1	0.1629
LOC105370362	-1.89682558784312	1	1	0.1627
CLSTN2	-1.89788140283016	1	1	0.162
GFRA3	-1.89788140283016	1	1	0.162
NBPF4	-1.36749575214025	1	1	0.1618
TMEM262	-2.06631773547298	1	1	0.1617
BZRAP1-AS1	-2.06631773547298	1	1	0.1617
VTRNA2-1	-2.06631773547298	1	1	0.1617
C2CD4A	-1.4825465395939	1	1	0.1611
ZBTB20-AS1	-2.48208343388642	1	1	0.1604
IL1RAPL1	-2.48208343388642	1	1	0.1604
ROR1-AS1	-2.06737612738102	1	1	0.1603
CD38	-2.06737612738102	1	1	0.1603
GDPD2	-2.06737612738102	1	1	0.1603
VSIG1	-2.06737612738102	1	1	0.1603
C4orf51	-1.60764904919931	1	1	0.1598
MIR6739	-2.06843377008269	1	1	0.1598
C11orf88	-2.06843377008269	1	1	0.1598
ST7-AS2	-2.06843377008269	1	1	0.1598
LINC01485	-1.48359507752447	1	1	0.1596
C1orf194	-2.48314587864763	1	1	0.1595
LOC339529	-2.48314587864763	1	1	0.1595
SDS	-2.48314587864763	1	1	0.1595
LOC101593348	-2.48314587864763	1	1	0.1595
CDK5R2	-2.48314587864763	1	1	0.1595
CD80	-2.48314587864763	1	1	0.1595
WWC2-AS1	-2.48314587864763	1	1	0.1595
LOC102724404	-2.48314587864763	1	1	0.1595
PTCD1	-2.48314587864763	1	1	0.1595
ALAS2	-2.48314587864763	1	1	0.1595
CLDN2	-2.48314587864763	1	1	0.1595
C11orf94	-1.74577586636415	1	1	0.1587
LOC100996318	-2.25958894944986	1	1	0.1577
ISLR	-2.25958894944986	1	1	0.1577
LOC341056	-2.26064917748195	1	1	0.1569
CACNA1G-AS1	-2.26064917748195	1	1	0.1569
LINC00310	-2.26064917748195	1	1	0.1569
TSPO2	-2.26064917748195	1	1	0.1569
LOC101929692	-2.26064917748195	1	1	0.1569
FAM71F1	-2.26064917748195	1	1	0.1569
CRB2	-1.89734922250559	1	1	0.1568
SLAMF9	-1.25943478904738	1	1	0.1563
LOC105376678	-1.25943478904738	1	1	0.1563
MIR7161	-1.74682875373556	1	1	0.1557
SNORA80B	-2.26170865039085	1	1	0.1556
C1orf234	-1.89840466838832	1	1	0.1556
LOC105378846	-1.89840466838832	1	1	0.1556
LOC105371937	-1.89840466838832	1	1	0.1556
BST1	-1.89840466838832	1	1	0.1556
LOC105379177	-1.60975046627117	1	1	0.1546
LOC390937	-0.677417772065556	1	1	0.1545
LOC100101148	-1.4830669608002	1	1	0.1542
MPP4	-2.06790053350589	1	1	0.1541
NELFE	-2.06790053350589	1	1	0.1541
SLC44A5	-2.06684251392983	1	1	0.1533
LMNTD2	-2.06684251392983	1	1	0.1533
SNORA29	-1.60817059734645	1	1	0.1532
LOC440300	-2.48154712050302	1	1	0.1522
C2orf66	-2.48154712050302	1	1	0.1522
HIST1H2AJ	-2.48154712050302	1	1	0.1522
MIR589	-2.48154712050302	1	1	0.1522
MMP13	-2.48260994930725	1	1	0.1514
LINC00437	-2.48260994930725	1	1	0.1514
KLHL10	-2.48260994930725	1	1	0.1514
ZNRF3-AS1	-2.48260994930725	1	1	0.1514
ENPP3	-2.48260994930725	1	1	0.1514
PTTG3P	-2.48260994930725	1	1	0.1514
SNORD121A	-2.48260994930725	1	1	0.1514
MAP2K4P1	-2.48260994930725	1	1	0.1514
LOC105374860	-0.822007724312156	1	1	0.151
MIR200B	-2.48367201596866	1	1	0.1506
PTGFR	-2.48367201596866	1	1	0.1506
CNNM1	-2.48367201596866	1	1	0.1506
LOC643339	-2.48367201596866	1	1	0.1506
FLJ30679	-2.48367201596866	1	1	0.1506
SNORD124	-2.48367201596866	1	1	0.1506
LOC101929577	-2.48367201596866	1	1	0.1506
RRH	-2.48367201596866	1	1	0.1506
ABCB4	-2.48367201596866	1	1	0.1506
DNALI1	-2.2601145023954	1	1	0.1505
LINC00167	-2.2601145023954	1	1	0.1505
AGRP	-2.2601145023954	1	1	0.1505
PLCXD2-AS1	-2.2601145023954	1	1	0.1505
NLRP6	-1.74629818142907	1	1	0.1491
SNORD42B	-1.60922130753044	1	1	0.1483
DNAJC5G	-1.89787267364051	1	1	0.148
LLPH-AS1	-2.06895780438446	1	1	0.1478
LINC01473	-2.06895780438446	1	1	0.1478
PTENP1	-2.06895780438446	1	1	0.1478
CD5	-2.26117435535121	1	1	0.1475
APOA1-AS	-2.26117435535121	1	1	0.1475
CGREF1	-1.48096843442432	1	1	0.1465
TRIM67	-2.74574809541015	1	1	0.1448
LOC101929431	-2.74574809541015	1	1	0.1448
MIR4489	-2.74574809541015	1	1	0.1448
STARD6	-2.74574809541015	1	1	0.1448
SMIM24	-2.74574809541015	1	1	0.1448
MIR7845	-2.74574809541015	1	1	0.1448
LOC102723780	-2.74574809541015	1	1	0.1448
POM121L10P	-2.74574809541015	1	1	0.1448
NDUFA6	-2.74574809541015	1	1	0.1448
HDAC11-AS1	-2.74574809541015	1	1	0.1448
ENPEP	-2.74574809541015	1	1	0.1448
SEMA5A	-2.74574809541015	1	1	0.1448
FBLL1	-2.74574809541015	1	1	0.1448
HCP5	-2.74574809541015	1	1	0.1448
ZC3H12D	-2.74574809541015	1	1	0.1448
LOC101409256	-2.74574809541015	1	1	0.1448
ASB4	-2.74574809541015	1	1	0.1448
BAAT	-2.74574809541015	1	1	0.1448
TRNF	-2.74574809541015	1	1	0.1448
SCLY	-2.06736710734995	1	1	0.1443
FAM83C-AS1	-2.06736710734995	1	1	0.1443
SEMA3B-AS1	-1.48253866173275	1	1	0.1433
GDPD4	-2.4820738265825	1	1	0.1432
LBP	-2.4820738265825	1	1	0.1432
LOC101929372	-2.4820738265825	1	1	0.1432
PCDHB9	-2.4820738265825	1	1	0.1432
LOC105378510	-2.48313627702094	1	1	0.1425
OVOL1-AS1	-2.48313627702094	1	1	0.1425
PCDHB10	-2.48313627702094	1	1	0.1425
RAET1E-AS1	-2.48313627702094	1	1	0.1425
RPS6KA2-IT1	-2.48313627702094	1	1	0.1425
RPL23AP87	-1.6076408881013	1	1	0.1389
BBOX1-AS1	-1.60869196481753	1	1	0.1372
HIST1H3A	-1.60869196481753	1	1	0.1372
MIR641	-2.26063986903762	1	1	0.137
SCARNA5	-2.26063986903762	1	1	0.137
LOC641746	-2.26063986903762	1	1	0.137
RPS26P11	-2.25957963577187	1	1	0.137
BRDT	-2.74521071121322	1	1	0.1366
IRAK3	-2.74521071121322	1	1	0.1366
C12orf42	-2.74521071121322	1	1	0.1366
SNORD8	-2.74521071121322	1	1	0.1366
PKD1L3	-2.74521071121322	1	1	0.1366
SLC43A2	-2.74521071121322	1	1	0.1366
LOC105376847	-2.74521071121322	1	1	0.1366
IGFL4	-2.74521071121322	1	1	0.1366
BPIFB1	-2.74521071121322	1	1	0.1366
GK3P	-2.74521071121322	1	1	0.1366
MZB1	-2.74521071121322	1	1	0.1366
HIST1H2AL	-2.74521071121322	1	1	0.1366
PNPLA1	-2.74521071121322	1	1	0.1366
PIPSL	-0.368796219750667	1	1	0.136
C1orf168	-2.74627538714129	1	1	0.1357
HIST2H4B	-2.74627538714129	1	1	0.1357
NHLH1	-2.74627538714129	1	1	0.1357
KCNQ1	-2.74627538714129	1	1	0.1357
LOC101927178	-2.74627538714129	1	1	0.1357
LOC102723418	-2.74627538714129	1	1	0.1357
KRT18P55	-2.74627538714129	1	1	0.1357
PPP1R1B	-2.74627538714129	1	1	0.1357
SERPINB3	-2.74627538714129	1	1	0.1357
MIR4784	-2.74627538714129	1	1	0.1357
WFDC13	-2.74627538714129	1	1	0.1357
HHLA2	-2.74627538714129	1	1	0.1357
SOX2-OT	-2.74627538714129	1	1	0.1357
MYOZ2	-2.74627538714129	1	1	0.1357
LOC101929762	-2.74627538714129	1	1	0.1357
LOC102467080	-2.74627538714129	1	1	0.1357
LOC100133050	-2.74627538714129	1	1	0.1357
PCDHA7	-2.74627538714129	1	1	0.1357
ZFP2	-2.74627538714129	1	1	0.1357
LOC105375110	-2.74627538714129	1	1	0.1357
TCTE1	-2.74627538714129	1	1	0.1357
PBOV1	-2.74627538714129	1	1	0.1357
EZR-AS1	-2.74627538714129	1	1	0.1357
TRC-GCA16-1	-2.74627538714129	1	1	0.1357
LINCR-0001	-2.74627538714129	1	1	0.1357
IDO1	-2.74627538714129	1	1	0.1357
RGS22	-2.74627538714129	1	1	0.1357
CCAT2	-2.74627538714129	1	1	0.1357
HIST3H3	-2.48260034482253	1	1	0.1343
LOC105371810	-2.48260034482253	1	1	0.1343
TMPRSS7	-2.48260034482253	1	1	0.1343
ARC	-2.48260034482253	1	1	0.1343
B3GALT2	-2.74573819510797	1	1	0.1275
SNORA77	-2.74573819510797	1	1	0.1275
BICC1	-2.74573819510797	1	1	0.1275
CRTAC1	-2.74573819510797	1	1	0.1275
LOC101928896	-2.74573819510797	1	1	0.1275
PLEKHG7	-2.74573819510797	1	1	0.1275
CMA1	-2.74573819510797	1	1	0.1275
OTUB2	-2.74573819510797	1	1	0.1275
PRDM7	-2.74573819510797	1	1	0.1275
KRT16P3	-2.74573819510797	1	1	0.1275
DTNA	-2.74573819510797	1	1	0.1275
LOC339666	-2.74573819510797	1	1	0.1275
COLQ	-2.74573819510797	1	1	0.1275
LOC731157	-2.74573819510797	1	1	0.1275
PPP2R3B	-2.74573819510797	1	1	0.1275
LOC101927830	-2.74573819510797	1	1	0.1275
ARID3C	-1.60658908113527	1	1	0.124
LOC105378176	-0.937551954149201	1	1	0.1231
DLGAP3	-2.06789151585964	1	1	0.1178
PTPRZ1	-1.74682031458166	1	1	0.1176
BMP5	-1.25838217304231	1	1	0.1133
MIR1304	0.180828282571541	1	1	0.099
NUP210L	-1.42240856027314	1	1	0.0901
CRTC3-AS1	-0.938582442389089	1	1	0.0822
RLTPR	-0.575513542257943	1	1	0.0753
SNORD6	-0.572948944371944	1	1	0.0749
CALB1	-0.641710376684085	1	1	0.0696
ZNF876P	0.0602262150774009	1	1	0.0693
PINLYP	-0.573460173024344	1	1	0.0687
PKD2L2	-0.368489218764668	1	1	0.0666
ETV2	-0.0678395740366102	1	1	0.0664
ANG	-0.26117140860091	1	1	0.0663
METTL20	0.325892500875897	1	1	0.0663
LOC101927932	-0.941162022676247	1	1	0.064
PRKG1-AS1	0.0193127436816965	1	1	0.0634
C1orf54	-0.113735836614581	1	1	0.0596
LOC100288778	-1.02408136559049	1	1	0.0594
CCL26	-1.02408136559049	1	1	0.0594
SNORD32A	-1.02304272879676	1	1	0.0594
DRP2	-0.308340633593305	1	1	0.0589
SYNGAP1	-0.857779473498312	1	1	0.0587
FAM229A	-0.858813875286371	1	1	0.0577
LOC613037	0.128241291521636	1	1	0.0573
LOC283440	-1.11438126282456	1	1	0.0568
CNBD2	-0.940641356571706	1	1	0.0567
EFCAB12	-0.25985262519553	1	1	0.0562
LOC101926911	-1.11177457399286	1	1	0.0556
PMS2P2	-0.208623395351471	1	1	0.0545
POU2F3	-0.210647708992374	1	1	0.0537
TP53TG5	0.0213192346853287	1	1	0.0529
WDR93	0.176180720037723	1	1	0.051
LOC100129617	-1.20913113891066	1	1	0.0464
SPATA6L	0.885509897311978	1	1	0.0459
NAPEPLD	-1.31337014704827	1	1	0.0459
RAB40AL	-1.31337014704827	1	1	0.0459
HIST1H2BG	-1.02459046824987	1	1	0.045
LOC100129046	-0.941155656092496	1	1	0.0431
ANKRD37	-0.210136717284137	1	1	0.043
LOC653602	-1.02302945129926	1	1	0.0421
LEMD1	0.160654873838259	1	1	0.0417
CTSW	-0.939078322544188	1	1	0.0399
LINC01607	-1.0219901155944	1	1	0.0394
LRRTM2	-0.182749288057448	1	1	0.0382
BATF2	-1.11332667650727	1	1	0.0378
EGFR-AS1	-0.00745815388723498	1	1	0.0373
PDE7B	-0.31291418698643	1	1	0.0373
CYP4B1	-0.579098048163592	1	1	0.0346
EMILIN2	-1.21016721534584	1	1	0.0334
RASGEF1B	-1.022506550795	1	1	0.0314
OGN	-1.20964208168205	1	1	0.0301
NLGN3	-1.20964208168205	1	1	0.0301
LOC105371371	-1.20859846555159	1	1	0.0299
GCSHP3	0.699463535864622	1	1	0.0278
AKR1B15	0.217039248295569	1	1	0.0278
RRP7BP	2.28176352328506	1	1	0.0273
LINC01530	-1.42554352003492	1	1	0.0247
INSL3	-0.0482769527507713	1	1	0.0231
LOC100506499	0.125061374229788	1	1	0.0225
SNORD74	-0.232590830745562	1	1	0.0224
FOCAD-AS1	-1.21120258850925	1	1	0.0208
SRRM3	0.0833972410779827	1	1	0.0204
LOC105374372	-1.31179057577277	1	1	0.0204
MIR3153	-1.31492573926334	1	1	0.0201
SUMO1P3	-1.20963489827459	1	1	0.0191
F8A3	-0.140612203849463	1	1	0.019
RHBDL1	1.65281802353342	1	1	0.018
LINC01024	1.5140675093686	1	1	0.0179
EPHX4	2.08490861787605	1	1	0.0176
LOC729970	1.57259947087591	1	1	0.0166
C1QTNF9B-AS1	-1.20859127999073	1	1	0.0163
LOC101929089	-1.31335523144091	1	1	0.0155
FREM1	-1.31335523144091	1	1	0.0155
LPAR2	3.18651651953211	1	1	0.0152
TMCO6	2.4843139066291	1	1	0.013
RPS18P9	-0.483122128052003	1	1	0.0128
TNFSF12	1.70794852880576	1	1	0.0127
YWHAEP1	1.6079200799473	1	1	0.0126
SMIM6	-0.746046424001682	1	1	0.0118
GNA14	0.219025272920753	1	1	0.0115
CLIC2	-1.31282888497015	1	1	0.0115
RLN2	1.19132787532213	1	1	0.0106
RPARP-AS1	2.43908880106188	1	1	0.01
TRND	-0.607312162489679	1	1	0.0097
MGC50722	-1.42292118276599	1	1	0.0094
LOC105370707	-0.609365841170314	1	1	0.0089
HARBI1	2.03168544276178	1	1	0.0086
HEXDC	2.98653884075188	1	1	0.0085
ATP1A3	-1.42501631940504	1	1	0.0083
FOXN2	4.03921847166715	1	1	0.0081
KLLN	-0.136577135798302	1	1	0.008
MCPH1-AS1	-0.821693113046353	1	1	0.0079
CCDC150	2.84273174558215	1	1	0.0079
MAN1A1	3.93077971133845	1	1	0.0078
TSSK3	0.838815112163766	1	1	0.0076
LOC105369174	1.12411927271018	1	1	0.0071
STYK1	3.32193543419284	1	1	0.0063
NIPAL2	3.72822767989152	1	1	0.0058
CDH26	-0.00194453072355208	1	1	0.0055
CHMP6	3.20365243968409	1	1	0.0054
TUBB	-0.0457608277669131	1	1	0.0052
WDR83	2.59986515518237	1	1	0.0051
CACNA1A	-0.136070910652672	1	1	0.0051
CEBPA	3.02030558884186	1	1	0.005
ABCA1	3.70251553353047	1	1	0.0049
HNRNPA1L2	3.9875216444027	1	1	0.0046
PLCD1	2.41876509121764	1	1	0.0041
GMIP	2.55977650735947	1	1	0.0038
TSC22D3	3.73591634377724	1	1	0.0033
TTYH2	0.981835407382472	1	1	0.0031
ZNF677	1.19770555041297	1	1	0.0031
SMIM19	4.19745488513446	1	1	0.0028
BTBD18	-1.42344136782607	1	1	0.0021
ERF	5.58764207312246	1	1	0.0019
UBR5-AS1	-0.184259070849463	1	1	0.0018
ULBP3	-0.135564532575615	1	1	0.0016
LINC01001	-0.819627563421645	1	1	0.0016
HSF4	2.98185104906046	1	1	0.0013
SPG20	6.24769186797174	1	1	0.001
TWF1	7.26337054025175	1	1	9e-04
AP1G2	3.95584808357024	1	1	9e-04
ATAD5	5.27803383438322	1	1	7e-04
BCL9	5.17257052895752	1	1	5e-04
CNOT6	7.20050813263354	1	1	5e-04
CD2BP2	6.37331346874443	1	1	1e-04
