logCPM	PValue	FDR	log2FoldChange
GALNT5	5.71414000476257	8.22237733427392e-317	1.66786356240534e-313	-11.0953
LANCL2	8.24388374716492	2.95385659117267e-315	5.39256059284483e-312	-5.3288
KRT16P1	6.87149285692319	5.59233721369516e-261	5.67187267628994e-258	-5.6618
EGFR	10.35360732945	1.67377310742404e-259	1.60823167627017e-256	-4.5092
VOPP1	9.25163439797475	8.46395677733097e-244	6.43824978862309e-241	-4.462
TRPC6	5.36198763706009	3.05634812875145e-242	2.23186765753946e-239	-13.0691
PEG10	8.04047881228843	2.94561824665904e-236	1.79250689036692e-233	-4.0275
SEC61G	11.1330547273195	4.37093375589896e-234	2.49361770774036e-231	-5.148
IGFBP3	6.99844288560963	6.41561740430574e-233	3.4448091568531e-230	-4.4135
TNC	8.32560997221288	2.56736461273281e-232	1.33913738200144e-229	-3.9389
NT5E	7.13627226481224	2.71654188848714e-202	1.15332997014468e-199	-3.8734
IFITM3	5.21215002111426	2.07998206342716e-168	6.54692285343556e-166	-5.9713
KCNQ3	5.48443367737868	7.00843860015871e-167	2.16857720482199e-164	-4.1747
LCP1	7.8262942690856	1.25453306477943e-164	3.75455010337923e-162	-3.1235
FAM83A	4.74638321571754	9.51348238469845e-163	2.80126023250089e-160	-5.8202
DNAH2	4.31471400586528	1.74073140060691e-162	5.04425276975868e-160	-7.3572
COL17A1	6.01971979218868	2.78442215700926e-159	7.82037090744015e-157	-4.0113
DUSP6	5.17702664364708	7.93507095502278e-154	2.06946650506994e-151	-4.5859
NKX2-1	5.83418506346452	1.88381496902242e-150	4.52512185190439e-148	-4.6955
LAMC2	8.30932324064901	2.19037428970666e-147	5.06170544720061e-145	-2.914
PLAU	7.14262860838655	2.22064804670033e-146	5.06751884257015e-144	-3.0572
CELF2	3.95243771053542	4.48072908662835e-136	9.40232071327439e-134	-9.3216
CNTN1	3.92788028699931	1.23635183000335e-135	2.56486806915241e-133	-9.2961
FUT8	5.57929085846147	2.40694129331757e-131	4.77620872291365e-129	-3.1676
MRPS17	7.27723604003275	7.47587924771906e-129	1.43662791101431e-126	-2.9223
FGFBP1	4.43233763532377	1.09074926710522e-123	2.01138571921949e-121	-4.6364
AGR2	4.4543592304523	3.56451728998698e-122	6.44295323227746e-120	-4.5932
SLAMF7	3.83354784215456	5.42662691179765e-122	9.71259812762529e-120	-6.8685
INSIG1	6.58846986486051	6.79471760086281e-122	1.2043142186539e-119	-2.9426
TRIM55	4.18455777271642	1.03689072418953e-115	1.75272935748185e-113	-5.3676
SCEL	6.50903483462354	9.64921094896207e-115	1.58699094670497e-112	-2.8257
STEAP1	4.25528560972335	7.22497621481129e-114	1.17767112301424e-111	-4.6372
POLA1	6.31098383327962	3.10909139580993e-112	4.97890987034263e-110	-2.8379
CCT6A	10.5559115107604	1.21593569148667e-111	1.93027147685049e-109	-2.8959
SEMA3A	5.61498141237205	1.28356250427049e-111	2.0200618170657e-109	-2.8006
F3	8.02141037006169	1.73900234593832e-109	2.64560223562084e-107	-2.4416
AMIGO2	6.92157786842157	6.28214699972854e-109	9.40056357598723e-107	-2.637
MIR100HG	4.27719313548978	3.02865901475106e-108	4.45896765913672e-106	-4.9133
RAMP1	5.10483531878241	1.37754489772891e-105	1.98019367345976e-103	-3.8071
SLCO2A1	4.14770061805535	3.22740821458286e-104	4.6030909660488e-102	-4.9751
RARRES3	5.55757570116729	4.56144327959962e-103	6.3086142812402e-101	-2.8815
SFTA3	3.97454540184331	3.07807483970212e-101	4.22506272733849e-99	-4.5064
KRT16P3	3.6973290692186	1.74444567694317e-98	2.34166178516724e-96	-5.2397
XAF1	3.86221932942061	1.5266390602048e-96	1.97661863000701e-94	-4.5749
KRT4	3.31871453918338	1.32960336127291e-95	1.70938302559143e-93	-11.0067
DEFB4A	3.28568836217039	3.06432769019417e-95	3.85809422842653e-93	-10.9745
CAV1	9.04238353729503	6.27624751231264e-95	7.84788867019038e-93	-2.4011
FOSL1	7.2011852392678	2.45098146571306e-94	3.02331875932822e-92	-3.3159
BTBD11	4.53488898712205	8.49212331207815e-92	1.00670261808635e-89	-3.4925
IL20RB	4.82155683311065	5.40422062011656e-91	6.2840415057865e-89	-3.1115
CDC6	6.03820749463858	2.16801688658426e-90	2.50502001781533e-88	-2.3327
RASGRF2	3.74651473374004	4.01450929808865e-90	4.60936363181801e-88	-4.5567
MAP1B	5.82152184869455	9.30756975587591e-90	1.05539747492715e-87	-2.3636
SOX2	5.10876757558164	2.99323362104016e-88	3.33198006010421e-86	-2.6125
ST8SIA4	3.36927397944055	6.01527635726384e-87	6.5366003082267e-85	-5.8186
KIAA1462	7.20205135537676	5.16803318051843e-85	5.42227665192785e-83	-2.1086
HSP90AA1	11.2814235467667	7.15067481169096e-84	7.29288934984526e-82	-2.7449
TMEM64	5.53194448165543	1.13376129127549e-83	1.14353293555388e-81	-2.7554
MYLK	5.30434287041541	5.61906293698512e-83	5.57508766182611e-81	-2.4017
AURKB	6.28472071182286	5.71618498830179e-83	5.64079314305068e-81	-2.1862
B4GALNT3	3.76097222829303	1.0831875969296e-82	1.06315444997563e-80	-4.6805
AHNAK2	6.61291709754631	1.72052452704463e-81	1.67073913647483e-79	-2.3612
LMNB1	7.78897761289801	9.66189992452019e-81	9.13925621875858e-79	-2.1482
PSPH	6.60725977391401	1.85355817673784e-80	1.74425557085185e-78	-2.1841
FAM3C	8.21834127621736	4.66983559616991e-80	4.34961829814683e-78	-2.1359
CLSPN	5.59421647115455	6.3080829971986e-80	5.84570371557653e-78	-2.4895
MYBBP1A	6.20735786990194	1.23701543212444e-79	1.13482179542029e-77	-2.1649
LDLR	6.96188734286778	2.90036388956665e-79	2.63428075462332e-77	-2.0579
PLA2G16	6.32179173581027	5.81881919789064e-79	5.25882986518274e-77	-2.1978
SLC2A1	6.46568733751267	2.06777420948963e-78	1.8504551945315e-76	-2.1152
ETS1	7.61648657566557	5.81482181563897e-78	5.17831156421001e-76	-2.1564
CEACAM6	5.80767692127753	5.8844392187002e-78	5.21487001828111e-76	-2.4621
EFNB2	4.84294442978168	2.38365385656976e-76	2.05264079271403e-74	-2.6378
CDCA4	5.76205322548847	1.51331144806216e-74	1.26150747926131e-72	-2.4513
UPP1	4.75188328448391	2.91785371922212e-72	2.35700608398756e-70	-2.5159
WDHD1	6.7404827940118	7.98007580821908e-72	6.33409843281946e-70	-2.0496
CADM1	3.37267825570679	5.89468172277915e-71	4.63850472116622e-69	-4.5888
CAPN8	2.89463753066481	1.22974180787543e-70	9.59408822417687e-69	-6.8577
CKB	7.01410776517714	2.59310546802252e-70	2.01445674145614e-68	-1.9254
SPTB	4.58943324101596	7.53293979943313e-69	5.73005620743547e-67	-2.6448
GALNT18	4.28975836130881	7.97717398314567e-69	6.0427920430003e-67	-2.7748
CALM1	7.9461168363854	8.01204780814621e-69	6.04412994981476e-67	-1.9218
SUPT16H	8.47449497624011	1.8524866070282e-67	1.35819259027738e-65	-1.9796
TXNDC17	7.02564817502974	4.2358075047231e-67	3.08083274128386e-65	-2.2391
CHCHD2	9.37719962767886	3.4521534108661e-66	2.4910084058803e-64	-2.0959
ADRB2	2.91507902774706	7.85023587916033e-65	5.62015318470396e-63	-5.5164
LOC100128317	3.3025391348487	1.27809725231631e-64	9.11443103058071e-63	-4.2537
SPRR1B	2.88839390561114	4.46910112122491e-63	3.11404236904893e-61	-10.5659
PYGB	7.38526431481673	1.33438229242745e-62	9.19263514360589e-61	-1.8037
LAMB3	7.09236930384847	2.90135331123373e-62	1.98378674344131e-60	-1.781
HGF	2.86512872028072	2.91864934771066e-62	1.98816651088828e-60	-5.4632
COL4A3BP	6.75452753601063	3.30695064925475e-62	2.24430078263177e-60	-1.8457
SMURF2	7.41385730421212	3.49600778367024e-62	2.36381918884015e-60	-1.8176
EGLN3	4.49932597697979	3.83311291848998e-62	2.58218854021967e-60	-2.4154
LY6K	5.11846027872736	8.2742633941771e-62	5.51295447168238e-60	-2.1381
NETO2	7.03132724557715	1.02141317192161e-61	6.73173966303281e-60	-1.8603
CD274	4.41653612873023	1.60648315387395e-61	1.04742701632582e-59	-2.9335
TNFAIP3	4.14033509373663	5.70269464682247e-61	3.69178700256706e-59	-2.6796
NMNAT2	3.6854164433024	1.85876244054143e-60	1.19065147770261e-58	-3.1489
LOXL2	4.74205292032705	7.62114810043556e-60	4.78115737874747e-58	-2.3873
FRMD6	5.60105061525144	8.36527656796999e-60	5.23001674742671e-58	-2.5631
MPRIP	9.15971506511498	1.71184583030314e-59	1.06660264430082e-57	-1.8389
ITGA6	7.50015785700846	2.33618269481583e-59	1.45065820668564e-57	-1.7676
MYBL1	6.81327508362696	3.06101109706869e-59	1.88789927662453e-57	-1.7516
TFRC	8.90885447505998	4.37821747251501e-59	2.68217242208839e-57	-1.9262
NTN1	2.68078762397073	4.70032144702671e-59	2.86986850625149e-57	-5.9369
CD109	6.62200008464556	6.07707068336247e-59	3.68581403307194e-57	-1.9436
PFAS	5.87651786571025	7.99887362994941e-59	4.83534559564094e-57	-1.827
TUBB6	5.8794883575351	8.6260204786758e-59	5.1972485101883e-57	-1.873
MAPKAPK3	6.48963306607495	9.33831834570717e-59	5.60790591181678e-57	-1.8891
VRK1	5.84366973340004	9.97617397835059e-59	5.97131252946782e-57	-1.8782
STK32A	3.52356067345064	2.2523671256031e-58	1.33503942353929e-56	-3.2817
RAB15	6.80014936721695	1.05004983624655e-57	6.12450792668278e-56	-1.9377
GBAS	7.06723691495741	7.68619665589245e-57	4.41255365251486e-55	-1.8207
SFN	6.19925749155776	1.72472883708491e-56	9.87042308771852e-55	-2.0204
MUC5B	5.95953039898826	1.84635883521783e-56	1.05263563731217e-54	-3.9525
ENC1	6.081152694199	1.85087664097944e-56	1.05263563731217e-54	-2.0966
DPYSL2	4.68038829308063	2.09059935368416e-56	1.18527893791484e-54	-3.2759
ZNF185	5.49789742180498	2.31321911538048e-56	1.30339901760451e-54	-1.8971
PRMT5	6.46159067232564	2.85837289425378e-56	1.60561401715376e-54	-1.8263
DPY19L1	6.89803567866538	2.9258364440325e-56	1.6384684086582e-54	-1.6918
MPP5	7.15785661695557	3.88738187690433e-56	2.16365986416968e-54	-1.6916
LIPG	3.37737830562218	4.13289914906103e-56	2.29331935760663e-54	-3.4713
STK31	2.84074875427825	4.51033476357611e-56	2.49517186193471e-54	-4.8535
ELK3	6.22695936579631	1.24877754490165e-55	6.82565355081575e-54	-1.7948
PELI2	2.47624437421612	1.67730628622068e-55	9.08632153152665e-54	-7.8164
SERPINB5	2.45107784035923	3.24018967471932e-55	1.75008587874781e-53	-7.7905
RNF43	2.7301630686746	3.42629131553311e-55	1.84514378337382e-53	-5.5127
C1QBP	7.69982891810008	6.24409948704024e-55	3.35271412457078e-53	-1.8836
JPH1	5.42536410332376	1.08277758469122e-54	5.77987941114703e-53	-2.0845
JAG2	5.11464286746311	1.26779566867618e-54	6.74777776307649e-53	-1.9895
GNPNAT1	7.40693429653068	1.37404829262081e-54	7.27090597973493e-53	-1.6484
HMGA2	7.30240407041555	1.46739089300198e-54	7.74239541694919e-53	-1.8396
NRG1	4.90613717487163	3.10329651121879e-54	1.61867946025172e-52	-2.0663
SOCS2	3.66366156690765	4.51007507067972e-54	2.33908893438435e-52	-3.4386
MPDU1	5.51055743531959	6.35415639634502e-54	3.27687794270268e-52	-1.9223
HK2	5.76603643897493	1.73824665523787e-53	8.88891622913797e-52	-1.7776
SUMF2	7.34222739188195	1.8231707334939e-53	9.29715220968284e-52	-1.9799
OXTR	4.10449713834649	3.23076908836602e-53	1.63835890214473e-51	-2.5319
LRCH2	2.51551140509075	7.02660969844458e-53	3.5144599083508e-51	-6.468
STON2	4.07678229730232	9.57307445732496e-53	4.77502861456078e-51	-2.7625
IGFBP2	2.35073669346837	1.17394740515613e-52	5.83966861812813e-51	-7.685
RRS1	7.21171293554379	2.96838285820645e-52	1.46461614755181e-50	-1.8534
ERVMER34-1	3.31646040100888	6.35144408146878e-52	3.12538984235294e-50	-3.4386
MTHFD1	7.56045045325237	1.42650850147819e-51	6.92615404334729e-50	-1.727
NRP2	6.18338319284575	2.09026387012926e-51	1.00952003209206e-49	-1.7411
CDCA7	6.17099909129084	3.4190446037088e-51	1.63398110694523e-49	-1.6429
TOMM5	6.86767307709487	3.75162936165233e-51	1.78358712568554e-49	-1.7135
DKC1	8.29103943903347	4.57114566787983e-51	2.1675541639692e-49	-1.701
NOL6	6.10407740611081	1.3335116533846e-50	6.25824903449597e-49	-1.9018
S100A6	9.13619708352492	1.37618060905119e-50	6.44193671765089e-49	-1.6996
OAT	7.0907729479476	2.31070955409128e-50	1.07613044947679e-48	-1.8463
POLR3G	5.20798776322674	3.32451937157676e-50	1.54041689460673e-48	-2.0591
DHX33	6.31998052052405	5.03205973134906e-50	2.31983036503809e-48	-1.6443
EIF2S1	7.7236797576744	7.14707397225054e-50	3.27831614164336e-48	-1.7535
G0S2	5.72248118421584	1.4720014817313e-49	6.71821476262166e-48	-1.8912
ACSL1	4.39441192539002	1.75270383325431e-48	7.8233156919048e-47	-2.3266
SESN3	2.58482116885326	2.22928702115311e-48	9.92630825809052e-47	-4.7091
MBIP	5.15210415990576	3.71350143714367e-48	1.64547772418677e-46	-1.7982
HPGD	6.84888851987669	4.03016165772072e-48	1.78146806836197e-46	-1.5915
DEPDC1B	5.61073609739705	1.79575005920916e-47	7.78698648002907e-46	-1.6641
MYB	2.69836101842057	2.7827908654342e-47	1.2010078023491e-45	-4.1843
CEACAM5	2.72522471664054	3.4546273931777e-47	1.48744522853425e-45	-5.1449
MT1A	2.22669311463319	4.62768740246371e-47	1.9831704511591e-45	-7.5561
XRCC3	4.84403342278067	8.99764824677119e-47	3.82002479983849e-45	-2.1626
EVA1A	2.76705442350982	1.5840145897194e-46	6.67846890298322e-45	-4.4467
MT2A	7.83750676614124	2.16614442849839e-46	9.09083510038313e-45	-1.7903
FAM111B	5.9586657713104	2.42988151179638e-46	1.01742928622373e-44	-1.8622
ZNF232	4.76617955579952	3.2307620597366e-46	1.34967487786159e-44	-2.0368
TUBA4A	6.27911842927858	8.27561201987214e-46	3.4336266598815e-44	-2.2288
IDS	8.04997219949856	9.69418015134753e-46	4.01308283090704e-44	-1.7495
MBOAT2	6.21946167562458	1.41990897834118e-45	5.86467382547436e-44	-1.7478
ALKBH8	5.06224608242615	4.30639012231497e-45	1.75877982266179e-43	-1.7215
IGFBP4	2.56013181493053	4.79724275039617e-45	1.95487642078644e-43	-4.5529
HMGCR	7.16220570609889	5.40283110400986e-45	2.19675021458361e-43	-1.8073
ENO2	4.64036404481697	7.76784900081017e-45	3.13738609200864e-43	-1.9418
ITGA2	7.24554048336286	8.62445588263406e-45	3.47567475923548e-43	-1.5184
SDC1	6.27619257862188	1.0859403848933e-44	4.36672415564145e-43	-1.6121
DHFR	6.3921105236223	1.23283921759063e-44	4.94653027611747e-43	-1.5277
TMEM156	5.21169902609815	1.28765720683508e-44	5.15514692280289e-43	-1.719
MILR1	3.79407724282029	1.61279544493549e-44	6.4427119568364e-43	-2.6865
CCNE2	4.88668960061591	1.64388188115948e-44	6.55255624944268e-43	-1.9099
PELP1	6.51365880840634	2.34086556532158e-44	9.3104230415056e-43	-1.5901
LPIN1	5.43761607410953	2.77447090104644e-44	1.1011030602066e-42	-1.8555
F5	2.47837684310377	3.98292236442027e-44	1.56370388569584e-42	-4.8864
CCND1	8.38954063401202	4.16283655961184e-44	1.62733927692235e-42	-1.6665
TP53I11	2.92662075046068	8.82630578184338e-44	3.42836251815601e-42	-3.787
THBD	2.18662150608315	9.24604667732346e-44	3.58377554439951e-42	-6.1243
CCDC85C	5.41423838740538	1.87890213510645e-43	7.23654797014837e-42	-1.6543
SCD	9.74322381782718	3.49186256396084e-43	1.33362851396797e-41	-1.6011
PTGER4	2.45998386404628	3.93051335596553e-43	1.49802613416507e-41	-4.4463
YBX2	2.99155882372967	4.11609610519826e-43	1.56548855201041e-41	-4.4095
PTRF	6.28980362036036	4.51937148305849e-43	1.71529409136623e-41	-1.562
NAALADL2-AS2	1.96524300478795	7.4938900250086e-43	2.8383497156962e-41	-9.6189
SLIRP	7.45370335432736	1.09324959359279e-42	4.11512671765566e-41	-1.6341
TTC9	4.5178849604174	1.73573498549025e-42	6.50668950618276e-41	-1.959
IFI6	5.89222646406631	2.29848911241945e-42	8.58102601969927e-41	-2.5664
GLRX5	6.45103987663121	2.33661803677898e-42	8.70557119988512e-41	-1.4936
EYA1	2.15953751265865	2.57482236328758e-42	9.57351467702199e-41	-9.8168
ARID3B	3.40869794485845	2.81636831609672e-42	1.04503292639556e-40	-2.6698
MLPH	4.96914172321289	3.41062371605573e-42	1.26296849006721e-40	-1.7343
VKORC1L1	5.99288183494544	5.8100115377303e-42	2.14711681442924e-40	-1.4975
FANCM	4.6376331043088	6.41841328760409e-42	2.36716268643435e-40	-1.8267
PNMA1	5.31012680951321	7.81934071822654e-42	2.87223106945561e-40	-1.6109
ZNF680	5.36181386820689	8.03005503356941e-42	2.94370852796874e-40	-1.6429
ZNF22	3.2774291525468	8.57098355952145e-42	3.13570893512272e-40	-3.0058
ADORA2B	4.18734462327473	9.52217771529997e-42	3.46979793154723e-40	-2.1821
DKK1	4.37772713709947	1.08646919827153e-41	3.95111188917233e-40	-2.1762
G2E3	6.1562348339585	1.26538788483185e-41	4.58351611616872e-40	-1.5283
EFEMP1	6.14878568088035	1.34833539484771e-41	4.86466619927665e-40	-1.6747
TRMT61A	4.38182322937225	1.65912994693134e-41	5.95070261516279e-40	-2.1618
GRB10	5.19125902733519	2.52262401613217e-41	9.03000471343311e-40	-1.7681
HPRT1	6.85829266082511	3.33627795893197e-41	1.19191957765679e-39	-1.6628
DUSP5	4.02892347769651	5.30874105288426e-41	1.87822435390417e-39	-2.1745
MGAT2	5.28221181364393	6.67622763241856e-41	2.35291914396589e-39	-1.6069
MAP3K9	6.16295823162678	7.05298545367406e-41	2.47388935752942e-39	-1.4948
LINC00704	2.53469048003014	1.64466305906716e-40	5.66508845402456e-39	-4.1971
TGFB2	5.75574251686389	1.81289466045788e-40	6.23280695316742e-39	-1.5379
IER5	4.78797532179307	1.86984827956527e-40	6.41653199092924e-39	-1.7261
FHOD3	4.34945803111755	1.90819867925157e-40	6.53584898469355e-39	-2.1055
ERO1L	8.12693896983199	2.18999263794832e-40	7.47299170063264e-39	-1.4116
UBE2E3	5.94754670171329	2.96704975126273e-40	1.01056828841516e-38	-1.5776
SLCO5A1	2.2763233537865	5.03200125978805e-40	1.70434536175678e-38	-5.8275
FEN1	6.38297399674492	5.3865760644292e-40	1.82106171541147e-38	-1.4283
SCO1	5.89879044219547	6.81647051570922e-40	2.29596837149055e-38	-1.4838
AGPAT9	5.442125357088	7.82581876047325e-40	2.63108926871454e-38	-1.6648
CYB5A	5.2153326684462	9.01957070561735e-40	3.02686181620864e-38	-1.6406
TRAM2	4.64619518009742	1.13466172484689e-39	3.7938433056419e-38	-1.8712
RIMKLA	2.39324958203042	1.35597681112123e-39	4.52554162044409e-38	-4.2558
PITPNM3	5.00262325337218	1.50657132438809e-39	5.01897191569871e-38	-1.6295
HELLS	5.4060090475024	2.07207987028719e-39	6.89032606775282e-38	-1.5603
CPSF2	7.35447944955686	2.15248749641109e-39	7.14469304263288e-38	-1.4313
CDKN3	6.34469216622798	4.62272110120121e-39	1.52058371934287e-37	-1.568
VSIG1	3.0447944999907	6.48329859791896e-39	2.12876077704332e-37	-3.208
UTP15	5.3942732238023	7.49392065290019e-39	2.45617621973691e-37	-1.7281
SEC23A	6.02468754884651	1.3047810796697e-38	4.23844900185942e-37	-1.5318
TOP2A	9.82104227932182	1.82253054563758e-38	5.857767190345e-37	-1.5639
IPO4	6.37431153166906	1.83847383779015e-38	5.89862537481494e-37	-1.6264
CINP	5.61288767590666	2.5792853225779e-38	8.23206867989197e-37	-1.5519
FABP5	5.98395512548319	2.88249795420427e-38	9.1359171270752e-37	-2.1073
CAPN2	9.14375384016792	5.95304243538068e-38	1.87700764594663e-36	-1.4059
TSR1	7.15085417948829	7.91484553120986e-38	2.48697796932474e-36	-1.4958
ANXA3	7.65383112228437	8.37117606778591e-38	2.62584519404638e-36	-1.4476
B3GNT5	5.9183252144881	9.05284569495941e-38	2.82994436656128e-36	-1.5138
KIAA0586	5.67039092031138	1.08725914470631e-37	3.38720186787687e-36	-1.5899
PCED1B	5.89861640494031	1.11008356798967e-37	3.45241662984999e-36	-1.4959
FLNA	9.70963731236082	1.29393591084236e-37	4.00374474378613e-36	-1.4609
ABCA1	5.31251078676398	1.3139204023907e-37	4.05870234620043e-36	-1.493
FAM64A	4.67899537685358	1.75053166123161e-37	5.39826114990613e-36	-1.7536
MCM6	7.11734864546027	2.04077379226768e-37	6.28269247076538e-36	-1.3918
PALLD	6.37948857113142	2.9444537380678e-37	9.00401129684519e-36	-1.395
AHSA1	7.20914011335817	3.17882156610326e-37	9.70444256033127e-36	-1.5138
CDKN2B	4.44635418387851	4.33725485370381e-37	1.31529775098367e-35	-1.7642
DNAJA1	8.20616354777166	5.39766070014471e-37	1.62606755349574e-35	-1.5774
CCDC86	5.83841795266415	5.7624531439206e-37	1.73310287636597e-35	-1.7786
E2F8	4.9454140776153	1.09603849168717e-36	3.28559584634499e-35	-1.6004
NKX1-2	2.19450687995952	1.73392183394433e-36	5.17230016347837e-35	-5.4306
EGFR-AS1	2.29517461021219	2.89085302755815e-36	8.5674371543996e-35	-4.397
POFUT1	6.19975337738273	3.09479620784445e-36	9.15698534366422e-35	-1.3598
BRMS1L	4.92668537675245	3.55648055661627e-36	1.05060046992859e-34	-1.6233
DLGAP5	7.36173488746569	3.58404355340532e-36	1.05592600083013e-34	-1.4499
STARD4	4.45438990017075	3.58607647082977e-36	1.05592600083013e-34	-2.1642
NIP7	7.02939381717094	4.18597345630844e-36	1.23058182638272e-34	-1.3373
TTLL11	3.97060433764203	4.89544686477531e-36	1.43683726629161e-34	-2.2185
MCM2	6.8714890704056	6.13586307770527e-36	1.79801470861296e-34	-1.3388
RUNX1	5.97312214773759	8.12252642496522e-36	2.37635965407316e-34	-1.444
ERCC6L	5.50297511311934	8.55792432365322e-36	2.49574227560085e-34	-1.4873
DCBLD2	9.13305462952747	1.26584759790802e-35	3.66233181416938e-34	-1.416
ZNF713	3.20609146357475	1.3693415461474e-35	3.95549039026376e-34	-2.6225
S100A10	8.63859597866954	2.16690670628152e-35	6.24945479144953e-34	-1.5111
PRPS1	6.62453134371222	2.43596108523703e-35	7.00329221607672e-34	-1.3142
NRK	3.48108654955955	2.83876590987607e-35	8.13571592632615e-34	-2.352
MRPL52	5.84964848337705	2.86880661650189e-35	8.20892376032266e-34	-1.6876
KLK6	2.94090398142261	2.98470179315882e-35	8.52718559247376e-34	-3.1703
ZNF488	2.6224557686048	3.42401247221671e-35	9.73656879949972e-34	-3.5151
SH3KBP1	6.07959494977338	3.4699318424261e-35	9.85180026676996e-34	-1.7534
IL7R	2.16188241847875	4.16428607219837e-35	1.17865436486904e-33	-4.3943
TCOF1	7.20630853197306	4.95585432251449e-35	1.40052750018304e-33	-1.5463
POLE2	4.12997779131535	5.21509267558744e-35	1.47151053918894e-33	-1.9233
WRAP53	4.20888502601394	6.64159068519011e-35	1.87112468439553e-33	-1.8216
LOC100130476	1.95060115743847	6.90511801195854e-35	1.94237033014353e-33	-5.168
SLC25A11	5.65123388787418	7.27523848580283e-35	2.04333467379718e-33	-1.4248
ALDOC	2.18619201607799	7.31315635510151e-35	2.05082922302201e-33	-4.2796
CCDC85B	5.92475183684402	9.48241261886777e-35	2.65100956768836e-33	-1.3996
RABEP1	6.60425496094588	1.13634012303363e-34	3.17202221500031e-33	-1.539
PFN1	9.68452937134219	1.24799514314842e-34	3.46779289700421e-33	-1.7909
POLR1E	5.38526362502374	1.71967743086282e-34	4.77119014860663e-33	-1.433
TCEB1	8.89805944161238	1.86096873460648e-34	5.14755230590543e-33	-1.3362
VDR	4.55946599547983	2.54959596504886e-34	7.04166776670682e-33	-1.6536
CAD	6.6335608996045	2.69598497786068e-34	7.43472836190705e-33	-1.2979
CDC7	5.87524607627835	3.04266469765274e-34	8.37811262750354e-33	-1.4772
UHRF1	6.23368719784796	3.73350619421605e-34	1.02494570047531e-32	-1.3463
HSPA9	8.99238641024282	4.25668439109292e-34	1.1633238060448e-32	-1.4591
SLFN13	4.72726389239455	4.30256916904729e-34	1.17410616965811e-32	-1.7522
UTP20	6.95534490170001	4.99041473201665e-34	1.35371487886621e-32	-1.3674
COPS3	6.79874880241999	5.53043318593847e-34	1.49797608668387e-32	-1.3797
WDR13	1.8569559238811	5.61600873410776e-34	1.51890156222032e-32	-6.3179
FAM84B	8.82981274016721	1.25204309376295e-33	3.35643153006408e-32	-1.4619
CHORDC1	6.54632198983482	1.33659233721886e-33	3.57783426807441e-32	-1.5034
DNMT1	8.23877757004542	1.43494886902541e-33	3.82429584714276e-32	-1.3758
PLOD2	6.62074974152902	1.67217223535548e-33	4.44354822833329e-32	-1.3317
SLC5A3	5.48516084166772	1.89134901555101e-33	5.01138862523937e-32	-1.6663
RANBP1	7.8438086246865	2.73266641905535e-33	7.20918470321886e-32	-1.2802
PRSS3	3.96366904608091	3.35617464227906e-33	8.84131663339777e-32	-1.9143
NOP14	6.67592304280423	3.87075561607331e-33	1.01529474895164e-31	-1.4201
MCM4	7.53043906958859	4.1556345097012e-33	1.08845428420524e-31	-1.2867
TMPRSS4	4.24594452047421	6.79609295692401e-33	1.77495669558805e-31	-1.8953
UNG	6.28519894113884	7.20183609176198e-33	1.87823885273153e-31	-1.2874
FJX1	4.70178049813161	8.1009998452746e-33	2.10672155520417e-31	-1.6882
ST6GAL1	4.54803959201612	1.47350506778506e-32	3.81024199964364e-31	-1.6305
SIPA1L1	6.02498982778856	1.69713142450615e-32	4.37610611381135e-31	-1.2986
CHST15	3.63164156425606	2.07913327860275e-32	5.35354825587755e-31	-2.0665
ST6GALNAC1	2.00361255475662	2.1927750821467e-32	5.63821153516481e-31	-6.4646
PRKCDBP	3.12317473353676	2.23748653654583e-32	5.74508498047548e-31	-2.6567
RAI14	5.88438582470186	2.32720241895583e-32	5.95033716533021e-31	-1.4268
TDP1	5.21569641075718	2.35622189185362e-32	5.99932871097347e-31	-1.548
CCDC88A	5.73111599270217	3.44305800504974e-32	8.71795657977643e-31	-1.3625
FASN	8.37592746790563	3.81634005044656e-32	9.63639058934336e-31	-1.3092
ALDH1B1	5.66700302218844	4.38586591015916e-32	1.10135306816871e-30	-1.415
ALCAM	8.24109336726496	5.03665469556159e-32	1.2613054612095e-30	-1.3113
PLAUR	4.69095424881737	5.3848166094253e-32	1.34664674002285e-30	-1.6681
TMPRSS11E	2.00352124620028	5.5782521861954e-32	1.39311315883972e-30	-6.4635
ACTN1	7.15508897234281	6.16509849260442e-32	1.535471188008e-30	-1.3482
SMS	8.10216767236789	6.97234766333434e-32	1.73179835295009e-30	-1.2761
INHBB	2.14371784826322	7.82430358302396e-32	1.94076747570225e-30	-3.984
LMO7	7.45682295324241	8.72536921362081e-32	2.15840569598728e-30	-1.4745
UBE2T	5.74108101801554	1.0826094956335e-31	2.66722253067277e-30	-1.3635
EXO1	5.2688783047417	1.25145166229067e-31	3.07904333514534e-30	-1.5004
CHAC2	4.01067804736221	1.30072603734185e-31	3.19596965514303e-30	-2.2657
GRK5	3.45250573548069	1.3374326702022e-31	3.28174339075422e-30	-2.3718
AP4S1	4.02399569333205	1.34721106552579e-31	3.30130002848844e-30	-1.8464
FADS2	3.98459367586473	1.49997271255976e-31	3.66579676579532e-30	-1.8456
HSPA8	10.6585513265615	1.65954966954325e-31	4.03956516895755e-30	-1.5464
ALYREF	6.87250977765096	1.68815922021659e-31	4.10373298592199e-30	-1.2289
MYH10	6.85216649914799	1.7183760509643e-31	4.17163207266014e-30	-1.3596
FDFT1	7.32924602808317	1.7289099700306e-31	4.19163086492411e-30	-1.2244
EDNRA	1.76202720731328	1.80297925163226e-31	4.36540971058337e-30	-5.2803
DSC2	6.17997624661089	1.96855891273654e-31	4.76000152462493e-30	-1.2687
NUP88	6.17078989146948	1.98471915233598e-31	4.79272921230762e-30	-1.4742
RAPGEF6	5.61762601519414	2.15079615172269e-31	5.18691341424696e-30	-1.3318
SH3RF2	4.56711968708059	2.19331467083406e-31	5.28247396183991e-30	-1.5438
PAK1IP1	5.30163796295611	2.6960817548726e-31	6.46776196017795e-30	-1.4128
DDIAS	4.50902293101604	3.51477506778766e-31	8.40966364843138e-30	-1.7132
E2F1	4.60412624810727	4.29238152622835e-31	1.02166515179693e-29	-1.7613
WDR20	4.86449380830317	4.90795082309948e-31	1.16666081024094e-29	-1.4615
HSPH1	7.51282898685597	5.8027474363517e-31	1.37577866490957e-29	-1.4692
GAL	3.91360053197796	5.82015287616698e-31	1.37811557597023e-29	-1.9147
EXOC6	4.51045347233208	6.10549302292856e-31	1.4419389473038e-29	-1.6326
CRCP	5.53815571599387	6.77521999406765e-31	1.59597956402192e-29	-1.451
AOAH	1.4847860417942	6.88226357135062e-31	1.61702192739481e-29	-9.1138
CYP51A1	6.76581619369439	7.24026069217422e-31	1.69894857578834e-29	-1.3192
SRM	5.37057089450274	8.23462818981171e-31	1.92979938681903e-29	-1.6914
RAB38	3.95879340855234	8.66141865850919e-31	2.02721614140697e-29	-1.8125
SLC9A3R2	5.31240451287354	8.70016779515335e-31	2.03367814684148e-29	-1.7901
MICAL2	5.58606384044326	9.91882616631399e-31	2.31557660475995e-29	-1.3186
KRT16P2	1.71130184650644	9.98200083313475e-31	2.32734875108184e-29	-5.6193
ROR1	5.46462350908978	1.48055514718064e-30	3.43880594999106e-29	-1.3976
NDUFAF2	6.03939098233662	1.50278952931186e-30	3.48601342403016e-29	-1.4337
ZNF107	5.95954268869751	1.53278791081967e-30	3.5510883375538e-29	-1.3528
TUBA1B	9.94052122271637	1.68677951600721e-30	3.90289567100477e-29	-1.2921
LYAR	6.54981726279995	1.69109274413196e-30	3.90792267555355e-29	-1.8819
MED1	6.94512201741398	1.77367354347036e-30	4.09357575342539e-29	-1.3036
PPP1R1C	3.98827267913987	2.95276134543308e-30	6.75508911306094e-29	-1.8104
PMEPA1	5.3126986470496	3.19553617758901e-30	7.28310967017041e-29	-1.3313
LRR1	4.70988469697442	3.55354363110658e-30	8.08896415579573e-29	-1.9451
KIAA0391	5.31664987962045	3.62686972339364e-30	8.23534000874059e-29	-1.4004
C14orf80	3.90178827427141	3.69712626234346e-30	8.38443938451455e-29	-1.8231
SDPR	1.84203928347422	4.60859669713389e-30	1.04255937178285e-28	-5.3688
PPP1R14A	3.76074571646369	4.92583406858354e-30	1.11157017003784e-28	-1.9095
NOP56	7.69651687411625	6.73826987107782e-30	1.5112267170319e-28	-1.1895
MYO1B	7.72362609045297	7.25864297672636e-30	1.62195576723521e-28	-1.2526
PPTC7	6.26515783390846	7.30821608707022e-30	1.63103658784296e-28	-1.2352
ZNF92	4.99327138781	8.65573273078178e-30	1.9294146121264e-28	-1.391
NIPAL1	4.54678327535734	8.74479274759891e-30	1.9468894682947e-28	-1.516
CHML	6.59750342525047	9.33739546156334e-30	2.07629100543606e-28	-1.2231
CCNYL1	5.48581111424767	9.67460441208993e-30	2.14604590701232e-28	-1.2782
CCNB1	8.02061491555634	1.03346849603073e-29	2.28690919558023e-28	-1.2706
ANOS1	1.4448278132414	1.09282790446414e-29	2.41533489393431e-28	-9.0711
L2HGDH	4.85241502936423	1.09605815480027e-29	2.41954506336564e-28	-1.4648
EDIL3	5.82268612278428	2.3778622739313e-29	5.18022120201549e-28	-1.4347
SKA3	5.03120431263214	2.67924324201153e-29	5.82288864597174e-28	-1.5237
RBMS3	3.04796412354701	2.99199329210871e-29	6.4871531521065e-28	-2.4081
GPS2	5.47673507957418	3.33231007726016e-29	7.21644754098e-28	-1.7335
COA7	5.22747244710299	3.34006116483173e-29	7.22466310724741e-28	-1.3026
DGKD	5.77293122456519	3.96109214700723e-29	8.54771846758439e-28	-1.2783
TIMM9	5.1515309282614	4.14267193828195e-29	8.92899869011514e-28	-1.3788
TRIM2	6.14401444676786	4.37068076210499e-29	9.39825064699514e-28	-1.2123
CD163L1	2.80595745488354	6.20738369381465e-29	1.32385510180234e-27	-2.612
KCNS3	3.59580833463271	6.79127629798212e-29	1.44500629482473e-27	-1.9502
HMGA1	9.22509527134108	6.79976967119956e-29	1.44512916318299e-27	-1.545
MIS12	5.08410337665437	6.83014410693345e-29	1.44989663739741e-27	-1.3615
PKIA	2.37381269242041	6.87663394792983e-29	1.45637853078198e-27	-3.3002
SLC4A8	1.97154695153611	7.1815629395663e-29	1.5174376507491e-27	-4.0451
PCNXL4	5.3628564496107	7.78516351397205e-29	1.64307450995461e-27	-1.4268
DSCC1	4.29743896705111	7.94992692199673e-29	1.67397769190279e-27	-1.6363
PYGL	7.92868700158189	8.82004793796414e-29	1.85505524372665e-27	-1.2319
ANKRD32	4.723031496229	9.06955632758561e-29	1.90533740295055e-27	-1.5185
SAMD4A	5.77382447492655	9.62165759855903e-29	2.01899978298039e-27	-1.2509
PTHLH	2.5098870512716	9.9645491659244e-29	2.08855120060983e-27	-4.0666
BIK	3.83415092225698	1.02000464498934e-28	2.13545926593181e-27	-2.2885
OAS3	5.44741659708519	1.12842618613656e-28	2.35974209096324e-27	-1.4471
CTHRC1	2.86633551319939	1.14119832644762e-28	2.38372044023202e-27	-2.4928
SVIL	7.16956974060665	1.22296676649208e-28	2.55159786160907e-27	-1.1884
ELL2	6.82092628675026	1.26655343529496e-28	2.63952049255078e-27	-1.2149
SMEK1	7.03463091318256	1.50655358024858e-28	3.12541388193387e-27	-1.2285
FA2H	4.17255843371131	1.75084692071256e-28	3.62397521366537e-27	-1.829
SEMA7A	3.70970424212478	2.10324600973719e-28	4.33862815296748e-27	-1.9181
EIF5	8.54508576834102	2.16309795509022e-28	4.45705601220396e-27	-1.243
IL31RA	2.14287990145069	2.66698383907295e-28	5.47676681283642e-27	-3.6662
PLA2G4A	2.33120529206835	2.76454662248472e-28	5.67073743146978e-27	-3.462
TMCC3	3.12504276654171	2.92290611574537e-28	5.98212713554345e-27	-2.2396
C14orf169	3.43823774104113	3.33513519879501e-28	6.80293052393314e-27	-2.0904
DTL	5.49231062872089	3.93113424305795e-28	8.00075660437747e-27	-1.4776
TIMM8A	5.44341028395635	4.01440508434632e-28	8.16113354341052e-27	-1.3023
CENPK	5.79260711750448	4.19138664616046e-28	8.51145212595165e-27	-1.2627
DNAH5	4.90837609760884	4.41780131176003e-28	8.96126452749901e-27	-1.3576
NCAPH	6.37258271538899	4.44917687543531e-28	9.0148915691395e-27	-1.2088
TOMM40	6.41966790739026	4.850648842615e-28	9.80658308646506e-27	-1.3926
BOP1	5.62182111523771	4.88977102994016e-28	9.87474114187916e-27	-1.3492
MAGOH	6.46857569818859	5.59827721004345e-28	1.12930551101164e-26	-1.2024
SAV1	5.56147779678663	6.43596690171457e-28	1.29542460592835e-26	-1.2847
BAG5	6.05286731263523	7.22172261348715e-28	1.45038248659869e-26	-1.1732
CTPS1	6.72907782688708	7.2317261960371e-28	1.45079553225114e-26	-1.1604
LRP8	5.48680536709078	7.83655726814546e-28	1.57040822708302e-26	-1.4352
ACSL3	7.40181634533223	9.83776624637633e-28	1.95854155500378e-26	-1.2578
MST1R	4.6632535204303	1.04365857241729e-27	2.07323513580523e-26	-1.4397
CCDC88C	4.89644287954247	1.3275546553963e-27	2.62292616763147e-26	-1.641
HAUS7	4.48373736123133	1.33641438180565e-27	2.63757631937772e-26	-1.4749
SIGMAR1	6.29181993255274	1.66637318077733e-27	3.26408892578015e-26	-1.5409
NDEL1	5.44545557188073	1.74274118591547e-27	3.40724060892355e-26	-1.2381
MAMLD1	3.89371243975777	1.74318729663376e-27	3.40724060892355e-26	-1.7385
ZNF273	3.81895669771199	2.4605787649615e-27	4.77875807799331e-26	-1.7705
HMGB3	8.33930481368037	2.99623450882409e-27	5.79441283825133e-26	-1.4352
SCFD1	6.17578676048399	3.39091344115042e-27	6.53690768549547e-26	-1.168
TMEM70	6.9163700831566	3.5808995513369e-27	6.89587576046481e-26	-1.4289
EMP2	4.06598366654831	3.62147525864252e-27	6.95933182334504e-26	-1.6427
KIF15	5.10020580945986	3.63013850408399e-27	6.96864443013221e-26	-1.4173
RFC2	5.79902385636216	3.78925419527074e-27	7.26645216269566e-26	-1.1778
TNPO1	7.93726513091069	4.6154718402463e-27	8.83229076682772e-26	-1.1997
RPP25	4.64314380510883	5.22639346230461e-27	9.97001452955413e-26	-1.4018
MAPK1IP1L	6.84448384231433	6.03844996854993e-27	1.15070921321344e-25	-1.1535
FMO5	2.21039865678069	6.83039604801115e-27	1.29891364846345e-25	-3.2498
AKAP6	3.25109229480275	6.94931269180828e-27	1.32015247140117e-25	-2.1437
SIPA1L2	2.13704445678403	7.82346767537776e-27	1.48466970770994e-25	-3.3953
PLEK2	4.76820969194996	8.69788453702692e-27	1.64889491285528e-25	-1.4148
ACLY	8.40139010108664	9.51774455490751e-27	1.80057973672945e-25	-1.2073
MB21D2	4.37111965996839	9.70343101358011e-27	1.83380783213166e-25	-1.6566
TMX1	6.7308804399008	9.91493126384901e-27	1.86990687141351e-25	-1.2801
FBXO5	4.92769677892556	1.11368635354478e-26	2.09602660518697e-25	-1.308
MRTO4	5.86515762091868	1.19715342518325e-26	2.24386375052827e-25	-1.2334
CHD7	7.1893129169024	1.35248363505161e-26	2.52722018848539e-25	-1.165
RP1	1.22871134923669	1.43228571674519e-26	2.67360000459102e-25	-8.8436
MIS18BP1	6.56841446043823	1.43842544734088e-26	2.68231817841216e-25	-1.2299
MCM7	7.70470244391254	1.53889362841462e-26	2.86381672582439e-25	-1.1162
EXOSC3	5.12576891492219	1.82572540674864e-26	3.39413880097792e-25	-1.2549
S100A2	5.38530622182737	1.86348179573878e-26	3.46080606948192e-25	-1.6661
SOCS4	6.16137877010831	1.93230009391227e-26	3.58496651569741e-25	-1.1461
TIMELESS	6.60663428330721	1.94722590954966e-26	3.60899047763843e-25	-1.1617
LAS1L	6.67893809894034	2.70992000128827e-26	5.01239103784383e-25	-1.1762
WDR62	3.74387495037964	3.15495759574488e-26	5.82375185722129e-25	-1.8124
PNO1	6.19181775482728	3.18494722606638e-26	5.87317136960281e-25	-1.1437
ANXA2	9.95496292845696	3.1907352286543e-26	5.87790740003158e-25	-1.212
CHEK1	5.88022252968065	3.65444739114362e-26	6.71858928224753e-25	-1.146
C8orf4	1.2849036563535	3.8334127241448e-26	7.03344549668215e-25	-8.9007
ELP5	4.8380987721742	4.93683137919778e-26	9.0217010669304e-25	-1.3491
AMD1	7.2829567960605	5.3351055408733e-26	9.73003863678151e-25	-1.2201
AEN	4.39466802257652	6.50871626894805e-26	1.18585952301313e-24	-1.6213
CENPI	5.16521966541334	6.66614421230676e-26	1.21333129351817e-24	-1.2741
BCL2A1	2.27725499695733	6.94415320333637e-26	1.26267391314849e-24	-3.9213
LMO3	1.88638155796829	7.27418702755583e-26	1.31874437313862e-24	-3.82
LYRM7	4.75460910119924	8.0076119184428e-26	1.45026749189575e-24	-1.3501
PSMA6	7.80903306653077	8.48034762786809e-26	1.53436299597978e-24	-1.242
MET	9.34942186250524	9.56913688169484e-26	1.72793435125837e-24	-1.2308
PINX1	4.20829300360206	1.02047787432211e-25	1.83545261809108e-24	-1.658
DTD2	5.03785025651155	1.27409739970307e-25	2.28936241426962e-24	-1.2591
STYX	5.61831043746725	1.31557497571435e-25	2.36156703605125e-24	-1.1667
RRP15	6.0960771563065	1.57069632404469e-25	2.81399726121293e-24	-1.1307
HPDL	3.6009808868722	1.59903695155344e-25	2.85915950906558e-24	-1.8056
ZNF280C	4.27379670823815	1.64032342802113e-25	2.93011198649254e-24	-1.4753
ABCG2	2.01015604750541	1.71446953516302e-25	3.05657771815782e-24	-4.9815
SLC22A31	1.8183457506179	1.77246588870307e-25	3.15689144040617e-24	-4.0198
RRP1B	6.12086302985611	1.83009906583307e-25	3.25319265295507e-24	-1.1307
DHCR7	6.45643858467678	1.88861279292851e-25	3.35068174418881e-24	-1.1864
KCNN4	2.94920018360279	1.89997645886003e-25	3.367569925529e-24	-2.3942
NUP188	6.52424818307663	2.03096303079358e-25	3.59624258876505e-24	-1.1118
CCNK	6.16215419930732	2.07380691130468e-25	3.66854835007541e-24	-1.1863
MPHOSPH6	5.46762421900868	2.15770257562499e-25	3.80957623023306e-24	-1.2283
TRIP13	5.82652229842721	2.22458685932568e-25	3.92387030955068e-24	-1.1376
ELOVL6	6.71353745771855	2.93809458885894e-25	5.16244993399507e-24	-1.1833
CNIH1	6.01621151090508	3.05669586309518e-25	5.36567689198707e-24	-1.1271
FARSB	7.14340215879333	3.24884520867633e-25	5.69749453694477e-24	-1.1101
Mar-01_1	4.32618993552724	3.64034217911135e-25	6.36571712853035e-24	-1.7285
ZWINT	6.37199698698503	4.01601118799878e-25	7.00251196256979e-24	-1.1158
FHDC1	2.88033550455961	4.32085891216907e-25	7.51969497622103e-24	-2.6057
HARS	6.24985550783307	4.47703006563692e-25	7.77665660116724e-24	-1.224
NOLC1	8.05760422248379	4.62579590290784e-25	8.02742680641498e-24	-1.3302
AZGP1	2.48278997035937	5.46187788835629e-25	9.46034561004102e-24	-3.0136
NOC3L	5.36494897267003	5.51876319724364e-25	9.54981430605497e-24	-1.2171
MFSD4	2.62163548073953	5.6145408276891e-25	9.70635012786859e-24	-2.5309
NGDN	4.8680405897152	5.7723604070305e-25	9.96974565664606e-24	-1.3111
PCNA	6.80671485396993	6.44098910845078e-25	1.11093100178821e-23	-1.3594
WDR43	7.69003379559834	6.55109216975646e-25	1.12784726789351e-23	-1.1154
ATAD3B	5.00164064015257	7.31101071317641e-25	1.2555955934125e-23	-1.3869
SNAI2	2.20451876456048	8.36826072039258e-25	1.43446918038955e-23	-3.0398
SLC27A2	2.99918655451309	8.41437138260842e-25	1.44102029982082e-23	-2.2496
FHOD1	5.3489943786538	8.49772450487239e-25	1.45393119551031e-23	-1.2375
LINC01446	1.22734321496471	8.52528623384515e-25	1.45728113750072e-23	-8.8388
FNIP2	6.25985411764996	8.61684958905884e-25	1.4715547810838e-23	-1.1447
NSUN2	7.55938208101886	9.22029294692772e-25	1.57313708447769e-23	-1.0814
BARD1	5.02200323374266	9.39504965534358e-25	1.60145683013961e-23	-1.307
CHD1	7.02156036292642	9.43264949464095e-25	1.60636613035602e-23	-1.1657
NOP2	6.76863298145721	1.00338667312087e-24	1.70557049390081e-23	-1.2483
SEMA3C	5.58521873357563	1.00432222634811e-24	1.70557270364755e-23	-1.3667
RPIA	4.87908690782956	1.07271187848681e-24	1.818331295604e-23	-1.3803
NOP16	6.32665844531271	1.10316280458435e-24	1.86821337295843e-23	-1.117
ISOC1	5.04975133764236	1.48195589069027e-24	2.50042391316466e-23	-1.2994
RBM23	5.47370969238437	1.48822924106057e-24	2.50869002999094e-23	-1.2707
CDA	3.36645286740166	1.61309479028898e-24	2.71416207295075e-23	-2.5478
SLC29A1	4.29151991336976	1.92779578027169e-24	3.24068506120073e-23	-1.5053
NAA10	6.50349347005447	1.96549187911544e-24	3.30101377600106e-23	-1.1964
ATP1B3	6.64040597106241	1.98655426373947e-24	3.33026029741303e-23	-1.1051
FADS1	6.60896518538962	2.42456709838583e-24	4.0496703520706e-23	-1.0819
SEH1L	5.79366832618745	2.63401382330593e-24	4.39548047150576e-23	-1.1334
CHD1L	5.76033710163575	2.79957481201099e-24	4.66323337299933e-23	-1.1124
BRDT	3.56140524505495	2.91111582396106e-24	4.84460624268306e-23	-1.9642
PPP2R3C	4.2752206683912	2.96033423869698e-24	4.92202749195374e-23	-1.5078
KIF1C	7.42388516131223	4.00367051600565e-24	6.63257794375673e-23	-1.1891
UAP1	5.84002185600086	4.07740669324756e-24	6.74860712528808e-23	-1.1104
EXOSC6	5.20728963496054	4.17761773375423e-24	6.90195378709659e-23	-1.2225
PGP	4.43080413197172	4.4399221327344e-24	7.3154529291696e-23	-1.402
NAT1	3.71951729600807	4.68309970459182e-24	7.70916755699082e-23	-1.7458
SORT1	5.08890403069204	4.88987429077518e-24	8.04230135607132e-23	-1.2602
ARNTL2	7.01194424529052	5.13797146984953e-24	8.43514452819901e-23	-1.2265
DUSP7	3.67918512556273	5.33365738769076e-24	8.74853991641353e-23	-1.7538
MCM3	6.5339308843349	5.3697132735051e-24	8.79977428376204e-23	-1.0751
MEST	5.76495779694013	5.59489527970727e-24	9.14417262545532e-23	-1.246
BDNF	3.08055890965133	6.2727144777039e-24	1.02245245986574e-22	-2.0977
FAM216A	4.17425633506482	6.2898309170976e-24	1.02432786103955e-22	-1.5411
STAC	4.49235547997734	6.73571606970991e-24	1.09596463964906e-22	-1.3996
TUBA1C	8.97070733421106	7.04818062033094e-24	1.14578437582156e-22	-1.1261
PRIM1	5.0563112782113	7.3632786524904e-24	1.19488013404324e-22	-1.1941
WDR3	6.62004269198621	8.0249344321809e-24	1.29878726058417e-22	-1.0698
CHST6	2.63577600133174	8.80637555380313e-24	1.42399638715881e-22	-2.5131
DNAJC9	6.10380646299201	8.88574172346754e-24	1.43555841507631e-22	-1.1487
LY96	4.01478905231049	9.55908078964253e-24	1.54297594072249e-22	-1.863
SDC3	3.82490145863442	1.04198130301065e-23	1.6804249706504e-22	-1.8946
PSMB6	7.25490848701456	1.04909386409635e-23	1.69040225798261e-22	-1.1824
FOXD1	2.78222546975395	1.0845960449231e-23	1.74299167219332e-22	-2.3031
LRRC59	7.49251689108858	1.09418786914602e-23	1.75531579429962e-22	-1.1125
SMIM15	6.65285934927773	1.18971797303522e-23	1.90354875685635e-22	-1.0943
MCC	2.4293112144522	1.34059181848488e-23	2.14306867235202e-22	-2.7106
CDC25A	4.57859373512073	1.37338099772e-23	2.19356461018166e-22	-1.4158
FKBP3	7.05828204107456	1.42894868510315e-23	2.27833075940987e-22	-1.2689
RNF183	1.18144117018525	1.45757913616268e-23	2.31992717609293e-22	-6.4548
METTL8	5.09243900585483	1.50504714580588e-23	2.39339204650105e-22	-1.2203
LRRC6	3.90052454101045	1.76863621682129e-23	2.80036624234947e-22	-1.6126
PNP	6.79365928533813	1.84024232570428e-23	2.91121870867049e-22	-1.0847
FLII	8.20775509756636	2.14377933292569e-23	3.3855394032778e-22	-1.1235
HIST1H2BH	3.32235379793851	2.29653728157198e-23	3.62051680590485e-22	-2.3778
CSTF2	5.58151006371919	2.34032056938281e-23	3.68635826701057e-22	-1.2456
GEMIN4	5.64667232007891	2.70077246228622e-23	4.24679604405662e-22	-1.2432
LUCAT1	4.26502122638097	2.88196241585693e-23	4.52391279999003e-22	-1.6315
IPO11	4.96253496877505	3.19500284473078e-23	5.00669286982018e-22	-1.1976
GEMIN5	5.78062554143576	3.32474075696621e-23	5.20106831698159e-22	-1.0741
NPTX1	1.67947464281284	3.45766716925151e-23	5.39514289246628e-22	-4.0236
MERTK	4.26548899685448	3.75940128591809e-23	5.85594111567583e-22	-1.7573
TIAM1	4.71709502931266	3.94863525316213e-23	6.14022872076046e-22	-1.2958
MCM10	4.16967793102997	4.0049602349389e-23	6.21722398376229e-22	-1.6816
NKX2-1-AS1	1.32962071913758	4.69404330521972e-23	7.27457169610281e-22	-5.2078
GINS1	5.8629084701267	4.85042317144361e-23	7.50418012015886e-22	-1.1549
C14orf1	5.23961974554852	5.03597238057015e-23	7.77806360234253e-22	-1.4134
PNPT1	6.29350635361117	5.32221804444565e-23	8.21322169225696e-22	-1.2185
TPX2	8.74229809487287	5.97757176896703e-23	9.20899157926262e-22	-1.1292
TP63	1.840352353991	6.05566940257859e-23	9.32144187297426e-22	-3.4271
SPAG7	5.27531448997441	6.90731714945172e-23	1.05966371328059e-21	-1.2134
BAZ1A	7.8039455894527	9.33969702958999e-23	1.42325132697992e-21	-1.2146
CDK5RAP1	5.27857273245403	9.92212265479179e-23	1.51074454700483e-21	-1.181
ZNF367	5.15179240093635	1.22897191750156e-22	1.86656500215545e-21	-1.3216
OXA1L	7.03505792081834	1.36102024687835e-22	2.06540196400758e-21	-1.051
UBE2G1	6.24301052604065	1.4818077397232e-22	2.24124955231042e-21	-1.0842
LETM1	6.00808268264349	1.54688635687267e-22	2.33774481217445e-21	-1.171
PSMD3	7.23688871786151	1.74849969153142e-22	2.63588855232021e-21	-1.0323
EPB41L4B	5.19135877875772	2.16335173360321e-22	3.25590678059853e-21	-1.1329
EFR3B	0.958795678712331	2.18161020281206e-22	3.28068170202116e-21	-8.5535
MAPRE1	7.8922791931579	2.30968068786501e-22	3.46471081657055e-21	-1.1584
RNF167	5.91029143737065	2.34034992993832e-22	3.50783483751674e-21	-1.0837
MAP2K4	5.96361963710751	2.3648316048157e-22	3.54162147477567e-21	-1.178
PLCB2	2.26623284880353	2.67723402909779e-22	4.00291436815801e-21	-3.1078
ERH	7.95894655967911	3.26039554543934e-22	4.85892090428903e-21	-1.5178
DBF4	6.08227618943485	3.2842499266865e-22	4.89047852052111e-21	-1.1406
KIAA1524	6.2388296170697	3.38206238791439e-22	5.02792597343364e-21	-1.0803
CDCA8	5.5527856718164	3.52114470299034e-22	5.22193482516586e-21	-1.0979
ARRB2	4.16268489827573	3.55678059350404e-22	5.27050215219235e-21	-1.5087
SLBP	6.58389375993114	3.67879545212111e-22	5.44688481540332e-21	-1.0877
UBE2C	6.690528875371	3.8233915720827e-22	5.64820422540802e-21	-1.0247
RFC3	5.92182369695474	4.38146713292935e-22	6.4506503208676e-21	-1.0498
PLAGL2	5.70657011612058	4.77458020008288e-22	7.01809469667576e-21	-1.1827
FLJ32255	2.89914101617754	5.49898035718667e-22	8.06340444986344e-21	-2.1227
GINS2	4.9505465529	5.77160318134545e-22	8.4563714027803e-21	-1.1848
RPA2	5.12227184582458	6.53729968187909e-22	9.56289607310774e-21	-1.1338
NAT10	6.02964707741099	6.74055895221002e-22	9.85233340524788e-21	-1.0957
DICER1	7.50515654195684	7.25388094823032e-22	1.05772244880905e-20	-1
MED6	4.90586906106933	7.86037205983709e-22	1.14341794680786e-20	-1.3401
NUP93	6.61169151170195	9.43936526445406e-22	1.36939978386171e-20	-1.0398
MCM5	5.88530860180499	9.44387778199987e-22	1.36939978386171e-20	-1.0666
RCOR1	6.00553518494408	9.60660992823059e-22	1.3918910384903e-20	-1.1162
EIF5A	9.73022122368007	9.86490188997337e-22	1.42818119669591e-20	-1.4519
IFI44L	5.90345274049415	1.07675723406016e-21	1.55762916521413e-20	-1.087
IMP4	6.01956184802757	1.12666285488636e-21	1.6272434397789e-20	-1.1005
KIF11	6.47492000831425	2.21075958024799e-21	3.1679455963114e-20	-1.0512
TOP3A	5.13491628013374	2.23561112761295e-21	3.20104445064329e-20	-1.1725
ADORA1	1.92054521220002	2.3628801008588e-21	3.38062218818795e-20	-3.4151
PSMC1	7.37907369937434	2.47047947295341e-21	3.52903546621577e-20	-1.1205
DIMT1	5.7052556298819	2.62461581620106e-21	3.74043609215976e-20	-1.0727
APOPT1	5.19530146273377	2.63829083753373e-21	3.75406372018829e-20	-1.2441
MCM8	5.75745358654464	2.79893064316089e-21	3.97953877114838e-20	-1.0414
TSEN15	5.26705273714616	2.87351155406666e-21	4.07922448919447e-20	-1.1424
ZNF655	1.49496069041834	2.89477150417274e-21	4.10621201089181e-20	-3.9914
SBDS	6.42017166523036	3.02972958573513e-21	4.29431236934631e-20	-1.1717
PODXL2	3.4607970641454	3.15799528224632e-21	4.46917533896813e-20	-1.6753
GJB3	4.26888942439822	3.17229608223771e-21	4.48593627245016e-20	-1.331
RPL7	12.4834257266915	3.19377311652521e-21	4.51281130149259e-20	-1.1491
POP7	5.13054368493071	3.27166793585998e-21	4.61930161152821e-20	-1.1133
PRDX4	6.24750986913481	3.52175468189867e-21	4.96855900098471e-20	-1.0759
CDC20	7.99456625930117	3.56542325001411e-21	5.02628315461448e-20	-0.9932
MTFP1	3.99170762306059	3.56949552574631e-21	5.02814122824264e-20	-1.5799
FTSJ1	5.03557603735803	3.66678725152985e-21	5.16120802343323e-20	-1.3246
RPP40	3.3649607425993	4.14994105110665e-21	5.83228051031585e-20	-1.7088
OAS2	3.50935892751534	4.41791798429266e-21	6.20411620932668e-20	-1.7966
GPC6	3.75833710956116	5.10333652067894e-21	7.13919628517355e-20	-1.5698
MRPS23	6.58122475675095	5.89949606046645e-21	8.22420437828426e-20	-1.0348
CSF2	1.45874893913196	5.90146129248048e-21	8.22420437828426e-20	-5.901
PTGS2	1.57189694583913	6.5736878112791e-21	9.12617830286778e-20	-3.7451
KRT15	4.00022423979758	6.5840776603398e-21	9.13365666923734e-20	-1.5912
WDR66	4.64305448329862	6.66134905214889e-21	9.23383358360137e-20	-1.2274
EHD4	5.33079709049268	6.71074240830788e-21	9.29524380926166e-20	-1.075
CLIC2	1.26518196534722	6.84338111923146e-21	9.47177905327442e-20	-5.6869
ETF1	7.73477703509	6.86163461238141e-21	9.48984859724507e-20	-1.0257
FCF1	6.87769417700574	7.10243995071303e-21	9.80802902724788e-20	-1.1673
PLEC	8.759368399829	7.66173364374541e-21	1.05723816629037e-19	-1.199
EIF1AX	7.64999105911517	7.69626150914803e-21	1.06120052953932e-19	-0.989
MAP4K5	6.81124754371393	7.79238920245186e-21	1.0736442058865e-19	-1.037
LOC101927746	3.8099758746665	7.90273033577773e-21	1.08802598046726e-19	-1.511
GDAP1	4.20969653102936	7.95574684038232e-21	1.09449973110791e-19	-1.4109
B3GNT6	0.901806851435927	8.49861198190306e-21	1.16830316522306e-19	-8.4937
LIFR	3.20824410684915	8.76453994755326e-21	1.20304843069573e-19	-1.8124
SCML1	4.6175302928133	8.87359631918596e-21	1.21710273781412e-19	-1.2595
POLE4	4.98230425616458	9.35555958364315e-21	1.28224546365608e-19	-1.1268
NCAPG	6.40045953853578	9.40514552534828e-21	1.28807454396668e-19	-1.1136
FN1	6.26593159415213	9.46619105808507e-21	1.29546314809896e-19	-1.0222
RIOK2	4.96618461758388	9.58569944154307e-21	1.31014623615291e-19	-1.2372
SREBF1	6.44680851992335	9.58783617167114e-21	1.31014623615291e-19	-1.0221
STMN3	3.34885407716928	1.02345838262171e-20	1.397476158051e-19	-1.8097
LOC730338	2.78846274555434	1.02515442979032e-20	1.39874583484694e-19	-2.1662
FGF1	0.958687838855428	1.06227826067032e-20	1.44507838500726e-19	-6.2116
PSMG1	5.19204149110589	1.13261622089638e-20	1.53847036671759e-19	-1.1217
C1orf112	4.91509149213842	1.23635351601485e-20	1.67813158277822e-19	-1.1331
HNRNPAB	8.51264229028297	1.31834028840899e-20	1.78675726096469e-19	-1.044
DHX9	8.08938528837245	1.33027764005806e-20	1.80159856060088e-19	-0.9776
PSMB5	6.52937899891144	1.4255910415535e-20	1.92679369815275e-19	-1.0384
ZBED2	1.34179908356239	1.43971601196467e-20	1.94404256763514e-19	-4.245
RGS10	4.27171285759567	1.90377388654752e-20	2.55553647594203e-19	-1.2992
NIFK	5.92103039178293	2.01438994754952e-20	2.70203547997531e-19	-1.0015
NME1	6.90235018080315	2.03795543465452e-20	2.72963421973976e-19	-1.0556
GALNT6	4.48005458360381	2.07948593670315e-20	2.78321812759918e-19	-1.2843
CYB5D1	5.77364709274405	2.30294743088611e-20	3.07778977293242e-19	-1.1679
FARSA	5.59483334962016	2.75187005527469e-20	3.66434279570348e-19	-1.051
CRIP2	4.81229392067456	2.90373213669571e-20	3.85811745906236e-19	-1.3975
PLK4	5.74494171381858	3.03312323332367e-20	4.02710529073141e-19	-1.1012
GFM1	6.62703507375344	3.25569532150906e-20	4.31633796582929e-19	-0.9785
ZMAT2	6.89492757926111	3.4631029423274e-20	4.58798311430545e-19	-0.986
DLST	6.08103322604384	3.72224646204328e-20	4.92772526548674e-19	-1.0024
ZNF532	6.11510391461528	3.93073805589343e-20	5.19996767741961e-19	-1.0675
ELAC2	6.74008063844659	4.12190253291265e-20	5.44891040122037e-19	-0.9699
PAPOLA	8.63655792274816	4.31352885811063e-20	5.68750413166725e-19	-0.9975
WDR76	4.41338134720766	4.31485167745351e-20	5.68750413166725e-19	-1.301
SNRPD1	7.02925081162204	4.46169184113703e-20	5.87257723516926e-19	-1.2045
NOP9	5.62454065261588	4.79340178711441e-20	6.30009669010516e-19	-1.1789
MYOF	8.96455042842609	4.92957265589073e-20	6.47440851841304e-19	-1.0012
TTF2	5.9389578463413	5.67926839500129e-20	7.42698594693005e-19	-1.0022
DVL2	5.25110618133253	6.05390538077756e-20	7.9112452850018e-19	-1.181
FAM98A	6.46281784148538	6.09475160088155e-20	7.95892598180927e-19	-0.9671
LIN52	3.08392828715818	6.12155129703119e-20	7.9882087547249e-19	-1.8155
FKBP5	5.64126950892544	6.52949454828392e-20	8.51446089096223e-19	-1.0036
CNTROB	5.51752590274077	6.68960128985042e-20	8.71701364364806e-19	-1.1194
CEP128	4.37081487678213	6.97369593803166e-20	9.06783258223205e-19	-1.4735
DAD1	6.86767772232572	6.97372751175164e-20	9.06783258223205e-19	-1.0524
TXLNA	4.54099379055192	7.01917678604065e-20	9.12043355202549e-19	-1.3855
RPAIN	5.20211182869169	7.26482303117159e-20	9.43290250761511e-19	-1.0629
PAK3	1.40475842221084	7.2708698251975e-20	9.43404403189805e-19	-3.8888
ABHD17C	4.1711670621504	7.30813546430768e-20	9.4756620054262e-19	-1.3258
NOM1	5.4210309205541	7.80553695271676e-20	1.00990703478949e-18	-1.1482
RABGAP1L	4.33699111929073	8.04207828685992e-20	1.03903879125913e-18	-1.2824
SLC16A1	7.20213658513008	8.23890586384915e-20	1.06371616301577e-18	-0.9769
CFL2	6.82525388853545	8.4390732523805e-20	1.08878954979123e-18	-0.9773
GPATCH4	7.20155284298492	8.47765531089737e-20	1.09299488245581e-18	-1.6697
SOX21-AS1	0.745684548556398	8.95963639562758e-20	1.15304236619887e-18	-8.3207
AREL1	5.46267701820748	9.03071973547632e-20	1.16101985556941e-18	-1.056
NR2F1	2.72081732485134	9.27609169974084e-20	1.19130359424077e-18	-2.1663
HNRNPA3	9.3442706787659	9.27932576145035e-20	1.19130359424077e-18	-1.2217
SRP19	5.66256224306133	9.30345040724667e-20	1.19356142399645e-18	-1.4023
LAMA3	7.15257120867897	1.0396645320122e-19	1.32820963585827e-18	-0.9885
ISCA2	4.79488844528005	1.15481613815184e-19	1.47222928897346e-18	-1.1392
NPC2	6.80361692068854	1.16107914695211e-19	1.47918080298378e-18	-0.9985
PCSK9	3.26713632065804	1.40757514711473e-19	1.78697440095455e-18	-1.8358
CHRNB1	3.17491055033374	1.45153984677728e-19	1.84150878684962e-18	-1.7681
ILF2	7.92113073285446	1.46865903970195e-19	1.86193329366658e-18	-1.0634
BTBD6	4.28409783111657	1.4812407679361e-19	1.87658094791404e-18	-1.3163
SHPK	4.56301488262416	1.53979936409786e-19	1.94941589396467e-18	-1.248
TRIM6	4.03005041036614	1.54267103446007e-19	1.95169801837165e-18	-1.3579
CDK4	10.614926778798	1.55584638617816e-19	1.9670035752125e-18	-1.0627
GPHN	4.62463950653601	1.57610476309821e-19	1.98985951280227e-18	-1.1808
EZH2	6.18899899721464	1.71007086864473e-19	2.1530381915847e-18	-1.0488
FKBP10	5.3991563385189	1.8507399243113e-19	2.32693581668231e-18	-1.1179
NAV2	5.53857379794383	1.91511197991921e-19	2.40290613782853e-18	-1.041
GSG2	4.43328449505674	1.93976105105919e-19	2.43216193325114e-18	-1.2606
RGL1	2.34666729906862	1.94467529991781e-19	2.43665012184623e-18	-2.3515
Mar-04	2.01196034182702	2.07178694191985e-19	2.59413871136411e-18	-3.0908
BARX2	1.38442648231017	2.14010791560555e-19	2.67784853374194e-18	-3.8662
RRP12	5.14519677011396	2.16091435431005e-19	2.70203098988249e-18	-1.0789
METTL2B	4.99119070909968	2.28443135282832e-19	2.85452284580656e-18	-1.0904
AHNAK	8.87872579867287	2.39420316804954e-19	2.98555826748036e-18	-1.0249
RRP9	4.50245968484931	2.5427725868722e-19	3.16433921921874e-18	-1.2311
FOXN3	4.69242474818139	2.63331292873177e-19	3.27477934788332e-18	-1.1449
HIVEP3	4.04655802996216	2.64284941434777e-19	3.28440155945085e-18	-1.4401
MMACHC	4.81892878193115	2.81063642015929e-19	3.48816984951924e-18	-1.1968
TCEAL3	4.39367301155952	2.88180483219869e-19	3.57163808666797e-18	-1.7826
PRSS23	7.37365537585163	3.09844264305794e-19	3.83752841870188e-18	-0.9323
NCL	10.9463475925613	3.1236247920222e-19	3.86609452224795e-18	-1.3256
PPP4R1	6.46604199371566	3.16587131516482e-19	3.9157280982147e-18	-1.0224
LRRC20	4.85794941760992	3.26243336866967e-19	4.02425564719145e-18	-1.2172
SKIV2L2	6.93442593560175	3.27656447541547e-19	4.03895753296319e-18	-1.0157
RDH11	6.92066508364141	3.40186792357793e-19	4.1877613494834e-18	-0.9796
SNRPF	7.57020619423814	3.5257623781397e-19	4.33443218689013e-18	-1.1009
SFTA1P	2.6225889279048	3.66646707941758e-19	4.5043757067192e-18	-2.3558
TIMM10	5.5232350381315	3.99558117249854e-19	4.89552549564653e-18	-0.9953
DERL2	5.03094147507797	4.38388370499161e-19	5.36408719291735e-18	-1.0904
PVRL1	3.18346321481525	4.67636829722642e-19	5.71813661313901e-18	-1.9413
EIF3J	7.21782550158942	4.68757181765688e-19	5.72799940449425e-18	-1.0227
C14orf119	5.76561415587175	4.79808202167246e-19	5.85911607944163e-18	-0.9755
BMS1	6.60269412411873	4.86670379066889e-19	5.9389401338537e-18	-0.9588
ATG16L1	5.83301607596007	5.14471260354531e-19	6.26563530956126e-18	-0.9587
ERRFI1	8.10348807913576	5.38708663435567e-19	6.5520755227713e-18	-0.9802
PAX9	3.88360708491054	5.43293045546733e-19	6.60343398102607e-18	-1.4615
KIAA1644	2.3310197032517	5.81564988270418e-19	7.04048436728432e-18	-2.3736
CAB39	7.66881590852897	6.51632321417643e-19	7.86265674805056e-18	-0.9499
SIVA1	5.4191720957376	6.57994810228096e-19	7.93418312782307e-18	-1.22
RTKN2	4.21698189049249	6.85565686876216e-19	8.2611796565097e-18	-1.2795
LRRC8A	6.19800527010329	8.04293433574349e-19	9.6663468883037e-18	-1.0046
ZC3H14	5.91983818852128	8.36490950495508e-19	1.00400912506548e-17	-1.0382
MIPOL1	4.34704325647923	8.47784158915972e-19	1.01689537484691e-17	-1.2497
CORO1A	2.07910610882843	8.58929547480564e-19	1.02891193036779e-17	-3.0228
NFKBIA	5.99997543126156	8.90598908192859e-19	1.06614909298156e-17	-0.9525
ATXN3	4.64315119258936	9.21547917392822e-19	1.1024756736516e-17	-1.154
CTNNAL1	7.29291320758718	1.01547460345535e-18	1.21087552976361e-17	-1.0625
KIF23	6.89959445385358	1.07100241707568e-18	1.27542205649926e-17	-0.9296
DDX39A	6.16705973985202	1.12577110557974e-18	1.33977035876557e-17	-1.0725
RPF2	6.7604883511361	1.17109355023904e-18	1.3918934800237e-17	-0.9527
SEMA4B	6.19301106761173	1.19817627588535e-18	1.423155894116e-17	-0.9397
FBL	7.6475287812574	1.19938917590557e-18	1.42358235787555e-17	-1.2275
PHF5A	5.4837897766638	1.26126814194426e-18	1.49420578840586e-17	-1.1109
NIN	5.8995453268043	1.30677928459697e-18	1.54611552946223e-17	-0.976
RPS6KA2	4.029434136182	1.36103301056113e-18	1.60926286533704e-17	-1.3984
SNAPC1	4.98830751081527	1.44134547098571e-18	1.70201830002038e-17	-1.0474
QTRTD1	5.89998322678031	1.45946255606947e-18	1.72229789422134e-17	-0.9446
ZNHIT6	6.71321551066361	1.6588278366205e-18	1.9563023892341e-17	-0.956
CEP250	6.45391160885237	1.83365536610708e-18	2.15829866948103e-17	-1.4103
UBAP2	6.07510226731382	1.86003255903951e-18	2.18793520604545e-17	-1.104
BRIP1	4.84710504179743	2.04551411365695e-18	2.40147303272805e-17	-1.1585
TGFBI	9.03216062415757	2.23126297302835e-18	2.61450172243938e-17	-0.9564
FAM58A	4.52164863851756	2.24703753465683e-18	2.63129680774183e-17	-1.209
DNALI1	0.985602452459109	2.2517417578548e-18	2.63511522637161e-17	-5.3738
GCFC2	4.25508157543973	2.32872768350806e-18	2.72171911588496e-17	-1.2418
PPWD1	5.90668166993855	2.44165395486162e-18	2.84823224280855e-17	-1.0792
WDR4	4.19234361898661	2.5229196090529e-18	2.94115072687546e-17	-1.2574
C2orf54	3.26388243967302	2.5801493419034e-18	3.00403101950181e-17	-2.0883
HSPA4	8.42010361715617	2.61832233992863e-18	3.04653235422161e-17	-1.1031
SFR1	3.65888075586087	2.63572667291679e-18	3.06482969049483e-17	-1.4439
NAA15	7.30613866337459	2.65584435169199e-18	3.08625680996111e-17	-0.9823
RASAL2	6.86575273466342	2.68408148763887e-18	3.11510436353053e-17	-0.9106
URB2	4.79586236776614	2.79753007267863e-18	3.24470832317796e-17	-1.3039
MELK	6.14329861669485	2.96961260446008e-18	3.43412633223612e-17	-1.0025
TNS4	1.21646280853493	3.05909112873696e-18	3.53013701935663e-17	-4.1033
ODC1	7.47303475274428	3.29048918452126e-18	3.78997921467635e-17	-0.9518
TTLL12	6.22351709628243	3.40871150665211e-18	3.92367195872894e-17	-0.9994
PUS1	5.38867382655102	3.494358510236e-18	4.01972331209001e-17	-1.0284
SRA1	4.46867314219838	3.52360803891273e-18	4.04826861915613e-17	-1.2361
GEMIN2	4.05654968251685	3.79359900077431e-18	4.34751684608511e-17	-1.4732
PGM5P2	3.52595475120788	3.93286828625395e-18	4.50146980776502e-17	-1.5103
WDR75	6.57059373315357	4.04241836346347e-18	4.62106384742574e-17	-0.9883
SBDSP1	5.3817104878026	4.61710355206256e-18	5.26811515290338e-17	-1.0047
CACYBP	7.48068914936461	5.15243379286855e-18	5.86792459903981e-17	-0.9905
NSDHL	5.65826814096839	5.22218274422328e-18	5.94365138270201e-17	-0.9632
LSM6	5.5096416474867	5.31543397225066e-18	6.03849176088413e-17	-1.0715
TRMT5	5.21594319384583	5.51085263438333e-18	6.25659985654863e-17	-1.0227
REEP3	5.10310902188995	5.84205525638659e-18	6.62849973651918e-17	-1.2122
CLN6	4.93092478174074	6.05490118243612e-18	6.85296193345033e-17	-1.116
SRSF2	8.05618553404745	6.30248780051916e-18	7.12434781958377e-17	-0.9164
KPNB1	9.38410656193013	6.35263835790144e-18	7.17215620666968e-17	-0.9717
POLR2A	7.56932797080396	6.39429383349485e-18	7.21472362325599e-17	-1.0817
C14orf166	7.0452065450183	6.43170498188237e-18	7.25245251076248e-17	-1.1228
ITGB2	3.60505092010702	6.54115491866181e-18	7.37131630833889e-17	-1.8462
USP1	7.40714670577679	7.30572959352342e-18	8.20254609221178e-17	-0.9358
MARK1	2.85893618683902	7.74867598149017e-18	8.69451928199659e-17	-1.859
LCK	0.901838019185031	8.02823127384207e-18	9.00266524172364e-17	-5.2865
TMEM45B	4.48227546013727	8.78185895158612e-18	9.83568202577645e-17	-1.1497
SOX21	0.644738498375038	9.29481146506672e-18	1.04038061377228e-16	-8.2123
RBFA	5.01660912641177	9.33626528916984e-18	1.04438026421008e-16	-1.0945
NCAPG2	6.92893557065095	1.0214487694101e-17	1.14052408161167e-16	-0.9306
MX2	1.09363707309957	1.06290851623975e-17	1.18536700503805e-16	-4.2304
DHX37	5.70790468474535	1.07170302931552e-17	1.1934764141025e-16	-0.9758
PSD3	5.43933937286638	1.0947250975e-17	1.21787333211213e-16	-0.9951
ZBTB38	5.9993051555311	1.09591944618432e-17	1.21845952555061e-16	-0.9218
MED24	5.16369527164774	1.13171597743719e-17	1.25749281096125e-16	-1.0989
LYPD6	1.90045963753265	1.26684269825623e-17	1.40507170713036e-16	-2.6804
CASC3	6.31571779726103	1.36198260766738e-17	1.5078444199864e-16	-1.1863
TYMS	4.35743373451131	1.45859901869296e-17	1.61285182830155e-16	-1.5219
GRAMD3	4.95625213899471	1.63035711977092e-17	1.79733089242378e-16	-1.0762
GEM	2.90364350163011	1.68600703228749e-17	1.85643814122078e-16	-2.0524
CCBE1	5.39751629479034	1.70787681051574e-17	1.87938511469411e-16	-0.9601
SF3A3	6.51895108941645	1.71803465605469e-17	1.88942413740569e-16	-1.0571
BATF3	2.70697480034818	1.88515149553598e-17	2.06822870808322e-16	-1.9296
TMEM5	4.56185482898646	1.91559967749149e-17	2.09911090709992e-16	-1.1206
DNAAF2	4.88824835617408	1.96632052239254e-17	2.15339816777434e-16	-1.0419
IFI27	3.36711397699272	2.01177625907335e-17	2.20185775693304e-16	-8.749
MSH2	6.46768961238775	2.01580635218158e-17	2.20494672051689e-16	-0.9491
PPRC1	5.73108064997194	2.02535048103798e-17	2.21273479244939e-16	-1.0141
PA2G4	8.8755039787207	2.05495490526641e-17	2.24373545158753e-16	-1.1377
TIMM21	4.95013342804263	2.09022040311095e-17	2.28087027727704e-16	-1.0395
ZNF502	0.64492003016504	2.19082049000851e-17	2.38779814122958e-16	-8.2134
C1orf226	3.70624317862576	2.21236392533514e-17	2.40983984611685e-16	-1.3891
FGF9	0.53423337162214	2.30849831472835e-17	2.50924004060893e-16	-8.0868
XRCC2	5.20522560947522	2.33097746760523e-17	2.52998362952444e-16	-1.1005
DCLRE1B	4.25474564277975	2.35079722057446e-17	2.54997944496775e-16	-1.3097
ABCE1	7.80470921459093	2.44585948436417e-17	2.64994722531467e-16	-0.9704
FIGNL1	5.35760114390793	2.47943875171017e-17	2.68473510386837e-16	-0.9741
ANGEL1	4.45371438716419	2.65277986417747e-17	2.86393549381572e-16	-1.3658
ATAD3A	4.95383788241019	2.68177948465356e-17	2.89353228556947e-16	-1.1122
SSR3	7.32961194949586	2.76774115452449e-17	2.98275575661152e-16	-0.9205
GINS4	4.93457555590147	2.81418633710533e-17	3.03101980945103e-16	-1.0191
SRSF1	8.7451020210064	3.0473671509937e-17	3.27150119228647e-16	-0.8981
FTSJ3	6.88332535625721	3.22512109363588e-17	3.4593308275803e-16	-1.0191
ETV4	3.88360958002645	3.37128965288545e-17	3.60975154856756e-16	-1.3864
BLM	4.33230732238457	3.43593162837034e-17	3.67680936738153e-16	-1.1585
POLE3	7.39348288441753	3.63292535961447e-17	3.88306120404694e-16	-1.1436
FLJ23867	5.23939450450393	3.80321700136606e-17	4.05321246800577e-16	-1.1718
SNRNP40	5.20054014929415	3.86757929929012e-17	4.11940068190435e-16	-1.0501
ZBTB2	5.1078016401005	3.88363021778227e-17	4.13408473794945e-16	-0.991
DDX46	7.13590833127725	3.9128348097193e-17	4.16274547122585e-16	-1.0634
RHOBTB2	4.04711575507844	3.94358971131424e-17	4.19302118635718e-16	-1.242
CKAP2L	6.21359242349498	4.06614168587614e-17	4.32080806853055e-16	-0.9524
DOCK3	2.99262084431327	4.2668495660003e-17	4.52618278192339e-16	-1.7337
ANXA5	7.49211703204087	4.48643884312017e-17	4.75359416831119e-16	-0.9952
NXT1	4.03601518056544	4.73844291927984e-17	5.01478341648538e-16	-1.2581
NEDD4	5.90458853790668	4.75596649920986e-17	5.02749996581211e-16	-0.9588
ABHD3	4.34364910232765	4.8419795240744e-17	5.11250307643159e-16	-1.4941
IRF9	5.17866211204118	4.97820610309922e-17	5.24723617887872e-16	-0.9656
SLC39A14	6.03161486437654	5.09575227329918e-17	5.36803540111655e-16	-0.976
GRPEL1	6.42297577527414	5.18632353162586e-17	5.46029540907507e-16	-0.9073
TRIO	7.84375999287297	5.75888562688066e-17	6.05611843342933e-16	-0.8811
CHAF1A	5.77700122427071	5.83847178452618e-17	6.13627754164133e-16	-1.1699
ALKBH5	6.28691594523474	5.97719348512149e-17	6.27485015896365e-16	-0.9239
METTL16	6.03441450985413	6.28519904160254e-17	6.59440193698252e-16	-0.8958
BCCIP	6.79073705086482	6.76031835197054e-17	7.08475154038888e-16	-0.9719
ACOT9	4.84644993393297	7.53402930860269e-17	7.87299593920153e-16	-1.3293
CDCA5	5.77276812096278	7.55626979491226e-17	7.89171975834772e-16	-0.9718
MRPS6	4.84517754567457	7.68276548887066e-17	8.01466095798987e-16	-1.057
MDFIC	5.93494493465177	8.43678507122785e-17	8.77617938805331e-16	-0.9054
MAGOHB	5.68265924346019	9.14454015225656e-17	9.50698889633234e-16	-0.9207
SEL1L	6.91967730568119	9.57565791957821e-17	9.94952822878883e-16	-0.9511
EIF5AL1	4.2498298210232	1.05134006454081e-16	1.08840339204441e-15	-1.1637
ZMPSTE24	7.16512979765368	1.05167812421469e-16	1.08840339204441e-15	-0.8723
C14orf2	7.12176167114695	1.10863224277882e-16	1.14669632998131e-15	-0.9656
KIF2A	6.48833945346152	1.10957098313138e-16	1.14701743307171e-15	-0.9244
FAM167A	1.18305255912273	1.17984767045542e-16	1.21828614659696e-15	-4.6545
E2F4	6.50929257547332	1.18079518285854e-16	1.21857528876572e-15	-0.8883
HYLS1	4.283519776869	1.21526093697478e-16	1.25343523533399e-15	-1.3051
RGS7	0.662018740503374	1.24557174250061e-16	1.28324817895549e-15	-5.8853
KIF20A	6.91185360606582	1.24920340827274e-16	1.28626381395529e-15	-1.0664
C5orf30	3.70976509084643	1.39087601304986e-16	1.42891572843209e-15	-1.3413
MANF	5.97067757719325	1.5017244581256e-16	1.54019560154724e-15	-0.8832
PPAT	6.38409621442429	1.52511390752194e-16	1.56330597954636e-15	-0.8909
PFKP	6.45662118718012	1.53478127650353e-16	1.57233260290957e-15	-0.9608
VIPR1	1.01528140794082	1.5497540955872e-16	1.58678131065844e-15	-4.4638
SLC43A3	4.90013799365257	1.66236345119845e-16	1.69922212570431e-15	-1.0678
POLD1	5.39810013319394	1.76899511973636e-16	1.80619546453619e-15	-0.962
TRA2B	7.84089469509816	1.79661150471342e-16	1.83336722359129e-15	-0.8619
UTP11L	5.24640214655034	1.8500003340141e-16	1.88574015062878e-15	-1.0187
WDR77	6.03172680877432	1.90381351237564e-16	1.93951001573268e-15	-0.9375
BRCA1	6.25536807102822	2.06568113529743e-16	2.10206660011092e-15	-0.9025
RAD1	4.99819551388154	2.10522626209497e-16	2.14111479893068e-15	-0.9867
CCNF	5.09353712808856	2.23861047145968e-16	2.27423888519576e-15	-0.9657
STRIP2	4.6224828321739	2.37804406538136e-16	2.41320580642591e-15	-1.0521
SMPDL3B	4.21344419605509	2.53468559898373e-16	2.56788125943657e-15	-1.1956
ACOT2	4.51971894852222	2.74560070874855e-16	2.77693554232208e-15	-1.1544
PACS2	5.0678610043026	2.86768213651229e-16	2.89880426822638e-15	-1.053
MED11	4.6292576461594	2.91265877689369e-16	2.94263965860383e-15	-1.0514
FEM1C	5.23436402515579	3.04477893473545e-16	3.07271886304756e-15	-0.987
DNAJB1	6.70131798789251	3.276882431258e-16	3.29783713699261e-15	-0.9067
ZWILCH	5.63399084727226	3.33927611324773e-16	3.35692867419882e-15	-0.952
RPS6KA4	6.26705967432543	3.40948151692568e-16	3.42561885376969e-15	-0.9421
NOL11	6.91799134720485	3.46089363216284e-16	3.4753616143435e-15	-0.9014
NGEF	4.53864946158816	3.48278201836195e-16	3.49541883052313e-15	-1.0649
C11orf24	4.31127567819547	3.78062658980786e-16	3.78394292892172e-15	-1.3535
DNAJC12	1.79552347817946	3.78983452369477e-16	3.78900432993273e-15	-2.8441
LMNA	8.28068735878964	3.96873117983491e-16	3.96569000651703e-15	-0.8823
HEXB	6.3738830639604	4.50095089753974e-16	4.48278011922998e-15	-0.8895
MYO5A	4.45649920845294	4.66035050481451e-16	4.63721650751786e-15	-1.0774
C3orf52	3.27499795158764	4.66109349873755e-16	4.63721650751786e-15	-1.526
PBDC1	5.43595366930866	4.79640903622147e-16	4.7692398347091e-15	-1.1011
CHD8	6.93229853231387	4.83549285794244e-16	4.80548490008695e-15	-0.8752
PPT1	7.37087936936304	5.1097609508497e-16	5.06977151732131e-15	-0.9541
RBM8A	7.61751841296991	5.11455689398418e-16	5.07177352833108e-15	-0.8999
PDCD11	6.00472398900837	5.39272385468421e-16	5.34181045529653e-15	-0.9546
VBP1	7.04390395967449	5.62109713394421e-16	5.56500809529748e-15	-0.9294
KAT2A	5.67937734450733	5.70423105947039e-16	5.64425161093179e-15	-0.9647
BAG3	5.42404656438089	5.9295447462896e-16	5.86084292843871e-15	-1.0834
GAR1	6.38075538549695	6.58795223241473e-16	6.50457847241553e-15	-1.1879
STEAP1B	0.810399149148913	6.64862778397574e-16	6.56093777428438e-15	-4.6339
EZR	8.69096176347944	6.86342358519341e-16	6.76924154355974e-15	-0.9887
MTAP	7.13505001654734	6.89050424617844e-16	6.79228107549858e-15	-0.8601
DNER	0.590781975142508	7.46546325299444e-16	7.33527971725869e-15	-5.8054
URB1	5.32794679914964	7.87741549782419e-16	7.73172566281067e-15	-0.971
RNF145	7.03636943850226	7.92174274313562e-16	7.77105510578635e-15	-0.9288
HEATR5A	4.94704569373396	7.96054683461123e-16	7.80492712205492e-15	-0.9651
HOMER1	4.88051244783241	8.44688248125173e-16	8.26400249612709e-15	-1.0189
TYW1	4.49992381661603	8.61838859816483e-16	8.42727917772347e-15	-1.213
PARP2	6.00143405382872	9.06278133994103e-16	8.8476008632066e-15	-0.8623
MARK3	6.37660767741935	1.03744082645315e-15	1.01118631755092e-14	-0.8682
EIF1AD	4.96049074036662	1.05039586268995e-15	1.02326717552122e-14	-1.0782
BRCA2	5.35507083172451	1.08405258144403e-15	1.05492878074852e-14	-0.9375
SUSD5	1.15712007245093	1.09425727010605e-15	1.06429199376963e-14	-3.6075
GBA	0.552702018869865	1.13969753755489e-15	1.10730804926036e-14	-5.7592
H2AFX	6.88529057543006	1.15199989691056e-15	1.11866543180846e-14	-1.0261
ACAT2	4.68162348658952	1.21003836129834e-15	1.17439980456473e-14	-1.0306
PSMC6	6.61171212420623	1.31966529264161e-15	1.27943757740124e-14	-0.9219
RMI1	5.16834180559608	1.33283006108719e-15	1.29083000505081e-14	-0.954
RNF168	4.99638866710453	1.33396231172996e-15	1.29124156749428e-14	-0.9979
CASC5	5.71373281293771	1.47724777673383e-15	1.42691192656364e-14	-0.9506
PAICS	8.76224126439319	1.52604968883978e-15	1.47327144999783e-14	-0.9099
YLPM1	6.87377143508556	1.54620412268116e-15	1.49115174134534e-14	-0.9418
GTF2A1	6.42150730585877	1.62819910116648e-15	1.56857006812113e-14	-1.0242
EFHD2	6.49784081833219	1.72412156902669e-15	1.65748095651139e-14	-0.9331
POLR1B	5.70647543500221	1.7949411195557e-15	1.72465500413731e-14	-0.9397
DDX56	6.16034436078418	1.87731154746834e-15	1.80095636419244e-14	-0.8493
GNL3L	6.61939739171553	1.90675882659107e-15	1.82728551906806e-14	-0.8984
TOPBP1	6.77042832480532	1.97023380580106e-15	1.88712425806422e-14	-0.8663
NSA2	7.23816751992851	1.99019204832203e-15	1.90524100860865e-14	-0.9756
MYH9	9.37387127702324	2.01945120286259e-15	1.93076313445782e-14	-1.0437
GCLC	5.55655639562819	2.01966213142785e-15	1.93076313445782e-14	-0.8771
GTPBP10	5.93765739071321	2.0200249708668e-15	1.93076313445782e-14	-0.8724
NDC1	7.38116344444854	2.02172085725023e-15	1.93137289220095e-14	-0.9583
USP25	7.6415420158653	2.05962344791194e-15	1.96655259754604e-14	-1.0141
LSG1	5.79594186274501	2.06100230248166e-15	1.96684046179327e-14	-0.8565
KLHL5	7.28214095657618	2.11414104204939e-15	2.01439242503411e-14	-0.8275
PHAX	5.85871298169101	2.15964511669769e-15	2.05667612156667e-14	-1.0462
CCAT1	3.41169975833832	2.18435376311136e-15	2.07912212196877e-14	-1.4191
CEBPZ	6.8822449191391	2.28046358734948e-15	2.1683407943048e-14	-0.9329
RPL36AL	8.12569843008121	2.34915975500299e-15	2.23017475233149e-14	-1.1267
PLEKHS1	0.533828480862216	2.39031578592457e-15	2.26571157776942e-14	-5.7369
RPS6KA3	7.74127737183528	2.41788342820251e-15	2.29065282123845e-14	-0.8696
DPP9	5.28917775204051	2.50915863713652e-15	2.37466044995149e-14	-0.9355
BCS1L	4.95915485701903	2.53003434202451e-15	2.3919371801139e-14	-1.0218
ATP5S	3.90754395506961	2.58580113320602e-15	2.44339469398597e-14	-1.2729
PRKCH	4.5538484676126	2.60930996493146e-15	2.46433330159279e-14	-1.0227
XRCC4	4.84837156528184	2.76055871946577e-15	2.60583040240781e-14	-1.0448
H2AFY	7.48817829550678	2.9145337602181e-15	2.74833307471806e-14	-0.84
ORC1	5.66676786404231	2.93320290697183e-15	2.76450966802672e-14	-0.9433
LTV1	5.73565611734056	2.96749276524081e-15	2.79394264684045e-14	-1.0833
TAF1A	4.44857883565324	3.09781489507634e-15	2.91213742144767e-14	-1.0542
AURKA	7.26082931246313	3.47285398885788e-15	3.25966182111e-14	-0.8535
NUDT15	5.38238334189194	3.53585008439539e-15	3.31708525902992e-14	-0.9046
MRPL3	7.46283613827124	3.62419222716565e-15	3.39647090857988e-14	-0.8333
SOX9	2.4702509582162	3.70648246305567e-15	3.47180830402998e-14	-2.4176
ATAD2	6.66487093314099	3.7415675236837e-15	3.50287470319844e-14	-0.9169
IMPDH2	7.55866469363777	3.74786200689326e-15	3.50696918492277e-14	-0.8247
GART	6.69876863301727	3.95919564264053e-15	3.69903150726947e-14	-0.8499
ACTL6A	6.70281718601308	4.13768376117375e-15	3.85986483106735e-14	-0.8455
ZCCHC9	5.2268783552873	4.1725918420279e-15	3.89044109642805e-14	-1.0526
YY1	7.02774731612952	4.28033452290384e-15	3.98886100306955e-14	-0.8169
AOX1	2.51621402220593	4.30056893058257e-15	4.00567277534262e-14	-1.9387
CORO1C	8.02100140455564	4.34803934781015e-15	4.04782286249985e-14	-0.8336
ANXA8	2.81565147316722	4.47067838596043e-15	4.15563669114529e-14	-1.9885
PGAM1	7.31602067236299	4.5048222278346e-15	4.18524349065387e-14	-0.829
DPH2	5.59563558805634	4.53241589109688e-15	4.20873776743971e-14	-0.8829
TIPIN	4.7245255875245	4.66464527821648e-15	4.32712216458944e-14	-1.0183
PNMA2	3.51833165818746	4.83633714591702e-15	4.48183608811478e-14	-1.4276
WARS	6.90087941004983	5.16436205769244e-15	4.78096317065077e-14	-0.8229
PSPC1	6.16271697308599	5.28413209443061e-15	4.88936216502409e-14	-0.8627
PGK1	9.62463337423327	5.31075570903936e-15	4.90902056831507e-14	-0.9285
EMP3	3.08728313899978	5.53586545172442e-15	5.11192512325144e-14	-1.7045
HAUS2	4.545952496741	6.22304084954031e-15	5.73487298077778e-14	-1.0647
NCLN	5.44094524217264	6.25538803444284e-15	5.76177416532737e-14	-0.8777
RBM25	7.95988578913865	7.19451254066462e-15	6.61677687367119e-14	-1.0755
YWHAH	6.67854452524443	7.20676925649872e-15	6.62471196105944e-14	-0.838
EBP	5.3212573644516	7.31656714172737e-15	6.72225715849899e-14	-0.8819
DNAJC7	7.09632452047173	7.42376015300645e-15	6.81731214050733e-14	-0.93
NEURL4	4.69951022211136	7.5236700710057e-15	6.90558676803821e-14	-1.059
TMEM209	5.38007300799778	7.53295269902125e-15	6.91063238559457e-14	-0.8887
IL27RA	3.93042253098435	7.55528034275052e-15	6.92763425099214e-14	-1.2327
WDR74	5.7354662820835	8.02713545561643e-15	7.34921689457039e-14	-0.8477
FAM207A	5.00829280700239	8.28632158005297e-15	7.57891216259755e-14	-0.9969
DEK	7.91208902910886	8.64829735646681e-15	7.90602486427932e-14	-0.8536
CYR61	9.30306985821906	8.67911258132768e-15	7.93022418842433e-14	-0.9024
TACC3	7.42137369413091	9.08959607640789e-15	8.28869460394118e-14	-0.8446
NANP	3.96411231866398	1.0014021569941e-14	9.108917677172e-14	-1.1711
EIF2B3	5.21485400542696	1.01925307690296e-14	9.26667538443251e-14	-0.9249
BRCC3	6.53373724993471	1.06262816621192e-14	9.65621692501977e-14	-0.8258
MTA1	6.26271370078878	1.073065236135e-14	9.74620843327395e-14	-0.8638
NUPL1	6.07965727349397	1.07516561649385e-14	9.76042938573428e-14	-0.8853
MRPS27	6.73577763051944	1.08208215269304e-14	9.81833587453485e-14	-0.8644
PDHA1	6.49097237094448	1.08528913285336e-14	9.84254267728313e-14	-1.0509
CDC45	4.06317615147108	1.1206711648521e-14	1.0153336369995e-13	-1.1615
EMC1	5.83705576595607	1.13210529709022e-14	1.02518424125392e-13	-0.8321
STIP1	8.31573736489199	1.15479053403147e-14	1.04520852698456e-13	-0.8642
CDKN2AIPNL	5.23225704236492	1.19860802418235e-14	1.08325683611253e-13	-0.8933
MSTO1	4.20010242711238	1.26049537259823e-14	1.13749893831702e-13	-1.4757
MSH3	4.49454649308604	1.26636857731724e-14	1.14223442428377e-13	-1.015
MDN1	6.68495918421954	1.28073031602753e-14	1.15404800836123e-13	-0.8536
SIX4	5.18907956433909	1.2921804972312e-14	1.16379117698337e-13	-0.9246
ESCO2	4.69449449402882	1.32298486079572e-14	1.19036035577559e-13	-1.0609
NOL10	6.17943451159147	1.36712452894379e-14	1.22886387988172e-13	-0.9167
TIGAR	5.23897179505381	1.40176955084151e-14	1.25938508465367e-13	-0.9016
PRKAG2	5.51381473473137	1.40581401066831e-14	1.26239747067194e-13	-0.8735
BUB1	7.24936746267081	1.42561294714314e-14	1.27829027323404e-13	-0.7997
STAMBPL1	3.33146700420356	1.42658420229125e-14	1.27853319573044e-13	-1.5615
MCMBP	6.25211769493687	1.47448870181115e-14	1.32081774976764e-13	-0.819
MRPL20	6.24187998639254	1.48401276097815e-14	1.32869725181055e-13	-0.9162
TIMM50	5.34168584465797	1.48826095817947e-14	1.33184764963355e-13	-0.9025
CCNA2	7.08054219118389	1.64163152879462e-14	1.46766039126712e-13	-0.8819
G3BP1	8.22346328668444	1.64518869850764e-14	1.47012065002229e-13	-0.8512
CAMTA2	4.35058045637534	1.70537042143235e-14	1.5224079419887e-13	-1.1568
CDCA3	5.8004796647567	1.79465577967747e-14	1.60054889661905e-13	-0.8979
PARP1	7.79722331382642	1.82597966518393e-14	1.62768968591787e-13	-0.8827
ANLN	8.67974743570302	1.9193460228136e-14	1.70924785329195e-13	-0.8833
RUVBL1	6.63841684452129	1.94772593598393e-14	1.73367550888945e-13	-0.8089
GNPDA1	5.80330949159904	1.96834095088463e-14	1.75031818798587e-13	-1.0072
SLC5A6	4.71707554320324	1.99151476728137e-14	1.77006297913772e-13	-1.1375
DDX21	8.28951773160066	2.06487864424316e-14	1.8343758895038e-13	-0.8084
ARMT1	6.03612448257056	2.07402791823574e-14	1.84160766903267e-13	-0.827
SPRR3	0.24075404189793	2.08265176505739e-14	1.84836609736936e-13	-7.7561
TUBB4B	9.13706508147883	2.09837811968776e-14	1.861418413655e-13	-0.8596
GCHFR	2.32041316183554	2.11484656221814e-14	1.87511601941983e-13	-2.0891
RAD54L	5.15646963874491	2.13293389565416e-14	1.89023500966322e-13	-0.8929
TMEM30B	5.63527104681086	2.15928254872536e-14	1.9126570698462e-13	-0.841
PPP2R5C	7.01836593036736	2.17155088895011e-14	1.92259132049822e-13	-0.8744
TGS1	5.09880485083417	2.24811730279219e-14	1.98845104068674e-13	-1.0247
STOML2	6.91407859724915	2.26378974752467e-14	2.00134361408283e-13	-0.8397
GPR87	4.19349707060747	2.33284063967022e-14	2.06039374541943e-13	-1.0964
ANAPC7	6.00716486253111	2.4104592185521e-14	2.12688948737975e-13	-0.8267
AJUBA	6.74951577091196	2.42581962770435e-14	2.13940884653965e-13	-0.9772
WDR89	5.08683151637748	2.48682897472249e-14	2.18898504158793e-13	-0.9374
FERMT2	5.60525504902121	2.52479454517062e-14	2.22133249236794e-13	-0.9235
ZFYVE21	5.08237553444148	2.62921925005724e-14	2.31183107100489e-13	-0.9328
TERT	0.987102528503799	2.63018905262772e-14	2.31183107100489e-13	-3.611
ORC6	5.22738846842978	2.71390817169538e-14	2.3831220578389e-13	-0.8679
ADAM28	2.23264146617663	2.95199378714741e-14	2.58845334189064e-13	-2.7148
SLITRK6	0.475461582392103	2.96976625349817e-14	2.60130741584891e-13	-5.6693
RGCC	0.571256701226072	3.00246738114658e-14	2.62766272819808e-13	-4.909
MYO5C	5.53417818147239	3.01398480256284e-14	2.63647851248621e-13	-0.9482
TUBG1	6.26395512809748	3.09429536384672e-14	2.70543372425219e-13	-1.1779
UNC13B	4.1503176626497	3.10769520745844e-14	2.71584890892108e-13	-1.0812
GPD2	7.10557395393691	3.41341552885727e-14	2.97447799020612e-13	-0.7957
IPO5	7.70433150441906	3.45817645620313e-14	3.01204529505937e-13	-0.8562
NHSL2	1.14248102044703	3.47869722549563e-14	3.02847384590597e-13	-3.7869
TMED10	7.52023817572349	3.50401150134584e-14	3.04905786313488e-13	-0.7958
EXOC5	6.57818078395778	3.64583071008541e-14	3.16944216396759e-13	-0.8499
RNMTL1	5.49275311612724	3.80109083051299e-14	3.29813280427021e-13	-0.9111
LSS	3.26426847106199	3.84214939526198e-14	3.33217479144431e-13	-1.5705
MARS2	4.28270410678935	3.90902452743938e-14	3.38856371191516e-13	-1.0651
DCAF4	4.2897071262316	4.01595833376272e-14	3.47960775231002e-13	-1.0812
MRPL17	5.92269919304971	4.02129361548002e-14	3.48257762069275e-13	-0.8205
RCL1	4.32287025561658	4.05532804079313e-14	3.5103873263499e-13	-1.1465
SERTAD4	3.22735063066492	4.22273561357444e-14	3.65356688916659e-13	-1.6547
MIR4435-2HG	5.16369589589974	4.24340767398276e-14	3.66623996669329e-13	-1.139
ECE2	2.62907639853697	4.25930422466962e-14	3.67649446456589e-13	-1.8798
TSPAN8	1.90087922071142	4.26178205320949e-14	3.67689476197507e-13	-2.2663
COQ2	4.96394412647953	4.48447134193674e-14	3.86719455920629e-13	-1.0007
WDR36	6.69537595674824	4.5497146316932e-14	3.91950608449781e-13	-0.9835
SYNCRIP	8.52194524082891	4.55157367393479e-14	3.91950608449781e-13	-0.906
TIMM17A	6.77051685013944	4.57697162420724e-14	3.93951881053877e-13	-0.8935
TTL	4.91166069779143	4.65852970362905e-14	4.00782838216079e-13	-0.9794
TRAF3	5.2684882688909	5.04374460046009e-14	4.33107250357476e-13	-0.8805
YWHAZ	9.76316619881123	5.1290504941092e-14	4.40225415234873e-13	-0.8325
PRODH	1.85467788996193	5.18836101203628e-14	4.4510676050627e-13	-6.2877
CEP85	4.53443193217522	5.20108065983064e-14	4.45988391385008e-13	-1.0508
ZFYVE26	5.21317317039011	5.21729739414583e-14	4.46959086004347e-13	-0.8848
PLXNA2	1.01432649532849	5.36695916546858e-14	4.5934930391371e-13	-3.4415
TMPO	8.51201146836901	5.61496240182513e-14	4.80125309638031e-13	-0.7954
ABCF2	6.70480231291185	5.65031915372152e-14	4.82696427095648e-13	-0.8517
HSPD1	10.4433591016069	5.69422246887298e-14	4.85992171069402e-13	-0.9335
UNC93A	0.193458460699431	5.71225147419091e-14	4.87109036105042e-13	-7.7019
RAD18	5.0052394105236	5.71264486361139e-14	4.87109036105042e-13	-0.9262
SPIN4	5.30232250400861	5.78701702949264e-14	4.93220274931922e-13	-1.1316
ADK	6.23171913929108	5.80026985366922e-14	4.94119115485699e-13	-0.9181
CX3CL1	3.61036255769685	5.81405071476469e-14	4.95062079518397e-13	-1.2849
PSRC1	5.59012696969338	6.4827835485887e-14	5.51489731887397e-13	-0.9489
IGF1	0.193646032273383	6.59302791599429e-14	5.60606975474577e-13	-7.7027
GRWD1	5.09823641390637	6.60294229121688e-14	5.61188614843833e-13	-0.9407
FDPS	6.82636474988365	6.71166769226473e-14	5.69633683821408e-13	-0.8277
NUP107	6.8204569723815	7.49179226889226e-14	6.3436994276854e-13	-0.8548
CAST	7.63557265172728	7.81309053264792e-14	6.61269266407141e-13	-0.8126
IGDCC4	2.99477189720219	8.16446644024377e-14	6.90368222941595e-13	-1.6577
LINC00941	2.67237136230522	8.8741422124516e-14	7.50029352919058e-13	-1.7307
N4BP2	5.05820062946087	8.87992204123009e-14	7.50170554302159e-13	-0.9366
RPL19	10.7217444770765	9.03811390320413e-14	7.63181347904231e-13	-0.9123
NCAPD3	6.52054203031505	9.15856286469173e-14	7.7299456152479e-13	-0.8139
DUT	6.44401363362622	9.69907815704706e-14	8.18236464117611e-13	-0.8822
TTLL5	5.15015457692478	9.93463772475826e-14	8.37721691931578e-13	-1.1037
GABRE	5.06277659158833	1.10723479926492e-13	9.31076853771552e-13	-1.0068
TMCC1	5.01255026926594	1.10937492703724e-13	9.3244699208066e-13	-0.8943
DCAF17	4.82905310216082	1.12795549948255e-13	9.47627961277197e-13	-0.9176
CLDN10-AS1	0.330892448578797	1.14607399112504e-13	9.62406935693591e-13	-5.5068
RNASEH1	5.54457845531654	1.15648267132967e-13	9.70701041277909e-13	-0.8486
TERF1	6.03085510086546	1.18846661238204e-13	9.96630522537738e-13	-0.8449
EXOSC2	5.78636067319827	1.22015006406118e-13	1.0217917233716e-12	-0.8184
RYBP	5.49314179616859	1.30351200567523e-13	1.0886054517661e-12	-0.8218
PDK1	5.2525571363214	1.32445420877514e-13	1.1050839138665e-12	-0.8432
ARSJ	4.80451120988515	1.33881632328222e-13	1.11655691173322e-12	-0.9277
CCDC84	4.14342233634594	1.41472458642718e-13	1.17932475113309e-12	-1.0644
RBM28	6.14365233406192	1.44340585263632e-13	1.20268449318707e-12	-1.0377
KPNA4	7.16680278557342	1.45272760458672e-13	1.20989941374704e-12	-0.7921
IFNLR1	2.93833695517302	1.45433865967752e-13	1.21068885413009e-12	-1.6798
PFDN1	6.39331342177165	1.50402595117115e-13	1.25091105988977e-12	-0.8783
ANXA2P2	4.76081867302913	1.57971231143444e-13	1.31206678605765e-12	-1.0834
ARF6	7.6313862258023	1.59017140636317e-13	1.32015321485066e-12	-0.772
PAG1	5.3452072812183	1.60830474647219e-13	1.3346005205271e-12	-0.8454
PTMA	10.7466693707799	1.60923042065944e-13	1.33476195182002e-12	-1.037
CCT3	8.34174080345079	1.61834063118727e-13	1.34170874491166e-12	-0.7898
POLR1A	6.40460596456325	1.62255769902899e-13	1.34459434196429e-12	-0.8011
TRMT6	5.85970188424926	1.67567270023444e-13	1.38546561664311e-12	-0.8487
MRPL1	5.31387396210713	1.6948316501346e-13	1.40067209619092e-12	-0.8865
STIL	6.34521464930017	1.75680208937783e-13	1.45122981645618e-12	-0.7793
CHMP4A	6.29261003432815	1.75861004288226e-13	1.45206625702662e-12	-0.8136
KIAA0753	5.63444194466858	1.86195910321705e-13	1.53531731654609e-12	-0.8209
PACSIN1	0.986608653355128	1.87974132836639e-13	1.54928025691453e-12	-3.409
Sep-11	7.14307448236122	1.95562954034574e-13	1.60964710949287e-12	-0.7667
WDR1	8.31212200176654	1.97582323169056e-13	1.62553532752334e-12	-0.7921
NANS	5.98989008708483	2.04627105306448e-13	1.67970882845077e-12	-0.8574
TGFBR2	6.41417709234031	2.06013232080431e-13	1.69032699544286e-12	-0.7754
SGOL2	6.43969721909429	2.11927378000432e-13	1.73807107492178e-12	-0.8882
CCT2	8.14673785123872	2.12220609475111e-13	1.73969440798277e-12	-0.8022
MUC4	0.759021285206763	2.15019859062873e-13	1.76185033530153e-12	-8.3195
XPO4	5.94079446132812	2.17776512612238e-13	1.78363751200046e-12	-0.8206
CENPH	5.26193368470758	2.18447433063034e-13	1.78833019641199e-12	-0.8585
UQCC2	6.25325579192272	2.18941095532624e-13	1.79156819365468e-12	-0.9526
FAM20A	1.42321881422932	2.31449269264428e-13	1.89222474683896e-12	-3.288
UBP1	6.42722469962083	2.38133925293313e-13	1.94600400185976e-12	-0.8216
P4HA1	5.28541435803017	2.38857855694951e-13	1.95075400108825e-12	-0.8354
CEACAM1	2.79324360803296	2.38928897153447e-13	1.95075400108825e-12	-1.6604
PCDHAC2	1.25146772847611	2.45026017583311e-13	1.99964013276751e-12	-2.9639
TNFRSF9	1.18138296731359	2.51037188558879e-13	2.04778146306116e-12	-3.0081
PSMD2	7.7518018447431	2.52722081321993e-13	2.06060487566517e-12	-0.7642
MBNL3	4.9992847530216	2.71288165222611e-13	2.20804134832991e-12	-0.9112
CRELD2	4.21945804518116	2.78559157689866e-13	2.26520088320098e-12	-1.0657
PPIL1	5.47509663550449	3.05918483962956e-13	2.4821545969901e-12	-0.844
MGME1	5.95963065094961	3.46578668165134e-13	2.80458340692495e-12	-0.8346
LOC100996654	0.552844105671188	3.4698230902738e-13	2.80660568613374e-12	-4.3382
VMA21	6.46205258122323	3.58797060898651e-13	2.89960121459308e-12	-0.7974
FASTKD1	5.00520717377229	3.72505495247801e-13	3.0050642161926e-12	-0.9307
EIF2B2	5.03226206554824	4.13047490585702e-13	3.33065149652499e-12	-0.873
CENPN	6.40480052694079	4.17261277190353e-13	3.3616601396236e-12	-0.8089
MBP	6.30102552578478	4.34828299034384e-13	3.50009939469652e-12	-0.7705
KRT10	4.66835791336837	4.37265788787311e-13	3.51816846192206e-12	-0.9852
NUP155	6.13545645675411	4.39096357613003e-13	3.52978560307485e-12	-0.8862
LPCAT1	5.13092008943471	4.40026735466617e-13	3.53570778286909e-12	-1.5027
TLCD1	2.90192750722833	4.40996925630114e-13	3.54194451135212e-12	-1.5722
SLC25A21	3.13872027948693	4.4182500611085e-13	3.54703487755483e-12	-1.4652
WHSC1	7.78554149540587	4.47043693409351e-13	3.58735369972796e-12	-0.7639
AQP5	0.331636006563971	4.48674131676074e-13	3.59885542525414e-12	-5.5102
FEZ2	5.97253297595628	4.51996494647102e-13	3.62391216788647e-12	-0.8851
NUP205	7.29033838262183	4.58907429372412e-13	3.67770589579577e-12	-0.7945
SASS6	5.09495061392543	4.73976810343887e-13	3.78849415483275e-12	-0.9176
FKBP4	8.20826143081431	4.77979183548552e-13	3.81881311810169e-12	-0.7669
SLC8A1	3.01575227746438	4.93755016847746e-13	3.94312842850938e-12	-1.5375
PHF23	5.7422846506102	5.06891398256849e-13	4.0427301732534e-12	-0.821
CSE1L	8.10582198996477	5.20969195746859e-13	4.15319372818981e-12	-0.8804
SETD3	6.35187010090186	5.44905373568669e-13	4.34211807065457e-12	-0.775
ZMIZ2	6.07668126763656	5.47487014700918e-13	4.36078662320243e-12	-0.978
RPUSD1	4.28741515445421	5.47959344705866e-13	4.36264535409956e-12	-1.0147
R3HDM1	6.50783251585703	5.53554912555536e-13	4.40527396844545e-12	-0.9196
PRKDC	8.43704793682375	5.61556144326185e-13	4.46700173020429e-12	-0.7835
FAM81A	3.35342636139624	5.89238698479956e-13	4.67092560983503e-12	-1.3102
SLC25A44	5.41028707135322	6.15972977607824e-13	4.87861287601234e-12	-0.8343
CCNJL	2.79351158695819	6.34970919430994e-13	5.02254293983199e-12	-1.507
FOXN3-AS1	1.72945549497804	6.37016080903537e-13	5.03653771025334e-12	-2.2816
MT1X	3.60816047579331	6.46783742269407e-13	5.10933967930346e-12	-1.3753
PPP2CA	7.42425786594811	6.50279990910939e-13	5.13473681404416e-12	-0.7986
DNTTIP1	5.49214907522438	6.55280629155857e-13	5.16972404311932e-12	-0.8495
MRPS28	7.0037986950892	6.55560427247e-13	5.16972404311932e-12	-0.8082
C4orf46	5.11358415014206	6.73741696044837e-13	5.30393635316712e-12	-0.9061
LONRF3	3.8263119037887	6.74408091914596e-13	5.30689401982451e-12	-1.1456
ZC3H8	5.24547445307153	6.76903665173956e-13	5.32423667014896e-12	-0.9384
SPRY2	4.09668033336769	6.9202394088292e-13	5.43380174828326e-12	-1.2589
CDV3	8.85308974481927	6.94812582555841e-13	5.45335275457414e-12	-0.7793
SLC39A11	6.25415632213139	7.06356827960278e-13	5.53919684331737e-12	-0.9495
UTP23	4.56589210563471	7.08958847555153e-13	5.5548294939772e-12	-0.9301
KRI1	5.37115587711443	7.62774270877462e-13	5.97135809997382e-12	-1.4265
PMS1	5.46543006879692	7.64787198567865e-13	5.98454997730602e-12	-0.8178
TTI1	5.54760492521494	8.07829317180892e-13	6.3186512486951e-12	-0.8595
GJC1	5.78333789597796	8.1028181556219e-13	6.33511983935903e-12	-0.8477
RAN	8.97302005084514	8.37335525073906e-13	6.53823667482858e-12	-0.8141
MAPK6	6.11945271954415	8.61766773151668e-13	6.72325393617814e-12	-0.7982
LOC101928000	2.13772964401961	8.65491955452935e-13	6.74803786717404e-12	-1.9268
SC5D	6.32495595403126	8.78914117752093e-13	6.84241199730584e-12	-0.796
CDCA2	5.89157730150101	8.89074369646129e-13	6.9185599711252e-12	-0.7736
RRP1	5.41554027702188	8.94164775795492e-13	6.95520756153494e-12	-0.8872
POLA2	5.24743078720244	9.03668827244974e-13	7.02614059207165e-12	-0.8255
TLL1	4.97546320694676	9.15614246209253e-13	7.11598709186723e-12	-0.848
LARS2	5.05756106475635	9.22712846365214e-13	7.1650556032511e-12	-0.8609
SMCHD1	6.60410705333755	9.34535821913858e-13	7.25377804628376e-12	-0.8502
BRMS1	5.68722020056177	9.5241572541081e-13	7.38627930463031e-12	-0.7994
SDR16C5	0.194396517781573	9.61596364325692e-13	7.45431134909971e-12	-7.7073
SCML2	3.01538171688128	9.69524916031734e-13	7.51258355987918e-12	-1.4661
GGCT	6.97285299665299	9.82411731820867e-13	7.60921025715814e-12	-0.8875
SDF2L1	3.5874103205459	9.96009408821358e-13	7.71125859518351e-12	-1.3869
ARL11	0.170061534543188	1.01166370476916e-12	7.82581889587531e-12	-7.6787
UBASH3B	5.86075590033275	1.01739172343367e-12	7.86679513045531e-12	-0.7664
DLEU1	3.93335442516717	1.01994338649459e-12	7.88318647918933e-12	-1.1442
CPSF1	5.37351397120673	1.08114352359912e-12	8.33855351365678e-12	-0.8353
OSBPL10	5.38793683064214	1.09607009712713e-12	8.45010797852737e-12	-0.8049
BST2	6.14110092962119	1.10958503481839e-12	8.55068990951648e-12	-0.771
FAM217B	4.59019334993886	1.11500491538689e-12	8.58883111194226e-12	-0.9635
LLPH	6.56430666644053	1.12413887211364e-12	8.6555374311711e-12	-0.8574
RBM3	7.22121794457008	1.14117900671158e-12	8.78303707695053e-12	-0.775
BRIX1	6.74127250430702	1.19916280870526e-12	9.22451210742392e-12	-0.8281
HNRNPM	9.07703609976023	1.21519355387828e-12	9.33694171700413e-12	-0.9333
EBNA1BP2	7.87204662834955	1.24185705688103e-12	9.53779656307117e-12	-0.9067
CTDNEP1	6.09232849206767	1.26291313346381e-12	9.68728662374596e-12	-0.8926
KPNA3	5.83492512657459	1.29096161023372e-12	9.89595163667366e-12	-0.805
GLRX2	4.51411364764183	1.2930923447051e-12	9.90375647756027e-12	-0.9295
TTC27	5.06289726448446	1.29330386954994e-12	9.90375647756027e-12	-0.8802
NFATC2	4.23982727962553	1.29946803749828e-12	9.9467876279114e-12	-1.1222
TMEM11	5.36559399241144	1.30143964316382e-12	9.95770415993238e-12	-0.8692
CHST4	1.61688758327035	1.3057331950623e-12	9.98568973633034e-12	-2.333
PROSC	5.09269479522969	1.30619122975224e-12	9.98568973633034e-12	-0.8591
TMOD3	6.86057032138314	1.31057276369287e-12	1.00149922034228e-11	-0.7686
LRP4	1.36215813914298	1.31669564430541e-12	1.00575714152466e-11	-2.763
TANGO6	4.34870576960788	1.33199301684132e-12	1.01701650001903e-11	-1.0385
DHX29	5.75964385519471	1.36895768630396e-12	1.04349442677099e-11	-0.8959
CENPO	4.42258691308594	1.38449200947435e-12	1.0540152679301e-11	-1.0515
SMU1	6.15254960686083	1.40580187631343e-12	1.06934662724908e-11	-0.7587
HAT1	6.65281765879732	1.4440566778158e-12	1.09798828447336e-11	-0.779
DUS3L	4.40196102345269	1.44639366396925e-12	1.09930735759461e-11	-1.03
NR2F1-AS1	2.01591549539684	1.47333069174014e-12	1.11931440317969e-11	-2.2074
SRSF7	7.29059684175524	1.53521484400107e-12	1.16584368519482e-11	-0.7873
MTFR2	3.48809887589133	1.53661335622236e-12	1.16642051688963e-11	-1.213
MAK16	5.36124314726366	1.5567794515557e-12	1.18074639250523e-11	-0.8805
ARHGEF4	2.84182599525378	1.58082564867495e-12	1.19848642201868e-11	-1.5927
FAM83D	6.17666360661766	1.64862121493083e-12	1.24884767218993e-11	-0.7697
CCDC124	7.16310848416531	1.66484284958013e-12	1.26061265292139e-11	-0.9256
FXR2	5.35909559359169	1.70159846883928e-12	1.28790968686277e-11	-0.8287
SGK1	4.68944036502648	1.75483357541053e-12	1.32655245352773e-11	-0.901
HEATR3	5.60979306897389	1.81381444943268e-12	1.36943741062212e-11	-0.8211
CTNNBL1	5.65752544119694	1.83916031883466e-12	1.38685298556983e-11	-0.8794
GUF1	6.16946726868594	1.95268336696412e-12	1.47002835246585e-11	-0.7714
EMC9	4.05459972552482	1.96425533863216e-12	1.47813048071182e-11	-1.1193
PQBP1	5.28050346312123	1.98082109297526e-12	1.48998227743537e-11	-0.8572
ARHGAP18	6.28783905260525	1.98721891474518e-12	1.49417909833559e-11	-0.7523
XPO1	8.41712487786116	2.04363717381528e-12	1.53533498951324e-11	-0.7913
KPNA2	8.82204263556502	2.07891238042007e-12	1.56119392912171e-11	-0.8014
TGM5	0.393805961582616	2.16612597732877e-12	1.62535124710703e-11	-5.5733
CGNL1	4.66897410633572	2.16788808366826e-12	1.62600512964042e-11	-1.3125
CMSS1	5.74586546497482	2.21472625594749e-12	1.65909078902656e-11	-0.8081
LONRF2	0.19353146001936	2.23171761790303e-12	1.67113358623616e-11	-5.3482
SLC16A9	1.38366871704316	2.26364484795912e-12	1.69434605757859e-11	-2.6873
SNW1	6.79810165909857	2.30541872061285e-12	1.72278854537487e-11	-0.8761
ANKRD20A5P	2.12465613548775	2.35463101747372e-12	1.75812449304705e-11	-1.9479
GALC	3.86924693675298	2.44884452395732e-12	1.82697611889517e-11	-1.1633
PCLO	2.03757152057686	2.4730212136676e-12	1.84425961097695e-11	-2.4816
HNRNPUL1	8.47775533779669	2.48982818809001e-12	1.85603525527853e-11	-0.8209
UBE2V2	6.4429653925924	2.56110293218319e-12	1.90838755632393e-11	-0.7603
ENO1	10.6694173428605	2.64167454759505e-12	1.96481384109079e-11	-0.8032
MIR205HG	0.973428146007618	2.6422096734651e-12	1.96481384109079e-11	-3.2133
CIRH1A	5.55585776315987	2.71777882086321e-12	2.01854231707399e-11	-0.86
EXOSC8	5.2995677793525	2.79387232176644e-12	2.07421444108044e-11	-0.8419
UTP14A	6.21677763592171	2.87585611893467e-12	2.13334535990538e-11	-0.7733
HOPX	0.120321353107767	2.89552880806133e-12	2.14619463743271e-11	-7.6214
GCH1	3.21488980894248	2.91064196053943e-12	2.15652108894512e-11	-1.3549
SMC2	7.27366625025578	2.98058117482637e-12	2.20744381045153e-11	-0.8257
DOCK9	5.63171886813576	3.07439454812745e-12	2.27323397612859e-11	-0.824
SRPRB	5.23543516520738	3.10618123300249e-12	2.29487837271119e-11	-0.8884
NOS1AP	2.53225354887927	3.22911311140891e-12	2.38280876967992e-11	-1.6999
METTL1	4.39896413584157	3.23124209488632e-12	2.38321239072294e-11	-0.9966
ARHGAP5	7.41532102578941	3.23227096813651e-12	2.38321239072294e-11	-0.7399
TP53	5.80672278807893	3.36458809150791e-12	2.47677097574873e-11	-0.9041
CCDC58	5.50935579037962	3.3709029370164e-12	2.48041934776991e-11	-0.8986
RRP36	5.5153472318902	3.39503908926099e-12	2.49616728205996e-11	-0.8993
LAGE3	4.104682542604	3.40655668959189e-12	2.50261967505793e-11	-1.0566
PDLIM2	3.23205163953635	3.42037407392456e-12	2.51175981872755e-11	-1.2891
RFC4	5.75729163326427	3.4301870805323e-12	2.5179531701728e-11	-0.8675
BTF3	9.07893982281525	3.53343140110787e-12	2.592697896247e-11	-0.7554
HAUS6	6.14718172357564	3.58289832484448e-12	2.62477495258269e-11	-0.8142
LINC01123	3.63134968701779	3.5957468456328e-12	2.63313094319585e-11	-1.3731
GINS3	4.75151839669932	3.60959842912637e-12	2.64221447161712e-11	-0.8776
FANCD2	5.27290795915338	3.64382235211532e-12	2.66619722886642e-11	-0.911
SMN2	1.34677205731054	3.79610591831632e-12	2.77539886442863e-11	-5.2515
SAPCD2	6.24299961177334	3.80563429378301e-12	2.78125138780235e-11	-0.7588
CD3EAP	2.53241767012132	3.83309750387448e-12	2.80020120170998e-11	-1.6993
LOC100129940	1.40463424814526	4.01617142666145e-12	2.93159638405163e-11	-2.5306
PSMA3	7.57211545879875	4.19109142320543e-12	3.05805615595677e-11	-0.9715
OLA1	7.61402409954171	4.27689659003225e-12	3.11817189087974e-11	-0.8137
POLD2	6.66912558642458	4.29955127711667e-12	3.13343744970227e-11	-0.8214
PSMD12	6.93271875492939	4.33986198407299e-12	3.16155308783865e-11	-0.7646
EMG1	6.50536421435277	4.43587643638005e-12	3.22892185895351e-11	-0.8463
ALOXE3	1.7187067132354	4.4434687054424e-12	3.23315921429081e-11	-2.5227
GEMIN6	5.38956101707089	4.50233534422391e-12	3.27468661530485e-11	-0.8315
BORA	4.5635588195235	4.51254787401453e-12	3.28080740692988e-11	-0.89
KNSTRN	5.85861820804301	4.63510932395587e-12	3.36723262308549e-11	-0.7812
ERBB2IP	8.18734240289161	4.67811454534914e-12	3.39712247970938e-11	-0.7307
UBLCP1	5.52178304352763	4.71435972773769e-12	3.42208155823377e-11	-0.7848
KLK10	0.625814042331916	4.7352878631768e-12	3.43590680565006e-11	-3.6879
NOP58	7.68614789237631	4.82502433178958e-12	3.4982384511974e-11	-0.8906
SLC27A4	3.9218332788448	4.83594205189338e-12	3.50476213177315e-11	-1.2042
ABHD11	5.66645912916762	4.93299060359364e-12	3.57367763727006e-11	-0.7756
SQLE	5.16267591213243	4.95664985564199e-12	3.58939308863943e-11	-0.7995
NT5C3B	5.42609692109235	5.021350351819e-12	3.63336803504217e-11	-0.8027
KIF18B	5.84945710725776	5.02135602125953e-12	3.63336803504217e-11	-0.7856
ZNF718	5.54295943215794	5.05414277377928e-12	3.65564304588409e-11	-0.8135
CKS1B	6.63367354359391	5.20924982433323e-12	3.76335832184517e-11	-0.7963
RAP1GAP2	5.61168108244077	5.29107022263052e-12	3.81944555098232e-11	-0.8612
TICRR	4.35056021218133	5.32984506635643e-12	3.84413994036065e-11	-0.9468
MEIS3P1	2.8710261503802	5.33159636776576e-12	3.84413994036065e-11	-1.489
EEF2KMT	2.76697791803627	5.56853469753473e-12	4.0086423280045e-11	-1.5339
NFX1	5.62812434527904	5.90910881862663e-12	4.24711380286803e-11	-0.781
ATP10A	4.18793716854004	5.93704847618363e-12	4.26551581980356e-11	-1.0178
TRAP1	7.238876699052	6.20788471830411e-12	4.45309011463103e-11	-0.7628
FAM43A	0.643820753970233	6.46121463006956e-12	4.62935377890698e-11	-3.7118
CNTRL	5.74542992073384	6.51385534261697e-12	4.66523904020460e-11	-0.8581
LINC00152	5.18641050888341	6.65476800752813e-12	4.76242433341566e-11	-1.0865
HEATR1	7.00018008960168	6.86286688639827e-12	4.90557940008171e-11	-0.7627
RAPH1	5.50048910527151	7.06969048180811e-12	5.04551483330293e-11	-0.7889
ABL2	6.17418873367999	7.13292141989206e-12	5.08865234238177e-11	-0.7323
TFAM	6.76449947819512	7.16938970518324e-12	5.1126710335088e-11	-0.7366
MRPL42	6.71051493619371	7.43216738682361e-12	5.29386062480889e-11	-0.8008
RSL1D1	7.88728351530787	7.45508391030205e-12	5.30811278730399e-11	-0.7316
RPA1	7.17129939416724	7.47236209679535e-12	5.3183408358322e-11	-0.7233
INA	2.30954836020457	7.58421903356972e-12	5.39164730050034e-11	-1.7604
ITGB1BP1	6.50232448225879	7.61324281638754e-12	5.41017364172717e-11	-0.7729
NUP160	6.05807340339054	7.63297937999882e-12	5.42208838759761e-11	-0.7522
TBL3	4.88960939531126	7.68917964272389e-12	5.45988578598084e-11	-0.8359
OPHN1	3.08688160248113	7.88113795621619e-12	5.58749726324982e-11	-1.3109
FBXO33	4.35665430232121	7.99455812546288e-12	5.66351001701398e-11	-0.9271
FUNDC2	5.38662099656552	8.12825451864358e-12	5.75375783219686e-11	-0.7787
THSD4	3.20421052750115	8.17831333382139e-12	5.78470702139649e-11	-1.2644
IMP3	5.25131714265751	8.31118996505507e-12	5.87414185064055e-11	-0.7897
KLC1	6.21799043807247	8.45838847795014e-12	5.97355280671017e-11	-0.8105
MICAL3	6.47425441386552	8.46854222826311e-12	5.97841094041653e-11	-0.7266
TIMM23	5.86561257425247	8.90718533125724e-12	6.27836198484294e-11	-0.8112
MAGI3	5.50715284047333	8.96484106667236e-12	6.31412571424269e-11	-0.7804
BYSL	4.69884571877431	9.17410560221544e-12	6.45902321149422e-11	-0.8609
GLRX3	6.28947227049134	9.19265162159834e-12	6.46958550516188e-11	-0.8731
HSP90AB1	10.3166396453429	9.25182231676361e-12	6.50871939170854e-11	-0.8256
TFAP4	4.0484288645853	9.67005057468987e-12	6.79770671126447e-11	-1.2497
TNFRSF21	7.0350797982983	9.75300543348453e-12	6.85338210907212e-11	-0.7376
MXRA7	5.6735791613834	9.81122752397787e-12	6.89164177290265e-11	-0.7885
IPO7	8.29425603604206	9.86315411486871e-12	6.9254515969632e-11	-0.7228
C1orf131	4.78389195119446	1.04131905319881e-11	7.30604175065235e-11	-0.8489
MRPL18	6.43711630612381	1.04305984622541e-11	7.3126346208491e-11	-0.7785
DHRS4L2	3.51821386804386	1.06842724669518e-11	7.48760376801046e-11	-1.1869
RNASEH1-AS1	4.10439730757167	1.15997729297521e-11	8.12607270167129e-11	-0.9767
DDX58	4.8720680110677	1.22070694860346e-11	8.54494864022421e-11	-0.8545
UBE2D2	6.73484791995807	1.25565018903033e-11	8.77945226002973e-11	-0.8325
TTK	6.01380549803277	1.28302541465844e-11	8.96399233448315e-11	-0.8184
C18orf54	4.26892073234371	1.2898110260547e-11	9.00795336329554e-11	-1.0296
KIAA0020	6.50842218725814	1.3078237666312e-11	9.12677013899814e-11	-0.8772
CS	7.85031149472382	1.34905426221141e-11	9.40517978690844e-11	-0.706
SFXN1	6.36872060657754	1.34926412477614e-11	9.40517978690844e-11	-0.7603
NASP	8.62329226699001	1.35332819781300e-11	9.42990823636421e-11	-1.1184
CENPU	5.35516350260741	1.37063956710362e-11	9.54688894965418e-11	-0.8288
DTX2	3.69222487126001	1.3962030623575e-11	9.71382740335312e-11	-1.3545
ZC2HC1A	4.13000763138208	1.46815156035312e-11	1.01949695267427e-10	-1.0632
C2orf69	5.05711276992106	1.48112838438958e-11	1.02772633163878e-10	-0.8933
KCNQ5	3.4318776436726	1.49495396716479e-11	1.03692551765047e-10	-1.3072
MRPL4	6.6952336643214	1.50386065939879e-11	1.04231132110799e-10	-0.9671
PES1	6.53729844253811	1.50537912127883e-11	1.04296778892092e-10	-0.8192
SSH1	5.43852875717202	1.56596622299969e-11	1.08288936996524e-10	-0.8349
SCFD2	4.23123164524511	1.57844746867024e-11	1.09110704233411e-10	-0.9357
ANKRD28	6.08627454893452	1.59585880976262e-11	1.10272514878979e-10	-0.7689
RBL1	4.56786699209585	1.69041063599069e-11	1.16585328940862e-10	-0.872
MAX	5.48375885067141	1.69722716834869e-11	1.17011250700052e-10	-0.8027
PRPF4	6.18587942251934	1.8171664879418e-11	1.25091219471589e-10	-0.7201
ACO1	5.58055201246869	1.83983065218749e-11	1.26603650155804e-10	-0.7335
TOX4	6.21526057648338	1.94051098248008e-11	1.334311431117e-10	-0.7308
TOP1	8.27716859665333	1.94532003394148e-11	1.33661131123958e-10	-0.8746
ATG3	5.95195760425275	1.95988146858081e-11	1.34610970994775e-10	-0.7474
CENPQ	4.17594322360758	1.97183990944775e-11	1.35381381673103e-10	-0.9662
FAM86C1	3.05774316365382	1.98831355593019e-11	1.36461098785946e-10	-1.2865
SLC20A1	5.84938610293825	2.00041386686949e-11	1.37239968258435e-10	-0.8036
NRIP3	1.88587765810408	2.04488941635393e-11	1.40238546900666e-10	-2.421
Sep-08	5.56391923181316	2.09820569403434e-11	1.43840943110368e-10	-0.7926
VIM	3.0060895921395	2.11069799929351e-11	1.4458875300226e-10	-1.3297
NHP2L1	6.0049970494628	2.13971511671514e-11	1.46521527272136e-10	-0.7759
GFOD1	3.21183719624153	2.17711465192981e-11	1.489149684737e-10	-1.2602
GLOD4	6.73503794503764	2.18322044929218e-11	1.49276676113401e-10	-0.7115
PEA15	7.33510847839199	2.22663713699211e-11	1.52074401694455e-10	-0.7879
TPI1	9.86118298333863	2.26308161131325e-11	1.54447917368728e-10	-0.7467
NVL	5.1153638338634	2.28883277081519e-11	1.56088647979089e-10	-0.782
TSPAN12	2.88097607948447	2.32460784896766e-11	1.58469159412821e-10	-1.4439
NUDT14	3.64611541053921	2.35745820976932e-11	1.60588645811749e-10	-1.1849
SF3A1	6.02445296594872	2.39560413776683e-11	1.63126255647412e-10	-0.7316
PPIP5K2	5.97401492186653	2.40157878154759e-11	1.6347211870221e-10	-0.7562
BOLA3	5.26039509624877	2.40413464267836e-11	1.6348792988311e-10	-0.8257
ABHD10	5.5262939322546	2.40433342186909e-11	1.6348792988311e-10	-0.7564
RPL26	11.0936276309695	2.40449765412002e-11	1.6348792988311e-10	-1.0896
ACOX2	0.644544040810856	2.52068827121887e-11	1.71133079506775e-10	-3.4393
RAP1GDS1	5.73647814095595	2.60655370254442e-11	1.76831082845228e-10	-0.7632
RFWD3	6.78874187560601	2.80550143184015e-11	1.89974904078909e-10	-0.6937
FANCG	4.17784713456058	2.80807097931868e-11	1.90078397472902e-10	-0.9399
DUSP11	4.79615607799009	2.82271614012576e-11	1.90998909763291e-10	-0.8154
NEURL1B	3.24909765004544	2.82480128378413e-11	1.91069182055439e-10	-1.4483
WNT7A	0.0678187650561106	2.9884576621907e-11	2.01839745027575e-10	-5.1984
CHMP4C	5.91148277772366	2.99806868592005e-11	2.02413986428093e-10	-0.7223
MKI67	8.32259162596832	3.02510665138862e-11	2.04163944649725e-10	-0.9003
PHKA2	3.97690154630699	3.08105923539524e-11	2.07863331121121e-10	-1.0778
C18orf25	5.708385650848	3.11568263671233e-11	2.10121544942077e-10	-0.8858
KRT6A	-0.0416257094822621	3.1561533054146e-11	2.12693742132333e-10	-7.4252
SRSF3	8.21251768856885	3.21270868422292e-11	2.16345295976295e-10	-0.7726
DRAP1	7.1336660554692	3.35749644106441e-11	2.25596080338873e-10	-0.887
NUDC	7.19957691165194	3.41652119698839e-11	2.29393199603605e-10	-0.9493
CD9	7.76192467775016	3.49273319225458e-11	2.34337880036015e-10	-0.7284
PGBD1	2.22850424675612	3.53059419625676e-11	2.36704104468834e-10	-1.7194
SHCBP1	6.22930034101624	3.58347265221761e-11	2.40072942161045e-10	-0.7547
PPP1R12A	7.38142757384645	3.61878877197023e-11	2.42349992006928e-10	-0.7561
RBM12	6.55788853626258	3.63002775472877e-11	2.4301351921646e-10	-0.6975
TDRD9	-0.128216067183985	3.67312315034594e-11	2.4580841727535e-10	-7.3261
LOC101927789	2.25507238469503	3.70363156457429e-11	2.47668490266916e-10	-2.1644
ZNF736	4.38609758528403	3.77906190936093e-11	2.52435251435394e-10	-0.9593
SLC25A5	8.79448871860442	4.0633854293728e-11	2.71129986837097e-10	-0.7773
KIF4A	6.96744717522406	4.38194674350755e-11	2.92065789519802e-10	-0.7337
HMGB2	8.39354445199952	4.46565555807716e-11	2.97427974710896e-10	-0.7759
MCF2L	2.39023652224925	4.52487717059362e-11	3.01262427521361e-10	-1.684
HNRNPD	9.204949614787	4.5388237537961e-11	3.0197072321174e-10	-0.8797
CHAF1B	4.42184956349218	4.6624218897982e-11	3.09855020095217e-10	-1.0386
MRPS22	6.09659758410488	4.68943250509765e-11	3.11420274311765e-10	-0.7401
BAG2	4.90840093052625	4.9672372957394e-11	3.29273362639864e-10	-0.8259
SPTSSA	7.00596709872869	5.11550761472493e-11	3.38855976104566e-10	-0.9696
NDUFAF4	4.1395253180913	5.26636415671209e-11	3.4872232152679e-10	-0.9861
ZNF165	4.47854856304261	5.41440395600363e-11	3.58265163540421e-10	-0.9433
PLIN2	5.04309920056083	6.10793974171584e-11	4.03278654339112e-10	-0.7732
HJURP	6.30671777669327	6.17473799841361e-11	4.07541637379027e-10	-0.7251
NSMAF	5.38511099217116	6.203606549656e-11	4.09299028444235e-10	-0.8301
NPM1	11.2465754046366	6.30772734379165e-11	4.15717943639929e-10	-0.7683
SLC25A16	4.3112696504931	6.32252811099497e-11	4.16392760441285e-10	-0.9307
UCK2	6.33085361408385	6.33296097324298e-11	4.16929446547147e-10	-0.7199
PSME2	7.39908438970449	6.34383488251744e-11	4.17494771504104e-10	-0.758
TSPAN5	5.02780615380731	6.34703836128715e-11	4.17555071436606e-10	-0.7661
TELO2	4.7508499885574	6.48719565666511e-11	4.26468289190055e-10	-0.9847
CEP55	6.3080030253896	6.65528571760436e-11	4.36732192884922e-10	-0.8982
RPSAP52	0.395205360581963	6.69316348201378e-11	4.38964307579582e-10	-3.7414
TMEM180	2.08016625439825	6.98161296142942e-11	4.57160424045393e-10	-1.8131
PPFIA4	2.3978120730925	6.99669692405e-11	4.57983861762126e-10	-1.7209
ACIN1	7.99315029864727	7.08893429563983e-11	4.63855141581364e-10	-0.8109
PAWR	7.38455519389978	7.14320067636173e-11	4.67238522205875e-10	-0.6836
PGAM5	6.62862824309103	7.27023648951721e-11	4.75207437710799e-10	-0.823
GXYLT1	5.42664951385605	7.41597625719678e-11	4.84386628090821e-10	-0.7309
MFI2	4.7305785501488	7.43380318681638e-11	4.85377364014735e-10	-0.8094
MSANTD3	4.86203211479445	7.54755405673255e-11	4.92452276124765e-10	-0.8303
IL1RL1	-0.0418158061439886	7.59551808428741e-11	4.95227779095539e-10	-7.4235
FBXO45	5.65567511641304	7.85836459801144e-11	5.12182449486958e-10	-0.8188
AOC1	0.729489711502853	8.04074127534081e-11	5.2369522912102e-10	-3.099
MYEOV	1.60993643552626	8.07816381839136e-11	5.25944931057606e-10	-2.3286
LYN	5.84887491106834	8.14090617203575e-11	5.29840937884794e-10	-0.7009
GPAM	4.74499896571212	8.22977824415486e-11	5.35434182556276e-10	-0.8465
SPRED2	5.6208359908695	8.34498618321096e-11	5.42736258499107e-10	-0.7565
PSMD11	6.89691676148429	8.40387965576733e-11	5.46371891010286e-10	-0.6832
C12orf45	4.49070814229825	8.62636496330971e-11	5.60636948274055e-10	-0.8901
ADGRG2	0.945251009593427	8.87002186773162e-11	5.76267328175475e-10	-2.8618
WFDC3	1.62004986270866	8.91147055713445e-11	5.78754203098707e-10	-2.6371
CALU	7.60756670438738	8.97123347575536e-11	5.82221252518272e-10	-0.743
CHCHD7	5.47297334506123	9.16738284119824e-11	5.94739662931468e-10	-0.7293
LBR	7.16884694458391	9.24680755847338e-11	5.99466330921484e-10	-0.7055
HMGB1	9.33225729687238	9.2796581852316e-11	6.01382463008832e-10	-0.7046
PPM1G	8.0123470358639	9.34529510126968e-11	6.05421246872886e-10	-0.888
KIF20B	6.91521384480244	9.47325737605725e-11	6.13275839210288e-10	-0.7341
NOC4L	4.25250743744602	9.49713293334538e-11	6.14603540698877e-10	-0.9554
PHACTR3	0.0409921215692166	9.51481472314536e-11	6.1552961582474e-10	-5.1658
FAM126A	6.46354637300655	9.54631339663081e-11	6.1734855603575e-10	-0.6813
NTHL1	3.82476957011174	9.75514323396659e-11	6.30183633684692e-10	-1.1319
NCOA5	4.99995841560946	9.76174238865183e-11	6.30386873177318e-10	-0.8116
CCDC80	3.09684864479136	9.88831819867377e-11	6.38109356786809e-10	-1.4056
OGFOD1	5.9198775532776	1.00230339361133e-10	6.46345840825447e-10	-0.6925
NT5DC3	3.46902679004263	1.03161830613224e-10	6.64311245035281e-10	-1.3217
EFNA5	4.20260087823854	1.13989505043025e-10	7.32743804248402e-10	-1.1602
LRRCC1	3.67403377622783	1.14508631142763e-10	7.35821742394325e-10	-1.1253
OGDH	6.19237087297278	1.15444496132911e-10	7.41574497326679e-10	-0.6964
LMNB2	7.3691045969136	1.17281637744366e-10	7.52845843411089e-10	-0.7575
SAC3D1	3.68821614701871	1.18658666560717e-10	7.61417439976254e-10	-1.2183
RAD51AP1	5.67952245756802	1.25256465430082e-10	8.03190036140352e-10	-0.7136
MYO3B	-0.0128771391354636	1.29458306414109e-10	8.29842289991566e-10	-5.1032
LIG1	5.41382831961655	1.3162995112361e-10	8.43170662355308e-10	-0.7649
BZW1	8.91203881865984	1.32897357612041e-10	8.50990585957704e-10	-0.8014
SPCS3	7.64720003089292	1.33366776005207e-10	8.53697006574703e-10	-0.7506
ALG10	3.82534632404346	1.37823797024746e-10	8.81608703042663e-10	-0.9909
KIF18A	5.41234086294554	1.4128268851503e-10	9.02785005785927e-10	-0.8045
DHX36	6.21150236393175	1.41971552422577e-10	9.06869370548133e-10	-0.7049
STX8	4.42590295883456	1.46574297194703e-10	9.35615513841432e-10	-0.8838
MTSS1L	6.36101953680958	1.46836137028315e-10	9.36959286119863e-10	-0.7869
POLR3B	5.05123449031086	1.51500340494592e-10	9.65708874325863e-10	-0.7491
UTP18	5.97727169983876	1.53726496306252e-10	9.79557038941338e-10	-0.7433
TCEA1	7.37104962722715	1.54838075498486e-10	9.86295850069911e-10	-0.7561
ANXA8L1	0.496602224563718	1.58201863840905e-10	1.00737119856281e-09	-3.5349
GTPBP8	4.00273387553556	1.60709907164218e-10	1.02298468102858e-09	-0.9479
STC1	1.09309842472537	1.61706613803489e-10	1.0289703525955e-09	-2.7682
PCDH7	6.45776600193808	1.73152307627278e-10	1.09950209671081e-09	-0.6788
CBX5	8.20007967824483	1.75496656008435e-10	1.11400102645688e-09	-0.6727
DNA2	4.65567474094784	1.77051876689539e-10	1.12348246814189e-09	-0.8256
IFRD2	5.0576082470155	1.78805104912052e-10	1.13421334095706e-09	-0.8289
SPRR2D	-0.190180282938537	1.82448085364209e-10	1.15651814111423e-09	-7.2498
FAM50A	6.48453200176853	1.8347023401749e-10	1.16219035122252e-09	-0.8125
PFDN2	6.31720614245472	1.87445752420574e-10	1.18613852900866e-09	-0.6865
SKA2	7.22776690327106	1.93437460646356e-10	1.22362934218984e-09	-0.7133
PKM	10.2725060989344	1.95523167328733e-10	1.23639450736175e-09	-0.9132
NAA50	8.25090598802066	1.96553112008995e-10	1.24247701275492e-09	-0.7246
PSME3	7.57588569472078	1.97204381048551e-10	1.24616240236149e-09	-0.6688
NUP210	6.3992750363243	1.99114881393382e-10	1.25779974903722e-09	-0.6904
PVT1	3.85868847330886	1.99753292581184e-10	1.26139609455624e-09	-1.0083
CCDC112	3.44845446285943	2.06161902614179e-10	1.30096498241426e-09	-1.2548
SHC3	3.5087177108934	2.11560778925848e-10	1.33319074217131e-09	-1.0932
FOXN2	5.02450043140258	2.14895540814364e-10	1.35373809285957e-09	-0.764
TMEM199	4.0891354460294	2.14990609886917e-10	1.35386980824269e-09	-0.9241
DYNC1H1	9.00746819988299	2.28659427550297e-10	1.43895432932031e-09	-0.6806
CASC9	5.62633783945738	2.37656221607539e-10	1.49505581725266e-09	-0.7696
GSPT2	-0.221788394201039	2.54032251171437e-10	1.59532603281244e-09	-7.2121
SLC25A15	3.80935913197394	2.58710314108977e-10	1.62247182905307e-09	-0.9761
TRMT10C	5.63709007616778	2.65749100608408e-10	1.66547050487713e-09	-0.7364
LINC01106	3.24353693035728	2.67030604497751e-10	1.67292749338056e-09	-1.2602
BTG3	5.06815478912104	2.67682568795869e-10	1.67643669843478e-09	-0.7418
PDCL3P4	1.79199267182086	2.81275531442155e-10	1.75975534681562e-09	-2.1771
TPRKB	5.42212900149436	2.8696379189233e-10	1.79349913892036e-09	-0.7245
CNTNAP3	2.14517864740049	3.02993227311988e-10	1.88915449378677e-09	-1.7112
RAB7B	0.217574639388688	3.15147067549823e-10	1.96292216485485e-09	-3.9405
UBE2I	7.02269081056824	3.1797769905613e-10	1.97987751499615e-09	-0.7184
VARS	1.52115582339043	3.18932457125828e-10	1.98514522239656e-09	-4.2399
ICMT	6.33475312746697	3.31201447003417e-10	2.05955267040514e-09	-0.6741
PABPN1	4.30783792554663	3.31225166537549e-10	2.05955267040514e-09	-0.8635
FBP1	0.24119628304264	3.39329432439086e-10	2.1092264619026e-09	-3.9689
HNRNPA0	7.19445276031901	3.4037100647927e-10	2.11498063113872e-09	-0.9904
CCT5	9.07643556858661	3.41430187736299e-10	2.12011888003873e-09	-0.7744
SUCO	6.59313158709411	3.47235830596739e-10	2.15543601610815e-09	-0.7216
SMIM12	4.58850236089196	3.50583139343287e-10	2.17473523338466e-09	-0.8791
PDSS1	3.94748566081229	3.52169878473903e-10	2.18383603988436e-09	-1.1483
ELDR	-0.0412856736876626	3.59735536888586e-10	2.22772454594234e-09	-5.0668
CDH24	3.239195704476	3.63334843869016e-10	2.24925090188971e-09	-1.298
XPO5	6.03629748283832	3.64534985081525e-10	2.25515102936236e-09	-0.6894
ANP32A	7.7211173684018	3.67273638607888e-10	2.27055453654778e-09	-0.7813
SLC29A2	4.80817648676236	3.85517985227061e-10	2.37931586825734e-09	-0.8339
CRYBG3	5.51431135418998	3.85827146519505e-10	2.38041919123355e-09	-0.7524
SMC6	6.30111227736903	3.89687299321257e-10	2.40342274878678e-09	-0.9301
FANCA	4.81603614502512	3.97684475327365e-10	2.45191752164011e-09	-0.7731
FAM136A	7.16017228061377	3.99328328779873e-10	2.46122146191944e-09	-0.6885
BEND3	3.23330059236673	4.11036771473898e-10	2.53082202361804e-09	-1.19
LPIN2	4.72072135680235	4.1832382319805e-10	2.57482121250964e-09	-0.8075
NEIL3	4.37126490542904	4.32510602256556e-10	2.65855675245646e-09	-0.8436
CENPL	4.21612640382009	4.48664386274218e-10	2.75321581036038e-09	-0.9364
MARCKS	7.90367151108675	4.50486472112757e-10	2.76346808968094e-09	-0.6904
RTL1	-0.253531954655433	4.53986712227818e-10	2.78400450736683e-09	-7.176
BMS1P20	4.97968194014022	4.54898804665277e-10	2.78866104028519e-09	-0.7455
DDX1	7.51503619719861	4.57381365870362e-10	2.80293864227235e-09	-0.6607
CKS2	7.23664790853246	4.70111174485284e-10	2.87901697464051e-09	-0.6931
CDK12	6.9593741676881	4.72819061429938e-10	2.89462937138328e-09	-0.6529
BAG1	4.51998107750094	4.92112534829805e-10	3.01072601737699e-09	-0.8543
TBC1D8	4.89841196251722	5.02092282569872e-10	3.06972428352163e-09	-0.7809
TECPR2	4.25868272445538	5.03164956654353e-10	3.07525257739601e-09	-0.8742
VSTM2L	0.624290653362074	5.05262755793651e-10	3.08600765131111e-09	-4.0029
DGCR8	4.92605950579858	5.07742501519905e-10	3.09907960807335e-09	-0.7467
NUP62	5.69391069594292	5.09013392010778e-10	3.10579829029036e-09	-0.7107
SUV39H2	3.60448462452832	5.12400499556175e-10	3.12437659315215e-09	-1.0419
TAF13	5.04166340711548	5.24790536659045e-10	3.19672206781699e-09	-0.9436
CIPC	5.13035860387772	5.29366407763231e-10	3.2235200600819e-09	-0.7748
TAF5	3.55748913846577	5.51032454915759e-10	3.35098217752901e-09	-1.0461
PRKACB	5.96692195789397	5.60792490527255e-10	3.40920003565287e-09	-0.7017
TMEM256	4.89861969865664	5.65025118955280e-10	3.43378780680679e-09	-0.8516
PRTFDC1	5.81600092918836	5.65645973355923e-10	3.43641693497029e-09	-0.6954
INF2	6.35751237588433	5.88377152335672e-10	3.5709485681649e-09	-0.698
CHCHD3	6.67650019803275	5.89989065680483e-10	3.5795415031781e-09	-0.6716
ELMSAN1	5.58257493044488	5.9186896597642e-10	3.58856188736816e-09	-0.7229
CEP135	3.88669649467837	5.96981497576524e-10	3.61835797468693e-09	-0.9469
PPP1R3C	0.216863360683741	5.99656808778717e-10	3.63336697678867e-09	-3.939
RPF1	6.27942434800546	6.12334437458732e-10	3.70772056061247e-09	-0.6908
RPS23	10.123531932346	6.15544694485881e-10	3.72592305786945e-09	-0.7901
TSN	6.68547585233991	6.19029444977442e-10	3.74453331594042e-09	-0.6646
TMEM201	3.6827569701475	6.43399043599433e-10	3.88808107909674e-09	-0.9883
PUS7L	5.19528057734145	6.49220452124264e-10	3.92196180475862e-09	-0.7569
MED21	5.92782637565923	6.57489199234751e-10	3.97059967622548e-09	-0.6643
IGFBP1	0.712076777852176	6.60688559237365e-10	3.98860130206261e-09	-3.0787
SLFN11	2.57042470987204	6.87742828986017e-10	4.14918476072992e-09	-1.4219
MLH3	5.09446214363211	7.09471116339042e-10	4.27885850673457e-09	-0.7139
ERCC8	3.59850025575762	7.19933688144064e-10	4.34052490447756e-09	-1.0113
ALKBH1	4.1553953444352	7.2294069740939e-10	4.35700675273553e-09	-0.9499
DCBLD1	3.74286213250443	7.23144744784655e-10	4.35700675273553e-09	-0.9753
RABIF	4.43395440721288	7.25420326306802e-10	4.36927531410656e-09	-0.8161
TNFRSF12A	7.1393991905534	7.40069244422147e-10	4.45603698092702e-09	-0.742
SLC25A32	4.65328511430793	7.88548966676507e-10	4.73544405777839e-09	-0.8309
DTYMK	5.96476036012843	7.89341283933073e-10	4.7386433671431e-09	-0.6716
HLA-DRB5	-0.0700212496946265	8.05631255309211e-10	4.83167023552068e-09	-5.0321
BCAR3	5.48257682279391	8.23935243187971e-10	4.9349612203542e-09	-0.7674
DEGS1	4.95907938529071	8.29155081569104e-10	4.96296890791002e-09	-0.77
ZNF138	4.55963974893509	8.31273902192635e-10	4.97402043868527e-09	-1.009
PPP2R5E	6.57013705599782	8.31979909946958e-10	4.9766137732607e-09	-0.6694
TENM1	0.374017014573455	8.34953146188283e-10	4.99276273724641e-09	-3.3842
CLIP4	6.68850874494106	8.51888125534944e-10	5.08902801693912e-09	-0.6782
TMEM33	6.7763263235465	8.65671585895997e-10	5.16967630752938e-09	-0.677
KCTD11	3.34394203386791	8.77327538121484e-10	5.23585862567696e-09	-1.087
GYLTL1B	1.92218974268251	8.8558957294712e-10	5.2834389685368e-09	-1.8099
SNRPA1	6.14430405076088	8.88574479985986e-10	5.29951509527088e-09	-0.717
TRAPPC1	6.07236078280592	8.95268284813419e-10	5.3359509655742e-09	-0.7537
RAB8A	6.38570388224731	9.1882657805927e-10	5.47278890996738e-09	-0.7316
CASK	6.08452341238387	9.63559254187446e-10	5.72428823444387e-09	-0.6562
PRRT3-AS1	2.47021782752963	9.73261297130767e-10	5.77985378464383e-09	-1.5379
SPAG5	6.40048826424215	9.98760852561652e-10	5.9256997479251e-09	-0.6897
CEP72	3.29902201913937	1.00829494922754e-09	5.97838018613121e-09	-1.112
SERBP1	10.0789939222408	1.03674654449559e-09	6.14109179633726e-09	-0.7785
PFKFB4	2.74463187676539	1.04099017717937e-09	6.162229790722e-09	-1.5741
AK2	7.47971219262031	1.07524576036271e-09	6.35882300005885e-09	-0.6793
BAZ1B	7.61834443928738	1.13137801399676e-09	6.67780052490296e-09	-0.7326
H1F0	7.97498708924548	1.13588336581404e-09	6.70222583267652e-09	-0.7385
CYB5B	7.24224914187126	1.14297545978261e-09	6.74189337440754e-09	-0.6364
NECAP1	5.23382115880428	1.14950010766811e-09	6.77818926537111e-09	-0.7032
ST3GAL5	2.88652283790684	1.15277078973605e-09	6.79528044475987e-09	-1.3611
DOCK5	6.15250756512282	1.15448403888234e-09	6.8031828966546e-09	-0.6585
EI24	7.068229103094	1.17894140911028e-09	6.94506433195134e-09	-0.6417
UBXN10	-0.321212723701097	1.1803034259304e-09	6.95084494960818e-09	-7.0914
RASA3	2.57028748461083	1.21638718204201e-09	7.15872482119886e-09	-1.3966
PID1	-0.127260337083949	1.21872258233905e-09	7.17015773869857e-09	-7.3342
FAM161A	3.3148679698397	1.22644190118727e-09	7.21324850131278e-09	-1.1232
MRPL57	5.61198637101052	1.239708089884e-09	7.28657787795307e-09	-0.7066
SEC14L2	3.77078235559319	1.26568976885208e-09	7.43211078165444e-09	-0.9885
TUBGCP5	2.38612392196816	1.27146036646515e-09	7.46359500006037e-09	-1.5899
U2AF2	7.85774012275494	1.28156523793904e-09	7.52049340527648e-09	-0.795
POLR2D	5.70017689958749	1.28652634328678e-09	7.54718024519392e-09	-0.8411
SRFBP1	4.47944611642681	1.31808441950164e-09	7.72734398279443e-09	-0.9847
AP5M1	5.3330119273544	1.36433382740115e-09	7.98566154313416e-09	-0.7019
COPS5	7.42953138991064	1.38769029324758e-09	8.11976730561789e-09	-0.6543
MPHOSPH10	6.28842908220578	1.38955388329792e-09	8.12806654709604e-09	-0.9928
ZFP36L1	7.69020727211794	1.39336459962697e-09	8.14774635835678e-09	-0.7312
RBM14	5.84610921415945	1.41328991277739e-09	8.25632660725246e-09	-0.8673
SMC4	9.00224408645645	1.41410482823879e-09	8.25844457592048e-09	-0.7548
FGF13	3.45104833839816	1.46213356163202e-09	8.5307479390074e-09	-1.0428
PURA	5.27253936610159	1.4638301115586e-09	8.5379177369373e-09	-0.688
PRIM2	4.61684344871476	1.4774944436364e-09	8.61453404554217e-09	-0.7887
DHCR24	8.70304216552838	1.47790976285265e-09	8.61453404554217e-09	-0.6436
TNPO3	7.24235402111195	1.47855514294988e-09	8.61554506533453e-09	-0.6522
UBTD2	5.13821442011992	1.53468263145711e-09	8.93689509406091e-09	-0.7127
POLR3K	4.3248036147172	1.53865887213788e-09	8.95433738276988e-09	-1.0502
EXOSC9	5.18923978483285	1.55127898595308e-09	9.02202904350411e-09	-0.8209
DAP3	7.0797935475387	1.57201075368257e-09	9.13969054752513e-09	-0.6703
SMC1A	7.6025226516079	1.59076229328672e-09	9.24282508791925e-09	-0.7666
CASP2	5.52365216925844	1.59140957307032e-09	9.24364402353542e-09	-0.743
PRICKLE3	3.4061025544411	1.63478065003593e-09	9.48650843835220e-09	-1.1043
SH3BGRL3	6.44686583702181	1.64362677008547e-09	9.5348110310392e-09	-0.9753
CSF1	2.90552417487228	1.64642523259115e-09	9.54801113284115e-09	-1.2388
TNK1	3.38696117253245	1.65853663905086e-09	9.61214123254366e-09	-1.1508
CWC27	5.84863776331277	1.69698319330345e-09	9.82871991654434e-09	-0.7649
PGD	6.64099007208213	1.77590716927833e-09	1.02728014202615e-08	-0.7182
PRRX2	-0.321405565312464	1.79586800887232e-09	1.03849750934346e-08	-7.0902
MAP7D3	5.87990856533747	1.85631366153243e-09	1.07107655514968e-08	-0.7775
NDNF	-0.355876394717834	1.86177148082137e-09	1.07381961501743e-08	-7.0491
TMEM167A	7.3737400319462	1.86224413954053e-09	1.07381961501743e-08	-0.6752
NUP35	5.31183412517663	1.91355748748883e-09	1.10260036230737e-08	-0.6773
GPATCH11	4.36739347855273	1.91396831077566e-09	1.10260036230737e-08	-0.866
HIVEP2	4.82117617949123	1.95018789122852e-09	1.12275717887947e-08	-0.735
STMN1	6.75787167350405	1.96947310730954e-09	1.13314532136915e-08	-0.6299
UBTF	6.92172283322483	1.98276985190526e-09	1.1404362450026e-08	-0.8171
PSMD6	6.22865808346039	2.02484503050099e-09	1.16353701217583e-08	-0.6363
RUVBL2	6.6428975131893	2.08356690254163e-09	1.19690363035872e-08	-0.664
WBSCR22	6.16685092247022	2.08484296478218e-09	1.19725992969687e-08	-0.8391
MTERF3	3.93276062164881	2.1099156146032e-09	1.21089655643496e-08	-0.9116
ZNF530	3.67767253625813	2.112376725312e-09	1.21192801688548e-08	-1.1931
SLC2A9	-0.15898794572653	2.12984696380342e-09	1.22156726896624e-08	-4.9247
ZFAND1	7.48782765989842	2.13871518902485e-09	1.2262683571243e-08	-0.6285
RGMB	3.16256755215078	2.15134627105531e-09	1.23312331316752e-08	-1.1152
PPP1R12B	4.92604879192948	2.1620415588569e-09	1.23886474257663e-08	-0.7116
RFC5	5.75637106118247	2.17075500878293e-09	1.24346731849204e-08	-0.6656
GTF2E2	5.40006752906367	2.28461964890031e-09	1.30623289415359e-08	-0.7366
PPIF	5.74011540657631	2.2879798404153e-09	1.3077445199318e-08	-0.6647
RBM27	6.45223523927405	2.36006167372555e-09	1.34641518486043e-08	-0.6354
FAS	2.98086989586629	2.37348152404646e-09	1.35364819440775e-08	-1.2616
KHSRP	7.90313501165867	2.39581380118172e-09	1.36480948106304e-08	-0.7594
DDX28	4.31855590636572	2.39604206113445e-09	1.36480948106304e-08	-0.8075
MVK	3.51834646339631	2.41506567915925e-09	1.37435907227965e-08	-1.0307
LOC105371921	0.608307901326417	2.43923975875119e-09	1.3872511226094e-08	-2.948
SLC9A2	-0.0999046995048871	2.46700068532062e-09	1.40252088513945e-08	-7.3502
POC5	4.04366106546555	2.46762548371379e-09	1.40252088513945e-08	-0.8748
UBE2S	6.8963406915106	2.50323819210710e-09	1.42231921677893e-08	-0.6476
FAM57A	4.54851299835176	2.53842264394642e-09	1.44141349262475e-08	-0.7992
CHRAC1	4.73670066231999	2.62626752929462e-09	1.48990491034191e-08	-0.8166
CERS6	5.18752454304149	2.65630880648508e-09	1.5064794523514e-08	-0.6789
FOXRED2	4.42713658575548	2.80694765143688e-09	1.59042943279428e-08	-0.8374
TMEM185B	5.63754168352993	2.82620031725538e-09	1.60084123462036e-08	-0.6486
PLAA	5.4216383107942	2.86786653682866e-09	1.62313965067939e-08	-0.7526
ASUN	6.31533245871867	2.86823428631229e-09	1.62313965067939e-08	-0.7538
Jan-01	5.64509345457143	2.8956467207468e-09	1.63814460904721e-08	-0.6638
MAST2	6.27950857932012	2.89835936942609e-09	1.63917127163081e-08	-0.631
GLIPR1	1.39593622310667	2.95763287276526e-09	1.67165776239017e-08	-2.1238
HCFC1	6.56766240241584	2.98251593713552e-09	1.68519996745113e-08	-0.7003
NRP1	7.82028925282767	2.99146265998796e-09	1.68973212626053e-08	-0.6334
BCL9L	6.71897853661154	3.0327638893346e-09	1.71253131963169e-08	-0.7127
KIAA0226	4.57883507079523	3.03893470670466e-09	1.71548521971553e-08	-0.7836
TBC1D4	5.018953644764	3.04225102962804e-09	1.71682642339689e-08	-0.7163
LRRC8C	3.51414949495269	3.05405280992459e-09	1.72295389672384e-08	-1.0668
FAM13B	4.76642957385008	3.11501196912045e-09	1.75571653313563e-08	-0.7284
GTPBP6	1.37133758866779	3.177321818376e-09	1.78862741647463e-08	-2.5769
WDR92	4.63338727583741	3.19243005421449e-09	1.79657839302527e-08	-0.8027
CCDC137	5.6535197609121	3.31161425399502e-09	1.86135559793513e-08	-0.717
NT5DC1	5.17600424309826	3.33757042417116e-09	1.87536736422495e-08	-0.6755
TNFSF9	1.6459483868251	3.34513305162986e-09	1.8790384304786e-08	-2.116
CBWD1	5.94883488871846	3.34794136084101e-09	1.88003744950826e-08	-0.6798
NOL7	6.7138354354636	3.37747872653326e-09	1.89604094808091e-08	-0.6725
PDP1	4.52237894739806	3.49234890921513e-09	1.95811798791866e-08	-0.8138
VPRBP	5.39172912826879	3.56868765686909e-09	1.99907830204977e-08	-0.6663
ABCA13	-0.070326083728551	3.61728563689038e-09	2.02505877298592e-08	-5.028
SNRNP25	4.72049495422419	3.67107511780436e-09	2.05454161099437e-08	-0.7576
COLGALT1	5.75320237293781	3.6884459022753e-09	2.06363065865577e-08	-0.6464
RNASE1	-0.39159169874665	3.74268231909598e-09	2.09269244770034e-08	-7.0045
NUDT9	5.29013715358673	3.81167304716856e-09	2.12996336544565e-08	-0.6883
MATR3	8.39091012495958	3.83575749212828e-09	2.1427658744276e-08	-0.6386
AOC2	1.92224733700802	3.92231771992498e-09	2.18844230730289e-08	-1.7202
SLC28A3	-0.0406410657833268	3.92649598894778e-09	2.19010420941737e-08	-4.187
PRMT1	6.99777170194002	4.02121560230773e-09	2.24156677971694e-08	-0.7134
PA2G4P4	2.48266038876816	4.09607026880213e-09	2.28050804596681e-08	-1.4497
LRRC8B	6.15657013780872	4.14092500799578e-09	2.3047782605479e-08	-0.6284
FAM135A	5.61194256335592	4.1963222783784e-09	2.33418828501146e-08	-0.6411
RRM1	7.05559213399792	4.24813755057664e-09	2.36229056117353e-08	-0.6573
DHODH	4.36434004084653	4.2691649431408e-09	2.37199148373465e-08	-0.8367
HNRNPH3	8.12278332989385	4.26948072718671e-09	2.37199148373465e-08	-0.8493
GABPB1	4.71126317314029	4.39171018580613e-09	2.43693194991114e-08	-0.7384
INCENP	6.65042273909882	4.45288739154074e-09	2.46937764945224e-08	-0.8502
C10orf2	5.18719830350742	4.52240562680354e-09	2.50693620377342e-08	-0.788
POGK	6.23768311750814	4.52336100746584e-09	2.50693620377342e-08	-0.6671
BUB1B	6.64274391793687	4.54392167685498e-09	2.51756704499741e-08	-0.6746
KLHL11	4.46425173675022	4.56803910470376e-09	2.53016146527524e-08	-0.9668
NFKB1	5.6799594760545	4.61060976087968e-09	2.55296608415588e-08	-0.6608
ZPR1	5.55105250480397	4.62037575634019e-09	2.55759793231493e-08	-0.7974
LINC01116	-0.040565162974433	4.82156363721483e-09	2.66653940505889e-08	-4.1866
HIRIP3	4.4266119406591	4.82674314516159e-09	2.66859548328498e-08	-1.1588
SSX2IP	5.64618787668033	4.8919939442556e-09	2.70385229931366e-08	-0.6903
RIN3	3.98946899252667	4.89351268126925e-09	2.70387310863352e-08	-0.9574
PM20D2	6.47612421857284	4.8992503793419e-09	2.70622435477355e-08	-0.6345
IFITM1	3.27318190239637	5.01025645470977e-09	2.76586760922835e-08	-1.4205
PNN	8.18700512222547	5.0274658496631e-09	2.77452891630743e-08	-0.8467
C4orf32	4.28556579011149	5.07606088168594e-09	2.79965460592322e-08	-0.7978
RQCD1	5.99621245085867	5.14133617210244e-09	2.8348001557808e-08	-0.6259
CDC25C	4.52984232012096	5.15303917296062e-09	2.84039502239037e-08	-0.8144
BRF1	4.67740916615767	5.2789736650538e-09	2.90805501596929e-08	-0.8065
CHCHD4	3.94106502897239	5.45642759089241e-09	3.00459008276952e-08	-0.918
USP15	6.23506216001624	5.45851904609635e-09	3.00459008276952e-08	-0.6336
DYNLL2	7.04478014620808	5.45915058312143e-09	3.00459008276952e-08	-0.7778
NDUFS6	7.3586092039638	5.65806309100298e-09	3.11031616348541e-08	-0.7721
KCNF1	-0.222555961625836	5.6800707532388e-09	3.1214741622856e-08	-7.2044
PGM2L1	5.2369595007993	5.69342972370937e-09	3.12693300349092e-08	-0.7117
FBN2	-0.221253077356303	5.72090271134541e-09	3.14107668867133e-08	-4.8484
ARMC6	4.00713484976854	5.74859109550419e-09	3.15533009740002e-08	-0.8549
ZCCHC10	4.84562279905305	5.84707372170934e-09	3.20745726753382e-08	-0.7043
NUDT8	1.61680732393938	5.8672249600307e-09	3.21729986879475e-08	-1.8965
PLGRKT	3.8058196202997	5.90781963604896e-09	3.23786116108405e-08	-0.9334
CCT4	8.42551572479422	6.09130078367326e-09	3.33613128171983e-08	-0.6643
LGALS12	-0.25487761188757	6.13107369773028e-09	3.35618834859862e-08	-7.1661
AP2B1	7.64183200613571	6.22255239785700e-09	3.40524330261623e-08	-0.6328
LOC101929705	2.16918664392007	6.25282954792794e-09	3.42078682130574e-08	-1.5039
NOL12	3.91788422335277	6.27253116237653e-09	3.43053711504931e-08	-0.9942
NCEH1	6.93941882211319	6.32513723091361e-09	3.45723668525625e-08	-0.6065
ITCH	7.06808920080631	6.33675455916873e-09	3.46254987225934e-08	-0.6095
SMYD4	4.46499769542638	6.40857763855219e-09	3.49865410793687e-08	-0.8033
LOC102724159	4.0108803496417	6.46003091576437e-09	3.52463611470993e-08	-0.8973
BCL2L1	7.33928721112627	6.88339100676909e-09	3.75225996475296e-08	-0.6198
DLGAP4	5.33847745275644	6.89080955295188e-09	3.75518266264745e-08	-0.7146
GMFB	6.70683381224373	7.02103932115883e-09	3.82386914818245e-08	-0.6268
C12orf4	5.18690273987274	7.12581778290405e-09	3.87977719787344e-08	-0.7215
DARS	6.88301049674567	7.18866861253337e-09	3.91166420835795e-08	-0.6138
LOXL3	1.68676731187139	7.21501900048263e-09	3.92483274352833e-08	-1.7763
LHFPL2	5.32995542350326	7.26027675349669e-09	3.94827561548513e-08	-0.6824
EIF2B4	5.02550072563558	7.29580758431562e-09	3.96641641629738e-08	-0.6757
TNPO2	5.62265260194556	7.34095784159194e-09	3.98977452682651e-08	-0.7058
STC2	6.943617749653	7.44626215828207e-09	4.04339565620456e-08	-0.6202
PRPF19	6.65387220636157	7.45060386131570e-09	4.04455022575615e-08	-0.7552
TK1	5.93875440726582	7.60953916077844e-09	4.12592060942e-08	-0.6868
PCCB	5.44941512566001	7.83906893425671e-09	4.2453290555856e-08	-0.6742
HPS3	5.48261683051936	7.86895538807572e-09	4.26025058021087e-08	-0.6757
THOP1	5.75656368585476	7.99793632422904e-09	4.32879708079233e-08	-0.6504
CPOX	4.77284600762173	8.19204117447453e-09	4.42860241875058e-08	-0.7609
LAP3	6.51039220514665	8.23687727879864e-09	4.45152254593688e-08	-0.6059
S100A14	4.80327032437792	8.31624124923265e-09	4.49308375986953e-08	-0.8423
CDON	2.36267361117385	8.44446476693828e-09	4.5610103190895e-08	-1.4142
UBE2N	6.92532086661702	8.47373587054904e-09	4.57546649076437e-08	-0.6632
ESYT1	6.1857449935877	8.60145805283843e-09	4.64031377696863e-08	-0.6133
LDHA	10.7397769453983	8.68309623026585e-09	4.68158903661351e-08	-0.7318
KRT7	10.8054540872153	8.69763756027174e-09	4.68804462061768e-08	-0.6563
ZC3H15	7.38585216712596	8.70293884165589e-09	4.68951745847904e-08	-0.7515
FAM98B	5.73472237602124	8.71287352306905e-09	4.69348536551043e-08	-0.6348
EMD	5.74246944110285	8.88131415262957e-09	4.78281035900901e-08	-0.722
FAM208B	6.13348772523962	9.09379509503532e-09	4.89434915256382e-08	-0.6467
GRB14	4.20435621258532	9.17862350415172e-09	4.93418582720241e-08	-0.8229
CSF1R	1.56092823078558	9.29662516438591e-09	4.99351370069966e-08	-1.9985
SYNM	3.61508633556362	9.32745977199598e-09	5.00829722345761e-08	-0.995
PCDHB13	2.4989738855152	9.50454695601064e-09	5.0988836094308e-08	-1.3949
MRPS10	5.93089828640048	9.74954411362341e-09	5.225709845517e-08	-0.6333
ANGPTL4	1.78556011752572	9.82900888951782e-09	5.26675627493506e-08	-1.7155
SMC1B	1.36274421473639	9.90827959802294e-09	5.30611769848949e-08	-2.0064
SDAD1	6.2413631331139	9.98983821161259e-09	5.34665747262385e-08	-0.6098
ANAPC1	6.4410532792107	1.00756355820446e-08	5.38626070822271e-08	-0.6059
GLMN	4.86988339797355	1.01108002622393e-08	5.40347686145902e-08	-0.749
WDR82	6.63315868197324	1.01951080040441e-08	5.44534498893589e-08	-0.6934
IRAK1	8.10351883405534	1.03301636346344e-08	5.5158662566214e-08	-0.5986
UHRF2	5.22449067344376	1.03942413327837e-08	5.54845818044735e-08	-0.6922
CHUK	5.03500140346755	1.05112734467003e-08	5.60928991648524e-08	-0.6961
MKNK1	5.17497338753364	1.06312686257109e-08	5.67166686238976e-08	-0.6571
PTGES3	8.7833355613231	1.07837451118944e-08	5.7513307263437e-08	-0.6512
ABCB7	5.58614781975005	1.0851562011354e-08	5.78412017749716e-08	-0.6468
MRPL21	5.71952593879903	1.11103564439512e-08	5.91515506680586e-08	-0.6369
SAR1B	5.60462064743193	1.11188317770909e-08	5.91794148462309e-08	-0.708
ABCC2	6.70816915781965	1.12030447118323e-08	5.95928858564133e-08	-0.6019
DDX55	5.49364259023308	1.1226932946408e-08	5.97025598222033e-08	-0.6459
SLC27A5	4.01341756384738	1.12742718480684e-08	5.99368395044662e-08	-0.9035
HEG1	1.83817677914533	1.13017488368468e-08	6.00479414334912e-08	-2.026
PPID	6.07808485579028	1.13059384198571e-08	6.00527238268579e-08	-0.7668
LBH	0.0675125498868014	1.13278914112619e-08	6.01518282734139e-08	-3.7553
ZNF593	4.5865944687755	1.14324842468197e-08	6.06895703431055e-08	-0.7248
IRAK2	3.1354963645375	1.14489437385741e-08	6.07592781661074e-08	-1.0758
BNIP3L	6.25112452580165	1.14837059055883e-08	6.09260491172392e-08	-0.6264
DR1	6.26823973698356	1.14975238020055e-08	6.09816369928568e-08	-0.62
CXCL1	3.02280311259643	1.15718775932102e-08	6.13581752371899e-08	-1.1869
FAXDC2	1.60001843857949	1.16374867755245e-08	6.1688141281642e-08	-1.8796
RNASEH2A	4.8441670720427	1.18475147179917e-08	6.27468026375565e-08	-0.7754
DDX26B	2.64223528273464	1.21227936266177e-08	6.41675037539963e-08	-1.2933
ALDOA	9.02786674007791	1.26268905662228e-08	6.67196857241571e-08	-0.6225
GTF3A	6.62982452571717	1.26487009096841e-08	6.6815591379396e-08	-0.7417
SFPQ	8.95361556725556	1.26671813226308e-08	6.68745119219049e-08	-0.6748
HIPK2	7.4006448344449	1.29369631774108e-08	6.82593062909862e-08	-0.6312
EMC3-AS1	3.42122901726713	1.29939557273491e-08	6.85402068068435e-08	-0.9855
PSMF1	6.77639390294962	1.34101966741667e-08	7.06745238116591e-08	-0.6506
CLPTM1L	4.9994820146111	1.37300033179361e-08	7.22765111223305e-08	-0.8395
AKT1	6.33971569211044	1.37719895980998e-08	7.24766336416576e-08	-0.6543
NDC80	5.49488787629417	1.39377439321599e-08	7.33277963185909e-08	-0.7388
PTBP1	8.49937899534342	1.41537609056883e-08	7.43999594282308e-08	-0.6296
PHB	8.11161014247865	1.41585106200479e-08	7.44035031317199e-08	-0.6049
NLN	6.55211874129808	1.44683751680636e-08	7.59444097378289e-08	-0.6703
PKN1	5.68175530393776	1.45285579823779e-08	7.62383887686954e-08	-0.6343
MAN2A1	6.62726167771709	1.45943562345715e-08	7.65616573041197e-08	-0.6489
CTC1	4.24013506818073	1.46653209040239e-08	7.69118352266189e-08	-0.8434
ILF3	8.48286151968736	1.48189710496674e-08	7.76953289726389e-08	-0.6107
ZNF431	4.09107824963662	1.48779450261145e-08	7.79821316097463e-08	-0.8419
DCLRE1A	4.44852817902762	1.49954750154516e-08	7.85530536247012e-08	-0.857
NUP98	6.79319760030261	1.50703439381099e-08	7.8899971016385e-08	-0.6021
SART1	6.73179175874761	1.51438926396724e-08	7.92623004672764e-08	-0.8977
NPTN	6.58830130061425	1.53961652600475e-08	8.05365022886611e-08	-0.6022
HYOU1	7.23044583041786	1.55144309556429e-08	8.113189674197e-08	-0.6213
FGD6	6.56732764313556	1.57425198689706e-08	8.22775387139784e-08	-0.6254
KCNMA1	-0.253380285440963	1.58674825315002e-08	8.29069150243466e-08	-4.8096
NUP54	6.08159680352235	1.6330818544714e-08	8.51085993012558e-08	-0.6224
IVL	-0.255069760313614	1.65686260551441e-08	8.63232983055681e-08	-7.1633
PBRM1	5.93833610453472	1.6591540013581e-08	8.64180183988404e-08	-0.6267
ADAMTS16	3.12659216068282	1.67894019182687e-08	8.73738088426208e-08	-1.0922
RALGAPA1	4.60554390994169	1.68639904739792e-08	8.77119686874543e-08	-0.7422
SNRPG	7.80954191198678	1.72039106420618e-08	8.94544553350838e-08	-0.7404
TPBG	5.02539817264776	1.72177138073214e-08	8.95007355542311e-08	-0.6801
SRSF5	7.47958873321396	1.7242727526679e-08	8.96052472892264e-08	-0.7025
ARHGDIB	7.96139162634209	1.72701323742489e-08	8.97221219761773e-08	-0.5995
TRMT1	5.09734523972298	1.73607293645522e-08	9.01414889872766e-08	-0.6592
GTF2H2B	2.92363581394351	1.78586625681453e-08	9.2614256888943e-08	-1.3189
BATF2	0.810056051993537	1.78623355886267e-08	9.2614256888943e-08	-2.416
DNAJC2	6.61800532440943	1.81021621238512e-08	9.37778296631747e-08	-0.8856
PCDHB14	2.93218657709985	1.85269230103964e-08	9.58966562171243e-08	-1.1531
IBTK	5.90330750931151	1.87184683496505e-08	9.68606457458108e-08	-0.6143
TOE1	3.60716690341388	1.94168153641253e-08	1.00417388466706e-07	-0.9414
GOLGA5	5.90176323252081	1.99937638924705e-08	1.03342625600493e-07	-0.7311
ANKRD50	5.59929849341282	2.00450421077148e-08	1.03578343820674e-07	-0.6282
DDX27	6.82492995883557	2.01936761726801e-08	1.04297577956425e-07	-0.6769
PTCD2	3.52268953347695	2.02899391992068e-08	1.04696555980969e-07	-0.948
ANAPC5	6.49391612253601	2.02901191422364e-08	1.04696555980969e-07	-0.6544
OR4C6	0.310373101317569	2.1445021960339e-08	1.10406181869134e-07	-3.646
DYNC1LI1	5.05955255179387	2.16620187063641e-08	1.11491912462189e-07	-0.6717
AIM2	-0.464805361688393	2.17805680961705e-08	1.12038898609098e-07	-6.9165
ANKRD33B	4.97023404501388	2.18321523383995e-08	1.12272612137978e-07	-0.7492
GJA1	4.87465623466552	2.19165243393729e-08	1.12674758755165e-07	-0.7533
RTCB	5.97164069829991	2.24789406941688e-08	1.1543615789388e-07	-0.6269
ZIK1	4.67745197902025	2.2946294408795e-08	1.17736804588803e-07	-0.7657
LRIF1	5.29076880379427	2.32352727516344e-08	1.19152567234224e-07	-0.6899
PDK3	4.37929543192227	2.33828819380912e-08	1.19842193335708e-07	-0.7511
CPNE8	3.86613648173017	2.34834481425432e-08	1.2032383645531e-07	-0.8747
HSPE1	7.52052433726744	2.38619161545668e-08	1.22160163016762e-07	-0.7229
CHTF18	4.65258397154258	2.43883736017857e-08	1.24750391839226e-07	-0.7177
KHK	1.03976997006288	2.44194550903778e-08	1.24864575147792e-07	-2.583
PLAT	0.608376698722439	2.49791511560259e-08	1.27665000981077e-07	-2.5909
INTS7	5.24594918364985	2.58083933570116e-08	1.31829331036822e-07	-0.6613
ARL6IP6	4.83623366413714	2.59084847004659e-08	1.32292325002525e-07	-0.7946
PWWP2A	5.30914685099133	2.59135272901528e-08	1.32292325002525e-07	-0.6371
METTL3	5.06777597107807	2.6094300120134e-08	1.33177954429177e-07	-0.7103
VEGFC	3.32060511984122	2.61725946700694e-08	1.33540214728001e-07	-1.0287
DBR1	4.68392930955439	2.64888337691934e-08	1.3507825399173e-07	-0.6936
TMEM97	5.08231609737304	2.68319205499606e-08	1.36751407470709e-07	-0.6633
DARS2	6.38172650646886	2.71637082306374e-08	1.38210885579297e-07	-0.6067
UBE2G2	5.85690961843644	2.76114350556487e-08	1.40449807293375e-07	-0.598
ATG4A	4.32814250058716	2.77287749803738e-08	1.40968119198469e-07	-0.7885
HSPA14	4.70693989586884	2.78069887599375e-08	1.41326388307744e-07	-0.7023
ATP6V0A2	4.29973113612865	2.81864582986558e-08	1.43175287340083e-07	-0.7707
IDH3A	5.61992832180079	2.88716706944955e-08	1.46574310400086e-07	-0.652
METTL21A	4.03317350284518	2.92005618130307e-08	1.48161605463782e-07	-0.8068
MRPS18C	5.91064106539501	2.92694219289135e-08	1.48469732351832e-07	-0.6422
HNRNPU	10.157999423742	2.95894369618723e-08	1.50009653200761e-07	-0.689
MFSD2A	-0.0688041240126611	2.96573108659986e-08	1.50312011984917e-07	-4.1559
ASPH	10.8335301996826	2.99366134414862e-08	1.51685488478427e-07	-0.6475
PRR11	7.67081213857658	3.03083845418741e-08	1.53441449860359e-07	-0.5989
MBOAT1	4.21429058608912	3.03742232329837e-08	1.53732137327793e-07	-0.7905
CYP2S1	3.50098695048231	3.04588674412239e-08	1.54032433242932e-07	-1.4575
ANKRD9	3.41961625496136	3.15270565661003e-08	1.59257870689189e-07	-0.9814
PHKG1	1.6179707820236	3.21541036282227e-08	1.6233554088408e-07	-1.7362
PKMYT1	3.65717314402721	3.3691075671628e-08	1.69813439387421e-07	-1.0174
NHS	4.94761241148417	3.3733092460004e-08	1.69978287593109e-07	-0.6736
PLXND1	2.34776959909944	3.40098286491085e-08	1.71278188087759e-07	-1.3364
CTGF	1.87156543197671	3.40601507859002e-08	1.71484311292718e-07	-1.8266
SLC25A13	6.06837822866878	3.41406963930195e-08	1.71842446471179e-07	-0.5914
PTDSS1	5.52200982658713	3.41528720836277e-08	1.71856348610449e-07	-0.6189
EPHA2	6.29352587559262	3.46307688939226e-08	1.7421309366973e-07	-0.6082
HNRNPA1	10.9066519992358	3.53524947697405e-08	1.77599104159709e-07	-0.6828
MED31	2.99642476529515	3.64710279434622e-08	1.83117460433401e-07	-1.2651
ZNF146	7.44217068068638	3.74182675187595e-08	1.87821801435929e-07	-0.5895
FAM177A1	4.66915148955909	3.77529101648306e-08	1.89449457935445e-07	-0.6963
SSSCA1	5.12548598513783	3.79234662994347e-08	1.90253036758033e-07	-0.7396
SHB	5.18992256464964	3.86069072550234e-08	1.9352215783847e-07	-0.6342
ZNF542P	4.56211400098072	3.95388474082456e-08	1.98084851340541e-07	-0.8526
ASF1B	4.93226627590935	3.99295460710543e-08	1.99822859943302e-07	-0.7204
PSMC4	6.14456581436032	4.05789898198657e-08	2.03017275459432e-07	-0.6198
DNTTIP2	7.50168190690603	4.10379230950553e-08	2.05257075074885e-07	-0.7044
ITGA3	8.71120629133157	4.10578382429782e-08	2.05300436856699e-07	-0.5933
APTX	5.01980960605481	4.13671368808279e-08	2.06790375382364e-07	-0.6521
SLC25A19	2.72541923432386	4.15373977582398e-08	2.07527841673351e-07	-1.4533
CSPG5	0.534946383808409	4.25467883274813e-08	2.12503246285483e-07	-2.669
SV2A	0.915796090342484	4.25565221527019e-08	2.12503246285483e-07	-2.3087
GCSH	6.16526540663259	4.27963435976389e-08	2.1358393896077e-07	-0.6905
GFM2	5.47671067845493	4.28555880598901e-08	2.13821157589875e-07	-0.6521
UTP6	5.72194868752379	4.31384287285767e-08	2.15173539581666e-07	-0.6913
EPCAM	8.95228156971385	4.37114905699486e-08	2.1783569957013e-07	-0.6618
MPP7	5.91854434136511	4.37198730951444e-08	2.1783569957013e-07	-0.6046
DDX18	7.68653835742036	4.46367279650282e-08	2.22271722305284e-07	-0.5937
THOC1	5.28483420816005	4.46880158702887e-08	2.22416689675024e-07	-0.6622
SUMO3	6.54608963379788	4.54375931392599e-08	2.26024169032787e-07	-0.6526
LOC101927727	-0.504342287837486	4.56112520546041e-08	2.26826210163131e-07	-6.8612
USP16	5.80287192475704	4.63560047179747e-08	2.30467108423569e-07	-0.5902
MGAT5B	1.60809208885284	4.6608091307755e-08	2.31594261000102e-07	-1.7237
DHRS4	3.29872723351552	4.66958575946557e-08	2.31967231632118e-07	-1.3763
CNN2	6.90585493817478	4.68994564316143e-08	2.32915254792043e-07	-0.6171
CASC8	4.97151197770943	4.80068760457519e-08	2.38220584150923e-07	-0.8469
ALDH3A2	5.74589527770415	4.8554158323778e-08	2.40870846293177e-07	-0.6419
PSMC5	7.10727371501498	4.89131248583676e-08	2.42585712419006e-07	-0.619
RRP7A	5.82178798331599	4.91383274510202e-08	2.43636422038519e-07	-0.5897
COPS6	7.26292464008425	4.96899240426419e-08	2.46139244049767e-07	-0.5646
PRMT3	5.37643708900955	4.96970450025986e-08	2.46139244049767e-07	-0.7336
CDK2AP1	5.86101650363841	5.02586751232891e-08	2.48785892909643e-07	-0.5997
ZNF738	3.87778657679068	5.02932847100243e-08	2.48889727749039e-07	-0.8896
RBBP8	6.03121450813433	5.0695071280068e-08	2.50810087070168e-07	-0.6617
COL24A1	0.0138928398648746	5.11691047818156e-08	2.53086745298517e-07	-3.6873
Mar-03	0.217196346851779	5.15838833875751e-08	2.55000101576922e-07	-3.1907
PSMC3	6.44103685207609	5.16323552165238e-08	2.55170621773919e-07	-0.6757
EIF2AK4	5.65600385343515	5.17686359909785e-08	2.55774890027417e-07	-0.6101
FANCE	2.16968287789396	5.25980714561133e-08	2.59764277430074e-07	-1.4074
TNFRSF10A	4.02334619928379	5.26045428165526e-08	2.59764277430074e-07	-0.7986
COMMD10	4.70701550541023	5.39933308563738e-08	2.66334030833277e-07	-0.7403
NUBPL	4.47195151476252	5.41005430237658e-08	2.66790792393805e-07	-0.7719
GOT2	7.89879753820041	5.46304616174928e-08	2.69331273910059e-07	-0.572
MSH6	6.76443553439226	5.47562186737398e-08	2.69878382318519e-07	-0.6074
SAP30	3.85034995323527	5.48482717421431e-08	2.70259122516751e-07	-0.8839
SAMD9L	5.41576617853762	5.49054590795522e-08	2.70467906356261e-07	-0.6191
DHX35	4.20905942305954	5.50484088054247e-08	2.71025822856481e-07	-0.7583
LINC00925	-0.583917996238109	5.65817436142313e-08	2.78125016537805e-07	-6.7627
SAAL1	4.59733106921869	5.76264551710788e-08	2.83184001508268e-07	-0.7885
ACTR10	5.68175725268266	5.99506821819244e-08	2.94288694249317e-07	-0.6851
MRPL36	4.87719142437969	6.03760534718286e-08	2.96297105425189e-07	-0.671
RNPS1	6.96543864186647	6.11096031700653e-08	2.99655362737768e-07	-0.5624
CENPE	7.31632755694588	6.16677485531984e-08	3.02229910761662e-07	-0.6691
P3H4	3.9914889947049	6.18853582597973e-08	3.03133646469241e-07	-0.9202
USP31	3.95556895170048	6.23056754905726e-08	3.05110625471001e-07	-0.8134
HMMR	7.24708650203492	6.31877998853434e-08	3.09181579926783e-07	-0.6205
SRP54	6.46610361994192	6.50454837316192e-08	3.17930482196637e-07	-0.6198
GALNT10	6.29183292456788	6.52196573050739e-08	3.18635378374472e-07	-0.5737
NOP10	6.50797508363442	6.74849638580993e-08	3.29501337307692e-07	-0.606
SORL1	5.83995688202988	6.78253676709334e-08	3.30986343811965e-07	-0.5765
CSRP1	5.72225259614974	6.78669669382089e-08	3.3110084137465e-07	-0.5884
MRPS30	5.8069046548986	6.80346719732828e-08	3.31830342384251e-07	-0.6567
EFTUD2	7.34608649032593	6.83247342759415e-08	3.33156076106193e-07	-0.6186
GMNN	5.27534397248183	6.84392881414383e-08	3.33625539201628e-07	-0.643
KIF25	-0.428790413473536	6.95291910275513e-08	3.38667265581371e-07	-6.9518
AKAP12	0.06883577218156	7.04323531644312e-08	3.42974937148535e-07	-3.7642
KDM1A	6.96402633018784	7.14442934741653e-08	3.47717147871064e-07	-0.5673
DSG2	8.83813755398205	7.1971759400435e-08	3.49911169005151e-07	-0.6017
SHC1	6.19940327064319	7.55061722386983e-08	3.66606563933425e-07	-0.6604
PPIH	6.35287739277089	7.56327912191708e-08	3.6712370021196e-07	-0.5763
MCCC2	6.80442935157745	7.5791201255244e-08	3.6779483522481e-07	-0.5683
CGRRF1	2.68825083213039	7.60412953567847e-08	3.68812403834607e-07	-1.2304
MBNL1	7.98619772283242	7.61784593784862e-08	3.69379536364846e-07	-0.5656
UBIAD1	3.47761378639729	7.72170501692113e-08	3.74216742205766e-07	-1.0671
SRBD1	5.20128347019354	7.77753233481009e-08	3.76765164087321e-07	-0.6713
F8A1	3.98415697448504	7.77841752544432e-08	3.76765164087321e-07	-1.3015
SFXN5	4.01902563118278	7.81989532318507e-08	3.78573346645629e-07	-0.7774
SNORD87	1.75156576720171	7.83049104857199e-08	3.78985802181151e-07	-2.0112
UBQLN4	5.98379876336898	7.83288396860689e-08	3.79001138963391e-07	-0.6525
LOC101927027	3.18225883644346	7.86552026916883e-08	3.80479433052321e-07	-1.0176
CDC23	5.71643117869193	7.89984719817946e-08	3.81836405745206e-07	-0.6143
C2orf82	1.51558735166492	7.95497212655773e-08	3.84399076607829e-07	-1.7649
PPP1R14B	8.18287262932338	7.96273992164354e-08	3.84570846586043e-07	-0.7536
SUPT4H1	5.83987729994135	8.03643005515762e-08	3.87924556020512e-07	-0.5833
HIST2H2AC	1.62616450287933	8.06124930570957e-08	3.8901973916213e-07	-1.6435
ZNF257	3.12033875018282	8.0888701567583e-08	3.90146403122271e-07	-1.2058
SPTLC2	6.1533684327292	8.10442244986256e-08	3.90586948903619e-07	-0.5742
MMS22L	4.97004590655967	8.35884476150784e-08	4.02317611299992e-07	-0.6682
BCAT2	4.12534121234318	8.41558859906169e-08	4.04835271316127e-07	-0.7563
IL1A	0.437444759549466	8.46472847671237e-08	4.07091894285724e-07	-2.9516
HIP1	5.61545591971802	9.1401224426058e-08	4.38764331612442e-07	-0.5904
BCAS2	5.96697137064777	9.45309967904766e-08	4.53430866370715e-07	-0.6336
VAC14	5.86212078901767	9.46188724523938e-08	4.53733158784056e-07	-0.6023
NDUFB6	5.63516146346334	9.46438407120741e-08	4.53733706943179e-07	-0.7367
ACOT7	4.14594119111415	9.47599911207346e-08	4.54171277999509e-07	-0.7483
ATIC	7.49037389023299	9.53033643956149e-08	4.56416112383616e-07	-0.5617
ASNSD1	5.88468836509859	9.71440573249138e-08	4.64743687244137e-07	-0.6173
ORC5	4.88253138130474	9.74352239821985e-08	4.65892469622581e-07	-0.6777
TRERF1	2.47628717773578	9.82195383966684e-08	4.69519741547415e-07	-1.2143
IQGAP1	8.00492459728205	9.97419900756624e-08	4.76423278603164e-07	-0.6051
ANO1	-0.355144381151729	1.01751820454968e-07	4.85769151209701e-07	-4.682
EIF1	8.63454188978636	1.01924607607988e-07	4.86466833069657e-07	-0.7383
ORC2	5.90122828263656	1.02239442776335e-07	4.87841941276732e-07	-0.5692
NDUFAF6	4.47879257845746	1.06322638252596e-07	5.06795322177387e-07	-0.7102
DLAT	6.21605935027063	1.06495643619054e-07	5.0748746277981e-07	-0.5625
TOMM6	6.49467821218267	1.0795410228288e-07	5.14303259727627e-07	-0.6546
NSL1	5.3365347202926	1.09577856161242e-07	5.21630597673961e-07	-0.6125
POLD3	6.00136579276747	1.10022441332482e-07	5.23610450721009e-07	-0.5932
HECTD1	7.46154247221495	1.10588646622433e-07	5.26079622984438e-07	-0.5694
KIAA0922	5.09843718087474	1.1059890408711e-07	5.26079622984438e-07	-0.6499
TMCO6	3.00675627729356	1.12175335902391e-07	5.33439159216999e-07	-1.0488
ZNF18	2.7762587479217	1.12728918143056e-07	5.35792535698941e-07	-1.2194
PAQR3	4.61543916817735	1.13178835536607e-07	5.37790947828294e-07	-0.6853
ACTB	11.0349446049024	1.13582499869651e-07	5.39568596830692e-07	-0.7226
CDKL1	3.07409842187901	1.13782327134597e-07	5.40377253946201e-07	-1.0602
RNF34	5.23620350724824	1.1543912209367e-07	5.48103150310025e-07	-0.6341
MDFI	2.59480332742749	1.1811006644359e-07	5.60493208472621e-07	-1.245
PDIA6	7.51688604215803	1.18317524883278e-07	5.61331791649979e-07	-0.5679
XPO6	6.13660242230376	1.19934218461066e-07	5.68558580167545e-07	-0.5677
RASA1	6.64810613765143	1.21118096182862e-07	5.74021797485549e-07	-0.5726
VAV1	3.51337032704166	1.22940806818322e-07	5.82206840278931e-07	-0.924
GPRIN1	3.75081745222491	1.23684771124566e-07	5.85426285105025e-07	-0.8595
LOC102724927	-0.253882261756024	1.24269552453998e-07	5.87889336512099e-07	-3.9174
ZC4H2	4.08452435655665	1.24458283571048e-07	5.88629643749494e-07	-0.7726
SENP1	5.01401695991652	1.24720023261977e-07	5.89714774584473e-07	-0.7298
TMEM14B	6.39498794740892	1.2531336732524e-07	5.92366865326148e-07	-0.6174
LONP1	6.4794272041519	1.27948868129439e-07	6.04355636887719e-07	-0.5708
CPLX1	2.32801904824548	1.28167865213837e-07	6.05233457667825e-07	-1.4746
USP7	6.6833354362294	1.29022154344659e-07	6.09110020614455e-07	-0.6073
FAM86DP	2.9040866800035	1.29340280789345e-07	6.10454024325307e-07	-1.0596
ALDH7A1	5.14175098246339	1.30541256570534e-07	6.15803922468131e-07	-0.7036
EPHA7	-0.625439343346705	1.32378901308995e-07	6.24311346498839e-07	-6.7103
FAM86C2P	3.00482170826943	1.35249676075878e-07	6.37356243273419e-07	-1.0482
ZNF410	4.8577778356046	1.37489072198734e-07	6.47742065047766e-07	-0.6427
TMED8	6.2179803618888	1.37826164391048e-07	6.49162656636474e-07	-0.5764
CNP	5.18226806332573	1.38996314106583e-07	6.54505212878459e-07	-0.6848
ACADVL	7.74638059766258	1.39347199128248e-07	6.5598825871204e-07	-0.5958
MND1	4.44516995979454	1.40052190519758e-07	6.5913709464519e-07	-0.7149
DPM1	5.81957986857677	1.42537289087573e-07	6.70141836101655e-07	-0.6303
MEPCE	5.90593030486871	1.43136791868296e-07	6.72787145300621e-07	-0.7061
TRIAP1	5.40351406970445	1.4502285934494e-07	6.8130142053557e-07	-0.823
UMPS	5.80061944286318	1.46650987029517e-07	6.88772940368115e-07	-0.6199
ARL5A	6.13852002552677	1.47616513684922e-07	6.92951163237832e-07	-0.572
PRKAB2	5.20089666711861	1.48078355306324e-07	6.94940476728084e-07	-0.599
ARMC1	5.40102465340315	1.57327167009185e-07	7.37208614199096e-07	-0.5932
KDM1B	4.85503559014351	1.60380260233233e-07	7.51129304981504e-07	-0.6753
TTC19	6.55306479545381	1.61671771277347e-07	7.56983805190883e-07	-0.5811
S100A13	6.07874673742181	1.63098796570524e-07	7.63029349240754e-07	-0.6915
GPR35	1.64440892020907	1.63130124347429e-07	7.63029349240754e-07	-1.6666
LRRC58	6.32002333029548	1.63205713254262e-07	7.63187372225871e-07	-0.613
LINC01510	-0.0687683920473837	1.63473030906709e-07	7.63865328373023e-07	-3.5868
TMEM138	4.56190204062865	1.65292056260798e-07	7.72152451150749e-07	-0.7455
AFAP1-AS1	7.51672733929386	1.67075264933957e-07	7.79883926523735e-07	-0.5595
TTPAL	5.21810205085721	1.68572962200269e-07	7.86271844130839e-07	-0.6706
TOR3A	4.71588830073441	1.69115814768941e-07	7.88602379162655e-07	-0.6513
KALRN	4.18457524989887	1.70481261381951e-07	7.94158180094129e-07	-0.7382
UBE2W	7.66846285913081	1.70541509637758e-07	7.94236173455846e-07	-0.6482
HMGCS1	7.48064891840933	1.7185260865431e-07	7.99987599181139e-07	-0.6198
SUB1	7.86339540935051	1.71864119412162e-07	7.99987599181139e-07	-0.6244
SUV39H1	3.46288415034049	1.73298333329858e-07	8.06457908047384e-07	-0.8896
SPATA5	4.7710824870957	1.75693040155166e-07	8.17185258872027e-07	-0.6928
NOP14-AS1	3.43561130573312	1.75792851926662e-07	8.17441239116951e-07	-0.9134
STAM	4.40407811289893	1.76356177216014e-07	8.1985188980279e-07	-0.7571
RBM19	5.50323897785581	1.77806211960467e-07	8.26382435221559e-07	-0.6125
STS	4.36943735608309	1.81929352937496e-07	8.44900093418196e-07	-0.7244
LIF	4.54775747510459	1.8259801450881e-07	8.47574206171582e-07	-0.8054
CDK1	7.12266559113509	1.87271604543617e-07	8.68605287740921e-07	-0.5832
ATAD5	4.84371630718784	1.90768207657182e-07	8.84598526540388e-07	-0.6417
STRN3	6.12407711935995	1.91574086955899e-07	8.8810983531409e-07	-0.5889
POLH	4.14922804187201	1.92421815929681e-07	8.91813321049062e-07	-0.7339
CLDN12	6.72536536071006	1.93479044036935e-07	8.96485641608703e-07	-0.5607
NAMPT	7.6704631152929	1.94323213552295e-07	9.00168634004237e-07	-0.6342
AZIN1	9.61104516792166	1.9834333252612e-07	9.18325102357812e-07	-0.5896
IGF2BP1	5.31815053771834	2.00393806325257e-07	9.27583501083646e-07	-0.5869
NOL9	4.77591371271376	2.00644748092157e-07	9.28509637812527e-07	-0.7381
RHNO1	5.72543799301693	2.01182634915058e-07	9.30762844148327e-07	-0.6191
NXN	5.3843216463356	2.04030527539768e-07	9.43699343999493e-07	-0.6176
SIRPB2	-0.66899095478772	2.04085714575616e-07	9.43715502860295e-07	-6.6518
TMEM154	5.01955730408049	2.07184912670233e-07	9.57561459672854e-07	-0.6424
SDHAF3	4.28233251998594	2.13881731720308e-07	9.87762432149239e-07	-0.7777
ZNF41	3.60942266193836	2.14081842965899e-07	9.88192364239974e-07	-0.9387
PHACTR2	5.21998502363269	2.14884824872894e-07	9.91642407199077e-07	-0.6015
IRF8	0.286868207383574	2.16073888727745e-07	9.96877663031013e-07	-2.7529
KCNK2	2.99119108453591	2.17598087142864e-07	1.00365605833252e-06	-1.1059
SNHG1	6.63051481789927	2.17784350227024e-07	1.00426145434316e-06	-0.6066
TBCE	4.44068768806751	2.19305287507899e-07	1.01076428395461e-06	-0.7241
STK10	4.28060187658662	2.1991856928444e-07	1.01307933405419e-06	-0.704
SYNJ2	5.47387257781808	2.27560138249176e-07	1.04801662055423e-06	-0.568
RNF138	5.16795501192477	2.29412973635626e-07	1.05628329046456e-06	-0.6061
TCP1	7.84834984672093	2.37625601430654e-07	1.09326940013055e-06	-0.613
CD276	5.28948877220374	2.38624415600478e-07	1.0975881408925e-06	-0.6602
FERMT1	6.22217964352041	2.39291533481688e-07	1.100379404343e-06	-0.6031
LRIG3	3.60455864969061	2.41660168702087e-07	1.11071199391372e-06	-0.9103
ABRACL	5.8761796033006	2.45277441447634e-07	1.12677024938803e-06	-0.5741
LINC00460	-0.465234657020746	2.50999448111588e-07	1.15189691420944e-06	-4.5383
FAM71D	-0.465234657020746	2.50999448111588e-07	1.15189691420944e-06	-4.5383
USP39	5.81022331130309	2.58203023718771e-07	1.18406289902283e-06	-0.59
NUP85	5.61213712023608	2.6331969052464e-07	1.20661753770528e-06	-0.5804
NKRF	5.5654404099144	2.65389978155534e-07	1.21579910695293e-06	-0.5814
HMGN2	8.73366810952963	2.68449380783188e-07	1.2291978669621e-06	-0.5886
NR3C1	6.46035107776254	2.68766550622972e-07	1.23029854695162e-06	-0.5473
ANKRD18B	3.22538550589399	2.68824545562555e-07	1.23029854695162e-06	-1.1387
SPRR1A	-0.19098710247225	2.7060376109812e-07	1.23770244483724e-06	-4.8743
WDR87	-0.19098710247225	2.7060376109812e-07	1.23770244483724e-06	-4.8743
CXADR	7.14442469299902	2.74246426955312e-07	1.25322722665737e-06	-0.5339
TMEM170A	5.59329176811404	2.81594218053237e-07	1.28648249368866e-06	-0.6815
CBFB	6.75376948527004	2.82557528825968e-07	1.29056048192316e-06	-0.5638
ZADH2	5.27804443634176	2.84756359962755e-07	1.30027816595299e-06	-0.578
NUCKS1	9.73667153106736	2.88868318424955e-07	1.31773613722288e-06	-0.5701
LPCAT2	-0.668403941912078	2.91788060901498e-07	1.3303903196348e-06	-6.655
CD55	4.84901939743209	2.94292597887979e-07	1.3414745735438e-06	-0.6751
COX16	3.50405204782525	2.94394377052858e-07	1.34160353157189e-06	-1.1021
TCERG1	7.41027978318382	3.01819225352968e-07	1.37509652559116e-06	-0.5539
WNT9A	0.857275384376909	3.06557729530963e-07	1.39552253206002e-06	-2.2383
MRPS9	6.0755242568832	3.06608286376683e-07	1.39552253206002e-06	-0.6691
PDP2	5.49666427129729	3.09517060763195e-07	1.4080596713912e-06	-0.5969
METAP2	7.78893609842025	3.10067282965955e-07	1.41021133976743e-06	-0.6791
DRG2	5.01641846509333	3.10802925716627e-07	1.41320503409284e-06	-0.7066
WIBG	4.938251806148	3.11796960124922e-07	1.4170189952802e-06	-0.6465
RTTN	3.91805476017949	3.12761716416888e-07	1.42104974985234e-06	-0.8266
FUBP1	8.04608512845068	3.13942051307954e-07	1.42605774786713e-06	-0.5921
COL12A1	-0.0407215349898761	3.15354232244988e-07	1.43205134970665e-06	-3.1962
SNRPC	6.76251199892203	3.15418409135104e-07	1.43205134970665e-06	-0.6134
HILPDA	3.65383295605255	3.16063305340088e-07	1.43441929361235e-06	-0.8362
ERI1	5.74711992251514	3.1839878433874e-07	1.44414613835728e-06	-0.5845
ARHGAP19	3.75479190200615	3.18877320633619e-07	1.44595736847674e-06	-0.8188
DNAJC11	5.82038572076459	3.19038764547601e-07	1.44633019259523e-06	-0.6203
PDS5B	5.18292373215211	3.25429055364315e-07	1.47493367297193e-06	-0.6443
ITGAE	4.65256003701864	3.28850377317142e-07	1.48933080831102e-06	-0.7734
KARS	8.24091033979845	3.30574190503316e-07	1.49639534387021e-06	-0.5737
CNIH4	6.04459387575536	3.33618754360187e-07	1.50980267218631e-06	-0.6418
MESDC2	5.75826070213654	3.37879909877729e-07	1.52757197492021e-06	-0.6994
MYBL2	6.91746326787463	3.44822720321983e-07	1.55741800648148e-06	-0.6058
P4HA2	3.83302453536868	3.46095931754855e-07	1.56278192681589e-06	-0.8673
VPS53	5.38268854552548	3.50771601207401e-07	1.58272030440986e-06	-0.5753
DCTPP1	5.94510713526206	3.54750196496547e-07	1.59973961732709e-06	-0.5763
SOD3	-0.465622842021368	3.57621918602397e-07	1.61163805134667e-06	-4.5362
AVEN	3.59921429322658	3.6016034753258e-07	1.62267702481609e-06	-0.8675
VCL	7.69600495969987	3.6334583606225e-07	1.63622140679636e-06	-0.5384
TRAIP	2.71249128608101	3.64363321377361e-07	1.6399942788622e-06	-1.0646
NEMF	6.41587162247135	3.65056154698343e-07	1.64270770524352e-06	-0.6611
MTPAP	5.55540272070663	3.6622678478786e-07	1.64738458308684e-06	-0.6971
MINA	5.11075738212324	3.66558449452189e-07	1.64824902788157e-06	-0.5846
CDKN2A	7.78714015250866	3.67608238687341e-07	1.65215558972824e-06	-0.5703
DCAF13	5.91972489837037	3.68339953948114e-07	1.65462947816849e-06	-0.583
EIF2B5	5.94513904208578	3.69052941823836e-07	1.65742447870503e-06	-0.6077
VTI1B	5.79320800814076	3.6991867225915e-07	1.66090390574595e-06	-1.0897
ZNF583	2.58981695428297	3.7045262802864e-07	1.66289234750205e-06	-1.1075
REEP5	6.69083137966444	3.72877388616289e-07	1.67336519335766e-06	-0.5687
MRPL19	6.95559829361706	3.76263378924585e-07	1.68814555066287e-06	-0.5281
C5orf34	3.63068432308896	3.76751679763443e-07	1.68992104809863e-06	-0.9932
ELOF1	5.56985417926827	3.85783999821598e-07	1.72873654902874e-06	-0.7246
SFTPA2	-0.0703681664396717	3.93598773529126e-07	1.7624574955967e-06	-3.5778
PLEKHG1	2.71320228955451	3.96903569361728e-07	1.77594891232051e-06	-1.1045
NSFL1C	6.3525382758158	4.0285928016506e-07	1.8021560937744e-06	-0.6859
MASTL	5.52931090027627	4.15948369764355e-07	1.85888701062866e-06	-0.5735
ZNF544	4.93534798191078	4.23784956697197e-07	1.89251912168885e-06	-0.6301
SNTB1	3.07413237033616	4.25725955010129e-07	1.90072218994006e-06	-0.9537
CKAP5	7.55103829709249	4.38525054766027e-07	1.9573871393175e-06	-0.5441
POMT2	3.69878335180086	4.38789614935997e-07	1.95808927163812e-06	-0.8137
UQCC3	4.85741894800428	4.43252378940687e-07	1.97703773025682e-06	-0.6102
SUZ12	6.06102912638634	4.46392466000274e-07	1.99055712244773e-06	-0.5411
SNORD17	2.04211560010471	4.50251793004524e-07	2.0067863117897e-06	-1.3576
PRMT7	4.59807373236827	4.58443788060009e-07	2.04230107243131e-06	-0.6595
PRMT6	5.49157169763157	4.60386413729861e-07	2.0504548350945e-06	-0.6185
KCNJ8	1.44736160472475	4.61442547727038e-07	2.05465735397678e-06	-1.8573
CD68	5.51975481331544	4.7184396277475e-07	2.09994719269036e-06	-0.8767
HNRNPF	8.00968305401924	4.74050074777707e-07	2.10822366994929e-06	-0.5317
LEO1	5.40318741276641	4.75724988563338e-07	2.11464216976194e-06	-0.6815
NUP37	5.86523770224396	4.81419195861634e-07	2.13891186168167e-06	-0.7242
C10orf95	1.43532171663403	4.8507180364258e-07	2.15409166803672e-06	-1.7115
ZNF551	4.30147464050226	4.85428095825292e-07	2.15514963944225e-06	-0.7021
BCL2L2	5.67271524276918	4.87390282653058e-07	2.16333503528184e-06	-0.631
NRIP1	8.05557591707252	4.91196893190091e-07	2.17970113808418e-06	-0.5289
CTU2	4.29162427918005	5.00521788515623e-07	2.22054089213638e-06	-0.7333
C17orf85	6.16043121222148	5.05505582913005e-07	2.23956108436164e-06	-0.5491
RNF31	5.01193178377273	5.05795076258505e-07	2.24012491804349e-06	-0.6296
SAE1	6.44090056436738	5.07475060687133e-07	2.247020302669e-06	-0.5348
KBTBD8	1.49675794916376	5.09046389648123e-07	2.25288506410088e-06	-1.6793
CRISPLD2	3.17861063175089	5.09191577564685e-07	2.25298144450337e-06	-0.9414
TARDBP	7.72297798110251	5.14618627472253e-07	2.27589090676682e-06	-0.5348
IMPA1	5.47412091668496	5.16710304869568e-07	2.28458787253544e-06	-0.7035
CSPP1	6.75454028603382	5.1798564744222e-07	2.28911788421815e-06	-0.6674
ESRP2	6.149738143339	5.19185202149968e-07	2.29386375857934e-06	-0.5583
MYC	7.73036878963788	5.19902552991591e-07	2.29647737900181e-06	-0.5259
LOC441666	4.70888294241527	5.2056869815687e-07	2.29886360753552e-06	-0.6219
VPS33A	5.1382301864772	5.20993277675383e-07	2.30018217103792e-06	-0.6132
CDC42EP2	2.81730944650256	5.21578610441708e-07	2.30220964995741e-06	-1.0163
FUT11	2.17925178352279	5.42246584677953e-07	2.39170177576244e-06	-1.3882
MMP13	-0.42716460886022	5.43846374169345e-07	2.39817860068492e-06	-4.5926
AAR2	4.81971418807253	5.54875309382173e-07	2.44449610604605e-06	-0.6226
CEP170B	5.43598283507086	5.54885619163827e-07	2.44449610604605e-06	-0.5653
LOC90784	3.53222197733832	5.58787513131221e-07	2.46109163805152e-06	-0.9084
ARHGAP17	5.25419530816949	5.63292934184848e-07	2.47914074408838e-06	-0.5685
KDELC2	6.03664732966266	5.66520638182787e-07	2.49274542556398e-06	-0.5689
RAVER1	5.91248641013435	5.84520981570736e-07	2.56947147593435e-06	-0.5951
HSPA2	0.495453122227444	5.88001875004538e-07	2.58415075351055e-06	-2.4414
AKAP1	6.34428929581286	5.89898134169252e-07	2.5918604903475e-06	-0.5609
UCHL5	6.56076179593841	5.9274680530764e-07	2.60312380988604e-06	-0.529
ZNF726	1.21731258710132	5.93900872575847e-07	2.60756477386836e-06	-1.8122
BICD1	4.71447468412862	5.96881158015479e-07	2.62001981743943e-06	-0.6669
ARL4D	2.6089694860239	6.01198707084775e-07	2.63770333971152e-06	-1.0935
MAD2L1	6.5488636694995	6.06513822200746e-07	2.65974449629998e-06	-0.5812
PCDHA11	2.6339908142973	6.08792203644847e-07	2.66909473336703e-06	-1.1706
CHAMP1	4.7290581123462	6.08939129355182e-07	2.6690978980812e-06	-0.7426
USP12	5.87430712674504	6.19628554044101e-07	2.71269517569043e-06	-0.5655
KIAA1217	5.35225101397555	6.2192830800893e-07	2.72211057084896e-06	-0.6544
VTRNA1-3	0.608374096740091	6.22095222198589e-07	2.72218848908376e-06	-2.4295
GTPBP3	4.48248617603335	6.30648870069334e-07	2.75763491544569e-06	-0.7041
FOCAD	5.80373133826394	6.37021085584026e-07	2.78483164234243e-06	-0.622
TPM4	8.37874661939541	6.50273636173417e-07	2.84004677080907e-06	-0.6672
CNDP2	6.27432172872275	6.50778208420413e-07	2.84141738170843e-06	-0.537
SEC23IP	6.04324357095382	6.7040900115371e-07	2.92448906214149e-06	-0.5486
NUP133	6.2483753942643	6.72330727967988e-07	2.93147116546062e-06	-0.5272
CDC42BPB	7.05891043897355	6.81911027723128e-07	2.97040508759566e-06	-0.5516
C11orf84	4.58626659774499	6.92337062158853e-07	3.0143824008519e-06	-0.7423
TUFM	7.12841364405311	6.96028433850847e-07	3.02973178072987e-06	-0.5918
XDH	1.06792908567821	6.98529889152932e-07	3.03989550807531e-06	-1.9222
PSMA3-AS1	4.92163480481714	7.00631588964287e-07	3.04831513063204e-06	-0.6747
MRPL2	4.74423372003781	7.10247039779437e-07	3.08941385709159e-06	-0.6473
ALG1	3.29255805391178	7.15327588862138e-07	3.11003106984215e-06	-0.8831
ZNF595	4.45088571334566	7.2002337819327e-07	3.12895662754019e-06	-0.6694
BMP8B	1.72077587035998	7.31684510351301e-07	3.17811858695535e-06	-1.4886
UQCRQ	6.60372944529348	7.37463024752024e-07	3.20245598950356e-06	-0.5975
C12orf29	4.88989083143935	7.48150837646486e-07	3.24577986978951e-06	-0.6263
LOC105376526	1.10557255152839	7.53211661281804e-07	3.26695939376588e-06	-1.9718
SREK1IP1	5.56959487896683	7.55237841046442e-07	3.27496960240946e-06	-0.6267
USP44	-0.543303210483811	7.64242493052887e-07	3.31322986301912e-06	-4.4365
BRD8	6.1701161175123	7.66744123186315e-07	3.3232860192045e-06	-0.5305
RAB30	3.02614976023015	7.7416301270787e-07	3.3546451364811e-06	-1.0308
SLC16A3	7.17358730211966	7.7548648657527e-07	3.35958265280449e-06	-0.8247
OSGEPL1	4.61436840304734	7.79282641107537e-07	3.37522749609945e-06	-0.6584
CLPB	4.40988373895029	7.91708397659963e-07	3.4274196129192e-06	-0.6712
STARD3	4.42879299628106	7.94176398150882e-07	3.43728883941264e-06	-0.7029
ING5	4.61713222673068	7.96010991737064e-07	3.44359636614972e-06	-0.6754
MIS18A	4.96197258138948	7.97857011334675e-07	3.45076465267136e-06	-0.6067
DDX19A	5.91234049777776	8.06884629644367e-07	3.48733091827357e-06	-0.5421
ZC3HAV1L	4.95471060121887	8.14915740229166e-07	3.52120751565057e-06	-0.6121
FCMR	-0.221679400310588	8.15816023756993e-07	3.52426344763551e-06	-3.386
LTBP4	1.34117569362639	8.26741749123682e-07	3.56977232071947e-06	-1.706
LGALS3	6.78466849806547	8.30537570015043e-07	3.58531422988759e-06	-0.6076
COBL	4.50900711229219	8.3861980835884e-07	3.61763781223984e-06	-0.6552
LZTS3	3.76228124109834	8.41230343576992e-07	3.62804185030512e-06	-0.8649
DDX10	6.29727401084321	8.64417952591674e-07	3.72628433117204e-06	-0.7228
PEMT	3.95282692301789	8.77077280968684e-07	3.77728776630439e-06	-0.7938
QTRT1	4.62794361044759	8.80729388817495e-07	3.7911512686237e-06	-0.6282
UBQLN2	5.12476969476992	8.8091935152836e-07	3.7911512686237e-06	-0.5645
ADSL	5.41280753799245	8.89735206948638e-07	3.82818900260531e-06	-0.611
HYAL2	3.88061505868615	8.91598287386019e-07	3.83530120983015e-06	-0.74
PIGH	2.02124159824497	9.05953407163544e-07	3.89429842269312e-06	-1.3944
EPT1	6.93237033823316	9.16766266511136e-07	3.93985050881057e-06	-0.562
TRPV3	1.28660966479829	9.20551926711899e-07	3.95518850883795e-06	-1.697
HNRNPR	8.21947763769011	9.29138381863126e-07	3.98926394621195e-06	-0.7349
LIN9	4.56852734854966	9.31632705173013e-07	3.99903283932248e-06	-0.6409
MLH1	5.20577635393986	9.37129234028981e-07	4.02073590985501e-06	-0.5804
ZNF430	3.65021580009793	9.37548167726886e-07	4.02158819314427e-06	-0.8929
TOX3	5.43066809619965	9.48323029569839e-07	4.06512487099015e-06	-0.5756
SLC39A3	3.67328513822959	9.71439505348597e-07	4.16109798443078e-06	-0.8111
TLR6	0.745616549258114	9.76143356569743e-07	4.18026580284711e-06	-2.0848
YEATS4	4.27851415896485	9.86338973070506e-07	4.2219470791032e-06	-0.7054
CCDC94	4.02336247834667	9.87484594695057e-07	4.2258600001765e-06	-0.7915
CXorf56	5.18025124679361	9.90186794979275e-07	4.23643077786305e-06	-0.5603
TINF2	4.70130510579225	9.96726303928782e-07	4.2614134436824e-06	-0.6806
PDCD5	6.52907535388818	1.01205403188232e-06	4.32492003886791e-06	-0.5317
ECT2	8.10787737947271	1.01460678745954e-06	4.33481430186317e-06	-0.5386
FAF1	6.34073001913919	1.01502099128155e-06	4.33556930670003e-06	-0.5683
GTDC1	3.68706357452778	1.0270823748038e-06	4.38401118410524e-06	-0.7757
SRRT	6.84427475954668	1.04516760131207e-06	4.46016356464544e-06	-0.7247
ZNF501	1.18135485856317	1.05474184944329e-06	4.49891757089642e-06	-1.7608
KRT78	-0.66957775401181	1.06270340377666e-06	4.53075977098242e-06	-6.6452
HAGLROS	-0.66957775401181	1.06270340377666e-06	4.53075977098242e-06	-6.6452
IL37	-0.0981201811110042	1.07064144024814e-06	4.56353727134486e-06	-3.1231
PSMD1	7.51888850447307	1.07395115730642e-06	4.5765761736195e-06	-0.5174
CCT7	8.6068657960402	1.09378624833397e-06	4.65892714642671e-06	-0.5426
FAM35A	5.30757534684751	1.0971783810366e-06	4.6722856366233e-06	-0.6603
HAUS1	4.65770508467168	1.10857857591542e-06	4.71863149496666e-06	-0.6496
SLC15A2	1.21751593045597	1.11266915741598e-06	4.73273255773207e-06	-1.7396
KIF22	5.63985519712602	1.11471407013701e-06	4.73922218547306e-06	-0.5465
SEC23B	6.43050759187337	1.11991484128847e-06	4.75690212716665e-06	-0.5113
DDX20	5.00733343010148	1.12238536055354e-06	4.76628684397893e-06	-0.6415
SAA1	1.5532328773627	1.12678079281156e-06	4.78383957059716e-06	-1.5914
TIMM44	5.83389867458605	1.12774138136782e-06	4.7856919242796e-06	-0.6618
C3orf58	3.32073003028606	1.12809836756018e-06	4.78609430587466e-06	-0.9617
ZNF326	6.30283824216089	1.13946337081135e-06	4.83206580662765e-06	-0.6408
SELENBP1	3.28435623806042	1.14041825182412e-06	4.83499201237836e-06	-1.2293
NID1	-0.128339098128351	1.14156834487001e-06	4.83874430089317e-06	-3.0815
DANCR	4.70647193121923	1.14848049063781e-06	4.86465425454381e-06	-0.6034
ABCC9	2.60420197964077	1.1545756339538e-06	4.88820333336285e-06	-1.0878
LAMP3	2.52904794124876	1.15902332140386e-06	4.90362219132072e-06	-1.0824
SLC13A3	-0.12738162875218	1.17090081744802e-06	4.95157871747302e-06	-3.5127
SLC35A4	5.5844253715765	1.17519325269235e-06	4.96742950246622e-06	-0.5871
PLOD1	4.74419402459472	1.17692581431409e-06	4.9736013116014e-06	-0.6049
IMPDH1	5.16806849827571	1.18001873540349e-06	4.98551771199403e-06	-0.5626
SRR	3.41162226346844	1.18390314246038e-06	4.9996150286275e-06	-0.8786
SSRP1	8.31076490411843	1.18898043797266e-06	5.01873453771767e-06	-0.5874
COL13A1	0.167761565138471	1.22126893763957e-06	5.14907291583096e-06	-3.4492
FAM49B	8.07691170804015	1.24024987529224e-06	5.21945636775822e-06	-0.5145
NAA25	6.59073436072578	1.25340947369631e-06	5.27362142240144e-06	-0.5605
AFAP1L2	1.79435795854711	1.26564592910088e-06	5.32265194233257e-06	-1.3768
TFDP1	6.68959956184726	1.27568792606463e-06	5.36364780705569e-06	-0.569
TTC8	4.43727490712205	1.28566470052628e-06	5.40310653149349e-06	-0.7016
SMPD4	6.26680826459247	1.28845087990896e-06	5.41356945077513e-06	-0.5406
LIMK1	6.61062701824167	1.28994640366656e-06	5.41735945372367e-06	-0.5803
FLNC	7.71883789682481	1.29441304136994e-06	5.43486763644195e-06	-0.5331
GPATCH2L	5.90103861613642	1.3020003809159e-06	5.4654676831457e-06	-0.5422
PACSIN3	4.37953517984969	1.31615412173273e-06	5.52107298859206e-06	-0.6804
AGPAT5	5.69960728781714	1.32384667146819e-06	5.5482426157767e-06	-0.5826
UROD	5.96740622652094	1.32455387091389e-06	5.54865889568699e-06	-0.5188
GZF1	4.73390298192938	1.33558451552082e-06	5.59358360067634e-06	-0.5969
C16orf70	4.36824972389392	1.3361356913193e-06	5.59460852768924e-06	-0.6434
KIF2C	7.27532025587511	1.35456901680748e-06	5.66919119001313e-06	-0.5006
VANGL2	1.80363747801001	1.36181425247128e-06	5.69429248582588e-06	-1.4757
MIR4444-2	1.27436531600933	1.37388775584083e-06	5.74134882444077e-06	-1.7448
YKT6	6.53284407464065	1.37401144905684e-06	5.74134882444077e-06	-0.584
TEX10	5.67918876879175	1.38697245345503e-06	5.79285497832875e-06	-0.5405
IRS2	3.04038689813608	1.38782219206432e-06	5.79507821096206e-06	-0.9594
CCDC59	6.05610681415747	1.38817136842051e-06	5.79521072533383e-06	-0.539
GUSB	4.16342110140477	1.39362845150739e-06	5.81666232526723e-06	-0.6845
BCHE	-0.805986346701244	1.40295782130165e-06	5.85158738535137e-06	-6.4718
FAM83A-AS1	-0.805986346701244	1.40295782130165e-06	5.85158738535137e-06	-6.4718
PSMC3IP	3.5851867230891	1.40910359539035e-06	5.87453647806491e-06	-1.1337
ZNF681	4.02585850762155	1.42278501719958e-06	5.93021992556975e-06	-0.7532
TRAPPC13	4.9424740670082	1.42318583672645e-06	5.93044583441944e-06	-0.5965
LARP1B	5.4472309773408	1.43362555939376e-06	5.97131376050479e-06	-0.5315
BCAP29	5.51122799492588	1.44278073860797e-06	6.00670585268577e-06	-0.5589
ZNF286A	5.13262169314238	1.46852862713132e-06	6.10972165380795e-06	-0.5607
TAGLN2	8.66882286921935	1.47028561176624e-06	6.11563775994633e-06	-0.5266
ALDH5A1	3.4179761413709	1.48261020853357e-06	6.16409290981301e-06	-0.9215
ZBTB10	6.86408247876742	1.49497518690012e-06	6.21267175325487e-06	-0.5076
PGGT1B	5.21780759284694	1.50257807603636e-06	6.24284600730991e-06	-0.549
MON1A	2.64820673208867	1.52758588487171e-06	6.34241708306072e-06	-1.0283
SF3B4	6.23472185369147	1.52944466311935e-06	6.34869071621347e-06	-0.5432
XYLB	3.04820756866362	1.53249525375993e-06	6.35990755913645e-06	-0.9135
POLE	6.2022376517662	1.53796269737807e-06	6.37969711504976e-06	-0.5242
CCDC18	6.04058108440729	1.5481405448015e-06	6.41899927001956e-06	-0.6542
RBMX	8.2403504540931	1.57760087133006e-06	6.53521250442515e-06	-0.5026
ANKRD22	2.45211834514448	1.61268664449014e-06	6.67449725273452e-06	-1.1061
APOC1	3.26624637456593	1.62382713276698e-06	6.71755906090959e-06	-1.0603
TYW3	6.11608743461271	1.63050509187983e-06	6.74365676424065e-06	-0.5646
TRPM2	3.26626692414128	1.64831322027384e-06	6.81267968062468e-06	-0.8665
PIK3R5	-0.758392469727982	1.65878445032549e-06	6.85285560650423e-06	-6.5384
C2orf44	4.1646604776051	1.68032482079476e-06	6.9402737394636e-06	-0.7329
MTIF2	6.78874294756831	1.68706672632844e-06	6.96496837536227e-06	-0.5763
OTUD6B	4.65849394562803	1.69759878620925e-06	7.00686489736289e-06	-0.7372
SERTAD4-AS1	1.11912482889743	1.70421239823025e-06	7.03257268130456e-06	-1.8261
APMAP	6.01216146831003	1.7164451727229e-06	7.08145154197273e-06	-0.5394
MRPS11	4.7751162570738	1.72577297470003e-06	7.11832612429367e-06	-0.6389
ZNF678	4.59540140872066	1.73437017745261e-06	7.1505559980973e-06	-0.617
DDX41	6.47427336951634	1.74103952684639e-06	7.17481209979857e-06	-0.6293
NUFIP1	3.98835887513648	1.74630017688627e-06	7.19486707949352e-06	-0.6988
CRK	4.1125177222366	1.76688570790666e-06	7.27639645466817e-06	-0.7534
ZBTB24	4.08109871209443	1.76942691355232e-06	7.28521825300207e-06	-0.6902
HTATSF1	7.23142684575948	1.77605284736466e-06	7.31085023257931e-06	-0.6825
DDX54	7.00772255772158	1.79495918184246e-06	7.38700965367809e-06	-0.7206
MIER1	6.46359158036724	1.80056106464921e-06	7.40839368858149e-06	-0.5138
PRPF39	5.33792739787923	1.86239172970934e-06	7.65417006248844e-06	-0.5307
FOXM1	7.06334813304269	1.87206834934606e-06	7.69220791934766e-06	-0.5911
AUP1	6.69272195100065	1.8756073321733e-06	7.70501517915297e-06	-0.5234
NUS1	6.27251395249744	1.88111134486725e-06	7.72588722427367e-06	-0.5162
PHF19	5.97311078459239	1.91574059704178e-06	7.86457394638964e-06	-0.5319
SMIM13	4.07663273123332	1.92033029828661e-06	7.88164341850728e-06	-0.7132
GPER1	0.959882789798453	1.92165641267903e-06	7.88531343445006e-06	-1.9577
MAP1LC3C	-0.287064879661208	1.96112085439492e-06	8.04182891236156e-06	-3.3
SF1	7.67414313209076	1.9693880446488e-06	8.07210331008273e-06	-0.5011
NF2	5.76776597519256	1.98562569707361e-06	8.13500510003947e-06	-0.5096
UCHL3	5.14924621262946	2.01586649667213e-06	8.25696484460123e-06	-0.6018
SAMD9	6.67409516506525	2.02657215745158e-06	8.29717454730568e-06	-0.5906
GAS2L3	5.58471021257083	2.03251636022359e-06	8.31923746774677e-06	-0.517
SLCO1B3	5.140445691843	2.03287238954965e-06	8.31923746774677e-06	-0.6088
LOC105369146	-0.855184976928268	2.04343720124835e-06	8.36059828462345e-06	-6.4038
RAD51B	2.96997230651812	2.0772362405374e-06	8.49127290802748e-06	-0.93
TTC1	6.15713039315932	2.09014756799164e-06	8.54213879589329e-06	-0.5187
PDRG1	4.88134051839246	2.11781439539786e-06	8.64940035847502e-06	-0.7578
CHURC1	6.42123248320634	2.12637970061255e-06	8.68243968114128e-06	-0.5371
NXF1	5.34454981537564	2.14635966213425e-06	8.76010328457924e-06	-0.5279
RASSF10	2.1939255232217	2.16547590852778e-06	8.83614845464534e-06	-1.1973
NUP153	6.55866674011831	2.21675024061812e-06	9.03325723051883e-06	-0.5023
SERPINB7	-0.854988047415476	2.24259557445164e-06	9.13246147829337e-06	-6.4048
FAT2	0.309282282411601	2.24676040627099e-06	9.1473813507768e-06	-2.3726
CBWD5	4.52028786171311	2.27598660043381e-06	9.26224061023622e-06	-0.6283
DSN1	4.9112397520532	2.2866734757929e-06	9.30158444163885e-06	-0.7077
LAYN	-0.855381882063928	2.29480630752956e-06	9.3325872021073e-06	-6.4029
UGGT1	6.98274875924638	2.33197166566944e-06	9.47950895757323e-06	-0.5087
ZNF793	4.0168789153117	2.33429475019899e-06	9.48683992868048e-06	-0.7518
VIL1	1.73747265322461	2.38163823140295e-06	9.67063780082121e-06	-1.3791
TRAF5	3.25541081876656	2.4281451866437e-06	9.85290476269557e-06	-0.8618
SLC41A1	4.76688547390785	2.44185476938023e-06	9.90413256383147e-06	-0.675
MFN2	6.54080165756329	2.46579511456136e-06	9.99235418677739e-06	-0.4951
EIF5B	8.66681027535577	2.47487365658646e-06	1.00269182145234e-05	-0.8178
LYRM4	4.157766945577	2.47571041919318e-06	1.00280828517397e-05	-0.7474
RPL10	10.4040605091523	2.49356187920946e-06	1.00959116582054e-05	-0.5711
FER	3.54179062733443	2.54144636047401e-06	1.02829443166697e-05	-0.7778
GMPS	6.7348905765564	2.54286073377718e-06	1.02863872270854e-05	-0.5312
WIPF2	6.36003040517611	2.55872662691299e-06	1.0348274989128e-05	-0.6211
THAP1	3.5862269035063	2.57912139131636e-06	1.04261382019202e-05	-0.8067
CENPA	5.2806799457583	2.60094669592303e-06	1.05120396016761e-05	-0.6077
SFXN4	4.67251376963763	2.63623914294695e-06	1.06523200074457e-05	-0.6637
NAA38	5.74044027807229	2.6828931601343e-06	1.08384371611887e-05	-0.5479
FOXO3B	3.14648746716279	2.69621198627536e-06	1.08898331905847e-05	-0.9372
OSGEP	4.5924035162475	2.69908773277105e-06	1.08990368611963e-05	-0.6539
EIF2B1	6.28255914669564	2.7111252117218e-06	1.09452237649697e-05	-0.5137
ENTPD6	5.97965282329059	2.72690334718854e-06	1.10041315786467e-05	-0.5123
PITPNB	6.87151329810829	2.72692217691705e-06	1.10041315786467e-05	-0.4967
CXCL8	2.72459454004222	2.77642780062594e-06	1.11989540274474e-05	-0.9873
NCAPH2	4.57820116643137	2.80121923029655e-06	1.12815041403693e-05	-0.6482
ATF5	4.1352688222687	2.8290532405122e-06	1.13874538583265e-05	-0.7483
CCDC14	6.84309391879421	2.83367894810027e-06	1.1399656870101e-05	-0.5226
PDXP	3.03776724728634	2.84017666037926e-06	1.14232793813359e-05	-0.8957
CXCL6	0.871786576997433	2.84902258586194e-06	1.14563339928404e-05	-2.1376
NAE1	6.88006675589608	2.86407812060948e-06	1.15143382888894e-05	-0.5542
PDIA3	8.07857667586714	2.8656488869837e-06	1.15181167064673e-05	-0.5671
C12orf43	4.49106692134226	2.86982696954394e-06	1.15323709346234e-05	-0.6083
WDR53	3.67256423459879	2.87120127174375e-06	1.15353544051395e-05	-0.8119
CCDC110	1.59013704168017	2.89849604982336e-06	1.16398908679224e-05	-1.4435
ZNF860	3.02543678947656	2.95030434921819e-06	1.18453389486095e-05	-0.924
AIM1	7.08435330077018	2.95378550530138e-06	1.18567080441473e-05	-0.5127
CAPN15	4.98908621073455	2.96045992273317e-06	1.1880887304774e-05	-0.6414
DCUN1D5	6.12778781489121	2.96976305156355e-06	1.19156031361196e-05	-0.5072
APLN	-0.465353095555326	2.98892587226143e-06	1.19872211608095e-05	-3.6394
CTCF	6.51143830993072	2.9907455245223e-06	1.19918845367185e-05	-0.5225
SNORD30	1.36374260648581	3.01068546912629e-06	1.20665365366344e-05	-1.6719
SAFB2	6.17263921509495	3.04091772275813e-06	1.21796827438948e-05	-0.8726
DHX15	8.05664141548545	3.06099241785874e-06	1.22573980215901e-05	-0.4938
KCNMB4	0.694994975661553	3.06525294003489e-06	1.22717670336134e-05	-2.1351
DNMBP	5.78084596224763	3.07801406936853e-06	1.23201545385643e-05	-0.6111
EIF4H	8.88674893279025	3.17324816481104e-06	1.26846548055157e-05	-0.5111
TES	6.81901476672381	3.18506846304062e-06	1.27291177454618e-05	-0.5391
DGKZ	4.11793228336769	3.22267927913724e-06	1.28766104005099e-05	-0.7441
MAT2A	7.87038527561684	3.23271894990724e-06	1.29138987198045e-05	-0.4882
TRIM28	8.178864616835	3.25196652628679e-06	1.29851051845782e-05	-0.4999
SMC3	7.04820844141848	3.26889221069312e-06	1.30498351625659e-05	-0.6284
MRPL50	5.37655699636818	3.29206722272378e-06	1.31394794967305e-05	-0.5987
IFI44	6.68029339800087	3.32928907733383e-06	1.3282233696636e-05	-0.5226
CALM2	9.86599794369687	3.34471641745986e-06	1.33379517075463e-05	-0.5426
CENPJ	4.58594208540624	3.34801767126026e-06	1.33482006129127e-05	-0.6431
BNIP3	6.8221665261675	3.40097464535121e-06	1.35475001364896e-05	-0.4848
AHCTF1	7.35733906629716	3.40374433957272e-06	1.35555751883158e-05	-0.5207
MTCH2	6.40508896313858	3.47267754721076e-06	1.38150362392416e-05	-0.5166
FBXO10	3.38988892070544	3.48637423578753e-06	1.3863482476266e-05	-0.8074
MRPL15	5.7339421903678	3.50061019512274e-06	1.39170600440246e-05	-0.5501
GNL3	7.24544219327144	3.50716370809933e-06	1.39400785227654e-05	-0.5552
PDIA3P1	4.01878113063471	3.53682028523938e-06	1.40548957612821e-05	-0.6746
RAC2	6.14636695498082	3.57860940746802e-06	1.42116800832578e-05	-0.6059
CHST3	4.91117365567072	3.58093317754532e-06	1.42178155914022e-05	-0.6797
C17orf89	5.42478491358033	3.60469492614962e-06	1.43090477433763e-05	-0.5312
PLEKHG4	3.5126638644078	3.65492615352418e-06	1.44989856277135e-05	-0.8576
SIL1	4.4353916247873	3.69626315022944e-06	1.46565986252365e-05	-0.6444
UBE2B	5.28824793236701	3.72319540344805e-06	1.47569811735449e-05	-0.5581
SLC37A2	1.00124470809215	3.74987736196922e-06	1.48562849653017e-05	-1.9259
ASAP1	7.2064794667043	3.78958880882415e-06	1.49973408397775e-05	-0.532
ARID3A	0.793837332162835	3.80143748053215e-06	1.50377123823608e-05	-1.9289
LINC01207	-0.905706506363966	3.81886549225579e-06	1.51033813749181e-05	-6.3347
FANCI	6.071156734885	3.82062197030636e-06	1.51070553800981e-05	-0.6472
SMG7	7.38036090413713	3.85831154411777e-06	1.52494772785049e-05	-0.553
HARS2	4.93046502041691	3.87186986981013e-06	1.52997524552497e-05	-0.5633
SYNE3	-0.90590374079704	3.87944684661717e-06	1.53263755965901e-05	-6.3339
B3GALNT2	5.50716554771587	3.91183359767012e-06	1.54476387971157e-05	-0.5368
GPI	7.14758069187221	3.97758099525155e-06	1.56946836509701e-05	-0.5025
LOC644554	1.20456604814505	3.97783201429879e-06	1.56946836509701e-05	-1.7204
GLA	4.83057173629234	4.04181739255726e-06	1.59436945372786e-05	-0.5965
PRPF3	5.91114229256903	4.04910527425792e-06	1.59689924145285e-05	-0.6035
MRPL47	6.21240663263987	4.05777430261768e-06	1.59997251983992e-05	-0.605
ZNF569	2.85814549209989	4.09306799459853e-06	1.61354025716672e-05	-1.0079
TM9SF4	6.48900099459372	4.11859756456062e-06	1.62220317451173e-05	-0.4988
GLUD1	6.64868788344857	4.12350914507349e-06	1.62343719975117e-05	-0.4977
FST	-0.321296017070697	4.23016026202851e-06	1.66363217887963e-05	-3.2531
GTPBP4	5.7552155692757	4.25004964031031e-06	1.67109425443689e-05	-0.6718
RAD54B	3.69214303378801	4.31760350419163e-06	1.69598093258257e-05	-0.7736
TONSL	4.8475273483884	4.31861839294485e-06	1.69598093258257e-05	-0.6642
SLC7A6	6.09650197321459	4.34641448891859e-06	1.70604478412595e-05	-0.5001
C1orf109	4.20470471629841	4.38696075366556e-06	1.72121976185082e-05	-0.6357
RPP30	4.98685684189043	4.3966735355171e-06	1.72465990684143e-05	-0.5806
GRHL1	4.65148670343514	4.46798360731952e-06	1.75187948314487e-05	-0.5851
HNRNPDL	8.38858376005349	4.50495598061737e-06	1.76523881481328e-05	-0.4961
TATDN2	5.03182825536001	4.50819635395929e-06	1.76612945574851e-05	-0.5369
WDR44	5.12690718288202	4.52612554053219e-06	1.77239270416035e-05	-0.5564
TBC1D14	5.15631055169773	4.5660331599027e-06	1.78725345984528e-05	-0.5341
RANBP6	5.56832886044738	4.63480499395281e-06	1.8132982074007e-05	-0.5538
ZNF180	3.7182916664392	4.64198407460988e-06	1.81542547699396e-05	-0.7733
HMHA1	3.43944291151251	4.75380813692135e-06	1.85716929911483e-05	-0.7852
MLLT1	5.46452406019052	4.88143994622055e-06	1.90540020650422e-05	-0.5429
TNFSF15	4.13415435305105	4.89581975037898e-06	1.91060464649249e-05	-0.6496
SCARNA22	1.25235418922113	4.96803745304897e-06	1.93795922527483e-05	-1.5818
GSTO2	1.28643529726888	4.98652168110407e-06	1.94392354922562e-05	-1.5649
LOC284578	-0.668523321515135	5.09804136820376e-06	1.98612554882475e-05	-4.2698
TMEM216	2.70719871245588	5.1186469266997e-06	1.9937277212253e-05	-0.9785
HNRNPA1P10	5.24136882943523	5.17853508116423e-06	2.01447552613966e-05	-0.6855
HMBS	5.41340953145653	5.19172433293229e-06	2.0191759570092e-05	-0.5029
GBE1	5.04009080721981	5.21714495918017e-06	2.02863042331828e-05	-0.6021
MRPL48	4.89635853379457	5.27823471262211e-06	2.05063743165842e-05	-0.6262
MYH15	2.04591385054881	5.36161158375679e-06	2.08214382201795e-05	-1.3256
PUS7	6.16237135872556	5.39311797705728e-06	2.09393368330833e-05	-0.5522
SHQ1	4.22245546233738	5.4044068295674e-06	2.09787053116271e-05	-0.6411
IDI1	3.89757503691164	5.42960612607827e-06	2.10720428226371e-05	-0.7128
METTL2A	4.52379425387625	5.52105487016511e-06	2.14132946058496e-05	-0.6112
ZNF492	2.26338117917135	5.55191934603177e-06	2.15238563561597e-05	-1.1288
UTP3	6.6128272547587	5.55321635911299e-06	2.15243137689951e-05	-0.5046
PCDHAC1	1.01440169360933	5.64132962698122e-06	2.18333927645048e-05	-1.7674
R3HCC1	4.14101403384727	5.68877807788125e-06	2.20076992137741e-05	-0.7026
ESYT2	8.10100088751429	5.69861714880854e-06	2.20367237380918e-05	-0.4857
STARD7	7.44889740671932	5.71278718892369e-06	2.2081863840989e-05	-0.5404
SPOP	5.71217862925659	5.75283858957864e-06	2.22319689439771e-05	-0.5271
TMEM194A	5.66295470646377	5.75746719797899e-06	2.22404403652781e-05	-0.5399
SBNO1	7.03196901925546	5.80124977375338e-06	2.24000879588921e-05	-0.483
CD99L2	4.13427325767402	5.83805257672984e-06	2.25374260606428e-05	-0.6611
SFTPA1	-0.855775619225405	5.91655380202769e-06	2.28356461331538e-05	-6.3984
CABP4	0.307055985748311	6.00555677765928e-06	2.31644716951083e-05	-3.0086
RPUSD2	3.48654160446345	6.09467646894563e-06	2.34883710401249e-05	-0.7727
CD70	-0.503841274471048	6.15192935044065e-06	2.3689015444346e-05	-3.5864
CKMT2-AS1	3.13835080520519	6.20257431672649e-06	2.38689284835917e-05	-0.8916
BBS5	1.21730606884845	6.22303737119563e-06	2.39426280818856e-05	-1.6003
CHI3L2	-0.321488848930946	6.29169400531635e-06	2.42016784157301e-05	-3.2516
PDCD2L	3.33145097884049	6.30434334645289e-06	2.42413219585972e-05	-0.8455
SET	9.90272193901885	6.30465582052035e-06	2.42413219585972e-05	-0.5208
MRGBP	5.05017015349678	6.37759061476612e-06	2.45062711562135e-05	-0.5806
ENOX1	0.57083441876403	6.38193236849008e-06	2.45177940486437e-05	-2.2339
BIRC5	7.04656460078655	6.39055799906865e-06	2.45457662173359e-05	-0.4765
SNTA1	3.01784911370064	6.43554551127497e-06	2.47081637968109e-05	-0.8791
FBXL14	3.57864157203011	6.44409838262608e-06	2.47357990061442e-05	-0.7368
TUBGCP4	3.62111556241053	6.45073201985453e-06	2.47560571272786e-05	-0.776
MARCKSL1	6.29792615815765	6.47032607574088e-06	2.48260346445409e-05	-0.5045
KXD1	5.82796165485248	6.54516973750978e-06	2.50973784347781e-05	-0.5479
MNAT1	5.29168151498477	6.64462384656762e-06	2.5452004394238e-05	-0.634
MPC1	2.58646499440653	6.69074739570513e-06	2.56179287869113e-05	-0.9956
ZNF100	0.823486829496454	6.87169479085572e-06	2.62831887915068e-05	-2.2984
LRRC40	5.72859627671052	6.89751020953816e-06	2.63764026781166e-05	-0.4929
FLAD1	5.17839019565218	6.96268173597539e-06	2.66089005174726e-05	-0.6168
DCXR	4.51348069281985	6.96847866477019e-06	2.66254806412818e-05	-0.596
RPL23AP53	3.07281840660621	7.05380423141947e-06	2.6945856884033e-05	-0.9072
CHRNA5	3.26412621241213	7.10858555300329e-06	2.7149443066031e-05	-0.8885
TFB2M	5.13912271618166	7.14500751725731e-06	2.72771345117209e-05	-0.5315
DNAJB11	6.53422328252691	7.18716632481388e-06	2.74323454789467e-05	-0.5723
PLD6	3.03508058145563	7.19625652205811e-06	2.74498242930825e-05	-0.9052
MRPL27	5.33257832139726	7.26245401402612e-06	2.76907603341815e-05	-0.5074
NPM3	5.07922203522333	7.26772423960833e-06	2.77050686402776e-05	-0.692
LOC648987	2.51394737932411	7.28006710590087e-06	2.77463267401516e-05	-1.0842
NDUFA12	6.62202161936377	7.41225969931921e-06	2.82324667370689e-05	-0.482
EFCAB11	3.80850275796344	7.43689684935023e-06	2.83203981814221e-05	-0.7735
ATG12	5.4006962073025	7.50578847340742e-06	2.85589150417937e-05	-0.5056
NUDCD1	5.12344670366872	7.60338213094883e-06	2.89155244965471e-05	-0.575
PKN2	7.74952613643587	7.60426342615701e-06	2.89155244965471e-05	-0.467
SKI	5.1456213079084	7.62796880676674e-06	2.89996248513814e-05	-0.5385
TMED10P1	1.50750428094418	7.63370744594704e-06	2.90111804164908e-05	-1.5862
GNL2	6.10594042391185	7.64134442546746e-06	2.90323379461673e-05	-0.7188
LINC00116	4.48217029797301	7.72304248240861e-06	2.93305312167364e-05	-0.6106
YTHDC2	5.617329909961	7.74131246254237e-06	2.93938020624321e-05	-0.5203
NRF1	3.79600635317428	7.75381799037974e-06	2.94290439152542e-05	-0.7217
KBTBD6	3.29135770395915	7.79385299503575e-06	2.9574845204193e-05	-0.8689
TRIM37	5.7525955348453	7.81209813902169e-06	2.96379184592643e-05	-0.5415
B3GALNT1	0.840989447118512	7.82746045800094e-06	2.96900307752473e-05	-1.793
GPA33	-0.958464139282674	7.83784875839542e-06	2.97232586068273e-05	-6.2602
FOXL1	1.77788577851181	7.85647121151632e-06	2.97815071506316e-05	-1.3549
BASP1	7.21463215107678	8.02607796010258e-06	3.04118055707e-05	-0.5961
CLUH	7.14599582187185	8.04042207049882e-06	3.04598350942159e-05	-0.4847
NUBP1	3.59466323991011	8.05171825124683e-06	3.04899747759307e-05	-0.7926
KLF4	4.37525107662444	8.05816321766795e-06	3.05080521986201e-05	-0.662
VDAC1	8.13339578663569	8.1084868209328e-06	3.06922113628342e-05	-0.4814
AFAP1L1	2.20465014995027	8.17460194431315e-06	3.09296441648458e-05	-1.1267
UPF3B	6.74728838937759	8.35258817921798e-06	3.15965291752597e-05	-0.7292
TMX2	6.2251870704146	8.37385412389042e-06	3.16704124478441e-05	-0.4943
CKAP2	6.89268829005503	8.39164832788433e-06	3.17311375049413e-05	-0.4837
CDC123	5.54209282615953	8.49189439669186e-06	3.20968994008295e-05	-0.5395
THEM4	3.34577530909759	8.51746314253945e-06	3.21868778990272e-05	-0.8309
MTMR1	6.12155800925637	8.56309947311059e-06	3.23526374133086e-05	-0.4716
ATR	6.25351093609044	8.58446684710095e-06	3.24199476128827e-05	-0.4964
ZNF331	4.35194236988544	8.61335285642143e-06	3.25021433953761e-05	-0.6464
FAM172BP	0.0152136126691981	8.76077318565675e-06	3.30106656919194e-05	-2.6441
RUSC1	4.37496053543005	8.85077369816844e-06	3.33291511208257e-05	-0.6404
RPL22L1	6.7443679725607	8.87792394279118e-06	3.34244956691268e-05	-0.575
RAD51	3.76359928265468	9.01102077581592e-06	3.38976293598383e-05	-0.7209
SPRYD7	3.96246399203331	9.02598133058449e-06	3.39469128906367e-05	-0.6768
MTA2	6.45359437804512	9.49524491180871e-06	3.5675075346775e-05	-0.4721
CALB1	0.0415498843027229	9.58400422700806e-06	3.59863391954461e-05	-2.6794
S100A4	1.13353597632061	9.62774276817654e-06	3.61431363306253e-05	-1.7743
MTHFD1L	5.81657964321709	9.70066984519603e-06	3.63944571915123e-05	-0.4919
YARS2	5.11853779219801	9.71886956170786e-06	3.64552460896936e-05	-0.5286
UFD1L	5.17574774178549	9.96509175458115e-06	3.73021765576448e-05	-0.5796
DCPS	4.10739030591391	1.00549592302008e-05	3.76154376447838e-05	-0.6395
DIAPH1	7.96642726926468	1.00669889228624e-05	3.76527248055266e-05	-0.4619
TAF5L	5.60486462920219	1.02782682536298e-05	3.84114770190921e-05	-0.4789
FBXO28	6.20989829554775	1.03763844546555e-05	3.87622825054616e-05	-0.4892
DUSP2	0.456002720186349	1.03793676215566e-05	3.87654941283015e-05	-2.0796
INAFM2	2.60968879659421	1.04014014950214e-05	3.88398416226447e-05	-1.0299
SLC25A46	5.81167023538423	1.04452990813166e-05	3.89798405618391e-05	-0.4979
SLC12A2	4.5545572648479	1.04662223810043e-05	3.90499398707572e-05	-0.6751
RANGAP1	6.73068169223011	1.05255340856047e-05	3.92632101076418e-05	-0.4877
AHCTF1P1	3.96056201053391	1.06424827294103e-05	3.96832444256769e-05	-0.645
MRPS25	5.34069915893479	1.08498850089796e-05	4.04235715763126e-05	-0.5588
WDR70	4.92145167865742	1.08522042148176e-05	4.04239624863722e-05	-0.537
SHROOM1	2.48098738750744	1.10096749396952e-05	4.09938049559608e-05	-0.9868
BRD9	5.36974918405206	1.10635352733902e-05	4.11859502347086e-05	-0.6105
POLR2J	5.73729666479628	1.11607935715278e-05	4.15310736734225e-05	-0.6214
EMP1	6.06397947108021	1.12552655755307e-05	4.18570234970235e-05	-0.5134
MTOR	5.8255113133308	1.13249850448107e-05	4.21058876646954e-05	-0.475
TMEM164	4.61268518551127	1.132679745406e-05	4.21058876646954e-05	-0.7343
RAB2B	4.34033169075164	1.13800859119004e-05	4.22953681611674e-05	-0.6092
HGH1	3.78409119373148	1.17910718154243e-05	4.37604812080474e-05	-0.7264
PLS3	8.98577912806197	1.2005612616479e-05	4.45386027080759e-05	-0.4826
NAGK	4.70504282205679	1.21134284981927e-05	4.49112003783523e-05	-0.54
C17orf100	1.85706231317089	1.225938826784e-05	4.5433900165994e-05	-1.2312
BUB3	6.85222426751961	1.25425063528555e-05	4.64737154409844e-05	-0.4929
APOA1BP	5.82954390628684	1.25857612649087e-05	4.6615065459966e-05	-0.4793
HNRNPK	9.85142879314307	1.25955733034086e-05	4.66419444679569e-05	-0.4839
TAF1B	4.84500636428308	1.27550946185403e-05	4.72230799748677e-05	-0.608
EIF2AK2	7.2080852991248	1.28908154635424e-05	4.77158814076299e-05	-0.478
ESF1	6.48718160404947	1.28999213950722e-05	4.77399077616945e-05	-0.499
MAP4K4	7.60195166750095	1.29458082507671e-05	4.78806068529183e-05	-0.5371
ZNF347	4.33853752300848	1.29755965776582e-05	4.79729166993022e-05	-0.5996
CYP2J2	2.91364388206725	1.29760222754795e-05	4.79729166993022e-05	-0.9066
ISG20L2	5.67353680503018	1.30388261467854e-05	4.81855890962986e-05	-0.4985
SRP68	7.07720711249299	1.30670606327917e-05	4.82801576426321e-05	-0.4622
CREBBP	5.95534331606662	1.3079121351888e-05	4.83149411979093e-05	-0.505
SEMA3G	-1.01260947234557	1.32939729938444e-05	4.90788212286398e-05	-6.1847
MTERF1	4.65907947833072	1.34188181724435e-05	4.95196977069189e-05	-0.633
LYSMD3	5.31904758556719	1.3554450265932e-05	5.00101139965348e-05	-0.5061
LOC105373957	-1.01280734409239	1.36171555286884e-05	5.02313177069582e-05	-6.1838
RPP25L	4.02462888127048	1.36874494784277e-05	5.0480419732965e-05	-0.6265
ING3	3.95520530222798	1.37287744025376e-05	5.06123799460272e-05	-0.6761
IFRD1	6.38372088029732	1.38635617968603e-05	5.10783419098854e-05	-0.547
C8orf37	3.12696318350032	1.40481848842031e-05	5.17272414776144e-05	-0.8634
EIF4G2	9.6209519927985	1.4348690170401e-05	5.28036238731171e-05	-0.5049
PLK1	6.62818957872567	1.43587905347352e-05	5.28283111652814e-05	-0.561
RBPJ	6.98049057297544	1.43704582059621e-05	5.28499365447308e-05	-0.4596
ASCC2	5.25322614921865	1.4435774723631e-05	5.30687682953297e-05	-0.5076
RECQL4	4.51339775711307	1.45695480405251e-05	5.35497622363249e-05	-0.6043
MEA1	5.25949449966414	1.46148093775661e-05	5.37053059574973e-05	-0.6278
ENPP1	1.18210747741299	1.46210810509247e-05	5.37175398803949e-05	-1.6177
NKX2-8	0.591374006913062	1.47013453978218e-05	5.39906983670558e-05	-1.9989
ALPP	0.795448715928982	1.47074237297268e-05	5.40018820363578e-05	-1.9322
PLA2G12A	4.79035562892836	1.47103067137822e-05	5.40018820363578e-05	-0.5263
GPCPD1	4.01731424300322	1.47197121561447e-05	5.4025545863003e-05	-0.6704
TBCA	7.44184799376439	1.47299117769141e-05	5.40521144521292e-05	-0.51
DNAJB6	6.96120808061896	1.47766095032932e-05	5.42125769879663e-05	-0.4893
DNAJB5	2.20573195999924	1.49665201746738e-05	5.48652193391256e-05	-1.0714
NFS1	5.48192922245376	1.50899700863256e-05	5.5284465963468e-05	-0.4821
SURF2	5.14406513598072	1.5484991019166e-05	5.66313281828638e-05	-0.7239
ELF4	5.93150716517406	1.54855165583291e-05	5.66313281828638e-05	-0.5652
MPV17L2	3.43623521062602	1.54911067657962e-05	5.6640425619142e-05	-0.8439
MRPL35	6.14336956185629	1.56848928732195e-05	5.73260068655645e-05	-0.5035
IFFO2	5.17953998753612	1.57942284351163e-05	5.77140581087838e-05	-0.6888
GADD45GIP1	6.36436745330634	1.58547697172318e-05	5.79236894051999e-05	-0.5673
SLC20A2	4.89760641964805	1.62249803061376e-05	5.92406480937697e-05	-0.5323
PASK	4.17568194930659	1.63790044475241e-05	5.9779109395042e-05	-0.607
PROSER1	6.0034536919498	1.66772707191939e-05	6.08190679683589e-05	-0.6774
LOC101928794	1.32915716418968	1.69400011408453e-05	6.17525281204616e-05	-1.6216
PWP1	6.01661643410873	1.71151948083585e-05	6.2366266750777e-05	-0.5232
FAM53C	5.18535664755305	1.7125265552427e-05	6.23892066666941e-05	-0.5033
KIF24	3.66889662095533	1.71283251431568e-05	6.23892066666941e-05	-0.8205
FOPNL	2.58438274087312	1.71661618915665e-05	6.25145524620863e-05	-1.2866
GOLIM4	5.06873184039477	1.72039005442574e-05	6.26394910921348e-05	-0.6994
C17orf51	4.39103531419301	1.73711177856922e-05	6.32105095267286e-05	-0.6334
NAPSA	6.04469681259841	1.74118023338604e-05	6.33459273429565e-05	-0.5151
PTPN21	3.0678866668735	1.74971533069501e-05	6.36310818270283e-05	-0.8273
ESPL1	5.19494471361705	1.75564974795441e-05	6.38341800411388e-05	-0.4889
BCL9	5.39894026758095	1.75788057455038e-05	6.38898422635712e-05	-0.5198
HIRA	5.38909752659538	1.77267059804386e-05	6.44023368784523e-05	-0.5263
PDIA4	7.8346761982485	1.77401552433716e-05	6.44249600403802e-05	-0.4559
KCNQ5-IT1	0.677832552274347	1.80930803269269e-05	6.56413502480878e-05	-1.9914
MAML2	4.62469984621028	1.82817022747451e-05	6.62598286138073e-05	-0.6007
AURKAIP1	6.52525962487729	1.85299405720171e-05	6.70796341627493e-05	-0.4485
SOX13	3.79434478886408	1.87451862475782e-05	6.78453846423053e-05	-0.7398
CCNH	5.37665965017469	1.88063293013976e-05	6.80531908278126e-05	-0.5398
ANTXR2	5.07463532054754	1.88545751351847e-05	6.82142536004622e-05	-0.5074
AHCY	7.24435534692268	1.88884588804632e-05	6.83233020253092e-05	-0.5044
TM9SF1	5.34938598302177	1.89810994066183e-05	6.86448000727465e-05	-0.4929
ZNF839	4.16065570301749	1.93339606205697e-05	6.98932247701228e-05	-0.6008
PXN	7.66956898297494	1.93589044911894e-05	6.99556928723582e-05	-0.49
LIAS	5.08297299581462	1.94193429252856e-05	7.0160206697806e-05	-0.5481
DRG1	5.38610003178385	1.94506870860759e-05	7.02595455962408e-05	-0.482
CD320	5.59498797270527	1.98079622485748e-05	7.14935070798698e-05	-0.5506
PLCE1	1.72121064838113	1.98876871792258e-05	7.17670719794318e-05	-1.2281
PTP4A2	7.10587780077982	2.00404800542833e-05	7.22984803089128e-05	-0.4543
OPA1	7.36327293814796	2.00791320015161e-05	7.24149809995414e-05	-0.4872
SLC25A43	4.79547713664049	2.06180498303105e-05	7.42852018358295e-05	-0.5463
BCLAF1	7.60704619518517	2.06933382158811e-05	7.45417487113507e-05	-0.4627
USP37	4.82649416548346	2.0741935041592e-05	7.46873305955234e-05	-0.5236
SNORD104	3.94106562940595	2.09375347351579e-05	7.53470597526203e-05	-0.8326
TMEM43	5.40365369869575	2.10661580727289e-05	7.57800555223132e-05	-0.4817
SNHG10	3.26205623778943	2.10835601384852e-05	7.58277135319516e-05	-0.7843
PMM2	5.43990079001658	2.11539225205865e-05	7.60657887602576e-05	-0.5011
TUBGCP3	4.65423135448947	2.11657648179336e-05	7.609338371725e-05	-0.6079
CPSF3	6.48591922256344	2.13354151292242e-05	7.66429237699954e-05	-0.4721
GNB2L1	9.93651328546157	2.13414806094098e-05	7.66496301407409e-05	-0.4998
CTNNB1	7.61550826673211	2.15168141664348e-05	7.72641540956793e-05	-0.4638
WDR12	5.89211932978722	2.1528849924868e-05	7.7292169956419e-05	-0.5149
RIOK1	4.37236861777757	2.16583256386356e-05	7.77417209710838e-05	-0.7452
THRAP3	7.41559592839835	2.18327563987585e-05	7.83524279173847e-05	-0.4666
L3MBTL2	4.37403676985751	2.18741158576234e-05	7.84854282815983e-05	-0.6328
MYADM	5.5968390610789	2.19680132414763e-05	7.88068480519535e-05	-0.6392
CLCN4	1.84275136062978	2.20970135041247e-05	7.92384754530151e-05	-1.2898
CENPBD1	4.01606652436897	2.22003972913163e-05	7.95779408895093e-05	-0.642
ATG4C	4.7140074054753	2.27848148270482e-05	8.16247212485462e-05	-0.5753
GNAI2	6.23087877987909	2.29195865866019e-05	8.20592219503831e-05	-0.6158
ITGBL1	0.0145663053886005	2.3124327096144e-05	8.27111511495308e-05	-2.3866
DST	8.35882316350287	2.31603402478735e-05	8.28237358599763e-05	-0.4599
CREG2	0.169591459528686	2.34736760238316e-05	8.39113823166381e-05	-2.1809
FASTKD5	4.88626709933969	2.35568716884922e-05	8.41758170963229e-05	-0.5433
DDX5	9.52477680878953	2.37360181497347e-05	8.4799363471929e-05	-0.4805
DNAJC8	6.99553570202228	2.38542077347497e-05	8.52049337518274e-05	-0.4855
NOSTRIN	-0.759493652396279	2.38920642386586e-05	8.53234594563675e-05	-4.1405
NFXL1	4.8292434561323	2.3994017897497e-05	8.56707981100537e-05	-0.5829
TBC1D31	3.61787022903968	2.40376748421265e-05	8.5809892827114e-05	-0.7334
SLAIN1	2.59116218617067	2.40456361710701e-05	8.58215315618879e-05	-1.0634
SAFB	7.02220983750191	2.4121903817622e-05	8.60769108863385e-05	-0.6189
CISD2	5.35984498091339	2.41704397302543e-05	8.62332514589646e-05	-0.486
DENR	7.79069613704998	2.42099912182924e-05	8.63574833296497e-05	-0.4455
EIF4E	6.9197250877629	2.44419908637439e-05	8.71679986732778e-05	-0.4725
AOC3	1.51491034632461	2.48477449904377e-05	8.85113039113037e-05	-1.3324
PPME1	5.413920727937	2.49623024663973e-05	8.8884687697786e-05	-0.4872
TOMM22	6.49802375013419	2.53707602731517e-05	9.02335085810749e-05	-0.5734
CCDC97	4.50728442970752	2.54585665364984e-05	9.05105337274224e-05	-0.6681
SDCCAG3	6.33893145623432	2.54826166036252e-05	9.05607647879659e-05	-0.4434
PDAP1	8.12707388645762	2.55592015308704e-05	9.08152555756268e-05	-0.4996
ATG101	4.76219586925655	2.59143750470617e-05	9.20235033766113e-05	-0.558
NACC1	6.68407252263439	2.64042588649794e-05	9.35810813121847e-05	-0.608
ZNF696	3.14797438745715	2.66785004664651e-05	9.45163408724601e-05	-0.784
GAB2	3.48478697226053	2.66882586265756e-05	9.45325668387203e-05	-0.8211
ENPP3	-1.06908773904609	2.69616243718305e-05	9.5426796148146e-05	-6.1039
NUDT4	5.78809000297964	2.69823356834138e-05	9.5481589501144e-05	-0.4958
PPP1R14C	3.90484640141594	2.70268080235161e-05	9.56204277669206e-05	-0.71
STT3A	7.50818446386505	2.73715008198181e-05	9.68024252163112e-05	-0.4624
ARHGAP42	4.87623697349224	2.74620471226063e-05	9.70850372328236e-05	-0.505
RABGGTB	6.64731339270787	2.78312652494728e-05	9.83712639679334e-05	-0.5245
LSM5	6.66069949651046	2.79354475158871e-05	9.87203890534329e-05	-0.6048
DDX23	7.16995049166278	2.80412638063166e-05	9.90559814334591e-05	-0.5435
SNORD14E	-0.0125858871963969	2.82438793454536e-05	9.96945594220033e-05	-2.3515
PCDHB12	0.871492083027998	2.82638577280898e-05	9.97457929023792e-05	-1.6514
CDK11B	5.15139999603987	2.82966039888012e-05	9.98420569036634e-05	-0.7071
MICALCL	1.31918128058976	2.83158452634786e-05	9.98906417642637e-05	-1.485
SRSF10	7.12175813410394	2.83534691382121e-05	0.000100004044162906	-0.4337
TXLNG	6.26309408084657	2.8434184019621e-05	0.000100269357439096	-0.4901
NOC2L	6.50084550450627	2.85325555423034e-05	0.000100577396018592	-0.4918
PFKFB2	5.07483441878555	2.87614378840408e-05	0.000101325513317454	-0.5426
TSC22D2	6.15585671056296	2.8837438846851e-05	0.000101573660734731	-0.4446
DDX11	6.01025947485061	2.88823009250944e-05	0.000101712053566459	-0.4981
NUDT16	5.92744291875627	2.90265593678604e-05	0.000102121577918608	-0.5337
SH2D5	1.93883234563672	2.91021076977871e-05	0.000102355150679779	-1.2407
RPAP3	6.1030511466247	2.92974662203324e-05	0.000102955638752337	-0.5661
POR	5.52537018328349	2.94950141262507e-05	0.000103609963034218	-0.529
SNRPE	7.78259559479954	2.99161530345486e-05	0.000105028709576677	-0.5397
NRARP	2.87192926453755	3.03482823984362e-05	0.000106484382753383	-0.8425
MRPL51	7.74551206763619	3.04490157572788e-05	0.000106817300473651	-0.4684
SNORD28	0.973398127654478	3.0517449390543e-05	0.000107036802319645	-1.6275
N4BP1	6.43091247185704	3.05668353230862e-05	0.00010718942482871	-0.4733
KLHL18	4.46510977628787	3.10542839378076e-05	0.000108856952298121	-0.5439
SGOL1	4.17821943577382	3.13523604365034e-05	0.000109880724156039	-0.5781
CDC37	8.25670064933264	3.18074224257987e-05	0.000111454184991436	-0.5895
SEC11C	4.36847174996578	3.24829008074061e-05	0.00011371195343049	-0.622
STK39	5.87079640328625	3.25208985940199e-05	0.000113779517963286	-0.4568
KCNK1	5.25994961138502	3.26792296505271e-05	0.000114311557099065	-0.5337
LOC646762	3.7811989779835	3.29267560767309e-05	0.000115111233040368	-0.7249
TBCCD1	3.84394987974828	3.35864032532048e-05	0.000117327473744835	-0.7392
ENOPH1	5.8448328861984	3.36295192483573e-05	0.000117455615725657	-0.4898
HCAR1	5.45673579589845	3.37875361825106e-05	0.000117968982001741	-0.495
JADE2	6.31115359108711	3.37987716815789e-05	0.00011797344377345	-0.4842
MEMO1	5.32727489490276	3.38036308270661e-05	0.00011797344377345	-0.5499
PDLIM1	6.03031095665921	3.44372730895955e-05	0.000120138898819732	-0.4724
PAQR4	3.21177187551459	3.53359222383577e-05	0.000123179796903467	-1.0941
CHSY1	3.50169446001831	3.58824942283585e-05	0.000125037376337643	-0.7123
PDE12	4.78743662812974	3.59246976427279e-05	0.000125160549649931	-0.5403
BRPF1	3.83731903171752	3.63542004913916e-05	0.000126608600566739	-0.6284
LSM12	5.35761290268999	3.66229245766477e-05	0.000127458686050285	-0.5566
SOBP	-0.583375735404689	3.66262197096733e-05	0.000127458686050285	-3.4833
FUS	8.59626291745438	3.68512330196155e-05	0.000128127933084245	-0.5859
KNTC1	6.53267403485108	3.68536249247027e-05	0.000128127933084245	-0.4457
ANKRD27	5.59041259893635	3.69359443621448e-05	0.000128389680174279	-0.4649
ORMDL2	5.23457433279602	3.70336191138047e-05	0.000128704692659741	-0.483
TDG	6.00069133557517	3.74191390767437e-05	0.000129920844995252	-0.4579
MRPL12	6.22541223355291	3.81716593036355e-05	0.000132432879560465	-0.5221
RBBP7	7.65083211784626	3.83033851549487e-05	0.000132835046802183	-0.4569
RAE1	5.22265875923749	3.8309406300038e-05	0.000132835046802183	-0.559
ZW10	5.4405292635766	3.83641516872563e-05	0.000132999611318373	-0.4903
PPP3R1	6.05591136331305	3.83927273880023e-05	0.000133073406340492	-0.4649
CPA4	-0.957476191106432	3.84029329174782e-05	0.00013308351240347	-6.2714
YWHAE	4.51048439233857	3.85294014918653e-05	0.000133486167307079	-0.5487
DDX51	4.60253956439989	3.85337479025145e-05	0.000133486167307079	-0.5291
PRUNE2	0.554429611420065	3.91552165387976e-05	0.000135613286498253	-1.9501
MUC5AC	-0.0408038215329201	3.96655722932535e-05	0.000137302747020409	-2.3106
TEAD1	6.7885109416361	3.96898865533228e-05	0.00013736086614549	-0.4597
FASTKD2	6.04483317943256	3.97929467366417e-05	0.000137691439655825	-0.487
IPO9	7.20170751875067	4.00156048129587e-05	0.000138409412933947	-0.4537
LOC101927160	-1.06968227739425	4.07781227490735e-05	0.000140886716295815	-6.0997
PDCL3	5.25152885676911	4.08608426035242e-05	0.000141145798026478	-0.5659
GNG5	7.27969211981826	4.16530065309603e-05	0.000143719011005332	-0.4427
TMED7	6.28563990239186	4.17879584361756e-05	0.000144130166108222	-0.4828
FRMD5	4.78819322983707	4.22686598298575e-05	0.0001457055615283	-0.5061
CYP26A1	0.53289041056421	4.28185843774951e-05	0.000147517659255624	-2.178
PAEP	0.43695187822554	4.28714101661732e-05	0.000147671785659181	-1.9131
GGT8P	2.44577515589906	4.33631441969235e-05	0.000149252933721538	-0.9319
TOMM40L	3.5655225460797	4.37168730242676e-05	0.000150359480776662	-0.6756
CCDC51	4.34201811250969	4.37175790952302e-05	0.000150359480776662	-0.6006
PPA1	7.45985963886936	4.40996717341835e-05	0.0001516450569183	-0.4634
COPRS	4.61555200523001	4.41349464292636e-05	0.000151737774390327	-0.5687
NHEJ1	3.61001169986269	4.49898997251371e-05	0.000154531629234638	-0.6811
FAM27B	0.810255349955894	4.51378390285018e-05	0.000154952310888366	-1.6534
GCDH	3.36976395942254	4.53251519029682e-05	0.000155536837056501	-0.7626
CUL1	6.52935435192797	4.54003780491358e-05	0.000155736433984409	-0.4535
MRPS2	6.11415287252584	4.55021308401786e-05	0.000156056152661713	-0.4408
ACTG1	11.4876000099054	4.5830785241153e-05	0.000157153797025261	-0.5164
RNF220	6.34338485459499	4.62206642675746e-05	0.000158419095709944	-0.4557
AIDA	5.47754794216071	4.62258174214983e-05	0.000158419095709944	-0.5021
RMI2	4.03844143580141	4.70482083507872e-05	0.000161054553610361	-0.6081
SMYD2	4.72966486176374	4.74307652717308e-05	0.000162304789278485	-0.4988
ADRBK2	4.20874618887593	4.77128266293843e-05	0.000163178224605852	-0.6382
MRPL49	6.3350305563698	4.78204826074582e-05	0.000163515776452848	-0.4511
CLTA	6.80189941887283	4.79100952854957e-05	0.000163791516766294	-0.4391
TP53RK	4.34333390677068	4.9279358466336e-05	0.000168283570550211	-0.6423
LOC730268	0.9305748582812	5.00300349223615e-05	0.000170719311690211	-1.5646
MRPL11	6.3340315539619	5.02629974483327e-05	0.00017141813588955	-0.4296
PAGR1	4.44060894405731	5.12564278710011e-05	0.000174675629496546	-0.5488
NAV3	4.83677986769517	5.18087196952952e-05	0.000176454212561589	-0.5015
ARHGAP5-AS1	2.3566210129313	5.18169935113212e-05	0.000176454212561589	-0.9842
NRDE2	3.67943795570244	5.25386561398593e-05	0.000178745006800088	-0.6632
NEK9	5.89726722264123	5.29827469493121e-05	0.000180222289604368	-0.4612
SCLT1	4.86357073726276	5.31860010633716e-05	0.000180778930443663	-0.5597
ADCY3	4.51375479853806	5.33189105399312e-05	0.000181196952869878	-0.5591
ARHGDIA	7.04760971876106	5.4277362561032e-05	0.000184248332263704	-0.4245
PSME4	7.13429240097872	5.44868171928666e-05	0.000184890582652969	-0.4397
MRPS12	5.25490238979757	5.48873509662702e-05	0.000186111344583995	-0.5618
PRPSAP2	4.94879713357419	5.53860640210401e-05	0.000187697788150753	-0.5056
PCYT2	3.51608090881916	5.58642552748163e-05	0.00018928319307666	-0.6745
PSIP1	6.91244229361737	5.73953987643801e-05	0.000194326854570201	-0.604
CCDC134	4.13418420639168	5.79236689252616e-05	0.000196032541569791	-0.5691
NABP2	4.69252056485286	5.80648055664692e-05	0.000196447570500642	-0.5563
RACGAP1	7.06990411178034	5.82386710428052e-05	0.000196962797065108	-0.4487
AMER1	4.16251306397424	5.8945197453319e-05	0.000199278430501443	-0.577
RIBC2	1.7282942412016	5.9131870296362e-05	0.000199872509559412	-1.2818
CHCHD1	5.27764757812219	5.92682592740101e-05	0.000200259363558454	-0.4727
MYH3	2.21817722963717	5.93301734138619e-05	0.000200429520915802	-1.0072
PRRC1	6.21392139321311	5.93405762790267e-05	0.000200429520915802	-0.4323
NAA30	5.45301078093834	5.94268259863282e-05	0.000200683709805107	-0.4424
TMED9	6.86050581502422	5.97789001839157e-05	0.000201798003283574	-0.5289
SART3	6.52056776767112	5.98784672652859e-05	0.000202096745867084	-0.5052
U2SURP	8.56222670007834	6.00101565380355e-05	0.000202503774077334	-0.4636
CEP164	5.09448206168062	6.01449229876381e-05	0.000202921033831514	-0.5055
HSPA4L	6.31150087141227	6.02131517309102e-05	0.000203076168113707	-0.4392
POLR3F	4.18985003329042	6.02696492065398e-05	0.000203191637288013	-0.5679
CNOT3	3.23792879776944	6.03279353195337e-05	0.000203350588477365	-1.0728
NUDCD2	6.3130855244197	6.04942159317071e-05	0.000203835807687199	-0.4246
SVIP	4.29792098442979	6.05454375859217e-05	0.000203970752642293	-0.5422
FAM46A	3.88150670074507	6.10848600470989e-05	0.000205674143308712	-0.6148
PRNP	7.00276279863782	6.20589494747918e-05	0.000208722951660243	-0.4222
DEF6	3.0617055765977	6.21871519901434e-05	0.000209115610007747	-0.8727
LOC284023	1.70543777700546	6.24904231164103e-05	0.000210096715361544	-1.2048
UXT	3.83680586990815	6.25695331743278e-05	0.000210323954636444	-0.6907
PSMD10	6.16849051579687	6.26540266683216e-05	0.000210569203029617	-0.4716
ENTPD1	2.82359125787439	6.2947575372662e-05	0.000211516829744767	-0.9234
UBE2O	5.07853713755213	6.30417024586325e-05	0.00021179413325079	-0.4952
ECEL1P2	-1.12847135333578	6.31302990030679e-05	0.000212013748822665	-6.0146
FSTL4	-1.12847135333578	6.31302990030679e-05	0.000212013748822665	-6.0146
ALKBH2	3.67771629538066	6.36208144014783e-05	0.000213582491304411	-0.667
RNF144B	1.05532848353756	6.45872948660128e-05	0.000216707527122575	-1.6677
SPDEF	1.26317446787064	6.48783206311493e-05	0.000217643995119857	-1.4055
EFNB1	2.70656165481239	6.51241588986246e-05	0.000218388435865777	-0.9009
MTBP	3.55667370505848	6.53404630136853e-05	0.000219033325886493	-0.682
DDX31	5.08778724437352	6.57617232322071e-05	0.000220324099711355	-0.5149
GLCE	4.35891616001754	6.68264262907412e-05	0.000223685962296254	-0.5472
VIPAS39	4.30299860500949	6.6881545975179e-05	0.000223829423157263	-0.5763
YIF1A	4.86497750157302	6.71722662679972e-05	0.000224761160738372	-0.4849
EARS2	4.83128490666624	6.72564933270224e-05	0.000225001748612447	-0.4786
FBXO30	4.36858615052386	6.74349684623092e-05	0.000225557490701341	-0.5541
ADAT2	4.34307319664557	6.75483539359843e-05	0.000225895356192586	-0.5619
IFI16	6.36227278480558	6.76899230692545e-05	0.000226327332518738	-0.4993
FADD	5.60884835248143	6.80118655150943e-05	0.000227195721288849	-0.4425
VCPKMT	3.67078213421461	6.80983432751228e-05	0.000227401381896953	-0.6775
GMPR2	5.68223278306046	6.85067156795049e-05	0.000228639598070392	-0.4794
PCDHA13	0.534201792644102	6.94284072935467e-05	0.000231588708852729	-1.7929
ING2	4.35259219921042	6.97224036850558e-05	0.000232484420397147	-0.5856
SALL2	-0.854714253695294	7.00430651452211e-05	0.000233510992931183	-4.012
LINC01268	0.456919086099716	7.0159494011225e-05	0.000233828793290442	-1.8075
CENPW	4.87959269247734	7.02555562071251e-05	0.000234091154246628	-0.6318
FBXO34	5.48347777511084	7.0398852560826e-05	0.000234525812472708	-0.458
HAUS8	5.18276305047444	7.04981061252789e-05	0.000234813615293394	-0.4559
MAST4	4.20511741536286	7.15312792805758e-05	0.000238167980037606	-0.5902
TMEM104	3.80452142972019	7.18412906024108e-05	0.000239069376820563	-0.6481
PIM2	2.35431251885995	7.29511610591759e-05	0.000242674270462157	-1.0084
TMEM39B	3.21534774947558	7.33281281867047e-05	0.000243839400396445	-0.749
RPN1	7.18260791442387	7.34184847353153e-05	0.000244095402900732	-0.4307
C20orf24	5.47666703198622	7.3950188392973e-05	0.000245818397542264	-0.4746
PITRM1	5.05098600148964	7.39899201412014e-05	0.000245869876680228	-0.5273
MPV17	5.5727343666683	7.39926107844638e-05	0.000245869876680228	-0.5438
CTNS	4.14822468399934	7.48365537615648e-05	0.000248357775944579	-0.607
FAM169A	3.86297015205892	7.51320011733422e-05	0.00024924764917691	-0.6409
CDC42SE2	6.22084509008256	7.56075587563108e-05	0.000250688629250855	-0.4478
ZNF365	-0.905629550902229	7.58340334184716e-05	0.000251393883073836	-3.936
CYP4B1	-0.905550879450215	7.59202997503293e-05	0.000251634167073713	-3.9355
CUL4A	6.82938362981765	7.64325703893675e-05	0.00025328607824075	-0.4121
RWDD1	5.1366630706123	7.66728235077386e-05	0.000254036128122918	-0.6118
TCEA3	1.22809905719237	7.67613210261625e-05	0.000254237060350802	-1.4779
SLCO4A1	4.93175406391653	7.68167686903229e-05	0.000254374556359611	-0.4666
S100A16	6.26844599932018	7.7182137957704e-05	0.000255471249672854	-0.4761
ACAD9	5.20878815816524	7.78910153892397e-05	0.000257744857158956	-0.5065
ZSWIM6	5.14032446971035	7.83985367922452e-05	0.000259377254019432	-0.4757
LRPPRC	8.49356739940916	7.92444099937704e-05	0.00026208078783447	-0.4818
FOXK2	5.84616834227283	7.95888396957688e-05	0.000263172225590646	-0.4499
PDZD11	6.0808877451614	8.03084084694363e-05	0.000265455423686045	-0.4688
PAXIP1	5.06458123592346	8.07061345356252e-05	0.000266721794366831	-0.5682
ZNF439	-0.758119499377542	8.09984086677575e-05	0.000267542418787512	-4.1554
COLCA2	-0.713128719545791	8.17216208163243e-05	0.000269784793783511	-3.2962
AGPAT6	5.38589766276577	8.25683169379105e-05	0.000272530680531277	-0.4609
INPP1	3.39478644469275	8.25923776180537e-05	0.000272560818111929	-0.8424
LDLRAD3	3.46257631678853	8.34494501671026e-05	0.000275289693214786	-0.6812
FRMD3	2.58734936117087	8.36604111363898e-05	0.00027588592227347	-0.9368
EYA3	4.71448249611415	8.37177713937233e-05	0.000276025218451113	-0.4913
CDKN1A	1.87149519773327	8.38366310719943e-05	0.000276367196975502	-1.1034
MRPL9	5.93449134332223	8.52746728732378e-05	0.000280803468249248	-0.4716
CIT	6.32256419930087	8.53453945446758e-05	0.000280985666872426	-0.4272
TRIP11	6.46584888893487	8.63518867346232e-05	0.00028419687114247	-0.4785
RPL23AP82	3.02754726485911	8.70434510257982e-05	0.000286214921096357	-0.746
CYP4F35P	-0.66817321985597	8.72509068337146e-05	0.000286845408816188	-3.3632
ALS2CR11	0.0943015437959015	8.74561691613561e-05	0.000287468459526416	-2.0738
ZFYVE16	6.12970874181763	8.76339182225933e-05	0.000288000866079507	-0.4434
TMX3	5.81484737284812	8.9031035929238e-05	0.000292224126559541	-0.4488
CSRP2BP	4.66843215584209	8.91955407608052e-05	0.000292711449241283	-0.5532
DPF1	0.456035299114973	8.93171609493436e-05	0.00029305788826226	-1.8051
SLC22A18AS	0.795335187678834	8.93636661750401e-05	0.000293157787905037	-1.6359
TMEM261	5.68540390869013	9.02156706929442e-05	0.000295634048495852	-0.5183
ACP1	7.44833910692831	9.03380907300456e-05	0.000295982086211004	-0.4103
TUBD1	3.46210231635504	9.13018213839599e-05	0.000298978663889789	-0.6708
HNRNPUL2	6.60427602883849	9.21997967186785e-05	0.000301648653924049	-0.6627
GNGT2	-1.18956811107581	9.28871546481819e-05	0.000303788587469941	-5.9251
PCDHA10	-1.18956811107581	9.28871546481819e-05	0.000303788587469941	-5.9251
EXOSC7	5.35517818250176	9.31497528268385e-05	0.000304592851084858	-0.5015
EDN1	2.2690908671638	9.36615912416536e-05	0.000306211677956237	-0.9515
GDF11	4.61975492510224	9.43659898395347e-05	0.000308404137219933	-0.5309
TERC	0.607274751622023	9.45879036974707e-05	0.000309018749087513	-1.8923
CCDC68	3.63345547813832	9.66838202444562e-05	0.000315640168523389	-0.6331
GMDS	4.11708405256344	9.76014877178831e-05	0.000318522123664225	-0.6745
FAM174B	-0.713520629278132	9.76809841567625e-05	0.000318724583872361	-3.2941
TNIP3	-1.18936926286323	9.77791286125756e-05	0.000318987807711076	-5.9261
EIF3B	8.5716869623367	9.7858317208001e-05	0.000319189108263224	-0.4231
ALG1L	-0.713364325285849	9.8298038112773e-05	0.000320508837968706	-3.293
HRASLS2	-0.905432282375715	9.96716732474193e-05	0.000324813649911618	-3.9377
PCDHB8	2.19258645233066	0.000100041204144127	0.000325901538696499	-0.993
DDRGK1	5.84771368504965	0.00010068390632668	0.000327936733969648	-0.7454
EIF3C	4.41559018519406	0.000101024990893142	0.000328930307427358	-1.1681
MAP7D2	0.93060790950149	0.000101183013592131	0.000329386072777806	-1.482
MTX3	5.59088758643443	0.000103074390933153	0.000335304005858098	-0.4674
DDX49	4.31966710516724	0.000103902095385703	0.000337876140605877	-0.5384
MIR17HG	2.61265782871103	0.000103936339658782	0.000337927304863887	-0.9357
DCP2	5.91476225400597	0.000104442109673541	0.000339511245406012	-0.5299
ZNF814	4.27876024668495	0.000105159913010695	0.000341601311730115	-0.6066
EPS15L1	4.53606250559635	0.000105501340560662	0.000342588486886419	-0.503
CEP192	5.5766364184561	0.000105968485405719	0.00034404422364695	-0.436
DTWD2	4.06398941589409	0.000106279161387925	0.000344868889139344	-0.6185
APEX2	4.21468250875685	0.00010633894002114	0.000344987682867376	-0.5515
SGTA	5.85284463551392	0.000106392950488518	0.000345054131127799	-0.528
C16orf59	2.97324286276297	0.000106459463858489	0.000345208520817153	-0.7483
LTBP2	2.57591859289548	0.000106835509347528	0.000346304875470255	-0.8525
SP8	-0.0972446891877331	0.000108374050533286	0.000351160127231604	-2.784
HUS1	3.60973738899454	0.000108391066879387	0.000351160127231604	-0.6494
USP10	7.32349730036482	0.000108502629543711	0.000351459191793824	-0.4016
TCEB3	5.99824155785402	0.000108624205764937	0.000351790580174682	-0.4211
JAG1	5.04359427867012	0.000109436220324799	0.000354231850753464	-0.4612
CNBP	8.46618642051917	0.000109566606274415	0.000354591023603214	-0.465
AMPD3	3.13090965589175	0.000111464791241163	0.000360350846272123	-0.7299
VEZT	6.51550274161068	0.000112236099432014	0.000362780140090446	-0.4516
MRPS26	5.68638186120554	0.000112329820204315	0.000363018799371565	-0.4593
CENPP	2.92752598328823	0.000112432575339197	0.000363286565556175	-0.8621
SNRPA	6.52808431143083	0.000112736848656944	0.000364140819016486	-0.4244
ADAM15	5.70169451360015	0.000113174255918374	0.000365488982141488	-0.4285
TM4SF1	7.57265916857682	0.000113541571209268	0.000366545521484773	-0.465
NFKBIB	4.46190029499872	0.000113783308952658	0.000367196055902374	-0.6347
HNRNPC	9.74842499083987	0.000114505999983943	0.000369397691413123	-0.4551
HERC5	2.63076552030701	0.000116131672442607	0.000374443626300288	-0.8204
EXPH5	5.79940776369979	0.000116931159500133	0.000376954838042457	-0.4375
TMEM194B	3.87801767794571	0.000117022625470543	0.000377183095090084	-0.593
SAMD1	4.04337978235058	0.000117608795564485	0.000379005502528728	-0.6424
PLXNC1	2.78605462753779	0.000120451751308165	0.000387483202093721	-0.791
EOMES	-0.713638407748213	0.000121384245859491	0.000390275555325486	-3.2918
CEP85L	1.85677190795286	0.000121594176613747	0.000390813959200805	-1.081
ELOVL4	-0.854517265920882	0.00012200988569072	0.000392081054949796	-4.0157
CEP83	4.73268063411847	0.000122081139660329	0.000392240986560888	-0.5329
LINC00707	-0.854438694838345	0.000122235896420594	0.00039253096307025	-4.0145
KISS1R	-1.18917038928264	0.00012497958788683	0.000400918530392193	-5.928
WNT16	-0.958110726467386	0.000126692045113001	0.000406126422402626	-3.8581
CCDC23	3.37360392079179	0.000128912947290884	0.000413173238367694	-0.6566
STIM2	4.58968598775391	0.000129543897958477	0.000415122591035625	-0.6682
CENPB	6.89152268211078	0.000130126692505282	0.000416770683925688	-0.5563
TMEM75	-0.320952831461999	0.000130311178770843	0.000417288349349326	-2.468
NPR3	0.194827523737844	0.000130916301334281	0.00041915257754448	-2.2195
GALT	3.48563190996594	0.00013178993706411	0.000421654407189614	-0.6749
ACYP1	3.90810336586256	0.000132115054588439	0.000422545976973817	-0.6453
TMEM107	3.04289302934515	0.000133170237114929	0.000425697049338144	-0.7707
GPR137C	1.74566274037137	0.000133864252472013	0.000427765761093834	-1.1856
PTRH1	2.75076564234884	0.000135008820669342	0.00043112139761055	-0.804
EED	5.45627746117682	0.000135181085398151	0.000431506240349874	-0.4585
ANKRD18A	4.16866665969478	0.000135290038928582	0.000431717348484563	-0.6108
PCDHGA7	0.0941889980765719	0.000135548368971515	0.000432390533626414	-2.077
ATP1A3	1.15863042528395	0.000135744462892059	0.000432868269207356	-1.52
VWA2	-0.712580333875942	0.000135745554404695	0.000432868269207356	-3.2982
WTAP	6.18355853750922	0.000136170910109331	0.000434073011167442	-0.4049
ZC3H18	7.01324190244775	0.000136747736972372	0.000435759589137304	-0.5451
HAGLR	0.55321805641991	0.000137441816147506	0.000437818495129798	-1.6983
LSM10	3.74998957475306	0.00013749662261047	0.000437916668244373	-0.5927
SORD	5.82256332119068	0.000139160230634719	0.000443137828443648	-0.4439
MRPS34	6.48528084343094	0.000139694191085604	0.000444760577687266	-0.4685
APOO	3.4459772249635	0.000143146832277632	0.000455197451674002	-0.7878
NEDD8	6.14624757221148	0.000143896234169511	0.000457500809996271	-0.5783
YBX1	10.7544780560987	0.000144435813857743	0.000458976539214438	-0.6102
KTN1	8.58751317074339	0.000146433633283047	0.000465082186711084	-0.4868
ELP6	4.16660404709286	0.000147903132660656	0.000469667696965201	-0.5388
GLI3	-0.957913142067624	0.000148593721493951	0.000471695199714312	-3.8592
WDR55	5.33026386275022	0.000148693095163379	0.000471847930697489	-0.4271
FUCA2	6.5014928960181	0.000148798024109403	0.000472098840483361	-0.4428
SETD1A	4.72220910699475	0.000150440861634676	0.000477145304031036	-0.5586
PIAS3	4.86822603076695	0.000151552311683372	0.000480586938004455	-0.497
GTF2F2	5.63430408196657	0.000151614430525988	0.000480700424397783	-0.4177
DUS2	4.68908427456887	0.000153738004449419	0.0004870949339168	-0.5438
EIF3D	7.43801460148083	0.0001540275419579	0.000487927608187301	-0.4049
GMPPB	3.67816675356698	0.00015503946052944	0.000490962773881259	-0.6059
FDXACB1	2.22718865599065	0.00015523169215113	0.000491486259436529	-1.4099
MTURN	3.69165193546879	0.00015570699322677	0.000492852406760923	-0.6108
RPL23AP7	3.36476325049021	0.000155717171461273	0.000492852406760923	-0.6751
PRKRIR	6.01654610634818	0.000157186324579171	0.000497329903209244	-0.4299
SREK1	7.22830158498649	0.00015894602760561	0.000502549130579845	-0.4606
RABGGTA	3.78349980374592	0.000159057854446624	0.000502656820634028	-0.6664
SLC35E1	5.23653082277141	0.000159062689132492	0.000502656820634028	-0.4397
TAF3	3.08217416995766	0.000160641560971864	0.000507470554958011	-0.8021
HOMER3	4.29421290119561	0.000160910358239572	0.000508231747408586	-0.5646
LONRF1	3.96795879248952	0.000160985046045309	0.000508379692199128	-0.5615
PTCD3	6.37091124408561	0.000162305498310111	0.000512460943816912	-0.4121
NCBP1	6.84100645116004	0.000163727878225201	0.000516773192406514	-0.4435
MTO1	4.75617316234853	0.000164407326887965	0.000518828031057337	-0.5061
ASPM	8.10993480951945	0.000166279870617533	0.000524465327918743	-0.4632
TRNT1	4.41261039918028	0.000168725921900919	0.000531996620073087	-0.5088
TBL2	5.20346925506033	0.000169340454193195	0.000533657747583459	-0.4285
ZC2HC1C	1.41565075902375	0.000170959754210557	0.000538481931136634	-1.2927
THADA	5.47277909221973	0.000171809777088593	0.000540879339632585	-0.4491
ZFAND4	1.08202982576201	0.000172746127802477	0.000543733329165865	-1.4798
WDR5	6.14776827883329	0.000173256289822822	0.000545219651281686	-0.414
MORF4L2	8.44255843333942	0.000173278068401421	0.000545219651281686	-0.3941
NHLRC2	5.02124585707507	0.000173504808599917	0.000545839011855952	-0.4971
MTM1	4.88356229953433	0.000174554162504455	0.000549045622102227	-0.5589
ZNF786	3.22927372695398	0.000174762227274636	0.000549510716694066	-0.6957
HAUS4	4.89097666303697	0.000175101592814576	0.000550388202207801	-0.4577
FNIP1	5.24914438394266	0.000175315520011758	0.000550965765765993	-0.4216
TMEM109	5.84320466896382	0.000175560668801651	0.000551641234017719	-0.4153
SNX5	7.63329940304526	0.000176308700973312	0.000553705770681023	-0.4309
BCL7B	5.21854505677321	0.000176354671619171	0.000553754882194631	-0.5006
RALGPS2	7.49723622391059	0.000177282043984557	0.000556571108337415	-0.391
POLK	4.95369787366522	0.000177575232115819	0.000557395707961898	-0.4697
OTUD3	3.7175562411385	0.000178357818239773	0.000559563555556849	-0.5904
PSMD13	6.12723440002286	0.000181884236279123	0.000570137125259558	-0.4161
SFTPB	-0.625641041453515	0.000183230714009968	0.000573830436843314	-2.8278
RELL1	3.42735680190592	0.000183468420591587	0.000574412534097069	-0.6762
RPL7L1	7.43098003519358	0.000184679937588246	0.000577809244320655	-0.3865
ATL3	6.49392819560982	0.000188127218575428	0.000587670698026908	-0.4632
ARFGEF3	3.99950751567899	0.000188244089198571	0.000587670698026908	-0.5543
RPS6KL1	2.1313961872654	0.000188323027316756	0.00058779709124546	-0.9565
SMNDC1	5.1400034866304	0.00018881734933195	0.000589239235795568	-0.4281
BANF1	7.51635294684984	0.000190038441174148	0.000592644650166596	-0.3981
DEXI	3.63032056423427	0.00019026141425894	0.000593238664169294	-0.6074
STRAP	7.98429715965357	0.000190423912714757	0.000593643946468683	-0.4336
CSTF2T	4.59435540845696	0.000190912652527701	0.000595065969702186	-0.4733
PTRH2	4.61023271841832	0.000191960365435955	0.000598229503482211	-0.4724
BOD1	5.74266040358407	0.000195103389154695	0.000607609599523731	-0.4042
HN1L	7.65067512435805	0.000195279382202688	0.000607950273105777	-0.4039
COMTD1	3.34520271712968	0.000198863119664821	0.000618790712902841	-0.6803
KIF3A	5.24845541632053	0.000198969873753847	0.000619017385011969	-0.4382
FAM111A	6.06051573405863	0.000200133365512177	0.000622424995023903	-0.4152
RPP14	4.63383190356993	0.000204051798385395	0.000634179372033328	-0.4866
TEX2	5.0578975526705	0.000204319561242398	0.000634903474049569	-0.4414
IL23A	1.33232286411487	0.000208305128069416	0.000647067962912244	-1.3355
LINC01184	3.84367501459194	0.000209625147080205	0.000650836170934731	-0.6858
MRPL22	5.79350977333664	0.000210150067058065	0.000652354977760932	-0.4583
CASP8AP2	5.02913349413703	0.000212125987340871	0.000658041125725565	-0.4538
CDT1	5.20997129628455	0.00021264311025723	0.000659533234939855	-0.4263
LYPLA1	6.74341904579679	0.000213678607274866	0.000662407310988276	-0.4083
CCDC77	4.18326423768599	0.00021474128541608	0.000665475624945842	-0.5688
EIF3M	6.74762503706746	0.000216525386209121	0.000670850842979253	-0.5003
ADTRP	5.0466852426788	0.000216549299828918	0.000670850842979253	-0.4529
TNIP2	4.97081808813207	0.000217376035204432	0.000673183528192045	-0.4467
LOC105379260	0.456145196632382	0.000218531855055574	0.000676527332969152	-1.8009
SF3B2	7.84921640891036	0.000218717057060512	0.000676877198456807	-0.5171
ANK2	-0.712540675669076	0.000220438200412248	0.000682088099445086	-3.3032
HLTF	6.35409300986445	0.000220672693796791	0.000682697966099681	-0.4381
CHIA	-0.625796880455038	0.000221290393020324	0.00068449295407981	-2.8288
ZC3H4	5.46770555938159	0.000221547461022511	0.00068493630130737	-0.4336
SRP72	7.65021481848651	0.000221583796862474	0.00068493630130737	-0.4306
SUGT1	5.33736796138907	0.000222362482842891	0.000687226931907874	-0.5601
SF3B5	6.3420721105826	0.000222670729356379	0.000687959959485206	-0.4764
MUC16	8.56432840726282	0.000223612914155763	0.000690450339378887	-0.6178
SS18	6.51910725313479	0.000223632386982217	0.000690450339378887	-0.4412
TRPV1	3.0366653123023	0.000224657855153974	0.000693499121354573	-0.762
COLCA1	-1.01273013724405	0.000226870843890923	0.000700212024695298	-3.7767
ACP6	4.20178961166035	0.000228751333855522	0.000705658051853062	-0.532
PTPN12	7.06558412567734	0.000231615714436027	0.000714252784247316	-0.4187
TROAP	6.14456496105959	0.000233069352623501	0.000718371450530919	-0.4218
CST6	4.79600439193407	0.000233506387548084	0.000719275308464223	-0.4734
FAM109B	0.609308681107102	0.000233559598410162	0.000719275308464223	-1.6741
RABEPK	4.96811274749891	0.000234763878279171	0.000722740195929941	-0.4581
E2F3	5.04478122506658	0.000235003670809947	0.000723356434716977	-0.4529
PCBD2	2.59635718191502	0.000235418901633082	0.000724512385066343	-0.8843
SMARCC1	7.441485722267	0.000237502899969625	0.000730433447076395	-0.4141
METTL17	4.59173910178613	0.000238776183452721	0.000733978448410991	-0.4732
HEATR4	-1.01245333375438	0.000240922014641986	0.000740449882037727	-3.7772
FNDC3B	7.24699437989491	0.000244417605982206	0.00075094039293355	-0.3837
PCYT1A	4.87990481093362	0.000245481911599259	0.000753956557563269	-0.4449
SUPV3L1	4.96319072911821	0.000251271319794986	0.000770700472812041	-0.4717
LRRC75A	0.761847505952376	0.000254412655605314	0.000779811524635763	-1.4909
VASH2	2.20608468911605	0.000255139664088425	0.000781908629779804	-1.0677
STX1A	3.85249783088203	0.000256293922714978	0.000785182388502205	-0.5565
KIAA0101	5.73680988946364	0.000259906955097484	0.00079545035578536	-0.3965
ADRM1	6.77588011004786	0.000261441540414543	0.000799744765718481	-0.4016
SLC10A3	4.15863402512488	0.000261603515758159	0.000800106179206056	-0.556
MTCL1	5.5949438911925	0.000262043842653229	0.000801222265333574	-0.4538
BUD13	4.34412240275109	0.000262056208715314	0.000801222265333574	-0.636
SRD5A3	3.64945598379067	0.000262799834748522	0.000803226817875275	-0.594
RAD23A	6.54036998349292	0.000262974558491586	0.000803491805828017	-0.4431
ASXL1	6.84412845828781	0.00026380310398048	0.000805888464904223	-0.3891
LOC100126784	0.661291605579538	0.000265426247525641	0.000810304611175268	-1.5335
TMEM260	4.17591664668908	0.000265788535384651	0.00081127495435248	-0.5165
SNORD26	1.65142167557484	0.000267228086281589	0.00081526001723875	-1.1625
DSTNP2	3.67707319494011	0.000267667431562638	0.000816463931596911	-0.5758
UHMK1	7.85144895655242	0.000268549940888969	0.000819018997806385	-0.4235
MBTPS2	4.92824990190882	0.000268689602104176	0.000819308063473166	-0.487
RCC2	8.03036250599664	0.000270068087287031	0.000823236433713815	-0.4431
CENPM	3.99777356202336	0.000271493240408818	0.000827442503656659	-0.5809
MRPL44	5.88576156372355	0.000271631715697859	0.0008277263564981	-0.3942
FOXD2-AS1	2.24498141801767	0.000272350165087108	0.000829777138489693	-0.9631
NUF2	5.91974724611794	0.000273088709314104	0.000831816913823246	-0.4563
ABHD5	4.57232499157814	0.000276387339190483	0.000841234955695475	-0.5045
RND3	6.36149731977477	0.000276698489045296	0.000842041609603422	-0.3891
WDR18	4.02567193499306	0.00027728905713284	0.000843557578239815	-0.5297
AK1	5.14394757128402	0.000280441149129912	0.000852152732775578	-0.5351
RSPRY1	5.93637567171585	0.000282657672548969	0.000858459236408913	-0.4043
THOC5	4.48229464887533	0.000283568160647296	0.00086093802440995	-0.5226
ECHDC1	5.71947034926913	0.000283757155941981	0.000861368579793283	-0.3953
ADRB1	-0.806462565513211	0.000286577502083512	0.000869640770950233	-3.1569
FAM72C	2.78881054012615	0.000286705482290933	0.000869884541250335	-0.8689
CLOCK	5.95491060447665	0.000287279003351801	0.000871479808107424	-0.3853
ADSS	6.98211745912075	0.000287917293507612	0.000873270993566201	-0.3774
TET3	5.53986523143166	0.000289436800055712	0.000877588145128232	-0.4192
SH3GL1	5.8423883580386	0.000291815971800599	0.000884361285058388	-0.4982
DOCK10	2.7810237909423	0.000292957738046451	0.000887674102203487	-0.7649
CALD1	7.03694609352773	0.000296464786121453	0.000897704616923744	-0.4049
SDC4	7.32129582936273	0.000297751407201674	0.000901451026513061	-0.507
ZCCHC24	0.917016530630145	0.000298518980170031	0.00090362502105523	-1.4658
MRPL37	7.40802357467848	0.000299786308695438	0.000907310817563646	-0.424
MAP4K2	3.20569225310075	0.000301730286546535	0.000912891632614112	-0.6555
SLFN12L	-1.01379633001899	0.000302025168878487	0.000913632391556862	-6.1619
SNRPB	7.44160580120267	0.000303549513936167	0.000918091439101832	-0.4614
DCAF16	6.00002736289531	0.000304765527790138	0.000921463974053787	-0.3871
CDC42EP3	6.67354124481138	0.000304924032444373	0.000921790550803855	-0.382
UBE2K	7.75947565491419	0.000305940822123268	0.000924558127575298	-0.3899
YDJC	4.85085401670324	0.000306083213886762	0.000924835344706508	-0.4594
ISG20	1.20588898181863	0.000306285615098727	0.000925237720255949	-1.2622
SENP2	6.09474387748719	0.000308046931165918	0.000929537979399174	-0.4426
CREB3	4.77802729779613	0.000308460443381608	0.000930631937592899	-0.4389
CENPV	4.44237760035053	0.000311087599891328	0.000938093033302955	-0.5912
RNF4	6.2913009814887	0.000312644751048359	0.000942477307651723	-0.3821
SENP3	2.53724682657492	0.000312766659201027	0.000942533530930003	-0.9847
ICAM3	3.07091240982277	0.000313933023450066	0.000945424162999738	-0.6733
UBL7-AS1	2.40189125255406	0.000315106941236352	0.000948646490635032	-0.9627
LZIC	4.51062431292687	0.000318846377340809	0.000959313536172042	-0.502
FKRP	3.14389230213696	0.000318860349336763	0.000959313536172042	-0.6699
NOB1	7.03712783241499	0.000320269481238882	0.000963235527100003	-0.3889
SRRD	3.43218231615698	0.000320497123071452	0.000963761403194272	-0.6828
ERLIN1	5.57026929607094	0.000324867075430936	0.000976258984208587	-0.3944
ZNF286B	1.02840291490316	0.00033123839912137	0.000994423320894547	-1.3238
QSOX1	6.38201056364644	0.000333719817996652	0.00100154348139847	-0.561
KRR1	5.31052021357308	0.000336196072830748	0.00100864346846313	-0.4377
SNORA67	1.61100692860453	0.000336294390144999	0.0010087726563403	-1.3878
SF3B3	8.3895321018086	0.000337101345320912	0.00101086106441829	-0.3815
SMG1	7.5145826729216	0.00033744862716713	0.00101157013753089	-0.3893
TRAPPC4	4.73332761161612	0.000338642143661921	0.00101498127970646	-0.4708
CHERP	5.52798308023395	0.00033923081365167	0.00101657874819844	-0.495
DDB2	2.8313893825349	0.000342748739936595	0.00102661542186751	-0.7919
CHI3L1	-1.32080047878905	0.000343006387959356	0.00102721860541109	-5.7222
TMEM126B	5.95709013099491	0.000344437245324962	0.00103116535760126	-0.4311
TAF12	5.08172618028497	0.000349647349339274	0.00104607702548964	-0.4917
CFAP20	5.47876570632601	0.000349925381455118	0.00104657858693756	-0.4374
ZBTB8B	-1.32060098261552	0.000356193144301734	0.00106478828268748	-5.7233
RNASE7	-1.32060098261552	0.000356193144301734	0.00106478828268748	-5.7233
RBM34	6.08270789932583	0.000357115377777238	0.00106737038911284	-0.4786
EHBP1L1	6.03187933248112	0.00035731239698904	0.00106778443598493	-0.491
CNTLN	3.96741277626027	0.000358287958371577	0.00107052454468601	-0.6579
AQR	5.96511466989926	0.000360712375304574	0.00107759206734745	-0.4165
AUNIP	3.35596725975882	0.000362056065786444	0.0010812523371499	-0.6397
MED14	5.89598419404449	0.000368459745506237	0.00109887288988316	-0.4048
SGMS2	6.40528634584648	0.00036849801883571	0.00109887288988316	-0.3897
TFCP2	5.6705206627973	0.000369417245630966	0.00110143413951313	-0.3866
TRAPPC6B	5.32369368348898	0.000370615855165553	0.00110482740886714	-0.4168
CPSF7	6.50033641838319	0.000372810467356037	0.00111100683840219	-0.3897
PMP2	-0.354882145385291	0.000373380250320418	0.00111252323320541	-2.4217
GPR39	3.44662445465085	0.000375550335708653	0.00111844158706316	-0.6316
CRNDE	0.826180503830142	0.000376673938971792	0.00112160486541658	-1.412
NUDT21	8.32372294405987	0.000378012829623783	0.00112540805897126	-0.3817
PNPO	5.95259868705346	0.000379557106993584	0.00112982138354392	-0.4445
TCEAL4	7.25793209500698	0.000380937289749084	0.00113319067323762	-0.5303
ICK	4.86308817456544	0.000381217799901973	0.00113365566949184	-0.4789
NOSIP	5.08863319548071	0.000381558923151764	0.00113448529333202	-0.446
C11orf68	4.67980865029624	0.000384269908726755	0.00114198786484057	-0.4523
ZNF480	5.627635160588	0.000387305908473009	0.00115082302491589	-0.4454
SFXN2	2.04130202182445	0.000391319190435255	0.00116180242975866	-0.963
LAMC3	1.5345908019812	0.00039167551894522	0.00116267126404292	-1.0758
C20orf27	5.30293985431644	0.000393183536085795	0.00116675186644936	-0.4671
ILKAP	4.62682009810839	0.000394559348833321	0.0011702803366858	-0.4947
TXNL4A	5.1339319932909	0.000395218689332739	0.00117204554783276	-0.4317
GLB1L2	3.93654255952348	0.00039859678080904	0.00118167957623414	-0.565
ZNF850	4.14395916546308	0.000401908849793192	0.00119130507579551	-0.5354
ZDHHC9	6.13670686609027	0.00040252066470892	0.00119273125384289	-0.3966
COL9A2	1.22771859714526	0.000403255224754946	0.00119471395376928	-1.3496
TVP23B	5.14085271036291	0.000403589962307157	0.00119551165858826	-0.4205
GGNBP2	2.0799038441448	0.000403664762148242	0.00119553924363697	-3.3762
TANC2	4.49646353784061	0.000403885338085064	0.0011959984966879	-0.4841
CABLES1	3.0874295271473	0.000406691179037867	0.00120352636805241	-0.6591
CACTIN	4.13037678326191	0.000409108895714076	0.0012097006802974	-0.5173
STARD13	3.88274956185366	0.000411000563082534	0.0012150973732202	-0.5686
LOC101929895	2.0667604373007	0.000412037165507934	0.00121720331144214	-0.9431
TIMM13	5.84705466131617	0.000412046256831312	0.00121720331144214	-0.3766
CNGA1	0.515551353562585	0.000417504068456195	0.00123232890440361	-1.5317
RPL23AP64	1.12105316906849	0.000417835519963037	0.0012331078649281	-1.396
ARHGEF33	0.571916408148771	0.000418735545214508	0.00123496544643555	-1.5061
LOC100631378	-0.0980522341159644	0.000419666319758296	0.00123731077737524	-2.002
JUP	6.94074117797405	0.000421155206286949	0.00124129955537206	-0.4332
HTRA2	3.64390833686073	0.000424361775163297	0.00125034676684654	-0.6114
GLS	8.5934856055303	0.000432093539035434	0.00127230639494047	-0.4193
ZFR	6.84277204006918	0.000436767744311881	0.00128524048036069	-0.3721
SCN8A	3.73218069846479	0.000437925433542327	0.00128823182641778	-0.5709
SKP1	7.61216412126875	0.000441262621450266	0.0012976305440071	-0.387
PIGT	5.35443900543575	0.000442417124778109	0.00130081607826529	-0.4996
FBXL13	2.05948559551896	0.000442693020187833	0.0013014176773831	-0.9915
IKZF3	0.825751451167152	0.000444539612065322	0.00130621521935691	-1.4073
KPNA1	6.7293897324234	0.000448779757483932	0.00131782584086001	-0.4156
NCAPD2	8.11904028480565	0.000449096077541913	0.00131854261685512	-0.3656
MFAP3	4.96785054997669	0.00045576874915117	0.00133727326976917	-0.4489
TAF9B	5.75712642533312	0.000459223136081324	0.00134719228222733	-0.4212
COPS4	5.65080372317286	0.000461998666354802	0.00135511691082475	-0.3824
JPX	3.36644138168174	0.000463116971786528	0.00135796071907081	-0.62
DDC	2.68359758845279	0.000464923726813253	0.00136260195162992	-0.7325
EXOSC10	6.21516964629894	0.000465375167146023	0.00136348724946522	-0.4535
ITPRIPL2	6.37102189571903	0.000465956497905119	0.00136497140978111	-0.3823
ARHGEF39	3.72472985248398	0.000467640325036456	0.00136946451297169	-0.5504
ZNF362	3.0493168118881	0.000468584549974588	0.00137200955001381	-0.7222
ASL	5.11273581744358	0.000472116716987047	0.00138190841515401	-0.4292
KATNB1	4.76689755989889	0.000472342321024549	0.00138234713251429	-0.4415
TRIM23	3.76202563776885	0.00047329395744288	0.00138491015981363	-0.5782
ELAVL1	6.51900846988412	0.00047505753890885	0.00138984782537179	-0.3816
FIP1L1	6.55348970543867	0.000476666199026738	0.00139410735812754	-0.4105
GCN1L1	7.1995342232343	0.000477139870080636	0.00139526917638829	-0.3916
CLNS1A	7.01266115957832	0.000481167747054127	0.00140659702005126	-0.4472
SARNP	5.9983204243269	0.000489985397218172	0.00143122774585839	-0.3735
MED9	4.06829105258135	0.00049091918212433	0.00143372589807419	-0.523
ABCF3	4.99554142270147	0.000492677538154765	0.00143863101992217	-0.4101
LARP4	7.30287857667235	0.000498483712754024	0.00145465451726942	-0.3726
MIR1244-2	3.50023074533879	0.000498776245388013	0.00145527555310909	-0.618
GPSM2	5.55466562279623	0.000500556550917781	0.00145977003091933	-0.4052
C5orf63	2.61213374112372	0.000501036464273562	0.00146093622293214	-0.792
LINC01468	-0.855543514254242	0.000502820902949379	0.00146590520668219	-3.0836
RPS6	10.603211769066	0.000505128996369115	0.00147239900330745	-0.4403
LOC105378510	-1.32119939404168	0.000505386669141959	0.00147291491568576	-5.718
BHLHB9	3.73895497166601	0.000506991214433644	0.00147718029335216	-0.5476
CCDC15	2.58554849489357	0.000508610793963976	0.00148136545223458	-0.7467
NEB	4.45584767982388	0.000509276959553363	0.00148306909771992	-0.5262
BTBD1	5.8519545297971	0.00051655444307964	0.00150402199567175	-0.3719
LOC100129461	0.678690112607058	0.000519901608656736	0.00151304380163197	-1.4634
STAT1	7.89635178763711	0.000520013843443419	0.00151312921993992	-0.402
DNM1L	6.84089481996336	0.000523036752799411	0.00152144024205004	-0.401
SMARCE1	7.06881147393218	0.000524450079545529	0.00152530837218148	-0.4196
MFHAS1	4.93177743599214	0.000526065046216652	0.00152927444008459	-0.4788
PAPD4	5.18288459520138	0.000526164421234544	0.00152931980163315	-0.3931
BCL11A	3.31428125476906	0.000530259887822919	0.00153999753612714	-0.6031
CBX1	7.87829985970988	0.00053245451231859	0.00154538785006171	-0.4001
NLE1	4.30238686879715	0.000533226291858749	0.00154713591611146	-0.5034
ASF1A	4.53339482905817	0.000534161983628735	0.00154935830523136	-0.4662
ZGRF1	4.57467655247564	0.000537189729227645	0.00155789288272913	-0.4801
SEC13	5.77627755291199	0.000538259678060323	0.00156074788479499	-0.3824
SRPK1	6.98090445970432	0.00053858639395606	0.0015614472301194	-0.3685
NT5DC2	4.92436899893785	0.000539361174951293	0.00156319695347052	-0.4127
PRPF6	6.58292447459656	0.000539598580124616	0.00156363677440556	-0.3787
FAR1	6.4999708317757	0.000540321668453214	0.00156548363422978	-0.3803
EHF	7.19386631628249	0.000542967483338165	0.00157289977401167	-0.3674
APEH	6.15972014143916	0.000543694530140405	0.00157425651740575	-0.3663
RASL11B	-0.188968186156929	0.000546485636890888	0.00158158557182626	-2.1003
RBBP5	4.91769609688202	0.000546584057826694	0.00158161967977241	-0.4243
GPC2	1.00059527809208	0.000547648248443057	0.00158444792766663	-1.281
GPR180	4.08901117104222	0.000550289158390974	0.00159103836919067	-0.5371
CNOT7	6.70131154548183	0.000550377958194339	0.00159103836919067	-0.3624
GBF1	6.02137967876922	0.000550449076457507	0.00159103836919067	-0.3662
METTL13	5.86123076888772	0.000552019531995678	0.00159456781267612	-0.3869
UBA2	6.51209496308721	0.000553920673007297	0.00159980632912849	-0.3739
STEAP2	4.34717491092138	0.000559222000177318	0.00161384078963597	-0.5019
DLL3	0.332542796389036	0.00055964926624268	0.00161456769786878	-1.9179
MAEA	6.1819397068609	0.000563085992394937	0.00162395818589056	-0.3841
IK	6.99817835706426	0.000563172615845374	0.00162395818589056	-0.5374
INTS9	3.83030691803381	0.000564252436932041	0.00162681498557033	-0.5277
CLP1	3.8747093136676	0.00056526066553399	0.00162946450497213	-0.566
SOX15	0.216844105200365	0.000566012950078487	0.00163111798210464	-1.7369
UBB	8.88832141950441	0.000566742302195072	0.0016329620373853	-0.4351
MYL9	2.57933815313901	0.000575451246546031	0.00165674782478226	-0.8156
H3F3B	8.77407214383387	0.000576060397781768	0.00165824008544686	-0.3882
MRPL54	4.13224912671435	0.000577550056190701	0.00166226609267183	-0.5376
AHCYL2	4.63619490220195	0.000581948964989988	0.00167413493615777	-0.4843
UACA	6.51812160472956	0.000582979753710856	0.00167683604596587	-0.4443
TPM3P9	3.08031327450212	0.000593828671517205	0.00170696523810708	-0.6464
CUTC	3.6312947450955	0.000597064795477396	0.00171510138530063	-0.5542
HAUS5	3.96108622036319	0.000597222803810043	0.00171510138530063	-0.5201
H2AFV	7.41803372504075	0.000598784109355516	0.00171931467448794	-0.3707
FABP6	0.827325747762883	0.000600420870953875	0.00172347223587012	-1.5032
KLHL20	3.90693676596565	0.000601144900903762	0.00172527925025925	-0.674
TIFA	3.71211500081694	0.000603534308245803	0.00173159238273383	-0.6107
MCIDAS	1.84873581957197	0.000607555722080764	0.00174121464086443	-1.0006
SNX6	6.91634308752061	0.000608174976498886	0.00174271580143834	-0.3859
FIBP	5.52803648553666	0.000609415848419186	0.00174599744644392	-0.3914
NDUFA9	6.77813910837937	0.000610410785568604	0.00174857356054298	-0.391
POLR2J2	-0.127812568512074	0.000613554461403237	0.00175675192085594	-1.957
ARID1B	5.18932568036926	0.000614124479256476	0.0017581082787057	-0.4146
PCGF6	3.3355046056075	0.000617503082764415	0.00176750333630404	-0.6382
PTPMT1	4.95473986667629	0.000619251442267825	0.00177222986832441	-0.4827
ATP13A1	4.7394063238179	0.000621674432135539	0.00177888533433643	-0.5161
ZCCHC17	5.40390503652275	0.000626234335660002	0.00179109102801332	-0.4524
TMEM161B	4.76640360877143	0.000629124772977104	0.00179902207063249	-0.4195
LOC101929331	-0.583926074848637	0.000631791036432765	0.00180585206843848	-2.4413
CHID1	5.28608882196899	0.000632566655687679	0.00180778598406923	-0.479
CTDSPL2	5.69092852355048	0.000633235614827722	0.00180941452250664	-0.3728
E2F7	4.06248941909782	0.000633633624433375	0.00181026845816208	-0.5012
SCAF4	5.53977740025848	0.000640489953703087	0.00182928419818579	-0.3859
FLVCR1	5.18500370051572	0.000646556217742406	0.00184545502049802	-0.4059
FGFBP3	1.1451561773861	0.000653481627900478	0.00186445633552348	-1.2335
CALR	9.02314902414174	0.00065445240927099	0.00186671383634599	-0.4369
POLR1C	4.55519328954153	0.000654515516348086	0.00186671383634599	-0.4835
SSU72	6.54659512556175	0.000657179171084593	0.00187314019474166	-0.3615
KIAA1715	5.72279849487273	0.000659373592221038	0.001879101514141	-0.4139
LINC01419	-1.39108377861317	0.000660036113053551	0.0018806960012339	-5.6095
CD82	0.644514276834637	0.000662753397471272	0.00188769162422821	-1.4114
ZNF106	6.4442552698826	0.000662912488851939	0.00188771336710045	-0.3614
MECR	4.04397463074404	0.000664459363295193	0.00189163384423758	-0.516
OTOGL	-1.39128358742826	0.000680787434449898	0.00193649975121803	-5.6084
PCDHA9	-1.39128358742826	0.000680787434449898	0.00193649975121803	-5.6084
VTA1	5.9700321477975	0.000681001881596083	0.00193680796859606	-0.3633
CENPF	8.71713505949426	0.000681513875152143	0.00193791787699204	-0.4344
FMN1	2.48888005800905	0.000681604441726878	0.00193791787699204	-0.8879
ARMCX5	4.08461800377458	0.000682803336906744	0.0019407220486641	-0.4852
ABCA11P	3.15149871643051	0.00068295203344331	0.00194084251596218	-0.6442
SLC46A1	3.11372535294189	0.000685607830490553	0.00194808662310281	-0.6334
ESR1	0.193883662743799	0.000687470528404711	0.00195277142781335	-1.7079
ACER2	0.915031647360214	0.000689781839280325	0.00195852695393696	-1.3761
TRMU	4.11676220240519	0.000689818597382484	0.00195852695393696	-0.4951
SAP30L-AS1	2.38847190096774	0.00069925463241484	0.00198241274580946	-0.8181
LYST	5.37416443729635	0.000699807825428524	0.0019831871563215	-0.3746
ZNF649	3.20708219274523	0.000701849459562275	0.00198835563838747	-0.6318
PLEKHG3	5.38202360131277	0.000705374835461674	0.00199741321485781	-0.495
PABPC4	7.4042715990106	0.000705495350180847	0.00199744465150458	-0.3593
SLMO2	6.12624041869265	0.000705892509832984	0.00199825921220514	-0.4249
GUSBP1	2.95523069509745	0.000706741015706839	0.0020003510050766	-0.657
PREB	5.28255459941946	0.000709439370920012	0.00200767712843214	-0.4116
TIPRL	6.18886557468919	0.000709876207005014	0.00200860198931859	-0.3767
TET1	1.45583317594155	0.000710173968875337	0.00200913311262795	-1.0959
TAF10	5.41008516311077	0.000711204760938424	0.00201173754504057	-0.3847
CISD1	4.78870153239503	0.000711353877277709	0.00201184761945497	-0.4638
MAGEE1	3.00532783095037	0.000715931766492099	0.00202385418536385	-0.6655
RHEB	6.72338723912843	0.00071881545960357	0.00203137693970941	-0.3622
EPHA1-AS1	0.590745110929167	0.000720784842740327	0.00203599691924298	-1.5311
POLR2F	5.2462665092444	0.000721584448013106	0.00203794023560137	-0.3826
MMAB	4.35811867552911	0.000723769039394744	0.00204347781985624	-0.5249
UBE2E4P	0.457985717722121	0.000725304271233119	0.00204749571294755	-1.6869
EIF3K	6.87873190049828	0.000728364081129865	0.00205581550171719	-0.401
LOC257396	3.78363841219989	0.000730777174592838	0.00206230763632198	-0.6186
SLC12A4	3.92947982926519	0.000736169902589937	0.00207688421290093	-0.5309
NGRN	5.97447577889314	0.000736520891541193	0.00207755336773424	-0.402
JARID2	4.70728515571781	0.000740955727605142	0.00208912613957675	-0.4205
FAM162A	5.8606906605915	0.000743909957377565	0.00209710008985251	-0.4017
GOT1	5.223752069462	0.000744066582876649	0.00209721777628472	-0.3846
SEC22C	4.45517272373109	0.000746457286994168	0.00210330671884018	-0.534
PARP9	6.80511956981432	0.000747697850836801	0.00210647715507355	-0.3671
SH3PXD2A-AS1	-1.12811623150919	0.000750853426843021	0.00211504091350813	-3.5985
TGM4	-0.221879499269961	0.000756797174262109	0.00213079722599153	-2.0481
CEP41	4.17134854723808	0.000758184743584983	0.00213437481555705	-0.4791
SLC35F2	6.62420548569689	0.000759531314730758	0.00213783590529212	-0.3538
ERAL1	4.77604016858222	0.000765378324887309	0.00215329738004973	-0.4206
ARMCX4	2.95060554305439	0.000774636424055889	0.00217833680800436	-0.7386
ZNF252P	4.12702124340957	0.000779657812334925	0.00219178210994555	-0.4902
POP4	5.41598166046292	0.000781441473488078	0.00219639208035006	-0.387
AKAP5	2.86033077141784	0.000781538286259531	0.00219639208035006	-0.7686
FANCB	2.79828764953082	0.000781681101850559	0.00219645531712849	-0.7253
IGF2BP2	7.18740872462002	0.000783559692780604	0.00220071780790811	-0.3577
MRPS16	6.18752686136445	0.000791988290531335	0.00222363919173288	-0.3574
GSPT1	7.70991873592356	0.000792086199815892	0.00222363919173288	-0.3677
ZCCHC2	4.3055462132841	0.000798138219404563	0.00223994025110679	-0.5015
USP22	8.06635558180528	0.000801543559199255	0.00224880578096536	-0.3833
CRY1	4.42958975996962	0.000803724352432311	0.00225457771634976	-0.4524
TMEM147	4.96041813557282	0.000804717754494656	0.00225701756430395	-0.4398
MX1	5.30142757223029	0.000808861965438889	0.00226829247942433	-0.3998
MYLK2	-0.584316097866466	0.000809583685287938	0.00226976348854976	-2.4391
F2RL3	1.04092493721449	0.000817314753421028	0.00228953477650058	-1.2702
PLCZ1	-1.12839389357752	0.000827899247275562	0.00231811789237157	-3.5978
FAM83B	-1.12839389357752	0.000827899247275562	0.00231811789237157	-3.5978
DCAF15	4.8674593313455	0.000830157649669656	0.00232372861888519	-0.4328
DLX1	0.0932428174513987	0.000833533706402	0.00233282099403264	-1.8809
BZRAP1	-0.905986983036072	0.00083445133255528	0.0023350311966783	-3.0066
UBL4A	5.47953636096186	0.000836021250148164	0.00233870731576845	-0.3657
LOC102723859	-0.0413404909373482	0.000838244383719798	0.00234456710114733	-1.8736
POP1	4.75016506975158	0.000839140567042835	0.00234671418381342	-0.4066
SNAPIN	4.72901265097228	0.000839345892704602	0.00234692887382681	-0.4564
TFB1M	4.41314942510917	0.000839863881410079	0.00234801761393911	-0.5405
SLC52A2	4.09140944499498	0.000840013069925337	0.00234807511936257	-0.4886
TMEM106C	6.4372872807427	0.000841158929518068	0.00235091815941241	-0.3965
ANKRD40	6.0494803243367	0.000842548167093699	0.00235444043141934	-0.3769
SLC35B1	4.97147403771126	0.000844736819942534	0.00236019519205248	-0.4247
TMED5	7.82334423174626	0.000852012840958031	0.00238016012617136	-0.3574
PER3	2.36819201386452	0.000858407515391215	0.00239655721073284	-0.7861
UBAP1	6.4511074648851	0.000860320695257027	0.00240116413585266	-0.3676
CCNE1	3.05109128750144	0.000862087762136873	0.0024057282460365	-0.6262
SNHG4	3.15362219836822	0.000863394656952772	0.00240900700860917	-0.6071
LSM8	6.47810539516679	0.000863657113418461	0.00240937106701825	-0.3539
BRD4	5.97167428965672	0.000867909932409108	0.00242086535157535	-0.3645
RPS26	9.58879445400927	0.000868064889439781	0.00242092768432824	-0.4422
CSTB	7.22978583902314	0.000874945765173106	0.00243974490438372	-0.3573
PKNOX1	3.97948744087735	0.000877625687886822	0.00244684400703449	-0.4997
ZNF93	3.73592699635821	0.000879087306368	0.00245054479539689	-0.5982
PANK3	6.03275461865239	0.000890152447744978	0.00247987533740765	-0.3652
GPBP1	6.5455318179264	0.000893314932612481	0.00248830598257148	-0.3958
CYC1	5.87932547640809	0.000895200299501899	0.00249279692918039	-0.4029
PIGU	4.02726193967915	0.000897934927537347	0.00250003050741525	-0.5328
SLC7A7	1.34355743213563	0.000901040411420599	0.00250752953519732	-1.3002
POLR3E	5.21501441862942	0.000902977020854311	0.00251253596901636	-0.417
ATP6AP1	6.02406378984997	0.000903706685461134	0.00251418306153284	-0.3791
CTSV	5.31775439159686	0.000904379361117435	0.00251567112853267	-0.3814
OLMALINC	3.23260888911774	0.00090644099903216	0.00252102176696087	-0.6496
ZNF48	3.31948063009047	0.000913598317004478	0.00254015395602098	-0.5901
BRI3BP	2.82920085216678	0.000914712949689913	0.00254247862508207	-0.6712
COX11	6.11707255442281	0.000923733410292863	0.00256637911098866	-0.388
ADAM12	0.572315695314963	0.000931244047495245	0.00258527848708534	-1.4018
FAH	3.85171978601304	0.000938205227627454	0.00260302046133234	-0.5078
MIEN1	4.84323023208576	0.000940568115778647	0.00260917968722914	-0.437
DHRS2	1.22836215994842	0.00094453087405178	0.0026197744814174	-1.1734
HAS2	-1.39068408335409	0.000947357368842305	0.00262652564131793	-5.6142
TMTC3	5.347972820977	0.000947396546235681	0.00262652564131793	-0.3778
CLDN3	4.96587016437979	0.000962003206078198	0.00266418849061947	-0.455
TNRC6A	6.2120544142563	0.000972534350910147	0.00269172030173069	-0.3539
POLR2K	5.33650219902591	0.000982073433512232	0.00271688628613416	-0.3657
POGLUT1	3.29380136196016	0.000986897236319181	0.00272981756761257	-0.6434
GTF2A2	5.83358390449611	0.000992462065804881	0.00274437859335564	-0.3933
ACTR3B	3.62418321654763	0.00100821382162042	0.00278624758212268	-0.5314
PORCN	1.37380673160455	0.00101627521436409	0.00280725076614176	-1.0676
HCCS	4.99642321241495	0.00101881759213672	0.00281359013573437	-0.4254
TMA16	5.9298556141949	0.00101887841736086	0.00281359013573437	-0.3601
CCT8	8.53449873805323	0.00101990291980474	0.00281599330065869	-0.4012
AP3M2	4.33672719451667	0.00104113543980306	0.00287201096842622	-0.5015
C1orf61	-0.958231207231859	0.00104469613828636	0.00288139790006885	-2.928
MEX3B	0.679374855432237	0.00105409561325484	0.00290556689046964	-1.3669
CAAP1	4.82875694258367	0.00105620232303973	0.00291093442171093	-0.4471
PTPRR	-0.62536948000155	0.00105812947749734	0.00291580554584021	-2.3789
RAP1B	7.24045845403326	0.00105899130292839	0.00291729971725678	-0.4636
ZNF787	5.05966525045163	0.0010603147066401	0.00292050472003947	-0.5396
LOC100130992	0.396218083889386	0.0010655774763036	0.00293411499357445	-1.5924
FOXQ1	-0.905197939608004	0.00106657335721301	0.0029364142978858	-3.0127
THUMPD2	4.47697951774138	0.00107144095608078	0.00294892599038304	-0.4473
NR2C2AP	3.68202849551313	0.00107607998523273	0.00296035506485967	-0.6218
SNX2	6.57714903659853	0.00107657703065011	0.00296127621991087	-0.3773
DNAH14	4.13099603495551	0.00108110836822142	0.0029732923124812	-0.4804
RBM45	3.50613816183136	0.00108132767260766	0.00297344750581796	-0.5892
EIF3I	7.00230811750765	0.0010816201220204	0.00297349511047439	-0.3509
TCEAL1	4.6567513717429	0.00108355788462469	0.00297823437845653	-0.4264
TP53I3	2.95712059415655	0.00108409584567217	0.00297836775900543	-0.677
DPH1	3.71084179308254	0.00108429272148259	0.0029784604157969	-0.5415
SBF2-AS1	2.42132935861134	0.0010889536479544	0.00298901485446634	-0.7772
ZNF876P	3.39326740166664	0.0011046925346754	0.00303039322509904	-0.5662
GTF3C6	6.24971237973949	0.00111852090253887	0.0030669446675803	-0.395
CWF19L2	4.92193571416826	0.00112041420665025	0.00307121347696803	-0.5097
FBXO32	5.87709240814669	0.00112099673311971	0.00307188777541782	-0.354
DROSHA	6.46814302259553	0.00112456584396568	0.0030807434044774	-0.3736
ATP6V0E2	4.29780818476323	0.001126385741476	0.00308491526189474	-0.4604
ARHGEF37	0.871127531472565	0.00112644165883123	0.00308491526189474	-1.309
DTNA	3.24097364520629	0.00113070796018042	0.00309571153585088	-0.5991
SRCAP	6.3852509863159	0.00113843810385216	0.00311500689807029	-0.4732
HMOX2	-1.32000233983262	0.0011411700411032	0.00312201412713623	-5.7368
ROS1	-0.582675840041939	0.00115117555186892	0.00314797197047919	-2.9007
GAPDH	11.8052683590624	0.00115631862144163	0.00316156249109457	-0.3849
ZNF770	6.11087889421971	0.00115720765806908	0.00316351946776116	-0.3719
SETD9	1.97277074302154	0.00116010232708444	0.00317000869379637	-0.8866
EIF6	7.45722795161767	0.0011606988285691	0.00317068948292046	-0.3833
LSM1	4.9741153947028	0.00116682947665942	0.00318695974355093	-0.411
RANBP9	5.09010300101695	0.00116947887571129	0.00319371822812047	-0.3782
PPP6R1	6.81685089562568	0.00117250657633657	0.00320150763649424	-0.3658
CCDC34	4.83289022226604	0.00117575376219634	0.0032094139776699	-0.5093
SEC24A	5.47925115637589	0.00117909901179774	0.00321806421877403	-0.3596
FAM179B	4.32725951800481	0.00118123587406473	0.00322341436725346	-0.4505
KMO	-0.253161811289921	0.00118213028919333	0.00322537297257712	-2.0055
NAA16	4.31505529308953	0.00118709458799996	0.00323794991760456	-0.5159
CELF1	7.14597803351205	0.00119596065618707	0.00326067170539892	-0.3909
SURF6	6.3040386845259	0.00120322113240438	0.00327883558633351	-0.3918
AMMECR1	6.96911121373856	0.00120334128113686	0.00327883558633351	-0.337
PODXL	3.77351191629508	0.00120496485976347	0.00328276950900491	-0.5282
HACD3	6.53991107355983	0.00120548434835609	0.00328320487298059	-0.3449
SERPINB8	2.62161466217821	0.0012075589428756	0.00328836456759203	-0.7086
TSR2	6.19766996536242	0.00120812777325201	0.00328942291252627	-0.4459
SUPT5H	6.71874211298719	0.00121124356982644	0.003297414645206	-0.4188
THOC3	5.40755465384324	0.00122372533527631	0.00332841622777179	-0.3964
PI4K2B	5.26298466656591	0.00122446459720783	0.00332993083369972	-0.3841
LOC654342	3.11923451630293	0.00122506016096872	0.00333056029979685	-0.7134
ANKFY1	7.00883123949505	0.0012313411303526	0.00334663743869541	-0.3383
SYNJ2BP	6.42453376825925	0.00123307239283846	0.00335084394219394	-0.3747
TDRKH	4.65085151525418	0.00124924404154827	0.00339327469461466	-0.4014
ZNF616	3.24763044177723	0.00125220258743889	0.00340080488489799	-0.6123
PCID2	4.99269445899441	0.00125277710238625	0.00340185910771433	-0.452
NCKIPSD	3.69676105992765	0.00125539497314096	0.00340846083130003	-0.5448
RGS20	2.92039104143545	0.00127004418936863	0.00344720884940733	-0.6451
KRTAP4-1	-1.4651781219784	0.00127079756192222	0.00344822834281393	-5.4861
HS3ST5	-1.4651781219784	0.00127079756192222	0.00344822834281393	-5.4861
EID2	4.65196267279011	0.00127429077566102	0.00345719310454266	-0.4482
MMD	6.22294180750132	0.00127534140245409	0.00345952936748913	-0.3412
NT5C2	6.59769023237113	0.00127821841909099	0.00346630354410651	-0.3457
SFSWAP	5.61438890534719	0.00127959669904917	0.00346952581877938	-0.442
NDUFV3	5.02455679019445	0.00128495181715469	0.00348301119138471	-0.4107
RBM17	5.63574354769122	0.00128671156425809	0.00348726340811989	-0.497
DDX6	7.5696940290386	0.0012921583423926	0.003498389841127	-0.3761
TARSL2	2.82465717006839	0.00129770903797224	0.00351289682639698	-0.6637
MLKL	4.48041645697951	0.00130232633394071	0.00352435066000914	-0.4525
KIF21A	6.03502377154297	0.00130555013244998	0.00353202774422154	-0.3924
DCK	4.9636086123484	0.00131262757421556	0.00355064883610597	-0.3942
PREP	4.58335393225442	0.00132158402901347	0.00357381692099983	-0.4127
OPN3	1.97210480657367	0.00132203213923337	0.0035744992200599	-1.0103
CTR9	6.01215216404564	0.0013319406491284	0.00359915756223919	-0.3706
TBCC	4.21835510993215	0.00134012107250004	0.00361911986679892	-0.4418
FUT8-AS1	-0.957836043903757	0.00134105601882718	0.00362110910807707	-2.9305
FAM129A	-0.806267696845451	0.00134678856218261	0.003634437840533	-2.5558
GPX8	5.28916209060389	0.00134732887918388	0.00363535856021	-0.3641
FAM126B	5.14126273666613	0.00134915917209759	0.00363928613354586	-0.3818
NDUFB1	6.77575147338323	0.00134918320288335	0.00363928613354586	-0.4446
NSUN5	4.44741712497008	0.00134987669688718	0.00364061884744753	-0.5201
ERGIC2	6.71138411714306	0.00135451204566036	0.00365258078368916	-0.4045
C17orf53	2.76030190661359	0.00135801406025272	0.00365932172457175	-0.7127
SNCG	0.12010904618688	0.00136015463871989	0.00366454886134449	-1.753
CFHR3	-1.18941120859029	0.0013634079341523	0.00367277191174331	-3.5011
PIGM	4.86496169137735	0.00136526648638428	0.00367615117631733	-0.3987
PPP1R2	5.33311391393286	0.00137529297962365	0.00370096530601554	-0.3616
MECOM	4.95288930562395	0.00137671832092823	0.00370425492510918	-0.3792
FAM13A	4.87334122482814	0.00138016509769359	0.00371298173054732	-0.384
YME1L1	7.89379451798276	0.00139792398531377	0.00375753158669583	-0.3477
C1QTNF1-AS1	-1.46537824433644	0.00139816564791985	0.00375753158669583	-5.4845
LOC375196	-1.46537824433644	0.00139816564791985	0.00375753158669583	-5.4845
LOC100505478	-1.46537824433644	0.00139816564791985	0.00375753158669583	-5.4845
GPR3	0.644403309628499	0.00139882698066308	0.00375875557241466	-1.3148
PMF1	4.24935734531149	0.00139935030374867	0.00375960840989489	-0.4542
THRIL	4.19048152560364	0.00140150849036096	0.00376485270747935	-0.5461
ANKHD1	2.59794219737939	0.00140174214718768	0.00376492638503139	-0.8527
CDC27	7.18413178964376	0.00144545275717567	0.00387662487659747	-0.3394
EPHB2	5.78841045471483	0.00144790261818706	0.00388205466259701	-0.3542
UBE2R2	6.27709410760068	0.00145021719857753	0.00388768945333793	-0.3471
GSTZ1	3.9409842035878	0.00145334576496012	0.0038955043730894	-0.5084
LTBP1	0.944790946008534	0.00145740225653944	0.00390580381611626	-1.1972
ENO3	0.810247467912903	0.0014671214167926	0.00393127382723699	-1.3047
COQ3	3.80850835280574	0.00147105888559467	0.00394124611321049	-0.5489
ARAF	4.41171314105893	0.00147302093077593	0.00394592371419596	-0.4203
FAM86B1	2.02766967095334	0.00148040550387233	0.00396454200949	-0.8529
BAG4	4.48881836819157	0.00149363280557344	0.00399703320119447	-0.4153
ARIH2	5.87840730710404	0.0014953563924001	0.00400105910884601	-0.3637
C16orf91	3.73361892568015	0.0014970661673792	0.00400504688623604	-0.5401
RPH3AL	1.33170321970919	0.00150094132381527	0.004014825612831	-1.0555
PPP1R8	5.49963902477604	0.00150193056965797	0.00401688316432403	-0.3509
TCF24	1.50751570996539	0.00150311201858544	0.00401945408104524	-1.0842
PAPD7	5.17315745645767	0.00150354148994361	0.0040200136848873	-0.3734
DHX34	4.69416614756822	0.0015173986892728	0.00405528187254636	-0.4444
TEC	3.3208364986242	0.00152114104486166	0.00406468836577787	-0.5916
LINC00312	-0.254507764690099	0.00152176421316458	0.00406546323497915	-1.9963
POC1A	3.84221992497266	0.00152873601362512	0.00408259284153601	-0.4908
RRM2	8.0240780359002	0.00154591872816689	0.0041259990436261	-0.3379
RBFOX2	4.00203678312028	0.00154778168895053	0.00412983082629068	-0.5746
LOC727896	0.264605842483378	0.00154985382430283	0.00413415128820464	-1.524
CCAR2	6.14076645432745	0.00155150824031681	0.00413795974218023	-0.3344
CETN3	5.89787890066604	0.00155356701717543	0.00414284537913449	-0.3807
DDX47	7.0699530401846	0.00155776440753617	0.00415282520794104	-0.3702
DLEU2	2.30321079308399	0.00155914195613589	0.00415467749981269	-0.752
SEMA4A	1.02755863822925	0.00156866775997985	0.00417884118286766	-1.1803
TJP1	3.62266687360815	0.00157663779622628	0.00419884749932997	-0.5897
TSC22D1	6.51641834206016	0.00158760507352564	0.00422620563171245	-0.355
HDAC9	5.81036982106041	0.00158865866420783	0.00422839372704157	-0.3407
MDM1	4.15241961800779	0.00159000576906169	0.00423136229154377	-0.466
XRCC5	9.09387927692904	0.00159775644222444	0.00425074928727039	-0.3603
RAD51D	2.40680038100427	0.00161655752952634	0.00429888918558381	-0.7811
TTI2	2.64478790762804	0.00161838986121165	0.00430313505771626	-0.7421
NPAT	5.203519071346	0.00162600910568677	0.00432213486217496	-0.3751
EIF3CL	1.99979530564087	0.00163036372346727	0.00433307907055153	-0.8662
AP1G2	5.21743004866004	0.00163768707109698	0.0043512756760219	-0.3758
EPHB3	0.793323371795695	0.00164701731959735	0.00437395163687403	-1.3585
EAPP	5.01897276498635	0.00164789855924812	0.00437522339988856	-0.3996
CUL4B	7.01251851963477	0.00166095718897609	0.00440604975907402	-0.3425
TIMM8B	6.52307201496786	0.0016642796737637	0.0044135807269364	-0.3408
PECAM1	-1.18988814463221	0.00166457375129287	0.00441371944859877	-3.4988
ATL2	6.78251448827172	0.00166731672069867	0.0044203505740742	-0.3614
DUSP12	4.69379835556658	0.00167401831986056	0.0044361849974415	-0.4538
LOC728026	-0.0989685955596366	0.0016861638705151	0.00446707409956808	-1.99
COX10	4.93515670925078	0.00169105866451667	0.00447874176402383	-0.3732
DRP2	-0.320764515926454	0.00169635603634532	0.00449212007535831	-1.8991
EXO5	4.09344510270276	0.00170728921773764	0.00451976101493887	-0.4547
FAM178A	5.6795388722097	0.00171588267520479	0.00454185212679986	-0.3462
DOHH	3.46165024913866	0.00171722918124213	0.00454475731121432	-0.5811
RCC1	7.20362568995653	0.00172890236061779	0.00457498789613542	-0.44
MTHFD2	7.3054754104184	0.00174035694089816	0.00460263020614759	-0.3358
ZNF142	4.50989861938257	0.00174161934932841	0.00460530168617316	-0.4728
SSB	8.08873721104925	0.00174703064353106	0.00461894155370065	-0.492
PIGK	6.01243397644176	0.00174890735015476	0.00462323379444328	-0.3467
VDAC2	7.04139877524251	0.00175189114930494	0.0046304509659347	-0.3708
LARP1	8.33047708039284	0.00177750141052345	0.00469406419072996	-0.3736
THOC2	7.88007310043694	0.00178289108730648	0.00470761638557524	-0.3441
FH	6.76318324446528	0.00179482043141416	0.00473774462057503	-0.3352
RPE	6.29792897440743	0.00179866073577268	0.00474719537259882	-0.3286
RPL36	9.24176069155908	0.00179924543268548	0.00474805212765338	-0.3578
HERC6	4.62790642775646	0.00181045030055036	0.00477485996631716	-0.4825
CCDC132	5.44291672995339	0.00181164952674743	0.0047773326246282	-0.3445
RPGRIP1	-0.128044108828857	0.00181975025563285	0.00479800125170904	-1.7448
GPLD1	-0.128578753560543	0.00182211308048169	0.00480307949446343	-1.7439
RIN1	3.87188264047578	0.00182220248568436	0.00480307949446343	-0.4712
DLK2	0.455442047497899	0.00182495806623107	0.00480964839860178	-1.5533
PSMD7	7.37914281352091	0.00182889928035924	0.0048193396741106	-0.3726
CT83	4.04937628790144	0.0018552879351062	0.00488462626426346	-0.5522
ITGB1	10.1139716336428	0.00185553954254945	0.00488462626426346	-0.361
MBLAC2	3.3757478183234	0.00185593564914182	0.00488494250443094	-0.5466
INTS5	4.22274894131768	0.00185950796320452	0.00489343582162759	-0.5133
C1orf35	5.0480976930579	0.0018615028540454	0.00489747746122682	-0.4951
RLF	6.01656395937118	0.00186513796460983	0.00490574634208063	-0.3381
PPP1CC	7.98913598613147	0.00186943408725076	0.00491621848125179	-0.3415
HDAC2	7.13107595969302	0.00187293361237884	0.00492471208808701	-0.3567
TIPARP	5.88109415638427	0.00187791928974358	0.00493568882141646	-0.334
DNAJA2	6.97488172348567	0.00188495356146527	0.00495275075102332	-0.3321
OXNAD1	3.51260979702058	0.00188755172467704	0.00495815025693583	-0.5157
RSU1	4.5746131180443	0.00190182306028352	0.00499276413410065	-0.4551
MDK	7.28855323596158	0.00190367948221258	0.00499691914123262	-0.3297
ZNF587B	4.36328480041022	0.0019160696434672	0.00502799589063349	-0.4277
TARBP2	4.45059384432479	0.00192014889497998	0.00503725222399116	-0.4191
RAP2B	5.90654936482095	0.00192189396119959	0.00504110576949133	-0.3592
LOC399815	2.44320920554727	0.00194140802300901	0.0050900969220239	-0.7695
DMKN	6.90359909452737	0.00194965719046155	0.00510952363897014	-0.3453
NFATC2IP	5.03512799357009	0.0019503727583865	0.00511066529024025	-0.4464
DEPDC1-AS1	0.192349336951643	0.00195416018399859	0.00511912014910004	-2.013
C9orf114	5.10359891151755	0.00196900892868907	0.00515480722174512	-0.3724
ZNF485	2.51547914528753	0.0019702605673973	0.00515685690586453	-0.7327
SRSF6	7.45057144438596	0.00199566469244238	0.00521811151893842	-0.3299
ACP5	1.49646298365677	0.00202965919374045	0.00530395909546603	-0.9688
SLC7A1	6.62075611520148	0.00203640160856124	0.00531929428614881	-0.337
WBP11	7.63479310975883	0.00203672000405033	0.00531936486322501	-0.3368
CPSF4	5.11382745243185	0.00203720321730049	0.00531986581820023	-0.4024
MCM8-AS1	0.192981018624718	0.00203902191565597	0.00532385356009944	-1.5521
FAM72A	3.02315854575103	0.00204041682866255	0.0053267338229749	-0.6083
FAM210A	4.57454134060811	0.00204146154145504	0.00532869915653464	-0.5178
OIP5	4.05901823792336	0.00204542571760166	0.00533828333102729	-0.4472
APBB1	1.42558463384034	0.0020508008002059	0.00535154651351614	-0.9992
LINC00525	-0.805242853542377	0.00205382903429874	0.00535868269975102	-3.1798
USP48	6.0319197410037	0.00206132523117211	0.00537593620289687	-0.3479
C1orf123	4.7207690985341	0.0020629628027131	0.00537892949359948	-0.4035
LOC102606465	2.80592138327459	0.00206863066414395	0.00539190768198343	-0.6165
PLEKHH1	3.47980755010501	0.00206905977840621	0.00539225629044736	-0.5399
TRIM16	4.74469009151113	0.00207134100539386	0.0053966606813858	-0.3835
TNFRSF10C	-0.188969986205559	0.00208310560931057	0.00542653767174284	-1.869
LOC101929185	2.03604343113892	0.00209142193831659	0.00544742458352229	-0.8343
LETM2	2.71960521192813	0.00209214288530716	0.00544780675529649	-0.7014
YWHAQ	8.95449024142342	0.00209715158627618	0.00545833153595609	-0.3554
CKMT1B	-1.39188285869042	0.00210359155713013	0.00547131606595921	-5.5936
SLC35G2	1.61702391734157	0.00211257762103497	0.00549390556262313	-0.9404
LDLRAP1	3.73644693646649	0.00212084920829333	0.00551306039393466	-0.5159
ST8SIA6	-1.46457759861911	0.00213086579380228	0.00553673298201741	-5.4946
SGCE	3.07287593074758	0.00214182960400783	0.00556284553290182	-0.6066
GTF3C2	6.57254859108464	0.00215402642869442	0.00559213687176414	-0.3297
HAS3	4.48957527392711	0.00215732127330239	0.00559989437870162	-0.4018
OVOL2	3.22453094493453	0.00216707868094762	0.0056220247832002	-0.5962
CCM2	5.08333437661492	0.00217241977081462	0.00563427977496686	-0.3699
LINC01393	-0.806739245403773	0.00217648768686845	0.00564402829708386	-2.5535
H2AFZ	8.77803576553098	0.0021782926761501	0.00564710467137124	-0.4113
ZBTB42	2.58308215854571	0.00218777146959765	0.00566926273228881	-0.9425
SNX18	5.63183683120079	0.00219100532273871	0.00567683695315325	-0.3343
TRIT1	5.03466230279277	0.00220176787790876	0.0057039129245214	-0.4096
HM13	6.82934799308318	0.00220470985544218	0.00570991390565363	-0.3594
RPS4X	10.8092461891065	0.00221038332411758	0.00572054975405308	-0.3515
COMMD2	4.76316747077704	0.00221645930692196	0.00573546153184512	-0.3801
DOLK	4.14396461581902	0.00222825568092462	0.00576348391500746	-0.4449
MFGE8	2.77500710438596	0.00225215165439428	0.00582204483186377	-0.6319
CDC42	8.15807175473654	0.00225912850801998	0.00583842724269716	-0.3392
C21orf91	5.21814993550754	0.00226197407278423	0.0058449538107217	-0.3678
KLRG2	0.826568608502711	0.00227152124234031	0.00586785412134027	-1.2439
WDR33	6.78745540226544	0.00227180066441899	0.00586785412134027	-0.3319
MRPL39	4.80933054644712	0.0022738366487175	0.00587228205672467	-0.5114
FAM72B	4.34069792979732	0.0022798304064716	0.00588692841591875	-0.415
UBA3	6.21798472116511	0.00229607876291447	0.00592553207460652	-0.322
CUL3	7.14007163206708	0.00230316090339388	0.00594296896853126	-0.3312
NUP43	5.93699167750115	0.00231388372416923	0.00596810698904118	-0.377
CARD8-AS1	0.0941825912767745	0.00235182650991845	0.00605912288527677	-1.5558
SRSF8	5.5348264533766	0.00235905639713693	0.00607603464815629	-0.3319
DYNC1LI2	8.16766438681349	0.0023716129913112	0.006106652576781	-0.3174
ZAK	6.90931604406924	0.00237657479635727	0.00611856571460984	-0.3159
AIFM1	6.69070456718558	0.00241341405666138	0.00620903142875003	-0.3259
NUP50	6.58169736240612	0.00242127288579168	0.00622661752401929	-0.3169
APOBEC1	0.0426396111921841	0.00242401266255904	0.00623278523488421	-1.8227
CDK5R1	0.763098371794973	0.00243162281048142	0.00624971223823014	-1.2315
PSMD8	7.13460620474531	0.00243258235202694	0.00625129834158275	-0.3469
SPRED1	5.06541320345798	0.00244273906480295	0.00627474945364326	-0.4122
LOC105373989	-0.713211470919257	0.00244962046367595	0.00629065567377525	-2.2411
MIR221	0.494523283977871	0.00245478205628016	0.00630302408149799	-1.6092
GABARAP	6.89881778076054	0.00245689981336801	0.00630757460172217	-0.3166
ACTR3	8.33139932006341	0.0024581451255141	0.00630988433793384	-0.3196
VSX1	-0.854797400515251	0.00246378864813548	0.00632259285357904	-2.48
SNX16	4.28877487296518	0.00246582374410203	0.00632692596940641	-0.4155
DHX57	5.60808632626233	0.00247443069448586	0.00634616248971178	-0.3506
UBR7	1.62795005803928	0.00247793542259994	0.00635353779143041	-2.0096
PCDHB16	1.96742573082139	0.00248297985643565	0.00636557790466074	-0.8508
TMEM192	5.30431324089329	0.00248506380137468	0.00636915665417209	-0.3397
PCMT1	6.10836755476329	0.00248507355651116	0.00636915665417209	-0.3568
LIPE	-0.321343129081074	0.00248643814381687	0.00636997119751905	-1.8953
KAT5	3.97515763695344	0.00248927931465701	0.00637546060162436	-0.4413
SPRY4	2.94890847098703	0.00251584352066308	0.00643807671898307	-0.6029
EVADR	0.0423746154133898	0.0025224918264479	0.00645418511333327	-1.8222
FAM222A-AS1	-0.669312220476582	0.00252534736662971	0.00646058597606389	-2.3063
ASTE1	2.91614213888696	0.00252859980890963	0.00646800029584619	-0.5922
LOC641746	-1.25343562340251	0.00253273212854798	0.00647766289419612	-3.3967
CEP120	4.39902606575165	0.00253592798486587	0.00648426233205911	-0.4183
SOWAHB	1.15668249424049	0.00253602284459367	0.00648426233205911	-1.0635
SSR1	6.55211124462825	0.00256378913130143	0.00655158655949593	-0.3332
TMEM9B	4.65175361368907	0.00256895346066571	0.00656386485345181	-0.401
ARHGEF26-AS1	0.811210731459455	0.0025929735224916	0.00662338388507159	-1.2231
MTMR8	1.77158774244287	0.00261035993621661	0.00666592963988955	-0.877
RASGEF1A	1.41530323277662	0.00262045532457925	0.00668983812131432	-0.9823
HNRNPL	7.8200082838245	0.00262464284125248	0.00669865506918849	-0.4206
ATP9A	5.83732332664555	0.00263040756872142	0.00671055346207074	-0.325
ETV5	4.56483861672275	0.00263452304020089	0.00672011354225339	-0.42
MAB21L3	-1.54287373878886	0.00264283328826906	0.00674024358003036	-5.354
DDX43	4.63181316824372	0.00265018677567354	0.00675723600233185	-0.4566
EIF3A	8.86380865180769	0.00266739638956097	0.00679826727458118	-0.4493
VAMP5	4.74613906541163	0.00266947818076785	0.00680167392436816	-0.4913
PRRC2A	-0.0112577149430968	0.00269158662623237	0.00685417846959105	-2.1468
MBD3	5.69981128171582	0.00270257984395381	0.00687833509427308	-0.3343
RFFL	2.36943212055257	0.00270636119595594	0.00688603902346642	-0.6934
PPIB	6.39709898089392	0.00271952520685293	0.0069173733054081	-0.37
EXD2	4.18741884198058	0.00272578042950258	0.00692965429898331	-0.4117
ZNF597	4.03761076448301	0.00278909435432682	0.00708272451420092	-0.4696
MCM9	3.53682931421165	0.00281582410348246	0.00714861421682322	-0.499
BTF3L4	6.85545788656654	0.00282204382952038	0.00716042142484005	-0.315
REEP4	4.76605913474609	0.00283690791236893	0.00719613600780981	-0.3752
ATP6V0D1	5.70973380478156	0.00283841832824631	0.00719896707425183	-0.3683
PRKRA	4.70947433540775	0.00284488477590967	0.00721336339847319	-0.3726
ACER3	4.50781000824657	0.00287956177691491	0.00729622204016081	-0.4166
RAB23	4.46889937722924	0.00288882510093728	0.00731766213996268	-0.4097
ATF7IP	7.29026998393928	0.00290307065133091	0.00735068762977767	-0.3228
SCARNA23	-1.06769960641844	0.00290352934209184	0.00735082952007053	-6.1451
DONSON	4.62062137871858	0.00291771415303876	0.00738366919571329	-0.3832
KAT6A	5.86177628856442	0.00292284928692816	0.00739563916592662	-0.3368
SRSF9	6.56327686191442	0.00294395626378975	0.00744594978550094	-0.3784
WDR25	2.36728047830785	0.00294514609535332	0.00744792729142129	-0.7344
TMEM99	3.40563446378516	0.00295541465437564	0.00747286010114705	-0.5879
TEX15	3.96720159487483	0.00297016214848461	0.00750806981206522	-0.4352
KIF1BP	4.77634694922887	0.0029738475826992	0.00751530474387549	-0.3659
SNRNP70	7.16153147540568	0.00297759423779854	0.00752373154397926	-0.3992
SH3TC2	0.59150737906522	0.00298312304870255	0.00753595488804053	-1.3346
CCDC43	5.16498480261065	0.0029846693172199	0.00753847856324938	-0.4736
MED14OS	-1.25323641883359	0.00299128151902153	0.00755413410032606	-3.3986
LOC105379046	0.987474749597185	0.00299905648213388	0.00757272131920279	-1.1189
SRF	5.1661954982568	0.00300352091376822	0.00758118128277776	-0.3789
PGM2	6.37630216209767	0.00300501729870367	0.00758118128277776	-0.3121
CYCS	9.06934535231128	0.00300713494641665	0.00758288884891325	-0.3772
DDX60L	5.25622754255814	0.00300723681343843	0.00758288884891325	-0.3336
ZNF131	5.04326376592777	0.00302801984527866	0.00763213175416363	-0.3492
LRRC37A6P	1.18170992430685	0.00303079640467132	0.00763807553336272	-1.045
SNAPC5	4.24670880870602	0.00303207591997975	0.00764024540995863	-0.4657
DYRK1B	1.06769624635986	0.00303819417226121	0.00765354944236245	-1.108
ANKRD31	2.29237788053169	0.00305518587284521	0.00769423000340213	-0.7099
TOM1L2	5.22853223157992	0.0030560836220392	0.00769542932468242	-0.3338
BAX	4.87942234771785	0.00305990890369524	0.0077039990271494	-0.4669
SEC24D	4.95987252908049	0.00306683628848837	0.00772037552160007	-0.3775
MAP3K15	0.644727819187752	0.00309239292738099	0.00778149211333803	-1.2221
ISYNA1	4.59801991356869	0.00310096362899422	0.00780198346346727	-0.4078
MYCBP2	6.09715877084025	0.00310885615069808	0.00782076310970707	-0.3165
LIMK2	3.23285076227687	0.00311782024263446	0.00784223289467274	-0.5973
HGD	0.931589195652754	0.00312754232408476	0.00786343653332756	-1.1766
SNORD1C	-1.06925041607455	0.00313150797665682	0.0078723229994281	-2.7502
C19orf81	0.496425921641083	0.00314200357198154	0.00789327331912687	-1.2861
YIPF5	5.29269863281453	0.00314797295585011	0.00790609358673815	-0.3517
ZBTB11-AS1	2.11232302985987	0.00316402777767762	0.00794204470085008	-0.8347
CCAR1	7.35849345144842	0.00317783351701781	0.00797450566139892	-0.4502
RPS17	7.79146458620392	0.00319287166584404	0.00800783969386576	-0.7379
MRPL32	6.2421993841824	0.00321203156785843	0.00805478685478345	-0.3938
INPP4A	5.10106355054482	0.00321798037277348	0.00806859630344083	-0.3789
GSTCD	5.43737778290334	0.00324823999753441	0.00813395770627063	-0.3619
FAM173A	3.79252134205076	0.00326945827082818	0.0081796944213018	-0.4945
LPAR1	2.7671847686921	0.00327136785323544	0.00818335044240424	-0.6027
DHDDS	4.53208060047745	0.0032720402791791	0.00818376263528653	-0.3916
POLR3A	4.71153129416912	0.00328755503255813	0.00821708716790543	-0.3846
DPYSL3	6.54503371418887	0.00329417894190959	0.00823026286622437	-0.31
VCP	7.92850498639037	0.00330217079750454	0.00824693220225729	-0.3158
YRDC	3.33899799584288	0.00333496486839446	0.00832760479242365	-0.5318
TP53BP2	6.09802594043105	0.00334548515580025	0.00835158990896888	-0.331
PCDHGC3	2.91725842614235	0.00335358514642382	0.00837066590553914	-0.5935
SLC44A5	4.32969506601151	0.00336960365760243	0.00840834942225123	-0.4341
SOCS2-AS1	-1.06944859997189	0.0033822441117166	0.00843873834952827	-2.7491
C17orf58	3.96006529614421	0.00338780222992021	0.00845145087584359	-0.4526
NGF	-0.253818282224601	0.00339920788491965	0.00847874561375777	-1.762
CHD4	8.20450027086687	0.00340003204850804	0.00847964277015885	-0.3312
RFT1	4.6625701920363	0.00341363570002199	0.00851008238967656	-0.4027
CHMP7	4.954054647605	0.0034185254196189	0.00851878242704923	-0.355
ZNF254	5.14361941499308	0.0034239390773885	0.00852994429541544	-0.3397
COPS8	5.78165316831104	0.00342995244081266	0.00854375927950279	-0.3767
PCDHGA10	0.973031091940034	0.00344041341794958	0.00856538169230314	-1.0989
QRICH1	6.09572549661581	0.00344050963790857	0.00856538169230314	-0.3161
MFAP1	5.47994026732573	0.00344275570159787	0.0085686364128658	-0.418
FAM102B	3.60190845581372	0.00345339954092464	0.00859278479202946	-0.4759
CYP20A1	3.96098970730773	0.00347673501532028	0.00864613464646328	-0.4661
HACD1	1.08100748292567	0.00349959993474999	0.00869825682897152	-1.0696
DIS3	5.97358214344474	0.00350235124554741	0.00870391020129507	-0.3248
ARPP19	7.36285769436078	0.00350430681281005	0.00870758475223361	-0.3159
TOMM34	6.18276445374097	0.00352859390892671	0.00876306216087879	-0.317
IMMT	7.07112781969851	0.00352903335926714	0.00876306216087879	-0.3307
CCDC12	5.19153784551747	0.00353153465471371	0.00876688831336055	-0.3459
ALG3	5.06957248466622	0.00353509428544359	0.00877453178450825	-0.409
CLTB	6.00066259790335	0.00353859726877621	0.00878203259091606	-0.3223
ST3GAL1	5.15902814675362	0.00354656148395047	0.00880060166521677	-0.4131
ATG14	5.13309715860394	0.003551811326384	0.00881243103757356	-0.3355
GDPGP1	0.607952841254871	0.00357026286303917	0.00885580418853845	-1.2547
ZNF730	2.30444376048437	0.00358144805587552	0.00888113497800373	-0.7058
PON2	6.73329385245024	0.00359638874667154	0.00891584479343329	-0.3509
SP3	7.25053121158396	0.00359642205624686	0.00891584479343329	-0.3004
DHRS7B	4.25595231208953	0.00360138485147374	0.00892693575675554	-0.4184
F11R	7.03196171360901	0.00360506433910296	0.00893484314073631	-0.3511
CD46	8.14213648928706	0.00362558352669182	0.00898204001401626	-0.3242
ZNF672	4.078939051079	0.00362785091210529	0.00898643775459893	-0.4869
UBXN2A	4.93399274261158	0.00362884445222957	0.00898767932707951	-0.3726
RPS19BP1	4.83571873035536	0.00366914009502399	0.00908501581103458	-0.3815
DDB1	7.7117644111389	0.00368411016421658	0.00911960883497462	-0.3025
CYB5R2	-1.06936956909661	0.00370049474973904	0.00915644241681158	-2.7482
SKAP1	-1.06936956909661	0.00370049474973904	0.00915644241681158	-2.7482
ATG10	3.00023491936821	0.00370689881518417	0.00917104550345605	-0.6594
RAD50	5.8248907362925	0.00375492880172362	0.00928609864593151	-0.3922
WNT8B	-0.391219204886236	0.00377096856546724	0.00932450252352295	-1.7895
FNTB	1.41613653267763	0.0037725780883152	0.00932657182218835	-0.9346
TPR	8.08237369038828	0.00377282717500334	0.00932657182218835	-0.3597
TRUB1	5.31906416546062	0.00379217260594324	0.00937185638203599	-0.3407
CP	0.218790299364619	0.0037981215035663	0.00938528778683085	-1.6024
PLSCR1	6.54383261205743	0.00380301622854324	0.00939611101208356	-0.376
ZBTB1	5.56274687171048	0.00381000856559261	0.00941083972039761	-0.3476
MRPS5	6.32702810658236	0.00384308483117718	0.00949125496184667	-0.4324
CSNK1A1	7.6743264247661	0.00384561894298376	0.00949611208588815	-0.3083
ZNF639	4.92267058756585	0.00384609184723143	0.00949611208588815	-0.4225
LIG3	4.81023337121236	0.00385670894407132	0.00952103833441055	-0.3589
CCDC47	7.52667844544681	0.00386087733400168	0.00952875173847975	-0.3378
TPM3	9.37669588711987	0.00386602152473903	0.00954015800968312	-0.3501
TCF20	0.37465859030648	0.00387142856402694	0.00955220973981293	-1.3156
MIR31HG	1.60961521974629	0.00387327692869306	0.009554187759792	-0.8912
C10orf76	4.84569245093032	0.00388149659395896	0.00957187651213222	-0.355
BAIAP2	5.21802713677048	0.00388530489114243	0.0095786800935444	-0.3403
GPR89A	3.5693506174417	0.00390063130274734	0.00961257087782877	-0.4873
MVD	5.39245960820191	0.00390866366487643	0.00962846631574471	-0.3222
FDX1L	4.69167181008066	0.0039402988589437	0.00970377660446191	-0.3961
VKORC1	4.0373082723775	0.0039591694737947	0.00974867018697858	-0.4356
SLC38A9	4.30584126046285	0.00397411359816315	0.00978045535832656	-0.4197
STXBP1	4.92842838378366	0.00398769698323013	0.00981256181774488	-0.4063
EFCAB2	2.79394540975754	0.00400697737458112	0.00985734792485554	-0.5794
BMI1	2.27436689978468	0.00403137382118549	0.00991202161340906	-0.7034
CRSP8P	0.351901850154413	0.00404577833204818	0.00994208227619754	-1.3972
PTPN2	5.40509641842079	0.00405082746435484	0.00994913308075635	-0.4247
DENND2A	0.841435662240773	0.0040542690699204	0.00995624645419247	-1.1087
RGS3	5.80966480343986	0.00405598373561284	0.00995911756252158	-0.3493
PITPNA	6.40895456247051	0.00408033016424925	0.010012164983674	-0.3043
SNORA26	-0.625410740486179	0.00412718842379355	0.0101217022924201	-2.0069
UFSP2	4.30648817592783	0.00414204250639815	0.0101540389414267	-0.4498
RRP7BP	2.40280514784804	0.00414626773348762	0.0101630321888494	-0.7729
BBOX1-AS1	1.94449172892998	0.00418290770884567	0.0102438665413831	-0.7799
CTDP1	3.17131805481861	0.00420549872688339	0.0102957737371575	-0.5333
LINC01547	1.76174471863688	0.0042350040770553	0.0103652278362678	-0.8218
CBWD2	4.69747205487412	0.00424888262329902	0.0103964081451477	-0.4783
DBNL	6.12802630799784	0.00425223839296811	0.010403224886361	-0.3822
PLAG1	2.88282190887964	0.00425726035046561	0.0104141156315289	-0.5663
METTL18	3.5314242954447	0.00425893270472123	0.0104168107525979	-0.4975
C3orf17	5.74053897649687	0.00426579725582304	0.010429408691885	-0.3071
DBF4B	4.42290840895841	0.0042772266549123	0.0104559520369682	-0.3775
ITSN1	6.0083169669765	0.00434267609531395	0.0106102642928334	-0.3899
TOP1MT	4.74054125739221	0.00434748090259681	0.010620582277239	-0.5511
RNF20	5.5754439663897	0.00436282108954157	0.010653780338506	-0.3781
POM121C	5.8644731021738	0.00436971779021706	0.0106691945938482	-0.3579
ABT1	4.76591404325428	0.00439009859249886	0.0107175233892296	-0.352
DUSP13	-1.32072260674956	0.00441264100494574	0.0107696756933542	-3.2834
NRROS	-1.32072260674956	0.00441264100494574	0.0107696756933542	-3.2834
SLC39A4	4.28138794413073	0.00442692356865848	0.010803090050719	-0.5478
NMD3	6.32431958079595	0.00443667843245175	0.0108240012645783	-0.3526
GCNT1	3.50914418756873	0.00444308581682951	0.0108381847504061	-0.4789
ITGB3BP	5.88169445685167	0.00449225209958934	0.0109522642000672	-0.3833
C6orf1	1.20563782521708	0.00450124989685959	0.0109727357613925	-0.9651
DLD	7.10049791013414	0.00450766393258708	0.0109854375588453	-0.3365
NEK4	5.06909654828929	0.00452927030380853	0.0110351472929839	-0.329
COMMD1	3.545891019656	0.00453982774477679	0.0110593935559975	-0.4752
ANKRD13C	6.87109519797771	0.00456516517676888	0.0111157404341372	-0.3019
AKAP13	5.72047316702971	0.00456539339259208	0.0111157404341372	-0.3238
MCOLN1	3.07360308173325	0.00457611407446833	0.0111388718057992	-0.5512
ZMYND19	4.63710097762084	0.00463999435097512	0.0112853366468694	-0.3978
LOC100996573	2.76821969231255	0.00464443271513564	0.0112946268346232	-0.6536
ZNF813	3.39958941723826	0.00464737876507485	0.0113002859263727	-0.4895
RBM22	5.68502388214757	0.00464997894842429	0.0113051026344965	-0.3091
FAM86EP	3.19702597230019	0.00466301316462619	0.0113352820683643	-0.5675
ATF1	4.9956133033331	0.00466512679954463	0.0113389102453051	-0.3827
TBCB	5.31010017788338	0.00466849029232329	0.01134557491702	-0.3647
PRPF40A	8.32367874839638	0.00467180308278749	0.0113521146119218	-0.3163
C2CD3	4.62954767294863	0.00468703968981817	0.0113861073289848	-0.3641
DYNC1I1	0.041385108156075	0.00470036258111374	0.0114093630209829	-1.4696
BLID	-1.62563042624658	0.0047317326560452	0.0114794035041543	-5.2037
LINC01269	-1.62563042624658	0.0047317326560452	0.0114794035041543	-5.2037
WFDC10B	-1.62563042624658	0.0047317326560452	0.0114794035041543	-5.2037
MIR324	-0.906107250225347	0.00474767643482942	0.0115119645363589	-2.3939
DNLZ	3.57816718941666	0.00475889070489008	0.0115376239984692	-0.4626
B4GALT7	3.74611611030848	0.00476784409791213	0.0115577960233015	-0.4406
SKP2	5.50478724345732	0.00476876240725939	0.0115584873216845	-0.314
RBM10	5.63257793794163	0.00477467513037424	0.011571282248787	-0.3345
OST4	5.90906595017102	0.00478933393144534	0.011600647505966	-0.322
SLC35G1	2.76368372763945	0.00481139503892239	0.0116494466618789	-0.6641
C2CD4D	-1.62542962130784	0.00481533651703325	0.0116543528377249	-5.205
S100A5	-1.62542962130784	0.00481533651703325	0.0116543528377249	-5.205
RASGEF1B	-1.62542962130784	0.00481533651703325	0.0116543528377249	-5.205
METTL5	5.61715602150448	0.00482070295077144	0.0116642482530528	-0.3533
IDH3G	5.82180320208746	0.00483187889180991	0.0116897403987386	-0.3726
AVL9	6.4827163190205	0.0048475041975281	0.0117244351656164	-0.3206
ZNF578	3.76404831778955	0.00485141138752219	0.0117323309432514	-0.4385
XRCC6	8.78346387294693	0.00485716195730186	0.0117446819460268	-0.3057
PDHB	5.79691546290016	0.00487473203921198	0.0117824848547404	-0.3291
TXNDC15	3.9145253616891	0.0048784652520728	0.0117899472652689	-0.4486
NIF3L1	5.30363492742009	0.00488199391431216	0.0117937913060319	-0.3214
UBALD1	3.41954457368339	0.00490858595038624	0.0118564627031293	-0.5521
MANEA	4.03297543575396	0.00491224890539784	0.0118607604230451	-0.4409
FAM53B	3.96154304166445	0.00491257390072891	0.0118607604230451	-0.4953
ANAPC4	5.11881497885258	0.00491296397453259	0.0118607604230451	-0.3366
ZNF511	3.547534940108	0.00491428687590162	0.0118623854563612	-0.5809
USP2-AS1	2.00979748193349	0.00491559398695987	0.0118639719494896	-0.8254
YWHAG	8.36443705654169	0.00491931370725136	0.0118713801770761	-0.3428
SDE2	4.96241579166602	0.00493243904797562	0.0118999084524703	-0.359
SNORA73B	0.241358450535799	0.0049576056451526	0.0119590444843956	-1.3556
THTPA	2.77439873586298	0.00496848508725405	0.0119805393941236	-0.6951
NEU3	3.09800171165523	0.00499156653749464	0.0120298400935316	-0.5409
ECSIT	4.80441834369454	0.00499387613817191	0.0120331344169839	-0.358
USP14	6.59324647228497	0.00500800413883065	0.0120646771652801	-0.3643
ABTB2	3.81173787322043	0.00503697612298191	0.0121280712346555	-0.5397
KLHL15	3.29826783955791	0.00504903217632252	0.0121522915505529	-0.5071
RPS10	3.13409769128617	0.00507638726566252	0.0122116913851542	-0.8472
KIF4B	0.591468701375439	0.00510366965124894	0.0122708538328988	-1.2356
TIMM23B	3.09058661208458	0.00510828045325021	0.0122788561073844	-0.5645
ARHGEF26	-1.62583120479375	0.0051108211705135	0.0122792277362743	-5.2018
CPNE5	-1.62583120479375	0.0051108211705135	0.0122792277362743	-5.2018
YEATS2	6.23973212050398	0.00511118818842836	0.0122792277362743	-0.3172
NOMO2	3.76568244753949	0.00511689504682418	0.0122897034567586	-0.5252
SEPHS1	5.1924661702581	0.00513468133359094	0.0123291782751593	-0.3364
MRPL46	4.52087618309849	0.00513907867894181	0.0123381141981538	-0.3832
EMC10	5.31982174983072	0.00514704268623513	0.0123556096357539	-0.3414
PITHD1	4.57714483212669	0.00517425303464121	0.0124160309411685	-0.4066
RPL23	10.8920141197564	0.00523824589824594	0.0125613315537079	-0.3772
FZD8	-1.32112154202612	0.00523916585264359	0.0125618875500212	-3.2802
PDSS2	4.0008514236585	0.00526454140406272	0.0126210726030951	-0.4086
LOC102467080	-0.0988190537738262	0.00528300306108242	0.0126636691023005	-1.5981
PRKAR2A	6.04661907363664	0.00532217756809929	0.0127441859500552	-0.3045
FAM72D	4.05166485000599	0.00532747905888168	0.0127552075670746	-0.4955
GTF2E1	5.09115520216885	0.00534548897158593	0.0127932940043619	-0.33
C19orf53	6.6079185609266	0.00540219232188746	0.0129205322977044	-0.3104
MYBPH	-1.62522878997102	0.00540606625386883	0.0129269500025346	-5.2075
ZNF470	3.44700727739566	0.00540629180923269	0.0129269500025346	-0.5593
YWHAEP1	1.44645683072047	0.00541088486538452	0.0129362380961838	-0.8919
AGGF1	5.60785533794032	0.00543520554174796	0.0129909809335102	-0.301
RPS6KA1	4.79090187135761	0.00545345247622764	0.0130328876038764	-0.3576
CWC15	6.40922193615787	0.00545793761568447	0.0130401922669723	-0.3352
B4GALT3	4.76299550274084	0.00547061080826943	0.0130687609154366	-0.3587
TRDMT1	2.06707687823583	0.00547308598960511	0.0130729632115964	-0.7354
APEX1	7.89766974091708	0.00548353176134673	0.0130927747626401	-0.3003
LOC101928841	0.262851090343635	0.00548653746507517	0.0130982382584559	-1.513
AP4E1	4.52068809861786	0.00548728728008259	0.0130983154530842	-0.364
CCL26	-0.583031286187359	0.00550467328511684	0.0131329476598396	-2.0777
RNF219	4.0482921855915	0.00553295684988626	0.0131952528088208	-0.4148
RRN3	0.491677747400806	0.00556432875398067	0.0132614080590954	-2.5782
SNX27	5.91900936733032	0.00558710476251146	0.0133139517744954	-0.2995
CC2D2A	4.59910352884298	0.00558882124963415	0.0133145661925253	-0.3514
GTSE1	5.57117082724635	0.00567237196862975	0.013492485037043	-0.3231
ARL10	-0.354265915800289	0.00568088275935072	0.013510968688732	-2.125
RPRD1B	5.78069065197816	0.00570476444467125	0.0135642328343212	-0.3181
CALCR	-1.12795958204704	0.00576957582113336	0.0137076231377682	-2.6523
ZBTB11	5.79651577566576	0.00579213226425958	0.0137558431919244	-0.3074
CLASP2	4.94208277791047	0.00579584180930362	0.0137628626522694	-0.3342
RPS6KB1	6.31290336187061	0.00581866505976406	0.0138134654526726	-0.3025
KLHL28	3.96612278061711	0.00583392731374135	0.0138460968590304	-0.4384
ACADM	6.11443479327618	0.00583744056004349	0.0138526341952624	-0.2936
CTNNA1	9.13147953588846	0.00584248016658724	0.0138627915156247	-0.2994
RECK	1.7060279903985	0.00586404184099391	0.0139103362589897	-0.8469
ATP2C2	3.81129636151899	0.0058881035814838	0.013965599452198	-0.4364
RASD2	-0.320573381395851	0.00590064702345452	0.013989897670154	-1.6609
PCYOX1L	2.68644368618738	0.00590423590716013	0.0139965888483464	-0.7218
MEGF6	2.97645043867137	0.00592194958189446	0.0140349359427581	-0.5287
RPRM	-1.32032356866275	0.00592949498075588	0.0140491707162465	-3.2883
TBC1D22A-AS1	-1.32032356866275	0.00592949498075588	0.0140491707162465	-3.2883
EMC7	5.19527589794567	0.0059420725999819	0.0140753182023186	-0.3427
LOC145783	-0.0693948610132003	0.00598688861019869	0.0141796365422661	-1.462
SNORD31	1.59171020109473	0.00599107006399102	0.0141876994536542	-0.9071
HBS1L	5.75238309270986	0.00599347129564668	0.0141915450030254	-0.3187
LINC01239	1.15564762700311	0.00601967263145815	0.0142480414313367	-1.0585
AAGAB	5.72991658423221	0.00603414983282742	0.0142786052298247	-0.3064
JTB	6.36433970919512	0.00606009921714105	0.014336292770264	-0.3167
RPL13P5	2.51066968636641	0.00608977835662962	0.0144027715609056	-0.6461
ATPAF2	4.2756982691116	0.0061561991837223	0.0145485530482892	-0.4432
LINC00702	-0.806309196350301	0.00616348213900421	0.0145619942965784	-2.0911
TMEM223	3.29006331865535	0.00617575931380267	0.0145891125818817	-0.5274
MSL1	6.37926751132513	0.0062044469634573	0.0146542465568175	-0.2912
NGLY1	4.71150234704358	0.00621500760194866	0.0146728228495264	-0.3437
XRCC6BP1	-0.80433568942959	0.00621521357884464	0.0146728228495264	-4.1274
COTL1	8.40666562151858	0.00624762628894298	0.0147455288339939	-0.2861
EEFSEC	3.11120683357529	0.00625328724299869	0.0147569818909235	-0.548
PHLDA1	7.51792947064474	0.00631475228831937	0.0148962550427133	-0.3049
CSTF3	5.65010531254017	0.00632482630826976	0.0149180916128905	-0.3493
PHB2	8.18517185149091	0.00636368188847651	0.0150058610896444	-0.2873
SLC25A12	4.56593809875812	0.00639904892176304	0.0150849654384335	-0.3811
LINC00641	3.33031274306648	0.0064392463409823	0.0151703292297036	-0.4809
WBSCR16	5.75527029588867	0.00644181851859795	0.0151744308226483	-0.3317
PARP6	-0.957956545631942	0.00644385607458129	0.0151772721581159	-2.313
JKAMP	5.62691417062329	0.00644661790314896	0.0151818184261981	-0.3462
IWS1	6.69995576350784	0.00646624775713208	0.0152260826846644	-0.3116
OTUB2	-1.01178225722831	0.00646895955258648	0.0152305036873896	-2.8564
CDH1	9.35173350973113	0.00648016525457138	0.0152529521515543	-0.295
LOC101926966	-0.0691658820426071	0.00655641684454039	0.0154224901319327	-1.4646
SLC25A35	2.09803395051446	0.0065705605493192	0.0154517780997516	-0.8122
GORASP2	6.9002041477614	0.00660322056973959	0.0155245839949988	-0.3199
MYEOV2	6.16545682211798	0.00661139679952642	0.0155418053015908	-0.4613
NAPG	4.93194114290694	0.00662357389909022	0.0155664218720122	-0.3429
GEMIN7	3.18372742474055	0.00668906685210995	0.0157082074160174	-0.5531
B3GNT7	1.25287670518166	0.0066923578059739	0.0157139143544514	-0.9324
B4GALT2	5.35450937730513	0.00670103800451589	0.0157322723521659	-0.3237
MTFR1	5.23687453855679	0.00678658017419919	0.0159290058704269	-0.397
RPL39L	4.17154743552929	0.00679498962978182	0.015946693750006	-0.3848
BMP2K	5.37654004397078	0.00680011662937061	0.0159566747025437	-0.3002
P2RY11	1.01522484575547	0.00680914954551437	0.0159744319656415	-1.1588
TTC13	4.26537555042048	0.0068094341343461	0.0159744319656415	-0.3757
GBX2	0.26392963980032	0.00683884793748338	0.0160386708247133	-1.261
ACAP1	-0.158394278869446	0.00684109900155171	0.0160404705076198	-1.5032
NCF2	0.0671536128840665	0.00686413162932303	0.0160882766754296	-1.5084
ATP5B	9.03970167962934	0.00687334080174317	0.0161077932832636	-0.2921
MMGT1	5.70808441628035	0.00687759173554297	0.0161156866543541	-0.2979
KIAA0319	-0.668922717788665	0.00688471583758588	0.01613030959073	-1.9368
POLDIP2	6.11097221284419	0.00691609330790737	0.0161975881243306	-0.2969
RASSF4	1.4378895030076	0.00692362804687262	0.0162131546464477	-0.9242
GRHPR	5.74076102271136	0.00696201779717777	0.0162988711086532	-0.2959
LOC730101	2.95673391065339	0.00698630046511204	0.016353622424809	-0.5406
NET1	5.75557961115814	0.00702184450782282	0.0164283984794071	-0.3152
SPEN	6.59639644645905	0.00703819911079043	0.0164624424044318	-0.3055
GPD1L	4.05204713743074	0.00704689755851204	0.0164764551521767	-0.3869
DCAF12	5.91922064651001	0.00709463174388479	0.0165753259683083	-0.2976
ORAOV1	4.65839835127147	0.00710625167071495	0.0165982254990497	-0.3699
AGBL4	-1.62502793222959	0.00712251972520514	0.0166340949345459	-5.2135
RANGRF	0.0947089548501718	0.00715032093685614	0.0166926162433818	-1.405
CLDN7	7.17458589496827	0.00716938612104091	0.0167328449278603	-0.3271
PDGFRL	1.95248569987145	0.00722833121610134	0.016851095415339	-0.7308
SYT1	4.51431601609041	0.00722835934473706	0.016851095415339	-0.3473
ABO	-1.12764164319466	0.00724152499999699	0.0168774773905202	-2.6567
PPP5C	5.03029096305205	0.00728940001831969	0.0169847207063745	-0.3212
MGC27345	3.09055163313836	0.00730085936985023	0.017009250721795	-0.4989
FAM91A1	6.34655591951281	0.00732665862295447	0.0170628243169609	-0.3038
VAMP7	0.716107848659041	0.00733583537817849	0.0170798381155499	-2.2078
STAG3L4	3.59735026470376	0.00736111132956386	0.0171299488123031	-0.4293
FAM222A	0.0684738317557461	0.00737318546516517	0.0171558595274096	-1.3591
SMCR8	6.02948786696727	0.00739442147790278	0.017200886659097	-0.2886
TTC4	0.286066477251774	0.00745095664278731	0.0173301904026914	-1.2931
COMMD5	3.40563180428891	0.00746488149347187	0.0173603664388309	-0.4683
PPARGC1B	4.10088653903398	0.00747505566387751	0.0173795996178996	-0.4431
IRS1	6.67103736823532	0.00751396487291579	0.0174611688798308	-0.3014
RPL26L1	5.72411185262363	0.00751810552761652	0.0174685674573205	-0.2957
CTBP2	6.47110519201204	0.00754940511500625	0.01753459793633	-0.2875
PTK2B	4.27299743664903	0.00761911674769883	0.0176897615853987	-0.3801
CCDC125	0.794675221949026	0.0076427228064127	0.0177355469116398	-1.0344
PAK6	3.12102702247724	0.0076469870078024	0.0177431869362532	-0.5365
REPS1	5.16496675413405	0.00766560274705427	0.017781860705238	-0.3552
MRE11A	6.28853391178843	0.00769849855200615	0.0178536318045509	-0.2881
UBE2J1	6.19033497598132	0.00771939594213506	0.0178998212015264	-0.3198
PPP6R3	7.17693289903455	0.00776430271206388	0.0179993790871668	-0.2891
VDAC3	6.64661717515162	0.00781373426199993	0.0181116725097855	-0.2927
C9orf78	6.20807912348967	0.00784105643366455	0.0181703892171846	-0.4026
MRPS15	6.40613418490242	0.00784650624060226	0.0181807104871729	-0.2954
SARS2	3.75211363933564	0.00785370416379609	0.0181927703609011	-0.4177
PPP4R2	5.48960666182262	0.00788428126934485	0.0182543359357209	-0.3307
LOC105377621	1.3331571329898	0.00788538151662419	0.0182545682180435	-1.06
MED27	4.51852820684329	0.00789300654231658	0.0182699033138749	-0.3528
MIR138-1	-1.39120558699584	0.00790602622328644	0.0182977199204256	-3.16
RYK	6.22801621488804	0.00793414308168436	0.0183604659778463	-0.2935
TKT	8.34022614146966	0.00795295849400649	0.0183993423224664	-0.3207
SLC30A5	5.64704929163075	0.00796011442532424	0.0184135642357728	-0.2985
PIGO	4.14055030627422	0.0080020116335744	0.0185057922957353	-0.41
PKIB	4.86324839094504	0.00800934249239845	0.018513364971034	-0.3313
NCBP2	6.67441573740581	0.00802720486124221	0.0185452609398681	-0.2808
LPAR3	-1.39100576809808	0.00807796839493298	0.0186530977761063	-3.1612
CKMT1A	-1.39100576809808	0.00807796839493298	0.0186530977761063	-3.1612
ADAM19	-1.39100576809808	0.00807796839493298	0.0186530977761063	-3.1612
C1orf174	4.08171682242541	0.00807936226088491	0.0186539569286347	-0.3789
NOL8	6.58235882199845	0.00808261776268742	0.0186591135401646	-0.3128
GTF2H3	6.05903856692813	0.00810940093653788	0.0187185767476843	-0.3255
RAP2A	4.75820592862962	0.00811893655281662	0.0187382181679166	-0.3781
SMIM3	-0.6692359390345	0.00817927988746283	0.0188720296190746	-1.9334
GPN2	3.90237552842091	0.0082440615400829	0.0190125805300346	-0.4301
MCTS1	6.36265385414876	0.00826795702406737	0.0190604651384485	-0.3454
RAB35	5.75297364723831	0.00826935963263374	0.0190612915976467	-0.3381
RBM6	5.59944620002232	0.00827422562059582	0.0190701001047339	-0.328
INIP	5.06017258762759	0.00834300287386483	0.0192164850448242	-0.3084
ARSB	3.5668350753754	0.00843054901794642	0.0194034421169478	-0.4335
VPS9D1-AS1	2.88566639287031	0.00852688635624062	0.0196053951284041	-0.8024
MTRF1L	4.65032124091137	0.00864302356307619	0.0198624166877541	-0.3386
IQCG	3.59892053737003	0.00868719289168408	0.0199588967317625	-0.4891
XPO7	6.82956533180474	0.00872160844384377	0.0200228475541765	-0.2827
DIS3L	4.60610902274386	0.00873179409044989	0.0200437109160384	-0.3347
RHOD	4.59992220098269	0.00878252811168523	0.0201466733475412	-0.3338
ISY1	3.58767719335742	0.00878326978380152	0.0201466733475412	-0.6069
HIF1A	9.20832423474259	0.00880283907012467	0.020186487886471	-0.3254
NMT1	7.23189474942195	0.00881937283999776	0.0202218626685505	-0.2805
ANP32B	8.66853694754927	0.00885803305187749	0.0203079557195875	-0.3254
LOC100505549	0.901139739717895	0.00907800560900101	0.0207575238474352	-0.982
ND1	13.0862099725659	0.00911047070397057	0.0208190514172936	-0.6007
SLC2A3	-1.71298648089047	0.00912410935616418	0.020842059610377	-5.0392
ZNF239	3.72831654378028	0.00912716813665181	0.0208443534865621	-0.4176
MSMO1	6.16101174212345	0.00915838947616025	0.0209072850164789	-0.3386
ASCL2	-1.39072622937448	0.00916696905589488	0.0209242544491644	-3.1627
PLP2	6.27667811228435	0.00918979087313322	0.020973724488051	-0.3679
LUC7L	4.7980481391736	0.00920391525917842	0.0210033346214452	-0.3226
LINC00992	-1.18953244698567	0.00921742101885803	0.021031525824306	-2.5473
RHEBL1	-0.0125201451771918	0.00922658418987147	0.0210471724316248	-1.3882
RIC1	4.92773173336156	0.00926321734444243	0.0211254585684124	-0.3155
POLR3H	4.52158256211179	0.00927698334419948	0.0211542103337129	-0.3358
EXOSC4	3.96904707133038	0.0092903064309931	0.0211792999755507	-0.5051
TAF2	5.49192267674331	0.00929322317920396	0.0211833040778558	-0.2917
ZMYM1	4.92961918356087	0.00929566766145268	0.021185405430534	-0.3336
MSMB	-1.71318760244282	0.00936912740948026	0.021324372271222	-5.0377
CCL22	-1.71318760244282	0.00936912740948026	0.021324372271222	-5.0377
CACNA2D1	-1.71318760244282	0.00936912740948026	0.021324372271222	-5.0377
RIPK1	4.66921580534518	0.00937960654385618	0.0213429012918657	-0.3378
SEC61A1	7.33803323588688	0.00942168799575232	0.0214306424184468	-0.2732
PCGF1	4.67423405455723	0.00944138396588419	0.0214647454148421	-0.34
CAPZB	6.99672975107133	0.00947240155680587	0.0215299007496325	-0.2926
VAMP2	3.53243487209538	0.00950887955134873	0.0216074315520815	-0.6427
OSTC	6.01852451139588	0.00951457714673584	0.0216176876653154	-0.3016
DLSTP1	0.626611912319738	0.00957031066674004	0.0217334981380777	-1.1032
LOC101928927	1.20522369819601	0.00957199910010176	0.0217346288024201	-0.9052
PCOLCE2	1.4867631969217	0.00959859676395856	0.0217868932640591	-0.8166
LAMP1	7.46600592195662	0.0096051387167945	0.0217989441827317	-0.2873
RHPN2	5.50711050723323	0.00961352055444331	0.0218126312754061	-0.2856
SLCO3A1	3.46401672036565	0.00964095129626494	0.0218694342525612	-0.431
SLC35E3	3.33354806841959	0.00964848751723377	0.0218838101769934	-0.4526
DIO2	-0.712939048430286	0.00967247968168938	0.0219300532872481	-1.8647
LAT2	2.44513669902402	0.00977422621989359	0.0221359972547299	-0.7787
SLC26A9	-1.07004300154169	0.00982371517702874	0.0222287734595732	-2.7357
SUSD2	-1.07004300154169	0.00982371517702874	0.0222287734595732	-2.7357
LOC102724196	0.0688901782511902	0.00985083104932424	0.0222873679063655	-1.3636
GABRR1	0.287109807592614	0.00986156455230436	0.0223033600677488	-1.2946
LOC105369914	-1.18941289414293	0.0100268702215768	0.0226547701441963	-2.5491
MOCS2	5.60219349441978	0.0100675653651751	0.0227439021540202	-0.2949
PGAP1	4.05571797281055	0.0100805482693658	0.0227704144030615	-0.3734
MED10	5.10318981324442	0.0101137428363172	0.0228397438421334	-0.3377
ABHD6	1.69626713183697	0.0101283053388033	0.0228641452040549	-0.7504
POLN	0.145395526471376	0.0101325411486335	0.0228708792296555	-1.3417
VPS25	5.83708682730639	0.0101361295302002	0.022876150414555	-0.2751
ZNF724P	0.515395861294404	0.0101386213653566	0.0228778448454572	-1.1086
NTMT1	4.18866904765864	0.0101393866479291	0.0228778448454572	-0.3924
LOC100507437	-0.189166313396976	0.0101804903769505	0.022967749916165	-1.4527
ZNF507	5.28665958903622	0.0101951439376184	0.0229951257382211	-0.3001
NEXN	6.86386256407243	0.0102132272129332	0.0230330668312921	-0.365
WDR7	3.822699908056	0.0102282401320506	0.0230612266087088	-0.3936
WFS1	3.93188824733072	0.0102666970889938	0.0231382585900066	-0.4725
SSR4	7.70806284791833	0.0103196769950496	0.0232444198916257	-0.3939
WFDC13	-1.0128136352236	0.0103230241611453	0.0232490906841684	-2.2181
LMBR1	5.45726142231575	0.0103272118323044	0.0232556530418835	-0.2927
SLC4A11	0.535580065596392	0.0103519007215766	0.0233026263345378	-1.1439
SPSB2	4.20126027785614	0.0103651513319249	0.0233295774523019	-0.3626
TRIM54	-1.39152549452293	0.0104051301807172	0.0234137873264111	-3.154
DNAJC10	7.22120560764646	0.0104408160877874	0.0234882980281758	-0.2729
MFSD11	4.3378488027433	0.0104631219932418	0.0235326789588053	-0.3547
RITA1	4.91255455762423	0.0104869600714106	0.0235833879112678	-0.3279
IL1RL2	-1.71338869743084	0.0105377464641324	0.0236830111349503	-5.0346
UBAP2L	7.57733571183177	0.0105644425707927	0.0237400866041842	-0.3793
RPPH1	-0.855389903439096	0.0106175090691266	0.0238475941887272	-2.0095
GPATCH1	3.84492366954077	0.010637778938428	0.0238813689498207	-0.4269
POLG	4.52855060841296	0.0106656815899312	0.023941065179612	-0.3412
DISP2	0.457054014640795	0.0106803299377511	0.0239680520397768	-1.1186
SNORD27	0.287931146642026	0.0107481231472736	0.024108334706552	-1.305
NBPF8	4.4529887402683	0.0108187037132999	0.0242487728655621	-0.4061
PAK2	7.42008341935471	0.0108240499690412	0.0242577775883644	-0.2755
SLC22A1	-0.712743034640088	0.0108263074190923	0.0242598586280777	-1.8662
RFC1	7.30525942091442	0.0108540004251617	0.0243142751383533	-0.2714
RYR1	-0.157743546423007	0.010880482051265	0.0243663003346287	-1.5076
CIRBP	6.6707266399274	0.010919270428062	0.0244471671492151	-0.2875
PNKP	4.32985717734841	0.0109325932347425	0.0244679933913767	-0.3811
RNF14	5.08663139034838	0.0110496082784751	0.0247177611483691	-0.3248
FOXJ3	6.84008484389575	0.0110626892101232	0.0247439909605499	-0.2727
RBX1	5.97866467272319	0.0110665405764293	0.0247495730446273	-0.3088
INTS10	5.40849600387273	0.0110967120993109	0.0248109707391329	-0.2883
SCARNA18	-0.854720561016877	0.0111073087340887	0.0248316223670737	-2.0126
TERF2	5.40583839854592	0.0111570400545834	0.0249366948134762	-0.2887
SNX12	6.60613513543736	0.0111625928580518	0.0249460515628097	-0.3009
TCAF1	5.41779137820098	0.0111822999070189	0.0249870339170792	-0.3019
SNAPC2	3.58128668682775	0.0112113463823623	0.0250488727886924	-0.411
LOC101927157	-0.957561313644318	0.0112642357149832	0.0251578036717315	-2.3201
ME3	4.24876096828473	0.0112756478748309	0.0251740525379618	-0.3552
INO80	5.58589027983708	0.0113082301320584	0.0252385134008258	-0.2748
TRC-GCA8-1	-1.71258415806628	0.0113229980223462	0.0252643182468777	-5.0453
TBPL1	3.88909774109621	0.0113387730259391	0.0252964243384509	-0.3784
SYS1	4.61658692227943	0.0113953891820742	0.0254196266994069	-0.3172
MRPS31	4.67134359327033	0.0114062520605005	0.0254376420249814	-0.3745
PITPNA-AS1	3.26835291319553	0.0114140315609313	0.0254518822738929	-0.4761
LOC102723373	1.08215141057185	0.0114460608763224	0.0255170701377631	-0.9445
PHF20	5.85965397523398	0.0114869815047336	0.0255957932809004	-0.2815
ARHGAP21	6.5385930018148	0.0115536481824368	0.0257223660022641	-0.276
OCLN	2.74998530667866	0.0115701941727821	0.0257529218261777	-0.5764
RINT1	5.14573839569181	0.0115747413361233	0.0257599022104435	-0.3133
HCAR3	1.11888954514383	0.0115875376032444	0.0257820946355674	-0.9433
TAF15	-0.714191015457104	0.0116125513478716	0.0258314533211579	-2.2242
LOC100996437	-0.390989376422835	0.0116287034929101	0.0258610806391236	-1.5446
PDCD10	5.60495456354022	0.0116631106507797	0.0259312809695084	-0.2996
RAB40C	3.37146912227659	0.0117794882884701	0.026174091795802	-0.4491
HS6ST2	6.0650492887183	0.0118075984400922	0.0262301675739016	-0.2823
FBLN2	-1.18993007635896	0.0118302915276257	0.0262714773045436	-2.5434
FAM20B	6.28652347566354	0.0118305113343916	0.0262714773045436	-0.2796
CFL1	9.3594617008712	0.011895558663163	0.0264062887834028	-0.3101
ZNF829	3.66483965699444	0.0119088253877721	0.0264325247755827	-0.4938
ZBTB8OS	5.30209024069006	0.0119181809607484	0.0264500743519842	-0.3311
HACD2	4.85625754925071	0.0119719015488487	0.0265660671782888	-0.3209
CDK17	4.7819061588086	0.0119907043394534	0.0266013243919142	-0.3095
RHOA	8.29494120361762	0.0119961349409193	0.0266069055377746	-0.2703
FAM127C	4.08340851036801	0.0120342186218561	0.026688131093368	-0.3931
ACBD7	2.1694266774362	0.0120362281016288	0.0266893453447511	-0.7329
NUDT16P1	2.8521556236624	0.0120516032258508	0.0267169482077879	-0.5159
HUWE1	7.94868098219901	0.0121181745335593	0.026844969577073	-0.2916
LOC645166	1.37503979428023	0.0121214835245334	0.0268490418859356	-0.8223
DIABLO	5.25218026348311	0.012142773339408	0.0268864123813502	-0.2978
NANOS1	2.83475104417494	0.012150588501957	0.0269004540009372	-0.5176
SPATA9	-0.286383999962144	0.0122936557918539	0.0272007005376421	-1.497
SNF8	5.95658251855787	0.0123232538032293	0.027259580931995	-0.2818
BEND6	1.69507907127398	0.0123362431212918	0.0272850078049798	-0.7493
FAM156B	-0.354267693802317	0.0123791430295427	0.0273765760323843	-1.8605
LOC493754	3.41068979466508	0.0125252495235036	0.0276829243705909	-0.4852
HINT2	4.13786730423993	0.0125522479735861	0.0277358798118842	-0.3702
POLR2H	5.65552597083735	0.0125754481558003	0.0277804188688637	-0.2808
SPINK5	1.91438166016814	0.0125857374737007	0.0277997850356783	-0.7272
RPUSD4	4.94519872473236	0.0126014578781019	0.0278277748908465	-0.3289
CDCP1	6.56606730780704	0.0126664840017526	0.0279612251434094	-0.2878
USP5	6.66599519606815	0.0126722694320553	0.0279706142850443	-0.3034
ZC3HC1	4.2868538418539	0.0128675914733095	0.0283811465430396	-0.3379
RRAD	2.5440876926463	0.012880363754831	0.0284058855651358	-0.5748
PSMA7	7.55864565880867	0.0128904113557612	0.028424610425266	-0.3049
CMTM1	0.678751349371602	0.0129262265123146	0.0285001438657989	-1.008
LOC101927919	-1.18985080279251	0.0129390303268152	0.0285145989433049	-2.5416
THOC7	5.95370806026218	0.0129969475165911	0.0286318660387217	-0.2957
NDUFS4	5.51471351998059	0.0130604207006113	0.0287682239756708	-0.2986
CUTA	-0.0147914530870685	0.0130708234973261	0.0287876648289523	-1.9002
IGF2R	7.315807691586	0.0130797257675202	0.0288037965756151	-0.2629
ZFP91	7.16633738068232	0.0131107092764187	0.0288650637421972	-0.2575
TAMM41	2.63206951868066	0.0131819293792959	0.0290113686254884	-0.5337
HSDL1	5.08170233465415	0.0132074783565874	0.0290640941270322	-0.288
FAM101B	1.96698266491014	0.0132344030611107	0.0291163246907252	-0.6593
PRDM8	1.54365369661883	0.0132471263899514	0.029140804840939	-0.7786
CPPED1	4.47808322836209	0.0132909888507807	0.029230248459204	-0.3442
C1GALT1C1	5.50650829496567	0.0134355917133491	0.0295269245598774	-0.2924
CPSF6	6.97894220086678	0.0134720723822799	0.0295999703226503	-0.2559
TM2D2	4.48491738186185	0.0135146990060638	0.0296829096552815	-0.3411
PLAC8L1	-0.28719334433818	0.0135314589019096	0.0297161450394877	-1.4898
ZKSCAN5	4.5301826994548	0.0135762694308498	0.0297966307681646	-0.3171
IKBIP	4.24366302917028	0.0135908214976292	0.0298213987092209	-0.4236
HTATSF1P2	2.19447345312747	0.0135998647819763	0.0298376555053189	-0.6705
ILK	5.14423985366563	0.0136200937914796	0.0298784465581893	-0.2939
SND1	7.27220963800363	0.013631082751243	0.0298917773821852	-0.2612
CECR5	4.42150743546293	0.0136507434091236	0.0299241080303747	-0.3275
NPTN-IT1	1.49421098677525	0.0136630571129142	0.0299475051810976	-0.872
C5orf28	4.17455807977234	0.0136674178276775	0.0299534669702377	-0.3617
PCDHA4	1.65191704350467	0.0137415839069258	0.0301087801013967	-0.7546
PSMG3	4.35452521835683	0.0137599516499396	0.0301454070948395	-0.3291
CCDC138	3.73997350310423	0.0138066237206614	0.0302440271951518	-0.4597
GDI2	6.60489749906937	0.0138439062062993	0.0303147836994362	-0.2966
GAN	3.76047878224964	0.0138483548423174	0.0303208882227569	-0.3813
GNPTAB	5.3232826758898	0.0138644324622529	0.0303488104353584	-0.3036
LINC00858	1.21618622412438	0.0138721540348375	0.0303620721807928	-0.9249
COMMD4	5.37231476874646	0.0138883108724319	0.0303937908519679	-0.2738
ZSCAN5A	2.5610974549986	0.0139378090326397	0.0304911493948316	-0.5837
TMC7	2.07416508179639	0.0139810069757684	0.0305746602000032	-0.6341
S1PR2	2.28798300432573	0.0139829683911594	0.0305752869743689	-0.6745
SNORD4A	-0.54222310465157	0.0140360141321349	0.0306839269544073	-1.8295
KRBA2	1.46565118882157	0.0140786374222223	0.0307550083498971	-0.8246
CREB3L1	-1.46509998261088	0.0140835078539232	0.0307619669037117	-3.0262
MMP1	-1.46502017581585	0.014089545723246	0.0307677926702845	-3.0257
SALL4	-1.46502017581585	0.014089545723246	0.0307677926702845	-3.0257
OLFML2A	2.96646603715801	0.0141317963831968	0.0308489865803708	-0.4944
LOC100128885	2.24061886279084	0.0141388358566348	0.0308606632470976	-0.5965
EIF4G1	9.45636457176449	0.0141459040463203	0.0308723997931408	-0.2825
NOVA1	2.70559881321845	0.0141731738185603	0.0309282167381827	-0.5339
HSF1	5.01845529162345	0.0142235310396806	0.0310269784514767	-0.3029
LIN7C	5.26700145228246	0.0143079261682661	0.0311998925140786	-0.335
ZNF195	4.75493903236878	0.0143853979201059	0.0313575909766512	-0.3211
PDS5A	7.66206555275579	0.0143875097360628	0.0313584500646565	-0.2583
MYO1D	4.48327976076184	0.0143930924879803	0.0313668731599102	-0.3329
CCDC101	2.51491006138393	0.0144111827987866	0.0314025487198196	-0.5482
ADGRE5	5.34390208406351	0.0144171269025339	0.0314117518477931	-0.2912
P4HA3	-1.46530011511921	0.0144244722289997	0.0314171348344595	-3.025
KLHDC4	5.3625596449517	0.0144397134933172	0.0314459512744839	-0.2792
SPECC1L	3.97087422004896	0.0144603479838799	0.0314871317740591	-0.3675
TRMT2B	4.72511299211845	0.0144718915712866	0.031508509543877	-0.3888
NUSAP1	6.83510529287421	0.0145853354595249	0.0317403604898185	-0.2668
PTTG1	7.20458272915096	0.0146199114936468	0.0318004413473151	-0.2913
H3F3C	-0.287539511215857	0.0146529309217798	0.0318646702689711	-1.4894
TADA1	3.75110880247895	0.0146553559242713	0.031866147898225	-0.4
AFG3L1P	4.33868912182493	0.014676398088368	0.0319081009290516	-0.3899
INO80C	3.37755885219953	0.0146864228672626	0.0319260938157593	-0.441
ACAP2	6.19145909974706	0.0147027198507949	0.031955540678752	-0.3144
SLX4	3.60390425116044	0.0147052200505146	0.031955540678752	-0.3938
METAP1D	3.75838505572144	0.0147210497871917	0.0319861324583399	-0.3773
LAMA2	1.49661762134807	0.0148157146912989	0.0321765033790569	-0.7457
ARL13B	4.93330336180726	0.0148672244993696	0.0322768522369474	-0.3531
FOXRED1	4.92182210643069	0.0148733880780756	0.0322863939064622	-0.2968
SNAPC3	4.69216183748127	0.0149057838902923	0.0323413347636291	-0.3037
TACO1	5.20560679178397	0.0149206990419865	0.0323698492822942	-0.3109
XIAP	6.77979982447083	0.0149488198379221	0.0324231501676496	-0.2919
GP1BA	0.870657402625799	0.0149542659454221	0.0324311094202453	-1.0036
OXCT2	-1.4648200068696	0.014979740946924	0.0324747833662327	-3.0272
RGS22	-0.127589188890906	0.014996679812069	0.0325057177640424	-1.3714
RPL36A	3.62010139452837	0.0149975712492621	0.0325057177640424	-0.4224
SSBP3	4.67243134049316	0.0150358497020599	0.0325848138842363	-0.3271
Aug-02	6.08897777731217	0.0151173453031543	0.0327427167821153	-0.2815
EXOSC1	4.61158464930351	0.015117679653618	0.0327427167821153	-0.3186
CSTF1	5.47083320718662	0.0152709962367304	0.0330630108275319	-0.3021
NDUFA10	6.93710463966419	0.0152742744751241	0.0330649229711082	-0.2724
PTGER2	-0.504084825011032	0.0152755017713807	0.0330649229711082	-1.6033
SNRPB2	6.37968330158483	0.0153263464010337	0.0331710468165112	-0.2662
RFX2	2.76687247034929	0.0153300485759431	0.0331751264583236	-0.563
CRLF3	3.85701107763391	0.0153396653067587	0.0331920030627221	-0.3683
PAK4	5.55036090555217	0.015359632304321	0.033231268943788	-0.2761
EIF4A3	6.5479946989805	0.0153992512288114	0.0333012000039305	-0.2882
LUZP1	5.991536673022	0.015454450101006	0.0334166103332898	-0.2596
TMEM38B	5.28185021076664	0.0154686902777395	0.0334394801314875	-0.2848
HABP2	0.287705085567716	0.0155489038855351	0.0335929928206305	-1.1794
RLN2	1.84815447551542	0.0155525946263371	0.0335969905926412	-0.7204
LOC728485	2.45234352307438	0.0155783674561819	0.0336447032154332	-0.5446
DENND5B	4.53099590841275	0.0156040981244674	0.0336962875988025	-0.3188
ZNF883	4.34191447180764	0.0156477094729068	0.0337664993070197	-0.3358
COL21A1	-1.25355706049962	0.0156527286665991	0.0337733382032187	-2.4346
MSTO2P	1.12107252694914	0.0156603811202663	0.0337858565033777	-0.9472
IBA57	2.9956184934026	0.0156627948950814	0.0337870712046089	-0.4892
STAT4	2.34727559619098	0.0156748847926533	0.0338091560461577	-0.5629
KEAP1	5.47319986497083	0.0157308415960352	0.0339258410132569	-0.2936
ELMO2	3.81890038478352	0.0157613392866504	0.033987598631832	-0.3705
LINC00705	-0.759227182752992	0.0157660306721297	0.0339936997697413	-1.7851
SNORA40	3.2115540041911	0.0157729000043091	0.0340044948604944	-0.4398
ME1	5.296580875486	0.0158284590713922	0.0341081620405259	-0.2709
LINC00899	-0.320691117847046	0.0158310849427515	0.0341097942540861	-1.4395
REXO4	5.92375899052083	0.0158711412408707	0.0341839965187984	-0.2806
TROVE2	5.39502858271928	0.0158808549440041	0.0342008833145853	-0.3065
YIPF6	6.6852779200502	0.0159191813702477	0.0342793789921258	-0.2593
TCP10L	-1.25375622394407	0.0159474892507956	0.0343322362927506	-2.4336
SNORD76	1.30136155950884	0.0159729924425415	0.0343716110241172	-1.1807
LINC00842	-0.321192819412383	0.0159942133710101	0.0344044255097397	-1.436
FIGNL2	-0.321192819412383	0.0159942133710101	0.0344044255097397	-1.436
ADPRHL2	4.18765316369043	0.0160740857723099	0.0345558772797091	-0.3555
KLHL21	3.38391247182831	0.0160953441923797	0.0345975042477433	-0.439
SNORD101	-0.320460215924019	0.0161272141727148	0.0346578483739942	-1.4381
MTCH1	6.70978453295923	0.0162277902574266	0.0348657807390349	-0.2798
OCIAD2	6.73262135242766	0.0163525705924513	0.0351090825280244	-0.2701
TSPAN14	5.50024755749739	0.0163725629896692	0.0351437401457262	-0.2654
LOC101928208	-1.25363648241313	0.0164247835486257	0.0352309773779474	-2.4352
TRIM41	5.06240083583776	0.0164338904913279	0.0352422300962858	-0.3685
RNU6-2	-0.713566580319136	0.0165167327171987	0.0354074063510075	-1.8556
RBM39	8.05377712455481	0.0166180669879159	0.0356037355863623	-0.2702
GUSBP5	-0.584593422307109	0.0166495431974014	0.0356586180914783	-1.7465
SLTM	7.33256972285031	0.0166557097426573	0.0356676407110794	-0.3785
OSBPL3	6.05805338860871	0.0166620422149259	0.0356728324939237	-0.2599
ZNF26	3.96177776355919	0.0166656488678309	0.0356763702780396	-0.3612
IGSF9	3.29064392818688	0.0167686174374989	0.0358841730089064	-0.4332
TEX261	5.57240284742812	0.0168110330024216	0.0359672381576852	-0.2848
ACBD6	5.18648291627296	0.0168131936686599	0.0359672381576852	-0.2892
ADCK1	2.22302927552225	0.0168133441300222	0.0359672381576852	-0.5934
RRP8	3.33021557761663	0.0168287714079299	0.0359960223577232	-0.4236
IFIT1	4.10545037706566	0.0168607921539366	0.0360560643741674	-0.3621
IL1RN	1.10606032657925	0.0168776255396529	0.0360878346043457	-0.9168
EMC8	5.56100774631393	0.0168952558969004	0.0361170716222265	-0.2925
RAB27A	4.48464145764388	0.0169977055331832	0.0363105677760113	-0.3547
TPD52L2	7.19759208272868	0.0170623020083503	0.0364400310557373	-0.2469
UBQLN1	7.8092521539318	0.017070654516906	0.0364536049667373	-0.25
NONO	9.62440806317585	0.0170788038447282	0.0364667418701004	-0.2678
SHF	0.218371238484842	0.0171800445192451	0.0366614719746742	-1.1883
RANBP2	7.95798721780442	0.0172523339889972	0.0367988362600346	-0.2734
FAM69A	3.4003446474227	0.0172832742669181	0.0368559111104845	-0.4031
TGDS	3.38951750408344	0.0173939054992017	0.0370747319030966	-0.4065
ORC3	4.89952257299346	0.0174062908312729	0.0370922429573617	-0.3076
RNU6-26P	0.456684832295508	0.0174182685410163	0.0371134349305315	-1.1119
HINT1	7.67075946606809	0.0174282232318734	0.0371279708730259	-0.2774
LOC100506248	0.119273631518358	0.0175617366475207	0.0373755029420771	-1.2877
EIF4EBP1	6.13629385906196	0.017568723600517	0.0373852765694421	-0.2685
SCAMP1	5.83780038280578	0.0175704246804236	0.0373852765694421	-0.2789
TEX40	2.20012023850476	0.0175737590685658	0.0373880136995383	-0.5786
METAP1	6.96140684085641	0.0176368920226022	0.0375123822481349	-0.2488
ZDHHC21	4.79952405747769	0.01765191978543	0.0375368022833791	-0.3003
SZRD1	7.3307358388867	0.0176782621377163	0.0375884409021837	-0.309
SNORD14C	0.396283644813429	0.0176827483260813	0.0375936011926098	-1.1259
FAM178B	-1.80619020096711	0.0177376765531938	0.0377015977593558	-4.8521
KIAA1755	-1.80619020096711	0.0177376765531938	0.0377015977593558	-4.8521
PFKM	5.93236023604008	0.0177749946867316	0.0377457604979612	-0.2546
RELT	2.89123594498992	0.0178037465332177	0.0377980226433796	-0.4725
CCDC67	-1.8059887351382	0.0179066323210127	0.0379899453401985	-4.8536
HIST1H3C	-1.8059887351382	0.0179066323210127	0.0379899453401985	-4.8536
POM121	5.79955159706	0.0179803622340482	0.038137503537212	-0.2812
SPARC	-1.06956943374362	0.0180014749287329	0.0381778492447662	-2.1198
SNORD77	-0.0116844178164076	0.018067051185698	0.0382946808830956	-1.3958
SMKR1	1.30958030433654	0.0181467858489399	0.038445509504007	-0.8694
PBK	5.52872869695923	0.0181487401898298	0.038445509504007	-0.2764
SAMM50	5.44077834987427	0.0181615260269214	0.0384681307747392	-0.2801
LSM14B	5.96836873905802	0.0181903291404241	0.0385157328679636	-0.2956
ZNF317	5.41566793601707	0.0185847241403081	0.0393080591773741	-0.2656
NDUFS3	5.09370007621388	0.0185860630378557	0.0393080591773741	-0.2965
PPP2R1B	5.75393956430487	0.0186190945293662	0.0393699869313888	-0.2572
EWSR1	8.2358470098993	0.0186218140420981	0.0393699869313888	-0.2505
HHEX	0.496054787187824	0.0186793061431442	0.0394823912179275	-1.0823
TNK2	3.64067751133382	0.0187469738088708	0.0396116613257808	-0.41
MPP2	2.83993022487094	0.0187498595395443	0.0396131739097236	-0.5073
RGS16	-1.80639164005099	0.0187621442094889	0.0396345411581149	-4.8499
HSD17B7	3.68762457783549	0.0188917567601942	0.0398898810333224	-0.3867
LOC100507250	-0.905241292519767	0.0189606434640508	0.0399937038798048	-1.9278
TCF3	6.19551012251205	0.0189712449571134	0.0400106693733724	-0.2864
ORAI1	3.74504823130186	0.0190480960219876	0.0401596074578365	-0.3697
CNST	5.04245714380355	0.0190539243154711	0.0401672566170024	-0.2739
THEG	-1.2538759562537	0.0190665956356209	0.0401893280133813	-2.4302
RAB2A	8.18203685091006	0.0190725067468782	0.040197146521705	-0.2452
ZNF35	2.33677814528821	0.0191302917657324	0.0403096267861507	-0.5462
M6PR	6.49746028622398	0.0191561307986974	0.0403594141789983	-0.3114
KIF5B	8.53077205882654	0.0192311920790961	0.0405035351402835	-0.2631
RIC8A	5.82952756743936	0.0192377243873013	0.0405126192657252	-0.2627
LRWD1	3.64388909928136	0.0193598064922182	0.0407418549267582	-0.3811
RNF217	-1.80578724255753	0.0193902422027819	0.040800860033885	-4.8565
SNORD14D	0.219462650879816	0.0194163386187802	0.0408510634809785	-1.4661
NCBP2-AS2	5.18746838517152	0.0194415048235822	0.0408992984627006	-0.2776
SNORA28	-1.0688167393364	0.0195010272602146	0.0410197895682081	-2.1228
CC2D1B	5.13163072264019	0.0195203641334386	0.0410557335967805	-0.2803
EIF2S3	8.36480995569152	0.0195379787474499	0.0410880474615189	-0.2474
HSD11B2	1.18046462270921	0.0195772004038891	0.0411563070674113	-0.8643
ADI1	5.25242123918466	0.0196039766402242	0.0412031081676183	-0.388
C22orf39	3.41372460110194	0.0196313122311141	0.0412558116831149	-0.3947
C17orf59	2.68183267413136	0.0197103119110491	0.0414170642550774	-0.5078
MIER3	5.00306881024681	0.019763645582215	0.0415126397118074	-0.2732
POLR2G	5.225208895905	0.0197648917821554	0.0415126397118074	-0.3459
NCK1	5.35675645431261	0.0198090203304841	0.0416005378066626	-0.269
RFESD	-0.068596992490497	0.0198781615125191	0.0417361376161644	-1.2952
FASTKD3	4.08451434658358	0.0199258757448711	0.0418315073135196	-0.358
ADSSL1	2.24634838027868	0.0199586655040904	0.0418955268992382	-0.6043
CAV2	8.16947072045395	0.0199793738245494	0.0419341743551361	-0.2689
QDPR	4.57786067340724	0.0199940898356047	0.0419602372731118	-0.3023
POMK	3.14179313940769	0.020066143568872	0.042087260683976	-0.5843
GOLGA3	6.04592305953214	0.0201899637857335	0.0423420998130214	-0.2539
RPS16	9.10322648548052	0.0201935899254208	0.0423448400733381	-0.2717
RAB5C	7.04649771217723	0.0202989671146558	0.0425549790676067	-0.2959
SNN	3.77330617956593	0.0203007949550716	0.0425549790676067	-0.3722
CASD1	4.50519333521449	0.0203353987558141	0.042622622237215	-0.3231
CPVL	4.91936461016585	0.0203439054505933	0.0426355571009105	-0.3379
TLE3	4.47167122655275	0.0203652576770108	0.0426754068126159	-0.3143
POPDC3	-0.90622750826262	0.0204481430251622	0.0428294285299863	-1.9194
ABHD2	6.50700199040114	0.0206222077471203	0.0431791518100044	-0.244
LOC102724436	2.38903914064396	0.0207992446128827	0.043514899112169	-0.5447
PLOD3	5.12437367404227	0.0208147758766227	0.043537413886758	-0.2944
KCMF1	6.16147552978235	0.020843870930669	0.0435882826701367	-0.284
CYP2R1	2.71568316403637	0.0208620293927215	0.0436212585721595	-0.496
CDC37L1	4.25343776833633	0.020929520847225	0.043752356874721	-0.3379
HHIPL2	-0.905595934850743	0.0209445987991329	0.0437788637138733	-1.9284
SLC39A6	6.12194932128482	0.0209731392157262	0.0438284832328638	-0.2674
NME7	4.48349675864748	0.0210811003375975	0.0440490520502666	-0.3915
EPN2	5.66996697258548	0.0211694285585549	0.0442083147752205	-0.2544
STRA13	5.02756875746254	0.021183742984045	0.0442331478802156	-0.2808
TMEM131	5.78919271835351	0.0212752177611412	0.0444100969190468	-0.2688
STARD5	0.945982342819232	0.021276404387563	0.0444100969190468	-0.9158
C9orf142	4.46711689481539	0.0214234367423394	0.044695194308263	-0.3053
EME1	4.05789142368794	0.0214246080955088	0.044695194308263	-0.3508
SHROOM2	2.51509817715506	0.0214308930333408	0.0447002321356531	-0.5069
SLC34A2	0.496125468481799	0.0214319200199043	0.0447002321356531	-0.9799
PLRG1	6.4099233528073	0.0215192392232077	0.0448567288489244	-0.2644
CACNB1	1.86259097442169	0.0215429473881951	0.0449010215228782	-0.833
ARMC8	5.28677943918832	0.0216065180000613	0.0450283781517258	-0.2775
PMFBP1	1.01503948655665	0.0216963920852891	0.0452053565292214	-0.8337
PTPRB	1.28660877997457	0.0218708455858061	0.0455532409600087	-0.7713
GALNT1	5.68332819755032	0.0218745485613072	0.0455557561641826	-0.26
DHRS4-AS1	2.939420752854	0.021961720818156	0.0457216530113189	-0.4797
ENTPD5	4.88850981360805	0.0219650200726725	0.0457233074625667	-0.3062
GPN1	6.05035025966497	0.0220084477520234	0.0458032629002438	-0.2662
LMAN2L	4.23450232669339	0.0220443425812222	0.045862281272113	-0.3688
HDAC3	5.93793588622667	0.0220492757996812	0.0458673175705309	-0.2528
HOXB13	0.241129114073146	0.0220548449065642	0.0458736753576662	-1.0977
SELL	2.49019690824203	0.0221673916871897	0.0461025179586848	-0.5238
NLRP12	-0.906187605525895	0.0221714577514022	0.0461057219170292	-1.9228
C4orf19	1.6626147836294	0.0223444491821803	0.0464442974234184	-0.74
PLCXD1	-1.80659305239656	0.0223619925346683	0.0464704154179733	-4.8439
FAM177B	-1.25415447425332	0.0224403918305159	0.0466171817544263	-2.4273
VSNL1	-1.25415447425332	0.0224403918305159	0.0466171817544263	-2.4273
KPTN	2.61904497546392	0.0225081466485968	0.0467526140876986	-0.5732
MAGT1	7.13969762646289	0.0225799671500207	0.0468964596462774	-0.2604
TGM1	-0.189283348271995	0.022618147976859	0.0469650715952614	-1.2661
DFFB	2.67143967002508	0.0226365090127684	0.0469925072250512	-0.5075
SH3D19	6.32178731966666	0.0226722554459909	0.0470613638910757	-0.2572
EHD1	6.58291400608879	0.0227280080710776	0.0471717275290579	-0.2514
GNA13	6.08966011473863	0.0227459934972885	0.0472036895858246	-0.2539
SOX2-OT	-0.806350694768805	0.0227910466368287	0.0472864356633646	-1.704
SLC39A9	6.22892044388636	0.0228297115855999	0.04736127439849	-0.2579
RPS6KA5	3.51243960259479	0.0228488004072314	0.0473954891755955	-0.4457
ROCK2	6.72551058862057	0.022885196634093	0.0474491750684667	-0.2544
TSEN2	4.15621962459994	0.0228876772377803	0.0474491750684667	-0.3292
AP2A1	4.91732666363304	0.0230799460257357	0.0478206213421668	-0.3068
PCDHB11	-0.18962803018819	0.0231477582226123	0.0479393617824176	-1.266
DDX50	4.89692556160508	0.0231674950065027	0.0479747945597452	-0.2749
ELK4	6.29434011866964	0.0232667971108036	0.0481694996660048	-0.2529
PUSL1	3.71944600297313	0.023273718117532	0.0481783646619417	-0.393
COCH	-0.958195814624959	0.0232875196796456	0.0481905417446848	-1.8324
TMEM183B	1.91660551704622	0.0232946513616142	0.0481998362527065	-0.6397
ZNF619	2.72898308569864	0.0233633849828465	0.0483256238666266	-0.4665
ZNF141	4.07998231510753	0.0234948442435045	0.0485755239535015	-0.345
RTFDC1	6.53391908513067	0.0235063884435734	0.0485883862574587	-0.2546
SYT2	0.310270322010924	0.023557562579672	0.0486776301589691	-1.2132
ZSWIM1	3.93131699483561	0.0236785060886601	0.0489109308842022	-0.3844
GID8	6.49532638828898	0.0237175011179737	0.0489859373695812	-0.2412
UFSP1	0.840680680589738	0.0237675721481589	0.0490838005810848	-0.8811
FAM104B	3.3488276990653	0.0237828769207173	0.0491098519471344	-0.41
TCF19	1.25331366996777	0.0238053255647343	0.0491506473094084	-0.7704
PPM1K	3.21561809503328	0.0238386936329676	0.0492139761351868	-0.4317
HEATR6	4.13316594838012	0.0239364652407774	0.0494046477598228	-0.3351
COPZ1	6.72213020196637	0.023970256971236	0.0494688007310517	-0.236
NDUFS8	6.32688382843601	0.0239747473472892	0.0494724751409643	-0.2391
LOC105376056	0.120515871568679	0.0240214091476615	0.0495575596564254	-1.1602
PPP4R4	-1.80558572321837	0.024170256853276	0.0498364817159935	-4.8642
TXNDC9	5.73274327068247	0.0242886490945116	0.0500636307857519	-0.2491
KANSL2	4.46621786247757	0.0243627080427238	0.0502048848677062	-0.3257
SPAG6	-0.95811702333393	0.0244238124671257	0.0503081485275693	-1.8319
HIST1H2AL	-0.95811702333393	0.0244238124671257	0.0503081485275693	-1.8319
PPAN	2.75884078997331	0.024487811247273	0.0504206742988366	-0.4673
LOC102724434	0.286323505448881	0.0246599629337073	0.0507602078382862	-1.0553
ZDHHC16	4.43846960206009	0.0248503101804447	0.0511377831280497	-0.3117
EIF3G	7.83224689220275	0.0248607829470884	0.0511447434620291	-0.2738
HIGD1B	-0.958077038143131	0.024894716339269	0.0512030127861307	-1.8338
HPCAL1	4.98686819585763	0.0249469629849173	0.0512970154774442	-0.2746
PI15	1.40644364296404	0.0249488497164892	0.0512970154774442	-0.7293
TNFRSF1B	-0.252975813627869	0.0250280595538237	0.0514424966465442	-1.3505
SNORD15B	-1.54319642243387	0.0250314414104199	0.0514436557906818	-2.8775
C12orf56	-1.54311649211912	0.0250407324396994	0.0514453760318649	-2.877
SEMA5B	-1.54311649211912	0.0250407324396994	0.0514453760318649	-2.877
FAM221A	-1.54311649211912	0.0250407324396994	0.0514453760318649	-2.877
PRKD3	6.12124449616119	0.0251526085701699	0.0516403533577397	-0.2371
PRC1	6.73165422562608	0.0252694049747433	0.0518509899088359	-0.2693
B4GALNT2	-0.625568344322317	0.0252930780145513	0.0518937325504213	-1.6917
CBLL1	5.4058445197226	0.0253074566220061	0.0519116552977806	-0.288
ICE1	6.51842880980977	0.0253075006655482	0.0519116552977806	-0.2503
KIAA1161	3.97620521988803	0.025367668226464	0.052029227181477	-0.3346
ARHGAP10	4.67297875349633	0.0254315377971868	0.0521543646400182	-0.3106
RNF113A	4.45682486242094	0.0255736764402423	0.0524281905775478	-0.3119
GPN3	4.94020497737143	0.0256619425093504	0.052582561803631	-0.2954
PPIL4	5.62924788973113	0.02569805741087	0.0526418016262166	-0.3058
IMPACT	5.28640136539216	0.0257836424356945	0.0527934248885193	-0.256
ATP2A2	8.73694787221231	0.0258061345664205	0.0528335530609592	-0.2377
MZT1	5.37445768938512	0.0258277450831941	0.0528631108664528	-0.3343
SAR1A	6.4548548484402	0.025829258815116	0.0528631108664528	-0.2568
DSP	7.31019207664886	0.025869419062602	0.0529334358223339	-0.2796
SLC25A3	8.35342968758206	0.0258816161272063	0.052952458143929	-0.3085
TRIM52-AS1	2.03414530090105	0.0259575098523269	0.0530915389534337	-0.5927
SLC25A17	4.56046986203196	0.0260787749183527	0.0533259537308968	-0.407
USP4	4.33209619121867	0.0260916743740359	0.0533463554006495	-0.3053
ZNF703	-1.12788209700386	0.0261490256591036	0.0534461144228465	-2.0174
GJB7	1.91645271791024	0.0262386882137142	0.0536109112512106	-0.6736
LOC100507065	-1.32076467702304	0.0263609732290693	0.053824619983211	-2.3112
LYSMD4	2.05555852065398	0.0263650387038355	0.0538269007579089	-0.5728
ZSWIM5	1.745411531276	0.0263693718566649	0.0538297274533462	-0.6883
MGA	5.99518094337658	0.0264170869827704	0.0539211024102702	-0.2414
SNX32	-1.54339686945812	0.0265582450866635	0.0541789386861247	-2.8758
ANGPT4	-1.54339686945812	0.0265582450866635	0.0541789386861247	-2.8758
USP51	-0.15931518871593	0.026573641387955	0.0542042901875425	-1.3101
LOC100507140	-0.905122672332909	0.0265999894811335	0.0542337958418107	-1.9338
LSM3	6.8935563012383	0.0267548908651948	0.0545374372080166	-0.3121
KCNAB3	1.79403004275084	0.0267753514614408	0.0545730508295259	-0.6265
KATNBL1	4.34392087160092	0.0270032153768581	0.0549883658583292	-0.3241
IL12RB2	-1.12835830291464	0.0270117585188137	0.0549996278741315	-2.0157
EGFLAM	2.92741156133622	0.0270605356199805	0.0550866568107007	-0.4703
HOXA11	0.41505699241235	0.0271836801639236	0.0552965110845997	-1.0451
MIR1204	0.0690765692445795	0.0272275747982194	0.055377295623473	-1.2137
ZNF143	4.54724994060734	0.0272552930360089	0.0554213220834683	-0.2843
SYT16	3.71451535220086	0.0273362640396379	0.0555797790742433	-0.3674
PTPRG	5.55143163356577	0.0273716184006205	0.0556454638665622	-0.2439
FAM225A	-1.32084422130847	0.0274809350839882	0.0558428262347827	-2.3117
AP1S3	5.97584812023232	0.0276156719892793	0.0560916452866359	-0.3076
IL18R1	-1.54271549849418	0.0277381755633008	0.0563091441213855	-2.8806
PCNT	5.68413071651484	0.0277421748817669	0.0563110011831817	-0.2733
GYG1	5.07381118389731	0.0277661044324293	0.0563533076729771	-0.2815
AKT2	6.28368665029701	0.0278282992567979	0.0564607058493113	-0.2889
REC8	2.15051104191032	0.027854774556743	0.0565081413832538	-0.5696
RASGRP4	-1.32096415207708	0.0278641928066292	0.0565146876877927	-2.3098
SNORD45A	0.695224985516952	0.0279197691884826	0.0566148290908518	-1.0388
ITGB2-AS1	1.36471588959014	0.0279710395176814	0.0566998997817889	-0.7547
ZNF562	5.41796419260744	0.0279948040504514	0.0567417722599135	-0.2737
DDX3X	8.88749049209503	0.0280433500789128	0.0568275501210603	-0.246
IBSP	0.855073388502048	0.0280520717418037	0.0568389147301186	-0.9733
LOC101927911	-0.28727194982939	0.02808078854701	0.0568844735590563	-1.2881
PROX2	-1.32048561763561	0.0280936367788543	0.056904186512234	-2.3119
RNU2-2P	-0.465015730373291	0.0281019910952202	0.0569147935915621	-1.4235
ZNF708	4.01450021153136	0.0282037595081879	0.0571145683395982	-0.3207
LYRM2	5.25040195009884	0.0282133775311807	0.0571271497627662	-0.272
TBX3	2.24642901202733	0.028296213280824	0.0572700298952021	-0.5318
WNT10B	1.54436995962297	0.02834025610699	0.0573528118267608	-0.6557
PYCR2	5.54719078940168	0.0283592412145606	0.0573785113169697	-0.2566
SDHB	6.22206732542496	0.0283712495703165	0.057396446382502	-0.2459
AEBP2	6.4823027762325	0.0284208220480929	0.0574839937192538	-0.2567
DHX30	5.5921015590231	0.028503237141376	0.0576315314268425	-0.2376
MFSD5	3.72755418221523	0.0285384840440555	0.0576900193453967	-0.3464
LURAP1L	2.72576532915401	0.0285560886679771	0.0577192155361592	-0.493
KHDRBS3	3.78512821256571	0.0285718368439095	0.0577434829493964	-0.3514
FAM118B	4.57257936635365	0.0285744207364618	0.0577434829493964	-0.3393
TUBB2A	1.95235175827543	0.0286794082963919	0.0579235842304381	-0.5724
DDX12P	4.28162410296929	0.0289113925633838	0.0583211472527221	-0.3331
ANAPC15	3.66368387567887	0.0289243144306796	0.0583407672352763	-0.3618
RBMS1	6.62412567484786	0.0290594522509356	0.0585809805977342	-0.2288
NPIPB5	3.60066517320792	0.0291255773426238	0.0586948382787218	-0.6509
ZNF576	2.70782822694004	0.0291324644471162	0.0587022374113193	-0.514
CEP76	3.34914269410257	0.0291673369813752	0.0587660196371245	-0.409
PDE4DIP	4.14724789351624	0.0292289794268878	0.0588642303824891	-0.3697
DPH5	5.15575326077146	0.0292811167269149	0.0589562222307884	-0.2526
Dec-01	-1.32104368611023	0.0293004166866202	0.0589885759848851	-2.3102
DSG1	-1.32036564980506	0.0294266271290188	0.0592230740676184	-2.3144
FRMD6-AS1	0.763092485246517	0.0296789198174198	0.0596913473820442	-0.9917
TAF6	5.82153230481244	0.0297215006313499	0.0597506569238987	-0.3484
JUN	6.67061157611315	0.0297564475330273	0.0598077404120825	-0.2674
ACTR1A	5.56640367119707	0.0298058270693464	0.0599003939870088	-0.281
COMMD8	5.08994571206114	0.0298141365845748	0.0599104983476056	-0.3563
ADPGK	4.93560871540288	0.0298459116280104	0.0599566789265038	-0.2728
ISPD	2.69614473288417	0.0298946206961946	0.0600391854158118	-0.4774
ZDHHC20	6.75506566749072	0.0303717187598139	0.0609236454982049	-0.2327
CBX6	6.79275940095544	0.0304173584187849	0.0610017901014323	-0.254
COA4	6.25618291330283	0.0304246454366769	0.0610097020092237	-0.2288
ADRA1B	1.68909101286991	0.0306166206921059	0.0613542291278909	-0.6654
EEF1B2	8.63539425984499	0.0307405156981377	0.0615889875532486	-0.2564
YY2	1.4364784116495	0.0309393698434628	0.0619805921060306	-0.6907
OGG1	3.15993868447068	0.0309437896526655	0.06198264471133	-0.4208
PAFAH1B3	4.14587762438961	0.03095590184098	0.062000103566531	-0.314
GTF2H1	5.68018284569572	0.0310732676082247	0.0622283428538559	-0.2324
IL1R2	-0.287387676650213	0.0310879644573955	0.0622509464883419	-1.286
TSR3	4.77780996848482	0.0312657029876037	0.0625999861528508	-0.3577
GLYR1	6.77003898301623	0.0313064068803712	0.0626746094975389	-0.239
KRTCAP2	6.01420540920439	0.0313726873364068	0.0627866454739577	-0.244
RNF40	6.13845058392049	0.0315012345244217	0.0630162762960599	-0.2779
ZNF574	3.78796057321596	0.031549838640945	0.0631065907997253	-0.3313
COQ6	3.5715297419769	0.0315973383511294	0.0631877542927175	-0.3729
PPFIA1	6.47739289215184	0.0316749574737678	0.0633291012639476	-0.2328
SMCO2	-0.220966567298522	0.0317079055648475	0.0633810931776914	-1.213
AGPS	7.35465046309407	0.031806705821496	0.0635577081301697	-0.2222
ATRIP	2.92041400511793	0.0318432732923686	0.0636168523993741	-0.4649
SPAST	4.98933898034984	0.0318552807273303	0.0636338773342972	-0.2808
APC	5.13700569167747	0.0318866994703202	0.063689670189296	-0.2983
FKBP1AP1	0.535612443369585	0.0319057953528908	0.0637208401665436	-0.9518
ANKRD17	7.55259485163009	0.0320163396457159	0.0639079805139492	-0.2448
HSD17B6	-1.25435356113016	0.0320498668590999	0.063966586791268	-2.4197
NBPF20	2.90964306731294	0.0322251299211468	0.0642882714283091	-0.4274
LOC100289279	-0.805800597850235	0.0322599459910468	0.0643506964611616	-1.7046
GMPPA	4.61061334381405	0.032331472768279	0.0644792841225367	-0.2803
TMEM242	3.88761612501232	0.032379155714143	0.0645602737786582	-0.3233
PRPF38B	7.09375584145563	0.03241708848117	0.0646288486744829	-0.3308
DUS1L	6.31501226893823	0.0324991876762232	0.0647854520874788	-0.2297
SLAIN2	6.01855818059221	0.0329141160038486	0.0655553242162623	-0.2286
CLCF1	5.44312070914773	0.0330026413918103	0.0657173016196431	-0.247
RRAGA	5.2983469729763	0.03313199831121	0.0659576241211137	-0.2647
TMEM183A	5.70992705244003	0.0331341679894136	0.0659576241211137	-0.2421
TRNV	0.168712533812617	0.0332220487700513	0.0661177959255108	-1.0992
ARRDC3	6.06928045687615	0.0333488169714263	0.066327721877992	-0.2284
FKBP9P1	-0.855156025175831	0.0333491542023493	0.066327721877992	-1.6184
UBE2D4	2.87210293793037	0.0333714558049651	0.0663432001612776	-0.4402
TPD52	8.29053961597806	0.0334685300110379	0.0665216640045191	-0.2272
MRPL13	5.48849642044855	0.0337202354806757	0.0669709115464769	-0.2826
PISD	4.77815004142753	0.0337831310996372	0.0670885283753918	-0.2586
ERGIC1	6.97120376316151	0.0338145794549327	0.0671411736981858	-0.2217
IPO8	7.10937235608144	0.0339097302254555	0.0673106485806149	-0.2196
PPIG	7.55123287700841	0.0339614551138966	0.0673913396260105	-0.3116
BRWD3	6.61212680895493	0.0339695070557705	0.0673999913933427	-0.2284
POP5	5.2216207684914	0.0341131717572026	0.0676409322905931	-0.2579
ADIPOR2	6.99346622975891	0.034152352115117	0.0677001287665046	-0.2351
PHF6	6.97722538131844	0.0341541512894121	0.0677001287665046	-0.2273
PPP1R14D	0.240419703169601	0.0341791098166117	0.0677422460983676	-1.1004
ZNF761	4.80040308660282	0.0341907252212363	0.0677579113806871	-0.2589
FAM120AOS	5.92654668513142	0.0343126706814688	0.0678713828381876	-0.2408
FYTTD1	6.22480705178885	0.0343285260979913	0.0678713828381876	-0.2331
KRT3	-1.90561870445423	0.0343297737252314	0.0678713828381876	-4.6387
SLC10A1	-1.90561870445423	0.0343297737252314	0.0678713828381876	-4.6387
CD19	-1.90561870445423	0.0343297737252314	0.0678713828381876	-4.6387
SIGLEC15	-1.90561870445423	0.0343297737252314	0.0678713828381876	-4.6387
FPR1	-1.90561870445423	0.0343297737252314	0.0678713828381876	-4.6387
LOC100507391	-1.90561870445423	0.0343297737252314	0.0678713828381876	-4.6387
SNORD50A	-1.90561870445423	0.0343297737252314	0.0678713828381876	-4.6387
NRCAM	-1.90561870445423	0.0343297737252314	0.0678713828381876	-4.6387
IGFBPL1	-1.90561870445423	0.0343297737252314	0.0678713828381876	-4.6387
IFT122	3.69235060618305	0.0345110940820904	0.0681911722814433	-0.3346
MCMDC2	1.79621462863793	0.0345139368909146	0.0681911722814433	-0.6706
SNORA10	-1.32124312521929	0.0346188453216705	0.0683910442801014	-2.307
LINC00665	3.89485132505439	0.0346845539794947	0.0685134405377251	-0.3551
PAPD5	6.214506782363	0.0347314721897536	0.068591276103001	-0.2226
MIR331	-1.90582048891147	0.03496591585343	0.0689573036426723	-4.637
GNG2	-1.90582048891147	0.03496591585343	0.0689573036426723	-4.637
LOC101928855	-1.90582048891147	0.03496591585343	0.0689573036426723	-4.637
CCRL2	-1.90582048891147	0.03496591585343	0.0689573036426723	-4.637
TTLL2	-1.90582048891147	0.03496591585343	0.0689573036426723	-4.637
ISPD-AS1	-1.90582048891147	0.03496591585343	0.0689573036426723	-4.637
TRNF	-1.90582048891147	0.03496591585343	0.0689573036426723	-4.637
LINC01204	-1.90582048891147	0.03496591585343	0.0689573036426723	-4.637
SPDL1	6.26853719816317	0.0349831647322379	0.0689838685841148	-0.2541
SLC10A5	0.916819924590317	0.0350373458168475	0.0690757867421563	-0.8
DNAJC21	6.16388314134653	0.0350792601467099	0.0691293759033769	-0.2856
DHX58	2.5803535109751	0.035125659802154	0.0692125251320155	-0.4623
ZNF689	2.64568707157009	0.0351439414997085	0.0692410744678048	-0.4649
SYTL2	3.58383668353565	0.0352095206114661	0.0693627935991071	-0.3389
SPRR2A	-1.90541689306983	0.0354138408924384	0.0696976152794692	-4.6407
LINC00615	-1.90541689306983	0.0354138408924384	0.0696976152794692	-4.6407
RNF26	5.65097710121754	0.0354418408628132	0.0697452028448332	-0.273
CR2	-1.12756414243519	0.0354915404182282	0.0698354776757031	-2.024
AGAP3	5.31473100890331	0.0356740574933576	0.0701643604394243	-0.2341
HK1	5.94475207701322	0.0356978430465235	0.0701849619048997	-0.2641
PSME1	7.48109779262958	0.0356999099610484	0.0701849619048997	-0.2345
SRRM1	7.35604004853454	0.0359135243335389	0.0705593306320584	-0.2511
USP18	2.78014242093926	0.0359438465596308	0.0706113055840546	-0.488
RPRD1A	6.20667074022799	0.0361552746887913	0.0710190116977162	-0.226
IFT46	3.70958938304166	0.0361847078186876	0.0710691797673976	-0.3314
RANBP3	5.18790149271133	0.0363968685510132	0.0714425678900902	-0.2553
TRIM34	-0.855077485690538	0.0363982977621455	0.0714425678900902	-1.6176
AKR1E2	-1.01253854812008	0.0364042091870309	0.0714464892408554	-1.7349
DTD1	5.55013455623141	0.0364933308068959	0.0716060024947003	-0.2598
SGPP2	4.60256279491467	0.0366040317412835	0.0718077802996853	-0.2892
FKBP1B	-0.0129045385666799	0.036702557315054	0.0719778586683452	-1.0737
GABRA3	-0.0129045385666799	0.036702557315054	0.0719778586683452	-1.0737
SNRNP48	4.88513473363557	0.0367268288715027	0.072007211145801	-0.2655
PLEKHF2	5.38202552717698	0.0367293574819072	0.072007211145801	-0.2329
ZNF830	4.06456691276215	0.0368044210785801	0.0721165305289297	-0.3398
TRAPPC2L	6.21565908502582	0.0368048704501555	0.0721165305289297	-0.23
SUGP1	4.70670692915631	0.0368587079232981	0.0722142704279599	-0.3127
MEX3D	4.44855396059998	0.0368703037415311	0.0722292375904486	-0.3892
POLR2I	4.76402287872528	0.0368783087999825	0.0722371679670043	-0.2576
SLCO4A1-AS1	-1.01273642870368	0.0368833260740261	0.0722392448028561	-1.7341
RPAP2	4.86439046862696	0.0369025204641179	0.0722690853457344	-0.257
KCNB2	-0.321117659517482	0.037099451237317	0.0726313760631055	-1.2303
TXK	0.871895247458995	0.0371768181693992	0.0727750367253433	-0.793
C5orf51	5.65204749481958	0.0372131804483463	0.0728227915387512	-0.2279
POLDIP3	5.7144233320038	0.0372214189000394	0.0728311064779335	-0.2383
CCDC171	1.21710215162316	0.0374700681195594	0.0732862185119645	-0.7068
C9orf117	0.76279978040066	0.0375863801858777	0.0735058336018622	-0.825
HNRNPA2B1	11.0560545499047	0.0376157795042283	0.0735554488677369	-0.272
MRPL24	6.37503838283603	0.0376451735924859	0.0736050432798995	-0.2237
SVIL-AS1	3.61461427634098	0.0377050045513727	0.0737062386861399	-0.3499
RBMS3-AS3	-1.01261746588535	0.0377414643090214	0.0737651723346622	-1.7354
NKIRAS2	5.1830333724164	0.03774323371922	0.0737651723346622	-0.2714
FOXA1	5.69538716100666	0.0378799867316215	0.0740086727068154	-0.2557
FAM118A	3.62513436348118	0.0379211326831332	0.0740811341105702	-0.35
LINC00865	-1.90602224644837	0.0382434826121369	0.0746389799622805	-4.6329
LOC101926933	-1.90602224644837	0.0382434826121369	0.0746389799622805	-4.6329
LOC100289333	-1.90602224644837	0.0382434826121369	0.0746389799622805	-4.6329
ADH1C	-1.90602224644837	0.0382434826121369	0.0746389799622805	-4.6329
MAPK13	5.32163747339096	0.0382821691708778	0.0747064971013945	-0.2319
DGCR11	0.2406039760117	0.0383194239237688	0.074771205980368	-0.9774
ZNF620	2.62779642107584	0.0384584178341623	0.0749948354661522	-0.468
CNPY4	1.30845502894803	0.0385253432908434	0.0750927468628696	-0.7072
C3orf38	4.7873639623583	0.0385486323870621	0.0751301198738343	-0.2778
SNORA27	-0.287503395451935	0.0386603226438785	0.0752993136287177	-1.2824
NSRP1	5.64772974763354	0.0386827081295174	0.07532709542533	-0.3898
GOSR2	5.16509125751637	0.0387280382509431	0.0753992818928459	-0.2357
CDKN2C	3.6038920963111	0.0387622614180687	0.0754578635581427	-0.3999
RPS29	9.60026694180925	0.0388109956998412	0.0755366244665566	-0.4291
TWIST2	2.4806871840186	0.0388163730443126	0.0755390370213166	-0.4673
MICU2	5.83698986280845	0.0388263886376808	0.0755504744158495	-0.2414
EGF	0.591753519114651	0.0388572104685381	0.0755950905991103	-0.954
PIN1	6.33419249914679	0.0388960204340125	0.0756617740056826	-0.2384
PRELID2	3.82772367602578	0.0389015540980741	0.0756644759870488	-0.3828
CD2AP	7.88299893171722	0.0391636700356413	0.0761418487934682	-0.2377
SNX8	5.67950804444454	0.0391824267840045	0.0761702037449458	-0.2363
HAPLN3	-0.464317519411842	0.0392019871101304	0.0761920022019101	-1.4251
GEMIN8P4	1.04063077348458	0.0392177867244714	0.0762145959593303	-0.8122
GATM	1.0683110970653	0.0393461008461869	0.0764151507497859	-0.7386
SLC9A7P1	0.168374876288881	0.0393615367913291	0.0764369977302951	-1.0983
SEC22A	4.47527349444772	0.0394908646900877	0.0766799857245523	-0.275
DDN	2.21211598908019	0.039551379086726	0.0767893200688365	-0.5212
SNORD29	0.286992138898305	0.0396021389384291	0.0768796946469547	-0.9413
LOC101927151	2.37987321199809	0.039609316068844	0.0768854517972159	-0.5252
TREM1	-1.90521505475142	0.0397142678539958	0.0770695169748651	-4.646
SCARNA8	-1.90521505475142	0.0397142678539958	0.0770695169748651	-4.646
Aug-01	4.87292680600144	0.0397180952320862	0.0770695169748651	-0.3028
APLP2	9.18707281428874	0.0397252494924124	0.0770695169748651	-0.2439
WDR61	4.65164090463026	0.0398131678454596	0.077223671078061	-0.3095
STAG2	8.16721667887964	0.0398356138950872	0.077259000028547	-0.2323
ZNF256	4.21801967332172	0.0399022366273802	0.0773799906383528	-0.31
ZNF37A	5.57459930758998	0.0399686962481084	0.0774924085286181	-0.2233
ARPC1A	7.66082268482438	0.0399741384613241	0.0774947299299069	-0.2258
LOC102723316	0.330259709911232	0.0400368326424438	0.0776080289573641	-1.0091
KCNG3	0.353600455128224	0.0401669947404044	0.077843806367391	-0.9468
MRPS7	6.53867942688896	0.0401843905291596	0.0778692531048018	-0.215
PPIC	3.92204815305646	0.040258303418738	0.0779959235076388	-0.3797
LINC00880	0.812457065095411	0.0403133617341739	0.078086019291149	-0.9963
FAM185A	3.31441658249561	0.0403290618834687	0.0781081427694255	-0.3598
EFCAB1	-0.625493258274344	0.040358216136554	0.0781563163030583	-1.3971
LRIG2	3.93028779808042	0.0403664836841243	0.0781640354409603	-0.3024
TUBB3	6.64851001764934	0.0407207294905226	0.0788165434244042	-0.2288
HN1	7.58489252681849	0.0408030851380863	0.0789675736542885	-0.2583
ZPLD1	0.0418711062849741	0.0408101623518822	0.0789728984413781	-1.0239
MTG2	4.91294778453366	0.040984755394763	0.0792771449975412	-0.2796
VEZF1	6.29812848387273	0.0410931546902593	0.0794615646674476	-0.2412
TNFSF12	-1.18937554093946	0.0411569527766465	0.0795680747527755	-1.9037
CST7	-1.18937554093946	0.0411569527766465	0.0795680747527755	-1.9037
SGTB	3.7615809124641	0.0412263154415487	0.0796852953627224	-0.3239
MOXD1	-0.625297870700495	0.0413096574095411	0.0798210315059888	-1.3981
FBN1	0.0416817752510952	0.0413237223132249	0.079839758127869	-1.0231
LINC00944	1.67079766868018	0.0413465761222903	0.07987545964958	-0.5969
LOC100129924	-0.0982916178556594	0.0414080624601806	0.0799846928620803	-1.0819
C3orf14	3.21476700989523	0.0414314509657843	0.0800140239957007	-0.3852
SERPINB1	7.40530467970151	0.0414623491447649	0.0800491346055319	-0.2198
MIB1	6.27189862515778	0.041469270071182	0.0800491346055319	-0.2156
UBAC1	5.57186347014758	0.0414708971285109	0.0800491346055319	-0.2737
ELF1	6.16804728895942	0.0414715553844829	0.0800491346055319	-0.2278
FUZ	0.825984415000883	0.0414862042279238	0.0800689443265649	-0.7834
SSBP1	6.54994222993226	0.0416777644502166	0.0803876669628266	-0.383
CPNE3	6.1830129353694	0.041705512386038	0.0804326890048077	-0.2242
TSPAN4	4.04872356212135	0.0417334438566661	0.080469555454932	-0.3502
CCT6P1	2.43668758498311	0.0417442837119333	0.0804819562197755	-0.6126
SNORD45C	0.068583774304316	0.0417622717586168	0.0805081344482903	-1.0741
ZBTB20	5.15238595985442	0.0418470497410307	0.0806630493160445	-0.2511
CCSER2	4.58965340365075	0.0418858291686031	0.0807292754752975	-0.2624
GUCA1B	0.87100635820573	0.0419716625921558	0.0808776305976774	-0.789
MIR503HG	1.85608430421098	0.0420432341682897	0.0810069955647807	-0.5941
MYO1C	7.01060420099126	0.0420843872072789	0.0810777303562773	-0.2113
FLVCR1-AS1	2.02063578095057	0.0421693013425366	0.0812229782364844	-0.5418
PPP2R2D	4.94508217030556	0.0421948741199344	0.0812562892334939	-0.2528
XPR1	6.73450208354863	0.0422294101132083	0.0813142190725378	-0.2123
EIF3H	7.99568237226785	0.0423739768581827	0.0815667778914997	-0.2307
FMNL3	2.50569797558205	0.0424041874027956	0.0816163252741631	-0.4486
TUBGCP2	5.30992794346728	0.0424781510046227	0.0817500658592021	-0.2335
SS18L2	4.399168365758	0.0425848660644598	0.081938165564163	-0.3776
HPS4	4.75489563927209	0.042634347396717	0.0820160849393536	-0.2483
RPGR	2.03371843879933	0.0426446805364347	0.0820273193418135	-0.5656
INPP5F	3.43342507222434	0.0427067217052298	0.0821380016277576	-0.3582
LINC00997	3.46293636841004	0.0428029391720015	0.0823057149277501	-0.3563
LRRC57	3.60830052585975	0.0429304177929732	0.0825264121721586	-0.3275
EP300-AS1	-0.0985970832578929	0.0429312739044144	0.0825264121721586	-1.0798
KDM2B	4.83330592396961	0.0429918368623163	0.082625431493678	-0.2444
ZBTB25	2.58221679063164	0.0430214175321237	0.0826648772199189	-0.4457
CNOT10	4.93778528179495	0.0430512381686012	0.0827134712698362	-0.2631
OSBPL5	2.83657059132261	0.0431476848348093	0.0828900488629147	-0.4069
ZDHHC18	4.40656906425454	0.0433505053512395	0.0832621594626226	-0.3277
SLC2A12	1.40536819448329	0.0434853987033125	0.0834685562745951	-0.6345
ATP6V0E2-AS1	-0.253516772684399	0.0436658939660496	0.0837885810641373	-1.1547
TLK1	6.14661423555245	0.0437348329015047	0.0839120451339853	-0.2202
CAPNS1	7.33136417850969	0.0437561109915596	0.0839352277253244	-0.2594
HSPA13	5.97454451815893	0.0438391166584092	0.0840767847164533	-0.2508
B3GAT1	-1.39104790531054	0.0439515360675247	0.0842569823006123	-2.1774
WDYHV1	5.72927210421768	0.0439703867449554	0.0842842692582849	-0.2228
CCR1	-1.62555201770108	0.0440393260746039	0.0843544157819713	-2.7131
SPAG8	-1.62555201770108	0.0440393260746039	0.0843544157819713	-2.7131
UCHL1	-1.62547195298909	0.0440526958980046	0.0843623220721674	-2.7125
RGAG4	-1.62547195298909	0.0440526958980046	0.0843623220721674	-2.7125
DEPDC1	7.81184900305625	0.0441008337186906	0.084436792907018	-0.2258
CCDC102A	3.50628330126096	0.0446231667623403	0.0853116067036637	-0.3818
LOC102723418	-1.39124771874024	0.044669545616841	0.0853913324378062	-2.1763
NME6	4.03070540862022	0.044729673952192	0.0854973225495988	-0.2939
C19orf48	5.72829377684884	0.0447555174034837	0.0855377644177134	-0.2486
PCBP1	7.66286503208161	0.0447787318745708	0.0855731737780975	-0.2161
LOC401585	-0.758758053310856	0.0448315164881728	0.0856561135539594	-1.4551
NAA40	5.27093704237951	0.0448719445239274	0.0857154147984533	-0.2412
CLCA2	-1.62575280653775	0.0449156981844545	0.085763098635645	-2.7117
RIPK3	-1.62575280653775	0.0449156981844545	0.085763098635645	-2.7117
FBLN5	-1.62575280653775	0.0449156981844545	0.085763098635645	-2.7117
C9orf153	-1.62567275235327	0.0449300951726411	0.0857816165521582	-2.711
LOC102724730	-0.758601447755879	0.045133820389793	0.086125538312539	-1.4542
ARID4A	5.3966263230123	0.0452404369319923	0.0862929073900796	-0.3061
SETD6	4.69335084828108	0.0454399528707555	0.0866282142448322	-0.2493
BBOX1	-1.39096822386835	0.0456079136643267	0.0868667784930567	-2.1769
TONSL-AS1	-1.39096822386835	0.0456079136643267	0.0868667784930567	-2.1769
ACTA2	-0.957445373709163	0.0456569625203388	0.0869511274537143	-1.8378
CCL20	-1.18977321030568	0.045709179487084	0.0870324135081566	-1.9005
ASIP	-1.18977321030568	0.045709179487084	0.0870324135081566	-1.9005
PIK3R4	5.35998034995629	0.0457444973919604	0.0870905771600406	-0.2512
SNORD25	2.02451015633813	0.0457529237642146	0.0870975366255999	-0.6973
UIMC1	5.24271919349656	0.0458290505472828	0.0872242646779811	-0.2302
STON1	-1.39084806600552	0.0458980557268907	0.087337388508455	-2.1789
SNHG6	8.77039213521268	0.045912944135482	0.08735661366726	-0.2505
ANP32C	1.05610267559566	0.0459934171034593	0.0875006067779027	-0.7771
NAB1	4.9420861684718	0.0461007505992908	0.0876956656184905	-0.2382
PRDX6	7.7813091971762	0.0464410328966661	0.0883061656662365	-0.2088
BLOC1S2	5.00667696956006	0.0465189746476418	0.0884271464215568	-0.2683
HIST1H2AJ	-0.713214935766073	0.0465549981642764	0.0884860017165049	-1.5393
ATAD2B	5.19673894045638	0.046600642408792	0.0885635361039877	-0.2285
LINC00987	2.62424997170285	0.0466287646727855	0.0886077576627846	-0.5536
LINC00540	1.31891702246928	0.0467383497663135	0.0887790358270543	-0.779
CTPS2	4.73666493466498	0.0467441891724976	0.0887808902968286	-0.2441
KIAA0100	6.949163190215	0.0468501766730634	0.0889464997009159	-0.2124
ZNF644	6.52218451070504	0.0469544921911543	0.0891061548276209	-0.2234
ALG8	5.10720046851106	0.0471597116583471	0.0894584056561496	-0.2489
MRPS18A	4.9660412858894	0.0471972056178467	0.0895202270918867	-0.2337
C8orf58	2.19767924870661	0.0473790184644419	0.0898370753102255	-0.5451
MARVELD2	1.29730130859237	0.0473857875898057	0.0898405793165949	-0.6874
ZNF473	3.39447502846691	0.0474034092347321	0.0898604384497165	-0.3602
ZYX	5.38712748414679	0.0474103238708093	0.0898604384497165	-0.2627
TIAL1	6.12614254791973	0.0474323918691096	0.0898915961759021	-0.2128
DSG1-AS1	-0.543122900064479	0.0474533255609069	0.0899205293961501	-1.2853
SNORA63	1.27565135337511	0.0474707421391437	0.0899269345742666	-0.6531
MICB	-1.01099010558116	0.0474802442789823	0.0899356027762088	-2.8911
MTERF4	5.37359556957284	0.0475340766043206	0.0900188902996346	-0.2815
SYT17	2.96215982226398	0.0476235252441913	0.0901789313201904	-0.3862
ST7	3.43958656759353	0.0476298476522765	0.0901815493403816	-0.3694
KRT19	10.2922197799959	0.0476827441753974	0.0902723403158825	-0.2492
FNBP1	6.32180560790442	0.048367125832056	0.09145419463387	-0.2219
JADE1	5.76374189662625	0.0484316445260601	0.0915667048951691	-0.2257
PQLC2	2.60300526987089	0.0485862473701737	0.0918399805332253	-0.4461
SLC6A14	1.97357286718086	0.0487055526428926	0.0920490014238584	-0.5199
LASP1	8.70127582897777	0.0488337796917238	0.0922601140486505	-0.2324
SNORA15	-1.31996651973304	0.0489663979033374	0.0924819532509132	-2.3272
TTC37	6.89864623084706	0.0490088056804914	0.0925428999279118	-0.2117
LINC01128	2.51147335673093	0.0491085921876782	0.0927025601259698	-0.4406
CCRN4L	3.09447034210578	0.0492647494814517	0.0929712653508045	-0.3725
LTB4R2	0.794956832256206	0.049654467481724	0.0936652157828428	-0.8749
KIAA1429	6.09032785637965	0.0497308115461578	0.0937898445853983	-0.209
GLG1	7.60722468092659	0.0497887928532964	0.093879797803117	-0.2042
DOK7	-0.189208650913902	0.0498083364699548	0.0938972522300181	-1.0899
CTBP1-AS	0.66319751057014	0.0498422330048731	0.0939514512893096	-0.9008
TMCC2	0.263514035044493	0.0498945134381306	0.0940305809153002	-1.0092
TRIM35	3.75165650660393	0.049930951029465	0.0940751780470117	-0.3073
DCAF11	5.42590923126351	0.0500698382604968	0.0943123160631066	-0.221
PER1	3.05592678779822	0.0500818322800227	0.0943154456472141	-0.3824
LINC00657	8.74108482667157	0.0501560488466325	0.0944454695971246	-0.2106
SLFNL1	0.660660994379542	0.0503402853002556	0.094753299148517	-0.8901
PHKA1	5.30700861566692	0.0505077566696882	0.0950391265472921	-0.2656
P2RX5-TAX1BP3	1.19402002429801	0.050618181385207	0.0952370936172666	-0.6681
FBRSL1	5.09316676697473	0.0506389589530636	0.0952565517410747	-0.2269
SHMT1	5.99187479617645	0.0506630080692651	0.095291971493149	-0.2108
PPP3CC	2.13905835988145	0.0506918724572975	0.0953364400515528	-0.497
ELOVL2	-0.0410844927702685	0.0508669422737818	0.0956459880677887	-1.0251
TRPV4	-0.625140883673835	0.051116599703841	0.0960732114955024	-1.4043
HTR1D	0.477512954208294	0.0511235275837547	0.0960732114955024	-0.9475
MPHOSPH9	5.7881993281359	0.0511257257711879	0.0960732114955024	-0.2203
PLSCR2	0.607653888481199	0.0512267289412093	0.0962531045235402	-0.8902
PLEKHF1	0.695687606869698	0.0513540498898672	0.0964824055561815	-0.7894
NCR3LG1	2.17708574816242	0.0514205946678775	0.0965974867520861	-0.538
EXT2	5.04699652208994	0.0515575564745069	0.0968173016256549	-0.2331
PSMB2	7.17384541521628	0.0517130511742407	0.0970869459314005	-0.2124
KHDRBS1	7.77810046103855	0.0518882251014381	0.0973757645406923	-0.201
ABHD12B	-0.321580264372555	0.0522258461293739	0.0979388851502672	-1.2271
SNORA18	2.30523057241384	0.0523543300000769	0.0981596640116467	-0.4902
Mar-07	6.97114768611778	0.0525753468110156	0.0985538075143137	-0.2067
AKAP8	5.18832189271664	0.0527618459829421	0.0988830982716959	-0.2205
OTUD4	6.50065818030902	0.052866126494272	0.0990581961694992	-0.2028
DAP	5.79146407200691	0.0531112105339033	0.0995072105405315	-0.2151
GIN1	3.10285133585708	0.0531575101911015	0.0995779663309934	-0.3614
PLXNA1	6.11912952793602	0.0531598849617584	0.0995779663309934	-0.2077
RAET1E	-0.189247387971208	0.0534608288113005	0.100059554108991	-1.0881
TBP	3.66430967812608	0.0535019982607123	0.100126343439012	-0.33
OXCT1	3.57081522041777	0.0535628204350621	0.10022989440985	-0.3258
BCL2L12	4.39293019761684	0.0536680784651831	0.100416566614777	-0.2696
CTBP1	6.51844032104815	0.0537206181236701	0.100504571066379	-0.2201
CAPZA1	8.04823032833446	0.0541728720731651	0.10129877625399	-0.2104
IRF7	1.84661752330027	0.054246049094499	0.101425222477384	-0.6724
MAP6D1	1.04205887186784	0.0544317988206198	0.101751681268609	-0.692
SOCS1	-0.905282931622387	0.0544531269252903	0.101770708962746	-1.5297
MIR7111	-0.905282931622387	0.0544531269252903	0.101770708962746	-1.5297
BCR	5.61110553224102	0.0545428686332853	0.101927997724358	-0.2179
NCDN	4.01590999764784	0.0546863319581727	0.102175179227142	-0.2798
SLC38A2	8.0053957115343	0.0547918836899202	0.102361914515266	-0.2121
ZNF462	5.42519697804878	0.0548390283387175	0.102439506942763	-0.233
METTL7B	3.57321625419442	0.0549100829496273	0.102561742820585	-0.3283
SP2-AS1	2.42079178899946	0.0549252170735888	0.102579515385722	-0.447
ATP5SL	4.69478117198707	0.0551068806481164	0.10289774093403	-0.2385
ATG7	4.15053036149842	0.0551298841315827	0.102930166159355	-0.2755
JMJD6	4.66377179189341	0.0551848819831906	0.103002680021646	-0.2507
MRPL40	4.85169710916668	0.0552180605787627	0.103042105072666	-0.2462
PMVK	4.78096121191012	0.0552523803731751	0.103085074715655	-0.2593
PCDHA2	0.76229510058639	0.0552796149845905	0.103125347553514	-0.7487
CPSF3L	5.04071775585822	0.0554974196132729	0.10352108842954	-0.2311
PUS3	4.13180471327964	0.0556468498599707	0.103774631393502	-0.2678
TTYH2	-0.465173432617612	0.0556973584213569	0.103847456682377	-1.1891
MIR3176	-0.854289568438154	0.0557065152985601	0.103847456682377	-1.626
TMX4	4.64966358270008	0.0559020733223811	0.104201373348314	-0.2379
KCNC1	-0.189055646478029	0.0559848000805702	0.104344921926584	-1.0892
SLC6A9	2.91001520778008	0.0561746286757954	0.10466666882071	-0.4098
SRSF4	5.78969083563659	0.0563395579942612	0.104941839684036	-0.2785
AP1B1	6.10453085034516	0.056542659384435	0.105276729751928	-0.2117
TTC3	7.53520027677101	0.0567238788686602	0.105582293293868	-0.2115
STAM2	5.13204983933391	0.0570927729180057	0.106225607663179	-0.2444
ASH2L	4.72805728902604	0.0572250620483855	0.106460891955093	-0.2921
FHL2	5.78979713540341	0.057235136779928	0.106468785108454	-0.2268
C19orf47	2.83271359916882	0.0572468141362864	0.106479657551915	-0.4282
RNASEH2C	4.94363566239218	0.0573690138405682	0.106674344741639	-0.2297
DEPDC5	3.08909741355683	0.0574215554961786	0.10675029706092	-0.3874
CCNB2	6.39270754340495	0.057623045747065	0.107081262536484	-0.2088
ARAP3	1.131734235758	0.0577753632117078	0.107320617703799	-0.6713
SSBP2	3.15367438957365	0.0579907295555743	0.10769875470667	-0.3487
SNORD102	0.456863332560351	0.0580054044124475	0.107715050651372	-0.8165
TAF4B	3.9893725887493	0.0582165525108077	0.108074079538645	-0.3405
PROCR	4.46625718447479	0.0582247845985792	0.108074079538645	-0.2502
RPS6KB2	5.40788022926305	0.0582283439056812	0.108074079538645	-0.2147
CRLS1	5.76625744411605	0.0583209129596341	0.108223885646583	-0.2326
PRDM15	3.69687403487946	0.0583333549459086	0.108235971937444	-0.2996
ACOT6	-1.39164726799855	0.0585977437128968	0.108671313411484	-2.1686
KRIT1	5.70017475774638	0.0586239915583567	0.108708947677944	-0.216
ZFP1	3.94626498795089	0.0586312674385789	0.108711397355139	-0.2817
TRAPPC10	4.51494317681195	0.0586944237807568	0.108817446993145	-0.245
SNORD22	1.86724344473547	0.0587735612532776	0.10895310055238	-0.7666
RN7SL2	9.69577465298251	0.0589463924265985	0.109262396196566	-0.4279
RUNX2	3.35797592475301	0.0594698736904721	0.110187964487289	-0.3282
ZBTB39	3.4084255390485	0.0596966407671901	0.110574459602864	-0.3404
SYT12	3.25370323016628	0.0599948955248208	0.111093093894019	-0.3881
PSMD9	5.55610645119679	0.0600369966992722	0.111159778067131	-0.2114
CPNE1	4.95085702779621	0.0603073705836063	0.111649057638608	-0.232
ARHGEF19	2.49659761297608	0.060744065639892	0.112400533379472	-0.4576
C21orf58	3.00762728217499	0.0608050658078506	0.112502004802688	-0.3685
MINK1	6.62532097791277	0.061069050160486	0.112956087105353	-0.2221
DTX2P1-UPK3BP1-PMS2P11	1.03017164231611	0.0610917759460066	0.112986674265049	-0.8013
ZNF845	4.14118302197902	0.0611588368951298	0.113099242945451	-0.2667
ABCD4	4.03025033280139	0.0615748678946486	0.113822477550092	-0.2917
CHMP2B	7.02502875295963	0.0617859608173144	0.114189562733437	-0.1971
SIRT1	4.07059664599712	0.0621679227730697	0.114825738379721	-0.281
ZZEF1	5.79764807066894	0.0622001439436079	0.114873629522965	-0.2166
ZMAT3	3.69861427431473	0.0624233728844516	0.115239265383613	-0.3288
CMTM8	2.72928782004259	0.0624903882483538	0.115351317276233	-0.3964
TRMT10B	3.47980620787503	0.0626484889353261	0.115608087941303	-0.3281
BLCAP	4.92122869329744	0.0627319284111295	0.115750362348249	-0.2316
MKRN2	4.35980765212032	0.0628032910964762	0.115870326655611	-0.253
LOC101928335	2.0048491237497	0.0628521701393557	0.115948789214236	-0.6519
GTF2H2	2.07348945180725	0.0629225403485836	0.116066878509017	-0.8806
ZNF710	4.10043216906514	0.0630481560652878	0.116251604598313	-0.279
HERC4	5.42893371052818	0.0631145232861332	0.116362223501479	-0.219
UBE2Q1-AS1	-1.39156761751542	0.063210943982902	0.116516457325511	-2.1654
LOC102724594	3.25690876307904	0.0632995166780284	0.116667943106924	-0.454
FANCL	4.94011456034834	0.0633384165453528	0.116727855082976	-0.2204
MED4	5.01280804412848	0.0633936210519477	0.116794222012752	-0.2414
TREX2	-0.854249700573791	0.0635152306289419	0.116994657487838	-1.6333
VPS16	4.17898610182145	0.0636264130164686	0.117163989916144	-0.2783
NPIPB3	1.88817026562241	0.063657209989591	0.117197057842878	-0.9398
PEF1	4.69331662667999	0.0637649005097888	0.117371649899849	-0.2389
ALMS1	5.42214080584771	0.0637730816155152	0.117374874278944	-0.2244
KLHL23	-0.0398671781525015	0.0638829791758967	0.117543558948782	-1.032
SLC6A11	3.17455126682199	0.0639207200896603	0.11759918028387	-0.3484
PURB	7.05253612322611	0.0641711325973303	0.118020494812298	-0.1999
CCDC148	2.78149333274486	0.0641755834794961	0.118020494812298	-0.4087
PCDHA12	2.00202781120109	0.0644514608302715	0.118456243724699	-0.5122
RAI1	6.56179335629253	0.0644633730776315	0.118466210882348	-0.2379
CLEC16A	4.4759169863259	0.0648140918603475	0.119038839135061	-0.2428
OSBPL11	4.68757669452995	0.0648492757377743	0.119091477504155	-0.2684
DDX19B	4.81143726994783	0.064956882724368	0.119241111213279	-0.2426
PHC2	5.84110989760189	0.0651655561956117	0.119564059689154	-0.2012
B3GNT3	5.60687186570956	0.0652616854812713	0.119728402185317	-0.2066
LINC01226	-1.25359906832256	0.0653051214752884	0.119771980877322	-1.7803
SUPT6H	6.73947011368866	0.0655233424841449	0.120123934564225	-0.2682
PCDHB2	3.51416267805438	0.0656884436549429	0.120378260124938	-0.3203
BTC	4.57184850806081	0.0659549926101657	0.120818216445032	-0.2515
DNAJB12	5.57120532323597	0.066281803386031	0.12138033931341	-0.2035
TFCP2L1	-0.58397359532017	0.0664471260058151	0.121646483389707	-1.2104
GANAB	8.18887117272164	0.0664894728605815	0.121711803523792	-0.2125
AATBC	-0.80647059658472	0.0665363582167223	0.121785417646329	-1.3658
E4F1	4.0784213943753	0.0666725173805382	0.121997942998808	-0.287
CSRP2	3.09156886397591	0.0668246701834496	0.122264098904495	-0.384
USP46	5.16383887329799	0.06685998129758	0.12231644639429	-0.2268
TMEM50B	-0.393344621208969	0.066914560706402	0.122391766381733	-2.0117
GMEB2	4.77040435351971	0.0669772003596715	0.122404819892481	-0.2533
C10orf25	-2.0126285032811	0.0669940942150825	0.122404819892481	-4.3864
TRQ-CTG1-2	-2.0126285032811	0.0669940942150825	0.122404819892481	-4.3864
LOC400655	-2.0126285032811	0.0669940942150825	0.122404819892481	-4.3864
LOC101927482	-2.0126285032811	0.0669940942150825	0.122404819892481	-4.3864
LRRC2	-2.0126285032811	0.0669940942150825	0.122404819892481	-4.3864
HSPA1B	-2.0126285032811	0.0669940942150825	0.122404819892481	-4.3864
AKAP14	-2.0126285032811	0.0669940942150825	0.122404819892481	-4.3864
KDM6B	4.59454191524095	0.0670021562875528	0.122404819892481	-0.2386
ETS2	4.96812867787954	0.0670893278703917	0.122407642151916	-0.222
EPHA4	2.00165932239673	0.0671088090702328	0.122407642151916	-0.4802
C1orf115	3.35785259477411	0.0671230715911168	0.122407642151916	-0.3461
TMEM236	-2.01242637216539	0.0672399686675281	0.122477894103428	-4.3881
ICAM2	-2.01242637216539	0.0672399686675281	0.122477894103428	-4.3881
RBP1	-2.01242637216539	0.0672399686675281	0.122477894103428	-4.3881
PDE1C	-2.01242637216539	0.0672399686675281	0.122477894103428	-4.3881
LOC100130673	-2.01242637216539	0.0672399686675281	0.122477894103428	-4.3881
PTPRZ1	-2.01242637216539	0.0672399686675281	0.122477894103428	-4.3881
ASAH2B	2.90075978389538	0.0672615014657864	0.122498600434896	-0.3652
ZNF101	3.45127936127402	0.0673178017143602	0.122588906543377	-0.3146
CXXC1	4.32464051084095	0.0675845406606397	0.123050102154247	-0.2953
GATC	6.17611302897629	0.0680853670799434	0.123924871526565	-0.1998
TXNDC16	3.67800674370816	0.0681253654889256	0.1239752568953	-0.3025
DGKG	1.87865056578685	0.0681266310897045	0.1239752568953	-0.5056
PAFAH1B2	6.66896782088849	0.0681667008221141	0.124028908116592	-0.1977
STXBP3	5.58128869459049	0.0684291608514545	0.124488566069173	-0.2421
ATF7	5.13379052695574	0.068587141198896	0.124751105880945	-0.2332
C1orf105	-1.06969025818623	0.0686671663156148	0.124884218794368	-1.6263
ARPC5L	6.76646455615142	0.0687764772452286	0.125033197429685	-0.1956
PARPBP	4.69107632986789	0.0687970298194647	0.125058107774982	-0.2463
ORMDL3	4.76574926396877	0.0690171467868474	0.125445741909666	-0.3115
GUSBP4	1.72069182257102	0.0690375537051995	0.125470341507429	-0.5343
ZC3H7A	6.10026426714925	0.0691364911912245	0.125616491272477	-0.2046
GPS1	6.13138031340949	0.0691386121990495	0.125616491272477	-0.199
MED8	4.96366609284214	0.0692619079007678	0.125815461754867	-0.2507
PLEKHA7	5.72724828986495	0.0693240258677805	0.125898020521984	-0.2098
OTULIN	4.97178451244124	0.0693280455909017	0.125898020521984	-0.2188
IPPK	4.6272089997539	0.06944465870343	0.12609315800686	-0.2286
THEMIS2	1.76160031410381	0.0694741788538695	0.12609315800686	-0.5356
C10orf131	-2.012830607293	0.0694838502163133	0.12609315800686	-4.3836
FRY	-2.012830607293	0.0694838502163133	0.12609315800686	-4.3836
HSD17B2	-2.012830607293	0.0694838502163133	0.12609315800686	-4.3836
SPINK2	-2.012830607293	0.0694838502163133	0.12609315800686	-4.3836
OSTCP1	-2.012830607293	0.0694838502163133	0.12609315800686	-4.3836
SCAMP2	5.12854369939561	0.0695685482955703	0.126221766814145	-0.2241
CTSH	4.73295929828525	0.0695837521344873	0.126236806018802	-0.2284
POLQ	6.10144779141284	0.0696867473138031	0.126398535415876	-0.1936
RASL11A	1.37388596170786	0.0697467006164023	0.12647229447946	-0.5789
IL36RN	0.987424869794067	0.0699426867604457	0.126724264539371	-0.6591
TMED2	7.96128220279618	0.0700973785078211	0.126954141075276	-0.1898
ARFGEF1	8.09682178423432	0.0701607369828041	0.127031083443228	-0.2025
TRIM33	6.66806443045939	0.0702112915998428	0.127110009861834	-0.1942
MAPK7	3.37788336375384	0.0703207777396803	0.127232519169039	-0.3199
ICT1	5.10147428733678	0.0703520070857797	0.127276408815578	-0.2105
GCA	4.96453532250321	0.0705651415390965	0.127636701073788	-0.2582
LOC101928034	-2.01222421393894	0.0705998113429582	0.127661465518725	-4.3915
ELOVL3	-2.01222421393894	0.0705998113429582	0.127661465518725	-4.3915
TMEM255B	-2.01222421393894	0.0705998113429582	0.127661465518725	-4.3915
PARK7	7.63691180291598	0.0707611599260451	0.127930758095623	-0.2327
GAS6	-0.0686391184245391	0.0709936479829256	0.128297370577736	-0.9786
YAP1	8.00941645738591	0.0711769015622248	0.128590352787726	-0.2185
NCOR1	7.80211292543507	0.0712062743694875	0.128617962292408	-0.2103
ETV1	3.23413742287952	0.0712282549536962	0.128644936924681	-0.3328
THEM6	3.46335827094369	0.0715742201010465	0.12920586988675	-0.3165
NSMCE4A	4.69076723997709	0.071802666245799	0.12956701344107	-0.2232
AKNA	4.19778054142643	0.0718650387960609	0.129653933023114	-0.2848
RN7SL1	7.95543359132935	0.072314033763672	0.130360916400671	-0.5486
PIP4K2A	6.84193939019784	0.0725036828168858	0.130689892723644	-0.1876
NIPA2	6.0335598090639	0.0725693229235111	0.130782384925135	-0.2082
SIDT1	-1.19017077824812	0.0727169019101526	0.131016596332737	-1.8879
SLC19A1	2.70114695709886	0.0727208134662372	0.131016596332737	-0.4311
CNN3	6.55100305865083	0.0729048880988128	0.131309356465265	-0.1874
FAXC	2.93118715493617	0.0729902456996866	0.131450125825538	-0.3583
SDHAF2	5.18058788828708	0.0731491049453284	0.131697244564291	-0.2204
MSL2	4.89664293689974	0.073259621716792	0.131870208446239	-0.2162
CERS1	-1.46494202844107	0.073295600780257	0.131921964689379	-2.03
NXPE3	3.07523434902447	0.0734074774096171	0.132084260554896	-0.3611
MOB3A	3.61547630638777	0.073564173846507	0.132340121969041	-0.2851
EIF3E	8.28748229885915	0.073602856400205	0.132383620339127	-0.2112
CCDC6	6.73686640510713	0.0736163501842663	0.13239484671106	-0.1867
SLC46A3	0.169535145231648	0.073761155851897	0.132642204613104	-0.8549
RAF1	5.44273645352316	0.0739523829631945	0.132972983687194	-0.2064
YTHDF1	6.38216692676134	0.0739682281700206	0.132988376351378	-0.1925
RASSF1	3.20871654007034	0.0740558895135682	0.13313287237417	-0.3223
GOLGA7B	0.916072072015802	0.0741431757907547	0.133273043470448	-0.6626
SNORD81	-0.542266013406168	0.074301413780824	0.133534810984714	-1.2942
B3GALTL	2.16314965346835	0.0743343476982632	0.133567701927115	-0.46
AACS	5.36492781602278	0.0745361881857497	0.13390402002746	-0.2062
SEC11A	6.79046875822997	0.0745494419012413	0.133914652302377	-0.2031
BNIP1	3.54852073849901	0.0748113983455247	0.134345552645672	-0.2942
OGN	-1.4650623768917	0.0749316697624329	0.134535067189514	-2.0281
VPS45	5.15875621308764	0.0750647385028137	0.134747479459918	-0.2071
ATP1A2	-1.46534230849697	0.0757545939839946	0.13581222309455	-2.0271
STARD8	-0.805723883394529	0.0757798108883291	0.135844091474601	-1.3683
GPR75	0.331333506827512	0.0758331547871228	0.135926369542829	-0.7991
SLC36A1	3.69179882792159	0.0760110291223982	0.136194863301358	-0.2817
VSIG10L	0.696407709963588	0.0760127882437299	0.136194863301358	-0.7104
ERBB2	6.23491339984587	0.0760364054815763	0.136223809467287	-0.2146
GPR21	-1.06897654932183	0.0760535518380316	0.136241158115504	-1.6366
PKP4	7.11922483567711	0.0766154443155177	0.137166965913905	-0.1943
HIST1H1E	-0.220699697405335	0.0766443517528598	0.137205264326359	-1.0369
FAM127B	5.85846929954721	0.076742388955263	0.137326901859173	-0.2843
BMP8A	-0.503544417988979	0.0770127056267803	0.137756609241868	-1.12
SNORA68	-1.06866030681119	0.0770490068894855	0.137794540534331	-1.6317
CYP2B7P	-1.71302887478738	0.0772539614862711	0.138147548329255	-2.5254
MYO9B	6.6959535519448	0.0773735679731554	0.13829370050107	-0.1943
TRABD	4.75659894762774	0.077441935202508	0.138402346456876	-0.2144
CALM3	7.69575764538063	0.0774709281291976	0.138440609233225	-0.1951
MIR4470	-1.71290793187529	0.0777563402239396	0.138841915798928	-2.5275
MUM1L1	-1.71290793187529	0.0777563402239396	0.138841915798928	-2.5275
ACSM4	-1.71282773227529	0.0777750722332378	0.138848202492665	-2.5269
RNU6-33P	-1.71282773227529	0.0777750722332378	0.138848202492665	-2.5269
TMEM145	-1.46542209856359	0.0783142831945778	0.139715191439481	-2.0275
ABCB6	3.20232866872952	0.078386673585611	0.139830673537123	-0.3249
CLIP1	7.15624070260248	0.0784180481869145	0.139872973883763	-0.2069
PGAM4	0.145877877627855	0.0785217048182665	0.140030501432282	-0.9399
ZNF826P	1.26402791084976	0.0787316535931657	0.140350070110032	-0.5806
GUSBP9	-0.958513822764926	0.0788028310609573	0.140463238024686	-1.4279
FARS2	3.61014411338807	0.0789516014122091	0.140700940587787	-0.3044
FZD5	5.20862155367757	0.0792263412150595	0.141162998752891	-0.2014
LTN1	5.95297343808316	0.0796660486449088	0.141808052268083	-0.2066
ELP2	5.39176201563098	0.0797417511435064	0.141887466752032	-0.2516
ULK4	1.72034006359106	0.079802360734899	0.141981473304387	-0.5343
FAM175A	3.71672730748148	0.0798970999423839	0.142136177796546	-0.296
TAF4	3.03542319403938	0.0800723058446152	0.142378495714356	-0.4004
NLRP1	-2.01303268420802	0.0801412260709284	0.142473290792762	-4.3743
PPEF1	-2.01303268420802	0.0801412260709284	0.142473290792762	-4.3743
GLYATL1	-0.503621979435242	0.0801762353559285	0.142521650696965	-1.1205
MRC2	1.6082938832922	0.080291661772009	0.14271263162692	-0.5253
TMEM92	2.13819122760164	0.0802993071906069	0.14271263162692	-0.4432
SLC30A6	5.67578676292908	0.0803126457319116	0.142715891015336	-0.1944
FAM192A	7.17086367279287	0.0803167760895904	0.142715891015336	-0.1873
KIAA1586	3.36860252044357	0.0803768870754457	0.142769461543009	-0.3156
PDE3A	-1.71331016913544	0.0803782058358373	0.142769461543009	-2.5239
FAM133A	-1.71331016913544	0.0803782058358373	0.142769461543009	-2.5239
TCHH	-1.71322999072991	0.0804009168148574	0.142782017254089	-2.5231
SCG2	-1.71322999072991	0.0804009168148574	0.142782017254089	-2.5231
FKBP1A	7.37804204145617	0.0809612795991848	0.143563678457244	-0.1847
CDC73	6.61917829835834	0.0809668949055533	0.143563678457244	-0.186
ARID1A	6.46410777292384	0.0813979652258718	0.144257960699302	-0.2049
EDEM3	5.7011766952499	0.0821233467195649	0.145444685459098	-0.1941
LYPD6B	-1.71270677338823	0.0822677270889577	0.145686257225338	-2.5305
LINC00083	-1.71262656318703	0.0822955548765257	0.145690637289871	-2.5295
MAGEA6	-1.71262656318703	0.0822955548765257	0.145690637289871	-2.5295
TRIM24	5.06252494631485	0.0823653517944171	0.145786613317237	-0.2288
FAM122B	6.49002790658556	0.0823723113698128	0.145786613317237	-0.2001
AGK	4.61992929400288	0.0824504620967246	0.145910782865239	-0.3769
LTBP3	5.30034443966973	0.0828118530622896	0.146493526114841	-0.2214
LOC102546229	-2.01202202859479	0.0828296633630394	0.146510835612406	-4.4025
WDR60	5.05827098215152	0.0828646178075893	0.146558463737197	-0.2619
PRADC1	2.94154351425079	0.0829492375021167	0.14669391454409	-0.3506
FDPSP2	-0.465910509391474	0.0829659631554485	0.146709281612347	-1.1853
MLX	5.48397097192123	0.0830685859285357	0.1468622995072	-0.2045
GTF2H2C	1.83122027013431	0.0831238978013072	0.146931630350568	-0.8365
SFMBT1	4.96901407718727	0.0832205109967061	0.147088164271068	-0.2087
TGFBR1	4.651694483002	0.0832923504172013	0.147193346251698	-0.2574
DOPEY2	4.05642657075285	0.0832961470270756	0.147193346251698	-0.2594
ACD	4.44021917503332	0.0834098501702223	0.147365743221482	-0.2411
INTS8	6.98656424007712	0.0834280927945525	0.147383710282306	-0.2025
ZFP82	2.84178145275166	0.0834665682786266	0.147437413690818	-0.3516
BSPRY	5.20533612528907	0.0834979223534347	0.147478528491128	-0.2084
DPF2	5.49099594307719	0.0836140386958919	0.147631875574402	-0.215
DUSP4	4.4390150559523	0.0836226184882514	0.147631875574402	-0.2471
THEM5	-0.713139624538239	0.0836379981011136	0.147631875574402	-1.2374
COMMD7	5.05020969811195	0.0836413501898575	0.147631875574402	-0.2158
PRMT9	4.17410851293199	0.0837986055793006	0.147866551658198	-0.2385
VPS4A	6.16984767756589	0.0839730202874315	0.148159994043428	-0.2006
CHEK2	3.95589604070613	0.0840294894506077	0.148230974916446	-0.271
ITFG2	3.82250687201306	0.084064618605958	0.148275749091299	-0.265
C17orf67	2.0413561255932	0.0840711151864609	0.148275749091299	-0.461
C11orf58	7.29199601586427	0.0842425799201342	0.148520766684884	-0.1842
TMEM18	4.42871523067461	0.0845384878260989	0.148999288835032	-0.2369
PANDAR	-0.39037412529011	0.0848033625345121	0.149422853627068	-1.112
ZNF720	3.23692592484286	0.0849767911549154	0.14969814149683	-0.393
SNORD14B	-0.71341374518749	0.0850058869214088	0.149721897890713	-1.2365
AGL	6.21939156713551	0.0851362954387551	0.14993712227763	-0.1832
NKX6-1	-0.0987135491825205	0.0852987031722503	0.15016520010729	-0.9224
RPS13	8.63391483220105	0.0856732039818903	0.150795411867855	-0.207
RNGTT	4.75678865573	0.0857070629544221	0.150840464792821	-0.2114
SNORA33	0.872175372464163	0.0858122337800089	0.151011002495454	-0.6543
KAT8	4.24953548441886	0.0860198187309028	0.151361716698926	-0.2496
KLHL8	5.21223219216737	0.086122832063771	0.151484576756547	-0.1954
GSK3B	6.35886217513965	0.0863040802690306	0.151758419556244	-0.1973
KDM8	0.915364080280036	0.0865578738761267	0.152132525799804	-0.6592
DIEXF	5.84821454243537	0.0866737482292181	0.152321519799057	-0.1831
LOC105373268	-0.19028124400326	0.0867927826369629	0.152516030399499	-1.0877
PSCA	-1.12820167771084	0.0869809372778764	0.152787837096595	-1.5158
SLCO1B7	1.09363082114173	0.0871341611996824	0.153042259655705	-0.6584
TTC5	4.69682460687898	0.0871561418371073	0.153066140007526	-0.2488
TRNH	2.09936903831105	0.0872655750514674	0.153199702798402	-0.6351
TRIM5	4.87702440662186	0.0872896310436972	0.153226875416705	-0.2064
SSTR2	-0.805565853831171	0.0874544221224964	0.153501387392394	-1.3764
BRPF3	5.19756582999053	0.087541564642773	0.153624800934198	-0.2239
SDR39U1	2.27023175630946	0.0877390540047235	0.153941775099494	-0.4034
DKK3	1.69683019706267	0.0881465486581819	0.15461481833641	-0.4916
SNORA71A	-1.12808232545816	0.0882043300818253	0.154698650204035	-1.5173
SEC22B	6.03908007670948	0.0883912492811319	0.15501158951742	-0.1871
HOXD8	-1.12792398157832	0.0885427026659752	0.155256817778016	-1.5163
DNAL1	4.6154301621819	0.0886355516488677	0.155395239690937	-0.2144
POLG2	4.22588605036441	0.0886606278047406	0.15542385849817	-0.2443
SNHG17	4.06065148822335	0.0886689026215183	0.15542385849817	-0.2786
CDK2	5.6633485320517	0.0886791143320324	0.155426834797003	-0.1929
LIPA	5.56565513554535	0.0887025762838463	0.155453031836219	-0.2005
ATP5F1	8.11255711885341	0.0889373787452894	0.155789751139321	-0.1941
SAMD13	0.554734679193355	0.0891004378849307	0.156030464654896	-0.8003
CLGN	-1.12828083759076	0.0893355510446955	0.156382186199248	-1.5162
YWHAB	8.42590336944562	0.0893997518377769	0.156479565632834	-0.1855
CASC16	-1.46546262564075	0.0894218363703221	0.156488213648064	-2.0205
TEN1-CDK3	-1.46546262564075	0.0894218363703221	0.156488213648064	-2.0205
RNU6-1	-1.12812251381946	0.089710179234843	0.156962721114749	-1.5151
CAND1	7.81250682629392	0.0897475776802058	0.157005018652231	-0.1917
DPP9-AS1	-0.0407443504134813	0.0897515542646079	0.157005018652231	-0.8782
FBXO21	5.87901414655368	0.0899840861606445	0.157366555891247	-0.1987
NID2	0.169760959447028	0.0900114289959872	0.157399295761565	-0.8585
CGB8	-0.0118050112509567	0.0907788561023052	0.158650085870542	-0.9338
TMEM150B	-1.71351124792177	0.0909553598528488	0.158943337749939	-2.5185
PTPRE	3.67322348398893	0.0909642606124177	0.158943677425373	-0.2945
CRKL	6.28443212429615	0.091022636268395	0.159023771991027	-0.1788
AFG3L2	5.57543522032254	0.0914381733549514	0.159634244311752	-0.2075
STX6	6.10268364112957	0.0914572957963418	0.159652361068848	-0.1957
ZNF527	2.28195864898608	0.0915973436039711	0.159866262412438	-0.4235
GATAD2A	6.45410067361977	0.0917237977864089	0.160056361344741	-0.1906
RELB	2.44658894276357	0.0917505564011792	0.16007245390481	-0.404
ZNF559	4.1417851598745	0.0919640583854583	0.160383631055113	-0.2825
UBE2MP1	-0.0989043058324528	0.0920833936468834	0.160574273914117	-0.9209
ARFRP1	4.38081301833633	0.0920909644982915	0.160574273914117	-0.2299
MEGF9	4.0794544804914	0.0926191061701003	0.161366811848706	-0.2504
PTPN1	6.16436007342183	0.0926250449913775	0.161366811848706	-0.1848
REV3L	5.3503951051328	0.0926973443567018	0.161461951967937	-0.1889
FYCO1	5.38845056479345	0.0927617999405439	0.161558807452258	-0.2038
PSMC2	6.92812161029413	0.092866992261721	0.16171116088611	-0.1811
GSKIP	5.44949818209953	0.0930184108339461	0.161943935550689	-0.2301
MID1IP1-AS1	0.571352109490012	0.0930454112771263	0.161975496164319	-0.7394
KLHL41	-0.713060334707844	0.093201376217467	0.162216066758135	-1.2431
MUTYH	4.77558467342783	0.0933402633044512	0.162442311428605	-0.2238
ZNF215	1.90158495092029	0.0934514086276998	0.162620237909378	-0.4537
GNAT2	-0.0989804132119377	0.0936041728227869	0.162855025164662	-0.9213
STRIP1	4.71980292492429	0.0936198427220339	0.16286676660315	-0.2094
KIAA1549L	-0.0405925509175903	0.0936980032911242	0.162987208011697	-0.8774
ADNP	6.75563302408305	0.0937432976472589	0.16305046130415	-0.1917
MTHFD2L	3.59331416051045	0.0942102326830593	0.163815792729015	-0.2724
TOPORS	5.39899656082336	0.0942253297616608	0.163826440012274	-0.2434
CCDC71L	4.52708705480782	0.0942566296934139	0.163864547305084	-0.2334
LOC105371169	-1.06846202336333	0.094265199156332	0.163864547305084	-1.6356
ZSWIM7	3.51514241752585	0.0942973346707701	0.163904802603978	-0.2821
SYMPK	5.60992504214016	0.0943378617290775	0.163959165581338	-0.1887
CATSPER3	-0.669514124675536	0.0946479293250925	0.164342077017205	-1.3075
SMYD3	4.21162098862063	0.0946572659735058	0.164342657880392	-0.2292
GATB	4.79801827075839	0.0947219588534822	0.164401255151336	-0.2027
PCF11	6.33364913587772	0.0947359908471412	0.164401255151336	-0.1784
PRRC2C	9.08435022988909	0.0947360431744117	0.164401255151336	-0.2165
MSX2	2.07358209408446	0.0948573048295707	0.164596041913187	-0.4954
RPN2	7.33298370043409	0.0951413177440475	0.165073170189634	-0.1823
C6orf99	-0.0696301956194188	0.0952509496992056	0.165216279117216	-0.9679
CEP97	4.93253756706828	0.0953525252778257	0.165345336386017	-0.2025
SH3PXD2B	4.76247363516729	0.0954359554395328	0.165442864163338	-0.2237
HES6	0.590471315419157	0.0954959466232204	0.165531143330185	-0.6876
RBMX2	5.79008028757167	0.0955085799683155	0.165537324209776	-0.2043
B9D1	3.74361338709592	0.0956397162425331	0.165748875994274	-0.2735
DCP1A	5.2332801152581	0.0958484516977095	0.166079093981908	-0.201
SCEL-AS1	-1.71242536751596	0.0960836377573345	0.166423424183861	-2.5365
HIF1A-AS2	-1.71242536751596	0.0960836377573345	0.166423424183861	-2.5365
BRD2	0.416749744790055	0.0961235143042096	0.166476698333901	-0.7458
ETFA	6.49981053451899	0.0963277003792878	0.166798681411769	-0.1761
LHPP	3.04310054286587	0.0966725906653791	0.167348266185014	-0.3702
SERTAD1	2.73679852690231	0.0968547102665647	0.167631739725674	-0.4281
MCU	6.19022121820787	0.0969803644294868	0.167801491140623	-0.1791
PARL	5.87136995383117	0.0970985824227067	0.167990117580452	-0.1797
UPF3A	5.68281303719835	0.0971760039722592	0.168108133091781	-0.2745
ECI2	4.42360984717584	0.0972772520118137	0.168251398647814	-0.2566
HERC2	4.57635544777173	0.0972940340939274	0.168264483366686	-0.2118
ARF4	6.80199269782557	0.0976218135336855	0.168766348481205	-0.1751
SORBS3	4.15565006876418	0.0977505178776652	0.168951375181601	-0.2575
LOC101559451	1.04118350171045	0.098051505830207	0.169349885566344	-0.632
PDXDC1	3.1951160944069	0.0984328669462502	0.16994424238422	-0.3249
QKI	5.83264447441694	0.0984946867389531	0.170034893721639	-0.1995
BLOC1S6	5.11143992867913	0.0987634416292231	0.170466615333563	-0.1898
ACTN4	9.10677687318251	0.0993723392560336	0.171420336904295	-0.1971
E2F6	4.4977499500805	0.0995820665116765	0.171701001722437	-0.2258
LOC102724164	0.8570563279747	0.0997087038974874	0.171886883697123	-0.6267
TRMT61B	4.46156780471057	0.099881439170728	0.172119648244366	-0.2156
ZNF525	4.85409388860186	0.100063933300605	0.17238142723054	-0.2031
P3H1	3.92429100249871	0.100113427318175	0.172438034637287	-0.2461
ATPAF1	6.05435868472585	0.100207759825425	0.172584232393676	-0.183
PARD6G-AS1	1.43680296246103	0.100234758647692	0.172614447115581	-0.51
SNORA76C	1.10785397503992	0.10041754856835	0.1728803061735	-0.6278
DENND5B-AS1	-0.9580787451028	0.101051527553665	0.173889781036828	-1.4363
TRK-TTT3-1	-0.0703149806424017	0.101371253377013	0.174390652247526	-0.9674
UBE2E1	6.64348799345401	0.101487328547962	0.174573887682238	-0.2452
ZNF43	3.83986029835695	0.101604267432724	0.174742110810344	-0.2564
PLAGL1	-0.854922112543593	0.101833998453837	0.175104217365851	-1.2744
LSM7	6.28836677475535	0.101992359561229	0.175326978921827	-0.3706
FAM155A-IT1	-1.32068680319845	0.102130783851328	0.175515352535991	-1.647
BCL2L10	-1.32068680319845	0.102130783851328	0.175515352535991	-1.647
CFLAR	7.42376750903909	0.102301863268949	0.175759722928471	-0.1729
CDK11A	4.26054001072203	0.102474774721135	0.176023662712556	-0.3031
FTO-IT1	-0.427067119498837	0.102632951538895	0.176262197863976	-1.0449
PIGL	3.89255645373821	0.102673988385628	0.17631608804139	-0.247
COL1A1	2.99928063855279	0.102733134216223	0.176401062664726	-0.3492
PRRT3	0.645441092128469	0.103077851109986	0.176909772479449	-0.7045
USP54	5.04085524042282	0.103114788721876	0.176943300532272	-0.2047
RPS5	9.18513503830016	0.103116771163609	0.176943300532272	-0.1794
ANXA2R	1.45653627053391	0.103291821591413	0.177177064265041	-0.5009
YY1AP1	6.2423059442575	0.103689554420645	0.177792477270902	-0.1786
ING1	3.14344376396855	0.103801774688453	0.177951469500647	-0.316
RBM15B	5.84077074554218	0.103995290609161	0.178233010266696	-0.1942
GMEB1	2.94161453529809	0.104399974904642	0.178825853054902	-0.3185
ELOVL1	6.1319662098352	0.105180995273848	0.180062288983437	-0.2155
LOC100287036	-1.3204872924272	0.105525101827789	0.180617500372035	-1.6485
MIR3648-1	-1.32040772979835	0.105683883393958	0.18085535950882	-1.6479
AASDHPPT	6.29447597688736	0.105697828926635	0.180862270586245	-0.2027
ZNF566	2.42589285129639	0.105782425693945	0.180984911648715	-0.3926
USB1	5.67231424760444	0.105789329108427	0.180984911648715	-0.1786
CHDH	3.32619346306447	0.106036842918977	0.181391360975341	-0.3177
PPIA	10.8797571065036	0.106076583981656	0.181440159769988	-0.1977
TRNT	2.5301867384403	0.10626238990814	0.181658038221088	-0.4604
LOC101926944	-1.12859864650737	0.106388348459456	0.181839311813109	-1.51
ZNF443	2.9870327148919	0.106472672847089	0.181966402873662	-0.3158
INTS4	4.79271006739501	0.106591208526379	0.18211783835822	-0.2024
ABCA3	3.29945074235998	0.107088983716942	0.182848530371913	-0.2982
TRMT12	3.3377822919986	0.107115868001456	0.182877329676853	-0.2893
TMEM214	4.86019117689096	0.107270928780976	0.183124936957687	-0.2168
NGFRAP1	7.1938813532702	0.107646610655568	0.183731911380708	-0.2406
CWF19L1	4.50391178476206	0.107733289780938	0.183862666003627	-0.2251
KDM4D	2.22213712544755	0.108119600686857	0.184461866526822	-0.4132
ABCB8	4.22265593957048	0.108120831314994	0.184461866526822	-0.2793
TMC5	5.56757995560804	0.108134908828333	0.184461866526822	-0.2134
RARS	7.26759117887381	0.10831188593592	0.184694730958916	-0.2033
SH2D3A	5.33390300939451	0.108410158184627	0.184845040423885	-0.1829
MBD2	6.61650362496195	0.108618657386856	0.185183247035342	-0.1906
PHLDA3	4.34401431877908	0.108635793990326	0.185195168091081	-0.2163
KPNA6	6.65030799485725	0.108740939046334	0.185357103943032	-0.1788
CAP1	8.38526627041785	0.108779867436676	0.185406148811872	-0.1758
ARMC5	2.72598015987879	0.108825511163408	0.185466629182149	-0.3399
TMEM171	-0.758917503046943	0.108870691156547	0.185526308013995	-1.1527
AGMAT	2.74369602184898	0.109147463353433	0.185963237608984	-0.3695
SNAP29	4.88719170079191	0.109170075640332	0.185984406578006	-0.2179
ABHD13	4.21302193041733	0.109310289825932	0.186205901937316	-0.2424
SPIN3	4.04047807299511	0.109786763444247	0.186947780378525	-0.2374
FBXO27	-0.543046968600648	0.110173621122936	0.187554049535652	-1.048
PHLPP1	4.93751418067459	0.110544485166062	0.188132760435502	-0.1902
B3GALT6	3.76130558679199	0.110778185623231	0.188442653441828	-0.2647
METTL6	3.91511760908443	0.110961205308556	0.188736398407994	-0.2374
SNORA12	-1.01277817807169	0.111198428925036	0.189104659381039	-1.3232
ZSCAN25	4.52910392895572	0.111454215225778	0.189504345083524	-0.2031
TMEM102	3.07823033564237	0.111492770549429	0.189552246149226	-0.3027
KLHL12	5.48556205969148	0.111573608566364	0.189671712418713	-0.1841
FIGN	4.96599627942239	0.111730135332531	0.189902741889088	-0.1894
SUSD6	4.23994080391525	0.112259242057085	0.190713262887972	-0.2208
SUPT3H	2.17752010700732	0.112894734989631	0.191739350820607	-0.4385
BRAP	4.88748032422184	0.112967080599601	0.191844374272215	-0.2099
PPP1R7	6.82155408012324	0.11309490309726	0.192025720883889	-0.1892
LOC284009	-1.01273813012064	0.113255867817857	0.192263262310098	-1.3253
SCNN1A	7.28252574030169	0.113419927330069	0.192473651195956	-0.1778
ARHGAP11A	1.34163440806854	0.113437153727879	0.192473651195956	-0.524
NHP2	6.96879325977224	0.113442075128436	0.192473651195956	-0.1705
MIR1244-3	1.35583257330848	0.113565276438967	0.192627305274531	-0.7061
C19orf40	1.60037483100863	0.113923435962619	0.193198908214916	-0.4715
MTMR2	6.29939198968528	0.113982770040219	0.193263624951633	-0.1839
GRPR	-1.01250138312461	0.114187050129227	0.193556061946069	-1.3237
GNA11	5.71002396215608	0.114216960021703	0.19358878675668	-0.1829
NDUFAF3	5.47453379194642	0.114439889029497	0.193948627378621	-0.191
SETD8	5.7738854167207	0.114669358450026	0.194301448660078	-0.1727
PPP3CA	6.1604717202837	0.114749789267479	0.194401647444979	-0.1696
MOB1B	6.41392585833088	0.115105623429902	0.194932120717653	-0.1727
SNRNP27	5.48963082400261	0.115420595041945	0.195447396631643	-0.1836
STEAP4	1.41475100062407	0.115478729925601	0.19550957001964	-0.5965
SNORA23	-1.32020818305824	0.115506552646584	0.195538540904678	-1.6509
HECTD3	5.75693437663971	0.115718895904151	0.195843530511373	-0.2084
TANC1	5.93065107834831	0.115749874908678	0.195859645595777	-0.1804
AKAP9	7.20309791714723	0.115803535006697	0.195932283140154	-0.1997
WSB2	5.4877477765708	0.115848470881594	0.195971987065824	-0.1782
CEP131	3.86494117734085	0.116083797058013	0.196315497831504	-0.2818
DHRS13	0.959597022299202	0.116246136857358	0.196571829795103	-0.6067
MRFAP1	8.65734978293904	0.116411816856923	0.19683376202093	-0.1669
PLCB3	5.71477798409665	0.116442155709539	0.196866826693216	-0.1941
NRD1	8.28053220727181	0.116552395018259	0.197034959112263	-0.1915
C22orf29	4.40963281962175	0.116700088043185	0.197266371047814	-0.2099
LRRC3	-0.0690220431413921	0.116726088233797	0.197292053216943	-0.8275
ULBP3	0.626527682658335	0.11690386527448	0.197537667942512	-0.6647
ADNP-AS1	1.76191367090435	0.116984336318794	0.197655348804804	-0.4634
CDH26	0.118478472988136	0.117125821369588	0.197839470292672	-1.003
CSNK1G3	5.71706073771259	0.117142956786188	0.197850108158817	-0.1746
SACS	4.88345158704063	0.117715450814037	0.198725103575094	-0.2007
IL17RB	1.85657421849079	0.117813448193579	0.19883538044023	-0.4343
MYCL	0.477915497716621	0.117873906562517	0.198919027380783	-0.8511
YBX3P1	1.97726719258225	0.117886275480854	0.198921512633189	-0.5728
RNF2	4.55969617930205	0.11798484478347	0.199069438666084	-0.208
CIB1	5.37036629802665	0.118033015300914	0.1991323100761	-0.199
TMC3	-1.54303821544371	0.118326772113578	0.199572574991268	-1.8643
IL11	0.217764943529214	0.118758112707851	0.200263080139897	-0.815
NEK2	6.31911445987636	0.11877189109359	0.200267815997467	-0.1726
ATG5	5.11229950119954	0.119169696184422	0.200845824736227	-0.2786
SNORD50B	0.0407718010405324	0.119280038202177	0.20099468131982	-0.8805
FEM1A	4.76775922987983	0.119392273815714	0.201146673198568	-0.1896
EREG	8.4060242055276	0.119601939113775	0.201462723792312	-0.1712
RAB34	4.87212591976923	0.119949645570865	0.202011137411596	-0.1869
ZBTB4	5.58637470063435	0.120061723040605	0.202173789188726	-0.2199
GRPEL2	5.30340069559699	0.120068373268195	0.202173789188726	-0.1782
SETMAR	2.62751379343677	0.120166445054352	0.202320263848773	-0.3382
ITPA	5.65814997897295	0.120212306395599	0.202378814603288	-0.1784
HRH1	4.10164645900374	0.120336524473805	0.202531906591111	-0.2318
RNF17	0.4167862587421	0.120401192897592	0.202622066513499	-0.7433
DESI2	5.96944362407458	0.120522024853582	0.202788026334286	-0.1687
COX18	4.60738727719777	0.120570389807545	0.202832015879703	-0.2455
TMEM177	3.73968579108645	0.121010716154408	0.203441535511085	-0.2428
MIR5587	-1.54311814983574	0.121037708854012	0.203468177977793	-1.865
CARS2	4.96991996835142	0.121074503521627	0.203492555357285	-0.1857
LOC101928639	-1.54295827687916	0.12117660195936	0.203645405999271	-1.8637
TUBB	-1.54283772152094	0.121519361191378	0.204146264646158	-1.8659
TMEM120B	4.7442350970161	0.121551719954217	0.204181836537006	-0.205
MRFAP1L1	6.53354800881753	0.122130111246814	0.205134539600869	-0.1803
SPCS2	6.59401352029309	0.122206800188496	0.205244465891554	-0.2227
LOC102724428	2.4835848922201	0.122240062188972	0.205281443779033	-0.3895
ETFB	6.22917252493936	0.122319629226776	0.205396169165197	-0.1713
ZNF749	3.73848724734888	0.122517850429282	0.205710096333759	-0.288
MDC1	0.0928908463572118	0.122546224552839	0.205738815103607	-0.9633
UBE2D1	4.68990334433107	0.122625633482512	0.205853201366138	-0.1952
NAT2	-1.54331860707932	0.122769044179913	0.206069959745647	-1.8634
TADA2A	3.12410246213969	0.122906345612418	0.206229618152601	-0.4218
IL6ST	7.61306272913457	0.12312485020942	0.206520329421461	-0.171
LIN54	4.61073707168363	0.123150971000597	0.20654516551097	-0.2059
ZNF483	2.07674028930336	0.123212700084255	0.20659373678904	-0.443
CCDC69	0.626091684148152	0.123213880705471	0.20659373678904	-0.6629
ARSK	2.70034556374572	0.123495874458056	0.207021939464351	-0.3275
TMEM237	4.89292659022821	0.123503283452358	0.207021939464351	-0.218
B4GALT6	2.00772401535871	0.123735920824198	0.207373815346237	-0.404
ZNF207	7.32179395966804	0.124325010238681	0.208189083371616	-0.1637
ABCC10	3.27246721647334	0.124374693243747	0.208253178011359	-0.2731
PSMG4	3.67360435741533	0.124414088189967	0.208300036133166	-0.293
LOC389906	2.99958728934211	0.124615291096363	0.208579513546824	-0.3112
BEST3	-0.464748704757887	0.124696260500525	0.208695904996112	-0.9724
LOC100129203	-1.54275777249476	0.124754110594611	0.208773585389607	-1.8655
MED20	4.50411808793129	0.124793903939984	0.208821036693708	-0.252
WBP4	4.26816480967023	0.12504339723065	0.209123512261154	-0.224
CNPY2	6.3251738956092	0.125415003014997	0.209687361025899	-0.1705
TTC39B	2.33656113255509	0.125454407556988	0.209734035197836	-0.3607
SH3D21	2.50499944126361	0.125614201031287	0.209981947992598	-0.346
GNRHR2	0.262804100681975	0.125738597629406	0.210170649910496	-0.8976
ZNF765	3.87254604377012	0.126192419284312	0.210851986678968	-0.2738
ZBED4	4.93766745331388	0.126373925326704	0.21113593674058	-0.1956
LY75	0.536268365666837	0.126736584968084	0.211703092247905	-0.7787
SCARNA6	-1.46442125499314	0.126949796756406	0.21202044548394	-2.0542
HNRNPA3P1	-1.3212056596979	0.127038675082942	0.212149474232911	-1.6371
ARG2	3.38216277994272	0.127377264974344	0.212667962607353	-0.2717
PLSCR4	-0.220932343122415	0.127388958747511	0.212667962607353	-0.8626
MCUR1	5.00526937150534	0.12740766380924	0.212668401801361	-0.1853
KLF7	5.29458560798069	0.127860033650519	0.213364970230701	-0.1755
IQCB1	5.12848075265987	0.128158629513259	0.213804618513575	-0.1895
KCTD21-AS1	-0.0689844984593737	0.128570555720995	0.214413452566228	-0.8252
DTNBP1	3.34699504953188	0.128840036871136	0.214823610660284	-0.2631
ZNF496	4.69423073932836	0.129100661310926	0.215218854250047	-0.1932
MRPS33	6.29081690028906	0.129307408482141	0.215504477747852	-0.1809
SNORA71C	-0.465059563307842	0.129331740031667	0.215525353356286	-0.9695
MAN1A2	6.24422624425914	0.129360261773992	0.215553207278752	-0.1643
SIAH1	4.00545124997101	0.12942819264779	0.215646717621434	-0.2316
DIAPH3	5.28498038504884	0.129446651037806	0.215657789865504	-0.1827
ADCY7	6.08928335840064	0.129578206473577	0.215837567279345	-0.1734
ULK2	1.60099419128409	0.129689215793824	0.215987138555177	-0.473
C5orf66	2.29148277583501	0.129691663718331	0.215987138555177	-0.3712
SLFNL1-AS1	1.73895229750306	0.130504812541156	0.217163053299731	-0.4575
RASAL2-AS1	1.35373220788838	0.130801469845732	0.217617026656674	-0.4974
NHSL1	3.08512099409693	0.131018560308648	0.217932311126429	-0.3505
RAD54L2	4.24258631708657	0.131120040030516	0.217932311126429	-0.2297
FAM172A	3.96905199383479	0.1312377030215	0.217932311126429	-0.2225
ARFIP2	5.08811119188795	0.131356382690667	0.217932311126429	-0.2276
MEGF10	-1.54351903811074	0.131448813028934	0.217932311126429	-1.8605
RAD23B	9.19542873326122	0.131479272904672	0.217932311126429	-0.2042
METTL4	3.47905567182696	0.131500154299017	0.217932311126429	-0.2835
SNORD91B	-1.54335920698327	0.13168668019269	0.217932311126429	-1.8581
RNVU1-4	-0.905876430968961	0.131889810130612	0.217932311126429	-1.1779
C1orf216	2.55380763489428	0.131983623189499	0.217932311126429	-0.3537
PDCD2	5.97179497187683	0.132132384107811	0.217932311126429	-0.1749
KLHL10	-2.12759317891634	0.132148920035581	0.217932311126429	-4.0868
LOC105373472	-2.12779568527907	0.132148920035581	0.217932311126429	-4.0846
REN	-2.12779568527907	0.132148920035581	0.217932311126429	-4.0846
PITX3	-2.12779568527907	0.132148920035581	0.217932311126429	-4.0846
TFPT	-2.12779568527907	0.132148920035581	0.217932311126429	-4.0846
HCG11	-2.12779568527907	0.132148920035581	0.217932311126429	-4.0846
PRKG1	-2.12799816434602	0.132148920035581	0.217932311126429	-4.0824
PDE6C	-2.12799816434602	0.132148920035581	0.217932311126429	-4.0824
IL10RA	-2.12799816434602	0.132148920035581	0.217932311126429	-4.0824
TRHDE-AS1	-2.12799816434602	0.132148920035581	0.217932311126429	-4.0824
ANKUB1	-2.12799816434602	0.132148920035581	0.217932311126429	-4.0824
MTNR1A	-2.12799816434602	0.132148920035581	0.217932311126429	-4.0824
CPED1	-2.12799816434602	0.132148920035581	0.217932311126429	-4.0824
LOC105375938	-2.12799816434602	0.132148920035581	0.217932311126429	-4.0824
HAS2-AS1	-2.12799816434602	0.132148920035581	0.217932311126429	-4.0824
SNORD121A	-2.12799816434602	0.132148920035581	0.217932311126429	-4.0824
LINC01225	-2.12820061612423	0.132148920035581	0.217932311126429	-4.0802
SNORD127	-2.12820061612423	0.132148920035581	0.217932311126429	-4.0802
KRT17P5	-2.12820061612423	0.132148920035581	0.217932311126429	-4.0802
SPINT4	-2.12820061612423	0.132148920035581	0.217932311126429	-4.0802
SYN2	-2.12820061612423	0.132148920035581	0.217932311126429	-4.0802
LOC105377622	-2.12820061612423	0.132148920035581	0.217932311126429	-4.0802
OMD	-2.12820061612423	0.132148920035581	0.217932311126429	-4.0802
NLRP3	-2.12840304062074	0.132148920035581	0.217932311126429	-4.0781
FAS-AS1	-2.12840304062074	0.132148920035581	0.217932311126429	-4.0781
IGSF9B	-2.12840304062074	0.132148920035581	0.217932311126429	-4.0781
LINC00645	-2.12840304062074	0.132148920035581	0.217932311126429	-4.0781
QSOX2	5.12677031680943	0.132246946773071	0.218034883074974	-0.1961
MRPL34	5.41731907853168	0.132559055683965	0.218529720116171	-0.1803
LAD1	7.39040731808724	0.132752898373381	0.218790007466322	-0.2049
TRIM36	-0.391150131950284	0.132915632238165	0.218998897305049	-0.9067
CEP350	6.60323497194225	0.133056080171282	0.219210522480546	-0.1618
NARS2	5.18034592138261	0.133239436750542	0.219453189942069	-0.1794
LOX	0.762039269754645	0.133451191694178	0.219613424910478	-0.5968
LINC01117	-1.80611152137428	0.133491322469115	0.219630279649978	-2.3126
PMS2P9	-1.18969561397189	0.133600026867787	0.219789320581987	-1.3921
MED26	3.22193667223591	0.134045743902122	0.220462982042986	-0.2862
ALDH18A1	6.06028803485411	0.134105364667251	0.220541170828334	-0.1733
NPIPB11	1.25136009173988	0.134210761198803	0.220654868195726	-0.5551
SELT	6.26529170204313	0.134311351872078	0.220780482601896	-0.1674
LOC150051	0.957591226114929	0.134364916123968	0.220848645787266	-0.667
SLC7A5P2	0.902154897602757	0.134572013776734	0.221169128871809	-0.5714
SNORD47	1.30953052950456	0.134632561227775	0.221248720656608	-0.5106
RPUSD3	3.50369242904479	0.134753679569501	0.221427828462719	-0.2583
TMEM241	3.46541072802106	0.134771838772038	0.221437736353373	-0.3228
GBP6	-1.80631297088899	0.135144512848367	0.22184968543497	-2.311
LOC101927824	-1.80631297088899	0.135144512848367	0.22184968543497	-2.311
PABPC3	-1.80631297088899	0.135144512848367	0.22184968543497	-2.311
ACOT4	-1.80623265724497	0.135168385796076	0.22184968543497	-2.3102
LINC00618	-1.80623265724497	0.135168385796076	0.22184968543497	-2.3102
SYN3	-1.80623265724497	0.135168385796076	0.22184968543497	-2.3102
TMEM14E	-1.80623265724497	0.135168385796076	0.22184968543497	-2.3102
LINC01206	-1.80623265724497	0.135168385796076	0.22184968543497	-2.3102
LRRC4	-1.80623265724497	0.135168385796076	0.22184968543497	-2.3102
OAS1	4.81966404652302	0.135371051948621	0.222105012900546	-0.222
TATDN3	3.64071858735696	0.135489540877703	0.222105012900546	-0.2405
THOC6	3.62176000239159	0.135615836211693	0.222264359985696	-0.2832
LOC102467073	-0.90599499477735	0.135639539436727	0.222283252419829	-1.1761
PNRC2	7.10543297960915	0.13589538263143	0.222642565316286	-0.1655
LOC101928747	1.28809375455325	0.136023885770501	0.22277312807269	-0.5252
SCARNA5	-1.80591004511192	0.136301116525305	0.223089721098325	-2.3147
APCDD1L	-1.80591004511192	0.136301116525305	0.223089721098325	-2.3147
AAMP	6.58644748878934	0.136314428274478	0.223089721098325	-0.1778
MYDGF	5.62011490949468	0.136314736350884	0.223089721098325	-0.1664
DLGAP3	-1.80582971013029	0.136327176192644	0.223089721098325	-2.3139
FLJ42351	-1.80582971013029	0.136327176192644	0.223089721098325	-2.3139
SLC25A21-AS1	1.72875953568689	0.136364876546125	0.223131414020442	-0.4719
NDUFAF5	3.91419262355994	0.13660650639479	0.223486726475785	-0.2208
CEP63	4.50565694572512	0.136661764902834	0.223500063286093	-0.2194
MLLT10	5.46141291085585	0.136701034619945	0.223541211754005	-0.172
JMJD8	3.65545574343709	0.137210887432367	0.224334762758848	-0.2598
DOLPP1	4.64898200663004	0.137379635398748	0.224588356727777	-0.2237
GLTSCR1	3.1952257019133	0.137390598594205	0.224588356727777	-0.2859
PPDPF	6.69326482860844	0.137497919686393	0.224743667454096	-0.3143
SPC24	4.68400005179863	0.137770046488975	0.22510784647836	-0.2069
LGALS7B	-1.18909904223287	0.137925243006187	0.22528291397232	-1.3963
REEP1	-1.18909904223287	0.137925243006187	0.22528291397232	-1.3963
LSAMP	-0.390995728953689	0.137926551789473	0.22528291397232	-0.9058
EEPD1	4.08553982208288	0.138111075111429	0.225483436526046	-0.2311
TMEM69	6.2838952359404	0.138176766790203	0.225564346166335	-0.17
LINC00920	1.55478642514363	0.138275896683527	0.225691977635625	-0.468
LOC642846	3.70637270052383	0.138316406186971	0.22573791447786	-0.2654
ZNF841	4.55491943596284	0.138666398392781	0.226268660087469	-0.2017
UXS1	6.0518090962378	0.139013762357012	0.226815197568112	-0.1647
POLR2L	6.83073421527836	0.139386891086965	0.227383351236139	-0.245
CCNY	5.77866296147445	0.13947650616969	0.227488885610101	-0.1788
KNOP1	4.70418172043943	0.139656016864396	0.227761322483153	-0.1931
ZBTB17	3.77165451571969	0.139745097010494	0.227845538181975	-0.235
TMEM189	3.36575441845333	0.139759844857226	0.227849234480579	-0.2732
LCMT2	3.17915234608355	0.139801471894245	0.227896747111468	-0.2791
SESN1	1.58114342235897	0.139873442817767	0.22796373638904	-0.4352
FAAH	0.553414485007708	0.139900124445998	0.227976137810063	-0.6212
C11orf30	4.91844959290992	0.139927326257825	0.228000113188402	-0.1984
ZNF695	2.16933676737138	0.140242188356854	0.228472371108578	-0.3715
XPNPEP1	5.64519402696964	0.140472703710892	0.228807073424879	-0.1769
MYH16	0.794304647771862	0.141056814546943	0.229697012431451	-0.5851
PRPF38A	6.51573549310505	0.141341048032548	0.230057255071522	-0.1577
FAM26F	-1.18917835404413	0.141611127546395	0.230455762567925	-1.3975
FXR1	7.75794921529231	0.141974001359424	0.230926386899497	-0.1726
LOC730202	0.0419457290736388	0.14211987537192	0.231139460560335	-0.8957
NXT2	4.15245802166215	0.142465279620125	0.231643560033508	-0.2048
PAAF1	4.29912899670663	0.142467895051284	0.231643560033508	-0.2161
PAF1	5.71620228028036	0.142579846711653	0.231804940917975	-0.2429
MCRS1	5.42544055138341	0.142665349979931	0.231923297349388	-0.162
GGA3	5.22167056796902	0.142871766344192	0.232217500567981	-0.1757
CUEDC1	5.46632921394789	0.142911800033796	0.23226189098344	-0.1622
LOC100288778	-0.904411930663107	0.143172833457446	0.232665412818153	-1.977
ZNF77	1.92318820311784	0.143339781447726	0.232915981318175	-0.4249
ENHO	-1.80651439366278	0.143441463831606	0.233032735232326	-2.3072
RPS26P11	-1.80651439366278	0.143441463831606	0.233032735232326	-2.3072
DHX38	6.7740341559399	0.143449927615079	0.233032735232326	-0.1962
DIAPH2-AS1	-1.80643409068353	0.143484972603203	0.233068926047164	-2.3058
SLC38A7	4.6852664342632	0.14375916799455	0.233472766738591	-0.2178
NFATC3	5.62123759501932	0.143853300483453	0.23360486155719	-0.1606
SLC25A51	3.2337246044636	0.14420147005628	0.234107784557354	-0.2715
TOR2A	2.74840229087401	0.144299013897044	0.234224207588426	-0.329
LOC441242	1.73898209876617	0.144311672160091	0.234224207588426	-0.4239
ARPC2	7.83634856891476	0.144436255718036	0.23434542939053	-0.1525
TREX1	1.65219055157261	0.144690649053979	0.234630706087177	-0.4481
NDUFB7	5.20669713872716	0.145688813344358	0.236102527866365	-0.1811
SIKE1	5.89723397655317	0.146009228002256	0.236520729445631	-0.1585
ARL2	3.51126534047455	0.146179809397162	0.236709118356802	-0.2645
CHMP4B	7.90998465651747	0.146241649951781	0.236788253793323	-0.1743
PGBD2	2.38110633266763	0.146459048363195	0.237085788316348	-0.3934
ANAPC10	3.75513704424255	0.146477355741679	0.237085788316348	-0.2303
ASAP2	5.1556206726577	0.146882148764701	0.237698830586684	-0.1691
MTHFS	-0.0984484558216221	0.14711905814725	0.238057542485613	-0.7723
ACSM6	-1.80562819644071	0.147129888905848	0.238057542485613	-2.3187
GLO1	7.28090460457312	0.147673626701361	0.238852638350318	-0.1614
OXSM	3.8837370773595	0.147972116307422	0.239293024653052	-0.2245
ARL8B	5.75698036041227	0.148062165729428	0.239396235723712	-0.1741
RBM42	5.53995342163578	0.148185599708298	0.239553378931611	-0.1774
SSPN	-0.542853281788484	0.148331557655411	0.239768099571205	-1.0422
ZNRF2P1	1.28768545924802	0.148541398605435	0.240086035674264	-0.5206
TRIP10	6.09994987289037	0.148573591256778	0.2401168096657	-0.1904
NDUFB9	6.65336081702114	0.148770104597122	0.240391841876886	-0.1521
RPP38	3.40719192015316	0.148838082912716	0.240480400181834	-0.2561
RNASEH2B	4.27608603903694	0.149024098269176	0.240717035746069	-0.2032
ZNF296	0.94431248085404	0.14904175874117	0.240724263255667	-0.5791
ZSCAN12P1	2.0121870513602	0.149139868694037	0.240861415682797	-0.4636
PRSS53	0.763404083436683	0.149380074213499	0.241185339598624	-0.6003
GGH	4.74712190309891	0.149519441965894	0.241389010658769	-0.2145
LOC100506314	3.10443578825698	0.149701105526789	0.241647428447387	-0.2869
TLL2	-1.18997369182499	0.149842801124158	0.241830398265674	-1.3895
PJA2	5.93545200990469	0.149845829600203	0.241830398265674	-0.1539
NES	1.37441914885047	0.149895417207373	0.241889042388208	-0.4845
CDC14A	3.35703219981427	0.150018768860969	0.242045306612978	-0.2599
ESD	5.30161464659539	0.150474091500546	0.2426941438673	-0.1979
SNORD110	-0.220624864565652	0.150863008176743	0.243256940229166	-0.8672
FAM155B	2.20054647471072	0.1511412100789	0.243619453575879	-0.3976
TAF1	6.31856686227211	0.152264277906644	0.245278095602549	-0.1577
PRR22	-0.159091592717169	0.152721356491937	0.24592758967247	-0.8111
CMTM7	3.93561356841342	0.152824966785259	0.246051026865834	-0.2851
SPICE1	4.18377583400376	0.152971727103974	0.246243880611071	-0.2091
LOC105373759	0.591016314170301	0.153174793509347	0.246549024008697	-0.6062
ST3GAL2	3.47732565128571	0.153252252886301	0.246630212331833	-0.2676
ZNF519	2.61275169770311	0.153443890693708	0.246873329382597	-0.3128
IQCC	2.19839837203405	0.154066136339657	0.247765273521563	-0.372
HMGXB3	5.59319651849494	0.154569066233988	0.248508399222164	-0.1703
SNORD83A	-0.583312326785242	0.154609945948574	0.248552234346351	-0.9728
SMG5	7.17175946486153	0.154793637304725	0.248803719196607	-0.1495
TMED6	0.170097027516949	0.15499470978373	0.249083047694698	-0.7396
TSSK4	1.36439988296007	0.155400328283862	0.24964698989354	-0.469
CNGB3	-0.806275728987245	0.155505301109354	0.249771667873691	-1.0624
LOC100507053	2.26386548383778	0.155608884940144	0.249916055552676	-0.3442
MCPH1	4.38426099145854	0.155629450450234	0.249927097767371	-0.2014
SNORD83B	-1.5424366549863	0.155854698462098	0.250266811076089	-1.8788
TMPPE	1.78014618561835	0.155935361954873	0.250374315553927	-0.4294
TBL1XR1	7.38717553694611	0.15619588287929	0.250770560007415	-0.159
MRPS35	7.70234116634106	0.156471676998553	0.251147084164374	-0.1648
SNORD16	-0.320466576698084	0.156773446816934	0.25160932264527	-0.8495
PDE2A	-1.06905849498378	0.156963462121314	0.251892138228437	-1.2116
UQCRC1	6.55712354620413	0.157299429677963	0.252386921093416	-0.1587
PPARD	4.24148996582483	0.157495320072949	0.252656815751473	-0.2292
MCTS2P	0.145196332163159	0.157553882718361	0.252728554863931	-0.6887
MKL1	4.45889562165604	0.15757667844352	0.252742913518266	-0.1885
S1PR3	-1.39116971650962	0.157880355796175	0.25320774623693	-1.4983
GNAL	2.13277838349036	0.158010123225864	0.253347078264893	-0.3536
CALB2	-1.39109004136725	0.158022742123266	0.253347078264893	-1.4978
ARL14EPL	-1.39109004136725	0.158022742123266	0.253347078264893	-1.4978
NDUFB8	6.64848884802091	0.158081238747469	0.253418606829451	-0.1523
CCSAP	3.74089058900762	0.158266668981882	0.253671317728993	-0.2676
CGN	7.39317506611775	0.158620175026535	0.254104064170272	-0.1914
IMMP1L	1.77019432640384	0.158642521522403	0.254117563649468	-0.4101
PRELID1	5.72290176884559	0.158792531853719	0.254246313060997	-0.1743
TACR1	-1.39089020753133	0.159042907157677	0.25462486302469	-1.499
ZNF200	3.74167328688267	0.159569580551187	0.255378394323255	-0.2395
DCAF4L1	0.0416025606234359	0.159571044092165	0.255378394323255	-0.7529
MIR4258	-0.806472318642646	0.159597507714396	0.255378394323255	-1.0612
SLC4A1AP	6.02757918121242	0.159859515176616	0.255752809487714	-0.2139
C20orf196	2.83863417987652	0.160715317960492	0.257054393261498	-0.2971
EVI2B	-0.321276113680106	0.160805255759743	0.257175711708267	-0.8474
ZNF202	3.93424806261608	0.161061157804123	0.257562412129648	-0.2074
RNU86	-0.757935732877134	0.161126991124858	0.257645121308172	-1.1653
TOMM20L	-0.464243566205015	0.161876854467226	0.258730857569049	-0.9806
WAPAL	6.36472484206358	0.162085704301805	0.259019311776414	-0.1486
CANT1	5.74666540564872	0.162143312317501	0.259088692312324	-0.1688
MMS19	5.16838000080003	0.162182050782584	0.259127911700232	-0.1652
SYCE2	-0.503313469238292	0.162425133203721	0.259425479594675	-0.8987
LTB4R	3.63259202664858	0.162651990978245	0.259742367678344	-0.2414
DNAJC15	-1.39136951415088	0.16273193846696	0.259847307675398	-1.4967
STAU2	7.62170670970532	0.162840758498791	0.259975591355832	-0.154
C6orf58	-1.39128984932917	0.162912437206113	0.260067283458796	-1.4961
CEP57L1	3.5621677899968	0.163018007959335	0.260213058783389	-0.2435
CAMK2D	6.01441956368692	0.163127704016098	0.260342631743848	-0.153
CDC16	5.06905158796804	0.163186269913576	0.260390572812014	-0.1809
DENND4B	4.67447488069607	0.163233660038479	0.260443427518133	-0.1747
SCPEP1	4.54302449625802	0.163632156637652	0.260988000312509	-0.1804
EFNB3	-0.356594462655433	0.163914314200731	0.261301058334661	-0.96
TMEM55B	4.80456708983749	0.16406686017255	0.261475739791364	-0.2077
MRPS36	4.05317307741301	0.164226887460711	0.261707930995351	-0.3059
Mar-02_1	2.3406337670285	0.164368667956821	0.26181959708749	-0.3445
MED17	5.27173181649824	0.16438753902707	0.261826811418443	-0.1635
UBN1	5.56941213911709	0.164500570724846	0.261983984921294	-0.1749
RTEL1	-0.503196569609302	0.16549708776747	0.263400206354061	-0.9003
EPGN	-0.220318316150042	0.165505245786998	0.263400206354061	-0.8651
NAGS	2.04092553445209	0.165522417415086	0.263404572204481	-0.3751
PINK1-AS	1.99383928397805	0.165554077406283	0.263431991382297	-0.3785
TRNE	1.74734453603561	0.165668694855015	0.263586818520216	-0.5043
MOGS	5.75725418347736	0.165781401860604	0.263701775060311	-0.1526
PITX1	4.14946415707866	0.165999456794073	0.264002620718931	-0.2161
RCN3	1.29943095188993	0.166223229876735	0.264312454022269	-0.4958
LOC102724009	-1.3907700436063	0.166306567341159	0.264421938110102	-1.5019
SNORA51	-1.39104957434363	0.166403129832861	0.264506359445251	-1.5009
TAF7L	-1.39104957434363	0.166403129832861	0.264506359445251	-1.5009
PCDHA6	-1.06917766254032	0.166520895268345	0.26467050879496	-1.2095
ALG5	4.19774666738916	0.167172714144785	0.265660260221726	-0.2363
TSACC	0.49574985326522	0.167200961133607	0.265682021625479	-0.6031
ATP8A1	1.90970723421819	0.167402732777518	0.265979485603687	-0.3738
ATP5D	5.64120507375335	0.167583438731123	0.26624343029113	-0.1735
ZGPAT	4.73832620157971	0.167880304819937	0.266668654380298	-0.1866
HACD4	-0.544098084193498	0.1679993839674	0.266811374833307	-1.0386
CCDC66	3.96340957017805	0.168081057269008	0.26691786547521	-0.2419
SAP130	5.50493819581494	0.168760576968221	0.267857163374357	-0.1866
GCSHP3	1.84860279121701	0.168807765449034	0.267887022378154	-0.3883
ATL1	1.93169420244994	0.168809408153114	0.267887022378154	-0.3815
CAPN3	-0.0406327870615696	0.168844373792134	0.267897000517052	-0.7329
NOL3	4.68357843329241	0.169466082030345	0.268766640043956	-0.1701
TCHP	4.73606282616221	0.169495715643208	0.268790287072829	-0.2435
LINC00943	0.0149628073776782	0.169648036735758	0.269008473781638	-0.7012
LEMD3	5.56215015325729	0.170060078850972	0.269544782037103	-0.1593
RPL23P8	0.332446554564014	0.170238724311295	0.269711446503696	-0.6977
STAT5B	5.14091814495519	0.170420867687759	0.269975994490431	-0.1671
CNOT1	8.69868479320888	0.170495287771201	0.270070453236533	-0.1484
SNX3	6.74180333208138	0.170718469917126	0.270353607460709	-0.1569
PMS2P1	3.70862420779482	0.171160683488976	0.270848097504763	-0.2194
FAM83H-AS1	0.872099833945746	0.172659387306454	0.273001019804835	-0.5171
DNAJC3	5.57698586125056	0.172770815213539	0.273153546595511	-0.1879
REM2	0.014887134558903	0.173046165234394	0.273565188129468	-0.7017
STAG1	5.45276303094928	0.17369703652518	0.274475296356244	-0.1877
RPL14	9.05971982763002	0.173981423569505	0.274877098112063	-0.1501
LOC100129917	2.53954572160623	0.174005813410343	0.274891842300037	-0.3095
SNORA21	-0.713063188545866	0.174113023472425	0.275037410791087	-0.9659
NAP1L5	2.25263893081671	0.174779660954047	0.275971068186913	-0.3246
C10orf55	-0.0412408168997954	0.174855820715903	0.276067444693377	-0.7319
ADH5	7.26433741923568	0.174878605942676	0.27607954255357	-0.1561
FAM151B	0.352443677707182	0.17493479239662	0.276144364028767	-0.6285
KIF14	6.17089367330271	0.175095215514461	0.276349810186911	-0.1654
RHPN1-AS1	-0.285658532688369	0.175456519324917	0.276872177093585	-0.9225
SPG21	5.61733761780747	0.176418137503897	0.278221278357908	-0.1567
CGREF1	2.7957585534555	0.17653846706099	0.27836295168988	-0.3129
DGUOK-AS1	1.00158757328326	0.176635213242645	0.278476915161108	-0.4994
RACGAP1P	-1.39148963142331	0.176641250962184	0.278476915161108	-1.4918
AP3S1	5.64122332517856	0.176758945406374	0.278614341852769	-0.1517
EIF2A	7.05534658536155	0.176805559699847	0.278663757047433	-0.1536
PYGM	-0.583195039543106	0.176941806833196	0.278854422094857	-0.9775
TRAF3IP3	1.52555065313497	0.177140008562775	0.279118591085967	-0.4165
ACVR1C	-1.19001393641109	0.177356200647033	0.279377872310158	-1.3797
ZNF664	8.09191420700361	0.177674575025142	0.279815997382591	-0.1456
CDKN2D	1.35322469749036	0.177751799102326	0.279913468852934	-0.4522
HYAL3	0.35274074563682	0.177919116961431	0.280109157004992	-0.631
CSRNP1	2.9714733033451	0.178032138936772	0.280258233028344	-0.2841
ZNF623	-0.252982183397114	0.178417391699602	0.280767856466506	-0.8038
PKP2	4.63010406725766	0.17855427156582	0.280913779629099	-0.1936
LINC01296	4.1590000522832	0.178697091102367	0.281086859828091	-0.2
SLMO1	1.59132479575505	0.178845589668413	0.281251992535299	-0.4133
AARS2	4.27051869334166	0.179525518135492	0.282195441629201	-0.1871
NDUFAF7	4.58505728222247	0.179674523691964	0.282405346923848	-0.1709
SMARCA4	7.88225025724615	0.180272551300997	0.283272137764762	-0.1705
UBL7	3.99370250763208	0.180423405828503	0.283484783269227	-0.2065
C17orf104	3.12882920855497	0.181014053535147	0.284290481876947	-0.252
PLA2G4B	-0.806787040261561	0.181046020030151	0.284291772034272	-1.0556
RPL17	3.91089640421197	0.181245257397772	0.284482281751674	-0.1995
L3HYPDH	4.182435295153	0.181858364809874	0.285254117327379	-0.1911
MLANA	-0.713101712672481	0.181877625202163	0.285254117327379	-0.9686
NSUN6	4.13889736922486	0.182451416592941	0.28605574212648	-0.2035
TEFM	4.00566302366674	0.182585140868563	0.286220364119221	-0.2072
NUDCD3	5.94510817734394	0.182587771720664	0.286220364119221	-0.161
RAB31	6.16747836875886	0.183142536283995	0.287040705906646	-0.1529
GUSBP3	-0.427456621861196	0.183196075263608	0.287099969955569	-0.8393
MITD1	5.20687884139016	0.183943889887404	0.28819770458157	-0.1548
TOP3B	3.8899354032461	0.184140665562049	0.288481248648483	-0.2049
LRIG1	0.824231352639083	0.184249509948215	0.2886269996237	-0.6316
DMC1	-0.712553318177567	0.184398519348102	0.288826302031634	-0.9703
PRKACA	5.57815416296036	0.184408379518006	0.288826302031634	-0.1556
HES7	-0.958081628197269	0.184585370069244	0.289078709443606	-1.0726
TBC1D3K	-1.25467397219602	0.184952856117761	0.289579703369284	-1.7467
SNORD10	-0.0681451825986031	0.185090717582341	0.289770700641731	-0.8405
USE1	3.76255254510383	0.185472816800349	0.29024444912628	-0.2093
PARD6G	1.70671018810555	0.185631726858377	0.290468227095786	-0.4386
ACTR8	4.78863878287599	0.185868432558759	0.290759963868949	-0.1643
KDM4C	4.53452559827753	0.186270831315126	0.291293498071692	-0.192
RNF25	3.81044775425505	0.186356319648128	0.291402224539291	-0.2257
LOC101928942	-1.18874147824458	0.186524232135712	0.291591730707122	-1.4005
TLDC2	0.145610776788783	0.186525428965697	0.291591730707122	-0.6942
LY6E	2.52471354128367	0.186860403775875	0.292090378571143	-0.9252
SNORD96A	0.55495066091632	0.187028806107035	0.292328585983735	-0.6306
C19orf24	3.91974815709017	0.187329789715411	0.292723841568479	-0.2293
TAF11	4.85256634863538	0.187547577635714	0.293039077141184	-0.1621
AURKAPS1	0.497328970927418	0.188206560243165	0.293892649371244	-0.6083
SNORD56	-0.95843675387048	0.188631561629972	0.294505925692018	-1.0723
LOC101927260	0.794552702139456	0.189182080654704	0.295163495806536	-0.5114
ATP5G1	6.66772892031199	0.18933968382955	0.29538414527365	-0.1515
MRPL30	6.41017580769387	0.189505191102353	0.295617086966124	-0.1385
UQCR10	6.69234561098736	0.189628915132909	0.295784814992002	-0.1458
ICOSLG	-0.35547638387056	0.189650525561527	0.295793250290579	-0.7836
TACC2	4.49009724852003	0.19027326592217	0.296688481608741	-0.1937
KRT13	-1.62559434598118	0.190382286000729	0.296807772265525	-1.6773
MIR3682	-1.62559434598118	0.190382286000729	0.296807772265525	-1.6773
RPRML	-1.62539353632552	0.191176359146848	0.297842260845269	-1.6786
CDH4	-1.62539353632552	0.191176359146848	0.297842260845269	-1.6786
SERPINF1	0.644057508102965	0.191282339563119	0.297975896983571	-0.5363
STAT5A	0.609137417167153	0.191294780491205	0.297975896983571	-0.5562
LCTL	-0.252095024056307	0.191374197737667	0.298074170625275	-0.9942
FAM86B2	0.727750701927842	0.191562938349602	0.29831723982857	-0.6786
ITGA10	-1.25352132461701	0.192357467853141	0.299350262818765	-1.2596
TRI-AAT5-5	-1.25352132461701	0.192357467853141	0.299350262818765	-1.2596
LOC100506286	0.0142426880373463	0.192512942396973	0.299541146884781	-0.699
FRS2	5.32336171873831	0.193021232017963	0.30025524980572	-0.1548
WFDC2	-0.625809533975736	0.193111472277567	0.300344440100465	-0.8872
C16orf62	4.76687089184051	0.194296315858638	0.301878599345982	-0.1924
RNU5D-1	-1.62547360514298	0.194494730230396	0.302135448867096	-1.6795
TMEM165	5.60990721221306	0.194549651112423	0.302195050685646	-0.1493
GOLGA4	7.33043606911373	0.194622659138302	0.302282734833149	-0.1773
LOC105373606	-1.62579512924413	0.195352140374279	0.303312525486719	-1.6753
NBPF1	2.84015412703936	0.195456106947968	0.303448140865899	-0.2837
GMPR	-0.0415068199894753	0.195981126814747	0.304185636042342	-0.7302
THAP5	4.52520691218226	0.196010403738058	0.304205213860578	-0.1874
DUXAP10	2.3489402620027	0.196194768346907	0.304361972377731	-0.45
CAP2	3.60125873289073	0.19625516891724	0.304429804040541	-0.213
LHX6	0.397053353061635	0.196998125328405	0.305478448653305	-0.7228
ZC3HAV1	6.67003779165742	0.197322345350594	0.305877280862737	-0.1355
FAM133DP	1.55360100296699	0.197515634470086	0.30615091041653	-0.3859
USP43	4.05937420049064	0.197613144139836	0.30627604715314	-0.1898
CASC10	0.842309989207169	0.197678496404981	0.306351326856479	-0.5292
ITPK1	1.49783137386525	0.198059387321987	0.306915556824565	-0.5479
TEX12	-1.62519270027061	0.198113927847704	0.306947964592013	-1.6811
RNU5A-1	-1.62519270027061	0.198113927847704	0.306947964592013	-1.6811
ARL2BP	6.19329745424883	0.19864962340942	0.307673498342442	-0.1395
NAGPA	2.66990389965126	0.198826660224307	0.307895454156837	-0.2719
GCLM	6.27435076233913	0.198946655088006	0.308017940906923	-0.1462
GFER	4.51039005532995	0.1990732658243	0.308120520634882	-0.1674
SALRNA1	-1.62587517700711	0.19928285576568	0.308340352136474	-1.6757
EPB41L3	-1.62587517700711	0.19928285576568	0.308340352136474	-1.6757
BVES	-1.62587517700711	0.19928285576568	0.308340352136474	-1.6757
ANK1	-1.62587517700711	0.19928285576568	0.308340352136474	-1.6757
TOR1AIP1	5.64508984447731	0.199449241277526	0.308533354549284	-0.1462
PRG4	-1.62571507728278	0.199492096686008	0.308533354549284	-1.6737
COX7A1	-1.62571507728278	0.199492096686008	0.308533354549284	-1.6737
SYNPR-AS1	-1.62571507728278	0.199492096686008	0.308533354549284	-1.6737
CHD5	-1.39064987033035	0.201368085264098	0.311092135447353	-1.5127
ATP5L	7.78358127554682	0.201554281683447	0.311248093927677	-0.1322
LGALS1	6.01280681669538	0.201772187377196	0.311452866556023	-0.1822
OGFRP1	-0.625926952160585	0.202200298678529	0.312050931451151	-0.8851
PMCH	-0.958634272698751	0.202210918003238	0.312050931451151	-1.07
ZFP36L2	6.28916166080577	0.2023869784658	0.312269834252167	-0.141
RCHY1	4.7275320490728	0.202678941423383	0.312641043905812	-0.1602
EXTL2	3.72700738213995	0.202822023567282	0.312835321244027	-0.2026
XXYLT1	2.88771805436356	0.20302727555748	0.313098998359297	-0.2939
IGFN1	-1.62511261672052	0.203102078668695	0.313187900006393	-1.6808
ZNF667-AS1	5.08685286259557	0.203399601220976	0.313540751489499	-0.1564
ALOX12P2	2.85343496363556	0.203638547290423	0.313829589678707	-0.263
TUSC1	2.47498091109921	0.20366314313004	0.313841001180215	-0.3129
ALOX12B	0.309738148669086	0.204005800630499	0.314315967280816	-0.6496
KIAA2013	4.97398609804507	0.204207210278279	0.314599732560359	-0.1573
RASSF3	6.21807928604131	0.204325902075038	0.314756026350679	-0.1513
PCNX	5.90148051941982	0.204595526497096	0.315038455780279	-0.142
RPL8	10.2471388971504	0.204876657948579	0.31541813691257	-0.1434
LYPD3	-0.158709849928578	0.204959927394408	0.315493122640162	-0.8036
ALG12	3.93797659627227	0.205055473353621	0.315613584144988	-0.1977
GSN	5.25720397813043	0.205075607663989	0.315617964383222	-0.1598
RCN2	5.19813662371551	0.205989884008964	0.316971621920739	-0.1796
MAPKBP1	2.52997991371089	0.206016669838323	0.316986120907578	-0.2915
SOX7	-0.427340101598749	0.2060854974233	0.317065299254994	-0.843
AKT1S1	5.18084140583919	0.206219077986857	0.317244079188343	-0.181
FAM3A	4.36327888545834	0.206574748017068	0.317710918264498	-0.171
ZNF318	4.71585520141253	0.206872480365672	0.318088436078136	-0.1772
FIRRE	2.44928793147341	0.207279972184475	0.318688156661595	-0.3483
MEAF6	5.17068233089843	0.209343011952089	0.321589197761472	-0.1675
RWDD4	4.6757746055234	0.209935321791556	0.32242875588495	-0.1901
CYB561	5.72264360270157	0.210054249350902	0.322538717116331	-0.1419
DTX3L	7.27445786498067	0.210136593833107	0.322618253890943	-0.1413
VPS72	5.44958536341186	0.210289896539288	0.322799323233939	-0.1603
RDH10	6.10314865647372	0.21037288730158	0.322899565375621	-0.1373
GNB4	-0.0690238604254326	0.210424783363479	0.322952067682528	-0.6834
MTL5	3.96392883130765	0.21050003640847	0.323013252473147	-0.1965
LOC731157	-1.25336246496474	0.210587479109941	0.323119173640366	-1.2579
TGFB2-AS1	0.120356265114855	0.210604461390596	0.323119173640366	-0.6415
TMEM52	-1.62599588612087	0.210733767607548	0.323263226740896	-1.67
LOC100506639	1.79436052766039	0.210926240506581	0.32353129278173	-0.3559
CARM1	6.10897329224786	0.211484848389787	0.324279135914997	-0.1521
LINC00664	2.310493560156	0.211535327219968	0.324329296525383	-0.315
KLF2	-0.854726868309739	0.21160937088275	0.324415575649604	-0.9652
C4orf29	3.73736404458634	0.211886135013582	0.324812602301449	-0.216
CDRT1	0.394422975725122	0.212392809864591	0.325398047741521	-0.6007
CRIP1	-0.354819530187012	0.212659000964043	0.325778528287284	-0.7872
ALG13	5.38063984861052	0.212894125915599	0.326111357838158	-0.1412
SNORD99	-0.356132977131039	0.213256541732666	0.326584298789661	-0.7799
P2RX5	2.09425385214128	0.213567432114269	0.32696192827956	-0.3105
LYG1	-0.286584790999893	0.213592679484117	0.32696192827956	-0.739
EHD2	5.78736558265981	0.213803109582538	0.327201741012559	-0.1733
UPRT	3.76775043212212	0.213978195623663	0.327414796689765	-0.1963
MYNN	4.75997338867172	0.214121870386888	0.327585075855589	-0.1644
SNORD36A	1.49762579191619	0.214125367560514	0.327585075855589	-0.4062
MUM1	4.7437724995698	0.21430827312551	0.327837425354391	-0.1602
CHRNA3	-0.855277838110725	0.21433957143036	0.327857831255354	-0.9639
BHMG1	-0.543399886940869	0.214413730337079	0.327943788625479	-0.8196
P2RY2	4.16776900349365	0.214564768789453	0.32814730828686	-0.1996
PXYLP1	1.57223766128525	0.214661147513847	0.328267206317037	-0.3774
LOC101927755	-0.8553962078814	0.215117724575786	0.328891294420403	-0.9622
COX6B2	-0.8553962078814	0.215117724575786	0.328891294420403	-0.9622
DHRSX	0.263324689331889	0.215123299007123	0.328891294420403	-0.8754
PIK3CD	0.516189764602301	0.215794449517571	0.329721269869959	-0.5508
LOC642776	-0.0124553184421376	0.215828903055984	0.329721269869959	-0.648
CLPX	5.8415728210892	0.215846784411475	0.329721269869959	-0.1536
RPS2P32	-0.542737948628068	0.215989062591425	0.329883403887648	-0.8223
EEF2K	5.21020506579002	0.21608037611453	0.329995260694902	-0.1422
IFIH1	5.0109566812393	0.216743691899589	0.330952897233095	-0.1506
SAA2	1.59848261299	0.217026569862126	0.331357117956258	-0.4217
COX5A	6.47761446611138	0.217324038666921	0.331755803152715	-0.1363
SNX11	3.61106534849579	0.217722314912934	0.332336001760078	-0.2436
RNU6-8	2.1074563106245	0.217798565565214	0.332396807637397	-0.3077
PALB2	3.98142227776748	0.217992759792459	0.332665370122137	-0.1821
SCARNA9	-0.0122653673221615	0.218037098628757	0.332677415174809	-0.649
ADPGK-AS1	-1.62607592336051	0.218215635610507	0.332894179301864	-1.6704
STYXL1	5.35917394892537	0.218349106625155	0.333069960774467	-0.1589
CRIM1	6.75338116723985	0.218887750495181	0.333835820638265	-0.1465
JMJD1C-AS1	0.476327384057989	0.219386565787618	0.334484812512006	-0.5634
ABCF1	0.418086614232579	0.219554035743586	0.334684241527631	-0.9898
STEAP3	5.18903577597698	0.220097951505086	0.335457355374591	-0.1447
SLC25A22	3.98151570357263	0.220402600967374	0.335866515789895	-0.2523
CIAO1	6.07990278953571	0.22040320218903	0.335866515789895	-0.1388
SPOCK2	-0.625379294403824	0.220455349049945	0.335917941094717	-0.8936
KIAA0141	4.76969842035313	0.221117402249325	0.336814292487583	-0.1486
STAG3L3	1.73595337060869	0.221223986410091	0.336948531278377	-0.4433
C1QL1	-1.06850385871636	0.221330377067991	0.337082452970154	-1.2153
SNORD80	2.182795202455	0.2214206983385	0.337191880953258	-0.3204
SLC37A1	5.04831356489197	0.221948355237244	0.337882686225077	-0.1476
PPM1J	0.415784786837035	0.22248437803261	0.338670458214236	-0.5472
UBE2M	6.46247285550545	0.222753995165254	0.338996076670297	-0.1387
RAD21	7.69311424768587	0.222828498983964	0.339081193419292	-0.1335
THAP11	4.25022882561359	0.223377089119186	0.339802694688765	-0.1855
PPP3CB	4.42215922189512	0.224074787255076	0.340750463650868	-0.1771
MLLT4	7.57111853723005	0.224178584911565	0.340879913888516	-0.1335
SYPL1	6.28868961983303	0.224355384796744	0.341091930783591	-0.1474
PIP4K2C	10.0722517219863	0.224401289055588	0.34113331109991	-0.1393
HSPBP1	5.16186535839408	0.224628445207355	0.341450199475893	-0.1591
SNORA24	-0.287239398553871	0.225476158322088	0.342539131757348	-0.7362
ARNTL2-AS1	-1.12792567265141	0.226266901107087	0.343626033325928	-1.0897
GPR89B	3.05336977926286	0.226981394280136	0.344596451890075	-0.4837
GOPC	5.57961859982313	0.227049396358087	0.344671027765943	-0.1385
SAP30BP	5.99848330852162	0.227849122855944	0.345827534657309	-0.1285
DGKH	5.76691181318176	0.228643036930882	0.346547101160613	-0.1435
FAM19A3	-1.90574167833933	0.22868925844299	0.346547101160613	-2.0603
C14orf37	-1.90574167833933	0.22868925844299	0.346547101160613	-2.0603
TRR-CCG2-1	-1.90574167833933	0.22868925844299	0.346547101160613	-2.0603
KCNK12	-1.90574167833933	0.22868925844299	0.346547101160613	-2.0603
HCG4B	-1.90574167833933	0.22868925844299	0.346547101160613	-2.0603
AR	-1.90574167833933	0.22868925844299	0.346547101160613	-2.0603
LOC105378951	-1.9056612289614	0.228714313083069	0.346547101160613	-2.0596
VWCE	-1.9056612289614	0.228714313083069	0.346547101160613	-2.0596
FAF2	6.85864400299806	0.228911781741877	0.346633500952199	-0.125
TRIM67	-1.90553988337844	0.22920433575304	0.346766984363937	-2.062
ADCY4	-1.90553988337844	0.22920433575304	0.346766984363937	-2.062
SLC10A4	-1.90553988337844	0.22920433575304	0.346766984363937	-2.062
MIR589	-1.90553988337844	0.22920433575304	0.346766984363937	-2.062
LOC105375817	-1.90553988337844	0.22920433575304	0.346766984363937	-2.062
TAX1BP3	-1.90545942326094	0.229229924151604	0.346770094076208	-2.0613
COX10-AS1	3.28582737487311	0.229303390499896	0.346831632220829	-0.2266
SON	8.19403693609339	0.229327598188958	0.346831632220829	-0.1285
ISOC2	5.15526276096235	0.229706010748802	0.347317619035128	-0.1767
LMCD1	2.04865349916784	0.229741200723334	0.347342058832728	-0.3085
NUDT19	4.50522562730191	0.230073652400527	0.347787082737767	-0.1659
ZNF71	3.24846517829691	0.230239124090101	0.347964522542962	-0.2289
CTRL	0.553888092998817	0.230248216056036	0.347964522542962	-0.5393
ZNF329	4.26585469441416	0.230482574540326	0.348289866799784	-0.1709
SLC9A7	5.59347253394026	0.230693594314451	0.348579892220214	-0.1312
PAFAH1B1	7.4396445298497	0.231131697583692	0.349126284220411	-0.1395
PCDHA5	-0.855593086725088	0.231291002791361	0.349309112091255	-0.9594
ERCC4	4.2080573372443	0.231488030733372	0.349548841114014	-0.1688
ZNF442	0.458370317994115	0.231563953845779	0.349634566322764	-0.6389
ATP5J2	6.78252261128404	0.23167196254103	0.349768718834688	-0.1515
SRPR	6.55593144093849	0.231732931154144	0.349798791926337	-0.1289
SNORA75	-0.855514568852811	0.231867067673468	0.349918590348585	-0.9585
LARS	7.77093956810153	0.232043169754573	0.350126465578931	-0.13
FBXL3	4.69262195825762	0.232098108852863	0.350180419439493	-0.1559
XRCC1	4.33937824876722	0.232120218138711	0.350184836157367	-0.1954
MIR181A2HG	1.31826120059797	0.232227362796616	0.350317528938607	-0.4762
YTHDF2	6.29467642167827	0.232363925910695	0.350494574190336	-0.137
BISPR	1.62720284786023	0.23243142212599	0.350567419227699	-0.3631
KHNYN	5.91019536424848	0.233517049702522	0.351972197768266	-0.1407
HSD17B13	-1.90594344637722	0.233837620367457	0.352339022567539	-2.0578
LOC102724668	-1.90594344637722	0.233837620367457	0.352339022567539	-2.0578
LOC101927814	-1.90586300773613	0.233875118574222	0.352366440925228	-2.0567
DNAH17-AS1	-0.854451311800789	0.234140017528245	0.352663654155394	-0.9672
KCTD6	2.70099650877984	0.234520562992776	0.3529602141794	-0.2734
LDAH	4.73676693845555	0.234550711119697	0.35297648851712	-0.1495
RBMXL1	4.19767998121256	0.234866901051154	0.353423190371733	-0.167
KCNRG	-0.428386393653918	0.235359968454246	0.354077592426923	-0.8349
CCDC109B	4.441919290187	0.235494350508614	0.354148894120687	-0.1706
ZNF407	3.7529515859559	0.236001828725489	0.354721668468017	-0.1836
LINC00881	-1.90533806148773	0.236097512602494	0.354728540500619	-2.0656
LINC00889	-1.90533806148773	0.236097512602494	0.354728540500619	-2.0656
SNORD75	-1.90525759062792	0.236142416340054	0.354728540500619	-2.0644
KCTD14	-1.90525759062792	0.236142416340054	0.354728540500619	-2.0644
NXPH3	-1.90525759062792	0.236142416340054	0.354728540500619	-2.0644
IL36G	-1.90525759062792	0.236142416340054	0.354728540500619	-2.0644
ZSCAN21	1.57141999650005	0.236221843589351	0.354818658595293	-0.377
LOC100128288	0.309364661592794	0.236440769036082	0.355118278858306	-0.5489
COPG2IT1	-0.159703167368249	0.236909890132029	0.355764329542677	-0.8068
STOX1	-0.221702094625259	0.237037646465009	0.355926901946472	-0.6938
ATP5J	6.40163673115997	0.237532122338269	0.356581401645213	-0.1329
LOC101930071	-0.465449551093123	0.237600152035787	0.356654199602477	-0.7612
EML5	2.58195178894277	0.237951111576132	0.357122286495714	-0.2554
MNS1	4.10926916734254	0.238421992842983	0.357740766116668	-0.2595
AVPI1	1.86499424862135	0.238909284555285	0.35838261380349	-0.3225
GPR135	2.9221411842819	0.238928286185489	0.35838261380349	-0.2396
LOC100506127	1.90889835777512	0.238984689165285	0.358408320496298	-0.338
MCM3AP-AS1	2.86695433203953	0.239070950981164	0.35850823731823	-0.2552
KAT6B	5.11504094919554	0.239319225304359	0.358756119552222	-0.1429
ZFX	5.45850080432241	0.239435334487351	0.35887778870288	-0.1527
LEAP2	-0.158213809727729	0.239518978346674	0.358973678194617	-0.658
LOC105370579	-1.4650640403119	0.239538636490295	0.358973678194617	-1.3338
PCDHA3	1.28860216112116	0.239792150979525	0.359265121730177	-0.4857
SNORA70	1.18268441988289	0.239935349357348	0.359414842547079	-0.4384
ABHD14A	0.872133090693332	0.240307236480814	0.359918689736134	-0.4491
TYW1B	1.15862763346787	0.240570298382015	0.360283131030523	-0.4947
CES3	0.972692519546265	0.240827318613405	0.360638465146938	-0.4422
PEPD	4.6168475777268	0.241234868103699	0.361189514647841	-0.1528
SLCO1B1	-0.85567160071586	0.241586831303589	0.361661911951661	-0.9595
RNU4ATAC	-1.46526417746833	0.241616350517534	0.361661911951661	-1.3326
PCDHA8	-1.46526417746833	0.241616350517534	0.361661911951661	-1.3326
CAMK1G	-1.46518437920879	0.24180684177343	0.361867833708971	-1.332
GCSAM	2.11374605823246	0.242011141294115	0.36208452675507	-0.3238
SLFN12	4.11339937861669	0.242485206496514	0.362704623498595	-0.1752
MDH1	7.18993126911221	0.242842282140453	0.363179217068577	-0.1403
NDUFAB1	5.47122959851709	0.243333316709437	0.363794368180123	-0.1642
TBC1D25	2.59906792161463	0.243600540767383	0.364134239928711	-0.2823
ERVV-1	-1.46486387710857	0.243955768418826	0.364605526668365	-1.3355
POLRMT	4.46168621657331	0.244013066362558	0.364661308080784	-0.1638
RBBP4	6.12767969810555	0.24426996911247	0.364925741089791	-0.1412
CYB5RL	3.43990663824726	0.244415905201164	0.365113883098965	-0.2017
ZBED5	5.33220082062496	0.245316234452738	0.366368878940542	-0.1386
PDF	2.28125164862217	0.245737480988004	0.366937956234009	-0.2812
SNORD88B	-0.220856711564801	0.245782109989784	0.366974580843501	-0.8507
UQCRFS1	5.9787517451995	0.245899980950226	0.367120547287155	-0.1432
TMEM205	5.72471703400092	0.246264914365368	0.367635315778408	-0.128
SNRNP200	8.08099272606988	0.246348891591034	0.367730610374973	-0.1276
GIGYF2	7.23657985673036	0.246542727884245	0.367989865117715	-0.1298
ASIC1	1.7195319412058	0.24714619686673	0.368775362782679	-0.3843
ND2	13.236014498961	0.247149891411175	0.368775362782679	-0.2686
MBLAC1	0.145006286320186	0.247169990085937	0.368775362782679	-0.5688
AKAP11	5.74006010717314	0.24721563758283	0.36881332677226	-0.1294
ACSBG2	0.193602963221719	0.247627814203898	0.369367871240001	-0.6496
KCNMB2-AS1	2.02277767647781	0.247827063098284	0.369604678042829	-0.3177
GOLT1B	5.92513564987264	0.248380249032037	0.370338927338195	-0.1382
ZNF267	4.8306547988152	0.248499853079729	0.370444953731882	-0.1526
PPHLN1	6.28418071474028	0.248512234243775	0.370444953731882	-0.1276
LDHB	10.5153579839982	0.248569819460588	0.370500540828911	-0.1544
AP2S1	5.80492139174213	0.248753698180678	0.370714082774404	-0.1239
PSMA4	7.84033170682748	0.249036307016951	0.37104438267375	-0.1456
LOC105374091	-0.543711611377348	0.249568008881421	0.371806232262054	-0.8131
UBE3D	2.03618846914638	0.249691078883106	0.371959227751121	-0.3464
GNA12	5.46615502245815	0.250093075041508	0.372497281386781	-0.1312
SLC25A39	7.37168229503634	0.250200371212317	0.372613391197212	-0.1309
ZNF592	4.67311975780525	0.250211851593264	0.372613391197212	-0.1448
LINC00852	-0.465100575285886	0.250472662263105	0.372885665914019	-0.7606
SMARCA5	7.97500855810986	0.250476387001732	0.372885665914019	-0.14
TET2	5.07850980975734	0.250860384809315	0.373364242747639	-0.1388
SMIM7	4.78775065028561	0.250964556581742	0.37342969638571	-0.168
AIG1	5.11106770619736	0.251039102279846	0.373510175323625	-0.1344
RPL6	10.7454414007139	0.251187839685273	0.373701018767365	-0.141
USP2	0.779171943312886	0.251421660160128	0.373957457054203	-0.4809
SNORA8	1.48796719140966	0.251713298242678	0.374238779437929	-0.387
RSBN1	4.76872882316983	0.25188830008456	0.37440749115321	-0.1446
RPL13AP5	4.79697072577004	0.252413682420579	0.375152720551054	-0.1609
ZDHHC2	3.94141995196851	0.252481559091244	0.375197667299125	-0.1828
MDH2	8.14386347911836	0.253055565802667	0.375867090496582	-0.125
ACTR2	9.09169478717629	0.25309679318244	0.375892983563479	-0.1262
RALB	7.71143257221551	0.253114178732792	0.375892983563479	-0.1221
LOC100506603	0.497253698173767	0.254409886865673	0.377571489685369	-0.5195
AXIN1	4.56271349646317	0.254592568101808	0.377657567343212	-0.1527
CITED1	-1.90614518749895	0.254768584970645	0.377657567343212	-2.0495
LINC00636	-1.90606475959198	0.254868008720219	0.377657567343212	-2.0469
LOC100506827	-1.90606475959198	0.254868008720219	0.377657567343212	-2.0469
PTGES2	6.38144098619741	0.255708478999781	0.377657567343212	-0.1196
SNORD54	-0.95800165503833	0.256257235330714	0.377657567343212	-1.0854
EPC1	4.80793373194048	0.25663405076673	0.377657567343212	-0.1384
MTF2	6.41576568967043	0.256746981305761	0.377657567343212	-0.1282
TPTE2P6	-2.25321829298186	0.257115792315337	0.377657567343212	-3.6988
LINC00431	-2.25321829298186	0.257115792315337	0.377657567343212	-3.6988
KLK11	-2.25321829298186	0.257115792315337	0.377657567343212	-3.6988
PI3	-2.25321829298186	0.257115792315337	0.377657567343212	-3.6988
NPTX2	-2.25321829298186	0.257115792315337	0.377657567343212	-3.6988
SLC45A1	-2.25342112130056	0.257115792315337	0.377657567343212	-3.6966
APITD1-CORT	-2.25342112130056	0.257115792315337	0.377657567343212	-3.6966
TAL1	-2.25342112130056	0.257115792315337	0.377657567343212	-3.6966
LY9	-2.25342112130056	0.257115792315337	0.377657567343212	-3.6966
HMCN1	-2.25342112130056	0.257115792315337	0.377657567343212	-3.6966
C1QL3	-2.25342112130056	0.257115792315337	0.377657567343212	-3.6966
SPIC	-2.25342112130056	0.257115792315337	0.377657567343212	-3.6966
CT62	-2.25342112130056	0.257115792315337	0.377657567343212	-3.6966
LOC102723750	-2.25342112130056	0.257115792315337	0.377657567343212	-3.6966
SPIB	-2.25342112130056	0.257115792315337	0.377657567343212	-3.6966
TUBA4B	-2.25342112130056	0.257115792315337	0.377657567343212	-3.6966
LOC388813	-2.25342112130056	0.257115792315337	0.377657567343212	-3.6966
SPOCK3	-2.25342112130056	0.257115792315337	0.377657567343212	-3.6966
HLA-DQB1	-2.25342112130056	0.257115792315337	0.377657567343212	-3.6966
RAET1L	-2.25342112130056	0.257115792315337	0.377657567343212	-3.6966
ZNRF2P2	-2.25342112130056	0.257115792315337	0.377657567343212	-3.6966
LINC01447	-2.25342112130056	0.257115792315337	0.377657567343212	-3.6966
SUN3	-2.25342112130056	0.257115792315337	0.377657567343212	-3.6966
DEFB4B	-2.25342112130056	0.257115792315337	0.377657567343212	-3.6966
LINC01545	-2.25342112130056	0.257115792315337	0.377657567343212	-3.6966
MIR7113	-2.25362392214411	0.257115792315337	0.377657567343212	-3.6943
RNU6-36P	-2.25362392214411	0.257115792315337	0.377657567343212	-3.6943
LINC00341	-2.25362392214411	0.257115792315337	0.377657567343212	-3.6943
WFDC1	-2.25362392214411	0.257115792315337	0.377657567343212	-3.6943
LOC101928266	-2.25362392214411	0.257115792315337	0.377657567343212	-3.6943
TVP23C-CDRT4	-2.25362392214411	0.257115792315337	0.377657567343212	-3.6943
GMFG	-2.25362392214411	0.257115792315337	0.377657567343212	-3.6943
RIMS4	-2.25362392214411	0.257115792315337	0.377657567343212	-3.6943
CXCL11	-2.25362392214411	0.257115792315337	0.377657567343212	-3.6943
MOCS1	-2.25362392214411	0.257115792315337	0.377657567343212	-3.6943
GBX1	-2.25362392214411	0.257115792315337	0.377657567343212	-3.6943
MIR181B2	-2.25362392214411	0.257115792315337	0.377657567343212	-3.6943
CSF2RA	-2.25362392214411	0.257115792315337	0.377657567343212	-3.6943
LOC283352	-2.25382669551967	0.257115792315337	0.377657567343212	-3.6921
SNORD3B-1	-2.25382669551967	0.257115792315337	0.377657567343212	-3.6921
LINC01152	-2.25382669551967	0.257115792315337	0.377657567343212	-3.6921
SNORD11B	-2.25382669551967	0.257115792315337	0.377657567343212	-3.6921
ANKRD34B	-2.25382669551967	0.257115792315337	0.377657567343212	-3.6921
IDO1	-2.25382669551967	0.257115792315337	0.377657567343212	-3.6921
DYRK1A	5.47173969498961	0.257380321377299	0.378015699683344	-0.1255
SNORD1A	-1.46458385841466	0.257670053931951	0.378349915915845	-1.3384
PARP12	5.03269405443712	0.258037516476444	0.378828540473982	-0.1336
AP4B1	2.99056513388912	0.258384457481098	0.379307386279746	-0.2209
XAGE1E	4.52548419716933	0.25876399095459	0.379731831249943	-0.8887
IL1B	0.0949221809776905	0.258784462969237	0.379731831249943	-0.5937
SDHAF1	2.87400772843132	0.259668540311849	0.380855537232515	-0.2389
THAP4	5.17406887155139	0.259840546633463	0.381077202710516	-0.1525
SLC9A6	4.79524242696041	0.260374329151553	0.381768030920468	-0.138
SIX1	3.66711434621877	0.260758813938814	0.382239674583828	-0.1948
QRICH2	0.264775219224647	0.260875963364063	0.382380697484893	-0.5676
RDH5	-0.390533168518639	0.260947802651968	0.382435454437888	-0.7167
C4BPA	-0.957528790255096	0.260955217787729	0.382435454437888	-1.074
IKBKG	2.84487151833469	0.262228712131823	0.384178426183979	-0.2327
TTC26	4.93394324620971	0.262256604549437	0.384188458726892	-0.1451
TMEM120A	2.80167456488056	0.262552809110107	0.384468122492509	-0.2434
COPS2	6.67198662932767	0.26367809956411	0.385930200083572	-0.1238
ATXN7L2	1.48687202141822	0.263981364131473	0.386343096327094	-0.3432
C8orf59	6.53491575108413	0.264020450965398	0.386369326879703	-0.1493
ABCB10	4.65721379702708	0.26418111614245	0.386573457542207	-0.1421
KDM3A	5.71649895389489	0.265399040781758	0.388168954375243	-0.1306
CXCL16	4.89469384136027	0.266180063915773	0.389186548682232	-0.1418
SNORA45A	-0.668109536194136	0.268035267599359	0.391773566476694	-0.8049
JHDM1D-AS1	0.644672491636714	0.268083145338712	0.391812176871629	-0.4593
RBM15	5.27906016102375	0.268181039839216	0.39192387634524	-0.1355
CD83	0.167992989220177	0.268272951462253	0.392026815168086	-0.716
NFE4	0.240931938974197	0.270177835903026	0.394747224669519	-0.5233
SEC14L1	6.54098743925406	0.271685381251233	0.39672758919553	-0.1211
ANP32AP1	-0.0674980423196075	0.271918359655803	0.397004284539055	-0.8394
LOC101928741	-0.543983917039395	0.272931527672591	0.398292403612376	-0.8096
CDK16	5.98302333963181	0.272960216242323	0.398302430478766	-0.1312
TMEM206	3.11901132029369	0.273074732094222	0.398374005842426	-0.207
ELP3	4.83492580602451	0.273360214472868	0.398758615694501	-0.1361
TXNL1	6.02368489678422	0.273669144637284	0.399049832627657	-0.1236
ZFP69	3.23562851142723	0.273852225312944	0.399253012722657	-0.2019
PIEZO1	6.99547501823511	0.273929724020623	0.399288116043114	-0.1174
TCF7	0.241567712391057	0.274322889955871	0.399811486430974	-0.5255
PRR14L	5.92342154651566	0.274679716257554	0.400256069734141	-0.1204
NFRKB	5.59163144772009	0.274788794446117	0.400362668109202	-0.1245
MIR3685	-0.583938737187479	0.275066119243826	0.400670794934596	-0.7389
SMARCAD1	6.11742382807976	0.275257336507432	0.400853377096337	-0.1268
CXorf40A	3.37170233860112	0.275581133649583	0.401292907067623	-0.1881
ZBED3-AS1	-0.583626436100508	0.275988499576526	0.4017258848883	-0.7413
SIPA1L3	5.65497634021565	0.276030287725781	0.401754678523627	-0.1312
SCRIB	3.27335372407686	0.276538030524775	0.402436456096165	-0.4645
TVP23A	-1.01218617959135	0.27654279917432	0.402436456096165	-0.9652
FAM175B	4.73943501518661	0.277202062584319	0.403331541766105	-0.1379
SNORD79	0.241680125338506	0.278697830678726	0.405314076067141	-0.5269
RPL23A	10.2897315075521	0.278965116175345	0.40567047641366	-0.1427
ACRC	1.30952463763695	0.279661074907862	0.406617759120575	-0.3713
DPH7	4.31401296995154	0.280269079198377	0.407469324667163	-0.1495
WDR41	4.18531673599652	0.280348919848966	0.40752049373061	-0.1633
RPTOR	5.16212798111134	0.280516322190129	0.407666452627208	-0.1302
PSMD14	6.99513190487197	0.28094043286416	0.408152836413187	-0.1244
MUL1	4.00045929770101	0.281306587964428	0.408554739051599	-0.179
LINC01094	0.0152263121237283	0.281709199672389	0.409074383488636	-0.5697
B4GALT1-AS1	-1.32052936910318	0.281733742906745	0.409077484331944	-1.1121
FAM133B	5.21140325237979	0.282053207795106	0.409508776960988	-0.1428
PCBP2	8.04056133932621	0.282143242389781	0.409606921118715	-0.1232
VWA9	5.33033256057166	0.28219614570647	0.40965114790214	-0.1246
UBE2L3	7.15929744061165	0.282677360440885	0.410251839749487	-0.1348
ARL15	3.23826154130373	0.283524056095224	0.411382543957591	-0.2057
RMDN3	4.49359109646112	0.283865721813094	0.411714675253822	-0.1572
C7orf57	-1.32080842055363	0.283910471983154	0.41174686817004	-1.1114
LOC101930452	-1.32060892547152	0.28533077087833	0.413609540507765	-1.1128
BZRAP1-AS1	-1.32060892547152	0.28533077087833	0.413609540507765	-1.1128
PCDHGA2	-1.32060892547152	0.28533077087833	0.413609540507765	-1.1128
CDC34	4.98624782355226	0.285556702310833	0.413904180816719	-0.1262
COX20	0.194163922611746	0.285642653759777	0.41399589449337	-0.5436
CDK5RAP2	6.18938927802032	0.285818351732321	0.414184777681	-0.1172
NAF1	4.87463745204688	0.285852296906794	0.414190118100031	-0.1298
UPF2	5.65711326895294	0.285867412799101	0.414190118100031	-0.1531
RABL2B	3.83604818069847	0.286235277584532	0.414657294682051	-0.173
STUB1	4.41136271939162	0.286782424294955	0.415384000153023	-0.1983
NOX1	0.697052631678329	0.286927303715245	0.415554093197004	-0.486
ASPSCR1	3.20099924629847	0.28717066125488	0.415781393597358	-0.1983
AP3M1	6.04421450063666	0.287954375274633	0.416750838355296	-0.1157
LRRC75A-AS1	8.04854151651003	0.288036695594881	0.416836933395177	-0.1477
SMA4	-0.584055970735002	0.288159992764486	0.416982310392236	-0.7365
TAF1D	6.43817989111922	0.288254629628738	0.417086194697808	-0.1221
CNOT4	5.14464081951158	0.289033448269541	0.418080550796985	-0.1413
SRXN1	5.40296780507554	0.289158465604794	0.418228248144598	-0.1204
ZNF714	2.1947329705222	0.289199266212194	0.418229322311189	-0.2652
FAM173B	3.98034209254073	0.289248796717885	0.418259487753007	-0.1944
ZNF526	3.08674978244628	0.289601104516256	0.418636294564002	-0.2107
NDUFS1	6.86100781751818	0.289929484189554	0.419077803908512	-0.1106
ANGPT2	-1.32032983805745	0.290358176723718	0.419664228823386	-1.1141
AAED1	4.39045447221552	0.290962125625707	0.420414012655767	-0.1469
ASXL2	6.69266675380039	0.291607423577473	0.421171664851599	-0.1121
RPL27A	9.92493283068334	0.291608777592255	0.421171664851599	-0.1208
NFYA	5.39751443362803	0.291960419760581	0.421637414419344	-0.1183
EML6	0.746439452300613	0.291977442653886	0.421637414419344	-0.4236
SLC7A5P1	-0.503509684849008	0.29200240462044	0.4216401090525	-0.6875
VPS8	4.75201516181449	0.292151044235018	0.421821374846131	-0.1362
PSMA5	6.81436410157921	0.292236748444441	0.421878386810194	-0.1209
TIMP4	-0.503626562080816	0.293008335311685	0.42280083530271	-0.6862
SNORA73A	0.331624685956062	0.293655378576294	0.423624859050875	-0.4888
PGAP3	2.83768567432976	0.294352751829899	0.424496708855883	-0.2176
LDOC1	5.92245824954668	0.294525203254386	0.42464477259612	-0.1474
ZNF669	2.68280330158894	0.294886286376294	0.425064669884376	-0.265
FAM195A	4.04774704433457	0.295058590472408	0.425279458997653	-0.1546
CIAPIN1	6.06791658433692	0.295462609874662	0.425693742078117	-0.1315
RNASEK	0.571782832274648	0.296242687256142	0.426682958465336	-0.4772
YBEY	4.31477148264649	0.296290346285092	0.426717936397968	-0.1507
BCAS4	2.83885177058186	0.296467432958566	0.426909280517207	-0.2184
DAZAP1	7.01960783789336	0.297146179550874	0.427724830494785	-0.1172
PRPF4B	6.91606096407015	0.297433940583829	0.428094766579816	-0.1344
LRRC69	0.0688773650165067	0.297866741117572	0.428616317950847	-0.5447
RAP2C	5.77706441404132	0.298598071910931	0.42953324409471	-0.1275
CDK8	4.44711349041371	0.298935698520559	0.429985038779651	-0.1361
EPSTI1	3.22450284063883	0.299145472580918	0.430252875398822	-0.1939
RPGRIP1L	5.30579587844043	0.299277343887569	0.430388585345965	-0.1342
SPIDR	4.83830334072143	0.299286979128343	0.430388585345965	-0.1262
MED28	5.3624421497718	0.299326882477936	0.430412064155419	-0.1176
GVINP1	-1.71295032796026	0.299981996599017	0.431184263436867	-1.4638
LOC105379198	-1.71295032796026	0.299981996599017	0.431184263436867	-1.4638
DCTN3	4.8328259671438	0.300009308111653	0.431189570846035	-0.1265
LINC01356	1.4966620465065	0.300158386027172	0.431347764808913	-0.3187
TCAF2	1.09355374439046	0.300649368742506	0.431973467319628	-0.4379
PRMT5-AS1	-1.32068847774809	0.300914885550683	0.432286917737903	-1.115
GTF3C3	6.24888370933009	0.301030160453837	0.432412776424746	-0.1259
ZSCAN26	2.70545629169441	0.301049867898692	0.432412776424746	-0.2162
HACL1	3.61696661469418	0.301309505156107	0.43267668145712	-0.1813
TMC2	-1.32112780801404	0.301400313255851	0.432745900023501	-1.1058
MTMR4	4.88427922955845	0.301487163420881	0.432836556732589	-0.1377
MFSD1	5.54373752423141	0.301905594588796	0.433369125240845	-0.1216
TMEM186	3.94626679434255	0.30198559996939	0.433449887022657	-0.1796
SHBG	-1.71315145426343	0.302244520428395	0.433753318523762	-1.4622
LOC401010	-1.71315145426343	0.302244520428395	0.433753318523762	-1.4622
DPAGT1	4.61701807618904	0.302604442703093	0.434139376900443	-0.1353
RPL34	9.14417308034928	0.302882854848692	0.434362089404378	-0.1172
PCDHGB1	0.374567939441359	0.303170786581424	0.434672573614268	-0.4718
LOC105369154	-1.71287013059844	0.303463208103002	0.434750398424892	-1.4631
CPAMD8	-1.71287013059844	0.303463208103002	0.434750398424892	-1.4631
GPBAR1	-1.71287013059844	0.303463208103002	0.434750398424892	-1.4631
HMCES	5.71270226184973	0.303746283481099	0.435034012061775	-0.1119
NPW	-1.71274917508497	0.303756493851415	0.435034012061775	-1.4655
ZC3H12D	-1.71274917508497	0.303756493851415	0.435034012061775	-1.4655
POLR3D	4.46723380667022	0.303946615223269	0.435238011413914	-0.1342
CYP1A1	1.29850774803909	0.304131042571712	0.43545563713165	-0.3461
ATP6V1A	6.63549356130808	0.304146298699916	0.43545563713165	-0.1231
DGKE	4.00203264213292	0.305230295864077	0.436904836231346	-0.1512
ACOT11	2.64536704807461	0.30548972131616	0.437195338629033	-0.2251
KCTD5	5.01227483379795	0.305648656689808	0.437332226391499	-0.1209
RASA2	4.37785481649872	0.305730473907633	0.437410683472249	-0.1394
ARHGAP23	1.12028820136109	0.306223253535409	0.437948430594785	-0.3702
LOC101927768	-0.390648486070718	0.306681840224934	0.438311358281727	-0.725
CFAP44	4.48359901624209	0.307043921041322	0.438641037837889	-0.1425
TLN1	6.391666415354	0.307305106133217	0.438911126393993	-0.1089
ADAM20	-1.71282937881884	0.307557086079474	0.439236655203542	-1.4669
LOC100505851	-1.71266896712251	0.307757832518852	0.439480724867726	-1.4651
MTMR9	3.10821218898393	0.307776132089936	0.439480724867726	-0.2016
MRPL55	4.71829404428906	0.3080349549257	0.439697884900648	-0.1463
COMMD3	2.77293626343376	0.308048638687516	0.439697884900648	-0.2456
RLIM	7.50378379695052	0.30816384679306	0.439827940509272	-0.1092
SMAGP	5.17920755523333	0.308682659339628	0.440499541069666	-0.1227
THSD1	-0.427614085466493	0.309396098283144	0.441345145355295	-0.641
BEAN1	-0.427614085466493	0.309396098283144	0.441345145355295	-0.641
CDKN2B-AS1	1.26218233528443	0.309655943761916	0.441620451142843	-0.4235
ECD	4.83709511391171	0.309661667127494	0.441620451142843	-0.1336
SRP9	7.80435304979738	0.309795055103693	0.441741664139109	-0.1207
USP45	4.14322107268168	0.309908363078641	0.441868718866267	-0.1488
NSMCE1	5.07964113008441	0.310336144623509	0.44240954679422	-0.1186
KIDINS220	6.74127774913535	0.310591495528167	0.442738997607732	-0.1126
LOC100289097	5.1482816322809	0.310733296991264	0.44290654824114	-0.1273
KIAA1549	4.01528376215439	0.311423310326583	0.443855410517768	-0.1542
PHRF1	1.51453288954847	0.311639063878772	0.444119833800817	-0.3485
MTG1	3.99789651819437	0.311661185052197	0.444119833800817	-0.162
MDP1	-0.427807899975682	0.312024808662703	0.444539168639481	-0.6401
PTBP3	8.79223968799218	0.312103996700848	0.444617289408559	-0.1099
BTG4	-1.71335255400109	0.31236340030979	0.444952109554894	-1.4587
WEE1	5.21953688645062	0.312615810750645	0.445242178269915	-0.1266
PDLIM4	2.14403544352027	0.313079462091587	0.445867747869882	-0.2928
PPP4C	6.12164841009913	0.313866984685915	0.446745335445663	-0.1124
LOC105377310	-0.806435410450706	0.314133272776308	0.447054648254154	-0.7756
STRN4	5.81444270878625	0.314178241413133	0.447057828991072	-0.1597
PPP1R35	4.75572077542587	0.314184484331478	0.447057828991072	-0.1396
PLEKHO1	0.680401208101452	0.314732168584809	0.447767337101331	-0.4492
TMEM184C	5.11242772985455	0.314859120596677	0.447878144429869	-0.1172
ABCA4	-0.127791297050534	0.315565374956918	0.448839657181346	-0.5661
ZNF788	2.82726669361755	0.315608823358728	0.448839657181346	-0.2142
TUBB1	0.0941307155893932	0.31628888124167	0.44963166297679	-0.5995
PDIK1L	4.04588846727112	0.316773437408117	0.450250379424056	-0.1454
NR0B2	-1.18941917203171	0.316941706330953	0.450431302120417	-0.9549
GPATCH3	3.02524068945957	0.316950071595031	0.450431302120417	-0.2009
LOC100132111	-1.32020985818311	0.317873749647008	0.451603359809788	-1.1217
SAP18	7.06355991649738	0.318047954403742	0.451772458625773	-0.104
C2orf66	-1.71343272594413	0.318506399990506	0.45232616400052	-1.459
ENY2	5.77308422078563	0.319070584735673	0.453021667050431	-0.113
RBM5	5.89919869734231	0.319658289819135	0.453644413785613	-0.1278
FMR1	6.61549296742668	0.320534004758511	0.454675119725825	-0.1074
EPM2A	1.05476136117735	0.321960972868196	0.456415555263378	-0.3587
IDI2-AS1	-1.18914099523601	0.322087224934974	0.456488190234678	-0.9557
MYO1H	-1.18914099523601	0.322087224934974	0.456488190234678	-0.9557
CCP110	4.75522740643879	0.322223546385929	0.456610499326362	-0.1274
IL32	0.0683474103738545	0.322407088390528	0.456835129281084	-0.5381
CREB3L2	5.27985237953259	0.323036894751173	0.457549969010583	-0.112
CHTOP	6.4267091603419	0.323087851044069	0.457586641478706	-0.1231
IPO13	4.39561508959086	0.323153825888806	0.45764457725747	-0.1309
REV1	5.47963505296855	0.323625269493474	0.458276676999135	-0.1088
LINC01032	-1.71262820996702	0.323923397709098	0.458592132499209	-1.4733
CLEC19A	-1.71262820996702	0.323923397709098	0.458592132499209	-1.4733
TIGD7	3.41761692662345	0.325282495295305	0.460195073939173	-0.1826
HOMEZ	4.34301084356576	0.32582869318527	0.460753572640611	-0.1621
SNORD44	1.51463223391562	0.325992623148011	0.460878287631851	-0.3557
CISH	2.33212041390301	0.326120403969667	0.461023237948756	-0.2797
RANBP17	2.68834760193905	0.32666993665492	0.461692836074338	-0.2173
TFAP2E	-0.0687215494009096	0.32673597115618	0.461750417202913	-0.5404
PQLC1	3.59958462223946	0.326806320002486	0.461814086072095	-0.1962
FZR1	4.97117778603872	0.326949434119987	0.461980562638892	-0.1264
CDCA7L	5.73646470298099	0.32871047533907	0.464253321815725	-0.1082
VANGL1	5.76851103969212	0.328789093853009	0.464328436402919	-0.1125
PCDH1	3.7399417369527	0.329145725545673	0.464796129761898	-0.1891
MTFMT	3.32982406058188	0.329735504339774	0.465520947121407	-0.2012
MRPL28	5.63272289130995	0.329991187631976	0.465773861250143	-0.1075
ABCA7	3.98053649892023	0.330285943441412	0.466153860337566	-0.1513
CNPY3	4.08397500325579	0.331056081565014	0.467168572702396	-0.1607
CKMT2	-0.35520784383469	0.331137457226722	0.46724728854004	-0.6025
ZNF251	-1.25451690934483	0.331352090643241	0.467477879967775	-1.2267
ZP3	3.5500374210817	0.331553269189845	0.467725560801314	-0.1748
CCDC107	-0.189828854423233	0.331864201307219	0.468128021871782	-0.5905
PNPLA3	1.55461385507849	0.332103473305524	0.468393155799262	-0.3097
LOC100130238	2.0690899897138	0.332872598803789	0.469369132908161	-0.2661
KIAA0196	5.84026733220251	0.332938675314201	0.469426046998459	-0.1067
AP3B1	6.55122130238117	0.333117314157291	0.4696416470195	-0.1041
LUC7L2	4.46718847274451	0.333706168829854	0.470362864280252	-0.1469
MSRA	2.17593895047769	0.334070070115986	0.47076674643284	-0.2578
ADCY9	4.31071516550597	0.334458744833065	0.47120704551079	-0.1358
RPL5	11.1756514724874	0.33445995265824	0.47120704551079	-0.1227
UBA6	6.80822417740833	0.335099373923201	0.472071469275558	-0.1119
SNORA62	-0.713143089563911	0.335132925927793	0.472082306769892	-0.7108
LATS1	4.99968552679958	0.335324732013497	0.472243177323027	-0.1166
KIFC1	-1.32132723626263	0.335503696415138	0.472458769033844	-1.0974
CREB1	6.22917389998455	0.335790115563954	0.472825634379911	-0.1099
HIST1H3F	-1.18902141240814	0.335902626273196	0.472947581771052	-0.9594
SYNE4	3.41031285734257	0.336048792789231	0.473080410330059	-0.1763
SMTN	4.01644027453313	0.336636240207027	0.473834325460253	-0.1519
CCBL1	1.97398294573885	0.336782576395971	0.474003755661464	-0.2526
MAFG-AS1	-0.712947100759462	0.337053754942589	0.474348855244519	-0.712
C19orf43	6.59155435093475	0.337148011889297	0.474444932170739	-0.1063
ST14	8.13529197091242	0.337496027684653	0.474824867556336	-0.1011
MOCS3	4.07695270825714	0.337885270303717	0.475335863039582	-0.1505
MPL	-0.0127986359852276	0.338416049110792	0.476045877066314	-0.5137
STX18	5.22442850377151	0.338570790844439	0.476153482601963	-0.127
NFYC	5.68154421403186	0.339287178784752	0.477087478694787	-0.1056
IL6R	5.44860797960383	0.339584628602876	0.477468960241382	-0.1061
FRYL	7.19353643054803	0.340250697287847	0.47836863532437	-0.103
PRPS2	5.41539972839061	0.340573865581447	0.478749248483475	-0.1076
SDR42E1	1.84944030228786	0.341252794029369	0.479592841247126	-0.2616
PGRMC1	7.20330478132364	0.341390007197591	0.479748746932432	-0.1026
LINC01234	-1.1289972043446	0.341495012007627	0.479859370321062	-1.0697
ZFAND6	6.41159150258001	0.342488709895351	0.481144585444366	-0.1113
TUSC2	4.7885350926971	0.343294802596883	0.482091532016054	-0.1178
NDRG4	3.67455550760721	0.343439817459589	0.48225808072781	-0.1547
SLC35A5	4.24951573607246	0.343652436208432	0.482482417551421	-0.1417
FGFR1OP2	6.06648157055165	0.34404233561138	0.482955546245394	-0.1014
RGMB-AS1	-0.286548654641737	0.344281926330195	0.483217563395405	-0.5663
GAS5-AS1	0.495819331943303	0.344488940398545	0.483433783989226	-0.4252
RNF38	4.88329597368402	0.344564939252613	0.483466107985221	-0.1301
MGLL	7.45338255309398	0.344805557697671	0.483748419730775	-0.1077
STAR	-1.71355362717986	0.344997705330669	0.483887377728695	-1.4476
ZNF674	2.05689522865994	0.345240707333273	0.48412644015508	-0.2692
C2orf74	5.11968286239823	0.345937089794778	0.484957572224825	-0.1488
JDP2	3.96891225050234	0.346141847544521	0.485156665548773	-0.1434
SNORA6	0.242503328974995	0.346689289856334	0.485812072122907	-0.535
FAM83G	3.49956783834663	0.34690053502365	0.486033474089927	-0.1614
PTAFR	3.46054373660205	0.347071592748164	0.486235822055904	-0.1704
POMP	7.25961682185529	0.347258968157593	0.486460997750538	-0.1241
MARVELD1	3.82239597650903	0.347911866084362	0.487226068367299	-0.1744
FN3KRP	5.21754404326146	0.348365159251312	0.48763643208802	-0.1123
KLC2	4.41109254559716	0.349250358323387	0.488725627897574	-0.1425
APRT	7.06277001707461	0.350407556438882	0.490157102930675	-0.1006
SCYL1	5.24016765133497	0.350978923468708	0.490918727156354	-0.1236
GGA2	5.92589203220013	0.351498412524518	0.491526855156566	-0.1042
ZNF335	4.46139723317956	0.351505639268834	0.491526855156566	-0.1324
TMEM14A	4.19262519880677	0.351525615494613	0.491526855156566	-0.1317
LPCAT4	3.97222213548794	0.351743374618813	0.491724255076274	-0.1432
GNB1L	3.02830663405116	0.351927635560131	0.491944174179613	-0.1808
C12orf60	2.7640108303246	0.352107797142501	0.492158329732294	-0.2104
C8orf76	1.20622963381634	0.352565015699723	0.492533434849567	-0.3217
RRBP1	6.72289428441921	0.352927072051016	0.492963781741649	-0.1201
LRRK1	3.50175519834563	0.353503692171325	0.493731421029739	-0.1563
FUBP3	7.32420163335202	0.353738725100463	0.494021891480573	-0.1227
ZNHIT2	3.27483327743488	0.354044746219683	0.494335823096484	-0.1723
ITGA7	1.50619002445146	0.354106749955381	0.494384584520146	-0.3321
MRI1	3.89593891215752	0.355219363897397	0.495862112502744	-0.1406
FAM195B	2.46819844754952	0.355597268445321	0.496275799460117	-0.2181
PPIL2	4.66885517738781	0.356124206524876	0.496897241999247	-0.1372
CCNT2-AS1	0.0682338061626786	0.356277076792696	0.497034564720117	-0.534
CPT1C	-1.06945658204398	0.356471568332601	0.497267895734696	-0.836
TMEM251	-1.54316041270626	0.35696622218883	0.497843800785277	-1.1468
SP9	-1.54316041270626	0.35696622218883	0.497843800785277	-1.1468
COLQ	-1.54316041270626	0.35696622218883	0.497843800785277	-1.1468
ST3GAL4	3.26085759477346	0.357078069958046	0.497922710172455	-0.1702
KCNH7	-1.54308048052371	0.357133046491654	0.497922710172455	-1.1463
LOC441239	-1.54308048052371	0.357133046491654	0.497922710172455	-1.1463
CSNK1G2	5.40370790425657	0.357159174501988	0.497922710172455	-0.1169
ZNF721	5.66248425156248	0.357740688670782	0.498581114006702	-0.1158
CGB5	-1.54295993478333	0.357907105245746	0.498622719273988	-1.1481
CIDEC	-1.54295993478333	0.357907105245746	0.498622719273988	-1.1481
ANXA6	-1.54295993478333	0.357907105245746	0.498622719273988	-1.1481
SNORA22	-1.54295993478333	0.357907105245746	0.498622719273988	-1.1481
HGS	5.8735297741591	0.358576305857375	0.499364485447574	-0.1213
SLC39A10	6.1210500141331	0.358606742698194	0.499368779153183	-0.1004
HIATL1	6.54747194906529	0.358677598288882	0.499429352022105	-0.0978
E2F2	2.4018775177762	0.358808307352755	0.499573250383762	-0.2174
PARN	2.39623047075459	0.358858992330349	0.499599214073162	-0.2256
USMG5	6.72535160060153	0.359652677492402	0.500519841462212	-0.1307
H19	-1.71363378853124	0.359849682714531	0.500679506717208	-1.4478
ATG4D	2.92798957335301	0.359987796425365	0.500795337311702	-0.189
FLCN	4.62564065097654	0.360871482345402	0.501948173843631	-0.1217
CD79A	-0.625772868207655	0.361394975646104	0.502638021895115	-0.6513
ST13P4	0.168589571240703	0.362169129605616	0.503637997416219	-0.4904
Sep-09	7.91954103098236	0.362499418376442	0.503982132501738	-0.1075
TFIP11	4.64083661775163	0.362595147322372	0.504076835936432	-0.1196
USP32P1	-1.54336086441198	0.362827443458687	0.504361365094175	-1.145
FAM196A	-1.54328094268693	0.363026183963913	0.504560792877442	-1.1442
SLC22A14	-1.54328094268693	0.363026183963913	0.504560792877442	-1.1442
PCM1	7.09667725773463	0.363096994397572	0.504620792457527	-0.1089
ACRV1	-1.06870383370968	0.363378641986298	0.504935339328806	-0.8393
ERICH1	5.1304758060769	0.363653563287112	0.50520199766909	-0.1217
MYEF2	3.76402531354224	0.363873364155924	0.505436637923317	-0.1461
SLC25A23	5.14119116700465	0.363877833710898	0.505436637923317	-0.1278
SGSM2	6.37224610621088	0.363917399094804	0.505453137391566	-0.0999
ARCN1	7.5159284846897	0.364461419975992	0.506039601419494	-0.0939
THNSL1	4.60345460208496	0.364507998956343	0.506039601419494	-0.1208
TRUB2	5.82534195849835	0.364902854182208	0.506319244741753	-0.1136
JRK	4.35208549234432	0.365101828053625	0.506453711903936	-0.1313
LOC105376908	-1.54300054416886	0.36534739971715	0.506706839568206	-1.145
HIST1H3A	-1.54300054416886	0.36534739971715	0.506706839568206	-1.145
SNHG15	4.11836487648176	0.365817734392593	0.507260465441215	-0.138
TEX21P	-1.54303987325303	0.36605860751648	0.507500451004014	-1.1496
HNRNPA1L2	4.02928045209039	0.366152427081201	0.507591974242114	-0.1493
CSTF3-AS1	-1.54267947753152	0.366272445430359	0.507642709062908	-1.15
SNORD18B	-1.54267947753152	0.366272445430359	0.507642709062908	-1.15
PLSCR3	-1.54267947753152	0.366272445430359	0.507642709062908	-1.15
SPAG17	-1.54280004532477	0.366585357695464	0.507983333029611	-1.147
SNORD60	-1.06913923782562	0.366601687810316	0.507983333029611	-0.8401
UBE3A	6.53678661780341	0.367236978386897	0.508741094897919	-0.1056
SP2	4.53372971656748	0.368184205148383	0.509789218747734	-0.1207
ERICH5	-0.356019687280778	0.368280949811757	0.509845834516071	-0.5932
BZW2	6.81337296717228	0.368861866945449	0.510533907729805	-0.1007
NCOR2	6.76966410171759	0.369164366295794	0.51091385574225	-0.1148
KCNMB2	-0.713613140995701	0.370122765759648	0.51208497246746	-0.708
SETD1B	5.42547862736242	0.370277962632512	0.512222056968943	-0.1108
ZC3H13	6.65308641433147	0.370524788630004	0.512524665951611	-0.1409
MYPN	-0.626006601817884	0.370829209412051	0.512868033865637	-0.6526
ATP8	10.1881386153345	0.371082725851862	0.513179777528338	-0.2764
SLC17A5	3.15662680387895	0.371564150174609	0.513612109153302	-0.1749
PRR5L	1.8125425284749	0.37159404541818	0.513614543697327	-0.2895
KMT2E	6.56857668357483	0.372107534608483	0.514285347249032	-0.1158
PTPRK	3.11103502497912	0.372489735520033	0.51477461102602	-0.6364
CLEC2D	3.14636937458204	0.372760773822895	0.515110187488515	-0.1799
PATL1	6.78872527865921	0.372956977491962	0.515262127971377	-0.1075
C15orf27	-1.54344078196615	0.372983622981033	0.515262127971377	-1.1452
MIR4784	-1.54344078196615	0.372983622981033	0.515262127971377	-1.1452
SPRY3	-1.54344078196615	0.372983622981033	0.515262127971377	-1.1452
ARPC1B	7.22756345868701	0.373229232335758	0.515562414158717	-0.1049
ATP5A1	8.49890118194044	0.373377229384057	0.515722964742581	-0.1123
HEXIM1	6.16177312311053	0.373401958148961	0.515722964742581	-0.123
APOH	-1.5432010167906	0.373691574221045	0.515927806018256	-1.1416
GNG10	-1.5432010167906	0.373691574221045	0.515927806018256	-1.1416
MED16	3.99780937028759	0.374507074191772	0.516858266287042	-0.1462
TCEB3-AS1	-0.15833066243356	0.374683456951494	0.517023521549998	-0.5053
RASAL1	2.26981117851874	0.375298426509605	0.517754709767955	-0.2344
PTTG1IP	7.15605555990387	0.375450248955222	0.517922228780386	-0.0937
ACTR1B	5.38960065879376	0.375476593881924	0.517922228780386	-0.1042
GCNT2	4.39494508429806	0.376648622457777	0.519381920959981	-0.1203
TOX2	-0.429083901002923	0.37670855722522	0.519398740300766	-0.818
C1orf111	-0.958280898147598	0.37714453784157	0.519908682536866	-0.7454
TAF6L	3.36696359595484	0.377306565024063	0.520092770392577	-0.1586
PPP1R3E	2.03442237004339	0.377899972415115	0.520832092436233	-0.2566
GRIN2D	4.66583539360999	0.378282954671488	0.521281221352859	-0.1279
POLR2C	6.50826753090862	0.378524738788264	0.521575034441736	-0.0995
SMIM4	4.45171750981741	0.378648981710998	0.521667482462907	-0.1465
PI4K2A	4.3664834984048	0.378769483979008	0.521772188927482	-0.1183
TXN2	5.49758579661815	0.378782143944781	0.521772188927482	-0.0997
PIGA	4.14849389458387	0.379023337160422	0.522065040229414	-0.129
SNHG3	5.48328733185053	0.379436337577394	0.522594475957217	-0.1277
MKNK1-AS1	-0.221512918957683	0.379485837420375	0.522623223291066	-0.5298
LINC00337	-0.957885747448818	0.380535182529837	0.523942933068711	-0.7474
DCTN1	6.90665879683186	0.380558900771862	0.523942933068711	-0.1214
CLPTM1	5.61128211793541	0.380976776939137	0.524478699932199	-0.1111
ORMDL1	5.31158178074427	0.3810722591335	0.524550147990859	-0.102
NRG4	0.14500357434219	0.382898104779806	0.52676622463151	-0.4478
CYTB	12.9883453570399	0.383366476371976	0.526826057959461	-0.1706
CAPRIN1	8.45038079288489	0.383385688229523	0.526826057959461	-0.0957
MIR6739	-2.01254955075193	0.38401508622239	0.526826057959461	-1.7563
TTC36	-2.01254955075193	0.38401508622239	0.526826057959461	-1.7563
NTAN1	-2.01254955075193	0.38401508622239	0.526826057959461	-1.7563
C19orf80	-2.01254955075193	0.38401508622239	0.526826057959461	-1.7563
LOC105372343	-2.01254955075193	0.38401508622239	0.526826057959461	-1.7563
RAPGEF4	-2.01254955075193	0.38401508622239	0.526826057959461	-1.7563
CCM2L	-2.01254955075193	0.38401508622239	0.526826057959461	-1.7563
LOC101927354	-2.01254955075193	0.38401508622239	0.526826057959461	-1.7563
GBGT1	-2.01254955075193	0.38401508622239	0.526826057959461	-1.7563
LINC00624	-2.01246896514177	0.384038189051518	0.526826057959461	-1.7556
ASGR1	-2.01246896514177	0.384038189051518	0.526826057959461	-1.7556
GALR2	-2.01246896514177	0.384038189051518	0.526826057959461	-1.7556
GIPC3	-2.01246896514177	0.384038189051518	0.526826057959461	-1.7556
LOC105374089	-2.01246896514177	0.384038189051518	0.526826057959461	-1.7556
KDR	-2.01246896514177	0.384038189051518	0.526826057959461	-1.7556
SLMAP	6.64591918555948	0.384131194533281	0.526914049695663	-0.093
PATZ1	4.51605040521644	0.384782227271234	0.527727769593844	-0.1226
SLC5A10	2.24230664792724	0.385263271297435	0.528347827584584	-0.2308
SLCO1C1	-2.01275166533819	0.386091892244491	0.528589237081538	-1.7544
FFAR2	-2.01275166533819	0.386091892244491	0.528589237081538	-1.7544
CYTIP	-2.01275166533819	0.386091892244491	0.528589237081538	-1.7544
INPP5D	-2.01275166533819	0.386091892244491	0.528589237081538	-1.7544
PKD1L1	-2.01275166533819	0.386091892244491	0.528589237081538	-1.7544
LOC101927178	-2.01267109053751	0.386119210899507	0.528589237081538	-1.7535
CFD	-2.01267109053751	0.386119210899507	0.528589237081538	-1.7535
ZNF662	-2.01267109053751	0.386119210899507	0.528589237081538	-1.7535
SCARNA7	-2.01267109053751	0.386119210899507	0.528589237081538	-1.7535
PTCD1	-2.01267109053751	0.386119210899507	0.528589237081538	-1.7535
SNORD19B	-0.188525423140137	0.386212675750606	0.528589237081538	-0.5993
DFFA	5.65206759443243	0.386326123408533	0.528589237081538	-0.1115
BMS1P17	-0.958478436443948	0.386425897425616	0.528589237081538	-0.7438
C1orf220	1.15534603051311	0.386499057118466	0.528589237081538	-0.3781
MIR6773	-2.01234740905917	0.386995646236695	0.528659857771107	-1.7587
GAS7	-2.01234740905917	0.386995646236695	0.528659857771107	-1.7587
LOC102724624	-2.01234740905917	0.386995646236695	0.528659857771107	-1.7587
EML2-AS1	-2.01234740905917	0.386995646236695	0.528659857771107	-1.7587
PLA2G4D	-2.01226681263676	0.387025580582321	0.528659857771107	-1.7578
LOC101927795	-2.01226681263676	0.387025580582321	0.528659857771107	-1.7578
SNORD119	-2.01226681263676	0.387025580582321	0.528659857771107	-1.7578
RPS6KA2-IT1	-2.01226681263676	0.387025580582321	0.528659857771107	-1.7578
SNORD5	1.90368507239662	0.387614756206841	0.529345825053268	-0.273
PRKXP1	-0.287434731347254	0.387980975913929	0.52980632031451	-0.5572
FAM188A	2.93518896383031	0.388224120701623	0.530098694654362	-0.1765
BST1	-0.957964550254053	0.389226052181432	0.531427029289075	-0.7486
CD2BP2	5.49077335469355	0.390412828095603	0.532887969324361	-0.0974
ARPC4	5.60962198791249	0.390662086264373	0.533188325870394	-0.135
IFNAR1	6.09160198475769	0.391285121916221	0.533958826857717	-0.1
POU2F3	0.515489282218358	0.391856246100174	0.534558998680322	-0.3754
TBX15	0.241117089390466	0.391862705472051	0.534558998680322	-0.4162
SLC12A6	4.27313050268567	0.391970668141669	0.534654551523783	-0.1218
TARS	8.4722152801675	0.392159762654765	0.534872516027299	-0.1029
GOLGA7	4.89961980117821	0.39241924393226	0.535106492174137	-0.1072
RNF166	3.61241700118012	0.394579712057247	0.537650934715413	-0.157
ZYG11A	4.37558542417773	0.39484107469919	0.537966912434391	-0.1186
SYCP2	0.240892341718079	0.39495620073586	0.538043459490625	-0.4137
SNORA1	-0.1577563080546	0.395076254598502	0.538166848526358	-0.509
LOC400043	-1.06941766650778	0.395600351990432	0.538689834655013	-0.8273
RPS2	11.0869536468066	0.395684983671792	0.538754852469587	-0.1168
ZBTB49	2.04946422744347	0.396605448001777	0.53984708162246	-0.227
AAAS	4.50353211067805	0.396849041266994	0.540098113714793	-0.114
TMEM39A	4.96138539027435	0.397025525061319	0.540257750858635	-0.1124
NKAPP1	1.09472990903756	0.397499640615572	0.54085647480583	-0.3198
CCDC168	-0.958320878182798	0.397555602459668	0.54085647480583	-0.7415
FBXW4P1	-0.958320878182798	0.397555602459668	0.54085647480583	-0.7415
FAM174A	2.98884469475199	0.397584021247493	0.54085647480583	-0.2123
DGCR14	3.38168911514948	0.397765082981259	0.540908362223283	-0.1529
GALNT13	-2.01295375282486	0.397770309095507	0.540908362223283	-1.749
LOC644936	-2.01295375282486	0.397770309095507	0.540908362223283	-1.749
HIST1H2AD	-2.01295375282486	0.397770309095507	0.540908362223283	-1.749
ZNF182	2.98912485747637	0.398183846116475	0.541390056952585	-0.1786
CHIC1	4.8918463900223	0.39826999464486	0.541466861947912	-0.1085
PLCXD2	-0.0983759499244759	0.398983741432775	0.541993242324336	-0.482
TIMM10B	4.26408091323976	0.399419558406766	0.542504535248413	-0.1249
LINC00628	-0.542895095119715	0.399477273216015	0.542542560618329	-0.6107
SAYSD1	3.68117973835208	0.399856968689854	0.542882798936687	-0.1551
LOC103021295	-2.01214524025295	0.400295773007971	0.543290434319643	-1.7661
PDLIM7	5.33384319726935	0.400497024963834	0.54352317036424	-0.0975
LOC101927040	-1.39101203118474	0.400706180803959	0.543726180820357	-0.9464
TRIM25	7.51283414588613	0.401426503059282	0.544622639703497	-0.0956
HSPA12B	-0.0406748435753349	0.402845762384628	0.546345162922054	-0.456
FZD9	-1.39109171034982	0.403886837449539	0.547441093286416	-0.947
GLUD2	-0.855122484565332	0.403893738249054	0.547441093286416	-0.6728
SRRM2	8.87997279742931	0.404057131513178	0.547621899992916	-0.1034
POLR3GL	3.8391526588464	0.405745892257007	0.549461984203244	-0.1335
SERPINB3	-0.464519841452016	0.406608500802923	0.550466799455556	-0.5667
ZNF668	2.37944680904219	0.406639193809726	0.550467530935071	-0.2146
KIAA1143	5.62317637423264	0.406892877524084	0.550770102474952	-0.0931
PEX3	4.8583963094011	0.407047613876508	0.550919308347286	-0.1039
SCCPDH	5.03105113364938	0.407090634879306	0.550919308347286	-0.1131
SRPX2	5.75268487238234	0.407093638782038	0.550919308347286	-0.0906
CSK	4.68233313441163	0.407605146407244	0.551511183040758	-0.1071
FLRT2	2.18796355433656	0.407612136228642	0.551511183040758	-0.247
DVL1	5.79852743151735	0.40793568453781	0.551888767745211	-0.0911
LOC100996664	-0.855319397265051	0.408392611103666	0.552390568890015	-0.6717
CCDC9	3.46710620410178	0.40874722205364	0.552829255134928	-0.1412
TMEM88	-1.39089187675301	0.408854046828358	0.552890567378173	-0.9489
TMEM191A	0.778701481384145	0.408876494010968	0.552890567378173	-0.3373
BLOC1S4	4.47771605708114	0.409196962376006	0.55327357022192	-0.1112
ATP5E	-0.855162330613645	0.40941352822104	0.553525392224195	-0.6707
CBR3	1.62502448124427	0.409453394036459	0.553538296914218	-0.2828
LOC101927989	0.241789853120107	0.410189663845811	0.554369447969286	-0.4167
MED23	5.03951244595652	0.41087417502117	0.55513017607952	-0.0999
SNORD58C	0.841733020165198	0.411932750322868	0.556395700643258	-0.3232
ZNF287	3.03960092115652	0.412046464019904	0.556508119194154	-0.162
SNORD23	-0.958043349123886	0.412462919729799	0.556988169434663	-0.7516
AKIRIN1	5.48169975753148	0.41287251869436	0.557458819708915	-0.0909
VAC14-AS1	0.590390146804906	0.412940248219889	0.557509035017179	-0.3539
ZCCHC4	4.66464026888624	0.414603454046838	0.559547620098993	-0.1047
GSTA4	1.55431645334701	0.41488825496086	0.559849211513449	-0.271
TECR	5.82352205092393	0.415289292925002	0.560348952818835	-0.0929
PITRM1-AS1	0.145907608820556	0.416153116636626	0.561265610026466	-0.4579
MICALL1	4.21564388155828	0.41636634438479	0.561387042566176	-0.1246
FAM73B	4.30814575961302	0.416396907503757	0.561387042566176	-0.1103
ROMO1	6.90655174695763	0.416740439336477	0.561808703332352	-0.1558
PAIP2	6.35458353533934	0.417275061011294	0.562363318604915	-0.0952
NPY4R	-1.39085266049873	0.419264562995583	0.564752738290221	-0.9445
SCLY	-1.39085266049873	0.419264562995583	0.564752738290221	-0.9445
NUDT16L1	3.0398681775821	0.419424535278394	0.564926539474868	-0.1732
TMEM53	2.86188378490257	0.419645341177027	0.565182246294932	-0.1973
FAM200A	3.98446624470854	0.419717520655607	0.56523775871118	-0.1245
NPRL2	3.43957946164476	0.420310960506957	0.56599519768496	-0.138
HSD17B10	5.51250930385415	0.42058593212765	0.566249845588875	-0.0903
SNORD35A	-1.06846541763838	0.420593114931264	0.566249845588875	-0.8541
EDRF1	4.65808902687442	0.421507773647945	0.567439415656433	-0.1108
LINC01279	-1.39137118279907	0.421808880738006	0.56780289977533	-0.9464
SLC30A1	3.75040187278143	0.421902660040531	0.567887264005008	-0.1284
MALT1	5.56478047291544	0.422828975421792	0.569050186162937	-0.0952
F8A3	0.0153758602542657	0.423254707548572	0.569455224482771	-0.4392
LOC100507156	-1.39069201727603	0.423986837107383	0.570230123635803	-0.9534
NRAS	7.30072357343563	0.42441349239928	0.570719852477994	-0.0882
PPP2CB	6.40584260901375	0.424731931063867	0.57102188183975	-0.1068
KLF16	4.59946101666695	0.425310102819941	0.571588724755657	-0.1383
FCRLB	0.0682701314836041	0.426362152068313	0.572749628267779	-0.416
PRR7-AS1	1.02857905842673	0.426614690593532	0.573046706752669	-0.3134
ZFHX2	1.91444203779996	0.427387629731647	0.573916040336958	-0.2602
MED30	3.0907578645386	0.427501706568501	0.574027004642141	-0.1533
ZNF561	5.10585832347523	0.428769699563152	0.575560267295949	-0.096
JAK2	2.29325373142073	0.429322908868641	0.576218131473747	-0.1872
TPP1	5.5900923991306	0.429489572680231	0.576399444155723	-0.1077
NELFCD	5.92451248977294	0.430241988488452	0.5773243470669	-0.0868
GPATCH8	6.36956788172092	0.430373774185784	0.577420650186753	-0.1022
LOC101243545	5.6108887002293	0.430377015068533	0.577420650186753	-0.1069
PCDHB4	-0.391618869599359	0.430869858793789	0.577996924251554	-0.5228
TSNAX	4.817104782232	0.431519462470907	0.578783286082498	-0.1018
SNORD6	-0.0974226040070082	0.43169351876507	0.578931674030347	-0.4843
SENP5	4.78348573935518	0.431766826474254	0.578987452924488	-0.103
C3orf35	-0.759038956086072	0.432034615423918	0.579303998470734	-0.6124
LRRC26	0.696144493291666	0.432303845801281	0.579622430151893	-0.3256
BOD1L1	7.09092649132774	0.432649397211182	0.579969489107768	-0.1093
PODNL1	1.43682335188192	0.433410281788707	0.580849956271813	-0.2478
SBF1	5.67902270418744	0.434082155640031	0.58162229969647	-0.0931
PER2	3.2118465364675	0.434893504594183	0.582538397525233	-0.1483
ZNF414	2.29104024373011	0.434988369961207	0.582622720617153	-0.2456
ALKBH4	2.91299882565335	0.43536967419025	0.583090658940445	-0.1605
PI4KAP2	2.01457188795606	0.435407495898656	0.58309853617414	-0.2136
ANKDD1B	2.94282283641909	0.437093906875977	0.585099454753471	-0.1595
C15orf62	0.120164059930575	0.438152763309505	0.586261460387666	-0.4013
SNORA65	-1.25364275497606	0.438262816169713	0.586363207914568	-0.8063
LOC105376902	-1.25356333340173	0.438525553423777	0.586628746486735	-0.8058
HLA-A	4.79556576045531	0.438810062988575	0.586871472011287	-0.1113
PDCD1LG2	-0.0406739163381516	0.438962336209809	0.586953114214132	-0.4616
MRGPRX2	-1.39157095433608	0.439025239624999	0.586953114214132	-0.9428
SYTL5	-1.39157095433608	0.439025239624999	0.586953114214132	-0.9428
SLC25A1	5.58539429072317	0.439116079845283	0.587031572470379	-0.0921
THYN1	4.32710597164706	0.439281650012366	0.587123933130226	-0.1089
MCFD2	7.55429651787658	0.439463454564731	0.587237946606188	-0.0854
CXCR6	-0.759235222976204	0.44024462335645	0.588066572327164	-0.6109
GRSF1	7.49165790147562	0.440755992471988	0.58866350124871	-0.0903
FAU	8.58343186226736	0.441085615765396	0.589060643848798	-0.0951
AKAP17A	0.0670263410200388	0.441620041976365	0.589644956214475	-0.539
MAP3K3	3.87977181758219	0.441800859270819	0.589843241688465	-0.1239
LOC101929469	0.746184546174755	0.44221385633285	0.590308289062044	-0.3418
STK4	5.83026148202919	0.443619638750174	0.592011705045554	-0.0838
HOMER2	3.96515267980318	0.444036701271109	0.592438355507225	-0.1359
PHKA2-AS1	-1.39169105592152	0.444990396797376	0.593537275073639	-0.9366
TATDN1	4.53760318012624	0.445449655838202	0.593932874450936	-0.1001
RSRC2	6.49647304380124	0.445496464796092	0.593951906909914	-0.1095
COA6	5.04646670053161	0.446479014263981	0.594957728788557	-0.1059
HNRNPA1P33	-1.25352300473346	0.447197064366868	0.595798051608805	-0.8085
ANKHD1-EIF4EBP3	-0.759117239341699	0.447542123569611	0.596026335562213	-0.6131
RNF222	-1.25328470944421	0.448260907665021	0.596852974278508	-0.8065
APBA1	-1.25328470944421	0.448260907665021	0.596852974278508	-0.8065
TXNDC5	0.119560614502349	0.449709882439378	0.5985639846758	-0.3964
MSANTD4	4.92986926725724	0.450016068029905	0.598884191423965	-0.098
CDRT15P1	-0.253755094364553	0.450167087200896	0.599041500396498	-0.4688
ITGA1	2.59926886446012	0.452250133857944	0.601375077843298	-0.1765
CLSTN1	6.84595581324519	0.45386603614254	0.603084529865216	-0.078
C12orf66	3.41921035394282	0.45397586773737	0.603186567788459	-0.1476
CLPP	4.91585304420787	0.454850608808424	0.604304833302276	-0.099
SNORD38B	-0.189715455750741	0.45499420187044	0.604407636567471	-0.4409
COPS7B	5.30243163359286	0.45511457041683	0.604523544639818	-0.0853
MIA3	6.03891073423658	0.455338359164843	0.604713532371225	-0.0924
ANKRD1	2.76645985149023	0.455493659131724	0.604851050415242	-0.1616
RBSN	4.92647418930438	0.456405954589683	0.605930267397953	-0.0943
TSSC4	3.80698457917969	0.456667086010997	0.606198801644694	-0.1309
CTNND1	5.39912371248522	0.456674634039191	0.606198801644694	-0.0931
SPESP1	4.41260035227176	0.457076376888659	0.606687969789106	-0.1022
ZNF37BP	4.68164496532254	0.457308794058591	0.606952333284888	-0.1036
MED13	6.75106919842951	0.457722885148122	0.607413606982926	-0.0812
ACPT	-0.668150866714243	0.458140372128528	0.607879252385959	-0.564
MKKS	5.62107681471474	0.458772502908835	0.608629519155853	-0.0879
LOC100288162	-1.25308548558306	0.458850101682134	0.608688232546799	-0.8088
ZNF420	3.25868987842344	0.459161127845423	0.609024780831956	-0.1442
TGFB1	4.28105527537126	0.45945177013407	0.609353542721945	-0.1112
CRYGS	0.218094371226351	0.460113710618984	0.610098482064219	-0.3698
SNORA64	-0.189179064634642	0.461143575859828	0.61125852106246	-0.4419
ANGPTL1	-0.668268526815627	0.461155982175354	0.61125852106246	-0.5622
EPHX4	2.71650487327826	0.461211907239616	0.611271705754107	-0.1699
BRK1	6.80167482948374	0.46128706139989	0.611299113887659	-0.0852
MECP2	5.98255363202318	0.462114552552015	0.612257221035022	-0.0837
TTC9B	-1.80615397985443	0.463107561203973	0.613115816292606	-1.2115
NPPA	-1.80595250923936	0.4636732678473	0.613303809434887	-1.213
ADGRE2	-1.80595250923936	0.4636732678473	0.613303809434887	-1.213
SNORA29	-1.80595250923936	0.4636732678473	0.613303809434887	-1.213
HSD17B4	6.29001972333813	0.463790496979375	0.613414425331846	-0.095
MCOLN2	2.00047986873085	0.463900677786985	0.613515703685831	-0.2187
LARP7	6.56835797501107	0.464622396356025	0.614336674721199	-0.0835
SPSB1	4.75357591806432	0.464656635478224	0.614337452005392	-0.0896
NUDT13	2.81258105471935	0.464920730716306	0.61464210731819	-0.1688
NNAT	0.535524463896678	0.465431395011669	0.615228118697634	-0.3295
FCHO1	4.03717111466346	0.465884181491828	0.615741306412923	-0.131
LOC100505736	-1.80623429765888	0.466021999929194	0.615741306412923	-1.2122
SPANXB1	-1.80623429765888	0.466021999929194	0.615741306412923	-1.2122
LINC00958	-1.80607365779519	0.466166837669735	0.61575140081832	-1.2106
CSNK1G2-AS1	-1.80607365779519	0.466166837669735	0.61575140081832	-1.2106
MIR644A	-1.80607365779519	0.466166837669735	0.61575140081832	-1.2106
MIR5692C2	-1.80607365779519	0.466166837669735	0.61575140081832	-1.2106
ZNF625-ZNF20	0.169076187179715	0.466337691009633	0.61575140081832	-0.3828
LINC01132	-1.80603283771232	0.466631179572895	0.61580903041622	-1.2141
TULP2	-1.80603283771232	0.466631179572895	0.61580903041622	-1.2141
FAM83F	1.59134672762366	0.466744204326297	0.61580903041622	-0.2209
CEMIP	0.218281739283604	0.466774874918291	0.61580903041622	-0.371
NDUFAF4P1	-1.80587217651054	0.466781625925704	0.61580903041622	-1.2125
MIR3939	-1.80587217651054	0.466781625925704	0.61580903041622	-1.2125
GTF3C1	6.00906862507524	0.467411983463598	0.616506984329994	-0.0806
SPOCD1	-1.25304514453567	0.468126576283153	0.617321975389274	-0.8148
MT1DP	-1.80635542372327	0.468198952193245	0.617321975389274	-1.2091
MYOZ2	-1.80635542372327	0.468198952193245	0.617321975389274	-1.2091
EXT1	5.98476255611685	0.470911335367461	0.620181599947221	-0.0881
QSER1	6.45050976335437	0.471041253667785	0.620263208811244	-0.0767
SNORD97	-1.12804672776988	0.471104739673568	0.620302064729942	-0.7035
DZIP1	-0.62670979817626	0.471524514083627	0.620679999927102	-0.6337
ZNF197-AS1	-1.25340447805815	0.471573351850388	0.620679999927102	-0.8019
SCARNA9L	-1.25340447805815	0.471573351850388	0.620679999927102	-0.8019
RHOT2	5.32177436072462	0.471595764624717	0.620679999927102	-0.0978
SLC43A2	-1.12788838031188	0.471794657979626	0.620897006637547	-0.7026
C22orf24	-1.80643573086189	0.472380988628037	0.621534221866194	-1.2095
RNVU1-14	-1.80627511233092	0.472611462179019	0.621703044641892	-1.2072
LINC01215	-1.80627511233092	0.472611462179019	0.621703044641892	-1.2072
CH17-360D5.1	-1.25388222779494	0.472975760635144	0.621951221586584	-0.7969
COL10A1	-1.12824524438512	0.473004533331953	0.621951221586584	-0.7024
SMYD5	4.66694922855704	0.473272000522103	0.622258094456717	-0.0982
PABPC1	10.2547177896547	0.474724244586911	0.623628539193973	-0.0957
SNORA38B	-1.80567066847025	0.475327768903403	0.624331516591159	-1.2157
ZC3H10	1.86439152916542	0.475604268276331	0.624604814161046	-0.1928
CATSPERG	0.288062652939801	0.475847764505685	0.624766333641892	-0.4025
LINC00346	3.35052557355093	0.475864147090848	0.624766333641892	-0.1261
LOC102723703	-1.12784818595607	0.476161676633215	0.625112006947791	-0.7051
LOC100507424	1.31956963221367	0.476606814345443	0.625606413768364	-0.2457
OBP2B	-1.12768981838405	0.477049344348198	0.626007247730068	-0.704
NDUFB2-AS1	0.661877117285862	0.477421556070058	0.626405629410305	-0.3273
CALML4	3.82515456290832	0.47761825884777	0.626573651446169	-0.1141
TOR1AIP2	6.35508638941746	0.47813131489382	0.627156580306191	-0.085
CAMSAP2	6.37426258688456	0.478468133471243	0.627463130856333	-0.0783
MRPL14	5.43487614272989	0.478547697702107	0.627522393998683	-0.1028
ISM1	-1.12836458419101	0.479115907095978	0.628222365865416	-0.7001
VAMP1	1.96535306157528	0.479395373461648	0.628543661154542	-0.2073
EYS	0.309025327668544	0.479824613310776	0.628895850863931	-0.3413
CCL28	2.85165756518469	0.480250897450362	0.629348961585946	-0.1632
DDX42	7.36626561999399	0.480470129830773	0.629591063034064	-0.0793
CDYL	4.83577459661698	0.481779863423319	0.631210017082035	-0.0996
IFNE	0.263614169630092	0.482828388889551	0.63245426329681	-0.3526
PCDHGA1	0.308987779286099	0.483096808707051	0.632760463463619	-0.3395
HDX	2.63454787195162	0.483287878044531	0.632965313263574	-0.1663
ZC3H12C	4.85428935242315	0.483934082002918	0.633675269046426	-0.0948
TBXAS1	0.572362736071376	0.484093457189902	0.633824775044313	-0.3144
MSL3P1	4.63604489885885	0.484152414986467	0.633824775044313	-0.1102
DTWD1	3.77243500163885	0.484198022048146	0.633839028431877	-0.1251
THAP7	3.55957387270948	0.485435910681006	0.635277274938526	-0.1256
NT5DC4	-0.503433875649118	0.486041036342062	0.635841286955262	-0.4841
CTBP1-AS2	3.49773781362707	0.486449139440992	0.636249310319547	-0.12
ATP2C1	6.7910129599374	0.486623341791907	0.636249310319547	-0.0776
TMSB10	9.93294484999427	0.486630778260821	0.636249310319547	-0.0844
SLC22A4	1.17007830532567	0.486783148371863	0.636401686957658	-0.2506
CD14	-1.80655684085261	0.48711545977456	0.636744940114877	-1.2014
USP6NL	4.03897113210652	0.487213751182956	0.636827825703161	-0.1051
DHX8	5.83395659492642	0.488587021007661	0.63848565894888	-0.0747
RASGRF1	-0.0687233670789305	0.489315104051915	0.639208339146458	-0.4022
INPP5B	3.06003509038998	0.489369590275039	0.639233775047304	-0.1489
RARA	4.22137829593265	0.489488903197617	0.639256091219358	-0.1075
SLIT2	1.72979646068464	0.489679458629858	0.639364053550758	-0.1959
PLLP	3.65000326488422	0.489913106697205	0.639577637004017	-0.1146
CFLAR-AS1	0.170616583558862	0.490454257075838	0.640192543770663	-0.3911
PPP1CA	6.897973825979	0.490789017149261	0.64058370608972	-0.0782
GADD45A	5.41419551464898	0.491252288821348	0.641005059304019	-0.0772
LOC101928767	-0.503705876827693	0.491600575880461	0.641296046633691	-0.4836
MEN1	5.2125227087884	0.491650934963033	0.641296046633691	-0.0928
DPM2	4.90858745675968	0.49279084564984	0.642599262727392	-0.0832
ZNRF2	5.05093844850122	0.492835957246141	0.642612187378441	-0.0979
PHF20L1	5.36363200862184	0.493005728551454	0.642752172983495	-0.0781
HLA-C	2.2798848598271	0.493146782552134	0.642879724526689	-0.1814
ITGAV	7.49337826974329	0.493206435513266	0.642911580630502	-0.0728
YOD1	5.13821332466969	0.494318394304666	0.644131092535759	-0.084
CCDC163P	0.944478464286078	0.494831671326745	0.644661884802759	-0.2653
CACUL1	6.47683620022976	0.495555153929223	0.64542019619975	-0.0754
LOC101927045	3.02155255587724	0.495591921126103	0.645422036815389	-0.1386
SNORD68	-1.01234693578602	0.496854112118013	0.646230727003239	-0.6235
IQCJ-SCHIP1-AS1	-1.80663713732809	0.497220488739998	0.646230727003239	-1.2013
LOC105369445	-0.127295879329567	0.497292630261328	0.646230727003239	-0.426
SETD7	7.04363349183379	0.497640534213849	0.646230727003239	-0.0723
HEYL	-1.80647654012446	0.497727834948422	0.646230727003239	-1.1959
SF3A2	4.45166596295287	0.49806615716282	0.646230727003239	-0.096
LRFN1	1.46681635418109	0.498109467701347	0.646230727003239	-0.2226
PSMB7	6.75274362924655	0.49862868014911	0.646230727003239	-0.0754
NUP50-AS1	2.71632008569841	0.499049754381331	0.646230727003239	-0.1515
C19orf52	3.90591042710976	0.499510171071225	0.646230727003239	-0.1015
FRA10AC1	4.65546817064815	0.499708654431453	0.646230727003239	-0.098
MCAT	4.22264300320678	0.49972753364724	0.646230727003239	-0.0951
HIST1H4J	-0.219592152712502	0.500381659334762	0.646230727003239	-0.5552
DEPDC7	2.56717085787486	0.501375955276403	0.646230727003239	-0.1497
DCUN1D3	2.85750636668027	0.501501139388037	0.646230727003239	-0.1447
HLA-DRB1	0.118694722666555	0.501542751977701	0.646230727003239	-0.3918
TMEM181	5.29778991002291	0.501929006073249	0.646230727003239	-0.0785
PXN-AS1	0.308541247366591	0.502355259047428	0.646230727003239	-0.337
TSPAN11	-0.427267348191324	0.503425332565186	0.646230727003239	-0.4521
VGF	1.6962066645203	0.503873917230059	0.646230727003239	-0.2648
EMC6	2.13497015128609	0.503963556937224	0.646230727003239	-0.2091
DMRTA2	-2.39081634916608	0.504743861543557	0.646230727003239	-3.1673
LOC341056	-2.39081634916608	0.504743861543557	0.646230727003239	-3.1673
PARP11	-2.39081634916608	0.504743861543557	0.646230727003239	-3.1673
LUM	-2.39081634916608	0.504743861543557	0.646230727003239	-3.1673
PYCARD-AS1	-2.39081634916608	0.504743861543557	0.646230727003239	-3.1673
DYNAP	-2.39081634916608	0.504743861543557	0.646230727003239	-3.1673
CGB1	-2.39081634916608	0.504743861543557	0.646230727003239	-3.1673
MIR4435-2	-2.39081634916608	0.504743861543557	0.646230727003239	-3.1673
RIPPLY3	-2.39081634916608	0.504743861543557	0.646230727003239	-3.1673
LINC01399	-2.39081634916608	0.504743861543557	0.646230727003239	-3.1673
MIR7110	-2.39081634916608	0.504743861543557	0.646230727003239	-3.1673
ADGRL3	-2.39081634916608	0.504743861543557	0.646230727003239	-3.1673
TMPRSS11D	-2.39081634916608	0.504743861543557	0.646230727003239	-3.1673
LOC285593	-2.39081634916608	0.504743861543557	0.646230727003239	-3.1673
BVES-AS1	-2.39081634916608	0.504743861543557	0.646230727003239	-3.1673
CAMK2B	-2.39081634916608	0.504743861543557	0.646230727003239	-3.1673
ANKRD7	-2.39081634916608	0.504743861543557	0.646230727003239	-3.1673
LOC100130298	-2.39081634916608	0.504743861543557	0.646230727003239	-3.1673
ECM2	-2.39081634916608	0.504743861543557	0.646230727003239	-3.1673
F8A2	-2.39081634916608	0.504743861543557	0.646230727003239	-3.1673
UTS2	-2.39101950038179	0.504743861543557	0.646230727003239	-3.1651
UBXN10-AS1	-2.39101950038179	0.504743861543557	0.646230727003239	-3.1651
NEGR1	-2.39101950038179	0.504743861543557	0.646230727003239	-3.1651
OPTC	-2.39101950038179	0.504743861543557	0.646230727003239	-3.1651
PTPN20	-2.39101950038179	0.504743861543557	0.646230727003239	-3.1651
CD6	-2.39101950038179	0.504743861543557	0.646230727003239	-3.1651
DOCK9-AS2	-2.39101950038179	0.504743861543557	0.646230727003239	-3.1651
GAS6-AS1	-2.39101950038179	0.504743861543557	0.646230727003239	-3.1651
LOC100128233	-2.39101950038179	0.504743861543557	0.646230727003239	-3.1651
LOC101928075	-2.39101950038179	0.504743861543557	0.646230727003239	-3.1651
SLC24A4	-2.39101950038179	0.504743861543557	0.646230727003239	-3.1651
XYLT1	-2.39101950038179	0.504743861543557	0.646230727003239	-3.1651
CLEC18A	-2.39101950038179	0.504743861543557	0.646230727003239	-3.1651
CDH15	-2.39101950038179	0.504743861543557	0.646230727003239	-3.1651
KCNJ12	-2.39101950038179	0.504743861543557	0.646230727003239	-3.1651
GIP	-2.39101950038179	0.504743861543557	0.646230727003239	-3.1651
LOC100128573	-2.39101950038179	0.504743861543557	0.646230727003239	-3.1651
CACNA1A	-2.39101950038179	0.504743861543557	0.646230727003239	-3.1651
UPK1A	-2.39101950038179	0.504743861543557	0.646230727003239	-3.1651
LOC105374382	-2.39101950038179	0.504743861543557	0.646230727003239	-3.1651
SNORA7B	-2.39101950038179	0.504743861543557	0.646230727003239	-3.1651
KIT	-2.39101950038179	0.504743861543557	0.646230727003239	-3.1651
LOC100303749	-2.39101950038179	0.504743861543557	0.646230727003239	-3.1651
FAM81B	-2.39101950038179	0.504743861543557	0.646230727003239	-3.1651
PDGFRB	-2.39101950038179	0.504743861543557	0.646230727003239	-3.1651
SAMD5	-2.39101950038179	0.504743861543557	0.646230727003239	-3.1651
NUGGC	-2.39101950038179	0.504743861543557	0.646230727003239	-3.1651
LOC642574	-2.39101950038179	0.504743861543557	0.646230727003239	-3.1651
C9orf47	-2.39101950038179	0.504743861543557	0.646230727003239	-3.1651
CACNA1F	-2.39101950038179	0.504743861543557	0.646230727003239	-3.1651
MAGEH1	-2.39101950038179	0.504743861543557	0.646230727003239	-3.1651
BEX5	-2.39101950038179	0.504743861543557	0.646230727003239	-3.1651
LOC101928336	-2.39101950038179	0.504743861543557	0.646230727003239	-3.1651
PADI4	-2.39122262394173	0.504743861543557	0.646230727003239	-3.1628
CLCA3P	-2.39122262394173	0.504743861543557	0.646230727003239	-3.1628
SPRR2F	-2.39122262394173	0.504743861543557	0.646230727003239	-3.1628
CTSE	-2.39122262394173	0.504743861543557	0.646230727003239	-3.1628
SCN3B	-2.39122262394173	0.504743861543557	0.646230727003239	-3.1628
LINC00426	-2.39122262394173	0.504743861543557	0.646230727003239	-3.1628
RGMA	-2.39122262394173	0.504743861543557	0.646230727003239	-3.1628
IL21R	-2.39122262394173	0.504743861543557	0.646230727003239	-3.1628
MGC12916	-2.39122262394173	0.504743861543557	0.646230727003239	-3.1628
TMEM100	-2.39122262394173	0.504743861543557	0.646230727003239	-3.1628
SOX9-AS1	-2.39122262394173	0.504743861543557	0.646230727003239	-3.1628
LINC00908	-2.39122262394173	0.504743861543557	0.646230727003239	-3.1628
MIR320E	-2.39122262394173	0.504743861543557	0.646230727003239	-3.1628
LOC100507006	-2.39122262394173	0.504743861543557	0.646230727003239	-3.1628
MROH2A	-2.39122262394173	0.504743861543557	0.646230727003239	-3.1628
EFCC1	-2.39122262394173	0.504743861543557	0.646230727003239	-3.1628
DDIT4L	-2.39122262394173	0.504743861543557	0.646230727003239	-3.1628
CXXC4	-2.39122262394173	0.504743861543557	0.646230727003239	-3.1628
LINC01021	-2.39122262394173	0.504743861543557	0.646230727003239	-3.1628
CAMK2A	-2.39122262394173	0.504743861543557	0.646230727003239	-3.1628
LOC105375039	-2.39122262394173	0.504743861543557	0.646230727003239	-3.1628
LOC102723872	-2.39122262394173	0.504743861543557	0.646230727003239	-3.1628
NPBWR1	-2.39122262394173	0.504743861543557	0.646230727003239	-3.1628
LINC00961	-2.39122262394173	0.504743861543557	0.646230727003239	-3.1628
SRD5A1P1	-2.39122262394173	0.504743861543557	0.646230727003239	-3.1628
HPSE	3.17940172781618	0.505456163742803	0.646961209092661	-0.1338
VPS26A	6.64983870787722	0.505594183826269	0.647092499995259	-0.0871
KDM3B	6.74853915586045	0.506596453978308	0.648238933470806	-0.0701
HOOK3	5.37930834213832	0.508116862427301	0.649956659225953	-0.0789
TMEM184B	5.29550445949285	0.508234985822316	0.650062208447573	-0.0923
ALOX12-AS1	0.961667776065596	0.508724100844483	0.650642229579437	-0.3084
NRBP1	5.95056836125769	0.510031469920585	0.652040232133768	-0.0716
TMCO4	3.51427132051889	0.510768177456696	0.65293633832711	-0.1207
IKBKAP	6.1322960464925	0.510869142252639	0.653019679384132	-0.0716
PIN4P1	-0.0696383983499947	0.511808327463994	0.654128593263979	-0.3923
RNU6-45P	-1.01301947259707	0.513417663360267	0.655955830520332	-0.6192
DNAJC13	6.9635378145197	0.514005622931803	0.656615118063326	-0.0685
ZNF622	4.8701092118874	0.514462926107471	0.657153315072628	-0.0855
ZNF665	2.63598626958527	0.514943039769218	0.657674558138159	-0.1517
AP1M1	4.06790574872394	0.51508976873052	0.657815936897123	-0.0988
FAM95C	1.37323219963364	0.51539250351959	0.658156515406662	-0.2506
LOC101927365	0.436219627202227	0.515590433917173	0.658363220367344	-0.3077
PDE6D	4.67483017087463	0.516187164557585	0.659079093311182	-0.0851
POLR2E	6.80769109327512	0.517774346345957	0.660754108970677	-0.0751
ARSI	-0.355171587118034	0.517788578162495	0.660754108970677	-0.4233
PLEKHA8	4.85775030375458	0.517879443944421	0.660798490995133	-0.0796
IRF3	5.38104673506594	0.517895749844345	0.660798490995133	-0.0834
RND1	-0.0687243041206389	0.518242374937959	0.661148343596602	-0.3969
NDUFA2	6.1129334327278	0.51854684293563	0.661307577838091	-0.093
ZNF98	-1.62551593559668	0.518631159845583	0.661320839152125	-0.9333
MGC16142	-1.62543586900311	0.518772048680045	0.661454289754358	-0.9328
LOC646626	0.351363544990224	0.518953509383007	0.661593244922917	-0.4146
TCEANC2	4.63082843235526	0.520067528227226	0.662689522950809	-0.0889
RAB11FIP2	4.1841635954094	0.520187857961294	0.662750333934077	-0.0963
MIR497HG	-1.62571672914956	0.520778343925962	0.663271204598323	-0.9319
MIR133A1HG	-1.62571672914956	0.520778343925962	0.663271204598323	-0.9319
GHRL	-1.62571672914956	0.520778343925962	0.663271204598323	-0.9319
SPERT	-1.62563667308398	0.520931764874828	0.663374044332788	-0.9312
ZNF85	-1.62563667308398	0.520931764874828	0.663374044332788	-0.9312
PCDH12	0.145039705237177	0.520991449571463	0.663403773688821	-0.3342
FBXO22	4.23855938477826	0.521159923036324	0.663479466872464	-0.0946
MOAP1	-1.62531511564854	0.522209459623295	0.664583889500375	-0.9352
LOC105378954	-1.62523503852438	0.522366978657161	0.664669897642273	-0.9345
WASIR2	-1.62523503852438	0.522366978657161	0.664669897642273	-0.9345
EEA1	5.42918430915132	0.523782684504869	0.666079050230646	-0.0784
RPS7	10.316655597041	0.52392005302008	0.66620355839901	-0.0735
EBAG9	4.0055257864569	0.524182961386652	0.666398617205761	-0.0958
NEIL2	3.65329648668517	0.524265876219328	0.666457616897155	-0.1116
SNORD59B	-1.62559599799045	0.525156576865962	0.667450464164926	-0.9344
NRBF2	4.35863641314207	0.526441708098622	0.668850986362895	-0.0882
KRT16	-0.905959674593063	0.52714434235387	0.669650484587868	-0.5572
ZNF660	-1.62579678101638	0.527968833421344	0.670604537879361	-0.9323
LOC100507002	1.27461301909945	0.528863560642531	0.671533974283219	-0.2484
TMPRSS9	1.1577889123427	0.529896555194979	0.672678639290699	-0.2287
LOC101929613	-1.62539518857187	0.530099946474791	0.672890044697801	-0.9375
MMP9	-1.6259174963137	0.530211309980942	0.672984612042834	-0.9286
RUNDC1	4.83359262603188	0.530732068161807	0.673505118612675	-0.0793
ME2	5.88825827995728	0.531442650990714	0.674359980293771	-0.0725
SUGT1P1	-0.286935661247351	0.531745234695052	0.674697039518548	-0.3981
DMRTA1	2.18145479709416	0.532373572710953	0.675165817534641	-0.1641
EAF2	1.73804143826935	0.533525185953844	0.676391374637039	-0.1795
ADRA2C	-1.62511426929862	0.534450730319487	0.677312553170147	-0.94
MIR6835	-1.62511426929862	0.534450730319487	0.677312553170147	-0.94
RAP1A	6.36318319774487	0.534474399702516	0.677312553170147	-0.0775
POLR2B	7.5387962640402	0.534558475159259	0.677372077636388	-0.0667
C1orf146	-1.62503418164126	0.534719687405319	0.677529331848384	-0.9388
NUTF2	7.26552908040118	0.534781439462038	0.6775605495745	-0.0776
RPL4	10.4034782527162	0.535126630255702	0.67790380694942	-0.072
RPS18	-0.90560511377289	0.535229626510754	0.677987237134355	-0.5567
SMAP2	5.34534398206539	0.535571381925782	0.67832601279569	-0.0714
CMC2	5.30618486148598	0.535895576739457	0.678689535133925	-0.0815
IL17RD	3.27105833351602	0.536246128048625	0.678992184329012	-0.1184
ADGRF4	2.14004427225115	0.537157470421798	0.680004630748238	-0.1832
PTRHD1	4.30754795102075	0.53725752228133	0.680084130270971	-0.0894
NIPBL-AS1	3.78609128919438	0.53756092178001	0.680373834443696	-0.1001
IFI27L1	-0.504055373538299	0.53889521032609	0.681778999287117	-0.4843
C1orf122	4.02244638499482	0.538939181516147	0.681787381176549	-0.1089
SUCLA2	4.99743155303303	0.539223951704237	0.682100364628087	-0.0765
FOXP4	4.56909097379732	0.53932341702244	0.68217891645269	-0.1022
KCNJ15	0.777375906635514	0.539393137581955	0.682219836476111	-0.3381
MFSD12	5.07348316307993	0.539633731040778	0.682476854442705	-0.1149
TMEM125	4.17750105071425	0.54025862390765	0.683125186179392	-0.1069
SOGA1	3.71351953124623	0.540484092962816	0.683315783076707	-0.1012
STAU2-AS1	-0.287012493457025	0.540484219304757	0.683315783076707	-0.3986
SNORA72	-0.805965495005658	0.54175246470802	0.684776915856097	-0.5084
SNORD57	-1.62599753765616	0.542035446256725	0.684979996801718	-0.9283
DNAH12	-1.62599753765616	0.542035446256725	0.684979996801718	-0.9283
PET117	2.37475844659965	0.542100733665163	0.684979996801718	-0.1443
ZNF598	5.40055274066639	0.542345676567478	0.685194648540891	-0.0789
ZNF230	2.04196849263239	0.542725315595151	0.685626832849289	-0.1551
GPX4	6.86342948431127	0.542887910417453	0.685737334296065	-0.0688
POMGNT2	2.87777491354982	0.542995106288131	0.685825284377758	-0.1493
THAP10	1.7801626898015	0.543200637417208	0.686037415198101	-0.1907
EIF3L	7.48416970576456	0.543333503766798	0.686157750744788	-0.0634
HOXA6	-0.806358726452751	0.543943528807063	0.686785604945138	-0.5065
FAM9B	-0.806280316495658	0.54436239475645	0.687266934901366	-0.506
CD200R1L	0.144212044669526	0.544714373270013	0.687663757583663	-0.3301
RALGAPA1P	1.27546161612892	0.545164702069084	0.687994386905378	-0.2053
C19orf73	-0.286127199101017	0.545531473380541	0.688362080317608	-0.4004
SMARCD1	5.69748471449839	0.546494679799679	0.68933924372438	-0.0712
PADI2	1.29806022339836	0.547265268415951	0.690215871516519	-0.2022
SLC16A6	-0.011814153875782	0.547732197054956	0.690757045415535	-0.3803
HOXC13-AS	-1.6249540897816	0.548853324760221	0.692027508586407	-0.9394
LOC105370554	-1.39197041983928	0.549940720276495	0.693254922618954	-0.9223
GK5	5.34429723091847	0.550176999572671	0.693486752957484	-0.072
ARL14EP	4.21972884458216	0.550610395160893	0.693907453683367	-0.0879
FGFR1OP	4.83973774116682	0.550965529194696	0.694307082279172	-0.0795
MYL6	9.11004056560347	0.551645949191645	0.695020596855947	-0.0751
RP9	3.49258950515157	0.55230335236591	0.695752829201771	-0.1373
COX7C	8.93084324141545	0.552347161129491	0.69576000645691	-0.0786
ERI2	4.3588889670925	0.553490691238173	0.696913346848987	-0.0854
KCTD21	3.74359079684705	0.553491817263555	0.696913346848987	-0.0979
SLC25A33	2.68978823319624	0.553857311384187	0.69732545356067	-0.179
SPRYD3	4.13739549335806	0.55410955246573	0.697594923785558	-0.0866
SNIP1	4.17268792006625	0.554236779888868	0.697706982047385	-0.0907
CDC40	4.77330551257181	0.554455552654538	0.69788613963467	-0.0824
ATXN2L	6.50789554180075	0.554630477068372	0.6980581860986	-0.0652
AMIGO1	-0.806476905558756	0.554717192906034	0.698119197138602	-0.5038
ND5	13.1065316425445	0.555633975242762	0.699224777833588	-0.1127
ZFP28	3.75718843801944	0.555772237687328	0.699350563221661	-0.0921
NUBP2	4.47611606058947	0.556328271625423	0.699857285473658	-0.094
C16orf13	5.10657503225786	0.556807173908558	0.700411477080868	-0.0771
ERCC1	3.68638249367332	0.557625055890845	0.701391967778922	-0.099
ZNF330	5.74581692405926	0.557761061915711	0.701466378226318	-0.0672
SF3B6	6.99477622334215	0.560026138314395	0.703975568482242	-0.0655
MREG	5.02834848791371	0.560194324767321	0.70413850130489	-0.0841
PSEN1	6.05187049935585	0.560974035301093	0.704827390809136	-0.0637
HECW2	2.228206317666	0.561501987258146	0.705361763252593	-0.1567
LOC102723422	-1.46518604248352	0.562329706243303	0.706044781098881	-0.76
SBSN	-1.46502643372046	0.562764121512482	0.706347936589411	-0.7587
SCUBE3	0.662021190645883	0.562783365286055	0.706347936589411	-0.26
DOK1	2.86741175617184	0.562803302236502	0.706347936589411	-0.1197
CAPN7	5.19656890850101	0.563368985697175	0.706863519098806	-0.0665
RGP1	3.44530661892835	0.563408273462959	0.706864232034897	-0.1077
SLC25A45	0.661477565379639	0.563560078462051	0.707006101731941	-0.2572
PCYOX1	5.81844878399881	0.563849221096289	0.707174455917412	-0.0669
EXOC8	5.08694256048736	0.563892146396067	0.707179709047647	-0.0682
CXorf57	2.25984420985546	0.564036274418588	0.707311871533572	-0.1458
ZDHHC5	7.00928318809422	0.565005412142987	0.708332564488557	-0.0604
KLHL26	2.06944336409583	0.565398599164119	0.708737108616067	-0.1555
ZFP69B	2.70955968913269	0.565882835209783	0.709286442814267	-0.1206
ZEB1	1.34199004448242	0.566645844736678	0.710096550076386	-0.193
LOC284412	-1.46470589872427	0.567056418840426	0.710453060016511	-0.7629
SGMS1	4.88003373233889	0.567085998606519	0.710453060016511	-0.0691
NQO2	3.47212119193984	0.567459550939903	0.71077472123217	-0.0986
PDE7A	4.37135698663233	0.567809701640438	0.711043242781554	-0.0918
ADNP2	5.18104850907311	0.567872942026633	0.711048589138424	-0.0665
ADGRD1	1.18009668056202	0.568257993020649	0.711335567785584	-0.2596
C15orf61	1.38565686398051	0.568765812356817	0.711922431977104	-0.1924
PTMS	5.58736155482452	0.56943081508774	0.712630708203814	-0.0801
RPL18A	9.76032821617966	0.569472611813588	0.712630708203814	-0.0759
ZNF341	2.18736531161169	0.569487806857222	0.712630708203814	-0.1496
ZSCAN12	3.21578610170143	0.570123108649924	0.713327905661916	-0.1181
ASNA1	5.4452576145637	0.570294432717573	0.713493363739859	-0.0664
ARMC10	4.43567482746766	0.570793106821932	0.71397046647079	-0.0987
DHRS4L1	-1.46462607148357	0.571193556927917	0.71442241540669	-0.7626
RTN4R	0.0418219110418116	0.571568033999215	0.714792850300703	-0.3536
SNORD58A	-0.712949954795033	0.572121820344983	0.715436396480445	-0.4622
LRCH3	4.65676645736478	0.572222984009406	0.715513890142172	-0.0741
B3GALT2	-1.46526584064796	0.574020081420337	0.717565647176704	-0.7611
CELSR3-AS1	-1.46526584064796	0.574020081420337	0.717565647176704	-0.7611
LOC100506076	-1.12880047314955	0.574021073146833	0.717565647176704	-0.6951
RPS9	1.73353977405829	0.57409120092678	0.717604174195091	-0.2554
MAD2L1BP	4.04140709963868	0.574191540415072	0.717680457470735	-0.1003
HMGN2P46	-0.712596442441927	0.574606546343001	0.718150004110209	-0.4685
LOC105371934	-1.46506570372992	0.575436009065359	0.719088218324129	-0.7639
PANX1	5.00265285873297	0.576126239978505	0.719852209776715	-0.0678
ERGIC3	6.67087611216782	0.576250758092578	0.719958516270059	-0.0585
HIF1A-AS1	-1.46474644463671	0.576499347751399	0.720134568406709	-0.7593
SNORA48	-0.625501329087642	0.576966647336453	0.720606356555674	-0.4276
FRMPD3	-0.158752955418557	0.577076189396502	0.720693864661551	-0.3575
EPC2	5.05233601488694	0.57714038268964	0.720724729898219	-0.0696
ZNF154	1.06755997267208	0.57790297675229	0.721578328677231	-0.2129
LYG2	-0.625305942590057	0.57821272458565	0.721879469840199	-0.4285
ACTL10	-0.286973574710399	0.579799143485035	0.723747908612841	-0.4032
KCNJ14	1.00322943364867	0.580747173761691	0.72463402393503	-0.2659
HBEGF	2.73603394531923	0.581426123749113	0.725332466527525	-0.1345
ZNF684	2.74916067087174	0.582412453547672	0.726414002320579	-0.154
C19orf68	3.71553437979277	0.582934227991464	0.726893770491724	-0.1518
EMC4	5.71035106670082	0.583525585888246	0.727355120577347	-0.0616
MYD88	5.33163988845886	0.583616224877149	0.727418433901633	-0.0655
RPS28	6.48764891647931	0.583728707601745	0.727508962723748	-0.0786
HCG26	-0.0410570465553017	0.584061065872923	0.727873494339278	-0.3196
VPS35	8.19024717080908	0.584114764008073	0.727890725715452	-0.0601
BMP1	4.3211391941328	0.58435832198622	0.728144531170598	-0.0782
C19orf26	0.0151460589772051	0.58513029050529	0.728957184622941	-0.3081
TTC7A	4.96786036826455	0.58561094120427	0.729456423486979	-0.0764
SDCBP	7.9792217997913	0.585756855251252	0.72953862392324	-0.0646
LAPTM5	-1.62595816286368	0.586297417636509	0.730112254868493	-0.9053
RAB7A	7.67961336628816	0.586884803881268	0.730691030186316	-0.0766
TADA2B	4.55603338581564	0.586922286735984	0.730691030186316	-0.072
CHPT1	3.23705460616658	0.587747455457709	0.731668431424203	-0.1132
TMEM38A	0.0148050674134865	0.589088471704112	0.733087875898451	-0.3081
ND4L	11.3125220725216	0.590321579331886	0.734572336737981	-0.1245
LOC541473	-0.713654504666485	0.591199273126425	0.73546398161472	-0.4603
EDRF1-AS1	-1.32065099883068	0.592239362781218	0.736506935077242	-0.6417
SMCO3	-1.32065099883068	0.592239362781218	0.736506935077242	-0.6417
MAGED4	-1.32065099883068	0.592239362781218	0.736506935077242	-0.6417
C17orf97	4.13511392127464	0.592394379046713	0.736649532312295	-0.0818
SMG8	4.54959402478694	0.592818973853378	0.736987455460385	-0.0785
CNNM3	4.68260198984151	0.592973073234439	0.737118100569789	-0.0711
VIMP	3.99809401742953	0.593082606495015	0.737204062379859	-0.0796
ZDHHC6	4.63491103128871	0.593411249477875	0.737512136324331	-0.0706
PRR13	7.28449903083572	0.593509551849823	0.737584096567078	-0.0562
ZNF57	2.4953506851912	0.593655604979185	0.737715385235859	-0.128
TAS2R38	-1.32077094453391	0.59411909548251	0.738189245668759	-0.6401
FCHO2	5.06087036297247	0.594132719884313	0.738189245668759	-0.0627
LRRC34	-0.542780843649905	0.594917264238692	0.738878253745886	-0.398
GOLT1A	0.496402734163787	0.595204350450562	0.739086561136271	-0.2517
CLDN9	1.54470514363081	0.595316649974334	0.739175730254468	-0.1665
MIR5581	-1.32045148347704	0.595793920426685	0.739567132067013	-0.6432
EXOSC5	3.79624157202054	0.596760725228082	0.740537354076378	-0.0879
MPI	4.43208235719614	0.596778349757431	0.740537354076378	-0.0724
MUC13	2.27350741672455	0.597315313957115	0.741102920456782	-0.147
TCEAL8	5.83847260380172	0.597825804288271	0.741635490832202	-0.0656
MAP7D1	5.83037464088118	0.598023452790105	0.741769388535438	-0.073
GPRASP2	0.374488632331545	0.599373122769298	0.743251985414774	-0.271
KIAA1324	-0.543130988551642	0.599508411668713	0.7433187695887	-0.398
UQCC1	5.14758857026478	0.600841329984079	0.744706138351911	-0.0647
LOC101926889	-1.32069139649725	0.601047074103761	0.744872404102794	-0.6386
HSH2D	3.46665753105942	0.601820192578604	0.745628058073634	-0.0899
LOC101930010	-0.626087347033473	0.601968815688048	0.745756596545715	-0.4214
LOC105376678	-1.32104995242989	0.602005639970103	0.745756596545715	-0.6382
C1orf74	2.44893172830455	0.602104880365438	0.745828924952601	-0.1423
TRNS1	-0.542936233215259	0.603503858681182	0.747359004482679	-0.3995
SWI5	4.43546199237788	0.604519072932773	0.748514663284096	-0.0824
TM2D3	3.093462673573	0.604842699926561	0.748813802377546	-0.1087
FAM21A	4.94368385994767	0.605007782678074	0.748924627726023	-0.0797
EPHA1	3.40733465609177	0.605014264335199	0.748924627726023	-0.0966
RBM26	6.58371092350826	0.605727607218123	0.74965318508122	-0.0582
PGAP2	3.53158946347362	0.606240624470237	0.750092610071342	-0.1011
GRIN3A	-0.465026657134007	0.60630851631468	0.750092610071342	-0.3693
RUNX1-IT1	-1.32025194241256	0.60659047276076	0.750316123769933	-0.6468
REXO1	4.71317894284555	0.607368631503814	0.751024230339585	-0.0808
ZNF701	3.67403560459376	0.608056593670851	0.751722162528276	-0.0946
CAPRIN2	4.5633469511575	0.608223860003378	0.751878032788575	-0.0749
NUMBL	3.76094168385248	0.609029719198096	0.752772278515941	-0.0832
LOC374443	2.7805353353644	0.609600119744535	0.753324293376852	-0.1207
TRAPPC3	5.57405287660949	0.60988284868527	0.753622667226092	-0.077
COX8A	6.67764815584278	0.610454776319529	0.754227287255639	-0.0805
TUBA3D	0.218317881284362	0.611312149304699	0.75518436850092	-0.3569
MAL2	8.72225175794087	0.612217161710854	0.756148873837585	-0.0542
WHAMMP1	-0.099293947174602	0.612326124383815	0.75623229108043	-0.3293
B3GNTL1	1.67141664662886	0.613403285761552	0.757460118023735	-0.1547
ZSCAN22	2.64057017954981	0.613974170923155	0.758062522952327	-0.1233
CNNM4	4.36485541822153	0.61445703885754	0.758556106395947	-0.0708
UGP2	6.89824739953984	0.61456613459167	0.758605542267519	-0.0555
TMEM222	3.80477090262236	0.615375434358362	0.75943310549897	-0.0801
LOC100287387	0.169299236139819	0.61550536128828	0.759542103263407	-0.2692
HIST1H4D	-1.32033151303595	0.616181698083079	0.76022255053083	-0.65
ZNF408	2.61372438290397	0.616754258376109	0.760826119394164	-0.1251
TLE6	-0.0973868032618009	0.618182229242368	0.762290151574384	-0.3407
LOC102724890	-0.390962960154839	0.618647498766094	0.762687515844443	-0.3462
LOC105370705	-1.18926225463336	0.618920848978075	0.762931736593095	-0.5555
NELFA	5.07911660335858	0.619031080117986	0.763016096052525	-0.0667
SSBP3-AS1	-0.542313506940602	0.619752083751121	0.763698551532937	-0.4023
TOMM70A	7.51156893936927	0.619885873260431	0.763811858952648	-0.0536
NUDT4P1	-0.391040164958689	0.619955594355258	0.763846212495754	-0.3466
NCOA6	6.05525841147051	0.620430164824939	0.764224619731737	-0.0634
RPL15	9.74702894874141	0.620616674298152	0.764402780055799	-0.0573
MTMR14	4.15557337967247	0.620677221996751	0.764425781877669	-0.072
ZNF324	2.79404203637145	0.620743572938866	0.764455927386126	-0.1143
PCDHGB4	-1.18938181898739	0.620853827493397	0.764488565676478	-0.5539
HIST1H3J	-1.18938181898739	0.620853827493397	0.764488565676478	-0.5539
PLAC1	0.169787050903119	0.621263110470196	0.764889354244935	-0.2684
COMMD9	4.6576795087976	0.621677481385497	0.765141515551381	-0.0652
IPO9-AS1	-1.32124939068771	0.621887753842747	0.765348714719778	-0.6321
HNRNPH1	9.33926847057054	0.622061407029493	0.765459223964035	-0.0596
LOC100288123	-0.464444134294038	0.622721814099719	0.766168583246022	-0.3735
WRNIP1	5.18905503712953	0.623347323300539	0.766886497349864	-0.0571
ATAD1	5.78698707401508	0.623753445555202	0.767282723674669	-0.0545
NUP214	6.35698526410902	0.624165487882062	0.767737848455391	-0.0559
RBM12B	5.20487800398638	0.62445760702928	0.768045413590685	-0.0575
GHRLOS	0.973634860181859	0.624619484891037	0.768192759106088	-0.205
C4orf47	0.170162909508576	0.624681061562171	0.768216736940317	-0.2705
DCUN1D4	5.5791277435365	0.624826099815966	0.76834334354306	-0.061
PIFO	-1.18906336750167	0.625482331691796	0.769098501203303	-0.5574
NDUFAF1	4.03387208098419	0.625606357512371	0.769147394622254	-0.0766
LOC101409256	-1.18958066550291	0.625702495346857	0.769213788219005	-0.5521
MIIP	2.89452607138642	0.626246411769038	0.76972695706292	-0.1077
SNORD45B	0.497688161250773	0.627295051698097	0.770541709999096	-0.2564
KDM4A-AS1	0.713423322616944	0.628308421014262	0.770541709999096	-0.209
EXTL3	5.00892474786277	0.628328127177418	0.770541709999096	-0.0633
MIR7-1	0.0159805845559119	0.628506602048426	0.770541709999096	-0.3154
SPRED3	2.87462206000944	0.62860481257134	0.770541709999096	-0.1259
KCNIP2-AS1	-1.18898404984766	0.629156073515475	0.770541709999096	-0.5571
COMMD6	5.54375675412125	0.62925797281513	0.770541709999096	-0.064
KLHL31	0.7463249068633	0.629539174924347	0.770541709999096	-0.204
SIN3A	5.97347304426954	0.631168894093236	0.770541709999096	-0.0567
CD53	-2.12771657959157	0.632016409154605	0.770541709999096	-1.3728
CHST5	-2.12771657959157	0.632016409154605	0.770541709999096	-1.3728
LRRC63	-2.12763584636241	0.632016409154605	0.770541709999096	-1.3719
GTF3C2-AS1	-2.12763584636241	0.632016409154605	0.770541709999096	-1.3719
CPB2-AS1	-2.12791906930958	0.632016409154605	0.770541709999096	-1.3706
LINC00520	-2.12791906930958	0.632016409154605	0.770541709999096	-1.3706
ST3GAL5-AS1	-2.12791906930958	0.632016409154605	0.770541709999096	-1.3706
C20orf197	-2.12791906930958	0.632016409154605	0.770541709999096	-1.3706
NCF4	-2.12791906930958	0.632016409154605	0.770541709999096	-1.3706
SLC4A9	-2.12791906930958	0.632016409154605	0.770541709999096	-1.3706
IYD	-2.12791906930958	0.632016409154605	0.770541709999096	-1.3706
SLC26A4	-2.12791906930958	0.632016409154605	0.770541709999096	-1.3706
NBPF6	-2.12783834696593	0.632016409154605	0.770541709999096	-1.3697
LINC01160	-2.12783834696593	0.632016409154605	0.770541709999096	-1.3697
STARD13-AS	-2.12783834696593	0.632016409154605	0.770541709999096	-1.3697
DACH1	-2.12783834696593	0.632016409154605	0.770541709999096	-1.3697
MESP2	-2.12783834696593	0.632016409154605	0.770541709999096	-1.3697
SLC52A1	-2.12783834696593	0.632016409154605	0.770541709999096	-1.3697
ICAM4	-2.12783834696593	0.632016409154605	0.770541709999096	-1.3697
SLC5A5	-2.12783834696593	0.632016409154605	0.770541709999096	-1.3697
MAATS1	-2.12783834696593	0.632016409154605	0.770541709999096	-1.3697
STMND1	-2.12783834696593	0.632016409154605	0.770541709999096	-1.3697
KHDC1L	-2.12783834696593	0.632016409154605	0.770541709999096	-1.3697
TMEM176B	-2.12783834696593	0.632016409154605	0.770541709999096	-1.3697
PIWIL2	-2.12783834696593	0.632016409154605	0.770541709999096	-1.3697
CELA2B	-2.12812153173611	0.632016409154605	0.770541709999096	-1.3684
NKAIN1	-2.12812153173611	0.632016409154605	0.770541709999096	-1.3684
SH2D1B	-2.12812153173611	0.632016409154605	0.770541709999096	-1.3684
MKRN3	-2.12812153173611	0.632016409154605	0.770541709999096	-1.3684
MRPL42P5	-2.12812153173611	0.632016409154605	0.770541709999096	-1.3684
SLC35G6	-2.12812153173611	0.632016409154605	0.770541709999096	-1.3684
KRT18P55	-2.12812153173611	0.632016409154605	0.770541709999096	-1.3684
EMILIN2	-2.12812153173611	0.632016409154605	0.770541709999096	-1.3684
SFTPD	-2.12804082027515	0.632016409154605	0.770541709999096	-1.3675
LOC101928764	-2.12804082027515	0.632016409154605	0.770541709999096	-1.3675
PYY	-2.12804082027515	0.632016409154605	0.770541709999096	-1.3675
SPIN2A	-2.12804082027515	0.632016409154605	0.770541709999096	-1.3675
GOLGA2P6	-2.12824326629711	0.632016409154605	0.770541709999096	-1.3652
F2	-2.12824326629711	0.632016409154605	0.770541709999096	-1.3652
FES	-2.12824326629711	0.632016409154605	0.770541709999096	-1.3652
AEBP1	-2.12824326629711	0.632016409154605	0.770541709999096	-1.3652
FAM225B	-2.12824326629711	0.632016409154605	0.770541709999096	-1.3652
SPRN	1.83403287553693	0.632153235677663	0.770657059801764	-0.1352
BIRC6	7.34514251003463	0.633065704666226	0.771548422008947	-0.0516
BAHD1	4.42806749184694	0.633095714378507	0.771548422008947	-0.0794
SLC36A4	3.74850667086235	0.633507558374228	0.771998797522189	-0.0772
DAAM1	5.15319614524624	0.633929059576109	0.772357775735548	-0.0602
TAOK2	5.2550627028661	0.634134034610882	0.772555951675426	-0.0647
ARV1	3.24985739630283	0.634196918792067	0.772581005569731	-0.1018
TRMT112	6.69198890676559	0.634307688136378	0.772664386109142	-0.05
ALG1L9P	-0.320973688231976	0.635229456689816	0.773632352323501	-0.3245
Sep-03	0.309172055336891	0.635518175207801	0.773932346514149	-0.24
TBX2	0.679707677207495	0.637038804008799	0.775628945310434	-0.2205
PTOV1-AS2	1.64297164795465	0.637392789387812	0.776008186933238	-0.1666
LOC101928123	-1.18993803695724	0.637537223721048	0.776132272356058	-0.5501
HIST1H1B	-1.18950137417887	0.6379239445398	0.776551279023711	-0.5493
EID1	7.32946289215644	0.638755121833708	0.777511235111093	-0.057
ACP2	2.88386117367479	0.639677822186288	0.77854257277725	-0.1035
C8orf33	5.63970972811909	0.639687696738538	0.77854257277725	-0.052
ZNF614	3.88325380777174	0.639819874071112	0.778581419385851	-0.0776
VIM-AS1	-1.06910201074867	0.640104863522681	0.77884260120435	-0.4891
SLC25A5-AS1	1.05629084013695	0.640265357387755	0.778882145963275	-0.1918
CEP295NL	-1.06902296244391	0.640379609061691	0.778969225948176	-0.4887
SERP1	6.79337262116882	0.64053654310115	0.779108210464028	-0.051
DAG1	6.55446383861805	0.640783825630048	0.779357063337919	-0.0525
HDAC6	4.0626154349257	0.641237177142585	0.779804550087599	-0.0706
HDAC1	7.42325910038177	0.64154812368446	0.780026809589311	-0.0494
MOSPD2	3.74558291787681	0.642683796189293	0.780991505240747	-0.0806
IL18	4.94851713306772	0.642896026361316	0.781145414792159	-0.057
PKD1L2	0.679020234631003	0.643856432174515	0.782156176855067	-0.2185
RFPL2	-0.25325765872485	0.643967449162221	0.782238988083406	-0.3078
ZNF137P	2.56925566996797	0.64432772138222	0.782624543017552	-0.1146
LOC101928489	-1.32041107956621	0.644695126663156	0.782966620034764	-0.6584
HMGXB4	5.23314253834496	0.644846141826046	0.783097928901504	-0.0587
LOC401127	-1.06918105506701	0.645082974946371	0.78328132960565	-0.4898
KANK3	0.747152735175961	0.645403566782478	0.783618483318763	-0.2091
ATP6V1D	6.32015531948188	0.646102107954419	0.784310132509866	-0.0552
MAGIX	0.0674741450358517	0.646314019759814	0.784463050643918	-0.2821
SERHL2	1.34121384098607	0.647227442198548	0.785362857080538	-0.1872
ELMOD1	1.59140757685185	0.648095819632627	0.78631204115194	-0.1427
FKBP7	1.27569772915216	0.648303714259279	0.786512002094458	-0.1579
PACS1	5.89476021920659	0.64896774770705	0.787212970241854	-0.0522
XRRA1	2.53560127393927	0.649230720307081	0.787479637892902	-0.156
PKI55	2.229984456602	0.649513490748	0.787589629907799	-0.1099
C11orf98	0.310027973804595	0.652028542674673	0.790348122639189	-0.2414
TMEM182	3.74339837338756	0.652285256408846	0.790554314611956	-0.0735
CLEC4A	-1.19001730605321	0.652381309652536	0.790565760970242	-0.5497
MN1	-1.19001730605321	0.652381309652536	0.790565760970242	-0.5497
SNORD24	-0.252988553136811	0.652669489817093	0.790809995759	-0.3089
SNORA55	-0.391891252192416	0.652865222371348	0.790994657526634	-0.3402
LOC100505666	-0.254103564200707	0.653061411783625	0.7911798482661	-0.3037
NUDT5	4.7042076941332	0.65382293174623	0.791997308868634	-0.0627
CDC5L	6.44053203145969	0.654819227966567	0.793151527717467	-0.0565
TMEM19	4.93702338204274	0.654883194488076	0.793176381514915	-0.0606
ZNF30	2.41223279676407	0.655124084929765	0.793415503149648	-0.1104
ZNF653	2.00026219668484	0.655426863448901	0.793676891690312	-0.1527
USP36	5.79395873861149	0.657157791779651	0.795561846600087	-0.0582
TMEM14C	6.15779664102707	0.657389379323326	0.795789437631897	-0.0519
RDH10-AS1	1.28875852055929	0.65804970424379	0.796430350084503	-0.185
UNC5C	1.18164033729237	0.660390354438049	0.798945414885423	-0.1655
ND6	11.7007992382392	0.660534331558406	0.799066646142088	-0.0802
FLOT1	-1.18902309843245	0.661051721678556	0.799639559433059	-0.5695
CD58	3.71694995876052	0.661247934150205	0.799737029378392	-0.0729
HIST1H2BL	-0.958006245319796	0.661279281075079	0.799737029378392	-0.4377
SRD5A1	4.34939939476319	0.661307526046024	0.799737029378392	-0.0612
IKZF5	4.02118806757251	0.661388290076986	0.799781719788399	-0.0737
RGS9BP	-1.06945827796766	0.661848699293295	0.800232456076455	-0.4894
LOC729970	-0.95784863994832	0.661956961024719	0.80031034969982	-0.4369
SDHD	6.71778440551078	0.662095366728821	0.800371673619478	-0.0585
AIFM2	0.265366981097845	0.662725033613128	0.800814681866645	-0.2548
SYDE2	4.04211043836749	0.662887633337758	0.800958146416977	-0.072
PSMG2	5.04051688837519	0.663165260199481	0.801187544848238	-0.0553
SKIDA1	-0.128291994494389	0.663516229166778	0.801558515065425	-0.2734
MLST8	4.20512661899623	0.663745459298785	0.801782379736559	-0.0689
ZNF503	1.87096413682964	0.66516621516291	0.803224068255326	-0.139
DDO	-0.127642378864009	0.665202929883451	0.803224068255326	-0.2759
DDAH1	7.76265216939575	0.667110070453474	0.805260608714535	-0.0451
CDC26	4.49796269835592	0.667221437314912	0.805341789065854	-0.0602
STEAP3-AS1	-0.957808647999385	0.66799939822794	0.806014343294731	-0.4398
RCBTB2	0.958877422497162	0.668500292033993	0.806405532666352	-0.1702
PCNP	7.91384561385675	0.669931725814798	0.807972093973374	-0.0448
DDR2	-0.0688781922953019	0.670850151749626	0.808919443219363	-0.262
ELAC1	2.2294901244307	0.671919812103442	0.810102238129734	-0.1304
SLC7A6OS	3.2824685824566	0.67252432227061	0.810723984903081	-0.0854
MFN1	5.84457830866423	0.672650858707204	0.810822982935538	-0.0532
TBCD	4.86193726958548	0.6727013212428	0.810830273379675	-0.0547
TMEM41B	5.78046078610982	0.67307336548111	0.811101691916342	-0.0521
AIM1L	3.52610905495045	0.673303393547536	0.811288149468933	-0.0775
FBXO18	4.22703937478984	0.673529359284513	0.811453308460243	-0.0638
DDI2	3.62783054714032	0.673654717967198	0.811509658004415	-0.0781
N6AMT1	2.49266386530783	0.674420419673258	0.812265955693127	-0.1049
STAB2	-0.95859888905593	0.674426345113739	0.812265955693127	-0.433
HARBI1	1.13261505101322	0.674984528650847	0.81288459364403	-0.1844
C1QL4	-0.855085508735183	0.677008825071537	0.814892405255224	-0.3934
FAM114A2	4.08472359256436	0.677517339286867	0.815450721652231	-0.0671
OR2A1-AS1	-0.957887454643363	0.677720136221465	0.815641031502345	-0.4421
PKP3	6.22824156024356	0.678449799804307	0.816357734328198	-0.053
SLX4IP	3.5739917024835	0.678539525099638	0.816358084237445	-0.0749
FAM89A	1.7533405005868	0.678624581644517	0.816396762656832	-0.1392
STAG3L5P	-0.854770159574135	0.678671674293034	0.816396762656832	-0.3959
ZNF565	0.516585282223897	0.678736044527823	0.816396762656832	-0.2065
MFSD8	4.68088734947128	0.679205257643524	0.816728440491383	-0.0596
HFM1	0.590458386825366	0.681503866324323	0.819330561976742	-0.1889
PRKCD	4.99883719455709	0.681698030805573	0.819456064422635	-0.0513
GNA14	-0.957453381139267	0.683046538751049	0.820889176985858	-0.4423
SLC10A7	3.86372481956672	0.683070085867231	0.820889176985858	-0.0645
LINC01024	0.780169157705976	0.683468691910488	0.821314141621766	-0.2105
SMAD5	6.31363010289647	0.683552989855009	0.821361375817353	-0.0438
TSPAN2	-1.06834909232756	0.684236608209699	0.822020500097148	-0.4986
CCR10	-1.06834909232756	0.684236608209699	0.822020500097148	-0.4986
ADAR	8.51849216256079	0.685740532045265	0.823502115051858	-0.0428
DLG3-AS1	-0.0695642152357513	0.686462838674996	0.824261088059111	-0.2564
PI4KB	5.86912484018435	0.686894132569833	0.824700590610919	-0.0447
NLRC4	0.0685718528371833	0.686919214550265	0.824700590610919	-0.3101
ZNF818P	4.38533894620147	0.687243753011479	0.824981717186847	-0.0596
TMEM30A	6.42405176412757	0.689428415950406	0.827169108937343	-0.0464
CHD9	6.870856548686	0.689694581775142	0.827379700675976	-0.0432
PLCD4	2.21222559130981	0.68983731400705	0.827401771890404	-0.102
FAM86HP	1.14487317833648	0.690088270139846	0.827634440919264	-0.1487
EEF1G	10.6576620473248	0.690301307282489	0.827781178780157	-0.046
EPN2-AS1	-0.758805810937829	0.690423268252648	0.827873049932371	-0.3592
ANKRD36C	4.03765284790202	0.690517265978726	0.827931381039513	-0.0615
KTN1-AS1	0.79375591033484	0.691061171484305	0.828420299863252	-0.2184
C2orf72	-0.758609491421368	0.691317761823659	0.828564670421004	-0.3601
THAP8	0.97254295098475	0.691598057742622	0.828777956726737	-0.1932
ZNF184	3.26200593373121	0.692471476913579	0.829620638045301	-0.0782
MYO7A	3.06192616171955	0.692575811881919	0.829691188510816	-0.0843
RPL37	10.700088886297	0.693120615408714	0.830047721217397	-0.0467
ATP5O	7.18753509060264	0.69313879686248	0.830047721217397	-0.0451
GRAMD1B	-1.90558241010279	0.693328094919154	0.830047721217397	-0.9074
TRG-GCC2-2	-1.90558241010279	0.693328094919154	0.830047721217397	-0.9074
COL8A1	-1.90558241010279	0.693328094919154	0.830047721217397	-0.9074
PLCXD2-AS1	-1.90558241010279	0.693328094919154	0.830047721217397	-0.9074
C4orf51	-1.90558241010279	0.693328094919154	0.830047721217397	-0.9074
SPINK13	-1.90578419938061	0.694697200703688	0.830826837007357	-0.9056
LOC728024	1.19386109072443	0.69484693112374	0.830826837007357	-0.1428
LOC101929256	-1.90566286366997	0.695058253307477	0.830826837007357	-0.9083
TPH1	-1.90566286366997	0.695058253307477	0.830826837007357	-0.9083
SNORD8	-1.90566286366997	0.695058253307477	0.830826837007357	-0.9083
NINJ2	-1.90550195225225	0.695145307098709	0.830826837007357	-0.9067
FUNDC2P2	-1.90550195225225	0.695145307098709	0.830826837007357	-0.9067
SMPD5	-1.90550195225225	0.695145307098709	0.830826837007357	-0.9067
NPIPA7	-1.90538059389658	0.695255621343814	0.830829784856495	-0.9094
FAM106B	-1.90538059389658	0.695255621343814	0.830829784856495	-0.9094
IPMK	4.82138684819002	0.695346646742619	0.830842139731934	-0.0536
STK38L	5.1092809322489	0.695448907972836	0.830842139731934	-0.0471
ZNF549	3.78061062241457	0.695975121450048	0.831363071202779	-0.066
MXD1	3.58012180272704	0.696168623363526	0.831539805556433	-0.0675
TRPC4	-1.90586464220989	0.696701965821484	0.831835593796552	-0.9062
KIF1A	-1.90570375226907	0.696809640714863	0.831835593796552	-0.9042
TTLL4	5.42573399384847	0.697294119372645	0.831835593796552	-0.0451
SNORD103B	-1.9054610582044	0.697436469345918	0.831835593796552	-0.9111
NPSR1	-1.9054610582044	0.697436469345918	0.831835593796552	-0.9111
NAALAD2	0.696826415765162	0.697550081843037	0.831835593796552	-0.1757
RHCE	-1.90530012530432	0.697555384828627	0.831835593796552	-0.909
LOC285556	-1.90530012530432	0.697555384828627	0.831835593796552	-0.909
FYB	-1.90530012530432	0.697555384828627	0.831835593796552	-0.909
MIR3934	-1.90530012530432	0.697555384828627	0.831835593796552	-0.909
TM4SF18	7.20810634648082	0.698364110066189	0.832528091508969	-0.0445
UBA1	7.62475054158725	0.698741861463237	0.832872590120246	-0.0421
GM2A	4.58267617010503	0.69943599199451	0.833588162283051	-0.0517
ZNF440	4.17256353487218	0.699554934252328	0.833621075699119	-0.0635
NELFB	5.82842334979919	0.69988370064981	0.833827154200176	-0.0444
LOC653653	-0.759198377787355	0.699910566989674	0.833827154200176	-0.3562
LINC00923	0.041744524008198	0.700075527283883	0.833969254557557	-0.2339
CBR3-AS1	1.09528031440218	0.700764932342643	0.834736043641347	-0.1602
FAM160A1	5.15326138735248	0.700846697331531	0.834747819868983	-0.0451
RAB28	4.02119843669012	0.700907661865587	0.834747819868983	-0.0699
SNRNP35	4.61114334466106	0.701292820893246	0.835135630760025	-0.0617
PIGC	4.41354661563202	0.701367644462314	0.835135630760025	-0.0543
PMS2P7	-0.759276653240157	0.701882930161238	0.835631588171616	-0.3566
H1FX	6.18340906520102	0.702728039012953	0.836201478309247	-0.0429
C12orf71	-1.90517875075515	0.703179872888632	0.836510112779794	-0.9153
HCP5	-1.90517875075515	0.703179872888632	0.836510112779794	-0.9153
SIRT7	4.71327293934312	0.703216515163864	0.836510112779794	-0.0483
NFKB2	4.72804049874897	0.704373367258756	0.837722488122205	-0.0542
RNFT1	4.12885921190948	0.706154596059865	0.839458117188832	-0.0563
ZNF260	5.6063329224898	0.706375846921957	0.839565535771006	-0.0439
RALY	6.99688309574875	0.706474899239384	0.839565535771006	-0.0455
ZRANB3	3.84094258932847	0.70727268269191	0.840364737882633	-0.0687
CDAN1	3.77195034137739	0.707758319098575	0.840857422600063	-0.0671
TMEM220	-0.668387916334086	0.707900757025381	0.840857422600063	-0.3297
PRKRIP1	-0.668935362314794	0.708426128405819	0.841281948882887	-0.3283
MIER2	3.82507634875663	0.70959468644601	0.842505241659622	-0.0693
C14orf28	1.57235542407523	0.71066715926919	0.84357460162834	-0.1398
PRKG2	1.58971079851274	0.711590076283333	0.844489919562409	-0.1361
ODF2	6.27385252406919	0.711843917906713	0.844626450364289	-0.0489
GJD3	2.242645944575	0.713012213370656	0.845902714277014	-0.11
FAM201A	0.515484029678241	0.71453455707893	0.847378385996684	-0.1927
CRTC1	3.34205881446731	0.716858162304211	0.849471803909235	-0.0738
ZNF32-AS2	-0.669052965195285	0.717536257860351	0.850220154702315	-0.3251
IMPAD1	5.93310905684469	0.717753513300908	0.850422386995157	-0.0396
FAM157C	0.794219582032701	0.71830289547728	0.850962859171526	-0.1574
CADM4	2.28784482932847	0.718552317359168	0.851203108539938	-0.1033
SPIN2B	1.68909071452194	0.718750166834288	0.851382237589331	-0.1191
AGFG1	6.55830947699317	0.721125540280112	0.853974303538773	-0.0394
NBN	6.3117445321644	0.721254598459484	0.854071735712288	-0.039
GRIPAP1	5.03245540568396	0.722296529288334	0.855139133507641	-0.0606
PILRB	-0.667878772311124	0.724876521554813	0.857693031142956	-0.3365
IVD	5.63814485991977	0.725500211283747	0.858375363395728	-0.0409
PUF60	3.56715690346727	0.726136615594569	0.858961320177182	-0.0785
CHPF2	4.87947183577968	0.727253397599177	0.860115187002499	-0.0499
IGHMBP2	4.10993743466435	0.728221874948391	0.861149018594237	-0.0546
Sep-07	8.06295772093226	0.728299026154794	0.86117884007834	-0.0389
GHET1	0.287200690920284	0.728341437927781	0.86117884007834	-0.1918
TRIM68	2.48283257686975	0.728943442901876	0.861779011372662	-0.0844
DIDO1	6.68431715155695	0.729374092620617	0.862232301682444	-0.0365
TXNRD2	3.99415382120093	0.729530138936975	0.862360930874995	-0.0566
LURAP1L-AS1	-0.503863805541613	0.729764282021724	0.862581853841929	-0.2819
ZNF732	1.92486873804701	0.730149673342835	0.862981512142095	-0.1395
ABAT	0.82568025959679	0.731297852267911	0.864282617401631	-0.1598
DCUN1D2	3.17810721605127	0.732161728836151	0.86516191640918	-0.0673
METRNL	-0.669248580899168	0.732326305171241	0.865218031789165	-0.3203
TBC1D8B	4.40582635364766	0.732436346949599	0.86523605214908	-0.0464
C2orf49	5.24647783956936	0.732701275532264	0.865367838194143	-0.0444
BEST4	-1.71307291375689	0.733152722892303	0.865367838194143	-0.6811
MIR563	-1.71307291375689	0.733152722892303	0.865367838194143	-0.6811
LOC101929536	-1.71299272286045	0.733243244849383	0.865367838194143	-0.6805
CLEC18B	-1.71299272286045	0.733243244849383	0.865367838194143	-0.6805
SH3GL1P2	-1.71299272286045	0.733243244849383	0.865367838194143	-0.6805
PCDHGC5	-1.71287177709208	0.733511739782146	0.865367838194143	-0.6826
RAB33A	-1.71287177709208	0.733511739782146	0.865367838194143	-0.6826
TBC1D3P1-DHX40P1	-1.71279157559662	0.733599964534925	0.86537871236428	-0.682
ARID5A	1.94447492509064	0.734358782957938	0.866161903455234	-0.1068
TACSTD2	8.42170662749516	0.734553918477457	0.866336089910488	-0.0379
LOC101928053	0.332026857454931	0.734624557696929	0.866356491692883	-0.1876
LOC100288748	2.3642297932948	0.735181898727833	0.866908716133272	-0.0782
DPH6	2.99393437239517	0.735361824555528	0.867064875611039	-0.0721
LOC101928433	1.51659769172554	0.736240161105986	0.867764244376711	-0.112
TMC3-AS1	-1.71319384355355	0.736473146937447	0.867975573468731	-0.678
FBXL6	2.67497102725697	0.73679909498192	0.868086755597931	-0.0841
FOXO3	5.90188375659729	0.737556840112952	0.86864316322186	-0.0366
LOC102724539	-1.71267061385258	0.737638758021299	0.86868359995077	-0.6857
RGS12	3.08215778151331	0.738010363795453	0.868865834416361	-0.0875
OIP5-AS1	4.53130498444536	0.73804319196597	0.868865834416361	-0.0509
NR1H3	2.37492481679199	0.73807906223318	0.868865834416361	-0.0978
GPRC5D	1.57189549975916	0.73832301278648	0.869096970883357	-0.1041
FNDC8	0.375117635263338	0.740631457007074	0.871533316947347	-0.1843
NT5C3A	5.39082414379939	0.741471533863587	0.872353181814375	-0.0379
ZNF692	4.1829022159586	0.742234258553409	0.873138000138607	-0.0514
FAM213B	-0.583006240261561	0.743130819447781	0.874080036069756	-0.315
RECQL	5.30914392271413	0.743817830548997	0.874770768047391	-0.042
NTF4	-0.582850552329883	0.744095637136884	0.874933012467535	-0.3131
HMGN1	8.61225608204387	0.74416896600821	0.874962880366193	-0.0371
C10orf35	2.04193395442486	0.745031455834621	0.875920547251213	-0.0979
ZNF45	3.44727737242263	0.745349313112983	0.876237816999847	-0.059
BOLA2B	0.661077451683101	0.745482147437083	0.87633754562855	-0.1825
COL4A6	1.41770267597255	0.746444435680047	0.877129867261518	-0.1224
CCNJ	3.75820101642666	0.747791471330531	0.878486557310822	-0.0545
LIFR-AS1	-0.355405657892855	0.747902119198022	0.878560008241368	-0.2467
C2orf47	4.54738348951252	0.748024058023962	0.878646712346253	-0.0477
ILDR1	1.37507407262725	0.748273013248873	0.878826050557863	-0.1203
LOC105378594	-0.584488885163001	0.748324544391429	0.878830034249594	-0.2941
HOOK1	7.47796562734355	0.748415197542809	0.878879959239773	-0.0341
ZNF271P	5.06663672925354	0.748532806769486	0.878958346087228	-0.0398
TM4SF19-AS1	-0.667604893088486	0.748578240850363	0.878958346087228	-0.3419
HP1BP3	7.40452822782678	0.749212185477432	0.879532998397274	-0.0342
ATP6V0C	5.82217647900972	0.749274578346301	0.879549685075235	-0.0588
CEP295	6.28495117892081	0.749352598481711	0.87958471278095	-0.0372
UGT8	4.83961374932993	0.749534167945218	0.879684716811822	-0.0437
CFDP1	5.68085111866368	0.750548030833599	0.880648168320469	-0.0507
LOC146880	4.25051437301366	0.751084327573152	0.88122078947143	-0.0469
H2AFJ	6.86833861795777	0.75118209419093	0.881278858142126	-0.0446
PSMD5	6.84545994919916	0.751480473217455	0.881572260574338	-0.0355
C1orf52	5.66454242857459	0.752227866329989	0.88233564171937	-0.0359
CDK6	7.43895178116317	0.752964286039994	0.882915794588357	-0.0341
PARP16	2.01377160772147	0.753143197561546	0.883019543807823	-0.1009
RHOC	7.41186516570773	0.753149502444764	0.883019543807823	-0.0353
LOC100996273	1.00017101796085	0.753416966027397	0.883276401990506	-0.1345
UBR5-AS1	1.53638338785972	0.753621473431615	0.883459424578923	-0.1127
NMB	1.08198176348278	0.754657713204732	0.884503801506522	-0.1276
TAF7	7.21038326894459	0.755464971875536	0.885336277221709	-0.0327
LOC105370707	0.572322781329463	0.756165685149864	0.886043693716041	-0.1538
ZNF69	3.5100506546792	0.758064638913639	0.888040814168853	-0.0564
ENAH	8.01981559314819	0.758122038711993	0.888051070819772	-0.0365
STK25	6.08611852836294	0.758469742704113	0.888401361658301	-0.036
SMG9	4.01540769448947	0.758519471646373	0.888402609506395	-0.0503
IKBKE	3.68986515134995	0.759135332530799	0.889009855069746	-0.0532
GNPDA2	4.50993455987355	0.759572617589913	0.889407844700241	-0.0403
SMURF1	5.90480223290931	0.75973960320851	0.889522373680439	-0.0336
LOC101928377	-1.54300220202281	0.75991405236197	0.889522373680439	-0.5459
LOC339059	-1.54300220202281	0.75991405236197	0.889522373680439	-0.5459
LOC101927257	-1.7135552728704	0.760275875460307	0.889888849291746	-0.6701
RASA4	-0.221171327378103	0.760329154313038	0.889894155733993	-0.2196
ST13	8.11600085621518	0.760660535985125	0.890156471835793	-0.0333
PCIF1	4.34540979014439	0.760699557247492	0.890156471835793	-0.0447
POM121L9P	-1.71331476375104	0.761019478742122	0.890416689349239	-0.6609
FGF18	-1.5429222615901	0.761721233253111	0.891009344157673	-0.5453
RNVU1-6	-1.54280170341654	0.761928688282382	0.891162180774708	-0.5475
SPRYD4	3.78624439398491	0.761949522333064	0.891162180774708	-0.063
DGCR2	5.54263073605734	0.762204926751963	0.891297405920911	-0.0342
CAMK1	2.37495363249458	0.76226328695613	0.891300747240832	-0.0948
PPAPDC2	3.73373733642654	0.762558135493059	0.891351331810815	-0.0581
TMEM254-AS1	-0.356062278961433	0.762601131758713	0.891351331810815	-0.2413
GPR84	-1.54328260020831	0.762782559762363	0.891351331810815	-0.545
CXCL17	-1.54328260020831	0.762782559762363	0.891351331810815	-0.545
ANKRD65	-1.54312274443362	0.763025397546189	0.891506666086607	-0.5435
LINC00342	3.8216479591098	0.763129426626048	0.891571151445356	-0.0489
LOC101927572	-0.503748013249323	0.76354807970252	0.891774917986643	-0.2719
ZNF772	4.97399999909383	0.763642181861481	0.891775301604001	-0.0364
LHX4	-0.220940510118728	0.763736987616964	0.891824385693699	-0.2224
CNOT2	6.25887608705624	0.764569690967916	0.892532080999094	-0.033
FAM105A	-0.287130023447282	0.764587489852368	0.892532080999094	-0.2336
TRIM52	2.99554911961393	0.764659311954004	0.892543954997773	-0.0748
TRNS2	-0.220710647467124	0.764786526100077	0.892564460797086	-0.2211
EPS15	7.0233335321743	0.764859685840798	0.892564460797086	-0.0325
GIMAP2	1.27586552028916	0.767332127874574	0.895392478522098	-0.108
LIPJ	-1.54260117858157	0.768592364738972	0.896691092195467	-0.5516
LOC105375105	-1.54284231698429	0.768751508922684	0.896766824023839	-0.5438
GSTO1	5.44373236593144	0.768755521251812	0.896766824023839	-0.0481
GJB5	-1.5434830359205	0.768864343842123	0.896818508604216	-0.5417
DCLRE1C	2.99427074252509	0.769388653145821	0.897218732151396	-0.0607
ZNF263	4.82192219793655	0.769615016375847	0.897327285618358	-0.0383
ZNF750	-1.54336252183855	0.770330141351467	0.897915148800433	-0.5457
HKR1	4.23907593621443	0.770387810691704	0.897925038114521	-0.0464
PI4KA	4.97479951433596	0.770828667309277	0.898381521348197	-0.0395
LOC100505715	0.572980307294078	0.771701583169023	0.899341468390277	-0.1594
P4HB	8.49707730001288	0.771875935496233	0.899487238504993	-0.0309
SLC16A14	2.19465935314218	0.772015574812982	0.899592540613123	-0.0872
HIST1H2AK	-0.286013171630092	0.772478119329616	0.900074071131061	-0.2411
RPL18	9.08805120223098	0.773186389914519	0.90078434807144	-0.0391
CASC19	0.857362846479468	0.773324301982374	0.900887528363871	-0.1681
CENPT	4.94056851584076	0.773643058690076	0.901197003250475	-0.0439
RBM38	3.44090367897618	0.773688684922474	0.901197003250475	-0.0567
MRPL38	5.72873128745128	0.774142813727866	0.901556220168867	-0.032
CCDC151	-0.759630542869929	0.774194613474327	0.901556220168867	-0.3278
INCA1	1.94542844758175	0.774772713794684	0.90217187543282	-0.0793
BBS7	4.83541579341857	0.776224661978723	0.903804925638342	-0.0354
TNIP1	6.48425010975523	0.776848361357956	0.904473449295335	-0.0364
EXOG	2.66800782879047	0.778070212063922	0.905722743827008	-0.0714
ZNF793-AS1	-0.355481713195278	0.77829696403841	0.905928932382378	-0.256
LOC102723354	0.975428555744994	0.778524873536488	0.906121766090745	-0.1524
ALK	-0.286629076553041	0.778636208830092	0.906121766090745	-0.2407
UBE2F	3.57122467605318	0.778663255704845	0.906121766090745	-0.0502
PARG	4.98660731048891	0.778714878745377	0.906121766090745	-0.0353
LAT	-0.0978080120152562	0.778760435471286	0.906121766090745	-0.2008
UBE2Q2	4.4232621858334	0.779306815246622	0.906584159761825	-0.0405
TMEM259	5.53578871705917	0.779940036355504	0.907262986090613	-0.0418
TMEM133	2.73919813681773	0.78046903464565	0.907647005764491	-0.0731
LOC101928565	-1.39113384520035	0.780831264609392	0.907747056133833	-0.4548
LOC101928402	-1.39113384520035	0.780831264609392	0.907747056133833	-0.4548
ROR1-AS1	-1.39105416821687	0.780952851864482	0.907747056133833	-0.4543
CFL1P1	-1.39105416821687	0.780952851864482	0.907747056133833	-0.4543
CCDC117	4.79858154624444	0.781251298594318	0.908036143575341	-0.0387
NAGPA-AS1	-1.39085432976528	0.781378865858	0.908126596326945	-0.4555
KIF13A	4.76500306500598	0.781805075899353	0.908477062650228	-0.0407
LOC102724814	1.50611136767307	0.781847082462893	0.908477062650228	-0.0912
ZNF865	3.72193706901784	0.781879470221318	0.908477062650228	-0.0664
LOC105371430	-1.54360354053362	0.782026325548653	0.908589868212067	-0.5314
GPX1	6.6397442487656	0.782088986961393	0.908604845740562	-0.0415
SNX24	4.37906433100718	0.782408248825318	0.908860078299504	-0.0415
PLEKHA8P1	2.8139889237387	0.78279219640739	0.90920094714332	-0.0616
PMPCA	6.38614873530144	0.78280129750212	0.90920094714332	-0.0301
ZNF34	0.644263874497657	0.783461446319262	0.909851918829799	-0.137
ERCC6	3.33789177234953	0.783533928801615	0.909878214121384	-0.0579
FLJ42393	-1.39133364745574	0.783616437150982	0.909916147858309	-0.4531
CCDC38	-1.39125398079336	0.783768114303978	0.910034388776533	-0.4524
LHFP	-1.39121351806594	0.784186186232225	0.910404007367599	-0.4554
SH3GL1P1	-1.39121351806594	0.784186186232225	0.910404007367599	-0.4554
NABP1	6.18315451762368	0.784517318632263	0.910458339629058	-0.0298
RPL21	9.19791827950238	0.784654804626749	0.910484847979784	-0.0389
LOC105376847	-1.39077463833897	0.785179981498502	0.910849074080902	-0.455
MIR559	-1.39077463833897	0.785179981498502	0.910849074080902	-0.455
FOXE1	2.00367746376734	0.78587578270359	0.9114381734983	-0.108
ASAP1-IT2	-1.54368344542581	0.786865477087482	0.912470059690597	-0.5318
LOC652276	1.54404387605589	0.787540053311858	0.913194309785396	-0.086
PSMD4	7.33339200739901	0.788693164482805	0.91441524265198	-0.0279
C15orf39	4.67269402751712	0.789756881893545	0.915590375045949	-0.0501
CCDC159	2.39384541321361	0.790147935738667	0.915927405857204	-0.0714
FAM204A	5.11633190980555	0.790315823318839	0.916063852095792	-0.0323
RSC1A1	3.04576852812371	0.79059303900443	0.916268824280401	-0.0672
CPNE2	4.6414805485621	0.790986634959578	0.916666794123155	-0.0365
ARPC5	6.6705431115011	0.791230660880211	0.916775002857904	-0.0296
FAM213A	4.52236622921835	0.79327995221617	0.918916167998629	-0.0369
MPHOSPH8	5.76729840973234	0.79347581564397	0.919084733861831	-0.0399
ZNF594	4.08965665530837	0.793589733939243	0.919158367135822	-0.0439
LIMD1	4.38813863287003	0.794132218796423	0.91961165787171	-0.0398
RTN4IP1	3.56857353461199	0.794208147584978	0.919641249670897	-0.05
BTBD3	4.55351634812686	0.794753985962965	0.920039871131255	-0.0349
ARMCX5-GPRASP2	0.728671489917089	0.795009075876078	0.920276817525438	-0.1618
KLHDC9	-1.25348558792409	0.796458520831558	0.921341321239864	-0.3899
KCNH2	-1.25348558792409	0.796458520831558	0.921341321239864	-0.3899
MATN3	-1.39069494279299	0.796734413785149	0.921572797190755	-0.4534
PQLC2L	-0.0972738744979162	0.797119911431116	0.921960282760166	-0.2049
EVI5L	4.19598167095425	0.798400684349344	0.923090746895606	-0.0395
MIR4691	-1.25376417582148	0.798727215449028	0.923367769948065	-0.3892
DCTN5	5.80864195518759	0.798741445169799	0.923367769948065	-0.0281
TAB2	6.8337639239646	0.799082079467288	0.923703061024176	-0.0314
ZNF777	3.82583923521776	0.799392059399101	0.923885884805646	-0.0417
ZUFSP	3.9823244654835	0.799706527735695	0.924132318669631	-0.0423
ZNF625	1.58279052519305	0.80018890066943	0.924631215306103	-0.0875
SNORA32	1.60074413976197	0.800952100147637	0.925395958502326	-0.0842
HDGFRP3	5.18440263219776	0.801768325956687	0.926221765403106	-0.0336
ADAT1	4.76600013935587	0.802720144537093	0.927086667847737	-0.0324
FAM76A	2.29240663611209	0.802825922583281	0.92709630226394	-0.0688
RGPD8	1.70543682167325	0.802830052721879	0.92709630226394	-0.0772
BCRP2	-1.39037486312899	0.802967266277791	0.927196104564665	-0.4641
ZG16B	-1.25364443494583	0.803041812709321	0.927223536324164	-0.3917
RPS25	9.93521747314992	0.803352147103216	0.927464541675603	-0.0306
HIGD1C	-1.3908935459725	0.803831696663085	0.927867542484456	-0.4678
LOC101928043	-1.25332672464145	0.803853694781669	0.927867542484456	-0.3883
ADAMTS6	1.67179935230276	0.803970416367601	0.927943600000437	-0.0822
SNORD12C	-1.2530871662254	0.804084491929905	0.927983967722374	-0.3944
TMOD4	0.0157123944189555	0.804123366401796	0.927983967722374	-0.1811
WRB	4.29342284879969	0.804157886139788	0.927983967722374	-0.0429
PROSER3	3.03469489308521	0.804324065266104	0.928117068168763	-0.0543
LOC554206	0.169936040690097	0.804747814401785	0.928429986079309	-0.1601
CLN3	3.87281315768011	0.805658548164495	0.92930450845334	-0.0417
TLR1	-1.25344525724603	0.80587841811439	0.929499393549172	-0.3946
GNB5	3.48137806901081	0.806002136576712	0.929583359993964	-0.0488
FUT10	2.74078171415548	0.806657491978864	0.930221664681078	-0.064
SP110	4.91113187950046	0.806932060777784	0.930479516268269	-0.0312
TRMT2A	3.95549285008674	0.807082037619866	0.93059367642192	-0.0393
UBE2J2	4.56057539823588	0.808602407519222	0.932145065187735	-0.0365
ATP2A3	-1.54344371823993	0.808631759277945	0.932145065187735	-0.5125
LINC00526	0.264468713462225	0.809070916101175	0.9325924134577	-0.1463
PC	2.84565862152614	0.809166394001899	0.932643581595976	-0.0595
DPY19L1P1	1.1201042920737	0.809224851823965	0.932652076698125	-0.0975
ALG11	3.08906325744577	0.809485554034108	0.932893647777708	-0.0551
LGALS3BP	7.77002713398713	0.809758562991784	0.933041930660212	-0.0259
LOC105372824	-1.12808860791111	0.809762841518111	0.933041930660212	-0.3405
PTX3	-1.12800943831533	0.809913250511389	0.933057292045003	-0.3401
SLC51A	-1.12781089177615	0.810390808211197	0.933288833882388	-0.3411
CEP170P1	-1.12781089177615	0.810390808211197	0.933288833882388	-0.3411
FNTA	5.98588092989979	0.810714419778399	0.933602627103669	-0.0297
RPL27	10.7222880634577	0.810865822605269	0.933718081082489	-0.0375
COX7B	7.99358525976219	0.811010137699372	0.933825359434861	-0.0322
CMPK2	0.26450557850512	0.811140702037992	0.933916792154742	-0.1443
DPY19L2P3	-1.1282871191969	0.811978525832887	0.93476352425307	-0.3392
FRG1	1.30744737126039	0.812092332906211	0.934835590487154	-0.1263
MAZ	6.09743126408018	0.812663392821809	0.935316031985559	-0.0306
PEX26	5.14751686674793	0.813166378254582	0.935835932762759	-0.0354
BACH2	1.24250846990062	0.814147128871383	0.936551353791806	-0.1348
ISG15	5.58928586695461	0.814558910749146	0.936906972948362	-0.0323
ZBTB37	2.2981929479859	0.815143212855686	0.937401857883049	-0.0778
LOC440028	0.0139692815843383	0.815706356424492	0.93782521511216	-0.1761
GTSE1-AS1	-1.39169272418497	0.815872723343076	0.937929964595518	-0.4471
XPOT	7.61628595428597	0.815970106453177	0.937939193011535	-0.0268
LOC105371931	0.681261860281072	0.816061020506039	0.937984637055861	-0.1518
LRRC37BP1	3.48950812533932	0.81647073074305	0.938396478245097	-0.0419
HOXB2	2.3094379896384	0.816538342970399	0.938415107917382	-0.0773
TRIM11	4.64426199449208	0.817030466914304	0.93886247900721	-0.0346
COG2	5.32216101515347	0.817103811630569	0.938887662709446	-0.0297
CMTM6	6.4351592014487	0.817374759346996	0.939139883355702	-0.0269
RPL38	10.2221309207523	0.817998060890301	0.939678618148334	-0.0329
HCAR2	0.353137620322642	0.819058254018349	0.940734220031211	-0.1329
ATG2B	5.57441203729333	0.81907156153572	0.940734220031211	-0.0284
TP73	1.16900401343535	0.819365685902516	0.941012831016377	-0.0929
Aug-03	4.04553148710517	0.82016962064239	0.941697378840048	-0.038
DSPP	-1.01246762075385	0.820219654959225	0.941697378840048	-0.3025
HYI	-1.01238869550077	0.821663977297653	0.942940506006157	-0.3021
ST3GAL6	0.21700463656775	0.822222716362739	0.943463099303467	-0.15
LINC00562	-1.12856475077173	0.8227588336111	0.944018934473272	-0.336
PDPK1	5.01657693268137	0.823060810025128	0.94426620197752	-0.0285
PFDN4	6.10457355131452	0.82343616853749	0.944617989997513	-0.033
VHL	5.3555625354628	0.823646395592443	0.944798716584171	-0.0387
HTR3A	-1.01219077128193	0.823700273138183	0.944798716584171	-0.3033
FOXO6	0.395892176865727	0.823816666802592	0.944817003967089	-0.1294
TUT1	4.78241944081983	0.824042592224106	0.944957384650959	-0.03
LOC101928865	-1.01286337473068	0.824636039058212	0.945400372334006	-0.2997
ZCCHC8	5.53594296030601	0.82468797550282	0.945400545103892	-0.0276
MRPL16	5.96417197026261	0.826243630439442	0.946827174521527	-0.0261
STK35	6.03322075742805	0.826409318710759	0.946957602459428	-0.0289
RBM12B-AS1	0.352580828668606	0.827583927597826	0.948081464500637	-0.1287
LOC101926943	-1.12733451928937	0.827715276549585	0.948156496749025	-0.3476
NAA35	6.17418820013065	0.827790239541534	0.94818287194568	-0.0238
JMJD4	2.27746357230646	0.827960157607776	0.948257704877675	-0.0672
DDX24	2.18280862840597	0.828355473413882	0.948592242042644	-0.1009
SCAF1	5.52061567050726	0.828519790262516	0.948720898891833	-0.0269
SH3BP5	1.09440824619202	0.828904980405307	0.949054139491107	-0.0931
KIN	3.09071817624694	0.828914781670996	0.949054139491107	-0.0478
MYO1E	7.06985075521473	0.829247656599003	0.949358898288238	-0.0232
NBPF25P	0.515739418453978	0.829641389118022	0.949707373948997	-0.1166
TM7SF3	6.23655028669067	0.829821991366491	0.949854553538571	-0.0242
ANO4	-1.2530468252266	0.830389568304502	0.950206340664848	-0.4125
UQCR11	5.98114173825486	0.830702049600842	0.95029666760347	-0.0317
RASD1	-0.905409554775926	0.830728775103187	0.95029666760347	-0.272
RNF181	6.1809047647756	0.83108268906264	0.950517414405759	-0.0263
LOC105373801	-1.25364566758042	0.831130011292678	0.950517414405759	-0.3715
ANXA2P1	-1.25364566758042	0.831130011292678	0.950517414405759	-0.3715
PMS2P5	1.60719619837059	0.831883911868962	0.951141272316638	-0.0889
LOC646903	-0.905764159289112	0.832251306286159	0.951501743960428	-0.2719
NAA20	6.45808863714784	0.832313041210092	0.951512735946611	-0.0249
SNORD12	-0.905528153458005	0.832872602853169	0.951973593644343	-0.2704
PIK3CD-AS2	-0.905330872459153	0.833529738734155	0.952665054174591	-0.2716
SLC5A4	-0.905290947229783	0.833586704229243	0.952670519119135	-0.274
SMG6	5.19181190221144	0.835014583152295	0.954123191464499	-0.0278
PLCG2	-1.01222964562331	0.835146809878791	0.954214555084942	-0.3107
ARHGEF1	4.32894920119629	0.835347188352191	0.954324046968561	-0.0306
U2AF1	3.81481221195527	0.835526214497003	0.954468842491539	-0.1969
ZNF212	4.07575109844436	0.836292916289046	0.95516538286867	-0.0313
SNORD49A	-0.90536963152376	0.836442951763127	0.9552769801306	-0.2754
TRIM74	-0.905133566908926	0.837151861115506	0.955907203935744	-0.2734
CHST7	1.20471096090513	0.837303075553679	0.956020073006939	-0.1063
SLC2A4	-1.12765131034431	0.838406184087738	0.956980323665483	-0.3583
ZNF540	0.515996757427748	0.838524870137857	0.95699957287647	-0.1214
TTLL13P	-0.806203625071879	0.838854341767835	0.957252460514664	-0.2455
LOC105378176	-0.905645578265677	0.839054438504586	0.957301283003545	-0.275
RAD9A	3.51787790687419	0.840045140285604	0.958251942080354	-0.0399
SNORA66	-0.90509363672472	0.840251550477119	0.958413239392837	-0.2777
SUMO1	7.71170166374713	0.840507174565597	0.958539416471111	-0.0217
PIN4	6.26743815007965	0.840735099795773	0.958717327583012	-0.0249
PLBD2	4.12303858214963	0.840922045439155	0.958832856257399	-0.0319
PRDM11	0.661907793403947	0.841052385872115	0.958869844828602	-0.1033
CTSB	6.70157953055427	0.841364792865489	0.959157965439763	-0.0223
RAB3A	1.56237628952426	0.842080915443837	0.959914404766949	-0.0844
CDH3	8.54749861371609	0.842324324005024	0.960131921767964	-0.0211
LOC101927905	0.626222578237884	0.842656780314501	0.960450907249893	-0.1043
LINC00239	-0.80596721769095	0.844431727161422	0.962211376476333	-0.2495
PTPN11	8.22991995880813	0.845124816065775	0.962843150405441	-0.0212
AKR7A2P1	-1.01262664663325	0.845876802450882	0.963532545049036	-0.2898
FLNB	7.97921305010723	0.845914037602943	0.963532545049036	-0.0207
CYBRD1	0.216368291782847	0.84594104031803	0.963532545049036	-0.1439
NEURL2	-0.712833858873622	0.846413685885767	0.964010746118321	-0.226
MAMSTR	-0.713147675762233	0.847365530090434	0.964914241350485	-0.2236
STAG3L2	2.97694596281951	0.847782763358003	0.965268936501415	-0.0474
OPA3	4.62233926687438	0.849262189713493	0.966826215109308	-0.0298
DHRS7	5.62583555196618	0.849362337747758	0.966826215109308	-0.0223
ZSCAN16	3.12131242086419	0.849886942151175	0.967182147856367	-0.046
GBA2	4.38322389337897	0.850070065781166	0.967330245022812	-0.0292
MIR4461	-0.906355766905794	0.850170573231716	0.967384317185129	-0.2628
TMEM79	2.36490984203191	0.851154946070464	0.968263004453041	-0.0565
C18orf8	3.3989915762545	0.851232226358313	0.968290580372444	-0.0375
MRPL10	5.57027206464059	0.852691964791758	0.969648966565239	-0.022
COG5	5.6450264977206	0.85286582091208	0.969786261387165	-0.0213
LOC100129215	-0.712795328303566	0.853067116188389	0.969954737987994	-0.2229
MIR762HG	0.79514922103359	0.8531853096387	0.970028711014766	-0.0952
LINC00959	0.826534743194236	0.853754757738038	0.970555256072334	-0.0918
RPL19P12	-0.712441781981183	0.853812254819076	0.970560182065819	-0.2304
ARHGEF35	2.91743307021477	0.85413231571097	0.970863554923073	-0.0482
STXBP5L	-0.80643999747778	0.854412319127965	0.971121360851707	-0.2364
ATXN2	6.27711532051053	0.854937854574455	0.971525863535005	-0.0249
PLA2G15	2.91884968220659	0.854981076005335	0.971525863535005	-0.0516
SLC23A2	4.87725713840608	0.855859967198015	0.972403507665358	-0.0244
CERK	4.93345396275986	0.856117502296494	0.972602306528141	-0.0239
URI1	5.9622497800708	0.857003209089082	0.973278418981666	-0.0227
C17orf80	4.8217144140949	0.857234250588874	0.973480248740388	-0.0256
RPL24	10.5234582273152	0.857728381101643	0.973920221755914	-0.0214
AKAP10	5.42018287065061	0.857851122731079	0.973999010919745	-0.0211
BNIPL	-0.5432891754144	0.859283188744815	0.975200416121182	-0.1908
LOC101929950	-0.5432891754144	0.859283188744815	0.975200416121182	-0.1908
OXSR1	6.23060865892515	0.86067925640713	0.976481294199774	-0.0191
GLS2	2.53965171052557	0.861299977977413	0.97695400322633	-0.0394
FAT4	2.87049303956202	0.861309962857569	0.97695400322633	-0.0479
MIR3916	1.90230243513674	0.862457189481274	0.978194486280451	-0.0504
TASP1	4.36417158052035	0.862973963243928	0.978659005651705	-0.0253
ZNF75D	4.5052742636812	0.863856714119309	0.979538395836156	-0.0276
GJC2	-0.465028419435998	0.864042077241808	0.979687731328889	-0.1792
LOC100996251	-0.542861371762137	0.864121424730333	0.979716850694135	-0.19
WRAP73	3.22925820746421	0.864710696664595	0.980263194132442	-0.0363
COPB2	7.61657382973511	0.866851513427573	0.982263126381588	-0.0193
MPP3	2.56163444040615	0.867629187418281	0.983022307795453	-0.0445
MYLK-AS1	0.712699077252412	0.867790399205901	0.983143944886616	-0.1245
EPM2AIP1	3.77531615167667	0.868712824730292	0.984005790672967	-0.0292
PSTK	1.66947745969353	0.868929009739783	0.984128544066597	-0.0692
TOB2P1	-0.390964732068312	0.869897177552303	0.985163949962459	-0.1683
GABPB2	3.12201618773824	0.870243095176048	0.985433441603643	-0.042
LINC01424	-0.80608656876702	0.870519782668862	0.985591029466471	-0.2311
LOC105378828	-0.464717555188831	0.870544223824871	0.985591029466471	-0.1834
ARTN	-0.713891764721773	0.870794110058321	0.985812803747036	-0.2124
DPH3	4.10937056071804	0.870959353329472	0.985938733452151	-0.0262
RAB1A	7.92178309317954	0.87272842405119	0.987696367830793	-0.0173
ADIPOR1	6.49341863891329	0.873232047479931	0.988082574612224	-0.022
ADAP2	2.13851576184567	0.87346543746258	0.988224158795046	-0.0529
S100A3	-0.543716866613869	0.874414537160274	0.989175349510346	-0.1899
MANEAL	2.78386200032307	0.87558122483377	0.990311061307559	-0.0332
UBXN11	3.74312589451497	0.876429928374111	0.991209563399689	-0.0298
S100A11	8.68924161805756	0.876756015943134	0.991516931614808	-0.0233
ZNF671	2.01568543863036	0.87712084725787	0.991806639054795	-0.0506
KDM2A	7.13745187454854	0.877699477665237	0.992376986587595	-0.0163
RSRC1	5.17525910862129	0.877733961570437	0.992376986587595	-0.0225
MSS51	-0.253451783331173	0.878037127528539	0.992658273480369	-0.1487
SHOC2	5.1525952270176	0.878201653938388	0.992721324724409	-0.0189
PHLDB3	2.362270837366	0.878645204659433	0.993038250248413	-0.0651
DNAJC1	4.22456831437495	0.87993357114045	0.994371233348193	-0.0259
HOXB-AS1	-0.189297898140078	0.880292738298278	0.994715537903774	-0.1393
MIR4292	-0.253337182681364	0.880954329682095	0.99533990857014	-0.1458
MB21D1	3.5014204633535	0.882603298672301	0.99708028187779	-0.0316
ZNF17	3.30749645313478	0.882603930496554	0.99708028187779	-0.0332
DAGLA	3.75052136522168	0.882670621731223	0.997093921807141	-0.0283
MCF2L2	-0.18925916227826	0.883256227922821	0.997693707273791	-0.1415
PTPRG-AS1	1.34181507038035	0.883613070649262	0.997891705369173	-0.0564
C1D	4.64193490231795	0.884370995049818	0.998582192332352	-0.0241
KATNBL1P6	-0.189067422341785	0.885692170858274	1	-0.1433
SPDYE1	1.15729970774839	0.88580669678198	1	-0.0729
TRNL2	-0.39069500561397	0.886763344019968	1	-0.1615
SLC2A8	3.17337908119527	0.887397043212289	1	-0.0418
PPIP5K1	2.883829113161	0.887694917263606	1	-0.0395
DENND3	4.72685115679223	0.887997755227738	1	-0.0196
RWDD2B	4.58665991025287	0.888016715924559	1	-0.02
LOC105369190	-0.0688800097670914	0.888091439131488	1	-0.1266
RPS27A	10.5450993781524	0.888371926410489	1	-0.0174
ZC3H12B	1.15705820592874	0.888398004130775	1	-0.0726
C10orf12	3.53902452412904	0.888804236131656	1	-0.0251
LOC101929140	-0.127529298914461	0.889411677690852	1	-0.1363
TTC39C	2.97094540474736	0.889775283850826	1	-0.0294
CCDC82	4.83278659923875	0.890045604874142	1	-0.0265
DPP3	5.55528070383485	0.890347269802265	1	-0.0175
ELK1	3.81249040113263	0.89049268209997	1	-0.0283
UBR4	7.28034600788356	0.890557382117883	1	-0.0151
RPS12	9.06351619849103	0.890645266459961	1	-0.0169
BCL2L14	-0.127605573467818	0.891708603388014	1	-0.1376
SHARPIN	3.87390924514791	0.892827159970492	1	-0.0287
SLC35A2	4.16656271336013	0.893461303176166	1	-0.0204
APITD1	1.56352084679764	0.894201596771138	1	-0.0499
COL6A2	-0.0130706883860075	0.894447482906941	1	-0.1174
ATP13A2	4.00753807730218	0.89449778091865	1	-0.0266
SNORD62B	-0.0685749185100149	0.895008791823388	1	-0.1313
RNF144A	-0.0683852630854411	0.895652655295481	1	-0.1267
PLCD1	-0.189567072174877	0.895868060031724	1	-0.1297
VPS4B	6.39811895720606	0.895909092155613	1	-0.0146
ZBED8	2.6880894167378	0.897538980114236	1	-0.0418
GHITM	7.63878994724845	0.898709715210907	1	-0.0143
SMAP1	4.80260276907881	0.898813466483596	1	-0.0201
ABHD1	-0.39216358970663	0.899042947636368	1	-0.1588
TYMSOS	0.0950274001735634	0.899250301376821	1	-0.1112
HAP1	-0.128027413181233	0.899654835985604	1	-0.123
RPS21	9.7759895581054	0.899689481549756	1	-0.0148
NEDD1	5.56347787053325	0.900123177891535	1	-0.0164
QRSL1	4.82366116651976	0.900220179129153	1	-0.0164
ALOX5	-0.542431297938062	0.901008948544251	1	-0.2232
FAM168B	7.01163331388816	0.901452887667184	1	-0.0132
ARHGAP1	5.27522028280137	0.902182996513675	1	-0.0164
HDAC4	4.26862955661553	0.902392140006226	1	-0.0191
C1GALT1C1L	1.27725995940202	0.9027227113342	1	-0.0756
DSG2-AS1	0.241484755922263	0.903220068875887	1	-0.0966
ST3GAL3	1.69600107420266	0.90323816235684	1	-0.0557
MIPEPP3	0.144847825919223	0.903952627175277	1	-0.106
NBPF26	3.50823150652822	0.904125459559437	1	-0.0228
CLDN20	0.193706388118532	0.904138423650882	1	-0.1005
BAIAP2L1	5.99182638915167	0.904198219315489	1	-0.0143
ZNF268	5.62665106578779	0.904482746696411	1	-0.0155
ZNF75A	4.71622883436364	0.904611731834353	1	-0.0167
AFF4	7.63904371034383	0.904874775973238	1	-0.0127
UBXN1	6.66449203899236	0.905018828384847	1	-0.0203
ZNF585B	4.04540551585464	0.905497503296715	1	-0.0223
CLCN2	2.86427493426912	0.905529109619512	1	-0.0339
ALKBH7	3.5921408664262	0.90567392593854	1	-0.032
ZNF823	3.90682262378017	0.905846582520177	1	-0.0239
STRADA	4.07669529325914	0.906605852935301	1	-0.0188
TRAF1	1.5650284412353	0.906863824659292	1	-0.0531
PACRGL	4.05924879203004	0.9084334208576	1	-0.0234
POU2F1	5.96933624111926	0.909351792622503	1	-0.0143
PCDHB9	0.0414031925817394	0.910274463811682	1	-0.1173
SNRPD2	8.01801593242913	0.910591505727304	1	-0.0166
PLEKHB2	7.38868641685614	0.912369456309019	1	-0.0132
CCNB1IP1	5.85502367677839	0.912578790240717	1	-0.0144
LOC100507131	0.374632824414569	0.912599540850952	1	-0.0817
UBE4A	6.59355505326389	0.913844143771025	1	-0.0118
BCKDHB	4.18213691250019	0.914155674970256	1	-0.0182
EMC2	5.37099820002781	0.914291450702618	1	-0.0157
ROCK1	6.72465453841921	0.914349969421917	1	-0.0144
SH3BGR	2.8745336131758	0.914580291520348	1	-0.0369
CCDC22	2.95178334708677	0.914756161109108	1	-0.0285
PRORSD1P	1.91706030726719	0.915121914609663	1	-0.0476
SNHG16	7.14832008360593	0.915255773444576	1	-0.0164
TBC1D30	7.1526600923874	0.91632124367791	1	-0.0128
STK32C	3.08993807389942	0.91640796381352	1	-0.033
PFN1P2	0.308202069340993	0.917563296634145	1	-0.1291
TULP4	4.68125086209215	0.917699033191677	1	-0.0143
RPS14	8.99465944752518	0.917966427825093	1	-0.0157
ARL4C	6.09700659691781	0.918905053373753	1	-0.0126
SAMD4B	6.06855946256262	0.919566046409868	1	-0.0128
SPATA24	2.28140130673482	0.920502542261846	1	-0.0247
STAG3L1	2.8222411603773	0.921799195581074	1	-0.0457
BIN3	4.26846594134429	0.922247096908563	1	-0.0191
ABCC1	2.36377123256065	0.922620641342558	1	-0.0319
ATP2A1-AS1	0.435551028147447	0.922630772403765	1	-0.1144
MIRLET7BHG	0.645097694403911	0.923714840300808	1	-0.0715
LOC100130100	0.571992522829806	0.924203305260264	1	-0.0735
LOC440311	0.610143760970579	0.925622353286039	1	-0.0737
RHOG	3.47166613547497	0.926616637052377	1	-0.0188
NSMCE2	3.92571120289633	0.928400024232158	1	-0.0181
UBE3C	7.05566719525524	0.929469485516911	1	-0.0095
ZNF766	4.19571946258328	0.929569917048638	1	-0.0169
SLC25A4	4.66678389353801	0.929672749410446	1	-0.0115
DARS-AS1	0.901393520232003	0.9297960588564	1	-0.0527
CDKL5	2.59505131493089	0.930426263639188	1	-0.0336
PCSK7	5.00026663139258	0.931609375226288	1	-0.0128
ENOX2	4.68879097261468	0.93189705423061	1	-0.0127
CAMKK2	5.70758144873239	0.9330657836918	1	-0.0107
CEP290	5.44038990073406	0.93316635456322	1	-0.0148
RABGEF1	5.78565745166027	0.934060297795603	1	-0.0099
ARSG	1.06838971584197	0.934148506825758	1	-0.0454
ENTPD7	4.19619725960696	0.934442040396519	1	-0.0148
TAP2	0.932083338530865	0.935130804536741	1	-0.0557
C19orf57	1.09374649113267	0.936422950597327	1	-0.0418
PLD2	4.82583720945015	0.937410079571277	1	-0.012
TMEM135	4.76796548773544	0.939465143430124	1	-0.011
ZNF582	1.1704837738758	0.940072997605053	1	-0.046
CXorf23	3.9181182174223	0.940264989713461	1	-0.0136
CEP89	3.63372288335936	0.940363054621199	1	-0.0189
ERCC3	5.79498745846719	0.940694512103593	1	-0.0094
LRPAP1	5.96594480986473	0.941992101370089	1	-0.0094
FAM90A1	1.37480114161478	0.942111998375409	1	-0.0338
ENSA	8.01344902043008	0.942209902093654	1	-0.0084
SEC63	6.76704069855459	0.942489564774003	1	-0.0093
SNORD74	1.14645887282137	0.942910706592994	1	-0.0472
Sep-15	7.76625766395784	0.943545122213123	1	-0.008
TOPORS-AS1	1.41582623186396	0.944792235451667	1	-0.0331
LINC00857	3.24935122979869	0.946462835194369	1	-0.0173
TRIM7	1.29723910780118	0.946494652400768	1	-0.0515
SPCS1	5.70566898272566	0.946496450221099	1	-0.0089
ATMIN	6.38528499493869	0.946599398410677	1	-0.008
GTF3C4	5.87770342659825	0.946766182321545	1	-0.0084
MIEF1	5.56716819126672	0.947200371992048	1	-0.0083
CPD	6.05077911313944	0.947402038954938	1	-0.008
FOXA2	1.38477704217573	0.947608590114467	1	-0.0494
WWP2	5.84502922570604	0.94808983388453	1	-0.0081
CTNNBIP1	4.21722958390972	0.948460224066384	1	-0.0111
ATP6V0B	5.81233136545371	0.949412392119159	1	-0.0087
ERCC2	4.24219648937844	0.949963562286598	1	-0.0124
RPL28	10.63492043462	0.9507441935767	1	-0.0081
RAB33B	4.21290025429873	0.95127108254135	1	-0.0121
C16orf46	1.49823489664854	0.951664962846293	1	-0.0346
TRIB1	4.33766009457006	0.952098139103105	1	-0.0087
RNF8	4.35053987506745	0.95245766335138	1	-0.0111
FAM210B	3.47810613646703	0.9537111603777	1	-0.0121
C21orf59	5.83760044287555	0.953852393315543	1	-0.0074
ISCA1	5.87532408579929	0.953864747720078	1	-0.0072
LOC100996724	1.93129718293167	0.954017041958694	1	-0.0191
C6orf52	1.79614172082176	0.954121835716679	1	-0.0265
DENND2D	4.50424051308121	0.954247439510403	1	-0.0091
CCT6P3	2.00135002221255	0.955429186212385	1	-0.0165
MROH6	1.40326607817806	0.957856177708949	1	-0.0408
LINC00667	3.71256602004015	0.958009205549361	1	-0.0115
MED12	5.49793372948582	0.958624434537643	1	-0.0078
NAGA	3.84781593775427	0.958697152621366	1	-0.0087
XKR8	2.0555477772755	0.958906612545238	1	-0.0413
EEF1A1	12.723522812796	0.95967380557651	1	-0.0064
NDOR1	5.09304481745645	0.960564564469828	1	-0.0098
EDEM1	4.80545580605013	0.961036391334757	1	-0.0061
CHST14	2.31397471149879	0.961476879483676	1	-0.0207
MID1IP1	5.32763767250733	0.962020800041859	1	-0.0067
ZNF560	2.38941134463255	0.96259569576038	1	-0.0202
C7orf13	2.21019665446542	0.964293709895693	1	-0.0176
PMAIP1	5.8560729134204	0.964577671139078	1	-0.0064
PTPN23	4.77918977680527	0.966479410107971	1	-0.0098
HECTD2	2.69225059774839	0.966702499914956	1	-0.0168
CDKAL1	4.13880693863537	0.967043194017684	1	-0.0107
SPINT2	8.00080811371264	0.967186867005617	1	-0.0049
SMEK2	7.40682800715576	0.967315636054549	1	-0.0045
FSCN1	5.19213838082729	0.967923120133888	1	-0.0084
TPP2	6.23976981226699	0.9684214240292	1	-0.0048
LRRC47	5.1943010114978	0.968442698301534	1	-0.0065
CLASRP	4.38692298907272	0.96928794611557	1	-0.0072
ASB16-AS1	2.85196741844696	0.971750836008947	1	-0.0217
NOD1	3.15327625948953	0.972942766280668	1	-0.0175
YTHDF3	6.14706869418596	0.973662539836683	1	-0.0041
CAMKK1	2.91792950126355	0.973814966830157	1	-0.018
SLC1A1	3.30313931516906	0.973940039450452	1	-0.0103
RRAS	3.32364646970204	0.977080947876615	1	-0.0169
SPIRE1	5.70677496828145	0.977170348035247	1	-0.0042
ZHX1	5.03571577579169	0.977267913359134	1	-0.0048
THUMPD3	5.504516475076	0.977487915525606	1	-0.0045
KMT2B	5.02374899637725	0.978065690385707	1	-0.0054
APOBEC3C	3.68482065087773	0.978237182840905	1	-0.0087
AP1S2	3.63709697578683	0.978745402125165	1	-0.012
MEF2A	5.06528855334166	0.979044107093164	1	-0.0061
REL	5.04147057946174	0.980374330530867	1	-0.0059
BRD7	7.12309098813062	0.980650038807222	1	-0.0044
EP400	6.63660204914103	0.984711853500671	1	-0.003
GTF2B	5.24458332469071	0.98529550227711	1	-0.0036
CCDC25	5.73835528616791	0.986115512526431	1	-0.0033
ZNF121	4.48772429804622	0.986154275900423	1	-0.0035
ARF1	8.49689285855717	0.990785502700232	1	-0.0014
POLR3C	5.1481331499265	0.991359697515162	1	-0.0034
RAB12	5.51839819505029	0.993999323486274	1	-0.0015
MAP2K3	5.48579395015523	0.99869273636059	1	-0.0014
RALBP1	6.60826461587551	0.999658198092923	1	-9e-04
KIAA2012	-1.80587381734598	0.999999999999998	1	-0.3791
MIR130B	-1.80587381734598	0.999999999999998	1	-0.3791
CLIP1-AS1	-0.758847252349124	0.999999999999998	1	-0.111
BOLA3-AS1	-0.758847252349124	0.999999999999998	1	-0.111
LPPR3	-2.01226844182533	0.999999999999999	1	-0.5278
SENP3-EIF4A1	-1.62515660972697	0.999999999999999	1	-0.2977
PDE6B	-1.62515660972697	0.999999999999999	1	-0.2977
NPY6R	-1.62515660972697	0.999999999999999	1	-0.2977
LOC101927124	-0.85520560991841	0.999999999999999	1	-0.122
LSMEM2	-1.18938350457495	0.999999999999999	1	-0.176
MURC	-0.854811732030435	0.999999999999999	1	-0.124
IFFO1	-0.503321568217082	0.999999999999999	1	-0.0876
PRKAR2B	-0.758454599445481	0.999999999999999	1	-0.113
LINC01398	-1.80599497217448	0.999999999999999	1	-0.3764
FAM46C	-1.80599497217448	0.999999999999999	1	-0.3764
PIK3C2G	-1.80599497217448	0.999999999999999	1	-0.3764
MIP	-1.80599497217448	0.999999999999999	1	-0.3764
CCDC144B	-1.62543752119939	0.999999999999999	1	-0.296
ATP6V1B1-AS1	-1.62543752119939	0.999999999999999	1	-0.296
TMEM239	-1.62543752119939	0.999999999999999	1	-0.296
PCDHA1	-1.46454790413043	0.999999999999999	1	-0.2461
NRIP2	1.54512370894599	0.999999999999999	1	-0.0099
DPYD-AS1	-2.01259214023995	0.999999999999999	1	-0.5197
HRASLS5	-2.01259214023995	0.999999999999999	1	-0.5197
LMO7-AS1	-2.01259214023995	0.999999999999999	1	-0.5197
DAND5	-2.01259214023995	0.999999999999999	1	-0.5197
LOC101927686	-2.01259214023995	0.999999999999999	1	-0.5197
CXCR5	-1.80595414998081	0.999999999999999	1	-0.3818
MMP14	-1.06950008668045	0.999999999999999	1	-0.1531
LOC100130950	-0.758886965166301	0.999999999999999	1	-0.1057
FBXO16	1.93924186773711	0.999999999999999	1	-0.0068
LDB3	-2.01230941012712	0.999999999999999	1	-0.5207
KIRREL3	-2.01230941012712	0.999999999999999	1	-0.5207
C12orf42	-2.01230941012712	0.999999999999999	1	-0.5207
SNORA49	-2.01230941012712	0.999999999999999	1	-0.5207
ALPPL2	-2.01230941012712	0.999999999999999	1	-0.5207
TXNRD3NB	-2.01230941012712	0.999999999999999	1	-0.5207
ALG1L2	-2.01287481731726	0.999999999999999	1	-0.5168
LOC285423	-2.01287481731726	0.999999999999999	1	-0.5168
SPANXA2-OT1	-2.01287481731726	0.999999999999999	1	-0.5168
ABCA10	-2.01279424910712	0.999999999999999	1	-0.5165
EPHX3	-2.01279424910712	0.999999999999999	1	-0.5165
TNNC2	-2.01279424910712	0.999999999999999	1	-0.5165
MIATNB	0.352727092116791	0.999999999999999	1	-0.032
PCDHA7	-0.759396352011952	0.999999999999999	1	-0.1072
SNORA71B	-0.28636136951941	0.999999999999999	1	-0.0848
GSK3A	5.0781609041763	0.999999999999999	1	-0.0021
MADCAM1	-1.80559196197699	1	1	-0.3837
TRS-TGA2-1	-1.46474810843311	1	1	-0.2423
CEP83-AS1	-0.0983823344796797	1	1	-0.0592
MFI2-AS1	0.217750236204081	1	1	-0.0377
LINC00310	-2.01239000426773	1	1	-0.5214
NACAP1	-2.01239000426773	1	1	-0.5214
MIR3605	-2.01267271925787	1	1	-0.5203
SLX1B	-2.01267271925787	1	1	-0.5203
SNORD124	-2.01267271925787	1	1	-0.5203
RRS1-AS1	-2.01267271925787	1	1	-0.5203
CORIN	-1.46514843887423	1	1	-0.2393
BHLHA15	-1.46514843887423	1	1	-0.2393
SNHG22	-0.758768955892113	1	1	-0.1102
FSIP2	0.217976203701169	1	1	-0.0466
LOC102724708	0.217788034412487	1	1	-0.0411
FLJ43315	0.0145343224858242	1	1	-0.0401
POLR2J3	1.91532293242406	1	1	-0.0155
LOC100287944	-1.80571313930704	1	1	-0.3781
MPZ	-1.80631756622503	1	1	-0.3626
LINC01214	-1.62527737560032	1	1	-0.2946
LOC101929643	-1.62583910249571	1	1	-0.292
IQCA1	-1.62583910249571	1	1	-0.292
MEPE	-1.32041399883285	1	1	-0.2037
HTR2B	-0.668859063154619	1	1	-0.1013
FABP3	-0.583905625736022	1	1	-0.0939
MASP2	0.436212435997963	1	1	-0.0274
EHD3	2.15626801054029	1	1	-0.0119
RHBDD3	2.74958069601216	1	1	-0.0118
CCDC61	2.23079468467862	1	1	-0.0098
BAIAP3	1.59995763198623	1	1	-0.0075
SPTBN4	-1.62539813193336	1	1	-0.2905
ZBTB20-AS1	-1.62539813193336	1	1	-0.2905
SNORA2B	-1.46434767376457	1	1	-0.2569
MIR573	-1.46434767376457	1	1	-0.2569
RPS16P5	-1.46510790354214	1	1	-0.2421
LOC100129973	-1.46466828338897	1	1	-0.242
TBXA2R	-1.46466828338897	1	1	-0.242
COL6A4P1	-1.46550814033343	1	1	-0.2368
HIST1H2BI	-1.06954019845178	1	1	-0.1495
LRRC70	-0.957692726267311	1	1	-0.1381
BAG6	0.329536473017397	1	1	-0.0811
RLN1	-0.42711724911449	1	1	-0.0765
S100A1	-0.0972766355216865	1	1	-0.0606
IL22RA1	1.92337666430355	1	1	-0.0286
HIC2	2.62522991094225	1	1	-0.0054
TMEM161B-AS1	3.31852478444282	1	1	-8e-04
NPPB	-2.54291427687861	1	1	-2.3187
HIST2H2BA	-2.54291427687861	1	1	-2.3187
PGLYRP4	-2.54291427687861	1	1	-2.3187
TNN	-2.54291427687861	1	1	-2.3187
NPL	-2.54291427687861	1	1	-2.3187
LOC103021296	-2.54291427687861	1	1	-2.3187
RD3	-2.54291427687861	1	1	-2.3187
TUBB8	-2.54291427687861	1	1	-2.3187
C10orf90	-2.54291427687861	1	1	-2.3187
TH	-2.54291427687861	1	1	-2.3187
CHRM4	-2.54291427687861	1	1	-2.3187
SPI1	-2.54291427687861	1	1	-2.3187
RAPSN	-2.54291427687861	1	1	-2.3187
MIR4697HG	-2.54291427687861	1	1	-2.3187
LINC00937	-2.54291427687861	1	1	-2.3187
ADAMTS20	-2.54291427687861	1	1	-2.3187
AMHR2	-2.54291427687861	1	1	-2.3187
HOXC12	-2.54291427687861	1	1	-2.3187
LIN7A	-2.54291427687861	1	1	-2.3187
ACTN1-AS1	-2.54291427687861	1	1	-2.3187
HHIPL1	-2.54291427687861	1	1	-2.3187
CHRM5	-2.54291427687861	1	1	-2.3187
ITGA11	-2.54291427687861	1	1	-2.3187
BNC1	-2.54291427687861	1	1	-2.3187
PRSS33	-2.54291427687861	1	1	-2.3187
CAPNS2	-2.54291427687861	1	1	-2.3187
CCL17	-2.54291427687861	1	1	-2.3187
CDH5	-2.54291427687861	1	1	-2.3187
LINC00311	-2.54291427687861	1	1	-2.3187
FENDRR	-2.54291427687861	1	1	-2.3187
SLC13A5	-2.54291427687861	1	1	-2.3187
ALDH3A1	-2.54291427687861	1	1	-2.3187
SCN4A	-2.54291427687861	1	1	-2.3187
LOC105376906	-2.54291427687861	1	1	-2.3187
SYNGR4	-2.54291427687861	1	1	-2.3187
C19orf84	-2.54291427687861	1	1	-2.3187
ADD2	-2.54291427687861	1	1	-2.3187
LINC00607	-2.54291427687861	1	1	-2.3187
CATIP-AS1	-2.54291427687861	1	1	-2.3187
LOC93463	-2.54291427687861	1	1	-2.3187
SLC24A3	-2.54291427687861	1	1	-2.3187
CD40	-2.54291427687861	1	1	-2.3187
CYYR1-AS1	-2.54291427687861	1	1	-2.3187
LINC00319	-2.54291427687861	1	1	-2.3187
SEPT5-GP1BB	-2.54291427687861	1	1	-2.3187
CYP2D7	-2.54291427687861	1	1	-2.3187
SCUBE1	-2.54291427687861	1	1	-2.3187
IL17REL	-2.54291427687861	1	1	-2.3187
KLF15	-2.54291427687861	1	1	-2.3187
CHST2	-2.54291427687861	1	1	-2.3187
P2RY1	-2.54291427687861	1	1	-2.3187
RNF175	-2.54291427687861	1	1	-2.3187
TRR-ACG2-4	-2.54291427687861	1	1	-2.3187
CDSN	-2.54291427687861	1	1	-2.3187
TFAMP1	-2.54291427687861	1	1	-2.3187
DPY19L2P1	-2.54291427687861	1	1	-2.3187
NCF1C	-2.54291427687861	1	1	-2.3187
LOC101928632	-2.54291427687861	1	1	-2.3187
CLCN1	-2.54291427687861	1	1	-2.3187
LINC01251	-2.54291427687861	1	1	-2.3187
COL15A1	-2.54291427687861	1	1	-2.3187
VCX3B	-2.54291427687861	1	1	-2.3187
MAOB	-2.54291427687861	1	1	-2.3187
GPR173	-2.54291427687861	1	1	-2.3187
HTR2C	-2.54291427687861	1	1	-2.3187
LIN28A	-2.54311775193609	1	1	-2.3164
HPCAL4	-2.54311775193609	1	1	-2.3164
UOX	-2.54311775193609	1	1	-2.3164
LOC101928370	-2.54311775193609	1	1	-2.3164
HSD3BP4	-2.54311775193609	1	1	-2.3164
PACERR	-2.54311775193609	1	1	-2.3164
PTPRC	-2.54311775193609	1	1	-2.3164
IL19	-2.54311775193609	1	1	-2.3164
LOC105373474	-2.54311775193609	1	1	-2.3164
LOC101927164	-2.54311775193609	1	1	-2.3164
BTNL10	-2.54311775193609	1	1	-2.3164
CHRM3	-2.54311775193609	1	1	-2.3164
RBP3	-2.54311775193609	1	1	-2.3164
FAM25C	-2.54311775193609	1	1	-2.3164
C10orf105	-2.54311775193609	1	1	-2.3164
MYOZ1	-2.54311775193609	1	1	-2.3164
RBP4	-2.54311775193609	1	1	-2.3164
CDKN1C	-2.54311775193609	1	1	-2.3164
FAT3	-2.54311775193609	1	1	-2.3164
MMP10	-2.54311775193609	1	1	-2.3164
LAG3	-2.54311775193609	1	1	-2.3164
MFAP5	-2.54311775193609	1	1	-2.3164
BIN2	-2.54311775193609	1	1	-2.3164
SOAT2	-2.54311775193609	1	1	-2.3164
GTSF1	-2.54311775193609	1	1	-2.3164
EEF1DP3	-2.54311775193609	1	1	-2.3164
LOC105370362	-2.54311775193609	1	1	-2.3164
PROZ	-2.54311775193609	1	1	-2.3164
NPAS3	-2.54311775193609	1	1	-2.3164
LOC101927418	-2.54311775193609	1	1	-2.3164
CHRNB4	-2.54311775193609	1	1	-2.3164
GOLGA2P7	-2.54311775193609	1	1	-2.3164
LOC729652	-2.54311775193609	1	1	-2.3164
NPIPA3	-2.54311775193609	1	1	-2.3164
SCNN1G	-2.54311775193609	1	1	-2.3164
MMP2	-2.54311775193609	1	1	-2.3164
Sep-04	-2.54311775193609	1	1	-2.3164
USH1G	-2.54311775193609	1	1	-2.3164
LAMA1	-2.54311775193609	1	1	-2.3164
TXNDC2	-2.54311775193609	1	1	-2.3164
C18orf61	-2.54311775193609	1	1	-2.3164
RNF152	-2.54311775193609	1	1	-2.3164
ARRDC5	-2.54311775193609	1	1	-2.3164
NCCRP1	-2.54311775193609	1	1	-2.3164
KLK5	-2.54311775193609	1	1	-2.3164
KLK8	-2.54311775193609	1	1	-2.3164
DNAJC5G	-2.54311775193609	1	1	-2.3164
CAPN13	-2.54311775193609	1	1	-2.3164
ADRA2B	-2.54311775193609	1	1	-2.3164
CYP27C1	-2.54311775193609	1	1	-2.3164
XIRP2	-2.54311775193609	1	1	-2.3164
DAW1	-2.54311775193609	1	1	-2.3164
NEU2	-2.54311775193609	1	1	-2.3164
ESPNL	-2.54311775193609	1	1	-2.3164
KCNK15	-2.54311775193609	1	1	-2.3164
ZNF334	-2.54311775193609	1	1	-2.3164
ZBP1	-2.54311775193609	1	1	-2.3164
EVA1C	-2.54311775193609	1	1	-2.3164
CECR7	-2.54311775193609	1	1	-2.3164
LOC105374156	-2.54311775193609	1	1	-2.3164
FGF12	-2.54311775193609	1	1	-2.3164
CD38	-2.54311775193609	1	1	-2.3164
LOC101928622	-2.54311775193609	1	1	-2.3164
UCHL1-AS1	-2.54311775193609	1	1	-2.3164
NDST3	-2.54311775193609	1	1	-2.3164
LOC101927282	-2.54311775193609	1	1	-2.3164
STOX2	-2.54311775193609	1	1	-2.3164
LOC101928793	-2.54311775193609	1	1	-2.3164
LOC105379029	-2.54311775193609	1	1	-2.3164
C5orf66-AS1	-2.54311775193609	1	1	-2.3164
C1QTNF2	-2.54311775193609	1	1	-2.3164
FOXI1	-2.54311775193609	1	1	-2.3164
BTN1A1	-2.54311775193609	1	1	-2.3164
IL20RA	-2.54311775193609	1	1	-2.3164
LPAL2	-2.54311775193609	1	1	-2.3164
LOC105375112	-2.54311775193609	1	1	-2.3164
LOC101927769	-2.54311775193609	1	1	-2.3164
CCDC129	-2.54311775193609	1	1	-2.3164
SEMA3D	-2.54311775193609	1	1	-2.3164
KIAA1324L	-2.54311775193609	1	1	-2.3164
LRRN3	-2.54311775193609	1	1	-2.3164
CPA5	-2.54311775193609	1	1	-2.3164
DGKI	-2.54311775193609	1	1	-2.3164
LOC101928422	-2.54311775193609	1	1	-2.3164
LOC105379238	-2.54311775193609	1	1	-2.3164
C8orf74	-2.54311775193609	1	1	-2.3164
ANGPT1	-2.54311775193609	1	1	-2.3164
LOC101927657	-2.54311775193609	1	1	-2.3164
MAFA	-2.54311775193609	1	1	-2.3164
LOC440173	-2.54311775193609	1	1	-2.3164
GABBR2	-2.54311775193609	1	1	-2.3164
CRLF2	-2.54311775193609	1	1	-2.3164
SHROOM4	-2.54311775193609	1	1	-2.3164
CSAG1	-2.54311775193609	1	1	-2.3164
OLFML3	-2.25334188320322	1	1	-0.8414
BCL2L2-PABPN1	-2.25334188320322	1	1	-0.8414
LOC105370641	-2.25334188320322	1	1	-0.8414
CELF6	-2.25334188320322	1	1	-0.8414
LOC100996813	-2.25334188320322	1	1	-0.8414
CGB2	-2.25334188320322	1	1	-0.8414
LOC105374693	-2.25334188320322	1	1	-0.8414
HUS1B	-2.25334188320322	1	1	-0.8414
CAGE1	-2.25334188320322	1	1	-0.8414
MICA	-2.25334188320322	1	1	-0.8414
FCER1G	-2.25326102362185	1	1	-0.8405
MMP17	-2.25326102362185	1	1	-0.8405
SNORD9	-2.25326102362185	1	1	-0.8405
GRAP	-2.25326102362185	1	1	-0.8405
QPCT	-2.25326102362185	1	1	-0.8405
CATIP-AS2	-2.25326102362185	1	1	-0.8405
NIM1K	-2.25326102362185	1	1	-0.8405
ST7-AS2	-2.25326102362185	1	1	-0.8405
HSD11B1	-2.25354469476965	1	1	-0.8391
SCN2B	-2.25354469476965	1	1	-0.8391
LINC00167	-2.25354469476965	1	1	-0.8391
NKD1	-2.25354469476965	1	1	-0.8391
TEPP	-2.25354469476965	1	1	-0.8391
RPL17-C18orf32	-2.25354469476965	1	1	-0.8391
DLGAP4-AS1	-2.25354469476965	1	1	-0.8391
CD96	-2.25354469476965	1	1	-0.8391
CFAP44-AS1	-2.25354469476965	1	1	-0.8391
DCHS2	-2.25354469476965	1	1	-0.8391
HIST1H4B	-2.25354469476965	1	1	-0.8391
HSPA1A	-2.25354469476965	1	1	-0.8391
BIN3-IT1	-2.25354469476965	1	1	-0.8391
CDC42P3	-2.25354469476965	1	1	-0.8391
C8orf31	-2.25354469476965	1	1	-0.8391
HCFC1-AS1	-2.25354469476965	1	1	-0.8391
SLAMF9	-2.25346384614476	1	1	-0.8382
LOC105376341	-2.25346384614476	1	1	-0.8382
TSPAN18	-2.25346384614476	1	1	-0.8382
DOC2GP	-2.25346384614476	1	1	-0.8382
LOC102724474	-2.25346384614476	1	1	-0.8382
ISM2	-2.25346384614476	1	1	-0.8382
EXD1	-2.25346384614476	1	1	-0.8382
LOC101928710	-2.25346384614476	1	1	-0.8382
SNORD33	-2.25346384614476	1	1	-0.8382
SIGLEC9	-2.25346384614476	1	1	-0.8382
SNORA80B	-2.25346384614476	1	1	-0.8382
RIMBP3	-2.25346384614476	1	1	-0.8382
APOBEC3G	-2.25346384614476	1	1	-0.8382
LOC284930	-2.25346384614476	1	1	-0.8382
SDHAP2	-2.25346384614476	1	1	-0.8382
NKD2	-2.25346384614476	1	1	-0.8382
CALML6	-2.25374747886531	1	1	-0.8369
LSP1	-2.25374747886531	1	1	-0.8369
NEFH	-2.25374747886531	1	1	-0.8369
ZNF157	-2.25374747886531	1	1	-0.8369
CACNA2D4	-2.25366664119404	1	1	-0.8359
LOC100996425	-2.25366664119404	1	1	-0.8359
CSF3	-2.25366664119404	1	1	-0.8359
KCNN1	-2.25366664119404	1	1	-0.8359
HSPE1-MOB4	-2.25366664119404	1	1	-0.8359
GGT5	-2.25366664119404	1	1	-0.8359
LOC101927854	-2.25366664119404	1	1	-0.8359
VILL	-2.25366664119404	1	1	-0.8359
RUVBL1-AS1	-2.25366664119404	1	1	-0.8359
DHX16	-2.25366664119404	1	1	-0.8359
ANGPTL2	-2.25366664119404	1	1	-0.8359
GATA1	-2.25366664119404	1	1	-0.8359
LINC01554	-2.01218784118351	1	1	-0.5249
SYT11	-2.01247059409621	1	1	-0.5226
MIR29C	-2.01247059409621	1	1	-0.5226
ASAH2	-2.01247059409621	1	1	-0.5226
NPIPB8	-2.01247059409621	1	1	-0.5226
PRKAG2-AS1	-2.01247059409621	1	1	-0.5226
PLEKHD1	-2.01251155691101	1	1	-0.5185
RBP2	-2.01251155691101	1	1	-0.5185
LOC441081	-2.01251155691101	1	1	-0.5185
TRL-TAA4-1	-2.01251155691101	1	1	-0.5185
RNF112	-2.01271367658709	1	1	-0.5138
GPR1	-2.01271367658709	1	1	-0.5138
LINCR-0001	-2.01271367658709	1	1	-0.5138
LOC105369188	-1.80551161015478	1	1	-0.3853
CAPN9	-1.80579348045487	1	1	-0.3783
DNAJA4	-1.80607529839497	1	1	-0.377
ITGAM	-1.80607529839497	1	1	-0.377
IGLON5	-1.80607529839497	1	1	-0.377
JARID2-AS1	-1.80607529839497	1	1	-0.377
HOXA9	-1.80607529839497	1	1	-0.377
RNU11	-1.80627675269511	1	1	-0.3753
ADIRF	-1.80627675269511	1	1	-0.3753
CLEC2B	-1.80627675269511	1	1	-0.3753
SDCBP2	-1.80627675269511	1	1	-0.3753
PRDM12	-1.80627675269511	1	1	-0.3753
SNORD15A	-1.80619643714256	1	1	-0.3746
MYOM1	-1.80619643714256	1	1	-0.3746
SNORA80E	-1.80611611733543	1	1	-0.3721
PPP1R27	-1.80611611733543	1	1	-0.3721
LOC643201	-1.80611611733543	1	1	-0.3721
ADGRF2	-1.80639787536583	1	1	-0.3693
TMLHE-AS1	-1.62535745050017	1	1	-0.2951
DHRS11	-1.62555826487297	1	1	-0.2938
LOC102724596	-1.62555826487297	1	1	-0.2938
C2orf61	-1.62555826487297	1	1	-0.2938
MRAP	-1.62555826487297	1	1	-0.2938
LOC101928279	-1.62555826487297	1	1	-0.2938
CETN4P	-1.62555826487297	1	1	-0.2938
C9orf131	-1.62555826487297	1	1	-0.2938
C4orf26	-1.62575905285189	1	1	-0.2916
LOC100505658	-1.62575905285189	1	1	-0.2916
SNORD69	-1.62567899900953	1	1	-0.29
LRRC37A	-1.62595981444345	1	1	-0.2848
SMCR5	-1.46462773542336	1	1	-0.2472
BTK	-1.46482792933046	1	1	-0.2429
CCER2	-1.46502809718323	1	1	-0.2412
MAGEB2	-1.46502809718323	1	1	-0.2412
LOC256880	-1.46494828667893	1	1	-0.2408
ANGPTL6	-1.46522823898799	1	1	-0.2399
PPIEL	-1.4655486651385	1	1	-0.2256
NDUFA3	-1.4655486651385	1	1	-0.2256
PTENP1	-1.32049356112179	1	1	-0.2041
CNIH2	-1.3206930710412	1	1	-0.203
IZUMO4	-1.3206930710412	1	1	-0.203
CLIC1	-1.3206930710412	1	1	-0.203
CD27	-1.32061351900882	1	1	-0.2024
LOC100289511	-1.18914436699266	1	1	-0.1892
LOC102724352	-1.18926394036572	1	1	-0.1787
CDRT15	-1.18910532146023	1	1	-0.1768
ZCWPW2	-1.18902600594765	1	1	-0.1766
LOC442497	-1.18902600594765	1	1	-0.1766
HNRNPH2	-1.18894668639469	1	1	-0.176
HOXD9	-1.18970189065342	1	1	-0.1719
LOC646127	-1.06819261327612	1	1	-0.1702
LOC101927668	-0.957652730386034	1	1	-0.1414
LOC100128568	-0.958481849372508	1	1	-0.1396
FLJ35934	-0.957890338081659	1	1	-0.1367
KRT81	-0.854063557056388	1	1	-0.1353
GPR156	-0.958600595373053	1	1	-0.135
CIB2	-0.854890284602077	1	1	-0.1245
SPDYA	-0.855165764960804	1	1	-0.1241
UCP3	-0.855127072925544	1	1	-0.1213
ACTRT3	-0.85532398503076	1	1	-0.1184
PCP2	-0.583632768552028	1	1	-0.0944
TMEM45A	-0.502932584653136	1	1	-0.0911
TINCR	-0.503632902023564	1	1	-0.0851
ZNF233	-0.427078052812705	1	1	-0.0811
HVCN1	-0.504526188653505	1	1	-0.077
LOC441124	0.571334656031988	1	1	-0.0624
LOC729867	-0.158833881763651	1	1	-0.0613
BAAT	-0.0984208735538847	1	1	-0.0575
ZGLP1	0.0147622123778012	1	1	-0.049
HEY1	0.170159198467962	1	1	-0.0477
STX18-AS1	0.900648863949248	1	1	-0.0467
HIST2H2BC	0.217975370007971	1	1	-0.0421
HSD17B7P2	0.218050143048548	1	1	-0.0415
TAGLN	0.55347263317009	1	1	-0.0292
LOC728673	0.886406146543203	1	1	-0.0196
LINC00669	0.945140499898955	1	1	-0.0196
ZNF563	1.63668665611088	1	1	-0.0171
TRNG	0.943693708971062	1	1	-0.0123
USP27X	1.46740300555073	1	1	-0.0107
CACNB2	1.22882766555828	1	1	-0.0099
SMPD2	2.46587211201924	1	1	-0.0093
LOC101929959	1.08072447904923	1	1	-0.0092
PLEKHH2	2.26296529241437	1	1	-0.0087
C11orf74	3.73017278635745	1	1	-0.0077
FIZ1	3.37810828449042	1	1	-0.006
PTOV1-AS1	-1.39037653296724	1	1	-0.0052
KGFLP1	-1.39037653296724	1	1	-0.0052
PEX7	2.02141556517529	1	1	-0.0037
SMIM10L2A	1.56338720469054	1	1	-0.0037
TRMT44	3.6640935798097	1	1	-0.0024
ZNF805	3.60191560487134	1	1	-0.0022
FBXW7	4.80872034067734	1	1	-0.0021
RMRP	-1.39101536933409	1	1	-0.0021
TMED1	4.43880786580923	1	1	-0.002
U2AF1L4	2.22262643135249	1	1	-0.0018
HOXA1	3.69485617953105	1	1	-0.0017
HERC2P2	2.08854563810831	1	1	-0.0017
AHDC1	4.15542948377181	1	1	-0.0012
SUSD1	4.1849767140882	1	1	-0.0011
TIGD3	-1.25364611491337	1	1	-8e-04
FAM32A	6.07685700422459	1	1	-5e-04
SNORA44	0.609705500064856	1	1	-4e-04
CYB561A3	3.87064711123718	1	1	-2e-04
CARS	3.37454001686901	1	1	-1e-04
