TCGA_3L_AA1B_01A	TCGA_4N_A93T_01A	TCGA_4T_AA8H_01A	TCGA_5M_AAT4_01A
10	466	257	782	188
100	263	319	49	579
1000	155	32	8	33
10000	559	94	66	259
100008586	0	0	0	0
100009613	2	0	0	2
100009667	0	0	1	2
100009668	5	2	1	2
100009669	0	0	0	0
100009676	117	90	81	149
10001	694	383	359	861
10002	4	2	7	8
10003	40	31	21	20
100033392	0	0	0	0
100033398	1	0	0	0
100033407	0	0	0	0
100033409	0	0	0	0
100033411	2	0	0	1
100033413	0	0	0	0
100033414	0	0	0	0
100033415	0	0	0	0
100033416	0	0	0	0
100033417	0	0	0	0
100033418	0	0	0	0
100033419	0	0	0	0
100033420	0	0	0	0
100033421	0	0	0	0
100033422	0	0	0	0
100033423	0	0	0	0
100033424	0	0	0	0
100033425	0	0	0	0
100033426	0	0	0	0
100033427	0	0	0	0
100033428	0	0	0	0
100033429	0	0	0	0
100033430	0	0	0	0
100033431	0	0	0	0
100033432	0	0	0	0
100033433	0	0	0	0
100033434	0	0	0	0
100033435	0	0	0	0
100033436	0	0	0	0
100033437	0	0	0	0
100033438	0	0	0	0
100033439	0	0	0	0
100033440	0	0	0	0
100033441	0	0	0	0
100033442	0	0	0	0
100033443	0	0	0	0
100033444	0	0	0	0
100033445	0	0	0	0
100033446	0	0	0	0
100033447	0	0	0	0
100033448	0	0	0	0
100033449	0	0	0	0
100033450	0	0	0	0
100033451	0	0	0	0
100033453	0	0	0	0
100033454	0	0	0	0
100033455	0	0	0	0
100033456	0	0	0	0
100033458	0	0	0	0
100033460	0	0	0	0
100033603	0	0	0	0
100033799	0	0	0	0
100033800	0	0	0	0
100033801	0	0	0	0
100033802	0	0	0	0
100033803	0	0	0	0
100033804	0	0	0	0
100033805	0	0	0	0
100033806	0	0	0	0
100033807	0	0	0	0
100033808	0	0	0	0
100033809	0	0	0	0
100033810	0	0	0	0
100033811	0	0	0	0
100033812	0	0	0	0
100033813	0	0	0	0
100033814	0	0	0	0
100033815	0	0	0	0
100033816	0	0	0	0
100033817	0	0	0	0
100033818	0	0	0	0
100033819	0	0	0	0
100033820	0	0	0	0
100033821	0	0	0	0
100033822	0	0	0	0
100034743	49	40	17	67
100036563	0	0	0	0
100036564	0	0	0	0
100036565	0	0	0	0
100036566	0	0	0	0
100036567	0	0	0	0
100036574	0	0	0	0
100036575	3	4	2	1
100037267	2	1	0	0
100037280	7	2	5	5
100037417	95	60	22	144
100038246	26	32	59	115
10004	176	39	12	53
100048903	0	2	0	2
100048904	3	0	0	1
100048907	1	1	1	1
100048908	0	0	0	0
100048909	0	1	0	0
100048912	14	11	32	12
100048922	0	0	0	0
100048923	3	3	0	2
100048924	9	5	0	2
100049076	0	0	0	0
100049587	46	17	0	0
100049716	558	589	185	153
100049717	0	0	0	0
10005	930	1259	377	966
10006	3371	3750	2523	3475
10007	4464	2761	1091	4595
100073347	0	0	0	0
10008	1318	1807	1184	2870
10009	3026	926	861	2760
100093624	0	0	0	0
100093625	0	0	0	0
100093626	0	0	0	0
100093630	3232	2013	1329	3482
100093631	292	170	95	145
1001	4846	7921	2466	4561
10010	1442	1607	786	1273
100101111	0	0	0	0
100101115	0	0	0	0
100101116	0	0	0	0
100101117	0	2	0	0
100101118	0	0	0	0
100101119	0	0	0	0
100101120	0	0	0	0
100101121	0	0	0	0
100101246	2	2	0	1
100101247	1	2	0	2
100101267	2662	1669	1280	3594
100101268	7	29	25	47
100101405	0	0	0	0
100101407	0	0	1	0
100101440	3	5	0	1
100101467	672	384	209	326
100101478	2	1	1	1
100101490	0	0	0	0
100101554	1	0	0	0
100101917	12	8	2	5
100101932	0	1	0	0
100101935	0	0	0	0
100101938	1	4	0	0
10011	1219	1282	598	978
100113373	36	32	21	48
100113379	5	0	1	1
100113380	0	0	0	0
100113381	0	0	0	0
100113382	0	1	0	1
100113384	32	16	7	12
100113386	125	82	51	149
100113389	0	0	0	0
100113391	0	0	0	0
100113392	0	0	0	1
100113393	1	1	1	0
100113397	2	1	5	17
100113402	0	0	0	1
100113403	1	0	0	0
100113404	0	0	0	0
100113407	220	160	73	213
100113421	3	3	0	4
100114903	0	0	0	3
100118954	15	20	14	22
100124332	0	0	0	0
100124334	1	1	0	0
100124394	0	0	0	0
100124401	0	0	0	0
100124412	0	0	0	0
100124516	0	0	0	0
100124534	0	0	0	0
100124535	0	0	0	0
100124536	0	4	3	1
100124537	0	0	0	0
100124538	0	0	0	0
100124539	1	0	0	2
100124540	0	0	0	0
100124541	0	0	0	0
100124700	34	13	0	27
100125288	35	168	33	47
100125387	1	0	0	1
100125392	0	0	0	1
100125556	95	231	117	506
100126270	8	6	3	8
100126296	0	0	0	0
100126297	0	0	0	0
100126299	0	0	0	0
100126301	0	0	0	1
100126302	0	0	0	0
100126303	0	0	0	0
100126304	0	0	0	0
100126306	0	0	0	0
100126307	0	0	0	0
100126308	0	0	0	0
100126309	0	0	0	0
100126310	0	0	0	0
100126311	0	0	0	0
100126313	0	0	0	0
100126314	0	0	0	0
100126315	0	0	0	0
100126316	0	0	0	0
100126317	0	0	0	0
100126318	0	0	0	0
100126319	0	0	0	0
100126320	0	0	0	0
100126321	0	0	0	0
100126323	0	0	0	0
100126324	0	0	0	0
100126325	0	0	0	0
100126326	2	1	0	2
100126327	0	0	0	0
100126328	0	0	0	0
100126329	0	2	0	2
100126330	0	0	0	0
100126331	0	0	0	1
100126332	0	0	0	0
100126333	0	0	0	0
100126334	0	0	0	0
100126335	0	0	0	0
100126336	0	0	0	0
100126337	1	0	0	0
100126338	0	0	0	0
100126339	0	0	0	0
100126340	0	0	0	0
100126341	0	0	0	0
100126342	0	0	0	0
100126343	0	0	0	0
100126345	0	0	0	0
100126346	0	0	0	0
100126347	0	0	0	0
100126348	0	1	0	0
100126349	0	0	0	0
100126350	0	1	0	0
100126351	0	0	0	0
100126352	0	0	0	0
100126354	0	0	0	0
100126355	0	0	0	0
100126356	0	0	0	0
100126446	1	0	1	1
100126572	0	0	0	0
100126596	0	0	0	0
100126693	1	0	0	0
100126784	9	1	0	4
100126791	16	2	3	0
100126793	20	30	22	31
100126825	0	0	0	0
100127206	1	0	0	0
100127888	92	285	111	129
100127892	1	2	8	1
100127893	0	1	1	5
100127902	0	0	0	0
100127905	0	0	0	0
100127907	35	15	10	12
100127908	0	0	0	0
100127911	1	0	0	0
100127912	0	0	0	0
100127919	0	0	0	0
100127922	5	3	2	1
100127924	1	1	1	1
100127945	0	0	0	0
100127949	3	4	0	0
100127950	0	0	0	0
100127952	10	5	4	6
100127958	0	0	0	0
100127960	0	0	0	0
100127963	0	1	0	0
100127967	1	0	0	0
100127969	0	0	0	0
100127976	0	0	0	0
100127979	0	0	0	1
100127983	9	1	0	4
100127989	0	0	0	0
100127993	5	10	3	10
100128004	0	0	0	0
100128006	4	1	0	0
100128010	9	6	10	14
100128011	0	0	0	0
100128012	2	1	0	1
100128015	0	0	0	0
100128016	3	0	1	0
100128017	1	1	2	0
100128020	0	0	0	0
100128023	0	0	0	2
100128025	2	5	0	5
100128027	40	131	28	50
100128029	0	0	0	0
100128030	0	0	0	0
100128033	0	0	0	0
100128036	0	0	0	0
100128041	0	0	0	0
100128042	0	0	3	0
100128043	0	0	0	0
100128044	1	0	0	0
100128048	1	2	0	0
100128054	7	3	3	1
100128055	26	2	13	13
100128057	0	0	0	0
100128060	53	66	11	56
100128061	0	0	0	0
100128062	0	0	0	0
100128071	123	182	110	79
100128072	0	0	0	0
100128081	1	3	0	2
100128083	4	2	0	1
100128092	4	2	5	11
100128094	0	0	0	0
100128098	1	10	2	10
100128102	0	0	0	0
100128103	0	0	0	0
100128108	7	0	1	4
100128109	0	0	0	0
100128110	0	0	0	0
100128115	0	1	0	0
100128117	1	4	4	4
100128118	0	0	0	0
100128119	0	0	0	0
100128122	0	0	0	0
100128126	9	8	5	3
100128127	1	0	0	0
100128132	0	0	0	0
100128135	1	0	0	0
100128136	0	1	0	0
100128139	0	0	0	0
100128140	5	5	2	7
100128145	3	1	0	0
100128154	0	0	0	0
100128159	0	0	0	0
100128162	0	0	0	0
100128164	4	0	0	1
100128168	4	8	0	1
100128171	0	0	0	0
100128174	0	0	0	0
100128176	0	0	0	0
100128177	0	0	0	0
100128179	0	0	0	0
100128181	0	0	0	0
100128183	3	0	0	1
100128190	0	0	0	0
100128191	118	96	62	157
100128203	0	0	0	0
100128217	2	0	0	0
100128220	0	0	0	0
100128227	4	1	1	2
100128233	2	2	1	0
100128237	1	1	0	1
100128238	0	4	0	0
100128239	29	40	0	11
100128240	0	0	0	0
100128252	71	14	4	32
100128254	0	0	0	0
100128260	0	0	0	0
100128262	11	7	2	15
100128264	0	0	0	0
100128266	1	3	0	2
100128268	0	0	0	0
100128275	1	0	0	1
100128277	0	0	0	0
100128285	11	22	16	39
100128292	29	36	11	21
100128299	0	4	3	5
100128302	0	0	0	0
100128307	0	0	0	0
100128312	0	0	0	0
100128324	0	0	0	0
100128325	11	19	12	8
100128327	3	1	0	2
100128337	4	0	1	0
100128339	0	0	0	0
100128341	0	0	1	0
100128345	0	0	0	0
100128347	0	2	0	0
100128351	0	0	0	0
100128355	0	1	0	1
100128360	0	0	0	0
100128368	0	0	3	2
100128372	5	5	5	8
100128377	0	0	0	0
100128379	1	0	0	1
100128384	0	0	0	0
100128385	12	0	2	2
100128386	5	24	2	4
100128390	7	0	0	0
100128393	0	1	1	2
100128398	84	118	12	22
100128408	0	0	0	0
100128410	1	1	0	1
100128412	0	0	0	0
100128413	0	5	2	9
100128416	9	2	0	5
100128420	6	13	8	2
100128423	0	0	0	1
100128427	0	0	0	0
100128431	0	0	0	0
100128442	0	0	0	0
100128448	0	0	0	0
100128449	0	0	0	0
100128450	0	0	0	0
100128456	0	0	0	0
100128459	0	0	0	0
100128462	0	0	0	0
100128465	0	0	0	0
100128469	0	0	0	0
100128483	0	0	0	0
100128493	0	0	0	0
100128496	0	0	0	0
100128503	0	0	0	0
100128505	1	0	1	0
100128511	4	24	6	6
100128512	1	0	0	0
100128514	0	0	0	0
100128516	0	0	0	0
100128521	0	0	0	0
100128523	0	0	0	0
100128525	8	7	7	4
100128531	8	19	6	11
100128536	3	2	1	1
100128537	123	483	103	122
100128540	0	0	2	0
100128541	0	0	0	2
100128542	0	0	0	0
100128546	1	0	0	0
100128554	0	0	0	0
100128560	0	0	0	0
100128568	20	31	4	9
100128569	89	60	112	59
100128574	0	0	0	0
100128579	0	0	0	0
100128589	0	3	0	6
100128590	4	3	0	0
100128592	0	0	0	0
100128594	56	13	1	8
100128595	0	0	0	0
100128596	2	1	0	0
100128603	0	0	0	0
100128605	0	0	0	0
100128617	1	5	0	0
100128618	1	3	1	0
100128621	0	0	0	0
100128625	0	0	0	0
100128626	0	0	0	0
100128627	0	0	0	1
100128628	5	18	9	5
100128637	0	0	1	0
100128639	0	0	0	1
100128640	49	91	24	61
100128657	0	0	0	0
100128664	0	0	0	0
100128665	0	0	0	0
100128675	0	1	1	10
100128678	1	0	0	0
100128681	1	0	0	0
100128682	12	3	1	1
100128685	0	0	0	0
100128688	0	0	0	0
100128690	0	0	0	0
100128696	0	0	0	0
100128701	2	2	0	0
100128705	0	1	0	0
100128707	0	0	0	0
100128710	1	1	0	3
100128711	1	3	0	0
100128712	0	0	0	0
100128714	0	0	0	0
100128723	0	0	0	0
100128725	0	0	0	0
100128731	4064	4529	2174	4684
100128733	0	0	0	0
100128738	0	0	0	0
100128739	0	0	0	0
100128750	36	49	27	47
100128756	0	0	0	0
100128759	0	0	0	1
100128764	0	0	0	0
100128766	2	1	1	1
100128771	121	27	15	143
100128772	0	0	0	0
100128775	6	3	0	1
100128777	0	0	0	0
100128781	1	1	0	1
100128782	210	294	73	62
100128787	0	0	0	0
100128788	78	62	28	87
100128790	0	0	0	0
100128801	0	0	0	0
100128804	0	0	0	0
100128807	0	0	0	0
100128808	0	0	0	0
100128811	0	0	0	0
100128817	1	0	0	0
100128822	230	541	160	99
100128827	0	0	0	0
100128830	1	1	0	0
100128834	0	2	0	0
100128836	3	3	4	10
100128845	0	0	0	1
100128849	0	0	0	0
100128853	0	0	0	0
100128857	1	1	0	1
100128863	0	0	1	3
100128865	0	0	0	0
100128867	0	0	0	0
100128880	0	0	0	1
100128881	276	517	127	800
100128882	16	8	6	13
100128888	3	4	1	5
100128889	0	0	0	2
100128890	61	15	20	7
100128893	195	549	111	148
100128894	0	3	0	0
100128899	1	0	0	0
100128902	0	0	0	0
100128903	1	0	0	0
100128905	3	2	0	1
100128908	0	2	0	1
100128911	0	0	0	0
100128912	0	0	0	0
100128923	2	1	0	5
100128927	703	570	513	1333
100128929	0	0	0	0
100128930	0	0	0	0
100128934	0	0	0	0
100128936	119	101	74	134
100128946	0	0	0	0
100128961	6	6	3	5
100128963	10	4	0	2
100128964	0	0	0	0
100128974	3	1	1	1
100128977	1	1	0	0
100128982	0	0	0	0
100128984	0	0	0	0
100128985	2	1	0	0
100128990	0	0	0	0
100128991	0	0	0	0
100128998	0	0	0	0
100129001	0	0	0	0
100129004	3	0	0	1
100129005	0	0	0	0
100129007	0	0	0	0
100129008	0	0	0	0
100129009	1	1	1	2
100129013	0	0	1	0
100129023	0	0	0	0
100129027	1	1	0	0
100129029	23	15	7	30
100129031	0	0	0	0
100129032	3	14	0	1
100129037	0	0	0	0
100129040	0	0	0	0
100129045	0	1	1	0
100129046	293	200	121	311
100129049	0	0	0	0
100129050	0	1	0	1
100129053	0	1	0	0
100129055	0	0	0	1
100129060	58	85	53	43
100129061	0	1	1	1
100129066	1	5	5	1
100129067	5	1	0	0
100129074	0	0	0	0
100129075	114	77	62	258
100129080	0	0	0	1
100129083	2	1	1	1
100129085	5	3	2	5
100129086	2	1	0	0
100129094	2	0	0	0
100129096	25	20	17	14
100129100	0	0	0	0
100129102	0	0	0	0
100129107	0	0	1	0
100129118	0	0	0	0
100129123	0	0	0	0
100129124	0	0	0	0
100129128	1	0	0	1
100129129	0	0	0	0
100129133	0	0	0	0
100129140	0	0	0	0
100129141	5	10	3	5
100129143	0	0	1	2
100129160	0	0	0	0
100129162	0	0	0	0
100129167	0	1	0	0
100129174	0	0	0	0
100129176	1	1	0	4
100129179	0	0	2	0
100129180	1	0	0	2
100129192	0	0	1	0
100129193	0	0	0	0
100129195	121	65	27	76
100129196	98	103	28	85
100129199	0	5	1	0
100129201	2	1	0	1
100129213	0	0	0	0
100129216	1	1	7	9
100129227	1	2	0	1
100129229	0	0	0	0
100129231	0	0	0	0
100129234	2	0	0	0
100129237	8	2	3	4
100129239	0	0	0	0
100129243	13	18	4	13
100129248	1	0	0	1
100129250	58	122	32	56
100129251	0	0	0	0
100129256	0	0	0	0
100129259	1	0	1	0
100129260	0	0	0	0
100129269	7	0	4	6
100129271	0	0	0	0
100129272	0	0	0	1
100129277	0	0	0	0
100129278	2	0	0	0
100129279	0	1	0	0
100129283	0	0	0	0
100129284	0	1	0	0
100129288	0	0	0	0
100129295	13	14	5	6
100129297	0	1	0	3
100129298	0	0	0	0
100129306	0	0	2	4
100129308	0	0	0	0
100129310	0	0	0	0
100129315	0	0	0	0
100129319	0	2	0	0
100129320	4	2	2	0
100129321	30	22	6	16
100129325	1	0	0	3
100129329	1	1	0	0
100129331	0	0	0	0
100129332	2	0	0	4
100129337	5	1	0	2
100129345	0	0	0	0
100129347	1	4	0	4
100129348	0	0	0	0
100129351	0	0	0	0
100129354	30	41	37	10
100129355	0	0	0	0
100129357	1	0	0	0
100129361	860	848	462	610
100129368	0	1	0	0
100129370	0	0	0	0
100129375	0	0	0	0
100129379	0	0	1	1
100129382	0	0	0	0
100129384	0	0	0	0
100129385	0	0	0	0
100129387	790	310	1705	1215
100129394	11	4	1	8
100129396	6	1	0	0
100129401	0	0	0	0
100129402	0	0	0	0
100129403	4	0	0	0
100129405	150	150	33	128
100129407	0	0	0	0
100129418	0	0	0	0
100129423	1	1	0	0
100129427	3	0	0	0
100129428	0	0	0	0
100129438	0	0	0	0
100129452	0	0	0	0
100129459	0	1	0	0
100129460	216	242	72	120
100129464	6	0	0	0
100129468	0	0	0	0
100129471	0	0	0	0
100129472	0	1	0	0
100129478	2	4	2	2
100129480	100	256	141	133
100129482	890	2036	805	1133
100129483	0	1	0	0
100129484	176	206	16	87
100129487	0	0	0	0
100129507	0	8	0	0
100129512	0	0	0	0
100129515	0	0	0	0
100129516	20	120	125	11
100129518	3	12	4	12
100129520	0	0	0	0
100129542	0	0	1	0
100129543	1	1	5	2
100129550	255	407	186	269
100129552	3	18	0	0
100129553	10	5	1	4
100129555	12	19	10	11
100129556	3	1	0	1
100129557	1	0	0	0
100129561	1	1	0	0
100129564	0	0	0	0
100129566	0	0	0	1
100129570	1	0	0	0
100129574	0	0	0	0
100129577	2	1	0	1
100129583	105	96	29	96
100129584	2	1	0	0
100129587	0	1	0	1
100129591	10	12	3	2
100129594	0	0	0	0
100129595	0	0	0	0
100129597	0	18	0	0
100129599	4	1	0	4
100129604	0	0	0	0
100129606	0	0	0	0
100129611	0	0	0	0
100129618	0	0	0	0
100129620	0	0	0	0
100129622	1	1	0	1
100129627	0	0	0	0
100129629	1	0	0	4
100129631	2	0	0	0
100129636	0	1	0	0
100129640	6	5	1	2
100129641	2	0	0	0
100129647	0	0	0	1
100129650	2	3	0	2
100129654	14	35	8	11
100129657	106	76	81	155
100129661	2	2	0	0
100129662	2	2	0	0
100129664	0	0	0	0
100129669	0	0	0	0
100129683	0	0	0	0
100129685	46	44	15	32
100129690	1	0	0	0
100129692	0	0	1	0
100129694	0	0	0	0
100129696	1	0	2	0
100129706	0	0	0	0
100129707	0	0	0	0
100129708	0	1	0	0
100129714	0	0	0	0
100129716	4	14	18	15
100129718	0	0	0	0
100129722	13	74	12	14
100129723	0	0	0	0
100129724	2	8	2	21
100129726	12	65	7	10
100129727	1	0	0	0
100129731	0	0	0	0
100129732	0	0	0	0
100129736	0	0	0	0
100129738	0	0	0	0
100129739	2	5	0	1
100129742	5	3	3	2
100129743	0	0	2	0
100129755	3	1	0	0
100129761	0	0	0	0
100129769	0	0	0	0
100129772	1	0	0	2
100129777	0	0	0	0
100129779	0	0	0	0
100129781	51	53	9	73
100129782	0	0	0	0
100129784	0	2	1	0
100129792	32	10	13	16
100129793	0	0	0	0
100129794	78	27	4	12
100129795	0	0	0	0
100129799	0	0	0	0
100129800	3	1	1	1
100129801	1	3	0	0
100129808	3	1	0	2
100129813	3	1	1	0
100129815	0	0	0	0
100129818	0	0	0	0
100129819	0	0	0	0
100129824	0	0	0	0
100129827	5	0	1	0
100129836	1	0	1	0
100129842	747	254	285	381
100129843	0	0	0	0
100129845	4	5	0	4
100129851	0	0	0	0
100129853	0	0	2	1
100129858	7	12	21	33
100129863	0	0	0	0
100129866	2	5	0	0
100129867	0	1	0	1
100129871	0	0	0	0
100129878	9	9	5	9
100129880	0	0	0	0
100129882	5	6	1	3
100129902	0	1	0	0
100129905	8	3	3	9
100129917	216	116	54	117
100129919	0	0	0	0
100129920	0	1	0	2
100129921	0	0	0	0
100129924	15	8	12	17
100129926	5	2	4	3
100129928	0	0	0	0
100129929	0	0	0	0
100129930	0	0	0	0
100129933	1	0	0	0
100129937	0	0	0	0
100129940	9	7	3	25
100129941	0	0	0	0
100129948	0	0	0	0
100129955	1	0	0	0
100129956	0	0	0	0
100129958	1	1	0	1
100129959	0	2	0	1
100129960	0	1	1	0
100129961	47	72	22	51
100129966	17	15	10	21
100129969	0	0	0	0
100129972	2	1	0	1
100129973	21	10	17	10
100129975	50	11	11	35
100129976	2	0	0	0
100129982	4	5	2	1
100129983	0	0	0	0
100129989	1	0	0	0
100129991	2	2	1	1
100129994	0	0	0	0
100129995	1	0	0	1
100129996	0	0	0	0
100129997	1	3	1	3
100129998	1	0	1	0
10013	3096	3208	1696	4529
100130002	1	2	0	1
100130003	77	97	46	101
100130006	1	0	0	3
100130009	5	3	3	4
100130011	0	0	0	0
100130014	2	5	2	10
100130015	28	63	13	32
100130017	0	0	0	0
100130026	1	3	0	1
100130029	0	0	0	0
100130034	0	0	0	0
100130035	0	0	0	0
100130038	0	0	0	0
100130042	0	0	0	1
100130043	0	4	3	1
100130048	0	0	0	0
100130059	0	0	0	0
100130060	0	0	0	0
100130064	0	0	0	0
100130067	0	0	0	0
100130070	25	23	8	22
100130074	1	1	0	0
100130075	0	0	0	0
100130079	0	0	0	0
100130086	5	4	0	4
100130090	0	0	0	0
100130097	12	12	10	4
100130099	0	0	0	0
100130102	1	3	0	4
100130105	0	0	0	0
100130106	2	0	0	0
100130108	0	1	0	0
100130109	10	16	7	18
100130110	0	0	0	0
100130111	10	207	15	3
100130117	0	0	0	0
100130119	0	0	0	0
100130134	0	0	0	2
100130139	6	1	4	1
100130148	0	1	0	0
100130155	0	0	0	0
100130158	0	0	0	0
100130167	0	0	0	0
100130170	0	0	0	3
100130171	1	0	0	0
100130172	1	3	2	3
100130176	1	0	0	0
100130178	0	0	0	0
100130183	35	153	20	42
100130187	0	0	0	0
100130190	5	5	3	21
100130192	3	1	2	2
100130196	0	0	0	0
100130197	1	0	0	0
100130204	0	0	0	0
100130209	0	0	0	0
100130211	19	12	1	8
100130231	91	33	14	10
100130233	3	3	0	0
100130234	1	0	0	1
100130235	0	1	0	1
100130239	0	0	0	0
100130240	4	3	1	0
100130247	0	0	0	0
100130249	0	1	0	2
100130251	0	0	0	0
100130253	0	0	0	0
100130259	0	0	0	0
100130260	1	4	0	0
100130264	1	0	0	0
100130265	0	0	0	1
100130274	0	0	0	2
100130275	35	8	3	3
100130277	0	0	0	0
100130279	0	0	0	0
100130286	0	0	0	0
100130289	16	9	9	15
100130299	0	0	0	0
100130300	0	0	0	0
100130301	3	2	2	9
100130302	2	0	0	1
100130307	4	2	2	4
100130310	0	0	0	0
100130311	5	3	9	4
100130313	0	0	0	0
100130316	0	0	0	0
100130319	0	0	0	1
100130326	0	0	0	0
100130327	0	0	0	0
100130335	14	3	1	9
100130338	0	0	0	0
100130342	0	0	0	0
100130345	6	10	3	4
100130348	6	2	2	5
100130359	0	0	0	0
100130361	0	0	0	0
100130368	11	6	5	3
100130370	10	3	0	11
100130373	19	49	12	17
100130376	0	0	0	0
100130383	0	0	1	0
100130384	0	0	0	0
100130386	1	6	2	1
100130388	9	9	5	13
100130391	0	2	0	0
100130396	0	0	0	0
100130400	0	0	0	0
100130402	0	0	0	0
100130403	0	0	0	0
100130405	0	0	0	0
100130409	0	0	0	0
100130417	86	18	19	31
100130418	12	0	4	2
100130435	0	0	0	0
100130446	8	4	0	9
100130447	0	0	0	0
100130448	1	0	0	0
100130449	7	9	80	12
100130450	0	0	2	1
100130451	1	0	0	0
100130461	0	4	0	0
100130462	0	0	0	0
100130466	0	0	0	0
100130476	46	48	20	26
100130480	0	0	0	0
100130481	0	0	0	0
100130484	0	0	0	0
100130488	0	0	0	0
100130490	6	8	1	1
100130495	8	1	9	7
100130497	0	0	0	0
100130500	0	0	0	0
100130514	0	0	0	0
100130519	7	14	5	8
100130520	7	0	1	4
100130522	34	16	14	151
100130523	1	0	1	0
100130524	7	17	3	20
100130528	0	0	0	0
100130537	0	0	0	1
100130539	0	2	0	0
100130549	0	1	0	0
100130550	0	0	1	2
100130555	0	0	0	0
100130557	70	61	36	24
100130561	54	9	40	58
100130562	4280	3003	1974	5917
100130564	1	1	0	1
100130566	0	2	0	0
100130572	0	0	0	0
100130579	1	1	0	0
100130581	193	215	89	463
100130584	0	0	0	0
100130600	920	505	402	380
100130603	0	0	0	0
100130606	1	0	0	0
100130607	0	0	0	0
100130613	0	0	0	0
100130620	0	1	0	0
100130621	26	2	7	17
100130624	10	4	0	3
100130626	0	0	0	0
100130631	1	0	0	2
100130636	0	0	0	0
100130637	0	0	0	0
100130640	0	0	0	0
100130649	0	0	0	0
100130660	1	0	2	0
100130671	0	0	0	0
100130676	0	0	0	0
100130677	0	0	4	0
100130680	0	0	0	0
100130682	0	0	0	0
100130684	1	1	2	1
100130687	0	0	0	1
100130693	0	0	0	0
100130700	0	0	0	0
100130701	15	0	3	1
100130704	0	0	0	0
100130705	130	138	154	195
100130708	0	0	0	0
100130717	6	7	4	5
100130718	1	0	0	0
100130719	0	1	0	0
100130721	0	0	0	0
100130724	0	0	0	0
100130733	8	3	2	4
100130742	30	30	86	59
100130746	9	1	2	0
100130756	2	0	0	0
100130758	29	13	28	24
100130760	1	1	0	0
100130766	3	0	0	0
100130771	29	15	15	18
100130775	1	1	0	4
100130776	35	37	17	47
100130782	0	0	0	0
100130783	1	0	2	2
100130785	0	0	0	0
100130786	0	0	0	0
100130792	1	2	0	0
100130799	0	0	0	1
100130803	0	0	0	0
100130820	0	0	0	0
100130821	0	0	0	0
100130823	1	3	0	1
100130827	0	2	1	1
100130842	0	0	0	0
100130843	0	0	0	0
100130848	0	0	0	0
100130855	83	35	27	58
100130866	0	0	0	0
100130871	2	0	0	0
100130873	0	1	0	0
100130879	0	0	0	0
100130880	0	1	0	3
100130887	20	22	30	32
100130889	131	7	81	32
100130890	161	129	77	121
100130892	15	14	13	24
100130894	44	15	12	94
100130898	0	0	0	0
100130922	0	0	0	0
100130923	0	0	0	0
100130929	0	0	0	0
100130932	17	10	32	26
100130933	187	179	111	150
100130934	14	0	0	1
100130935	0	0	0	0
100130936	0	0	0	0
100130950	72	63	22	50
100130954	15	1	0	1
100130958	98	101	14	22
100130962	1	0	0	0
100130963	0	0	1	0
100130967	20	56	9	44
100130968	0	0	0	0
100130970	0	0	0	0
100130972	2	1	0	1
100130980	4	7	0	3
100130983	0	0	0	0
100130988	0	0	0	0
100130994	1	0	0	0
100130995	3	0	0	0
100130996	0	1	0	0
100131012	2	4	3	1
100131017	3809	4481	1454	3067
100131027	0	0	0	0
100131029	0	0	0	0
100131031	229	118	99	171
100131047	0	1	0	0
100131051	20	3	7	5
100131055	0	0	0	0
100131060	58	141	34	105
100131065	0	0	0	0
100131067	218	403	86	239
100131069	0	0	0	0
100131072	0	0	0	0
100131078	2	1	0	2
100131083	0	3	0	0
100131084	0	0	0	0
100131085	0	1	0	0
100131087	0	0	0	0
100131089	159	168	74	57
100131092	0	0	0	0
100131094	23	36	13	13
100131103	0	0	0	0
100131114	1	0	0	0
100131117	4	1	1	4
100131118	1	1	0	0
100131130	0	0	0	0
100131135	0	0	0	0
100131137	0	0	0	0
100131138	0	1	0	1
100131143	1	1	0	0
100131146	0	0	0	0
100131151	0	0	0	0
100131161	4	2	0	1
100131173	2	3	0	0
100131176	2	1	0	11
100131183	0	0	0	0
100131187	865	3002	1175	975
100131188	0	0	0	0
100131189	0	0	0	0
100131193	93	166	30	162
100131200	0	0	0	0
100131205	62	123	93	164
100131206	2	1	1	0
100131207	1	0	0	0
100131208	2	0	0	0
100131211	274	349	157	374
100131213	229	93	46	68
100131216	0	0	0	0
100131223	0	0	0	1
100131229	0	0	0	0
100131230	2	2	1	1
100131233	0	0	0	0
100131234	1	0	1	0
100131236	0	0	1	0
100131244	0	0	0	1
100131250	0	0	1	0
100131252	0	0	0	1
100131261	31	1	0	34
100131268	0	3	0	0
100131279	0	0	0	0
100131281	0	0	0	0
100131284	0	0	0	0
100131291	0	2	0	1
100131302	0	0	0	0
100131303	0	0	0	0
100131309	0	1	0	0
100131315	2	1	1	0
100131320	1	1	0	0
100131327	1	0	0	0
100131328	3	1	1	0
100131338	2	1	0	0
100131339	1	2	0	0
100131340	0	0	0	0
100131347	14	2	3	9
100131358	5	2	0	1
100131366	7	30	2	8
100131369	1	1	0	0
100131370	0	0	0	0
100131374	0	0	0	0
100131378	1	5	6	0
100131379	0	0	0	0
100131388	5	0	4	2
100131390	4	0	0	18
100131393	0	0	0	0
100131396	0	0	0	0
100131415	0	0	0	0
100131418	0	0	0	0
100131434	68	108	30	38
100131439	5	0	4	2
100131440	1	0	5	1
100131442	0	0	0	0
100131448	0	0	0	0
100131451	0	0	0	0
100131454	16	16	6	18
100131457	1	3	0	1
100131469	0	0	0	0
100131471	29	18	16	31
100131478	3	0	0	3
100131481	0	0	0	0
100131482	0	0	0	0
100131493	0	0	0	0
100131520	1	0	0	0
100131526	45	27	53	62
100131527	0	0	0	0
100131528	0	0	0	0
100131533	0	0	0	0
100131535	0	0	0	1
100131539	2	0	2	2
100131546	0	0	0	0
100131548	0	0	0	0
100131550	0	0	0	0
100131551	8	5	8	31
100131556	1	6	1	2
100131562	1	0	1	1
100131564	782	274	352	491
100131565	0	0	0	2
100131568	0	0	0	0
100131572	9	10	3	3
100131577	0	0	0	0
100131604	1	6	0	3
100131608	0	0	0	0
100131609	1	2	0	2
100131611	0	0	0	0
100131614	11	4	0	2
100131616	0	0	0	0
100131617	0	1	0	0
100131623	1	2	0	0
100131624	1	0	0	0
100131629	0	0	0	0
100131638	8	8	0	8
100131641	0	1	0	0
100131655	34	35	19	31
100131656	1	2	0	1
100131661	2	3	0	0
100131671	0	0	0	5
100131672	9	16	2	16
100131678	2	0	0	0
100131685	0	0	0	0
100131688	0	0	0	0
100131691	97	135	90	135
100131693	10	6	3	7
100131695	0	0	0	0
100131711	0	0	0	0
100131713	134	21	3	9
100131726	0	8	2	0
100131733	8	12	5	2
100131740	0	0	0	0
100131743	10	10	0	10
100131755	897	200	273	193
100131775	0	1	0	0
100131777	0	0	0	0
100131784	0	0	0	0
100131787	6	4	0	3
100131788	1	1	1	6
100131789	0	0	0	0
100131797	0	1	0	0
100131800	0	0	0	0
100131801	129	246	64	104
100131805	0	0	0	0
100131810	0	0	0	0
100131814	46	46	19	26
100131816	0	0	0	0
100131823	0	0	0	0
100131825	24	5	0	4
100131827	288	506	167	351
100131828	7	1	5	2
100131832	0	0	0	0
100131842	1	2	0	0
100131846	0	1	0	1
100131852	0	0	0	0
100131855	0	0	0	0
100131863	293	393	102	288
100131868	20	214	22	23
100131874	0	1	0	0
100131879	0	0	0	0
100131881	0	0	0	0
100131890	0	0	0	0
100131893	0	0	0	0
100131897	27	0	0	1
100131899	0	0	0	0
100131902	0	0	0	0
100131905	4	9	1	4
100131913	0	0	0	0
100131921	0	0	0	0
100131924	0	0	0	0
100131932	0	0	0	0
100131934	1	1	0	1
100131935	0	0	0	0
100131940	2	1	0	0
100131945	1	0	0	3
100131947	1	1	0	0
100131950	0	0	0	1
100131953	5	0	0	4
100131958	1	0	0	1
100131961	6	3	0	0
100131964	1	1	2	3
100131971	0	2	0	0
100131977	0	0	0	0
100131980	0	0	0	0
100131981	0	0	0	0
100131983	1	1	0	2
100131991	1	0	0	0
100131995	1	0	0	0
100131997	9	17	9	24
100131998	133	327	106	137
100132015	0	0	0	1
100132031	0	0	0	0
100132036	0	0	0	1
100132037	0	0	0	0
100132047	0	0	0	0
100132056	0	0	0	0
100132057	66	35	26	52
100132058	0	2	1	3
100132061	1	2	0	1
100132066	86	44	38	134
100132073	1	1	0	0
100132074	147	35	15	21
100132076	1	0	0	0
100132079	1	0	0	0
100132086	0	0	0	0
100132100	0	0	0	0
100132101	2	0	0	0
100132103	2	0	0	1
100132104	0	0	0	0
100132111	27	21	22	20
100132116	164	44	26	60
100132121	0	0	0	0
100132122	6	1	8	5
100132124	0	0	0	0
100132126	1	0	0	1
100132127	2	0	0	0
100132132	0	0	0	0
100132142	1	0	1	0
100132146	3	3	0	10
100132147	3	18	0	3
100132153	0	1	0	0
100132159	31	8	22	8
100132163	12	26	5	8
100132166	0	0	0	1
100132169	1	3	3	7
100132173	0	0	0	0
100132174	0	0	0	0
100132195	0	0	0	0
100132199	4	1	12	19
100132201	0	0	0	1
100132202	1	0	0	0
100132215	24	15	12	31
100132223	2	3	0	0
100132234	159	498	109	148
100132247	75	241	31	104
100132251	0	0	0	0
100132260	0	0	0	0
100132264	6	0	2	3
100132265	1	3	1	1
100132268	0	0	0	0
100132273	138	65	72	52
100132288	89	16	41	1
100132289	0	2	0	0
100132291	3	3	2	1
100132295	0	0	0	0
100132304	0	0	0	0
100132308	0	0	0	0
100132311	0	0	0	0
100132321	0	0	0	0
100132322	0	0	0	0
100132332	0	0	0	0
100132340	0	0	0	0
100132341	871	1030	481	784
100132346	1	1	0	1
100132352	207	330	116	230
100132355	0	0	0	0
100132358	0	0	0	1
100132372	4	0	0	1
100132376	0	0	0	0
100132380	6	10	1	2
100132382	0	1	0	0
100132386	0	0	0	3
100132396	0	0	0	0
100132399	0	0	0	0
100132400	0	1	0	0
100132402	0	0	0	0
100132403	1	1	3	2
100132406	73	52	42	75
100132413	0	0	0	0
100132415	29	20	18	36
100132417	4	1	0	2
100132420	0	0	0	0
100132421	0	0	0	0
100132441	0	0	2	0
100132450	4	0	1	0
100132456	3	0	0	0
100132463	0	0	0	1
100132464	1	0	0	0
100132467	0	0	0	0
100132476	1	0	0	0
100132479	0	0	0	0
100132487	0	0	0	1
100132488	4	2	2	1
100132496	0	6	1	3
100132498	0	0	0	2
100132499	8	6	3	5
100132501	10	2	3	1
100132504	0	0	0	0
100132509	0	0	0	0
100132510	0	0	0	0
100132520	0	0	0	0
100132526	1	0	0	1
100132529	0	2	0	1
100132534	0	0	1	1
100132537	1	0	0	0
100132541	0	1	0	0
100132562	2	0	0	6
100132565	0	0	0	0
100132580	14	2	4	5
100132591	0	0	0	0
100132594	2	0	9	3
100132597	0	0	0	0
100132598	0	0	0	0
100132601	5	2	0	0
100132606	0	0	0	0
100132612	0	0	0	0
100132615	0	0	0	0
100132617	1	0	0	0
100132618	4	11	10	2
100132619	0	0	0	0
100132621	0	0	0	0
100132630	4	2	0	4
100132641	0	0	0	0
100132644	173	212	79	38
100132645	2	2	0	1
100132656	1	0	1	0
100132658	13	9	9	62
100132672	0	0	0	0
100132673	2	0	0	1
100132677	3	3	0	2
100132678	9	3	5	5
100132681	0	1	0	1
100132683	2	2	0	3
100132699	0	0	0	0
100132707	432	257	178	284
100132708	0	0	0	0
100132712	0	0	0	0
100132722	1	31	9	1
100132724	3	0	0	1
100132735	1	1	0	0
100132736	1	3	0	1
100132742	38	39	16	32
100132753	0	0	0	0
100132759	0	0	0	0
100132766	0	0	0	0
100132772	0	0	0	0
100132774	106	66	42	83
100132778	0	0	0	0
100132795	3	5	1	3
100132796	0	0	0	0
100132803	13	23	4	11
100132808	0	0	0	0
100132812	3	0	0	1
100132813	7	3	0	4
100132815	437	442	138	267
100132824	4	1	1	4
100132831	0	0	0	0
100132832	0	0	0	0
100132841	0	0	0	0
100132849	0	0	0	0
100132863	1	8	0	3
100132871	0	0	0	0
100132891	100	14	7	27
100132906	0	0	0	0
100132911	0	0	0	0
100132916	1	0	1	0
100132917	0	0	0	0
100132918	0	0	0	0
100132920	1	0	0	1
100132922	0	0	0	0
100132923	42	7	13	37
100132924	0	2	0	1
100132929	0	0	0	0
100132932	0	0	0	0
100132938	0	0	0	0
100132940	0	0	0	0
100132948	17	27	20	22
100132949	0	0	0	0
100132961	0	0	0	0
100132963	1	0	1	0
100132965	0	1	0	0
100132967	0	0	0	0
100132972	13	28	2	9
100132973	0	0	0	0
100132978	0	5	2	5
100132979	6	0	0	0
100132992	0	0	0	0
100132994	0	0	0	0
100132995	1	1	0	0
100133005	6	4	4	9
100133012	0	0	0	0
100133024	0	0	0	0
100133036	2	3	3	0
100133037	2	0	1	1
100133038	5	2	2	1
100133040	0	1	0	1
100133044	0	0	1	0
100133050	1	0	0	1
100133053	0	0	0	0
100133059	0	0	0	0
100133064	0	0	0	0
100133073	6	1	0	0
100133074	0	0	0	0
100133079	0	0	0	0
100133087	0	0	0	0
100133093	0	0	0	0
100133100	0	0	0	0
100133103	0	0	0	0
100133121	0	0	2	1
100133122	0	0	0	0
100133123	0	0	1	3
100133128	0	0	0	0
100133139	1	1	0	1
100133161	19	5	6	5
100133162	0	0	0	1
100133163	0	0	0	0
100133168	0	1	1	0
100133170	2	2	3	4
100133172	7	0	3	0
100133180	5	4	1	15
100133190	108	678	121	209
100133193	0	1	0	0
100133203	0	0	0	0
100133204	18	32	15	16
100133205	28	24	9	17
100133206	0	0	0	0
100133210	0	0	0	0
100133211	4	0	0	4
100133212	0	0	0	0
100133220	3	0	1	0
100133234	1	0	0	0
100133251	0	0	0	0
100133255	0	0	0	0
100133259	0	0	0	0
100133261	0	0	0	0
100133262	1	0	1	0
100133265	1	0	0	1
100133267	0	0	0	0
100133268	0	0	0	0
100133273	19	30	9	25
100133285	0	0	0	0
100133286	4	15	7	3
100133307	0	1	2	0
100133308	0	0	12	0
100133309	1	0	1	1
100133310	0	0	0	0
100133311	89	500	27	77
100133314	1	0	0	0
100133315	61	33	37	57
100133321	0	0	1	2
100133330	0	0	0	0
100133461	0	0	0	0
100133545	4	3	0	10
100133612	261	375	26	45
100133668	0	0	0	0
100133669	1	6	0	12
100133941	46543	113609	45835	37295
100133957	38	54	9	53
100133985	36	11	4	7
100133991	384	419	209	310
100134015	57	24	7	21
100134229	1467	1616	718	876
100134259	7	5	4	3
100134444	0	0	0	0
100134713	20	28	16	19
100134869	89	18	46	71
100134934	1	3	1	6
100134938	0	0	0	0
100135063	0	0	0	0
100135064	0	0	0	0
100135756	0	0	0	0
100137047	18	6	12	12
100137049	18	17	7	17
10014	2667	3661	1276	2957
100141515	4	5	7	9
100144435	0	0	0	0
100144494	24	4	12	21
100144595	0	0	0	0
100144596	1	0	0	0
100144597	0	0	0	0
100144602	0	0	0	0
100144603	54	157	34	170
100144604	12	1	16	2
100144748	63	53	37	62
100147744	0	0	0	0
100147745	0	0	0	0
100147746	2	2	1	1
100147747	0	0	0	0
100147749	0	0	0	0
100147750	16	22	9	11
100147751	0	0	0	0
100147752	1	0	0	1
100147754	0	0	0	0
100147755	0	0	0	0
100147756	0	0	0	0
100147757	0	0	0	0
100147758	0	0	0	0
100147759	0	0	0	0
100147760	0	0	0	0
100147761	0	0	0	0
100147762	0	0	0	0
100147766	0	0	1	2
100147767	0	0	0	1
100147768	2	3	1	1
100147769	0	0	0	0
100147770	0	0	0	0
100147771	0	0	0	0
100147773	12	21	0	13
100147811	0	0	1	2
100147812	0	0	0	0
100147813	0	0	0	0
100147814	0	0	0	0
100147815	0	1	0	0
100147816	0	0	0	0
100147817	0	0	0	0
100147821	0	0	0	0
100147822	0	0	0	0
100147824	0	0	0	0
100147825	0	0	0	0
100147827	3	1	3	7
100147828	0	1	0	0
100147830	0	0	0	1
100147832	3	3	1	0
100147833	0	0	0	0
100147834	0	0	0	0
100147835	1	0	2	4
100147836	5	2	0	2
100147837	0	0	0	1
10015	8109	10893	8796	6886
100151640	4	5	5	2
100151641	0	0	0	0
100151642	1	1	0	0
100151643	0	0	0	0
100151645	0	0	0	1
100151647	0	0	0	0
100151648	0	0	0	0
100151649	0	0	0	0
100151650	0	0	0	0
100151651	0	0	0	0
100151652	0	0	0	0
100151654	0	0	0	0
100151655	0	0	0	0
100151656	1	0	0	0
100151657	0	0	0	0
100151658	0	0	0	0
100151661	0	0	1	1
100151663	0	0	0	0
100151664	0	0	0	0
100151665	0	0	0	0
100151666	0	0	0	0
100151667	0	0	2	0
100151668	0	0	0	0
100151670	0	0	0	0
100151671	0	0	0	0
100151672	6	0	2	2
100151674	1	0	1	0
100151676	0	0	1	0
100151677	0	0	0	0
100151678	0	0	0	0
100151679	0	0	0	0
100151681	0	1	3	0
100151682	0	0	0	0
100151683	3	5	3	5
100151684	0	0	0	0
100151685	0	0	0	0
100151686	0	0	1	0
100151687	0	1	0	0
100151688	0	0	0	0
100158257	0	0	0	0
10016	943	646	363	507
100169751	0	0	0	0
100169752	0	0	0	0
100169753	0	0	0	0
100169754	0	0	0	0
100169755	0	0	0	0
100169756	0	0	0	0
100169757	0	0	0	0
100169758	0	0	0	0
100169759	0	0	0	0
100169760	0	0	0	0
100169761	0	0	0	0
100169762	0	0	0	0
100169763	0	0	0	0
100169764	0	0	0	0
100169765	0	0	0	0
100169766	0	0	0	0
100169767	0	0	0	0
100169768	0	0	0	0
100169834	4	2	0	2
100169850	2	0	0	0
100169851	0	0	0	0
100169989	0	1	0	0
10017	44	67	0	17
100170229	57	50	32	47
100170765	6	0	0	1
100170841	542	535	672	2188
100174857	0	3	3	7
100174949	0	0	0	0
10018	689	1152	337	965
100187716	0	0	0	0
100188847	0	0	0	0
100188891	0	0	0	0
100188893	0	0	0	0
100188945	3	1	0	3
100188949	53	320	24	18
100188953	14	6	2	1
100188954	11	32	38	48
100189478	0	0	0	0
100189512	0	0	0	0
100189589	3	12	4	0
10019	1015	411	207	1181
100190799	1	2	2	1
100190800	28	16	7	76
100190923	1	0	0	0
100190924	0	0	0	0
100190938	93	80	2	11
100190939	687	1518	559	625
100190940	4494	69	498	510
100190947	2	4	2	4
100190949	35	90	15	86
100190952	0	0	0	1
100190954	0	1	0	0
100190955	0	0	0	0
100190956	0	0	0	0
100191039	2	1	0	0
100191040	108	144	34	81
100192204	1	6	1	1
100192378	1	0	0	1
100192420	3	0	0	1
100194425	1	1	0	0
100194426	1	0	0	1
1002	26	94	14	62
10020	1639	4294	2412	6004
10021	4	0	0	0
100216001	7	18	3	75
100216336	38	55	11	35
100216338	1	2	1	1
100216339	2	2	0	1
100216340	0	1	0	0
100216341	0	5	1	1
100216342	2	2	1	0
100216355	1	3	4	4
100216356	0	0	1	1
100216479	0	1	5	5
100216487	0	0	0	0
100216505	0	0	0	0
100216517	0	0	0	1
100216544	2	0	0	1
100216545	180	357	59	130
100216546	254	1822	112	211
100217367	1	0	0	0
10022	3	0	7	0
10023	255	448	165	357
100233146	0	0	0	0
100233198	86	49	57	207
100233209	179	49	25	24
10024	734	943	794	2015
100240707	0	0	0	2
100240708	1	2	5	4
100240709	5	3	0	4
100240710	0	0	1	0
100240711	1	1	1	1
100240712	0	0	0	0
100240713	0	0	0	1
10025	3437	2435	2200	3559
10026	1114	593	591	935
100268168	10	11	4	15
100270648	0	1	0	0
100270673	0	0	0	1
100270679	0	0	0	0
100270680	6	9	4	22
100270709	0	2	0	1
100270746	21	68	24	42
100270753	0	0	0	0
100270754	0	0	0	0
100270755	0	1	0	1
100270790	0	0	0	0
100270804	112	217	11	37
100270823	2	3	0	2
100270832	7	3	0	7
100270833	6	2	1	1
100270834	1	0	1	0
100270835	0	0	0	0
100270836	0	0	0	1
100270837	0	0	0	0
100270838	0	0	0	0
100270839	2	0	1	3
100270840	11	8	8	20
100270841	3	9	1	3
100270843	0	0	0	0
100270844	32	0	0	0
100270845	1	2	0	1
100270846	0	0	0	0
100270847	1	0	0	0
100270848	0	3	0	0
100270850	4	6	1	1
100270851	3	0	0	3
100270852	8	1	0	2
100270853	6	2	0	1
100270854	12	18	4	21
100270856	0	0	0	0
100270857	0	0	0	0
100270858	3	1	4	9
100270859	0	0	0	0
100270860	3	4	2	8
100270864	0	0	0	0
100270867	0	0	0	0
100270868	0	0	0	0
100270869	1	0	0	0
100270870	0	0	0	0
100270871	0	0	0	0
100270872	1	1	0	1
100270873	9	9	0	3
100270874	0	1	0	0
100270875	0	0	0	0
100270876	0	0	0	0
100270877	1	1	0	0
100270878	1	3	1	1
100270879	5	0	0	1
100270880	0	0	0	0
100270881	0	0	0	0
100270882	4	3	0	1
100270885	0	0	0	0
100270887	1	0	0	0
100270888	2	2	0	1
100270891	1	0	1	0
100270895	2	4	0	2
100270896	34	7	10	13
100270897	0	1	0	1
100270899	0	0	0	0
100270903	0	0	0	0
100270904	0	0	0	0
100270905	0	1	1	2
100270906	0	0	0	0
100270907	0	0	0	0
100270908	0	0	0	0
100270909	0	3	0	5
100270912	2	0	0	1
100270913	0	0	0	0
100270914	0	0	0	0
100270915	0	0	0	0
100270916	0	0	0	0
100270917	0	0	0	0
100270918	0	0	0	0
100270919	0	0	0	0
100270920	4	3	0	3
100270921	1	0	0	5
100270922	1	0	0	0
100270923	0	0	0	0
100270924	0	0	0	0
100270925	0	0	0	0
100270926	13	16	6	12
100270928	14	5	12	50
100270930	0	0	0	0
100270933	0	1	0	1
100270934	1	1	0	0
100270935	0	1	0	0
100270936	1	0	0	0
100270937	2	2	0	1
100270938	0	0	0	0
100270939	0	0	0	1
100270940	10	2	6	5
100270941	0	0	0	0
100270943	0	0	0	0
100270946	11	21	3	9
100270950	0	0	0	0
100270951	0	0	0	0
100270952	0	1	0	0
100270953	0	0	0	0
100270954	3	2	0	1
100270955	0	1	0	0
100270956	0	1	0	0
100270957	0	0	0	0
100270959	2	3	1	2
100270960	0	0	0	0
100270961	0	0	0	0
100270962	0	0	0	0
100270963	2	2	0	1
100270964	23	41	10	21
100270965	0	0	0	0
100270967	0	0	0	0
100270969	0	1	0	0
100270970	3	4	1	4
100270971	8	2	6	12
100270972	3	0	0	0
100270974	3	2	2	6
100270975	0	0	0	0
100270976	1	0	0	0
100270977	0	0	0	0
100270978	0	0	0	0
100270979	0	3	0	1
100270980	0	0	0	0
100270981	0	0	0	0
100270982	0	0	0	0
100270983	0	0	0	0
100270984	0	0	0	0
100270985	1	1	2	1
100270986	0	0	0	0
100270987	0	0	0	0
100270988	1	1	0	1
100270989	0	0	0	0
100270990	0	0	0	0
100270991	0	0	0	0
100270992	0	0	0	0
100270993	0	0	0	0
100270994	0	0	0	0
100270998	4	2	1	2
100270999	1	0	0	0
100271001	1	0	0	1
100271002	0	2	0	0
100271003	12	9	2	7
100271004	2	1	1	1
100271006	0	1	0	0
100271007	2	0	0	0
100271008	0	0	0	0
100271009	0	0	0	0
100271010	1	1	2	0
100271011	0	0	0	0
100271012	1	3	0	0
100271013	1	0	0	0
100271015	0	0	0	0
100271016	0	0	0	1
100271017	16	3	3	15
100271018	0	0	0	0
100271020	1	0	0	0
100271023	5	2	4	11
100271024	1	3	0	2
100271025	2	5	0	0
100271030	2	3	1	1
100271031	7	1	5	3
100271033	4	3	1	5
100271034	0	0	0	1
100271035	0	0	0	0
100271036	1	0	0	1
100271037	12	5	3	5
100271038	0	2	0	0
100271039	1	2	0	1
100271040	0	0	0	0
100271041	1	2	0	5
100271042	0	0	0	0
100271043	0	1	0	1
100271047	1	0	0	0
100271050	2	7	2	10
100271053	1	0	0	0
100271054	0	0	0	1
100271055	0	0	0	0
100271056	0	0	0	0
100271059	0	0	0	0
100271060	0	0	0	1
100271061	0	0	0	0
100271065	0	0	0	0
100271067	0	0	0	0
100271068	1	1	0	0
100271069	0	0	0	0
100271070	0	0	0	0
100271071	1	0	0	0
100271072	0	0	0	0
100271073	0	0	0	0
100271074	1	0	0	0
100271076	0	1	0	0
100271078	0	0	0	0
100271080	0	0	0	2
100271081	2	3	1	4
100271083	1	1	0	0
100271084	0	0	0	0
100271085	0	0	1	2
100271087	5	1	0	1
100271089	0	0	0	0
100271090	0	0	0	0
100271091	0	0	0	0
100271092	0	0	0	0
100271093	0	0	0	0
100271097	18	29	1	3
100271098	1	0	0	0
100271101	0	3	1	2
100271102	0	0	0	0
100271105	0	1	1	0
100271106	7	5	0	2
100271108	0	1	0	0
100271110	0	0	0	0
100271111	0	0	1	0
100271112	2	3	1	5
100271113	0	0	0	0
100271114	0	72	1	0
100271115	4	1	0	0
100271116	0	0	0	0
100271117	0	0	0	0
100271118	1	0	0	2
100271119	0	1	1	0
100271121	2	4	3	1
100271122	0	0	0	0
100271123	0	0	0	0
100271124	8	7	4	2
100271125	0	0	0	0
100271127	0	0	0	0
100271129	0	0	0	0
100271130	0	0	0	0
100271131	0	0	0	0
100271132	1	0	0	0
100271133	1	0	1	0
100271137	4	0	0	1
100271138	0	0	0	0
100271139	0	0	0	0
100271140	0	0	0	0
100271141	2	0	0	1
100271142	0	0	0	0
100271144	0	1	0	0
100271145	0	0	0	0
100271146	1	0	0	0
100271147	1	0	0	0
100271148	0	0	0	0
100271149	0	0	0	0
100271150	0	0	0	0
100271151	0	0	0	0
100271152	0	0	0	1
100271153	1	0	0	0
100271154	0	0	0	1
100271155	0	0	0	0
100271156	2	0	0	0
100271157	2	5	1	0
100271158	0	5	0	1
100271159	0	0	0	0
100271160	0	0	0	0
100271161	12	0	0	1
100271162	1	1	0	0
100271163	0	0	0	0
100271164	0	0	0	0
100271165	0	0	0	0
100271166	0	0	0	1
100271167	0	0	0	0
100271168	0	0	0	0
100271169	7	4	2	5
100271170	0	1	1	0
100271171	1	0	0	1
100271172	1	1	1	0
100271173	0	0	0	1
100271174	0	0	0	0
100271175	4	3	0	1
100271176	0	0	0	0
100271177	0	0	0	0
100271178	1	5	5	9
100271179	0	0	0	0
100271180	1	3	0	0
100271181	0	0	0	1
100271182	0	0	0	0
100271183	0	0	0	2
100271184	0	0	0	2
100271185	0	0	0	0
100271186	4	2	2	3
100271187	1	0	0	1
100271188	1	0	2	0
100271189	0	1	0	0
100271190	0	0	0	0
100271191	0	0	0	0
100271192	0	0	0	0
100271193	25	119	4	29
100271194	0	0	0	0
100271196	0	0	0	0
100271197	0	0	0	0
100271199	1	2	0	1
100271200	1	0	0	0
100271201	0	1	0	0
100271204	1	0	0	2
100271206	0	1	0	0
100271207	0	0	0	1
100271208	0	0	0	0
100271209	0	0	0	0
100271210	8	3	6	13
100271211	4	5	3	4
100271212	0	0	0	1
100271213	1	0	0	1
100271214	0	0	0	0
100271215	1	0	0	0
100271216	0	0	0	0
100271217	3	0	2	0
100271218	1	1	1	0
100271220	0	0	0	0
100271221	1	1	0	8
100271222	3	0	2	0
100271223	0	0	1	0
100271224	1	1	0	0
100271225	1	0	0	0
100271226	0	0	0	0
100271228	0	0	0	0
100271229	2	0	0	1
100271230	0	0	0	0
100271232	1	2	0	1
100271233	0	0	0	0
100271234	0	0	0	0
100271235	0	0	0	0
100271241	0	0	0	0
100271243	1	0	2	2
100271244	1	0	0	0
100271245	1	2	1	1
100271248	0	2	0	2
100271250	0	1	1	1
100271253	0	0	0	0
100271254	1	0	0	0
100271255	2	0	1	1
100271256	1	0	0	0
100271257	0	0	0	0
100271258	0	0	0	0
100271259	0	0	0	0
100271260	11	7	19	11
100271261	0	0	1	1
100271262	0	0	0	0
100271263	1	0	0	0
100271267	0	0	0	0
100271271	6	7	4	9
100271272	1	0	0	0
100271273	0	0	0	0
100271274	1	2	2	1
100271276	7	1	0	3
100271277	10	4	1	7
100271278	10	4	3	3
100271279	3	2	0	0
100271283	6	5	0	1
100271284	0	0	0	1
100271286	1	3	3	8
100271288	0	0	0	0
100271289	0	0	0	0
100271290	0	0	0	0
100271291	0	0	0	0
100271292	1	1	0	0
100271293	0	0	0	0
100271294	0	0	0	0
100271295	1	1	0	3
100271296	0	0	0	1
100271297	0	0	0	0
100271298	0	1	0	0
100271299	0	0	0	0
100271300	5	3	0	3
100271302	0	0	1	0
100271303	0	0	0	1
100271304	0	0	0	0
100271305	0	0	0	0
100271306	1	0	0	0
100271308	1	1	0	1
100271310	0	1	0	0
100271311	0	1	4	0
100271312	0	1	1	0
100271313	0	1	0	0
100271314	0	1	0	0
100271315	0	0	0	0
100271316	0	0	0	0
100271317	0	0	0	0
100271318	0	1	0	1
100271319	2	0	0	1
100271321	0	0	0	0
100271322	1	0	0	0
100271323	3	1	0	7
100271324	0	0	0	0
100271325	1	0	8	1
100271326	0	0	0	0
100271327	1	1	1	5
100271328	0	0	0	1
100271329	0	0	0	0
100271330	0	1	2	2
100271331	0	0	0	1
100271332	1	2	0	1
100271334	0	0	0	0
100271336	0	0	0	0
100271342	0	0	0	1
100271343	8	8	5	6
100271344	0	0	0	0
100271346	0	0	0	0
100271349	0	0	2	2
100271351	0	0	0	0
100271352	1	3	1	0
100271353	1	2	2	3
100271354	0	0	0	0
100271358	3	2	0	7
100271360	0	0	0	0
100271363	0	0	0	0
100271364	0	0	0	2
100271367	4	9	0	5
100271371	0	0	0	0
100271373	0	1	0	1
100271374	13	11	2	16
100271375	0	1	0	0
100271376	0	0	0	0
100271377	3	4	0	3
100271378	0	0	0	0
100271379	0	0	0	0
100271380	0	0	0	0
100271381	0	0	0	0
100271383	1	0	0	2
100271384	0	0	0	0
100271385	0	0	0	0
100271386	3	1	0	0
100271387	0	0	0	0
100271388	0	0	0	0
100271389	0	0	0	0
100271390	7	2	1	9
100271391	0	0	0	0
100271392	14	5	1	14
100271393	0	0	0	0
100271394	0	0	0	0
100271395	0	0	0	0
100271398	0	0	0	0
100271399	1	1	1	1
100271400	1	1	0	0
100271401	0	0	0	0
100271402	0	0	0	0
100271404	0	0	0	0
100271405	1	0	0	0
100271406	0	0	0	0
100271407	0	0	0	0
100271408	0	0	1	0
100271410	1	0	0	0
100271411	0	0	0	0
100271413	1	0	0	1
100271414	0	0	0	0
100271415	6	5	0	2
100271416	1	0	2	3
100271417	2	2	3	5
100271419	0	0	0	0
100271420	0	0	0	0
100271421	0	0	0	0
100271422	11	12	12	5
100271423	2	2	2	1
100271424	0	0	0	0
100271425	9	8	9	7
100271427	5	11	1	2
100271428	0	0	0	0
100271429	0	2	0	0
100271430	3	3	3	0
100271433	0	0	0	0
100271434	0	0	0	0
100271435	0	0	0	0
100271437	2	0	1	2
100271438	1	5	4	0
100271439	0	0	0	2
100271440	1	0	0	0
100271441	0	0	0	0
100271443	1	1	0	0
100271444	6	3	2	2
100271445	0	1	0	1
100271446	36	28	17	36
100271447	0	1	0	0
100271448	1	2	0	0
100271449	0	0	0	0
100271451	0	1	0	0
100271452	0	0	0	0
100271453	0	0	0	0
100271455	0	0	0	0
100271456	1	0	0	0
100271457	0	0	0	0
100271458	0	0	0	0
100271459	1	0	0	2
100271460	4	5	0	2
100271461	0	0	0	0
100271462	0	0	0	0
100271465	1	0	0	3
100271466	0	0	0	0
100271467	4	3	10	1
100271469	0	0	0	0
100271470	0	0	0	0
100271471	6	2	4	1
100271472	0	0	0	0
100271474	0	0	0	0
100271475	0	0	0	0
100271476	3	15	2	5
100271477	0	0	0	0
100271478	0	0	0	0
100271479	37	148	22	72
100271480	1	0	0	0
100271481	0	0	0	0
100271482	0	3	3	1
100271483	0	0	0	0
100271485	0	0	0	3
100271486	0	0	0	0
100271487	3	2	0	1
100271488	1	4	1	3
100271489	0	0	0	0
100271490	0	0	1	0
100271491	1	1	3	0
100271492	2	0	0	1
100271493	6	8	7	2
100271494	0	0	0	0
100271495	0	0	0	1
100271498	2	1	0	0
100271499	0	0	0	0
100271503	0	0	0	0
100271506	0	0	0	0
100271507	0	0	0	0
100271508	0	2	0	3
100271509	4	4	0	5
100271510	0	0	0	0
100271511	11	0	10	9
100271512	2	0	0	1
100271513	1	0	0	0
100271516	0	0	0	0
100271517	0	0	0	0
100271518	0	0	0	1
100271520	0	0	0	0
100271521	3	1	0	0
100271522	1	0	0	2
100271523	0	0	0	0
100271525	0	0	0	0
100271526	11	16	4	10
100271529	5	15	1	5
100271530	1	0	0	0
100271531	22	42	5	94
100271533	0	0	0	0
100271534	1	1	1	0
100271535	1	1	0	3
100271536	0	0	0	0
100271537	0	1	0	0
100271538	4	7	4	3
100271539	0	0	0	0
100271542	0	1	0	0
100271543	1	2	0	1
100271545	0	0	0	0
100271547	0	0	0	0
100271549	7	2	1	3
100271550	0	0	0	0
100271551	0	0	0	0
100271552	2	3	1	2
100271553	0	0	0	0
100271563	1	1	0	4
100271564	21	8	9	30
100271567	5	3	0	10
100271568	1	0	0	1
100271570	0	7	0	4
100271571	0	0	0	0
100271574	0	0	0	0
100271575	0	0	0	2
100271577	1	0	0	0
100271581	2	0	0	0
100271583	1	0	0	0
100271584	2	0	2	1
100271585	0	0	0	0
100271586	0	0	0	0
100271587	0	1	0	0
100271588	0	1	0	0
100271589	0	0	0	0
100271590	0	0	0	0
100271591	0	0	0	0
100271592	0	0	0	0
100271593	2	2	0	1
100271594	17	8	11	13
100271595	0	0	0	1
100271596	21	0	0	0
100271597	1	1	0	0
100271600	2	0	1	1
100271601	1	0	0	0
100271603	13	10	1	12
100271605	0	0	0	0
100271607	1	9	5	9
100271610	0	0	0	0
100271611	0	0	0	0
100271612	8	2	2	13
100271613	0	0	0	0
100271616	0	0	1	5
100271617	0	0	0	0
100271618	2	1	0	1
100271619	1	0	0	0
100271620	11	10	11	2
100271621	0	1	0	0
100271622	1	0	1	0
100271623	0	1	0	1
100271624	0	0	0	0
100271625	0	0	0	0
100271627	6	1	2	5
100271630	1	3	1	1
100271631	0	0	0	1
100271632	4	0	2	2
100271633	0	0	0	1
100271634	0	0	0	0
100271635	0	1	0	1
100271636	0	0	0	1
100271637	0	0	0	0
100271638	0	0	1	1
100271639	0	0	0	0
100271640	1	1	0	0
100271641	0	0	0	0
100271642	0	0	0	0
100271643	2	0	0	2
100271644	1	1	0	0
100271646	44	26	16	23
100271647	0	0	0	0
100271648	0	1	0	1
100271649	0	0	0	0
100271650	3	10	2	0
100271655	4	4	2	4
100271700	51	39	37	39
100271702	44	42	11	5
100271703	0	0	0	0
100271715	18	7	5	3
100271722	71	254	34	198
100271836	59	79	24	99
100271846	0	1	0	1
100271849	10	19	2	4
100271870	0	0	0	0
100271871	18	5	1	10
100271873	1	0	0	1
100271874	19	7	4	11
100271884	2	1	0	0
100271893	0	0	0	0
100271918	0	0	1	3
100271927	94	73	32	63
100272147	0	0	0	0
100272205	70	55	92	188
100272220	0	1	0	5
100272228	175	623	64	304
100286844	48	35	20	32
100286906	0	0	0	0
100286918	0	0	0	0
100286925	149	112	72	113
100286929	0	0	0	0
100286938	0	0	0	1
100286948	0	0	0	1
100286954	0	0	0	0
100286958	0	0	0	0
100286963	0	0	0	0
100286964	0	0	0	0
100286965	0	0	0	0
100286971	0	0	0	0
100286979	1	1	0	6
100286996	0	0	0	0
100287013	2	6	2	5
100287015	219	166	184	243
100287016	4	1	0	7
100287026	0	0	0	0
100287028	0	0	0	0
100287029	1	0	0	0
100287042	51	60	22	66
100287045	2	1	0	0
100287046	0	1	1	1
100287049	33	19	9	15
100287055	0	0	0	0
100287063	0	0	0	0
100287066	0	0	0	0
100287067	0	0	0	0
100287074	1	0	1	0
100287082	3	0	0	0
100287083	0	0	0	0
100287087	7	8	2	4
100287091	0	0	0	0
100287098	17	19	14	31
100287102	0	0	0	0
100287114	0	0	0	0
100287128	52	22	11	2
100287136	1	1	0	0
100287140	0	0	0	0
100287144	0	0	0	0
100287171	208	213	112	481
100287173	1	0	0	0
100287177	0	0	0	0
100287178	0	0	0	0
100287183	0	0	0	0
100287191	1	0	0	1
100287193	1	2	0	1
100287200	0	0	0	0
100287205	0	0	0	0
100287215	4	4	0	2
100287216	81	10	5	12
100287225	0	8	0	0
100287226	1	0	0	0
100287227	42	178	47	36
100287229	0	2	0	2
100287234	0	0	0	0
100287238	0	0	0	0
100287261	0	0	0	0
100287266	0	2	0	1
100287270	0	0	0	0
100287272	1	0	1	0
100287279	0	1	0	0
100287284	3	0	2	1
100287296	0	1	0	0
100287302	0	0	0	0
100287314	0	0	0	0
100287325	4	4	1	0
100287327	0	0	0	0
100287335	0	0	0	0
100287345	0	0	0	0
100287361	0	0	0	0
100287362	1	1	0	1
100287364	0	0	0	0
100287366	0	0	0	0
100287369	0	1	0	3
100287372	26	10	3	0
100287388	0	0	0	0
100287399	0	0	0	0
100287402	5	14	2	3
100287404	0	0	0	0
100287419	0	0	0	7
100287441	0	0	0	0
100287461	4	3	0	4
100287463	0	0	0	0
100287470	0	0	0	0
100287472	0	2	0	0
100287478	0	0	0	0
100287482	104	115	70	609
100287483	0	1	0	0
100287495	0	0	0	0
100287497	83	345	96	103
100287502	0	0	0	0
100287505	0	0	0	0
100287512	10	3	1	1
100287513	0	0	0	0
100287520	1	5	1	0
100287528	0	0	0	0
100287542	0	0	0	0
100287551	1	0	0	2
100287559	10	1	2	2
100287567	0	0	0	0
100287569	16	9	10	3
100287573	0	0	0	0
100287577	0	0	0	0
100287579	0	0	0	0
100287591	0	0	0	0
100287592	0	0	0	0
100287596	0	0	0	0
100287603	0	0	0	0
100287616	211	16	35	74
100287625	0	1	0	0
100287630	0	0	0	0
100287632	0	1	0	0
100287635	0	0	1	0
100287639	2	0	0	0
100287647	0	0	0	0
100287680	0	1	0	1
100287682	0	0	0	0
100287692	0	0	0	0
100287708	0	0	0	0
100287715	1	0	0	0
100287718	0	0	0	0
100287722	32	35	37	17
100287725	4	0	1	1
100287728	2	0	0	1
100287745	4	7	2	1
100287755	7	16	14	11
100287757	0	0	0	0
100287765	85	31	44	193
100287768	0	0	0	0
100287778	0	0	0	0
100287814	6	9	3	1
100287817	0	0	0	0
100287822	0	0	0	2
100287837	8	1	2	8
100287845	0	0	0	0
100287852	0	0	0	0
100287868	0	0	0	0
100287879	0	1	0	0
100287880	0	0	0	0
100287887	347	363	171	399
100287895	0	1	1	0
100287896	180	279	132	251
100287898	42	28	8	28
100287900	0	0	0	0
100287902	14	1	2	3
100287908	0	0	0	0
100287912	0	0	1	0
100287928	0	1	0	3
100287932	1909	2853	1690	3656
100287948	0	0	0	0
100287960	0	0	0	0
100287964	0	0	0	0
100287965	0	0	0	0
100287985	0	0	0	0
100288008	2	5	0	0
100288013	0	0	0	0
100288022	0	0	0	0
100288031	0	0	0	1
100288035	0	0	0	0
100288038	7	1	0	0
100288042	0	0	0	0
100288072	9	15	1	3
100288077	16	11	21	2
100288083	9	4	0	1
100288111	0	0	0	0
100288112	0	0	0	0
100288122	0	2	0	0
100288125	1	0	0	0
100288129	0	0	0	0
100288130	0	0	0	0
100288142	97	60	27	125
100288148	0	0	0	0
100288149	0	0	0	0
100288151	0	0	0	0
100288152	882	5309	1260	4000
100288165	30	29	2	7
100288170	0	0	0	0
100288173	0	1	0	0
100288179	0	1	0	0
100288181	11	6	8	27
100288185	0	0	0	0
100288195	0	0	0	0
100288198	41	248	15	54
100288203	32	9	10	1
100288222	1	0	0	0
100288227	0	0	0	0
100288235	1	0	0	0
100288248	0	0	0	0
100288252	10	4	1	6
100288264	0	0	0	0
100288283	3	2	0	0
100288287	0	0	0	0
100288298	0	0	0	0
100288307	1	4	1	4
100288319	4	2	2	4
100288323	0	0	0	0
100288330	1	0	0	0
100288332	7	278	10	60
100288337	0	0	0	0
100288339	0	0	0	0
100288343	2	0	2	3
100288346	12	1	0	0
100288378	0	0	0	0
100288380	1	2	1	1
100288392	0	0	0	0
100288397	0	0	0	0
100288405	0	0	0	0
100288413	673	53	23	35
100288420	0	0	0	0
100288425	0	0	1	0
100288428	28	37	2	25
100288432	29	21	35	25
100288436	2	0	0	0
100288451	1	0	0	0
100288463	1	0	2	0
100288470	0	0	0	0
100288483	0	0	0	0
100288486	0	0	0	0
100288493	0	0	0	0
100288500	0	0	0	0
100288503	0	0	0	0
100288506	3	0	0	1
100288513	0	1	0	0
100288517	0	0	0	0
100288520	0	0	0	0
100288527	0	0	0	0
100288533	1	0	0	0
100288540	38	19	16	75
100288560	2	3	0	0
100288563	0	0	0	0
100288584	0	0	0	0
100288596	0	0	0	0
100288613	1	1	0	0
100288615	114	53	61	70
100288654	1	1	0	0
100288659	0	0	0	0
100288661	0	0	0	2
100288663	0	0	0	0
100288667	0	0	0	0
100288687	0	0	0	0
100288690	25	28	7	9
100288691	3	0	1	0
100288695	0	0	0	0
100288702	0	0	0	0
100288711	0	0	0	0
100288713	0	0	0	0
100288724	0	0	0	0
100288726	1	0	0	0
100288730	186	154	30	51
100288739	0	1	1	2
100288742	0	0	0	0
100288748	134	364	87	92
100288757	2	2	0	0
100288771	0	0	0	0
100288772	0	0	0	0
100288774	0	0	0	0
100288778	1403	1401	367	292
100288785	1	0	0	0
100288788	3	0	1	9
100288797	0	0	0	1
100288798	75	82	27	34
100288801	0	0	1	0
100288802	0	0	0	0
100288805	6	3	1	4
100288814	1	0	1	1
100288825	0	0	0	0
100288827	1	1	5	1
100288831	0	0	0	0
100288841	0	0	0	0
100288842	110	58	45	169
100288843	0	0	0	0
100288846	23	5	12	7
100288861	0	0	0	0
100288866	2	0	0	0
100288868	4	6	2	4
100288870	0	0	0	0
100288885	0	0	0	0
100288892	0	0	0	0
100288897	0	0	1	0
100288904	0	0	0	0
100288911	29	72	9	13
100288935	0	0	0	0
100288948	0	0	0	0
100288960	0	1	1	0
100288964	0	0	0	0
100288971	1	0	0	0
100288974	0	0	0	0
100288979	0	0	0	0
100288984	1	0	0	1
100288998	1	0	0	0
100289004	0	0	0	0
100289017	2	0	0	0
100289019	2246	7439	1668	1972
100289027	0	0	0	0
100289028	7	6	0	4
100289034	0	1	1	2
100289047	1	0	0	0
100289051	0	0	0	0
100289059	1	0	0	0
100289061	14	9	10	8
100289087	0	0	0	0
100289092	5	16	3	19
100289095	1	1	0	0
100289097	63	1021	129	1304
100289098	51	45	25	85
100289099	0	0	0	0
100289102	0	0	0	0
100289118	0	0	0	0
100289131	0	0	0	1
100289133	10	15	4	6
100289141	0	0	0	0
100289150	0	0	0	0
100289158	0	0	0	0
100289170	0	1	0	0
100289178	42	15	25	28
100289184	0	1	0	1
100289186	0	0	0	0
100289187	12	0	1	2
100289188	0	0	0	0
100289191	1	0	0	0
100289211	38	29	12	26
100289220	0	0	0	0
100289237	15	2	2	2
100289244	0	1	0	0
100289255	33	43	51	54
100289259	0	0	0	0
100289264	3	1	0	3
100289265	0	0	0	0
100289274	225	421	70	183
100289279	0	0	0	0
100289280	0	0	0	0
100289286	3	1	0	0
100289295	0	0	0	0
100289300	0	0	0	0
100289303	1	0	0	0
100289315	0	0	0	0
100289319	6	5	6	9
100289341	35	140	33	46
100289350	0	0	4	1
100289360	0	0	0	0
100289371	11	37	4	2
100289373	28	80	19	26
100289380	0	0	0	0
100289383	0	0	0	0
100289388	79	124	34	102
100289404	3	15	23	19
100289410	150	451	152	150
100289414	22	31	15	31
100289419	0	0	0	0
100289442	0	0	0	0
100289448	0	0	0	0
100289450	0	0	0	1
100289462	0	0	0	0
100289475	0	0	0	2
100289489	4	15	0	1
100289509	4	8	6	15
100289545	9	9	2	10
100289564	1	0	0	0
100289574	4	1	26	24
100289579	0	0	0	0
100289581	0	0	0	0
100289584	2	1	1	1
100289605	0	0	0	0
100289607	0	1	0	0
100289619	0	0	0	0
100289623	0	0	0	0
100289635	839	1079	444	707
100289640	1	0	0	3
100289643	3	0	0	1
100289644	0	0	0	0
100289650	2	3	0	0
100289662	4	3	4	2
100289663	1	0	0	0
100289667	0	0	0	0
100289673	0	0	0	0
100289678	1716	2202	794	1180
100289682	1	1	1	0
10029	0	0	0	0
100291105	53	63	17	33
100292290	3	2	0	0
100292680	137	6	6	5
100293090	3891	11675	6140	4675
100293516	647	778	460	674
100293948	1	1	0	5
100294362	67	100	53	106
100294720	0	0	0	1
1003	1220	368	177	611
100302090	0	0	0	0
100302111	0	0	0	0
100302112	0	0	0	0
100302113	0	0	0	0
100302114	3	0	0	0
100302115	0	0	0	0
100302116	0	0	0	0
100302117	0	0	0	0
100302118	0	0	1	1
100302119	0	0	0	0
100302121	3	1	0	0
100302122	0	0	0	0
100302123	0	0	0	0
100302124	0	0	0	0
100302125	2	0	0	1
100302126	0	0	0	0
100302127	0	0	0	0
100302128	0	0	0	0
100302129	0	0	0	0
100302130	0	0	0	0
100302131	0	0	0	0
100302132	0	0	0	0
100302133	0	0	0	0
100302134	0	0	0	0
100302135	0	1	2	2
100302136	0	0	0	0
100302137	0	0	0	0
100302138	0	0	0	0
100302139	0	0	0	0
100302140	0	0	0	0
100302141	0	0	0	0
100302142	0	0	0	0
100302143	0	0	0	0
100302144	0	0	0	0
100302145	0	0	0	0
100302146	0	0	0	0
100302147	0	0	0	0
100302148	0	0	0	0
100302149	5	2	1	4
100302150	0	0	1	0
100302152	1	0	1	0
100302153	0	0	0	0
100302155	0	0	0	0
100302156	0	0	0	0
100302157	0	0	0	0
100302158	0	0	0	0
100302159	0	0	0	0
100302160	0	0	0	0
100302161	0	0	1	2
100302163	0	0	0	0
100302164	0	0	0	0
100302166	0	0	0	0
100302167	0	0	0	1
100302168	0	0	0	0
100302169	0	0	0	0
100302170	0	0	0	0
100302171	0	0	0	0
100302172	0	0	0	0
100302174	0	0	0	0
100302175	0	0	0	0
100302177	0	0	0	0
100302178	1	0	0	0
100302179	0	0	0	0
100302181	0	0	0	0
100302182	0	0	0	0
100302183	0	0	0	0
100302184	0	0	0	0
100302185	0	0	0	0
100302186	0	0	0	0
100302187	0	0	0	0
100302188	0	0	0	0
100302190	0	0	0	0
100302191	0	0	0	0
100302192	0	0	0	0
100302193	0	0	0	0
100302195	0	0	0	0
100302196	0	0	0	0
100302197	0	0	0	0
100302201	0	0	0	0
100302202	0	0	0	0
100302203	0	0	0	0
100302204	1	4	0	2
100302205	0	0	0	0
100302208	0	0	0	0
100302209	0	0	0	0
100302210	0	0	0	0
100302211	0	0	0	0
100302212	0	0	0	0
100302213	0	0	0	0
100302214	0	0	0	0
100302217	0	0	0	1
100302218	5	3	4	8
100302219	0	0	0	0
100302220	0	0	3	0
100302221	1	0	1	0
100302222	0	0	0	0
100302223	0	0	0	1
100302224	0	0	0	0
100302225	0	0	0	0
100302226	0	0	0	0
100302227	0	0	0	0
100302228	0	0	0	0
100302229	0	0	0	0
100302232	0	0	0	0
100302233	0	3	0	0
100302234	0	0	0	0
100302235	0	0	0	0
100302236	0	0	0	0
100302237	0	0	0	0
100302238	0	0	0	0
100302239	0	0	0	0
100302240	0	0	0	0
100302242	0	0	0	0
100302243	0	2	0	1
100302246	0	0	0	0
100302250	0	0	0	0
100302251	0	0	0	0
100302254	0	0	0	0
100302255	0	0	0	0
100302256	2	3	0	0
100302257	0	0	0	0
100302258	0	0	0	0
100302259	0	0	0	0
100302260	1	0	0	0
100302261	0	0	0	1
100302263	0	0	0	0
100302265	0	0	0	0
100302267	0	0	0	0
100302268	0	0	0	0
100302270	0	0	0	0
100302274	0	0	0	0
100302275	1	0	0	2
100302276	1	0	0	0
100302277	2	3	1	6
100302278	0	0	0	0
100302279	0	0	0	1
100302280	0	0	0	0
100302281	0	0	0	0
100302282	0	0	0	0
100302283	0	0	0	0
100302284	1	1	0	0
100302285	0	0	0	0
100302286	0	0	0	0
100302287	0	0	0	0
100302288	0	0	0	0
100302289	0	0	0	0
100302290	0	0	0	0
100302401	36	34	32	29
100302526	0	0	0	0
100302640	7	10	2	5
100302666	18	5	1	5
100302689	0	0	0	0
100302691	1	13	0	2
100302692	2365	3602	1389	2818
100302736	0	2	1	2
100302737	0	0	0	0
100302738	0	0	0	0
100302741	0	1	0	0
100302742	0	0	0	0
100302743	6	1	5	8
100302751	23	70	14	84
100303453	1	0	1	0
100303491	3	0	0	1
100303728	104	95	18	50
100303743	0	0	0	0
100303745	0	0	0	0
100303755	28	44	13	16
100306951	24	15	18	22
100306975	1	0	2	1
100307126	33	73	22	42
100309464	0	0	1	1
10031	0	0	0	0
100310812	4	0	2	7
100310838	0	1	0	0
100310839	3	0	0	0
100310840	137	224	110	142
100310841	0	1	3	3
100310846	87	25	19	52
100310848	0	0	0	1
100310849	1	2	0	0
100310850	2	1	0	1
100310851	0	0	0	0
100310853	1	0	0	0
100310855	0	0	0	0
100310856	1	0	0	0
100310857	0	0	0	0
100310869	1	0	0	0
100312775	1	0	0	0
100312782	0	0	0	0
100312785	0	0	0	0
100312787	0	0	0	0
100312788	0	0	0	0
100312789	0	0	0	0
100312790	0	0	0	0
100312792	1	0	0	0
100312794	11	2	0	11
100312798	22	1	0	0
100312801	1	1	0	0
100312803	0	0	0	1
100312806	0	0	0	0
100312807	0	0	0	0
100312816	0	0	0	0
100312817	0	0	0	0
100312819	0	0	0	0
100312821	0	0	0	0
100312823	0	0	0	0
100312824	0	0	0	0
100312825	0	0	0	0
100312826	0	0	0	0
100312827	0	0	0	0
100312828	27	14	20	13
100312829	2	5	0	5
100312830	0	0	0	0
100312832	0	0	0	0
100312833	0	0	0	0
100312835	0	0	0	0
100312836	0	0	0	0
100312837	0	0	0	0
100312838	0	0	0	0
100312849	1	0	1	2
100312850	2	1	1	1
100313532	1	2	1	2
100313769	1	1	2	3
100313770	0	0	0	0
100313771	0	0	0	0
100313772	0	0	0	4
100313773	0	0	0	0
100313774	0	0	0	0
100313777	0	0	0	0
100313778	0	0	0	0
100313779	0	0	0	0
100313780	0	0	0	0
100313781	0	0	0	0
100313806	0	0	0	0
100313822	0	0	0	0
100313824	0	0	0	0
100313829	0	0	1	1
100313830	0	0	0	1
100313835	0	0	0	0
100313837	0	0	0	0
100313838	0	0	0	0
100313839	0	0	0	0
100313840	0	0	0	0
100313841	0	0	0	0
100313842	0	1	0	0
100313843	0	0	0	0
100313884	0	0	0	0
100313886	6	0	0	0
100313887	0	0	0	0
100313892	0	0	0	0
100313895	0	0	0	0
100313896	0	0	0	0
100313914	0	0	0	0
100313921	0	0	0	0
100313923	0	0	0	0
100313938	0	0	0	0
100313962	0	0	0	0
100313968	0	0	1	0
100316868	0	9	351	561
100316904	0	1	0	1
100327036	1	0	3	2
100329108	1	27	3	3
100329109	0	0	0	0
100329135	0	1	0	1
10033	0	37	0	0
100337589	1	2	0	1
100337590	0	0	0	0
100337591	0	2	0	2
10034	0	119	0	0
100359394	0	0	0	0
100359396	13	0	9	7
100359397	0	0	0	0
10036	1149	1023	1020	2159
100379132	1	3	0	1
100379141	1	0	0	0
100379142	0	0	0	0
100379174	1	0	0	0
100379220	0	0	0	4
100379224	15	53	15	13
100379249	0	0	0	1
100379250	0	0	0	0
100379287	0	0	0	2
100379296	0	0	0	0
100379298	0	0	0	0
100379300	0	0	0	0
100379345	48	24	3	16
100379378	0	0	0	1
100379564	1	0	0	0
100379571	237	391	146	325
100379584	0	0	0	0
100379592	17	27	8	14
100379623	2	1	0	0
100379667	0	0	0	0
10038	671	311	398	1026
100380272	0	0	0	0
100381178	1	0	1	1
100381202	0	0	0	1
100381215	0	1	1	0
100381270	10	4	8	2
100384885	0	0	0	1
10039	1515	1265	679	396
1004	543	117	23	244
10040	1935	578	1166	2108
100418706	0	0	0	0
100418707	0	0	0	1
100418708	0	0	0	0
100418709	0	0	0	0
100418711	0	0	0	0
100418712	0	0	0	0
100418714	0	1	0	0
100418715	0	0	0	0
100418718	0	0	0	0
100418720	2	0	1	1
100418721	0	0	0	0
100418722	0	0	0	0
100418724	0	1	0	1
100418728	1	0	1	0
100418731	0	0	0	0
100418733	0	0	0	0
100418735	1	0	0	0
100418736	1	0	0	0
100418737	99	51	16	23
100418739	0	0	0	0
100418740	1	1	2	4
100418743	0	0	0	0
100418744	28	5	1	13
100418745	0	0	0	0
100418747	10	2	7	5
100418748	32	3	2	6
100418750	41	1	0	13
100418751	0	0	0	0
100418753	0	0	0	1
100418754	1	0	0	0
100418756	0	0	0	0
100418763	0	0	0	0
100418769	3	0	0	1
100418770	0	0	0	1
100418774	0	0	0	0
100418779	0	0	0	0
100418781	9	6	3	10
100418792	0	0	0	0
100418799	2	0	0	0
100418804	0	1	1	1
100418811	2	0	0	0
100418814	10	2	4	15
100418815	0	1	0	0
100418819	6	1	2	3
100418820	1	1	3	0
100418828	0	0	0	0
100418829	1	3	0	0
100418832	0	0	0	0
100418834	6	1	0	3
100418835	0	0	0	0
100418836	0	0	0	0
100418837	0	0	0	0
100418843	0	2	0	1
100418861	52	0	0	0
100418862	0	0	0	0
100418865	3	0	1	0
100418871	0	0	0	0
100418877	12	3	7	7
100418881	22	39	9	17
100418887	6	18	11	15
100418897	0	0	0	0
100418902	1	1	0	1
100418903	0	0	0	0
100418904	0	0	0	0
100418905	0	0	0	0
100418906	0	0	0	0
100418910	14	177	10	20
100418919	3	2	0	5
100418920	0	0	0	0
100418921	13	0	0	0
100418924	1	0	0	0
100418928	4	3	4	3
100418937	10	4	7	16
100418943	3	1	1	4
100418949	0	0	0	0
100418951	3	13	1	3
100418955	1	0	0	0
100418960	0	1	0	0
100418968	2	1	2	4
100418972	0	0	0	0
100418973	0	0	0	0
100418974	0	0	0	0
100418975	26	18	43	87
100418976	0	0	0	0
100418977	0	0	0	1
100418980	3	0	0	0
100418981	0	0	0	1
100418983	0	0	0	0
100418999	0	0	0	0
100419004	0	0	0	0
100419005	0	0	0	0
100419006	0	0	0	0
100419008	0	0	0	1
100419017	2	0	1	3
100419023	0	1	1	3
100419028	40	83	5	31
100419029	0	0	0	0
100419031	18	4	12	11
100419033	0	0	0	0
100419036	2	1	0	1
100419038	0	0	0	1
100419040	0	0	0	0
100419041	1	0	0	0
100419042	0	1	0	0
100419047	1	2	3	5
100419053	0	0	0	0
100419054	0	0	0	0
100419056	20	17	3	14
100419062	0	1	1	4
100419066	0	0	0	0
100419068	0	0	0	0
100419069	1	36	0	0
100419070	0	2	0	2
100419074	1	0	0	0
100419075	7	6	6	10
100419085	0	0	0	1
100419095	0	0	0	0
100419098	0	0	0	0
100419110	0	0	0	0
100419149	0	0	0	0
100419158	6	2	0	0
100419178	0	0	0	0
100419185	2	1	0	0
100419187	0	0	0	0
100419209	0	0	2	0
100419246	0	0	0	0
100419324	1	0	0	0
100419337	0	0	0	0
100419353	0	0	0	0
100419391	0	0	0	0
100419392	1	1	4	2
100419416	0	0	0	0
100419423	0	0	2	0
100419426	0	0	0	0
100419427	0	0	0	0
100419471	0	0	0	0
100419472	0	0	0	0
100419477	0	0	0	0
100419489	0	3	0	0
100419521	2	1	0	0
100419548	1	0	0	0
100419554	0	0	0	0
100419558	0	1	0	1
100419560	3	0	0	0
100419595	0	2	1	2
100419599	0	0	0	0
100419606	0	0	0	0
100419608	0	1	0	3
100419609	0	0	0	0
100419610	0	0	0	0
100419614	0	0	1	1
100419643	14	3	1	7
100419645	0	0	0	0
100419649	0	0	0	0
100419650	0	0	0	0
100419682	0	0	0	0
100419687	0	0	0	0
100419705	0	0	0	0
100419709	10	2	12	20
100419717	0	0	0	0
100419722	0	0	0	0
100419724	0	0	0	0
100419725	0	0	0	0
100419726	0	75	0	0
100419727	0	0	0	0
100419728	0	0	0	0
100419730	0	0	0	0
100419731	0	0	0	0
100419732	0	0	0	0
100419733	0	0	0	0
100419734	0	0	0	0
100419735	0	0	0	0
100419742	0	0	0	0
100419743	1	1	0	0
100419750	1	12	3	3
100419751	0	1	0	0
100419758	0	0	0	0
100419764	0	0	0	0
100419776	0	0	0	0
100419777	0	0	0	0
100419780	0	0	0	0
100419788	0	0	0	0
100419792	0	0	0	0
100419793	1	0	0	0
100419814	18	5	3	10
100419815	1	0	0	0
100419816	0	0	0	0
100419821	0	1	0	2
100419827	0	0	0	0
100419829	0	0	0	0
100419854	0	0	0	0
100419866	0	0	0	0
100419867	1	0	0	0
100419868	5	7	4	3
100419873	0	0	0	0
100419877	0	0	0	0
100419878	12	17	7	18
100419880	0	1	0	0
100419883	0	0	0	0
100419893	0	0	0	0
100419895	0	0	0	0
100419903	0	1	3	9
100419906	5	8	0	2
100419909	0	0	0	0
100419916	0	0	0	2
100419920	150	181	78	8
100419929	0	0	0	0
100419930	0	0	0	0
100419945	0	0	0	0
100419947	0	0	1	2
100419948	0	0	0	1
100419949	0	0	0	0
100419950	0	0	0	0
100419955	0	0	0	0
100419957	0	0	9	0
100419962	0	0	0	0
100419963	1	2	0	15
100419964	0	0	0	1
100419967	0	0	0	0
100419968	0	0	0	0
100419969	0	0	0	0
100419971	0	0	0	0
100419972	0	0	2	0
100419974	0	0	0	0
100419978	0	0	0	0
100419979	3	0	0	3
100419989	0	0	0	0
100419995	0	0	0	0
100419996	1	1	0	2
10042	1231	649	716	1284
100420003	1	3	2	10
100420005	0	0	0	3
100420012	1	1	0	1
100420013	11	1	10	1
100420018	0	0	0	2
100420021	0	1	0	0
100420022	0	0	0	0
100420024	0	0	0	0
100420025	0	0	0	0
100420028	3	0	0	1
100420030	2	0	0	0
100420033	1	0	0	0
100420042	0	0	0	0
100420043	1	1	0	7
100420044	0	0	0	3
100420046	0	4	0	0
100420047	0	0	0	1
100420048	0	0	0	0
100420049	0	0	0	2
100420050	0	0	0	0
100420051	12	8	6	9
100420055	0	0	0	0
100420058	0	0	0	0
100420063	2	2	1	5
100420067	19	3	10	32
100420072	0	3	0	0
100420073	0	0	0	0
100420075	0	0	0	0
100420080	2	0	0	2
100420108	0	0	0	0
100420109	0	0	2	0
100420110	4	1	0	3
100420113	1	0	0	0
100420121	0	0	0	0
100420123	0	0	0	0
100420143	2	1	4	3
100420149	0	0	0	0
100420155	0	0	0	2
100420158	0	0	0	0
100420159	1	17	0	1
100420178	0	0	0	0
100420180	0	0	0	1
100420190	0	0	0	0
100420200	1	0	0	1
100420203	14	5	3	1
100420206	0	0	0	0
100420207	0	0	0	1
100420213	0	0	0	0
100420216	0	4	1	0
100420223	0	0	0	0
100420224	0	0	0	0
100420251	0	1	0	2
100420253	15	9	11	9
100420257	8	7	0	0
100420258	4	3	5	3
100420259	2	2	0	0
100420260	0	0	0	0
100420263	0	0	0	2
100420269	0	0	0	0
100420273	0	0	0	0
100420275	0	1	0	1
100420281	0	0	0	0
100420287	0	0	0	0
100420292	0	0	0	0
100420293	2	0	0	3
100420295	0	0	0	0
100420300	23	52	5	39
100420303	0	0	0	0
100420307	13	12	13	17
100420308	5	1	2	1
100420317	3	1	0	3
100420341	33	27	12	23
100420342	0	0	0	0
100420351	0	0	2	0
100420354	0	0	0	0
100420356	0	0	0	0
100420358	3	1	4	1
100420359	0	0	0	0
100420364	0	0	0	0
100420368	0	0	0	0
100420373	0	0	0	0
100420374	0	0	0	0
100420376	0	0	0	0
100420377	0	0	0	0
100420389	0	0	0	0
100420392	0	0	0	0
100420393	2	0	0	0
100420394	2	0	1	1
100420401	5	2	1	8
100420405	0	0	0	0
100420406	0	0	0	0
100420410	0	0	0	0
100420412	0	0	0	0
100420413	0	0	0	0
100420414	1	0	0	1
100420415	0	0	0	0
100420428	0	0	0	0
100420435	3	10	0	2
100420450	1	2	0	0
100420458	0	0	0	0
100420462	0	0	0	0
100420471	4	2	2	8
100420473	0	0	0	0
100420476	0	1	2	0
100420477	2	1	3	1
100420482	1	1	0	0
100420484	0	0	0	0
100420501	2	6	1	4
100420502	4	2	2	18
100420503	1	0	0	1
100420505	4	3	1	3
100420508	0	0	0	0
100420509	1	2	0	0
100420510	0	0	0	0
100420512	0	0	0	0
100420515	0	2	1	3
100420519	0	0	2	1
100420526	2	3	1	0
100420527	12	4	7	3
100420528	3	10	1	8
100420546	15	3	4	21
100420552	3	2	0	0
100420555	1	1	0	2
100420557	0	2	1	2
100420558	0	0	1	0
100420567	0	0	0	1
100420568	1	2	0	1
100420571	1	0	0	1
100420574	0	0	0	0
100420575	0	0	0	0
100420588	1	1	0	0
100420589	0	0	0	0
100420590	0	0	0	0
100420591	0	0	0	0
100420608	0	0	0	0
100420612	6	4	1	3
100420613	0	0	0	0
100420618	48	25	49	51
100420620	0	0	0	0
100420621	1	0	2	0
100420627	1	0	0	0
100420633	0	0	0	0
100420650	1	0	1	6
100420656	0	0	0	0
100420660	2	3	2	0
100420665	0	0	0	3
100420666	5	23	1	2
100420669	0	0	0	0
100420681	0	0	0	0
100420689	1	0	0	1
100420695	0	0	0	2
100420710	0	0	0	0
100420734	1	3	0	2
100420737	0	0	0	0
100420738	0	0	0	0
100420752	1	0	0	0
100420754	0	0	0	0
100420758	7	6	4	23
100420759	0	0	0	0
100420760	0	0	0	0
100420763	0	0	0	0
100420770	0	1	0	1
100420772	0	0	0	0
100420777	0	0	0	0
100420778	3	2	1	5
100420784	0	0	1	0
100420786	0	0	0	0
100420787	0	0	0	0
100420788	0	0	0	0
100420789	0	4	0	5
100420792	0	0	0	0
100420798	2	1	1	1
100420811	0	0	0	0
100420818	0	0	0	0
100420821	0	1	0	0
100420829	0	0	0	0
100420830	0	0	0	0
100420831	5	4	0	8
100420832	0	0	0	1
100420833	2	0	0	0
100420834	0	0	0	0
100420841	0	0	0	0
100420843	0	0	0	0
100420848	0	0	0	1
100420854	0	0	0	1
100420859	0	0	0	0
100420863	0	0	116	1
100420869	11	8	4	10
100420875	0	0	0	1
100420877	1	1	1	5
100420881	0	0	0	0
100420888	0	0	0	0
100420889	0	0	0	0
100420890	0	0	0	0
100420892	0	0	0	0
100420893	0	0	0	0
100420898	2	1	2	0
100420900	0	0	0	0
100420901	0	0	0	0
100420907	0	0	0	0
100420909	0	0	0	0
100420910	1	2	0	0
100420911	0	0	0	0
100420916	1	0	0	0
100420919	0	0	0	0
100420920	2	3	0	0
100420921	0	0	0	0
100420924	0	0	0	0
100420925	0	0	0	0
100420926	0	0	0	0
100420927	0	0	0	0
100420939	0	1	0	1
100420941	1	0	0	0
100420946	0	0	1	2
100420950	1	0	0	0
100420952	0	0	0	0
100420957	0	0	0	0
100420958	149	323	98	346
100420963	0	0	0	0
100420968	0	0	0	0
100420972	0	0	0	0
100420975	0	0	0	1
100421008	0	0	0	0
100421018	0	0	1	0
100421029	1	0	0	2
100421039	0	0	0	0
100421045	2	0	0	0
100421046	0	0	0	0
100421047	0	0	0	0
100421055	0	1	1	1
100421057	1	0	0	1
100421058	0	0	0	0
100421071	0	0	0	0
100421072	0	0	1	0
100421075	0	0	0	0
100421090	1	0	0	2
100421096	6	1	14	6
100421097	4	1	7	29
100421108	3	2	8	8
100421109	1	9	8	18
100421113	0	1	0	0
100421114	2	2	0	5
100421123	0	0	0	0
100421125	0	0	0	0
100421129	7	6	3	5
100421131	8	8	0	2
100421133	0	0	0	0
100421136	0	1	0	0
100421137	0	0	0	0
100421143	0	0	0	0
100421146	0	0	0	0
100421148	0	0	2	0
100421153	0	0	0	0
100421154	0	0	0	0
100421166	1	0	0	0
100421167	3	5	1	5
100421172	4	1	0	0
100421175	1	108	2	22
100421177	0	0	0	0
100421178	0	0	0	0
100421180	0	0	0	0
100421184	0	0	1	0
100421185	2	0	0	0
100421188	0	0	0	0
100421189	0	2	0	2
100421217	0	0	0	0
100421219	0	3	0	0
100421220	0	0	0	0
100421222	0	0	0	0
100421224	0	0	0	0
100421226	0	0	0	0
100421228	0	0	0	0
100421232	0	0	0	0
100421236	0	0	0	0
100421238	3	7	0	1
100421245	0	0	0	2
100421267	0	0	0	0
100421269	1	0	0	0
100421271	1	0	0	0
100421279	0	0	1	0
100421289	0	0	0	0
100421295	62	67	21	43
100421307	0	0	0	0
100421311	12	9	7	16
100421313	3	2	4	2
100421318	0	0	0	0
100421319	0	0	0	0
100421324	2	0	0	0
100421328	1	1	0	1
100421331	0	0	0	0
100421338	1	0	1	0
100421340	0	0	1	2
100421341	5	2	0	4
100421350	3	4	2	5
100421351	11	5	2	10
100421353	1	1	0	2
100421354	0	0	0	0
100421357	1	0	0	0
100421361	0	0	0	0
100421363	1	0	0	0
100421369	4	0	0	2
100421371	0	3	0	0
100421372	862	734	587	1270
100421374	12	9	1	4
100421376	1	2	2	1
100421379	3	0	0	1
100421384	13	9	2	16
100421389	33	0	2	1
100421390	0	0	0	1
100421391	0	0	0	0
100421395	18	13	4	12
100421397	0	1	1	2
100421398	3	4	0	2
100421399	1	0	0	0
100421413	8	7	1	2
100421415	30	7	9	20
100421419	11	8	8	12
100421420	1	8	0	2
100421422	2	0	0	0
100421424	0	0	0	0
100421428	0	0	0	0
100421429	2	1	1	3
100421430	0	0	0	0
100421431	4	5	14	4
100421432	3	1	0	0
100421433	1	0	1	0
100421436	13	27	16	20
100421437	0	0	1	0
100421438	5	2	4	10
100421439	2	2	0	0
100421451	0	0	0	0
100421455	0	0	0	0
100421462	0	0	0	2
100421472	0	0	0	0
100421473	0	0	0	0
100421478	0	0	0	0
100421479	0	0	0	6
100421480	10	11	0	0
100421484	0	0	0	0
100421485	0	0	0	0
100421487	0	0	0	1
100421493	0	0	2	0
100421495	0	0	0	0
100421496	0	0	0	0
100421498	1	0	2	5
100421499	0	0	0	0
100421500	0	0	1	0
100421506	0	1	0	1
100421507	0	0	0	0
100421508	0	2	0	1
100421509	1	0	0	0
100421510	1	0	0	0
100421511	0	0	0	0
100421512	0	0	0	0
100421515	12	5	5	7
100421525	0	2	0	0
100421528	0	0	0	0
100421533	35	22	14	7
100421535	0	0	0	0
100421537	0	0	0	0
100421542	1	1	0	0
100421545	42	39	27	17
100421549	0	0	0	0
100421550	0	0	0	0
100421560	0	0	0	0
100421565	0	1	0	0
100421566	0	0	0	0
100421572	0	0	0	0
100421577	16	24	15	12
100421579	1	3	0	7
100421580	0	0	0	0
100421581	0	0	1	1
100421582	17	58	15	33
100421588	3	3	1	7
100421589	4	4	0	4
100421594	0	0	0	2
100421595	0	1	0	0
100421598	0	0	0	0
100421599	0	1	1	0
100421601	0	0	0	0
100421606	1	0	2	2
100421617	1	1	0	0
100421621	4	0	2	1
100421623	0	0	0	0
100421629	0	0	0	1
100421632	0	0	0	0
100421633	0	0	0	0
100421634	0	0	5	0
100421637	0	0	0	0
100421638	0	0	0	0
100421642	0	0	0	0
100421648	0	0	0	2
100421652	0	0	0	0
100421657	0	0	0	0
100421669	0	0	0	0
100421670	0	0	0	0
100421672	0	0	0	0
100421681	0	0	0	0
100421689	4	2	2	7
100421693	4	3	0	3
100421694	0	0	0	0
100421695	7	3	4	4
100421697	0	0	0	0
100421698	2	4	3	1
100421699	0	1	1	4
100421700	0	0	0	0
100421701	1	2	5	0
100421702	1	2	3	0
100421704	1	5	3	0
100421705	0	0	0	0
100421706	0	0	0	0
100421707	1	2	0	0
100421708	5	17	0	0
100421709	0	0	1	0
100421710	1	0	0	1
100421716	0	0	0	0
100421717	0	0	0	0
100421718	0	0	0	0
100421721	0	4	0	0
100421724	3	3	1	2
100421728	0	0	0	0
100421729	0	0	0	2
100421730	2	0	2	0
100421731	0	0	0	0
100421733	0	0	0	0
100421734	0	0	0	1
100421736	6	1	2	0
100421741	0	2	0	0
100421749	0	0	0	0
100421754	0	0	0	0
100421756	3	4	1	4
100421765	0	0	0	0
100421767	1	0	0	0
100421768	0	0	0	0
100421769	0	0	0	0
100421771	0	0	0	0
100421774	0	0	0	0
100421776	0	0	0	0
100421779	0	0	0	0
100421784	8	3	2	0
100421788	0	1	0	0
100421794	1	0	0	1
100421796	185	88	31	103
100421797	0	0	0	0
100421798	10	6	2	4
100421799	0	0	0	0
100421803	2	2	0	3
100421804	1	2	0	2
100421805	1	2	1	8
100421806	143	206	34	65
100421807	0	0	0	0
100421809	0	0	0	0
100421810	0	0	0	0
100421813	0	6	0	1
100421815	3	0	0	1
100421816	9	28	9	24
100421817	7	0	1	1
100421819	4	4	0	1
100421820	1	0	0	0
100421822	6	2	9	7
100421823	0	0	1	0
100421825	0	0	0	0
100421827	0	0	0	0
100421828	1	1	2	2
100421829	32	15	7	20
100421840	4	2	0	1
100421854	43	36	7	14
100421859	14	15	5	7
100421860	8	2	4	0
100421861	1	0	0	0
100421865	16	12	4	15
100421925	1	0	0	0
100421943	0	2	0	2
100421973	6	7	0	2
100421975	0	0	0	0
100422019	0	0	0	0
100422023	0	0	0	0
100422044	0	0	0	0
100422055	1	0	0	0
100422059	0	0	0	0
100422088	1	5	0	0
100422091	0	0	0	0
100422094	3	5	3	5
100422179	0	0	0	0
100422200	0	0	0	2
100422229	0	0	0	0
100422230	0	0	0	0
100422232	0	0	0	1
100422235	0	0	1	0
100422238	159	41	30	5
100422242	1	5	2	1
100422243	200	145	44	131
100422247	0	0	0	10
100422249	0	0	0	0
100422254	6	10	8	26
100422256	0	0	0	0
100422259	3	0	0	5
100422261	2	1	3	4
100422264	0	0	0	1
100422265	7	12	8	16
100422268	0	0	0	0
100422271	0	0	0	0
100422272	0	0	0	0
100422273	0	0	0	0
100422284	0	0	1	0
100422285	0	0	0	0
100422286	1	0	1	0
100422288	0	0	0	0
100422289	0	0	0	0
100422294	0	0	0	0
100422296	12	14	3	12
100422299	1	4	1	2
100422305	0	0	0	0
100422309	0	0	1	2
100422312	4	6	4	4
100422313	8	4	5	13
100422316	0	0	0	0
100422324	0	0	0	0
100422330	0	0	0	0
100422337	0	0	0	0
100422338	3	2	0	10
100422339	0	1	0	0
100422340	0	0	0	0
100422342	1	1	0	0
100422343	18	43	11	15
100422346	0	0	0	0
100422347	0	0	0	0
100422348	0	0	0	0
100422349	0	0	0	0
100422354	0	0	0	0
100422363	0	2	1	1
100422369	6	4	4	9
100422371	18	1	8	6
100422374	2	0	2	3
100422381	0	0	0	0
100422384	0	0	1	1
100422385	0	0	0	0
100422386	0	0	0	0
100422391	0	0	0	0
100422395	1	2	4	0
100422407	0	0	0	0
100422411	0	3	0	0
100422417	0	0	0	0
100422426	0	0	0	0
100422429	0	0	0	0
100422431	0	0	0	0
100422432	0	0	0	0
100422437	0	0	0	1
100422445	2	0	0	2
100422450	1	2	0	0
100422452	0	0	0	0
100422458	0	0	0	0
100422469	0	0	0	0
100422473	44	43	25	35
100422486	5	14	12	10
100422496	0	0	0	0
100422500	0	0	0	0
100422502	0	0	0	0
100422514	0	0	0	0
100422517	1	2	0	5
100422523	0	0	0	0
100422527	0	0	0	0
100422531	1	0	0	0
100422532	6	17	4	7
100422533	2	4	0	0
100422535	0	0	0	0
100422536	3	4	3	4
100422540	0	1	0	1
100422545	0	0	0	0
100422546	2	0	0	0
100422547	1	0	0	0
100422550	0	0	0	0
100422558	6	10	3	10
100422559	0	0	0	0
100422561	4	3	0	0
100422562	1	4	0	0
100422580	0	0	0	0
100422581	3	9	3	3
100422582	3	1	1	4
100422588	0	0	0	0
100422589	0	0	0	0
100422591	0	1	0	1
100422595	11	4	1	7
100422598	0	0	0	0
100422600	0	0	0	0
100422602	0	0	0	0
100422603	7	6	0	9
100422604	0	0	0	3
100422605	0	0	0	0
100422606	0	0	0	0
100422608	0	0	0	0
100422624	0	0	0	0
100422625	0	0	0	0
100422628	0	0	0	1
100422635	2	0	3	0
100422636	0	0	0	0
100422642	0	0	0	0
100422644	0	0	0	1
100422656	0	0	0	0
100422657	0	0	0	0
100422658	0	0	0	0
100422666	4	3	0	4
100422674	0	0	1	0
100422686	0	0	0	1
100422690	0	1	1	0
100422691	17	15	7	5
100422710	0	0	1	2
100422711	0	0	1	1
100422712	11	2	5	14
100422716	0	0	0	0
100422737	12	102	11	59
100422821	0	0	0	1
100422823	0	0	0	0
100422824	0	0	0	1
100422825	0	0	0	0
100422826	0	0	0	0
100422827	0	0	0	0
100422828	0	0	0	0
100422829	0	0	0	0
100422830	0	0	0	0
100422831	0	0	0	0
100422832	0	0	0	0
100422833	0	1	0	0
100422834	0	0	0	0
100422835	2	1	0	1
100422836	0	0	0	0
100422837	0	0	0	0
100422838	0	0	0	0
100422839	0	0	0	0
100422840	0	0	0	0
100422841	5	1	1	4
100422842	0	0	0	0
100422843	0	0	0	0
100422844	0	0	0	0
100422845	0	0	0	0
100422846	5	1	2	3
100422847	1	3	3	1
100422848	0	0	0	0
100422849	0	0	1	0
100422850	0	0	0	0
100422851	0	0	0	1
100422852	0	0	0	0
100422853	0	0	0	0
100422854	0	0	0	0
100422855	0	0	0	0
100422856	0	0	0	0
100422857	0	0	0	0
100422858	0	0	0	2
100422859	0	1	0	1
100422860	36	77	12	46
100422861	0	0	0	0
100422862	0	0	0	1
100422863	0	0	0	0
100422864	1	1	0	1
100422865	0	0	0	0
100422866	0	0	0	0
100422867	0	0	0	0
100422868	1	0	0	0
100422869	0	0	0	0
100422870	0	0	0	0
100422871	1	0	0	0
100422872	31	43	13	31
100422873	0	0	0	0
100422874	0	0	0	0
100422875	2	1	2	2
100422876	0	0	0	0
100422877	0	0	0	0
100422878	0	0	0	0
100422879	2	4	1	1
100422880	0	0	1	1
100422881	0	1	0	0
100422882	0	0	0	0
100422883	0	0	0	0
100422884	0	0	0	0
100422885	143	227	71	145
100422886	0	0	0	0
100422887	0	0	0	0
100422888	0	0	0	0
100422889	0	0	0	0
100422891	0	0	0	0
100422892	0	0	0	0
100422893	0	0	0	0
100422894	0	1	0	0
100422895	0	0	0	0
100422896	0	0	0	0
100422897	0	0	0	0
100422898	0	0	0	0
100422899	0	0	0	0
100422900	0	0	0	0
100422901	0	0	0	0
100422902	0	0	0	0
100422903	0	0	0	0
100422904	0	0	0	0
100422905	1	0	0	0
100422907	0	0	0	0
100422908	0	0	0	0
100422909	0	0	0	0
100422910	0	0	0	0
100422911	0	0	0	0
100422912	0	0	1	0
100422913	3	1	4	3
100422914	4	0	0	0
100422915	0	0	0	0
100422916	0	0	0	0
100422917	0	0	0	0
100422918	0	0	0	0
100422919	0	0	0	0
100422920	0	0	0	0
100422921	1	0	0	0
100422922	1	0	0	0
100422923	0	0	0	0
100422924	0	0	0	0
100422925	0	0	1	1
100422926	0	0	1	0
100422927	0	0	0	0
100422928	0	2	1	1
100422929	0	0	0	0
100422930	0	0	0	0
100422931	0	0	0	0
100422932	0	0	0	0
100422933	0	0	0	0
100422934	0	0	0	0
100422935	0	0	0	0
100422936	4	2	4	0
100422937	0	0	0	0
100422938	0	0	0	0
100422939	0	0	0	0
100422940	0	0	0	0
100422941	0	0	0	0
100422942	1	0	0	0
100422943	126	53	14	18
100422944	1	5	0	3
100422945	8	5	1	3
100422946	0	0	0	0
100422947	1	0	0	0
100422948	1	0	2	3
100422949	0	0	0	0
100422950	0	0	0	0
100422951	0	0	0	0
100422952	0	0	0	0
100422953	0	0	0	0
100422954	0	0	0	0
100422955	0	0	0	0
100422956	0	0	0	0
100422957	39	49	20	61
100422959	0	0	0	0
100422960	0	0	0	0
100422961	0	0	0	0
100422962	0	0	0	0
100422963	0	0	0	0
100422964	0	0	0	0
100422965	9	7	5	13
100422966	0	0	0	0
100422967	0	0	0	0
100422968	0	0	0	0
100422969	2	1	0	1
100422971	2	0	0	0
100422972	0	0	0	0
100422973	0	0	0	0
100422974	0	1	0	1
100422975	0	0	0	1
100422976	4	1	2	1
100422977	0	0	0	0
100422978	0	0	0	0
100422979	0	1	0	0
100422980	0	0	0	0
100422981	0	0	2	0
100422982	2	0	1	0
100422983	0	0	0	0
100422984	0	0	0	0
100422985	0	0	0	0
100422986	0	0	2	2
100422987	0	0	0	0
100422988	0	0	0	0
100422989	0	0	0	0
100422990	0	0	0	0
100422991	0	0	0	0
100422992	0	0	0	0
100422993	0	0	0	0
100422994	0	0	0	1
100422995	0	0	0	0
100422996	0	0	0	0
100422997	0	1	3	0
100422998	0	0	0	0
100422999	0	0	0	0
100423000	0	0	0	3
100423001	1	0	2	2
100423002	0	0	0	0
100423003	0	0	0	0
100423004	0	0	0	0
100423005	0	0	0	0
100423006	0	0	0	0
100423008	0	0	0	0
100423009	0	0	0	0
100423010	0	0	0	0
100423011	3	0	0	4
100423012	0	0	0	1
100423013	0	0	0	0
100423014	0	0	0	0
100423015	0	0	0	0
100423016	0	0	0	0
100423017	0	1	0	0
100423018	0	0	0	0
100423019	0	0	0	0
100423020	0	5	2	5
100423021	0	0	0	0
100423023	0	2	2	2
100423025	0	0	0	0
100423026	0	0	0	0
100423027	0	0	0	0
100423028	0	0	0	0
100423029	0	0	0	0
100423030	0	0	0	0
100423031	0	0	0	0
100423032	0	0	0	0
100423033	0	0	0	0
100423034	0	0	0	0
100423035	0	0	0	0
100423036	0	0	0	1
100423037	28	19	12	19
100423038	1	0	0	0
100423039	0	0	0	0
100423040	0	0	0	0
100423041	1	0	1	4
100423042	0	0	0	0
100423043	0	0	0	0
100423046	0	0	0	4
100423060	0	0	0	0
100423061	0	177	3	0
100423062	73	50	21	0
10043	3013	1992	1175	1546
100431168	1	1	0	0
100431172	0	0	0	0
100431173	0	0	0	0
100431177	1	0	0	0
10044	412	171	57	258
10045	1571	3352	1681	2262
10046	134	30	22	34
100462647	0	0	1	0
100462648	0	0	0	0
100462652	0	0	0	0
100462732	0	0	0	0
100462767	3	0	0	0
100462772	2	3	0	2
100462776	0	1	0	0
100462782	0	0	0	0
100462785	0	0	0	0
100462786	0	0	0	0
100462787	0	0	0	0
100462788	1	0	0	1
100462790	0	0	1	1
100462792	2	1	2	1
100462793	0	0	0	0
100462794	60	32	18	16
100462795	0	2	0	3
100462797	0	0	0	1
100462799	0	1	0	0
100462800	0	1	1	0
100462809	4	3	0	0
100462810	0	0	0	4
100462811	0	5	0	0
100462812	0	0	0	0
100462813	6	6	0	19
100462820	0	0	0	0
100462821	0	0	0	0
100462824	0	0	0	0
100462825	0	0	0	0
100462826	0	0	0	0
100462829	0	0	0	1
100462830	0	0	0	1
100462832	0	0	0	0
100462833	0	0	0	0
100462838	0	0	1	1
100462840	0	0	0	0
100462843	0	1	0	1
100462844	0	0	0	0
100462850	0	0	0	0
100462851	0	0	0	0
100462857	0	0	0	0
100462862	0	0	0	2
100462865	0	0	0	1
100462866	1	0	0	3
100462867	0	0	0	0
100462868	0	0	0	0
100462869	0	0	0	0
100462870	0	0	0	0
100462871	0	0	0	0
100462872	0	0	0	0
100462873	0	0	0	0
100462874	0	0	0	0
100462875	0	0	0	0
100462876	0	0	0	0
100462877	0	0	0	0
100462878	0	0	0	0
100462879	0	0	0	0
100462880	15	4	14	8
100462881	0	0	0	0
100462886	0	0	0	0
100462954	37	38	37	51
100462957	0	0	0	0
100462985	1	1	0	0
100462987	0	0	0	0
100462990	0	0	0	0
100463528	0	0	0	0
10047	0	0	0	0
10048	1298	1070	866	1399
10049	4408	5464	3021	4942
100498661	0	0	0	0
100498859	6	13	1	7
100499171	2	0	1	0
100499177	1316	1114	949	1336
100499183	121	163	66	84
100499227	89	29	30	231
100499251	0	0	0	0
100499252	22	10	5	17
100499258	0	0	0	0
100499259	0	0	0	1
100499261	2	0	4	4
100499405	13	3	2	5
100499416	0	0	0	0
100499417	0	0	0	0
100499418	0	0	0	0
100499457	0	0	0	0
100499466	71	88	55	93
100499468	0	0	0	0
100499469	0	0	0	0
100499481	0	0	0	0
100499483	79	57	12	54
100499484	32	58	4	35
100499485	0	0	0	0
100499496	0	0	0	0
100499497	0	0	0	2
100499563	0	0	0	0
1005	81	9	30	4
10050	341	57	86	33
100500737	1	0	0	1
100500773	0	0	0	0
100500797	0	0	0	0
100500798	0	0	0	0
100500801	0	0	0	0
100500802	16	25	14	12
100500803	0	0	0	0
100500804	0	0	0	0
100500807	0	0	0	0
100500808	0	0	0	0
100500809	0	0	0	0
100500810	0	0	0	0
100500811	0	0	0	0
100500812	5	7	3	4
100500813	3	0	2	4
100500814	0	0	0	0
100500816	1	2	0	0
100500817	0	0	0	0
100500818	0	0	0	0
100500819	1	6	0	1
100500820	0	0	0	0
100500821	0	0	0	0
100500822	0	0	1	0
100500823	0	0	0	0
100500824	0	0	0	0
100500825	1	0	0	0
100500826	0	0	0	2
100500827	0	0	0	0
100500828	0	0	2	0
100500829	0	0	0	0
100500830	0	0	0	0
100500831	0	0	0	1
100500832	0	0	0	0
100500834	0	0	0	0
100500835	0	0	0	0
100500836	0	0	0	0
100500837	0	0	0	0
100500838	0	0	0	0
100500839	0	0	0	0
100500841	0	0	0	0
100500842	0	0	0	0
100500843	0	0	0	0
100500844	0	0	1	0
100500845	0	0	0	0
100500846	0	0	0	0
100500847	0	0	0	0
100500849	0	0	0	0
100500850	9	44	6	8
100500851	0	0	0	0
100500852	0	0	0	0
100500853	0	4	0	4
100500854	10	9	0	3
100500855	0	0	1	0
100500856	0	0	0	0
100500857	0	3	1	2
100500858	0	0	0	0
100500859	0	0	0	0
100500860	0	0	0	0
100500861	0	0	0	0
100500862	0	0	0	0
100500863	0	0	0	0
100500864	0	0	0	0
100500865	0	0	0	0
100500866	0	1	0	0
100500867	0	0	0	0
100500868	0	0	0	0
100500869	0	0	0	0
100500870	0	0	0	0
100500871	0	0	0	0
100500872	0	0	0	0
100500873	0	0	0	0
100500875	0	0	0	0
100500876	0	0	0	0
100500877	0	0	0	0
100500878	1	0	0	2
100500879	0	0	0	0
100500880	2	1	1	2
100500881	0	0	0	0
100500882	0	0	0	0
100500883	0	0	0	0
100500884	0	0	0	0
100500885	0	0	0	0
100500886	0	0	0	0
100500887	0	0	0	0
100500888	0	2	0	0
100500889	1	1	0	2
100500890	0	0	0	0
100500891	0	0	0	0
100500893	0	0	0	0
100500894	0	0	0	0
100500895	0	0	0	0
100500896	0	0	0	0
100500897	2	0	0	0
100500898	0	0	0	0
100500899	0	0	1	0
100500900	0	0	0	0
100500901	1	0	0	0
100500902	0	0	0	0
100500903	0	0	0	0
100500904	2	2	5	4
100500905	0	0	0	0
100500906	0	0	0	0
100500907	0	0	0	0
100500908	2	1	0	0
100500909	1	0	0	0
100500910	0	0	0	0
100500911	0	2	1	0
100500912	0	0	0	0
100500913	0	0	0	0
100500914	0	0	0	0
100500915	0	0	0	0
100500916	0	0	0	0
100500917	1	0	0	1
100500918	0	0	0	0
100500919	0	0	0	0
100500920	0	0	0	0
100500934	14	0	0	0
100500938	0	0	1	0
100505383	0	0	0	0
100505385	14	13	12	7
100505474	0	0	0	0
100505475	0	0	0	0
100505477	14	1	15	211
100505478	0	3	0	3
100505483	22	82	13	66
100505494	519	1059	445	467
100505495	282	19	7	57
100505501	256	13	116	5
100505506	6	14	3	8
100505515	0	0	0	2
100505518	4	0	1	0
100505530	11	0	0	0
100505532	16	25	64	113
100505534	1	2	1	2
100505536	6	6	0	1
100505538	156	109	125	84
100505540	0	0	0	0
100505545	1	0	0	0
100505547	2	0	1	2
100505549	50	62	20	39
100505557	0	1	1	0
100505561	11	3	0	6
100505566	119	12	15	36
100505570	0	0	0	0
100505573	359	280	378	859
100505576	110	295	125	118
100505583	0	0	0	0
100505588	0	0	0	0
100505591	0	0	0	1
100505592	16	7	30	24
100505601	5	9	1	4
100505609	0	0	0	0
100505616	31	33	9	16
100505619	0	0	0	0
100505621	1	2	1	3
100505622	8	2	0	2
100505624	28	5	5	17
100505625	3	18	1	5
100505633	214	1437	559	1024
100505635	8	4	2	8
100505636	109	128	45	123
100505641	6155	7319	4103	4564
100505642	0	0	0	2
100505648	354	642	216	226
100505658	0	1	0	4
100505659	0	0	0	0
100505663	0	0	0	0
100505666	13	99	20	65
100505676	8	1	3	2
100505678	276	79	62	65
100505679	1	0	0	0
100505681	22	27	12	51
100505683	14	88	16	11
100505685	0	0	0	2
100505687	179	67	32	165
100505690	0	0	0	0
100505694	0	0	0	0
100505696	404	145	173	90
100505702	31	20	8	18
100505704	2	2	14	7
100505718	1	0	0	0
100505724	0	0	0	0
100505738	268	318	55	8
100505739	0	0	0	2
100505741	22	35	23	18
100505746	53	65	14	14
100505753	2	0	0	0
100505755	5	14	5	11
100505758	4	2	6	6
100505761	599	1210	471	835
100505767	34	16	15	40
100505768	0	0	0	0
100505771	257	1007	164	336
100505776	0	0	0	0
100505783	431	933	85	702
100505785	0	0	0	3
100505795	0	0	1	0
100505797	1	0	0	0
100505806	926	2065	738	978
100505811	0	1	1	0
100505812	122	71	26	52
100505817	0	0	1	113
100505824	15	22	2	3
100505826	8	15	1	8
100505832	87	10	35	23
100505835	1	0	0	0
100505839	27	287	714	872
100505845	0	0	0	0
100505852	0	0	0	0
100505853	0	0	0	0
100505854	867	1017	357	746
100505855	0	3	0	3
100505865	422	362	246	258
100505869	1	1	0	2
100505875	23	48	9	56
100505876	1928	2477	1116	1419
100505877	1	0	0	0
100505878	0	0	0	0
100505879	1	0	0	0
100505881	279	45	21	75
100505887	0	1	0	0
100505890	0	0	0	0
100505892	0	0	0	0
100505893	0	0	0	0
100505894	1117	1984	653	541
100505911	59	51	37	26
100505919	0	0	0	0
100505920	7	0	0	1
100505921	2	2	0	2
100505929	15	4	1	7
100505933	212	468	66	351
100505938	0	0	0	0
100505945	2	1	2	5
100505948	0	0	0	0
100505953	0	2	0	1
100505964	1	0	0	0
100505967	0	0	0	0
100505970	32	12	14	14
100505975	1	6	2	0
100505982	0	0	0	0
100505984	9	24	6	10
100505989	1299	551	397	457
100505993	1	0	2	0
100505994	42	41	50	50
100505996	1	2	0	9
100506000	0	1	0	1
100506001	28	35	8	19
100506007	43	34	32	18
100506012	21	7	4	10
100506013	63	14	2	8
100506020	33	12	7	21
100506022	34	5	3	10
100506025	3	1	0	1
100506033	19	21	9	20
100506035	4	0	0	3
100506036	17	45	7	18
100506039	0	0	0	0
100506046	30	47	19	24
100506047	19	6	33	21
100506049	0	0	0	0
100506050	0	0	0	0
100506054	402	306	177	745
100506055	18	39	11	14
100506058	0	0	1	0
100506060	114	285	143	139
100506061	0	0	0	0
100506068	10	8	0	7
100506070	21	55	4	5
100506080	36	82	9	31
100506082	7	19	4	18
100506083	29	69	14	32
100506084	51	152	70	68
100506085	0	1	0	3
100506098	256	84	49	101
100506099	8	12	2	0
100506100	39	74	46	70
100506107	0	0	0	0
100506108	0	0	2	0
100506113	7	8	1	16
100506115	104	99	78	122
100506119	39	31	7	22
100506122	0	0	0	0
100506123	31	24	48	23
100506125	16	29	41	19
100506126	14	2	2	2
100506127	820	779	172	674
100506134	1	0	1	1
100506142	10	12	5	8
100506144	0	0	0	0
100506157	20	17	11	29
100506159	1	3	0	5
100506161	57	46	29	43
100506164	0	0	0	0
100506169	37	43	1299	828
100506172	0	0	0	0
100506175	0	3	0	1
100506178	4	1	0	3
100506190	1277	1412	770	1490
100506195	0	0	1	2
100506205	2	0	0	2
100506211	131	658	131	873
100506215	206	186	116	161
100506229	1	0	0	0
100506233	266	413	111	280
100506237	9	0	0	0
100506243	2	0	3	0
100506244	0	0	0	0
100506246	0	0	0	0
100506248	20	37	31	48
100506258	92	119	9	20
100506272	0	0	0	0
100506275	0	0	0	0
100506282	78	130	28	114
100506286	45	44	14	34
100506289	9	1	1	2
100506299	92	43	72	741
100506302	168	351	91	105
100506305	29	2	0	11
100506311	82	374	17	65
100506314	250	141	234	204
100506319	1	1	3	0
100506325	91	65	46	111
100506328	2	0	9	2
100506330	16	11	5	5
100506334	102	28	13	190
100506343	1	0	0	0
100506356	0	0	0	0
100506365	1131	756	863	1137
100506368	7	32	7	4
100506371	5	0	0	0
100506374	10	11	11	29
100506376	1	5	3	9
100506377	3	0	0	11
100506380	1577	974	183	408
100506384	0	0	0	0
100506385	23	97	18	2
100506388	22	1	0	5
100506390	0	0	0	0
100506392	267	129	62	252
100506393	2	0	0	0
100506394	10	38	7	9
100506406	0	0	0	0
100506409	0	0	0	0
100506411	104	89	61	161
100506412	9	1	5	2
100506413	1	0	0	0
100506421	1	2	0	0
100506424	0	0	0	0
100506428	220	462	150	186
100506433	3	0	0	0
100506436	45	58	24	41
100506443	1	1	0	1
100506451	356	10	3	19
100506457	1	2	15	1
100506462	26	7	10	12
100506465	695	15	7	667
100506469	432	896	302	500
100506470	0	0	0	0
100506473	119	200	56	176
100506475	0	0	0	0
100506476	22	62	15	34
100506492	0	1	0	0
100506495	13	1	0	2
100506497	17	14	12	7
100506498	0	1	0	0
100506504	291	235	86	132
100506506	0	0	0	0
100506516	172	350	23	162
100506526	0	0	0	0
100506527	0	0	0	0
100506530	0	0	0	0
100506540	64	129	33	112
100506542	19	2	2	9
100506544	59	26	9	21
100506555	8	6	8	3
100506564	3	0	0	1
100506569	1	3	0	0
100506571	1	1	0	0
100506574	1	1	3	2
100506578	0	0	2	2
100506581	11	20	10	19
100506585	18	17	1	8
100506595	8	0	0	0
100506599	294	752	138	470
100506603	16	15	9	13
100506633	2	7	2	0
100506637	40	99	23	49
100506649	109	110	55	96
100506650	0	0	0	0
100506654	0	0	0	0
100506655	6	3	2	13
100506658	1190	1491	637	1387
100506660	56	75	47	112
100506668	465	423	349	561
100506672	6	6	3	4
100506673	0	0	0	0
100506674	26	23	17	8
100506675	1	0	0	0
100506679	10	3	3	1
100506680	0	0	0	0
100506681	2	7	0	0
100506682	0	0	1	0
100506685	2	5	1	2
100506686	651	309	341	367
100506688	39	9	35	29
100506691	146	43	189	267
100506696	78	374	61	105
100506697	3	0	0	2
100506700	0	1	0	0
100506706	0	0	1	0
100506710	2935	3256	1875	4790
100506712	3	0	1	0
100506713	92	196	122	80
100506714	354	276	302	655
100506715	0	1	0	1
100506721	0	0	0	0
100506723	5	23	1	11
100506724	0	0	0	0
100506725	14	2	2	8
100506731	6	0	0	0
100506733	0	0	0	0
100506736	23	9	8	5
100506737	9	2	2	10
100506742	8	2	2	2
100506747	0	0	0	0
100506749	11	20	6	8
100506753	161	108	36	87
100506755	9	2	0	0
100506757	0	0	0	5
100506759	0	0	0	0
100506765	0	0	0	0
100506769	0	0	0	0
100506775	8	4	4	6
100506776	35	30	12	6
100506779	1639	1101	443	456
100506783	107	25	1	35
100506787	1	0	0	1
100506791	5	54	1	2
100506795	6	2	2	0
100506797	31	9	1	5
100506801	9	5	2	4
100506804	24	20	10	17
100506810	46	54	15	41
100506811	4	1	3	2
100506815	0	0	1	4
100506826	21	45	18	26
100506827	2	0	0	0
100506834	13	2	0	2
100506835	24	5	5	16
100506840	0	0	0	0
100506844	52	17	7	26
100506860	87	50	10	251
100506866	129	102	67	150
100506872	0	1	0	0
100506874	16	18	27	17
100506881	328	646	210	357
100506885	180	2	47	30
100506888	0	0	0	0
100506895	0	0	0	1
100506897	0	0	0	0
100506898	7	17	13	3
100506907	0	0	0	0
100506915	68	19	13	11
100506922	171	142	44	60
100506925	0	0	0	0
100506930	92	51	12	37
100506939	5	5	1	2
100506946	0	0	0	0
100506953	0	0	0	0
100506963	54	46	13	47
100506985	2	5	0	2
100506994	47	7	9	3
100506999	0	0	0	0
100507003	0	2	0	0
100507008	7	1	0	2
100507012	0	0	0	0
100507027	128	1	8	187
100507032	113	156	22	124
100507034	18	33	28	38
100507040	2	4	1	0
100507043	5	0	0	0
100507044	2	0	0	0
100507046	7	11	1	5
100507050	16	2	0	8
100507055	8	5	0	2
100507057	63	234	89	145
100507058	0	0	0	0
100507059	0	0	0	0
100507062	19	27	21	30
100507064	5	1	0	1
100507065	0	2	0	5
100507066	0	1	0	1
100507067	4	0	0	6
100507071	33	14	16	29
100507073	4	0	0	2
100507083	0	0	0	0
100507086	11	17	6	3
100507091	1	0	0	3
100507096	0	0	0	0
100507097	0	0	1	0
100507098	30	7	1	4
100507099	8	1	0	1
100507102	1	4	0	3
100507103	23	91	5	17
100507114	0	0	0	0
100507117	1	2	0	2
100507118	59	21	7	21
100507125	1	0	0	0
100507127	0	0	1	0
100507135	4	0	0	3
100507140	2	0	0	2
100507143	0	0	0	0
100507144	9	16	7	8
100507156	11	5	1	14
100507157	0	0	0	0
100507163	0	0	1	0
100507170	0	0	0	0
100507171	35	30	9	135
100507175	3	0	1	1
100507178	57	33	32	58
100507194	3	0	0	6
100507195	21	25	10	4
100507201	0	0	0	0
100507203	5	3	5	5
100507205	0	0	0	0
100507206	5	1	0	1
100507210	0	4	3	1
100507217	1155	935	571	681
100507218	33	57	5	27
100507231	6	10	3	1
100507240	2	2	1	1
100507244	14	14	6	4
100507246	1216	1196	796	2147
100507249	0	0	0	1
100507250	2	5	1	2
100507251	0	0	0	0
100507254	4	0	1	4
100507257	8	0	0	9
100507261	0	1	0	0
100507266	305	302	156	469
100507267	1	0	0	19
100507274	14	2	5	3
100507277	0	0	0	0
100507283	228	329	121	169
100507290	1118	1163	649	1350
100507291	130	122	112	163
100507297	148	443	88	214
100507299	20	37	8	7
100507300	26	16	13	28
100507303	463	1351	333	594
100507308	29	0	0	0
100507316	198	567	289	285
100507321	486	821	224	313
100507331	0	3	0	0
100507341	2	0	3	3
100507347	36	18	4	16
100507354	5	2	0	3
100507357	0	1	0	2
100507361	1	1	0	1
100507362	4	0	0	0
100507373	79	88	80	86
100507377	1	0	0	0
100507388	7	13	5	4
100507391	2	10	2	6
100507392	8	4	2	5
100507398	85	167	48	57
100507401	224	6	50	47
100507404	4	3	0	2
100507406	0	1	0	0
100507410	15	24	5	17
100507415	3	3	1	5
100507419	241	289	71	407
100507420	286	147	57	96
100507421	386	1	2	507
100507423	17	8	13	13
100507428	0	0	0	0
100507431	0	1	2	1
100507433	49	41	11	21
100507435	0	0	0	0
100507436	680	1352	405	1050
100507437	39	34	14	243
100507444	0	1	0	1
100507458	406	941	172	391
100507459	332	391	235	462
100507461	0	0	0	0
100507462	34	17	24	51
100507463	168	357	83	183
100507466	3	3	0	2
100507468	0	0	0	1
100507470	0	0	0	0
100507475	6	13	10	18
100507477	1	0	0	0
100507480	1	2	0	1
100507487	166	202	103	98
100507489	2	4	1	0
100507490	0	0	0	0
100507495	88	30	43	41
100507500	4	4	3	4
100507501	193	386	178	446
100507506	2	13	14	9
100507507	159	584	130	184
100507516	117	8	23	27
100507521	0	1	0	0
100507524	3	1	0	1
100507526	0	1	1	1
100507528	0	0	0	0
100507530	53	43	49	17
100507533	0	1	0	0
100507534	0	0	0	0
100507537	1	0	0	0
100507540	105	166	84	110
100507549	16	5	0	1
100507551	52	162	51	83
100507554	13	29	8	30
100507557	96	37	29	52
100507561	0	52	1	0
100507564	14	3	5	15
100507567	67	143	66	92
100507582	47	23	17	17
100507584	5	5	0	7
100507586	1	0	0	2
100507588	3	24	4	4
100507599	114	163	31	117
100507600	0	1	0	0
100507602	171	353	91	228
100507605	2	0	0	0
100507606	0	0	0	0
100507607	1	3	2	3
100507608	0	0	0	0
100507612	6	1	3	0
100507616	11	5	1	0
100507617	446	788	401	793
100507629	8	0	4	3
100507632	1	1	0	2
100507633	3	2	4	17
100507639	2	0	0	242
100507642	34	2	7	2
100507648	0	0	0	0
100507650	4	0	3	3
100507651	3	0	0	0
100507657	0	0	0	0
100507661	0	0	0	0
100507670	2	14	3	9
100507674	0	1	3	6
100507679	0	0	3	0
100507747	30	70	102	3
100508120	500	482	190	362
100508631	7	0	0	0
100509620	0	1	2	0
100509857	0	0	0	1
100509894	44	1	1	3
100509927	0	0	0	0
10051	1535	878	1328	3194
100510707	0	0	0	0
10052	213	98	53	257
100526416	0	0	0	0
100526656	0	0	0	0
100526664	0	0	0	0
100526693	0	0	0	0
100526694	0	0	0	0
100526735	0	0	0	0
100526737	24	32	11	25
100526738	0	0	0	0
100526739	0	0	0	2
100526740	0	1	1	1
100526760	2	1	0	0
100526761	0	0	0	0
100526767	3	2	2	7
100526771	8	6	10	30
100526772	7	5	7	3
100526773	0	0	0	0
100526776	0	0	0	0
100526783	0	0	0	0
100526793	0	0	0	0
100526794	0	0	0	0
100526820	5	8	0	2
100526825	0	0	0	0
100526830	0	3	1	1
100526831	1	2	0	0
100526835	8	1	8	0
100526836	0	0	0	0
100526837	0	0	0	0
100526842	0	0	0	0
100527943	0	0	0	0
100527945	0	1	0	0
100527946	0	1	0	2
100527947	0	1	0	0
100527948	0	0	1	0
100527949	0	0	0	0
100527960	1	3	2	1
100527963	0	0	0	0
100527978	21	14	8	8
100528007	0	0	0	0
100528017	0	0	0	0
100528018	0	1	1	0
100528019	0	0	0	0
100528020	0	0	0	0
100528021	0	0	0	0
100528030	5	12	9	7
100528032	3	1	0	0
100528061	16	112	6	15
100528062	193	125	48	298
100528063	0	0	0	0
100528064	0	0	0	0
100529052	0	0	0	0
100529063	12	12	9	16
100529097	0	0	0	0
100529111	0	0	0	0
100529144	0	0	0	0
100529145	42	148	21	32
100529209	0	0	0	0
100529211	0	1	0	1
100529215	6	5	5	5
100529239	0	0	0	0
100529240	0	0	0	0
100529241	0	0	0	0
100529251	1	1	1	1
100529257	2	2	1	0
100529261	0	0	0	0
100529262	0	0	0	0
100529264	0	0	0	0
100529855	0	0	0	0
10053	6191	8219	6837	8440
100532724	0	0	0	0
100532726	0	0	0	0
100532731	0	0	0	0
100532732	39	177	29	71
100532735	0	0	0	0
100532736	0	0	0	0
100532737	0	0	0	0
100532746	25	14	13	29
100533105	3	0	0	1
100533106	10	13	10	3
100533107	162	310	82	137
100533111	7	10	7	15
100533177	0	0	0	0
100533178	0	129	0	0
100533179	4	0	1	1
100533181	0	0	0	0
100533182	89	106	26	44
100533184	0	0	0	0
100533467	0	0	0	0
100533483	0	0	0	0
100533496	0	0	0	0
100533619	5	3	2	4
100533621	0	3	0	0
100533624	1	0	0	0
100533626	0	0	0	0
100533627	0	0	0	0
100533637	0	0	0	0
100533642	83	31	30	71
100533646	0	0	0	4
100533658	0	0	0	0
100533661	0	0	0	0
100533662	1	0	0	0
100533663	0	0	0	0
100533664	2	50	4	2
100533665	11	3	6	11
100533666	0	0	0	0
100533668	0	0	0	0
100533671	0	0	0	0
100533672	0	0	0	0
100533674	0	0	0	0
100533675	0	0	0	0
100533676	2	3	2	14
100533682	1	0	0	0
100533695	0	0	1	2
100533711	1	0	0	1
100533712	0	0	0	0
100533713	0	0	0	0
100533714	0	0	0	0
100533717	1	0	0	0
100533718	0	0	0	0
100533721	0	0	0	0
100533725	7	0	10	9
100533731	0	0	0	0
100533754	0	0	0	0
100533757	0	0	0	0
100533790	4	3	4	7
100533794	0	0	0	0
100533795	0	0	0	0
100533800	3	0	1	1
100533814	0	0	0	0
100533844	0	0	0	0
100533849	0	0	0	0
100533850	0	0	0	0
100533851	0	1	0	2
100533952	0	0	0	0
100533955	2	12	8	6
100533970	13	17	14	27
100533990	0	0	0	0
100534592	0	0	0	0
100534593	73	46	18	33
100534595	0	0	0	0
100534599	0	0	0	0
100534611	0	0	1	1
100534612	4	1	0	1
10054	5099	4085	2954	5967
10055	4978	4925	3313	6479
100551499	0	2	0	0
10056	3688	3275	2344	6155
10057	1868	3781	2390	2728
10058	46	88	13	59
10059	3109	3711	2619	3862
1006	1	1	0	6
10060	124	10	7	59
10061	1172	932	779	1893
100616109	0	0	0	0
100616110	0	0	0	0
100616111	0	0	0	0
100616112	1	0	0	0
100616113	0	0	0	0
100616114	0	1	2	0
100616115	1	0	1	0
100616116	4	4	0	1
100616117	39	47	19	81
100616118	0	0	0	0
100616119	0	0	0	0
100616120	0	0	0	0
100616121	1	0	0	0
100616122	0	0	0	0
100616123	0	0	0	0
100616124	0	0	0	0
100616125	0	0	0	0
100616126	0	1	0	0
100616127	0	0	0	0
100616128	0	0	0	0
100616129	0	0	0	0
100616130	2	1	0	0
100616131	0	0	0	0
100616132	8	12	2	5
100616133	0	0	0	0
100616134	0	0	0	0
100616135	1	0	1	0
100616136	0	0	0	0
100616137	0	0	0	0
100616138	0	0	0	0
100616139	0	0	0	0
100616140	1	0	0	0
100616141	1	3	1	1
100616142	0	0	0	0
100616143	0	0	0	0
100616144	1	0	1	1
100616146	0	0	0	2
100616147	0	0	0	0
100616148	0	0	0	0
100616149	2	1	0	2
100616150	0	0	0	0
100616151	0	0	0	2
100616152	1	0	0	0
100616153	0	0	0	0
100616154	1	0	0	0
100616155	0	0	0	0
100616157	0	0	0	0
100616158	0	1	0	0
100616159	0	0	0	0
100616160	0	0	0	0
100616161	0	0	0	0
100616162	3	2	5	2
100616163	0	0	0	0
100616164	0	0	0	0
100616165	1	1	0	1
100616166	0	0	0	0
100616167	0	0	0	0
100616168	2	2	1	0
100616169	0	0	0	0
100616170	0	0	0	0
100616171	0	0	0	0
100616172	0	0	0	0
100616173	0	0	0	0
100616174	0	0	0	0
100616175	0	0	0	0
100616176	0	0	0	0
100616178	1	2	0	2
100616179	1	0	0	0
100616180	0	0	0	0
100616181	0	0	0	0
100616182	0	0	3	0
100616183	2	1	0	2
100616184	0	0	0	0
100616185	0	0	0	0
100616186	0	0	0	0
100616187	2	2	1	0
100616188	16	0	0	0
100616189	0	0	0	0
100616190	0	0	0	0
100616191	0	0	0	0
100616192	0	0	0	0
100616193	0	0	0	0
100616194	5	15	2	2
100616195	0	0	0	0
100616196	0	5	2	1
100616201	0	0	0	0
100616202	0	0	0	0
100616203	0	0	0	0
100616204	0	0	0	0
100616205	0	0	0	0
100616206	0	0	0	0
100616207	0	0	0	0
100616208	2	1	0	1
100616210	0	0	0	0
100616211	0	0	0	0
100616212	0	0	0	0
100616213	0	0	0	0
100616214	0	0	0	0
100616215	0	0	0	0
100616216	0	0	0	0
100616218	0	0	0	0
100616219	0	0	0	0
100616220	0	3	0	0
100616221	0	0	0	0
100616222	0	0	0	0
100616223	0	0	0	0
100616224	0	0	0	0
100616225	0	0	0	0
100616226	0	0	0	0
100616227	0	1	0	1
100616228	0	0	0	0
100616229	0	1	0	0
100616230	0	0	0	0
100616231	0	0	0	0
100616232	0	0	0	0
100616234	0	0	0	0
100616235	0	0	0	0
100616236	0	0	0	0
100616237	0	0	0	0
100616238	0	0	0	0
100616239	0	0	0	0
100616240	0	0	0	0
100616241	0	0	0	0
100616242	0	0	1	1
100616243	0	0	0	0
100616244	0	0	0	0
100616245	0	0	0	0
100616246	0	0	0	0
100616247	0	0	0	0
100616248	0	0	0	0
100616249	7	5	1	14
100616250	0	0	0	0
100616251	0	0	0	0
100616252	0	0	0	1
100616253	0	0	0	0
100616254	0	4	3	0
100616255	0	0	0	0
100616256	0	0	0	0
100616257	0	0	0	0
100616258	0	0	0	2
100616259	0	0	0	0
100616260	0	0	0	1
100616261	0	0	0	0
100616262	16	9	6	2
100616263	0	0	0	0
100616264	0	0	0	0
100616265	0	0	0	0
100616266	0	1	0	0
100616267	0	0	0	0
100616268	0	0	0	0
100616269	0	1	0	0
100616270	0	0	0	0
100616271	0	0	0	0
100616272	0	0	0	0
100616273	0	0	0	0
100616274	0	1	0	0
100616275	0	0	0	0
100616276	6	3	3	0
100616277	0	0	0	0
100616278	0	0	0	1
100616279	0	0	0	0
100616280	0	0	0	0
100616282	0	0	0	0
100616283	0	0	1	0
100616284	3	5	0	3
100616285	2	1	3	0
100616286	0	1	0	0
100616287	0	0	0	0
100616288	0	0	0	0
100616289	0	0	0	0
100616290	0	0	0	0
100616291	0	0	0	0
100616292	0	0	0	0
100616293	0	0	0	0
100616294	1	12	3	3
100616295	0	0	0	0
100616296	2	1	0	0
100616297	0	0	0	0
100616299	0	2	3	0
100616300	0	0	0	0
100616301	0	0	0	0
100616302	0	0	0	0
100616303	0	0	0	0
100616304	1	0	0	0
100616305	0	0	0	0
100616306	3	3	2	1
100616307	0	0	0	0
100616308	0	1	0	0
100616309	0	0	0	0
100616310	0	0	0	0
100616311	0	0	0	0
100616312	0	0	0	0
100616313	0	0	0	0
100616314	0	0	0	0
100616315	0	0	0	0
100616316	0	0	0	0
100616317	0	0	0	0
100616318	16	14	23	45
100616319	0	0	0	0
100616320	0	0	0	1
100616321	0	3	0	0
100616322	0	0	0	0
100616323	1	4	3	1
100616324	0	0	0	0
100616325	0	0	0	0
100616326	0	0	1	0
100616327	0	0	0	0
100616328	0	0	0	0
100616329	0	0	0	0
100616330	0	0	0	0
100616331	0	0	0	0
100616332	0	0	0	0
100616333	0	0	0	0
100616334	0	0	0	0
100616335	0	0	0	0
100616336	0	0	0	0
100616337	0	0	0	0
100616338	0	0	0	0
100616339	0	0	0	0
100616340	0	0	0	0
100616341	0	0	0	0
100616342	0	0	0	0
100616343	0	2	0	1
100616344	0	0	0	0
100616345	0	0	0	0
100616346	0	0	0	0
100616347	0	0	0	0
100616348	0	0	0	0
100616349	0	0	0	0
100616350	0	0	0	0
100616351	0	0	0	0
100616352	0	0	0	0
100616354	0	0	0	0
100616355	0	0	0	1
100616356	1	0	0	0
100616357	0	0	0	0
100616358	0	0	0	0
100616359	1	3	1	1
100616360	0	0	0	0
100616361	0	0	0	0
100616362	0	0	0	0
100616363	0	0	0	0
100616364	0	0	0	0
100616365	0	0	0	0
100616366	0	0	0	0
100616367	0	0	0	0
100616368	0	0	0	0
100616369	0	0	0	0
100616370	0	0	0	0
100616371	0	0	0	0
100616372	0	0	0	0
100616373	0	0	0	0
100616374	7	1	0	0
100616375	0	0	0	0
100616376	0	0	0	0
100616377	0	0	0	0
100616378	0	0	0	0
100616379	0	0	0	0
100616380	0	0	0	0
100616381	0	0	0	0
100616382	0	0	0	0
100616383	0	0	1	0
100616384	0	0	0	0
100616385	0	0	0	0
100616386	0	0	0	0
100616387	0	0	0	0
100616388	0	0	0	0
100616389	0	0	0	0
100616390	0	0	0	0
100616391	0	0	0	1
100616392	0	0	0	0
100616393	0	0	0	0
100616394	0	0	0	0
100616395	0	0	0	0
100616396	0	0	0	0
100616397	0	0	0	0
100616398	0	0	0	0
100616399	0	0	0	0
100616400	0	0	0	0
100616401	0	0	0	0
100616402	1	0	0	0
100616403	0	0	0	0
100616404	0	0	0	0
100616405	0	0	0	0
100616406	0	1	0	0
100616407	0	0	0	0
100616408	0	0	0	0
100616409	0	0	0	0
100616410	0	0	0	0
100616413	0	0	0	0
100616414	0	0	0	0
100616415	0	0	0	0
100616416	0	1	0	0
100616417	2	3	2	9
100616418	0	0	0	0
100616419	0	0	0	0
100616420	3	0	0	0
100616421	0	0	0	1
100616422	3	0	2	0
100616423	0	0	0	0
100616424	0	0	0	0
100616425	0	1	0	0
100616426	0	0	0	0
100616428	0	0	0	2
100616429	0	1	1	0
100616430	0	0	1	2
100616431	0	0	0	0
100616432	0	1	0	0
100616433	0	0	0	0
100616434	0	0	0	2
100616435	0	0	0	0
100616436	0	0	0	0
100616437	0	0	0	1
100616438	0	0	0	0
100616439	0	0	0	0
100616440	0	0	0	0
100616441	0	1	0	0
100616446	10	14	4	7
100616447	0	0	0	0
100616449	0	0	0	0
100616450	0	0	0	0
100616451	0	0	0	0
100616452	0	0	0	0
100616453	0	0	0	0
100616454	0	0	0	0
100616455	0	0	0	0
100616456	0	0	0	0
100616457	0	0	0	0
100616459	0	0	0	0
100616460	0	0	0	0
100616463	0	0	0	0
100616464	0	0	0	0
100616465	0	0	0	0
100616466	0	0	0	0
100616467	0	0	0	0
100616468	0	2	1	0
100616469	0	0	0	0
100616470	1	0	0	1
100616471	0	0	0	0
100616472	0	0	0	0
100616473	0	0	0	0
100616474	0	0	0	0
100616475	0	0	0	0
100616476	0	0	0	0
100616477	11	1	3	4
100616478	0	0	0	0
100616479	5	14	7	6
100616480	0	2	1	0
100616481	0	0	0	0
100616482	2	1	1	5
100616483	0	0	0	0
100616484	0	0	0	0
100616485	0	0	0	0
100616486	0	0	0	0
100616487	0	0	0	0
100616488	0	0	0	0
100616490	0	0	0	0
100616491	0	1	0	0
100616492	0	0	0	0
100616493	0	0	0	1
100616494	0	0	0	0
100616495	0	0	0	0
100616498	0	0	0	0
100616499	0	0	0	0
100616500	0	0	0	0
100616530	4	2	4	3
100616668	119	155	51	41
10062	1419	1690	528	1652
100628307	2	0	0	0
100628315	120	34	6	50
100628560	0	0	0	0
10063	1149	2500	1102	2425
100630918	126	173	30	76
100630920	3	1	0	0
100631239	2	1	0	0
100631247	0	0	0	0
100631248	0	0	0	0
100631249	0	0	0	0
100631250	0	0	0	0
100631251	0	0	0	0
100631252	0	0	0	0
100631253	0	0	0	0
100631254	1	0	0	0
100631260	0	0	0	0
100631261	0	0	0	0
100631265	0	0	0	0
100631266	0	0	0	0
100631267	0	0	0	0
100631269	0	1	0	0
100631378	2	20	0	3
100631381	0	0	0	0
100631382	0	0	0	0
100631383	1	0	0	0
10064	11	9	3	3
100652730	33	39	19	80
100652736	53	118	37	77
100652739	0	3	0	0
100652740	0	5	1	0
100652748	125	114	96	102
100652749	0	0	0	0
100652759	0	0	0	0
100652770	40	61	30	31
100652772	856	770	224	859
100652777	1	39	8	7
100652781	6	6	5	6
100652796	0	1	0	0
100652801	0	0	0	0
100652824	46	14	12	9
100652831	9	12	9	16
100652840	1	0	1	0
100652846	15	40	25	6
100652853	86	175	27	22
100652856	0	0	0	0
100652857	0	0	0	0
100652865	51	121	60	48
100652883	9	13	14	4
100652899	0	1	0	0
100652909	0	0	0	0
100652911	0	0	0	0
100652918	0	0	0	0
100652929	1	0	0	0
100652939	5763	12993	14958	9878
100652955	0	0	0	0
100652974	0	0	0	0
100652988	27	13	9	14
100652997	1	0	0	0
100653133	0	0	0	0
100653233	6	0	0	1
100653395	0	0	0	0
100653396	0	0	0	0
100653423	0	0	0	0
100653489	0	0	0	0
100653515	2	2	1	4
10066	6505	7131	6543	5535
10067	2483	4476	1692	3379
10068	456	246	203	502
100689073	0	0	0	0
100689074	53	0	0	0
100689229	0	2	0	0
100689296	0	0	0	0
10069	661	694	492	618
1007	0	0	0	0
10071	8113	1366	5205	24002
10072	4042	2962	2130	5458
10073	437	170	215	383
100736411	0	0	0	0
10075	13857	7577	9826	27678
100750225	174	98	115	261
100750245	0	0	0	0
100750246	1	0	0	1
100750325	7	8	4	3
100750326	7	0	1	4
10076	318	250	266	374
10077	31	19	4	14
100775104	5	14	9	40
100775107	4	8	6	4
10078	1531	2075	892	1956
10079	17535	9630	3813	7825
1008	0	0	0	0
10081	1533	708	545	1311
10082	703	39	36	138
100820709	17	119	14	40
100820732	0	0	0	0
100820735	0	0	1	0
100820741	0	0	0	0
100820829	196	181	174	87
10083	10319	8417	4639	6468
10084	2603	3028	1582	6231
100846991	0	0	0	0
100846992	0	0	0	0
100846993	0	0	0	0
100846994	0	0	0	0
100846995	0	0	0	0
100846996	0	0	0	0
100846997	0	0	0	0
100846998	0	0	0	0
100846999	0	0	0	0
100847000	0	0	0	0
100847001	0	0	0	0
100847002	0	0	0	0
100847003	0	0	0	0
100847004	0	2	0	1
100847005	0	0	0	0
100847006	0	0	0	0
100847007	0	0	0	0
100847008	0	0	0	0
100847009	0	0	0	0
100847010	10	1	5	1
100847012	0	0	0	0
100847013	0	1	0	0
100847014	0	0	0	0
100847015	0	0	0	0
100847016	1	2	2	1
100847017	1	0	1	0
100847018	1	0	0	0
100847019	0	0	0	0
100847020	0	2	1	0
100847021	0	0	0	0
100847022	0	0	0	0
100847023	1	1	1	1
100847024	0	0	0	0
100847025	0	0	0	0
100847026	0	0	0	0
100847027	0	0	0	0
100847028	8	7	10	13
100847029	0	0	0	0
100847030	0	1	2	0
100847031	0	0	2	0
100847032	0	0	0	0
100847033	0	0	0	0
100847034	0	0	0	0
100847035	2	12	2	4
100847036	0	0	0	0
100847037	0	0	0	0
100847038	0	0	0	0
100847039	0	0	0	0
100847040	0	0	0	0
100847041	0	0	0	0
100847042	1	0	0	0
100847043	0	0	0	0
100847044	2	0	0	1
100847045	0	0	0	0
100847046	27	14	4	3
100847047	0	0	0	0
100847048	0	0	0	0
100847049	0	0	0	1
100847050	0	0	0	0
100847051	0	1	0	2
100847052	0	0	0	0
100847053	0	0	0	0
100847054	0	0	0	0
100847055	1	0	0	1
100847056	0	0	0	0
100847057	0	0	0	0
100847058	0	0	0	0
100847059	1	2	1	0
100847060	0	0	0	0
100847061	0	0	0	0
100847062	2	2	1	0
100847063	0	0	0	0
100847064	0	0	0	0
100847065	0	0	0	0
100847066	0	0	1	0
100847067	0	0	0	0
100847068	0	0	0	0
100847069	0	0	0	0
100847070	0	0	0	0
100847071	0	1	0	2
100847072	0	0	0	0
100847073	0	0	0	0
100847074	0	0	0	0
100847075	2	1	1	0
100847076	0	0	0	0
100847077	0	0	0	0
100847078	0	2	0	0
100847079	0	0	0	0
100847080	0	0	0	0
100847081	0	0	0	0
100847082	0	0	1	0
100847083	0	0	0	0
100847084	0	0	0	0
100847085	0	0	0	0
100847086	0	0	0	0
100847087	1	1	1	0
100847088	0	0	0	0
100847089	0	0	0	0
100847090	1	0	0	0
100847091	0	0	0	0
100847092	0	0	0	0
100847093	0	0	0	0
10085	1384	267	213	380
100852405	0	0	0	0
100852406	0	0	0	0
100852407	2	1	2	9
100852408	0	0	0	0
100852409	0	0	0	0
100852410	19	10	7	10
100856791	0	0	0	1
100856810	0	0	0	0
100856811	0	0	0	0
100856877	0	0	0	0
100856878	1	0	0	1
100856881	0	0	0	0
100859920	0	0	0	0
100859921	0	0	0	0
100859924	0	0	0	0
100859925	0	0	0	0
100859926	0	0	0	0
100859930	284	229	81	132
10086	0	2	0	0
100861402	4	8	2	7
100861412	171	79	106	182
100861429	0	0	0	0
100861430	5	1	0	1
100861431	0	1	1	1
100861434	0	0	0	0
100861435	0	0	0	0
100861436	0	0	0	0
100861443	0	0	1	0
100861445	0	0	0	0
100861449	0	0	0	2
100861453	9	11	1	6
100861455	0	0	0	1
100861458	0	0	0	1
100861468	0	0	0	0
100861469	0	0	0	0
100861470	0	0	0	0
100861476	1	0	0	0
100861485	0	0	0	0
100861504	1	0	0	0
100861506	0	0	0	0
100861507	0	0	0	0
100861510	1	11	3	1
100861513	2	2	0	0
100861514	0	0	0	0
100861515	81	52	11	32
100861516	0	0	0	1
100861517	8	12	2	3
100861518	4	3	0	2
100861519	22	5	0	3
100861520	3	0	2	0
100861522	0	0	0	0
100861523	0	0	5	1
100861530	6	1	1	1
100861540	0	0	0	0
100861541	25	110	17	13
100861542	0	0	0	0
100861543	0	0	0	0
100861544	0	0	0	0
100861545	0	1	0	0
100861546	3	186	0	0
100861547	1	1	1	1
100861548	273	115	186	138
100861549	12	34	22	7
100861550	36	73	3	26
100861551	1	0	0	0
100861552	0	0	0	0
100861553	0	0	0	0
100861554	0	0	0	0
100861555	9	7	1	3
100861556	0	0	0	1
100861563	2	3	3	6
100861569	0	0	0	0
100861573	0	0	0	0
100861574	1	0	0	0
100862662	0	74	22	0
100862664	3	0	0	0
100862665	1	0	1	0
100862666	0	0	0	0
100862667	0	0	0	0
100862668	0	0	0	0
100862669	0	0	0	0
100862670	0	0	0	0
100862671	1	0	0	0
100862672	0	0	0	0
100862673	0	0	0	0
100862675	0	0	0	0
100862676	0	0	0	0
100862677	0	0	0	0
100862679	0	0	0	2
100862680	1	4	0	0
100862692	0	2	1	3
100862704	10	9	0	5
100862705	1	0	0	0
100862725	0	0	0	0
100862726	0	0	0	0
100862727	3	5	4	1
100862728	1	1	0	2
100862850	0	0	0	0
100862852	5	12	7	9
100862853	0	0	0	0
100862854	0	0	0	0
100862855	0	0	0	0
10087	2072	2007	1142	1383
100873064	0	0	0	0
100873065	0	0	0	0
100873165	0	1	0	0
100873166	0	0	0	0
100873168	0	0	0	0
100873169	0	0	0	0
100873170	0	0	0	0
100873171	0	0	0	0
100873172	0	0	0	0
100873173	0	0	0	0
100873174	0	0	0	0
100873175	0	0	0	0
100873176	1	0	0	1
100873177	0	0	0	0
100873178	0	0	0	0
100873179	0	0	0	0
100873180	0	0	0	0
100873181	0	0	0	0
100873182	0	0	0	0
100873183	0	0	0	0
100873184	0	0	0	0
100873185	0	0	0	0
100873186	0	0	0	0
100873187	0	0	0	0
100873188	0	0	0	0
100873189	0	0	0	0
100873190	0	0	0	0
100873191	0	0	0	0
100873192	0	0	0	0
100873193	6	1	1	0
100873194	0	0	0	0
100873195	0	0	0	0
100873196	0	0	0	0
100873197	0	0	0	0
100873198	0	0	0	1
100873199	0	0	0	0
100873200	1	0	0	0
100873201	0	0	0	0
100873202	4	23	13	10
100873203	0	0	0	0
100873204	0	0	1	0
100873205	0	1	1	3
100873206	3	23	5	7
100873207	0	0	0	1
100873208	0	0	0	0
100873209	0	3	0	0
100873210	0	0	0	0
100873211	0	0	0	0
100873212	0	0	0	0
100873213	0	0	0	0
100873214	0	0	0	0
100873215	0	0	0	0
100873216	0	0	0	0
100873217	0	0	0	0
100873218	0	0	0	0
100873219	0	0	0	0
100873220	0	0	0	0
100873221	6	3	1	0
100873222	0	0	0	3
100873223	0	0	0	0
100873224	0	0	0	0
100873225	1	0	0	0
100873226	0	0	0	0
100873227	0	0	0	0
100873228	0	1	0	0
100873229	0	0	0	0
100873230	0	0	0	0
100873231	0	0	0	0
100873233	0	0	0	0
100873234	0	0	0	0
100873235	0	0	0	0
100873236	0	0	0	1
100873237	0	0	0	0
100873239	2	1	1	4
100873240	2	1	0	2
100873241	0	0	0	0
100873242	0	0	0	0
100873243	2	0	0	0
100873244	0	0	0	1
100873245	9	2	3	2
100873246	0	0	0	0
100873247	7	13	1	10
100873248	1	0	0	0
100873249	0	0	0	0
100873250	0	0	0	0
100873251	0	0	0	0
100873252	1	0	0	0
100873253	0	0	0	0
100873254	104	87	144	99
100873255	0	0	0	0
100873256	0	0	0	1
100873257	0	3	0	1
100873258	1	0	1	1
100873259	0	1	0	0
100873260	0	0	0	0
100873261	0	0	0	0
100873262	1	0	0	0
100873263	7	1	2	3
100873264	0	0	0	0
100873265	0	0	0	0
100873266	0	0	0	0
100873267	0	0	0	0
100873268	0	0	0	0
100873269	0	0	0	0
100873270	0	0	0	0
100873271	0	0	0	0
100873272	0	0	0	0
100873273	0	4	0	0
100873274	0	0	0	0
100873275	0	0	0	0
100873276	0	0	0	0
100873277	0	0	0	0
100873278	0	0	0	0
100873279	0	0	0	0
100873280	0	0	0	0
100873281	0	0	0	0
100873282	0	0	0	0
100873283	0	0	0	1
100873284	0	0	0	0
100873285	0	0	0	0
100873286	0	1	0	0
100873287	0	0	0	0
100873288	0	0	0	0
100873289	0	0	0	0
100873290	0	0	0	0
100873291	0	0	0	1
100873292	0	0	0	0
100873293	0	0	0	0
100873294	0	0	0	0
100873295	0	0	0	0
100873296	1	1	0	0
100873297	0	0	0	0
100873298	0	0	0	0
100873299	0	0	0	0
100873300	0	0	0	1
100873301	0	0	0	1
100873302	1	0	0	0
100873303	0	0	1	2
100873304	0	0	0	0
100873306	0	0	0	0
100873307	0	0	0	0
100873308	1	0	0	0
100873309	0	0	0	0
100873310	0	0	0	0
100873311	0	0	0	0
100873312	1	8	3	6
100873313	0	1	0	1
100873314	0	0	0	0
100873316	9	5	13	12
100873317	0	0	0	0
100873319	0	0	0	0
100873320	0	0	0	0
100873321	0	0	0	0
100873322	0	0	0	0
100873323	0	0	0	1
100873324	0	0	0	0
100873325	1	0	0	1
100873326	0	0	0	0
100873327	0	0	0	0
100873328	0	0	0	0
100873329	0	0	0	0
100873330	0	0	0	0
100873331	0	0	0	0
100873332	2	3	4	4
100873333	0	0	0	0
100873335	0	0	0	0
100873336	0	0	0	0
100873337	0	0	0	0
100873338	0	0	0	0
100873339	0	0	0	0
100873340	0	0	0	0
100873341	1	1	0	0
100873342	0	0	0	0
100873343	0	0	0	0
100873344	0	0	0	0
100873345	16	1	0	0
100873346	0	0	0	0
100873347	0	0	0	1
100873348	0	0	0	0
100873349	0	0	0	0
100873350	0	0	0	0
100873351	0	0	0	0
100873352	36	2	20	0
100873353	0	0	0	0
100873354	0	0	0	0
100873355	0	0	0	0
100873356	0	0	0	0
100873357	0	0	0	0
100873358	0	0	0	0
100873359	0	0	0	0
100873360	0	2	0	0
100873361	1	1	0	1
100873362	0	0	0	0
100873363	0	0	0	0
100873365	0	0	1	0
100873366	0	0	0	0
100873367	0	0	0	0
100873368	0	0	0	0
100873369	19	13	11	4
100873370	1	2	1	0
100873371	1	1	0	0
100873372	0	0	0	0
100873373	0	0	0	0
100873374	1	0	0	0
100873375	0	0	0	0
100873376	0	0	0	0
100873377	5	1	0	0
100873378	4	5	0	5
100873379	0	0	0	0
100873380	0	0	0	0
100873381	6	1	0	2
100873382	0	0	0	0
100873383	0	0	0	0
100873384	0	0	0	0
100873385	0	0	0	0
100873386	0	0	0	0
100873387	0	0	0	0
100873388	0	0	0	0
100873389	0	0	0	0
100873390	0	0	0	0
100873391	0	0	0	0
100873392	2	17	3	1
100873393	2	2	2	6
100873394	2	1	1	0
100873395	0	0	0	0
100873396	0	0	0	0
100873397	0	0	0	0
100873398	0	0	0	0
100873399	0	0	0	1
100873400	0	0	0	0
100873401	1	2	0	3
100873402	0	0	0	0
100873403	0	0	0	0
100873404	0	0	0	0
100873405	0	0	0	0
100873406	0	0	0	0
100873407	1	1	0	0
100873408	0	0	0	0
100873409	0	0	0	0
100873410	0	0	0	0
100873411	0	0	0	0
100873412	0	0	0	0
100873413	0	0	0	0
100873414	0	0	0	0
100873415	0	0	0	0
100873416	0	1	0	0
100873417	5	0	1	4
100873418	0	0	0	0
100873419	0	0	0	0
100873420	1	0	0	0
100873421	0	0	1	0
100873422	1	0	0	0
100873423	0	0	0	0
100873424	0	0	0	0
100873425	0	0	0	1
100873426	0	0	0	0
100873427	0	0	0	0
100873428	0	0	0	0
100873429	0	0	0	0
100873430	0	0	0	0
100873431	0	0	0	0
100873432	0	0	0	0
100873433	0	0	0	0
100873434	0	0	0	0
100873435	0	0	0	0
100873436	0	0	0	0
100873437	0	0	0	0
100873438	0	0	0	0
100873439	0	0	0	0
100873440	0	0	0	0
100873441	0	1	0	1
100873442	0	0	0	0
100873443	0	0	0	0
100873444	0	0	0	0
100873445	0	0	0	0
100873446	0	0	0	0
100873447	0	0	0	0
100873448	0	0	0	0
100873449	0	0	0	0
100873450	0	0	0	0
100873451	0	0	0	0
100873452	1	0	0	0
100873453	0	0	0	0
100873454	0	0	0	0
100873455	0	0	0	0
100873456	0	1	1	0
100873457	2	0	0	4
100873458	0	0	0	0
100873459	0	0	0	0
100873460	0	0	0	0
100873461	0	0	0	0
100873462	0	0	0	0
100873463	0	0	0	0
100873464	5	2	5	7
100873465	0	0	0	0
100873466	0	0	0	0
100873467	0	0	0	0
100873468	0	1	0	0
100873469	0	0	0	0
100873470	0	0	0	0
100873471	0	0	0	0
100873472	0	0	0	0
100873473	0	0	0	0
100873474	0	0	0	0
100873475	0	0	0	0
100873476	0	0	0	0
100873477	5	3	1	7
100873478	0	0	0	0
100873479	3	8	0	10
100873480	0	0	0	0
100873481	0	0	0	0
100873482	0	0	0	0
100873483	0	0	0	0
100873484	0	0	0	0
100873485	0	0	0	0
100873486	0	0	0	0
100873487	0	0	0	0
100873488	0	0	0	0
100873489	0	0	0	0
100873490	0	0	0	0
100873491	1	0	1	1
100873492	0	0	0	0
100873493	0	0	0	0
100873494	0	0	0	0
100873495	0	0	0	0
100873496	0	1	0	0
100873497	0	0	0	0
100873498	1	0	0	0
100873499	1	0	0	0
100873500	0	0	0	0
100873501	1	1	0	1
100873502	0	0	0	2
100873503	1	2	0	1
100873504	0	0	0	1
100873505	0	0	0	0
100873507	0	0	0	0
100873508	0	0	0	0
100873509	0	0	0	0
100873510	1	0	0	0
100873511	0	0	0	0
100873512	0	0	0	0
100873513	0	0	0	1
100873514	0	1	1	0
100873515	0	0	0	0
100873516	0	0	0	0
100873517	0	0	0	0
100873518	0	0	0	0
100873519	0	0	0	0
100873520	0	0	0	0
100873521	0	0	0	0
100873522	0	0	0	0
100873523	0	0	0	0
100873524	0	0	0	0
100873525	0	0	0	0
100873526	0	0	0	0
100873527	0	0	0	0
100873528	0	0	0	0
100873529	0	0	0	0
100873530	0	1	0	0
100873531	1	0	0	2
100873532	0	0	0	0
100873533	0	0	0	0
100873534	0	0	0	0
100873535	0	0	0	0
100873536	1	1	0	0
100873537	0	0	0	0
100873538	0	0	0	0
100873539	0	0	0	0
100873540	0	0	0	0
100873541	0	0	1	0
100873542	0	0	0	0
100873543	0	0	0	0
100873544	0	0	0	0
100873545	0	0	0	0
100873546	0	0	0	0
100873547	0	0	0	0
100873548	0	0	0	0
100873549	0	0	0	0
100873550	0	0	0	0
100873551	0	0	0	0
100873552	0	0	0	0
100873553	0	0	0	0
100873554	0	0	0	0
100873555	0	0	0	0
100873556	0	0	0	0
100873558	0	4	0	1
100873559	0	0	0	0
100873560	0	0	0	0
100873561	0	0	0	0
100873562	0	0	0	0
100873563	0	0	0	0
100873564	0	0	0	0
100873565	0	0	0	0
100873566	0	0	0	0
100873567	0	0	0	0
100873568	0	0	0	0
100873569	0	0	0	0
100873570	0	0	0	0
100873571	0	0	0	0
100873572	0	0	0	0
100873573	0	0	0	0
100873574	0	0	0	0
100873575	0	0	0	0
100873576	1	1	3	0
100873577	0	0	0	0
100873578	0	0	0	0
100873579	0	0	0	0
100873580	0	0	0	0
100873581	0	0	0	0
100873582	0	0	0	0
100873583	0	0	0	0
100873584	0	0	0	0
100873585	0	0	0	1
100873586	0	0	0	1
100873587	0	0	0	0
100873588	0	0	0	0
100873589	5	0	4	3
100873590	0	0	0	1
100873591	0	0	0	0
100873592	0	0	0	0
100873593	0	0	0	0
100873594	0	0	0	0
100873595	0	0	0	0
100873596	1	1	0	0
100873597	0	0	0	0
100873598	0	0	0	0
100873599	0	0	0	0
100873600	0	0	0	0
100873601	0	0	0	0
100873602	1	0	0	0
100873603	0	0	0	0
100873604	1	1	0	2
100873605	0	0	0	0
100873606	0	0	0	0
100873607	1	0	0	0
100873608	0	0	0	0
100873609	0	0	0	0
100873611	0	0	0	0
100873612	0	0	0	0
100873613	0	0	0	0
100873614	0	0	0	0
100873615	0	0	0	0
100873616	0	1	0	0
100873617	0	0	0	0
100873618	0	0	0	0
100873619	0	0	0	0
100873620	0	0	0	0
100873621	0	0	0	0
100873622	0	0	0	0
100873623	3	1	0	1
100873624	0	0	0	0
100873625	0	0	0	0
100873626	0	0	0	0
100873627	0	0	0	0
100873628	0	0	0	0
100873629	0	0	0	0
100873630	1	0	2	0
100873631	0	0	0	0
100873632	0	0	0	0
100873633	0	0	0	0
100873634	0	0	0	0
100873635	2	0	0	1
100873636	0	0	0	0
100873637	0	0	0	1
100873638	6	17	6	5
100873639	0	0	0	0
100873640	0	0	0	0
100873641	0	0	0	1
100873642	0	0	0	0
100873643	0	0	0	0
100873644	0	0	0	0
100873645	0	0	0	0
100873646	0	0	0	0
100873647	0	0	0	0
100873648	5	0	0	0
100873649	0	0	0	0
100873650	0	0	0	0
100873652	0	0	0	0
100873653	0	0	0	0
100873654	0	0	0	0
100873655	0	1	0	0
100873656	0	0	0	0
100873657	0	0	0	0
100873658	0	0	0	0
100873659	0	0	0	0
100873660	0	0	0	0
100873661	0	0	0	0
100873662	0	0	0	0
100873663	0	0	0	0
100873664	0	0	0	0
100873665	0	0	0	0
100873666	0	0	0	0
100873667	0	0	0	0
100873668	0	0	0	0
100873669	0	0	0	0
100873670	0	0	0	0
100873671	0	0	0	0
100873672	0	0	0	0
100873673	0	0	0	0
100873674	0	0	0	0
100873676	1	3	0	0
100873677	0	0	0	0
100873678	0	0	0	0
100873679	0	0	0	0
100873680	0	0	0	0
100873681	0	0	0	0
100873682	1	0	0	0
100873683	0	0	0	0
100873684	3	0	1	1
100873685	0	0	0	0
100873686	0	0	0	0
100873687	0	0	0	0
100873688	0	0	0	1
100873689	0	0	0	0
100873690	0	0	0	0
100873691	0	0	0	0
100873692	0	0	0	0
100873693	0	0	0	0
100873694	0	0	0	0
100873695	1	0	0	1
100873696	0	0	0	0
100873697	0	0	0	0
100873698	0	0	0	0
100873699	0	0	0	0
100873700	0	0	0	0
100873701	0	0	0	0
100873702	0	0	0	1
100873703	0	0	0	0
100873704	0	0	0	0
100873705	0	0	0	0
100873706	1	0	0	0
100873708	3	1	0	1
100873709	0	1	0	1
100873710	1	1	0	0
100873711	0	0	0	0
100873712	0	0	0	0
100873713	0	0	0	0
100873714	0	0	0	0
100873715	0	0	0	0
100873716	1	3	1	0
100873717	0	0	0	0
100873718	0	0	0	0
100873719	0	0	0	0
100873720	0	1	0	1
100873721	4	0	0	0
100873722	0	0	0	0
100873723	0	0	0	0
100873724	0	0	0	0
100873725	0	0	0	1
100873726	0	0	0	0
100873727	0	0	0	0
100873728	0	0	0	0
100873729	0	0	0	0
100873730	0	0	0	0
100873731	0	0	0	0
100873732	5	2	2	1
100873733	0	0	0	1
100873734	0	0	0	0
100873735	0	1	2	1
100873736	1	0	1	0
100873737	0	0	0	0
100873738	1	0	2	2
100873739	0	0	0	0
100873740	0	0	0	0
100873741	2	0	0	1
100873742	0	0	0	0
100873743	0	0	0	0
100873744	2	0	0	0
100873745	1	0	0	0
100873746	0	0	0	0
100873747	3	3	3	2
100873748	0	1	0	0
100873749	0	0	0	0
100873750	0	0	0	0
100873751	0	0	0	0
100873752	0	0	0	0
100873753	0	0	0	0
100873754	2	0	0	1
100873755	0	0	0	0
100873756	0	0	0	0
100873757	1	0	0	0
100873758	0	0	0	0
100873759	0	0	1	12
100873760	1	3	0	0
100873762	2	2	0	2
100873763	0	0	0	0
100873764	0	0	0	0
100873765	0	1	0	0
100873766	0	0	0	0
100873767	0	0	0	0
100873768	1	0	0	0
100873769	0	0	0	0
100873770	0	0	0	0
100873771	0	0	0	0
100873772	0	0	0	0
100873774	0	0	0	0
100873775	0	0	0	1
100873776	0	0	0	0
100873777	0	0	0	0
100873778	0	0	0	0
100873779	0	0	0	0
100873780	0	0	0	0
100873781	1	0	0	1
100873782	0	0	0	0
100873783	0	6	0	0
100873784	1	1	0	2
100873785	0	0	0	0
100873786	0	0	0	1
100873787	0	0	0	0
100873788	0	0	0	0
100873789	0	0	0	0
100873790	0	2	1	0
100873791	0	0	0	0
100873792	2	3	2	4
100873793	0	0	3	1
100873795	0	0	0	0
100873796	0	0	0	0
100873797	2	1	1	0
100873798	0	2	0	0
100873799	0	0	0	0
100873801	0	0	0	0
100873802	0	0	0	0
100873803	0	0	0	0
100873804	0	0	0	2
100873805	0	0	0	0
100873806	0	0	0	0
100873807	0	0	0	0
100873808	0	0	0	0
100873809	0	0	0	0
100873811	0	0	0	0
100873812	0	0	0	0
100873813	0	0	0	0
100873814	0	0	0	0
100873815	0	0	0	0
100873816	0	0	0	0
100873817	0	0	0	0
100873818	0	0	0	0
100873820	0	0	0	0
100873821	0	0	0	0
100873822	0	0	0	0
100873823	0	0	0	0
100873824	4	11	3	2
100873825	5	4	3	4
100873826	0	0	0	0
100873828	0	0	0	0
100873829	0	0	1	0
100873830	0	0	0	0
100873831	0	0	0	0
100873832	0	0	0	0
100873833	0	0	0	0
100873834	0	0	0	0
100873835	0	0	0	0
100873836	0	0	0	0
100873837	0	0	0	0
100873838	0	0	0	0
100873839	0	0	0	0
100873840	0	0	0	0
100873841	0	0	0	0
100873842	0	0	0	0
100873843	0	0	0	0
100873845	0	0	0	0
100873846	0	0	0	0
100873847	0	0	0	0
100873848	1	0	0	0
100873849	0	0	0	0
100873850	0	0	0	0
100873851	0	0	0	0
100873852	0	0	0	0
100873853	0	1	0	0
100873854	0	0	0	0
100873855	0	0	0	0
100873856	0	0	0	0
100873857	0	0	0	0
100873858	0	0	0	0
100873859	0	0	0	0
100873860	3	0	0	0
100873861	0	0	0	0
100873862	3	0	0	0
100873863	20	0	0	1
100873864	0	0	0	0
100873865	0	0	0	0
100873866	0	0	0	0
100873867	0	0	0	3
100873869	0	0	0	0
100873870	0	0	0	0
100873871	0	0	0	0
100873872	0	0	0	0
100873873	0	0	0	0
100873874	0	0	0	0
100873875	0	0	0	0
100873877	4	1	0	0
100873878	0	0	0	0
100873879	1	1	0	2
100873880	0	2	2	0
100873881	0	0	0	0
100873882	1	1	0	0
100873883	0	0	0	0
100873884	0	0	0	0
100873885	0	0	0	0
100873886	0	0	0	0
100873887	0	0	0	0
100873888	0	0	0	4
100873889	0	0	0	0
100873890	1	1	9	7
100873891	0	0	0	0
100873892	1	0	0	0
100873893	0	0	0	0
100873894	10	10	2	14
100873895	0	0	0	0
100873896	1	3	1	4
100873897	0	0	0	0
100873898	0	0	0	0
100873899	0	0	1	3
100873900	0	0	0	0
100873901	0	0	0	2
100873902	21	30	6	18
100873904	9	11	2	4
100873905	0	0	0	0
100873906	0	0	0	0
100873907	8	4	7	0
100873909	0	0	1	3
100873910	0	0	0	0
100873911	0	0	0	0
100873912	19	32	7	24
100873913	0	0	0	1
100873914	0	0	0	0
100873916	0	0	0	0
100873917	0	0	0	0
100873918	0	0	0	0
100873919	3	0	2	1
100873920	0	0	0	0
100873921	0	0	0	0
100873922	3	1	0	3
100873923	1	1	0	0
100873924	1	0	1	0
100873926	0	0	0	0
100873928	12	6	0	9
100873930	9	8	6	10
100873932	0	0	0	0
100873933	0	0	0	0
100873934	3	1	0	0
100873935	0	0	0	0
100873937	0	0	0	0
100873938	0	0	0	0
100873939	1	2	0	1
100873940	0	0	0	0
100873941	3	4	2	3
100873942	0	0	0	0
100873943	0	1	0	5
100873944	2	0	1	1
100873945	0	0	0	0
100873946	3	0	0	0
100873947	3	0	0	0
100873948	1	0	0	0
100873949	3	4	2	2
100873950	0	0	0	0
100873951	0	0	0	0
100873952	0	0	0	0
100873953	0	3	0	0
100873954	14	53	11	7
100873955	22	7	5	9
100873956	2	2	4	1
100873957	0	0	0	0
100873958	0	0	0	0
100873960	0	0	0	0
100873962	0	254	0	1
100873963	1	12	0	0
100873964	0	0	0	0
100873965	1	1	4	0
100873966	0	0	0	0
100873967	1	0	0	0
100873969	0	0	0	0
100873970	1	0	0	0
100873972	0	1	0	0
100873973	0	0	0	0
100873974	5	11	13	7
100873975	1	0	0	0
100873976	1	0	0	0
100873977	0	0	0	0
100873978	0	1	0	1
100873979	4	0	0	2
100873980	0	0	0	0
100873981	0	0	0	0
100873982	0	0	0	0
100873983	0	0	0	0
100873984	1	0	0	2
100873985	14	9	18	13
100873986	0	0	0	0
100873987	0	0	0	0
100873988	0	0	0	0
100873989	0	0	0	0
100873990	0	1	1	1
100873991	29	21	13	40
100873992	0	1	1	3
100873993	0	0	0	0
100873994	0	0	0	0
100873995	0	0	0	0
100873997	1	0	0	1
100873998	3	0	0	1
100874001	33	30	25	37
100874002	12	1	3	0
100874003	0	0	0	0
100874004	0	0	0	0
100874006	3	5	4	7
100874007	129	160	47	26
100874008	25	0	7	7
100874009	0	1	0	0
100874010	0	0	0	0
100874011	0	0	0	0
100874012	0	0	0	0
100874013	0	2	0	0
100874014	0	0	0	0
100874015	0	0	0	0
100874016	46	68	9	50
100874018	1	11	0	9
100874019	0	0	0	1
100874020	0	0	0	0
100874021	0	0	0	0
100874022	0	0	0	1
100874023	1	0	0	0
100874024	2	40	0	5
100874025	0	4	0	0
100874027	0	1	0	0
100874028	4	3	3	7
100874029	1	3	1	7
100874030	1	1	2	8
100874031	1	4	1	1
100874032	48	159	51	92
100874033	0	0	0	1
100874034	1	0	0	1
100874035	0	4	3	4
100874036	1	2	0	2
100874037	0	0	0	0
100874038	0	0	0	0
100874039	3	1	4	1
100874040	0	0	0	0
100874041	1	2	1	3
100874042	7	20	3	2
100874043	1	1	3	0
100874044	0	0	0	0
100874045	0	0	0	0
100874047	0	0	0	0
100874048	83	178	46	159
100874051	0	0	0	0
100874052	2	0	0	8
100874053	0	1	0	1
100874054	9	18	12	14
100874055	8	80	5	27
100874056	0	0	0	0
100874058	374	351	303	327
100874059	0	0	0	0
100874060	0	0	0	1
100874061	0	0	0	0
100874063	3	4	2	2
100874064	0	0	0	0
100874065	0	0	0	0
100874066	0	0	1	0
100874067	0	0	0	0
100874068	12	46	12	7
100874069	24	47	10	3
100874070	0	0	0	1
100874071	2	10	1	1
100874072	14	1	1	0
100874073	0	0	0	0
100874075	0	0	0	0
100874077	14	11	14	14
100874078	8	1	3	8
100874079	10	2	1	20
100874080	0	2	0	0
100874081	0	0	0	0
100874082	0	0	0	0
100874083	0	0	0	0
100874084	0	0	0	0
100874085	3	6	0	0
100874086	0	0	0	0
100874087	0	0	0	0
100874088	0	0	0	0
100874089	0	0	1	2
100874090	3	0	0	2
100874091	16	12	6	51
100874092	1	1	1	2
100874093	1	3	0	4
100874094	11	9	3	1
100874095	0	0	0	0
100874096	1	0	0	0
100874097	11	14	9	10
100874098	0	0	0	0
100874100	5	1	1	0
100874101	2	2	0	0
100874102	0	0	0	1
100874103	0	0	0	0
100874104	0	0	0	0
100874106	0	0	0	0
100874107	0	0	0	0
100874108	0	0	0	0
100874109	0	0	0	0
100874110	10	4	3	5
100874111	8	3	4	18
100874112	0	0	0	1
100874113	46	50	29	54
100874114	2	4	9	4
100874115	1	2	1	2
100874116	0	0	0	0
100874117	0	0	0	0
100874118	1	1	1	1
100874119	4	0	1	1
100874120	2	2	0	2
100874121	0	0	0	0
100874122	0	0	0	0
100874123	2	3	0	6
100874124	0	1	1	0
100874126	0	0	0	0
100874127	0	0	0	0
100874128	1	0	0	0
100874129	0	1	0	0
100874130	0	0	0	0
100874131	3	1	0	0
100874135	0	0	0	0
100874136	0	0	0	0
100874137	0	0	0	0
100874138	0	0	0	0
100874139	0	0	0	0
100874143	0	0	0	0
100874144	0	0	0	0
100874145	0	0	0	1
100874146	107	245	13	79
100874147	0	0	0	0
100874150	0	0	0	0
100874151	1	0	0	0
100874152	0	0	0	0
100874153	0	0	0	0
100874155	0	0	0	0
100874156	0	16	29	4
100874157	0	0	0	0
100874158	5	1	0	1
100874159	0	0	0	0
100874160	0	0	0	4
100874161	0	0	0	0
100874167	0	0	0	0
100874168	0	0	0	0
100874169	1	0	1	0
100874172	0	0	0	0
100874173	0	0	0	0
100874175	0	0	0	0
100874176	0	0	0	0
100874178	0	0	0	0
100874179	1	0	0	0
100874180	0	0	0	0
100874182	0	0	0	0
100874183	0	0	0	0
100874184	0	0	0	0
100874185	3	0	1	0
100874186	1	0	0	2
100874187	0	0	1	0
100874188	17	9	10	5
100874189	0	0	0	0
100874190	1	0	0	0
100874191	1	0	0	0
100874192	0	0	0	0
100874193	1	0	0	0
100874194	30	25	25	66
100874195	0	0	0	2
100874196	0	0	0	1
100874197	1	0	1	3
100874198	0	2	0	3
100874199	1	2	0	1
100874200	0	0	0	4
100874201	0	0	1	2
100874202	7	7	4	4
100874203	2	0	0	10
100874204	0	4	1	0
100874205	1	1	0	3
100874206	0	2	0	2
100874207	14	5	0	6
100874208	2	0	0	0
100874210	0	0	0	0
100874211	0	0	0	0
100874212	0	2	2	4
100874213	1	0	1	0
100874214	6	12	7	7
100874216	0	0	0	0
100874217	0	0	0	1
100874218	0	0	0	0
100874219	0	0	0	1
100874220	0	0	0	0
100874221	0	0	0	0
100874222	7	3	6	4
100874223	13	4	4	9
100874224	0	0	0	0
100874225	0	0	0	0
100874226	0	0	0	0
100874227	2	1	0	0
100874229	7	3	9	3
100874231	0	1	0	2
100874232	0	0	0	0
100874233	0	0	0	0
100874234	0	0	0	1
100874235	7	11	0	5
100874236	0	0	0	0
100874237	0	0	0	0
100874238	0	0	0	0
100874239	0	1	0	2
100874241	14	16	5	10
100874242	0	0	1	0
100874243	0	0	0	0
100874244	1	1	0	0
100874245	0	1	0	0
100874246	14	22	1	6
100874247	0	0	0	0
100874248	0	0	0	0
100874249	8	9	0	12
100874250	0	0	0	1
100874251	0	0	0	0
100874252	0	0	0	0
100874253	23	54	19	24
100874254	0	1	1	0
100874255	68	40	11	14
100874256	0	0	0	0
100874257	0	2	1	0
100874258	0	0	0	0
100874259	7	11	0	1
100874260	122	314	68	66
100874261	64	49	13	46
100874262	1	0	1	3
100874263	0	0	0	0
100874264	6	7	6	11
100874266	0	0	2	0
100874267	0	0	0	0
100874268	1	0	1	0
100874269	0	0	0	0
100874270	0	0	0	0
100874272	3	7	6	10
100874273	0	0	0	0
100874274	0	0	0	0
100874275	0	0	0	0
100874276	0	0	0	0
100874278	6	0	16	6
100874281	0	0	0	0
100874282	0	0	0	0
100874283	0	0	1	0
100874284	1	0	0	3
100874286	0	0	0	0
100874287	0	0	0	0
100874288	0	0	0	0
100874289	0	0	0	0
100874290	0	1	0	0
100874291	13	24	7	65
100874292	7	1	2	4
100874293	1	1	0	1
100874294	1	5	1	0
100874295	0	0	1	0
100874296	0	0	0	0
100874298	0	2	0	0
100874299	1	0	0	3
100874300	0	1	0	1
100874301	9	2	1	2
100874302	0	0	0	6
100874303	0	0	0	2
100874305	0	0	0	0
100874306	8	11	6	5
100874307	3	3	4	2
100874308	2	1	1	4
100874310	0	0	0	0
100874311	0	0	0	0
100874312	1	0	0	1
100874313	0	0	0	0
100874314	0	0	1	0
100874317	0	0	0	0
100874319	0	0	0	0
100874321	1	0	0	0
100874322	6	16	1	2
100874323	224	221	54	96
100874324	0	0	0	0
100874325	0	0	0	0
100874326	0	0	0	0
100874327	0	0	0	0
100874330	0	0	0	0
100874331	0	0	0	1
100874332	0	0	0	0
100874333	5	0	0	0
100874334	1	0	0	0
100874337	0	0	0	0
100874338	1	1	0	0
100874339	1	0	0	7
100874340	0	0	1	0
100874342	0	0	1	3
100874343	11	5	3	8
100874344	0	0	0	3
100874345	8	1	4	12
100874346	0	0	0	0
100874348	0	0	0	0
100874350	90	119	38	100
100874351	650	1102	475	691
100874352	0	0	0	0
100874353	1	1	1	4
100874354	0	0	0	1
100874355	0	1	2	1
100874356	0	0	0	1
100874358	0	1	1	3
100874359	0	0	0	0
100874360	0	0	0	0
100874361	0	0	0	0
100874362	25	23	3	11
100874363	6	0	0	16
100874364	8	1	0	31
100874365	1	2	0	6
100874366	2	0	1	0
100874367	7	6	7	3
100874370	0	0	1	0
100874371	0	0	0	0
100874372	0	1	2	1
100874373	0	0	0	0
100874374	8	4	3	11
100874375	0	0	0	0
100874377	0	1	0	0
100874378	0	0	0	0
100874379	0	0	0	0
100874380	0	0	0	0
100874381	120	223	78	223
100874382	0	0	0	0
100874383	0	0	0	0
100874384	0	0	0	0
100874385	2	1	1	0
100874386	0	1	0	0
100874387	0	0	0	0
100874388	2	3	2	6
100874389	0	0	0	0
100874390	0	0	0	0
100874396	0	0	0	0
100874397	0	0	0	0
100874398	0	0	0	0
100874399	1	7	3	1
100874400	0	0	0	0
100874401	0	0	0	0
100874402	0	0	0	0
100874403	0	0	0	0
100874404	0	0	0	0
100874405	0	0	0	0
100874407	0	1	2	0
100874408	0	0	0	0
100874409	0	0	0	0
100874410	0	4	1	0
100874411	1	1	0	2
100874412	1	1	2	2
100874413	3	2	0	3
100874414	2	3	3	1
100874415	0	0	0	0
100874416	0	0	0	0
100874417	1	4	2	3
100874418	7	1	1	0
100874419	0	0	0	0
100874420	0	0	0	0
100874421	0	0	0	0
100874422	0	0	0	0
100874423	0	0	0	0
100874424	1	0	0	0
100874425	0	0	0	0
100874426	0	0	0	0
100874427	0	0	0	0
100874428	0	0	0	0
100874429	0	0	0	0
100874430	0	0	0	0
100874431	2	3	5	5
100874432	0	0	0	0
100874433	0	0	0	0
100874434	19	7	12	2
100874435	0	0	0	0
100874436	1	0	1	2
100874438	0	0	0	0
100874439	0	0	0	0
100874440	0	0	0	0
100874441	4	2	3	2
100874442	0	0	0	0
100874443	0	0	0	0
100874444	0	0	0	0
100874445	0	0	0	0
100874446	0	0	0	0
100874447	0	0	0	0
100874448	0	2	0	2
100874449	0	0	0	0
100874450	0	0	0	0
100874451	4	1	1	0
100874452	0	0	0	0
100874453	0	0	0	0
100874454	0	0	0	0
100874455	1	0	0	1
100874456	1	1	0	5
100874457	0	0	0	0
100874459	0	0	0	0
100874462	5	3	1	0
100874464	1	0	0	0
100874465	0	0	0	0
100874466	2	1	0	0
100874467	0	0	2	0
100874468	0	0	0	0
100874469	0	0	0	0
100874470	0	0	0	0
100874471	2	1	0	1
100874473	0	0	0	0
100874476	2	0	1	0
100874477	0	0	0	0
100874478	1	0	0	0
100874479	1	2	1	1
100874480	1	0	0	0
100874482	1	0	0	1
100874483	0	0	0	0
100874484	0	1	0	1
100874488	0	0	0	0
100874489	0	1	0	2
100874490	0	0	0	0
100874491	0	0	0	1
100874492	0	0	0	0
100874493	0	0	0	0
100874494	0	0	1	0
100874495	0	0	0	0
100874497	0	0	0	0
100874498	0	0	0	0
100874499	0	0	0	0
100874500	1	2	1	0
100874501	0	0	0	0
100874502	1	0	1	1
100874503	1	0	0	0
100874504	0	0	0	0
100874505	0	0	0	0
100874506	0	0	0	1
100874507	0	0	0	0
100874508	1	0	0	0
100874509	0	0	0	0
100874510	0	0	0	0
100874511	0	0	1	1
100874512	0	0	0	0
100874514	0	0	0	0
100874515	7	7	1	4
100874516	0	1	0	0
100874517	0	0	0	0
100874518	0	0	0	0
100874519	0	0	0	0
100874520	0	0	0	0
100874522	0	0	0	0
100874523	0	1	0	0
100874524	9	41	11	7
100874528	2	1	4	6
100874529	2	3	0	2
100874530	0	0	0	0
100874531	0	1	0	0
100884155	0	0	4	0
100885775	0	0	0	1
100885776	57	39	23	46
100885777	1	4	9	2
100885778	0	0	0	1
100885779	0	0	0	1
100885780	0	0	0	0
100885781	6	0	0	0
100885782	1	6	4	6
100885789	13	3	4	1
100885795	0	0	0	1
100885796	1	0	0	0
100885797	0	0	0	0
100885798	0	0	0	0
100885799	0	0	0	0
100885800	6	4	0	6
100885848	100	219	111	126
100885850	0	0	0	0
100885864	0	0	0	0
100885866	32	12	17	30
100886964	1	0	0	0
100887067	72	3	1	11
100887068	0	2	0	2
100887073	0	0	0	0
100887074	0	0	0	0
100887075	0	0	0	0
100887740	0	0	0	0
100887744	5	0	0	1
100887746	3	2	0	0
100887747	0	3	0	0
100887748	0	1	0	0
100887749	17389	26378	10440	12600
100887750	67	42	52	67
100887755	1	0	0	0
10089	12	51	29	17
1009	2448	375	157	868
10090	74	18	463	39
100913179	0	0	0	0
100913182	0	1	1	0
100913183	2	5	7	6
10092	6898	11730	6849	8044
10093	3905	6939	3327	4143
10094	7312	10330	7037	8066
10095	87	97	24	86
10096	10990	10482	6504	11593
10097	14813	12014	7841	17713
10098	1370	295	465	1866
10099	19066	17169	12890	14545
100996246	74	255	26	42
100996249	15	8	7	9
100996251	14	9	3	6
100996255	2	3	1	2
100996259	0	1	0	0
100996263	0	0	0	0
100996266	2	11	1	2
100996279	1	0	0	0
100996280	0	0	0	0
100996286	9	1	3	2
100996288	1	2	1	2
100996291	5	0	0	1
100996295	3	35	5	139
100996301	3	2	4	0
100996306	0	0	0	0
100996307	14	24	26	34
100996315	0	2	0	0
100996324	4	1	0	1
100996325	11	9	4	18
100996331	0	0	0	0
100996333	3	0	1	4
100996335	0	0	0	0
100996338	0	0	0	0
100996342	2	3	0	1
100996345	0	0	0	0
100996348	14	122	38	9
100996350	2	8	0	0
100996351	3	1	1	2
100996404	2	1	0	1
100996415	0	0	1	0
100996419	38	77	19	24
100996425	0	0	0	1
100996432	0	0	0	0
100996435	0	2	6	2
100996438	0	0	0	0
100996447	0	0	0	0
100996455	2	3	0	4
100996465	0	0	0	2
100996466	0	0	0	0
100996478	0	1	0	0
100996481	4	6	0	1
100996485	155	58	60	80
100996490	0	0	0	0
100996492	17	15	461	11
100996500	0	0	0	0
100996501	1	2	0	0
100996511	543	451	278	328
100996517	1	0	0	0
100996520	0	0	0	0
100996521	0	0	0	0
100996538	0	0	0	0
100996539	6	15	2	6
100996541	26	6	14	5
100996564	0	0	0	0
100996567	1	1	0	0
100996569	3	0	0	1
100996570	12	1	4	2
100996571	0	0	0	0
100996579	111	170	47	124
100996582	0	0	0	0
100996586	0	1	0	0
100996590	3	1	1	1
100996597	0	0	0	0
100996600	1	0	0	0
100996609	81	2	1	1
100996624	1	0	0	0
100996630	0	0	0	0
100996631	0	0	0	0
100996635	1	0	0	0
100996645	0	0	0	0
100996648	0	0	0	0
100996649	0	0	0	0
100996654	1	0	1	2
100996665	0	1	0	1
100996669	0	0	0	0
100996679	0	0	0	0
100996684	0	0	0	1
100996686	0	0	0	0
100996693	0	0	0	0
100996694	1	0	0	0
100996702	17	24	13	39
100996712	2	1	16	3
100996716	0	0	0	0
100996717	13	10	7	5
100996724	163	54	54	72
100996732	10	4	8	29
100996738	0	0	0	0
100996746	0	0	0	0
100996758	16	2	54	2
100996763	0	0	0	0
100996842	66	111	64	61
100996851	0	0	0	0
100996876	0	0	0	0
100996902	0	0	0	0
100996928	0	0	0	0
100996930	0	1	5	0
100996939	0	0	0	0
100996941	4	1	1	1
100996944	0	0	0	0
101	486	549	232	276
1010	0	1	0	0
10100	371	50	120	186
10101	2396	2904	1199	2762
10102	51	29	17	18
10103	7785	13058	17276	7998
10105	4071	4674	3790	7795
101054525	1	1	0	0
101055625	31	71	6	56
101056700	19	10	23	11
101059905	0	0	0	0
101059914	0	0	0	0
101059916	0	0	0	0
101059918	19	1	10	2
101059920	0	0	0	0
101059924	0	0	0	0
101059926	0	0	0	0
101059938	1	0	0	0
101059953	0	0	0	0
101059973	1	0	0	0
101059988	0	0	0	0
101059990	0	0	0	0
10106	13672	12624	5774	9858
101060004	0	0	0	0
101060005	3	2	0	2
101060006	1	1	0	1
101060019	0	1	0	0
101060020	1	1	4	0
101060032	15	2	0	1
101060038	2	1	0	5
101060039	0	0	1	0
101060040	0	3	0	3
101060045	1	3	1	2
101060056	0	0	0	0
101060091	3	2	2	4
101060105	0	0	0	0
101060111	0	0	0	0
101060113	0	0	0	0
101060144	0	0	0	0
101060146	238	0	4	119
101060152	0	0	0	0
101060159	0	0	0	0
101060160	1	1	1	1
101060171	1	0	0	0
101060176	0	3	0	0
101060189	0	0	0	0
101060192	0	0	0	0
101060195	0	0	0	0
101060200	344	341	217	289
101060206	0	0	1	0
101060211	0	0	0	0
101060226	0	0	0	2
101060233	0	0	0	0
101060254	0	0	0	0
101060264	72	243	35	117
101060280	0	0	0	1
101060301	0	0	0	0
101060321	2	0	0	0
101060351	0	0	0	0
101060363	6	2	0	4
101060376	139	0	0	41
101060385	0	0	0	0
101060389	0	92	9	0
101060391	2	3	0	0
101060498	1	0	0	0
101060542	1	2	2	4
101060544	2	6	0	4
101060684	54	9	30	89
101060691	379	561	348	645
10107	137	136	127	140
10109	11239	11864	6088	13533
1011	0	0	0	0
10110	1842	1853	1040	612
101101692	102	34	40	67
101101772	0	0	0	0
101101773	1	0	0	0
101101775	27	22	22	2
101101776	0	0	0	0
10111	262	124	113	171
10112	956	522	908	1598
10113	4468	2629	2043	5706
10114	2481	2995	1619	2889
101154644	0	0	0	0
101154686	0	0	0	2
101154687	27	9	6	16
101154753	0	0	0	0
10116	2644	1173	1147	1828
10117	3	0	2	0
101180897	5	1	4	2
101180976	0	0	0	0
1012	271	144	257	168
10120	4269	4601	2600	4020
10121	4086	4969	3902	5350
10123	1752	195	174	606
101234261	0	2	0	0
101234262	15	27	10	21
10124	3170	2389	1389	2058
101241875	0	0	0	0
101241877	0	0	0	1
101241878	0	0	0	0
101241891	0	0	0	0
101241892	79	18	59	45
101241901	10	4	3	14
101241902	5	15	9	5
101243545	0	0	0	0
101243555	2	1	0	2
10125	115	27	39	40
10126	773	472	481	761
10127	2172	2347	1050	2484
10128	14393	9456	6381	13209
10129	1179	207	95	260
101290500	1	1	0	1
101290501	0	1	0	1
101290502	1	0	0	1
101290503	0	0	0	0
101290504	6	5	3	1
101290506	66	47	13	100
101290508	0	0	0	0
1013	4	16	3	12
10130	9638	5787	3810	12445
10131	3427	3790	2608	6616
10133	3209	5720	2402	4108
10134	20804	18789	9694	26443
101340250	0	0	0	0
101340251	10	7	2	11
101340252	0	0	0	0
10135	3434	5193	2165	5071
10136	0	0	0	0
10137	4264	3027	2120	4229
10138	697	557	360	511
10139	2966	3682	956	1405
1014	2	9	0	25
10140	3749	10207	5324	5707
101409253	0	0	0	0
101409254	0	0	0	0
101409257	1	1	1	1
101409258	15	28	10	12
101409261	11	20	5	11
101409262	0	0	2	0
10141	0	0	0	0
101410533	29	74	16	48
101410534	0	0	0	0
101410535	59	56	19	42
101410536	14	0	1	3
101410537	0	1	0	2
101410538	2357	2564	1185	933
101410540	0	0	0	0
101410541	0	0	0	0
101410542	0	0	0	0
101410543	5	2	1	5
101410544	6	4	1	1
101410545	2	0	0	2
101410546	0	0	0	0
10142	4636	2624	2154	3076
10143	2	0	30	1
10144	6270	1005	1254	1230
101447996	1	10	0	2
10146	10521	8712	6229	12007
10147	6348	6065	3131	4960
10148	79	24	13	32
10149	28	11	0	123
1015	36412	49071	24479	31033
10150	2852	2832	1686	1274
10151	5	3	0	1
101515984	0	1	1	0
10152	2121	1390	534	1776
10153	2329	966	1008	1378
10154	563	112	72	143
10155	22075	15258	12012	23957
101559451	6	8	1	7
10156	47	27	22	17
10157	854	497	353	67
10158	2995	7751	4330	2594
10159	4709	5471	3481	8443
1016	1	0	0	0
10160	5519	5165	3295	3916
10161	959	1374	300	392
10162	716	470	437	484
10163	7418	5536	5423	7403
10164	18	571	294	535
10165	1599	1633	1442	2145
10166	920	1401	1017	1643
101669762	326	447	547	1117
101669763	0	0	0	0
101669764	0	0	0	1
101669766	22	71	6	17
101669767	0	0	0	0
10168	1080	854	489	737
10169	4676	8429	6382	5200
1017	1109	1212	827	1840
10170	121	689	876	1052
10171	793	1131	556	1766
10172	176	158	6	5
101730217	0	2	0	0
101735302	821	792	177	558
10174	4040	5225	3878	2526
10175	3480	1736	2140	4724
101752334	0	0	0	0
101752399	19	32	6	9
101752400	196	424	89	224
10178	13	1	0	7
10179	1058	1090	502	1179
1018	20	61	9	25
10180	5495	11229	3684	5879
101805488	9	2	19	13
101805491	0	0	0	0
101805492	733	416	378	371
10181	3646	5472	2482	2630
10184	1901	1160	772	1267
10186	682	142	76	340
101867536	6	1	5	7
10187	1	0	1	1
10188	1760	4628	4926	3616
10189	3466	4185	1905	4482
1019	4246	2508	1760	4359
10190	958	1151	533	1283
101926888	314	270	83	304
101926890	0	0	0	0
101926892	0	0	0	0
101926893	3	1	0	0
101926895	15	4	1	4
101926896	8	27	1	3
101926897	0	0	0	0
101926898	6	2	0	1
101926900	3	0	0	0
101926903	11	0	0	6
101926905	0	0	0	1
101926906	0	0	0	0
101926911	14	6	4	10
101926913	223	16	19	3
101926917	4	2	0	1
101926918	652	265	217	556
101926924	0	0	0	0
101926925	24	1	1	7
101926926	20	9	41	17
101926930	0	1	0	1
101926933	49	27	25	60
101926934	4	0	0	2
101926938	0	0	0	0
101926940	10	1	6	4
101926941	13	64	6	26
101926942	1	0	0	0
101926943	33	4	1	17
101926945	0	0	1	1
101926950	0	3	0	1
101926951	0	0	0	0
101926955	0	0	0	0
101926957	6	5	1	3
101926962	0	0	0	0
101926963	18	8	7	12
101926966	0	0	0	0
101926967	18	9	12	17
101926971	0	1	0	0
101926975	0	1	1	3
101926977	23	7	5	13
101926978	0	0	0	0
101926983	0	0	0	0
101926987	17	96	6	15
101926996	16	5	2	19
101927000	7	5	0	8
101927003	0	3	1	4
101927006	1	3	0	0
101927007	0	0	0	0
101927009	43	22	26	25
101927015	2	8	0	1
101927017	1	0	1	0
101927021	318	376	140	283
101927027	655	231	49	277
101927034	0	0	1	0
101927038	0	0	0	0
101927039	4	2	0	1
101927043	321	311	60	99
101927049	1	7	4	1
101927050	0	0	0	0
101927051	13	7	3	11
101927056	107	680	109	157
101927058	0	0	0	0
101927059	0	0	0	0
101927062	0	0	0	0
101927067	15	19	6	13
101927070	22	8	4	9
101927074	2	2	0	0
101927075	1	1	0	0
101927079	0	0	0	0
101927081	0	1	0	0
101927084	56	58	15	50
101927087	10	2	2	1
101927096	8	9	6	86
101927100	20	19	14	5
101927101	1	0	0	0
101927102	8	9	3	3
101927109	0	0	0	0
101927111	44	33	13	44
101927112	2	1	0	0
101927115	5	10	0	4
101927117	53	59	23	57
101927120	1	7	0	0
101927123	0	0	0	0
101927124	12	4	8	22
101927125	456	179	182	1260
101927126	25	9	23	122
101927129	0	0	0	0
101927132	0	1	0	0
101927134	0	0	0	1
101927136	0	0	0	10
101927138	0	0	0	0
101927139	1	0	1	0
101927142	1	2	2	9
101927149	0	0	0	0
101927150	7	2	1	4
101927151	207	349	162	254
101927152	4	0	0	0
101927153	2	0	1	2
101927155	32	58	29	17
101927156	14	6	6	1
101927158	6	20	6	15
101927165	0	0	0	0
101927167	303	28	324	350
101927168	0	0	0	0
101927171	9	25	0	20
101927174	1	0	0	1
101927176	0	0	0	0
101927186	0	0	0	0
101927193	0	0	1	0
101927195	0	0	0	0
101927196	42	48	10	17
101927204	261	293	105	160
101927207	0	0	0	0
101927211	19	23	12	32
101927215	3	0	0	0
101927217	78	93	24	63
101927219	7	7	2	16
101927220	1	0	0	2
101927221	63	139	60	131
101927222	0	1	0	0
101927224	0	0	0	0
101927228	0	1	0	0
101927229	0	0	1	1
101927233	72	24	8	9
101927239	1	0	0	10
101927244	0	1	0	0
101927248	0	0	0	0
101927249	0	0	0	0
101927256	2	0	0	0
101927257	1	1	1	7
101927258	4	1	1	0
101927265	0	0	0	1
101927267	1	3	1	5
101927273	1	0	0	0
101927274	0	0	0	0
101927275	34	67	28	24
101927278	19	5	5	5
101927279	26	12	7	15
101927280	0	2	0	0
101927282	0	0	8	0
101927285	0	0	0	0
101927286	10	0	4	2
101927288	35	31	15	3
101927289	52	35	15	80
101927292	1	5	0	4
101927295	0	0	0	0
101927300	168	309	85	186
101927305	1	2	2	2
101927311	7	5	4	0
101927318	35	12	6	22
101927320	0	0	0	0
101927322	5	3	4	5
101927323	1	5	0	1
101927324	7	1	1	2
101927327	1	1	0	0
101927331	0	0	0	0
101927332	0	0	0	0
101927334	0	0	0	0
101927346	0	0	0	0
101927347	1	0	0	0
101927348	0	0	0	0
101927350	0	0	2	0
101927351	1	0	1	0
101927352	15	22	2	5
101927354	23	34	24	52
101927355	0	0	0	0
101927356	0	0	0	0
101927359	0	0	0	0
101927360	0	0	0	0
101927362	0	0	0	0
101927363	0	0	0	0
101927364	2	0	1	1
101927365	110	237	35	116
101927367	10	10	3	3
101927378	0	0	0	0
101927379	2	0	0	1
101927380	6	14	10	11
101927381	1	0	0	0
101927390	0	0	0	0
101927391	125	243	112	121
101927392	0	0	0	0
101927396	0	0	0	0
101927399	0	0	0	0
101927400	17	19	4	13
101927402	25	32	27	33
101927406	0	0	0	0
101927411	0	0	0	0
101927412	10	2	1	0
101927415	151	317	109	149
101927416	0	1	0	0
101927417	0	0	0	1
101927419	0	0	0	0
101927420	30	26	11	36
101927422	1	0	1	0
101927423	15	29	6	45
101927424	0	0	0	0
101927429	0	0	0	0
101927430	0	0	0	0
101927431	0	0	0	0
101927433	0	0	0	0
101927438	3	0	0	0
101927440	0	0	1	1
101927441	15	2	5	14
101927447	0	0	0	0
101927449	2	0	0	0
101927455	0	0	0	0
101927457	7	1	0	0
101927459	3	1	0	0
101927460	1	0	0	0
101927464	0	0	0	0
101927465	0	1	0	1
101927472	7	5	5	21
101927476	13	4	3	10
101927477	0	0	0	0
101927478	1	0	2	0
101927479	13	13	11	19
101927481	18	6	2	7
101927482	11	10	5	1
101927487	0	0	0	0
101927489	2	0	1	0
101927490	1	0	2	4
101927492	16	19	6	17
101927494	0	0	0	0
101927496	0	0	0	0
101927497	1	0	0	1
101927498	2	0	0	0
101927501	0	0	1	0
101927502	1	2	0	0
101927503	54	160	56	46
101927504	0	1	0	0
101927505	4	2	1	45
101927512	4	0	0	2
101927519	1	0	0	0
101927523	0	0	0	0
101927524	2	2	0	1
101927526	1	0	0	0
101927528	1	1	0	3
101927532	0	0	0	0
101927540	3	2	0	1
101927541	15	13	0	14
101927542	1	0	0	0
101927546	71	179	77	50
101927547	0	0	0	1
101927549	0	0	0	0
101927553	0	0	0	0
101927554	8	1	1	1
101927559	39	89	12	23
101927565	6	12	1	2
101927574	34	39	9	112
101927577	3	0	0	0
101927579	0	0	0	0
101927580	0	0	0	0
101927581	0	0	0	0
101927586	3	0	0	3
101927587	19	0	3	2
101927590	2	0	0	0
101927591	0	0	0	0
101927592	1	0	0	5
101927596	0	0	2	1
101927597	86	126	66	117
101927599	132	160	50	55
101927606	0	0	0	0
101927612	166	241	114	215
101927616	0	0	0	0
101927619	0	1	3	0
101927620	1	0	0	0
101927621	39	102	37	48
101927624	13	1	0	8
101927629	0	0	0	0
101927630	12	1	15	9
101927631	77	116	37	59
101927632	4	13	3	4
101927635	5	8	7	3
101927637	0	0	0	0
101927640	2	5	6	4
101927641	2	0	0	1
101927642	11	5	0	1
101927646	0	1	0	2
101927650	4	1	1	1
101927651	0	0	0	0
101927653	1	1	0	1
101927659	0	0	0	1
101927666	0	1	0	0
101927667	4	0	1	0
101927671	0	0	0	0
101927678	0	0	1	5
101927682	2	6	1	1
101927683	0	0	0	1
101927685	0	0	1	0
101927686	19	43	6	4
101927688	12	12	3	5
101927689	0	0	0	0
101927693	0	0	0	0
101927694	0	0	0	0
101927697	1	0	2	0
101927698	2	9	1	1
101927699	2	0	0	0
101927700	4	0	0	9
101927701	0	0	0	0
101927703	4	1	1	9
101927704	0	0	0	0
101927715	0	0	0	0
101927717	0	0	0	0
101927718	2	0	1	2
101927720	41	42	0	0
101927721	0	0	0	1
101927722	2	7	1	2
101927726	6	6	7	1
101927728	0	0	1	2
101927729	0	0	0	0
101927735	0	0	0	0
101927740	10	1	1	2
101927746	373	89	137	536
101927750	0	0	0	4
101927751	262	165	71	92
101927752	347	290	199	213
101927755	7	2	3	2
101927760	14	0	0	6
101927761	21	17	6	13
101927762	1	9	0	2
101927763	7	0	2	2
101927765	49	91	31	35
101927766	1	0	0	0
101927768	74	49	32	51
101927774	1	1	0	0
101927777	203	17	106	158
101927780	1	0	1	1
101927789	49	76	17	303
101927795	1	0	1	0
101927796	0	0	0	0
101927797	0	0	0	0
101927801	2	0	0	0
101927802	0	0	0	0
101927808	1	0	0	0
101927809	3	20	6	14
101927811	134	317	74	147
101927813	3	0	1	0
101927815	8	139	78	4
101927821	0	0	0	1
101927824	7	8	3	7
101927828	13	17	17	26
101927832	0	4	0	0
101927833	0	0	0	0
101927835	0	0	0	0
101927837	90	234	43	107
101927843	1	9	1	0
101927844	1	0	0	0
101927849	0	0	0	0
101927851	22	46	11	74
101927858	78	70	29	33
101927859	3	1	0	0
101927861	5	1	16	23
101927862	2	0	0	4
101927866	0	0	0	0
101927868	0	0	0	2
101927869	0	0	0	0
101927870	0	0	0	0
101927873	1	2	1	2
101927876	0	0	0	0
101927877	0	0	0	0
101927880	20	14	3	6
101927884	56	3	0	54
101927886	3	3	2	2
101927889	0	0	0	0
101927891	2	1	6	4
101927895	12	5	5	5
101927900	0	0	0	0
101927901	17	18	7	6
101927904	0	0	0	0
101927905	30	19	27	24
101927907	0	0	0	0
101927913	0	1	0	0
101927917	0	0	0	0
101927921	0	0	0	0
101927922	6	0	2	1
101927924	0	0	0	0
101927926	4	1	2	0
101927931	70	36	5	24
101927934	324	117	79	193
101927936	0	0	0	0
101927943	21	4	1	3
101927944	3	4	1	3
101927953	42	15	4	9
101927957	54	19	16	62
101927963	156	175	58	115
101927969	0	38	30	29
101927972	15	1	1	1
101927973	2	1	0	0
101927974	74	100	73	48
101927978	243	149	109	238
101927979	8	8	6	17
101927980	0	0	0	0
101927983	13	7	12	18
101927987	7	0	3	0
101927988	0	1	0	0
101927989	32	53	23	40
101927990	0	0	0	0
101927992	2	6	3	10
101927994	0	0	1	0
101928000	62	15	26	9
101928001	0	2	1	4
101928005	7	5	1	1
101928015	1	0	0	0
101928020	40	39	19	34
101928021	4	19	5	4
101928022	2	8	0	14
101928031	0	0	0	0
101928033	5	0	0	0
101928035	5	2	0	3
101928040	0	0	14	5
101928042	7	4	2	3
101928043	0	0	3	5
101928058	53	190	62	32
101928062	107	131	32	33
101928063	14	12	7	10
101928067	0	0	0	0
101928069	39	146	22	66
101928075	35	2	3	2
101928076	24	78	35	26
101928079	714	801	401	309
101928085	32	21	18	17
101928089	0	3	0	5
101928098	1	0	0	0
101928099	265	277	139	209
101928100	95	40	97	1
101928101	1	2	0	1
101928103	11	7	1	7
101928104	1	0	0	2
101928106	0	8	0	0
101928108	0	0	0	0
101928111	19	51	9	13
101928113	2	0	0	0
101928114	146	88	28	27
101928118	12	19	3	3
101928122	0	1	0	0
101928123	20	26	0	33
101928132	0	0	1	0
101928134	2	0	0	0
101928136	25	41	5	4
101928137	0	0	0	0
101928138	0	0	0	1
101928140	1	1	0	1
101928141	0	0	0	0
101928142	2	4	0	3
101928144	0	0	0	0
101928147	0	0	0	0
101928150	4	0	1	0
101928151	0	0	0	0
101928153	119	323	71	153
101928154	8	3	1	3
101928158	1	1	0	0
101928161	3	1	0	1
101928162	0	0	0	0
101928165	23	0	0	0
101928167	1	1	1	0
101928169	0	0	0	0
101928173	22	7	3	18
101928174	0	1	1	1
101928176	834	7	12	0
101928185	0	0	0	0
101928190	0	0	0	0
101928200	3	0	0	1
101928203	0	0	0	0
101928205	2	7	1	2
101928222	27	23	3	35
101928223	382	302	24	328
101928226	0	0	0	0
101928227	7	0	0	7
101928228	9	1	1	0
101928231	1	1	0	1
101928232	0	0	0	0
101928233	0	4	0	5
101928235	2	0	0	0
101928238	18	24	10	8
101928241	0	0	0	0
101928242	27	12	20	28
101928243	41	18	16	28
101928244	0	0	0	0
101928248	6	2	2	0
101928256	0	0	0	0
101928259	0	0	0	2
101928270	0	0	0	0
101928271	0	0	0	0
101928276	1	0	1	0
101928280	0	0	0	0
101928284	4	1	7	1
101928287	41	24	5	26
101928288	0	0	0	0
101928290	443	256	282	425
101928292	1	1	0	2
101928298	0	0	0	0
101928300	5	28	2	36
101928303	12	60	13	9
101928304	11	3	4	5
101928307	4	2	0	2
101928309	0	0	0	0
101928311	1	1	4	0
101928322	1	0	1	0
101928323	47	11	80	28
101928324	12	5	6	5
101928327	0	0	0	0
101928333	0	5	1	0
101928336	0	0	0	2
101928337	0	1	1	1
101928340	0	0	0	0
101928345	0	0	0	0
101928346	3	3	0	4
101928353	1653	15	1	1302
101928358	0	2	0	0
101928363	6	2	4	5
101928370	9	2	3	0
101928376	4	1	0	1
101928377	34	22	16	17
101928378	159	152	91	98
101928388	1	3	0	3
101928397	4	43	1	3
101928399	9	5	4	8
101928402	9	17	3	12
101928403	86	114	26	95
101928404	1	1	0	2
101928405	4	0	11	6
101928406	0	0	0	0
101928414	0	4	11	14
101928418	0	0	0	0
101928420	0	0	0	0
101928424	60	100	35	76
101928425	4	2	0	3
101928429	21	4	4	12
101928433	63	49	16	33
101928435	7	10	2	2
101928436	1	0	0	0
101928440	0	0	0	0
101928442	0	0	0	0
101928443	0	0	0	1
101928445	25	18	6	21
101928448	0	0	0	1
101928449	0	0	0	0
101928455	3	0	0	0
101928460	0	0	0	0
101928461	4	12	1	9
101928464	94	192	73	142
101928465	283	511	85	86
101928470	9	16	5	5
101928471	0	0	0	0
101928476	0	0	0	0
101928477	1	8	4	19
101928478	2	0	0	2
101928483	62	141	16	38
101928484	0	1	0	1
101928489	3	1	0	4
101928492	12	28	3	20
101928496	0	0	0	0
101928504	6	15	4	9
101928509	0	1	0	1
101928513	0	1	0	1
101928514	5	9	1	5
101928521	0	0	0	0
101928523	0	0	0	0
101928527	323	184	132	158
101928530	9	12	3	0
101928536	0	0	0	0
101928537	0	0	0	10
101928539	0	0	0	2
101928545	60	33	10	28
101928550	13	43	8	8
101928555	4	2	2	2
101928559	0	0	0	0
101928566	0	0	0	1
101928567	1	0	0	0
101928569	3	0	0	0
101928571	1	0	0	1
101928578	84	21	24	40
101928580	0	0	0	0
101928583	1	1	0	0
101928590	0	0	0	0
101928591	0	0	0	0
101928595	19	31	14	12
101928597	0	1	0	0
101928599	3	0	0	0
101928600	3	0	1	0
101928601	0	0	0	0
101928602	3	1	5	7
101928603	0	0	0	0
101928604	0	0	0	0
101928605	196	162	72	128
101928607	237	5	181	443
101928610	0	1	0	0
101928611	1	11	0	0
101928614	0	0	0	0
101928616	0	0	0	0
101928617	20	17	7	4
101928630	7	3	2	2
101928638	0	0	0	0
101928646	0	0	0	0
101928650	19	18	9	8
101928656	1	1	0	0
101928659	13	35	9	17
101928661	0	0	0	0
101928673	37	42	25	64
101928674	4	38	0	9
101928677	2	0	0	0
101928679	0	0	0	0
101928684	0	0	0	0
101928685	2	29	6	0
101928687	3	0	1	20
101928689	16	11	4	11
101928694	1	0	0	0
101928696	1	1	0	2
101928698	0	0	0	1
101928700	0	0	0	0
101928707	93	117	47	49
101928710	46	3	3	38
101928715	1	1	0	3
101928716	1	1	0	1
101928720	0	1	0	2
101928725	17	16	8	3
101928731	2	1	1	3
101928734	0	0	1	0
101928736	46	98	34	52
101928737	13	20	5	3
101928738	30	548	30	49
101928739	0	0	0	0
101928741	2	4	0	2
101928744	0	16	8	4
101928745	20	8	2	12
101928751	0	0	0	3
101928752	0	0	0	0
101928765	81	0	0	67
101928766	30	121	4	64
101928767	13	2	5	5
101928769	0	0	0	0
101928770	0	1	0	1
101928773	3	0	6	3
101928776	2	2	1	2
101928778	0	0	0	0
101928781	0	0	0	0
101928784	12	16	7	8
101928788	1	1	2	2
101928790	0	0	0	0
101928791	3	2	0	0
101928794	32	38	20	2
101928795	0	0	0	0
101928809	2	0	0	2
101928812	3	0	0	0
101928813	4	1	0	3
101928820	100	149	26	109
101928823	7	8	2	6
101928827	0	0	0	1
101928836	0	0	0	0
101928837	22	26	9	12
101928845	1	32	25	20
101928846	6	6	1	3
101928851	0	1	0	0
101928856	0	0	0	0
101928857	14	2	0	2
101928858	9	33	0	4
101928865	23	11	9	24
101928869	0	0	0	0
101928877	0	1	0	2
101928879	0	0	0	0
101928880	0	0	0	0
101928885	15	13	3	1
101928886	0	3	2	1
101928887	0	1	0	0
101928891	148	149	84	117
101928895	8	6	3	10
101928904	0	2	0	1
101928907	4	0	0	1
101928909	1	0	0	0
101928913	256	90	66	191
101928917	1	0	0	0
101928919	3	13	13	16
101928922	0	0	0	0
101928931	18	55	30	7
101928941	0	0	0	0
101928942	0	0	0	0
101928943	8	3	2	6
101928944	0	0	0	0
101928963	8	18	6	13
101928969	32	3	9	12
101928971	0	0	0	0
101928973	0	0	0	0
101928978	41	3	6	19
101928979	39	88	11	36
101928982	2	5	2	0
101928989	0	10	0	13
101928991	9	7	60	10
101928992	2	3	0	3
101928995	4	3	0	1
101928999	0	0	0	0
101929002	0	1	0	2
101929008	875	407	135	1105
101929010	1	0	0	1
101929011	1	0	0	1
101929013	0	0	0	0
101929019	0	0	0	0
101929023	4	3	2	3
101929025	1	0	2	0
101929026	0	0	0	0
101929027	4	2	5	2
101929031	0	0	0	0
101929034	0	0	0	0
101929043	0	0	0	0
101929052	0	0	0	0
101929054	19	33	5	20
101929056	1	0	0	0
101929057	2	0	0	2
101929058	0	0	0	0
101929059	0	0	0	0
101929064	0	0	0	0
101929066	44	13	23	17
101929069	0	4	0	1
101929071	0	0	0	0
101929074	40	69	2	14
101929076	2	1	0	0
101929077	23	11	6	5
101929080	9	13	0	4
101929082	0	0	0	2
101929083	1	1	0	0
101929084	0	0	0	0
101929086	1	0	0	1
101929088	0	0	0	0
101929089	2	5	1	4
101929093	0	0	0	0
101929095	1	1	2	0
101929099	9	10	9	19
101929110	11	1	0	2
101929111	0	0	0	3
101929117	0	0	0	0
101929120	0	1	0	0
101929121	0	0	0	0
101929122	8	2	0	1
101929123	0	0	0	0
101929125	7	43	3	8
101929127	1	0	0	1
101929134	2	1	2	0
101929144	0	0	0	1
101929145	130	174	96	147
101929147	472	440	207	553
101929151	28	0	1	3
101929152	0	0	9	0
101929153	0	0	0	0
101929159	0	1	0	1
101929162	37	25	31	16
101929163	7	0	1	2
101929164	0	0	0	0
101929172	0	0	0	0
101929176	9	4	0	3
101929179	0	0	0	0
101929180	0	0	0	0
101929181	0	0	0	0
101929184	0	5	1	1
101929191	22	43	201	99
101929194	0	0	0	0
101929196	0	0	0	1
101929198	0	7	0	0
101929199	0	1	0	0
101929202	3	1	0	0
101929203	7	5	3	0
101929207	1	0	0	0
101929210	4	0	0	0
101929212	319	151	247	60
101929215	62	106	20	10
101929217	0	0	0	0
101929218	3	0	1	3
101929221	0	0	0	0
101929222	3	56	0	5
101929224	4	4	5	18
101929225	2	4	3	3
101929229	1	0	1	1
101929231	14	8	3	12
101929238	0	12	0	2
101929239	0	0	0	0
101929241	12	1	0	0
101929243	57	124	36	43
101929244	0	0	0	0
101929247	0	0	1	0
101929254	0	0	0	0
101929260	0	0	0	0
101929261	0	0	0	0
101929265	0	0	0	0
101929272	6	5	2	1
101929282	0	0	0	0
101929284	2	0	0	1
101929285	56	58	12	60
101929286	0	1	0	0
101929288	0	0	0	0
101929293	3	1	1	4
101929294	3	1	1	1
101929295	75	67	35	31
101929302	35	8	7	9
101929310	0	0	0	0
101929312	0	0	0	0
101929315	0	0	0	0
101929316	2	2	0	0
101929328	1	0	3	0
101929329	0	0	0	0
101929331	9	0	0	4
101929335	7	2	5	1
101929337	1	3	1	1
101929338	3	6	0	6
101929340	15	111	43	33
101929344	0	0	2	0
101929350	0	0	0	0
101929351	19	37	14	16
101929352	5	0	0	0
101929353	0	0	0	0
101929355	1	1	0	1
101929371	0	0	0	0
101929374	2	4	3	116
101929378	5	114	68	163
101929384	0	0	0	0
101929387	6	1	4	4
101929390	0	0	0	0
101929395	6	140	31	20
101929397	3	8	3	1
101929402	96	40	32	17
101929406	18	10	0	0
101929407	136	7	41	281
101929410	13	49	14	13
101929412	0	0	0	0
101929415	0	0	0	1
101929422	0	0	0	1
101929423	9	9	1	4
101929425	0	0	0	2
101929428	0	0	0	1
101929437	0	0	0	0
101929441	0	1	0	1
101929445	3	0	1	0
101929447	0	0	0	0
101929448	25	0	6	1
101929450	7	0	1	3
101929454	0	0	0	0
101929459	0	0	0	0
101929464	1	2	0	4
101929467	8	12	9	30
101929468	6	2	2	0
101929469	48	27	65	67
101929471	0	1	0	0
101929475	13	8	6	12
101929476	0	0	0	0
101929478	0	0	0	0
101929480	0	2	2	2
101929484	4	1	0	2
101929486	1	0	0	0
101929495	0	0	0	0
101929497	4	1	0	0
101929504	1	1	0	2
101929505	1	0	0	0
101929511	5	7	3	9
101929512	16	21	9	9
101929516	28	7	12	23
101929517	0	0	0	0
101929520	0	0	6	0
101929523	28	23	5	20
101929524	37	8	5	10
101929526	1	0	0	1
101929529	3	4	3	2
101929530	3	0	0	1
101929531	11	8	1	1
101929539	25	4	2	3
101929541	1	4	1	4
101929542	2	1	1	0
101929544	0	0	0	0
101929548	3	10	2	10
101929549	971	548	652	323
101929557	2	2	0	2
101929559	0	0	0	0
101929560	134	3	2	8
101929565	1	0	0	0
101929567	225	153	104	259
101929570	0	0	0	0
101929574	12	24	1	0
101929575	0	0	0	0
101929579	3	0	1	2
101929580	52	29	31	54
101929581	1	0	1	1
101929582	0	0	0	0
101929584	3	2	0	0
101929589	0	0	0	0
101929590	0	0	0	0
101929591	24	9	17	10
101929592	0	0	0	0
101929595	12	14	17	6
101929596	18	3	2	7
101929598	0	1	0	0
101929602	1	0	0	2
101929607	7	1	0	1
101929608	2	0	0	0
101929620	0	0	0	0
101929623	32	39	3	2
101929624	0	0	0	0
101929625	1	0	0	0
101929628	0	0	0	0
101929631	0	1	0	0
101929634	7	4	8	6
101929637	0	0	0	0
101929639	29	85	22	33
101929646	0	0	0	0
101929651	1	0	1	0
101929655	65	68	14	57
101929660	1	0	0	0
101929663	2	1	0	0
101929664	1	4	2	0
101929669	0	0	0	0
101929679	15	7	4	0
101929680	0	3	1	0
101929681	0	0	0	0
101929684	0	0	0	0
101929685	0	0	0	0
101929688	9	33	15	33
101929690	0	0	0	0
101929693	61	142	52	67
101929694	0	0	0	15
101929696	1	2	2	1
101929697	0	8	3	1
101929700	0	0	0	0
101929701	0	0	0	0
101929704	56	57	3	22
101929705	40	147	53	258
101929709	202	304	118	412
101929715	173	147	38	115
101929716	5	0	0	1
101929717	5	0	2	0
101929721	0	0	0	0
101929723	9	0	0	5
101929726	30	3	3	1
101929730	5	2	1	0
101929733	0	0	0	7
101929741	15	7	4	16
101929743	4	0	0	1
101929745	5	0	1	10
101929746	3	5	5	2
101929753	1	1	0	1
101929754	0	0	0	0
101929760	32	17	7	13
101929765	4	0	0	2
101929768	7	2	0	3
101929769	8	2	8	15
101929771	0	0	0	17
101929780	52	58	33	59
101929796	0	0	0	0
101929798	0	1	0	1
101929801	0	0	1	0
101929826	0	0	2	1
101929897	2	0	0	0
101929901	5	4	0	1
101929926	0	0	0	0
101929947	6	9	1	7
101929951	4	1	0	0
101929959	0	0	0	0
101929977	42	34	14	29
101929983	0	0	0	0
101929989	1	0	1	0
10193	2691	1692	1334	2264
101930010	4	0	3	3
101930023	0	6	0	0
101930085	300	574	269	326
101930094	1	0	0	0
101930114	6	11	2	6
101930150	0	0	0	0
101930162	0	0	0	0
101930164	0	0	0	0
101930275	3	1	0	0
101930294	0	0	0	0
101930370	70	51	25	54
101930452	19	45	5	6
101930531	1	7	6	0
101930593	1	0	1	0
101930744	0	0	0	0
101930745	0	0	0	0
101930746	1	0	0	0
101930747	0	0	0	0
101930749	0	0	2	0
101937451	0	0	0	0
10194	1261	756	552	905
10195	2853	4158	2236	5279
101954204	0	0	0	0
101954264	4	9	2	2
101954266	0	0	0	0
101954267	1	2	0	0
101954269	0	0	0	0
101954271	2	0	0	0
101954272	8	4	1	2
101954273	8	11	5	2
101954275	0	0	0	0
101954276	0	0	0	0
101954277	0	0	0	0
101954278	21	20	4	29
10196	1142	949	669	1792
10197	7538	5560	5003	7259
101978719	3	2	0	3
101978785	2	0	7	540
10198	745	167	313	770
10199	2483	2051	1231	2936
102	5114	2811	3365	3564
1020	964	829	636	1454
10200	761	805	329	793
10201	1180	1193	686	1044
10202	95	319	48	190
10203	514	166	77	245
102030688	0	0	0	0
102031319	0	1	0	0
10204	3929	6985	3125	5778
10205	2649	5768	1771	4116
10206	1452	2075	1157	1121
102060282	0	0	1	0
102060414	11	6	9	6
10207	5678	1982	2339	2877
10208	1608	2154	1135	1502
10209	25059	26493	15964	40663
1021	3581	831	1792	4934
10210	966	1413	633	1277
10211	5146	10568	3106	4829
10212	4733	8836	3530	5993
10213	3442	3214	1789	4545
10214	0	0	0	0
10215	1	1	0	0
102157400	0	0	0	0
102157401	4	3	1	6
102157402	589	915	311	626
10216	14	10	6	3
10217	3567	4765	1534	2713
10218	32	1	1	2
10219	29	26	12	17
102191832	2	0	0	0
1022	1701	1913	870	2630
10220	1423	299	150	859
10221	5619	3708	4835	5141
102216268	1	0	0	1
102216341	0	0	0	0
102216342	3	0	0	1
10223	6880	8882	7624	18418
102238594	9	6	0	0
10224	461	542	228	311
10225	165	63	47	36
10226	2412	2375	1957	2299
10227	5500	4394	1940	5317
10228	1495	2119	930	2145
102288414	2	1	1	2
10229	783	967	672	1388
10230	586	1016	323	366
10231	1130	86	84	224
10232	167	7747	20278	1253
10233	337	497	214	257
10234	95	34	12	64
10235	382	139	46	106
10236	7107	3274	3684	7255
10237	2379	2482	1253	2727
10238	8735	7710	5437	9167
102388891	0	0	0	0
10239	1510	855	510	892
1024	1423	1360	889	1830
10240	844	1412	884	1027
10241	4840	5657	2675	6122
10242	13	0	0	1
10243	1260	552	975	2052
10244	1451	1513	782	2575
102443352	0	0	0	0
10245	1706	1845	1247	3802
10246	0	0	0	0
102464817	0	0	0	0
102464823	0	0	0	0
102464824	0	0	0	3
102464825	0	0	0	0
102464826	0	0	0	0
102464827	0	0	0	0
102464828	0	1	0	0
102464829	0	0	0	0
102464830	0	0	0	0
102464831	0	0	0	0
102464832	0	0	0	0
102464833	0	0	0	0
102464834	0	0	0	0
102464836	0	1	0	0
102464837	0	0	0	0
102465133	0	0	0	0
102465134	0	0	0	0
102465135	0	0	0	0
102465136	8	8	6	4
102465137	0	0	0	0
102465138	0	0	0	0
102465139	0	0	0	0
102465140	0	0	0	0
102465141	0	0	0	0
102465246	0	0	0	0
102465247	1	0	0	2
102465248	0	0	0	0
102465249	0	0	0	0
102465250	0	0	0	0
102465251	0	0	0	0
102465252	0	0	0	0
102465253	0	0	0	0
102465254	1	0	1	0
102465255	2	0	0	1
102465256	0	0	0	0
102465257	0	3	0	1
102465427	0	0	0	0
102465428	0	0	0	0
102465429	0	0	0	0
102465430	0	0	0	0
102465431	0	0	0	0
102465433	0	0	0	0
102465434	0	0	0	0
102465435	0	0	0	0
102465436	0	0	1	0
102465437	0	0	0	0
102465438	0	0	0	0
102465439	0	0	0	0
102465440	0	0	0	0
102465441	0	0	0	0
102465442	1	0	1	0
102465443	0	2	1	1
102465444	0	0	0	0
102465445	0	0	0	0
102465446	0	1	0	0
102465447	1	0	0	0
102465448	0	0	0	0
102465449	0	0	0	0
102465450	0	0	0	0
102465451	7	4	2	11
102465452	0	0	0	0
102465453	0	0	0	0
102465454	0	0	0	0
102465455	0	0	0	0
102465456	0	3	0	2
102465457	0	1	0	0
102465458	0	0	0	0
102465459	0	0	0	1
102465460	0	0	0	1
102465461	0	0	0	0
102465462	0	0	0	0
102465463	2	0	1	0
102465464	3	1	0	3
102465465	1	1	1	0
102465466	0	1	0	0
102465467	0	1	0	0
102465468	0	0	0	1
102465469	1	0	0	0
102465470	4	24	4	8
102465471	0	0	0	0
102465472	0	0	0	0
102465473	0	0	0	0
102465474	0	0	0	0
102465475	1	0	0	0
102465476	0	0	0	0
102465477	1	0	0	0
102465478	7	4	9	7
102465479	0	0	0	0
102465480	0	0	0	0
102465481	0	0	0	0
102465482	3	3	0	1
102465483	0	0	0	0
102465484	0	1	0	0
102465485	0	0	0	0
102465486	0	0	0	0
102465487	3	4	0	5
102465488	1	2	1	1
102465489	0	0	0	0
102465490	0	0	0	0
102465491	3	2	2	4
102465492	0	0	0	0
102465493	0	1	0	0
102465494	0	0	0	0
102465495	0	0	0	0
102465496	2	0	0	0
102465497	0	0	0	0
102465498	0	0	0	0
102465499	0	0	0	0
102465500	1	0	0	1
102465501	0	0	0	0
102465502	10	8	2	17
102465503	0	0	0	0
102465504	0	0	0	0
102465505	0	0	0	0
102465506	0	0	0	0
102465507	0	0	1	0
102465508	0	0	0	0
102465509	0	0	0	1
102465510	0	0	0	0
102465511	0	0	0	0
102465512	0	1	0	1
102465513	0	0	0	0
102465514	0	0	0	0
102465515	1	0	0	0
102465516	0	0	0	0
102465517	0	0	0	0
102465518	0	0	0	0
102465519	1	0	0	0
102465520	0	0	0	0
102465521	1	2	1	0
102465522	0	0	0	1
102465523	4	11	4	6
102465524	0	0	0	0
102465525	0	0	2	0
102465526	0	0	0	0
102465527	0	0	0	0
102465528	0	0	0	1
102465529	0	0	0	0
102465530	0	1	0	0
102465531	0	0	0	1
102465532	0	0	0	0
102465533	0	0	0	0
102465534	0	0	0	0
102465535	0	0	0	0
102465536	0	0	0	0
102465537	2	0	0	1
102465538	0	0	0	0
102465539	7	1	0	4
102465665	1	1	0	0
102465666	0	0	0	0
102465667	0	0	0	0
102465668	3	6	6	18
102465669	0	0	0	0
102465683	0	0	0	0
102465684	0	0	0	0
102465688	0	0	0	0
102465689	0	0	0	0
102465690	0	0	0	0
102465691	0	0	0	0
102465692	0	0	0	0
102465693	0	0	0	0
102465694	0	0	0	0
102465695	0	0	0	0
102465696	0	0	0	0
102465800	0	0	0	0
102465801	0	0	0	0
102465802	0	0	0	0
102465803	0	0	0	0
102465832	0	0	0	0
102465833	0	0	0	0
102465834	0	0	0	0
102465835	0	0	0	0
102465836	0	0	0	0
102465837	0	0	0	0
102465838	0	0	0	0
102465839	0	0	0	0
102465840	1	0	0	1
102465841	0	0	0	0
102465842	0	0	3	2
102465854	0	0	0	0
102465855	0	0	0	0
102465856	0	0	0	0
102465857	0	0	0	2
102465858	0	0	0	0
102465859	0	0	0	0
102465860	0	0	0	0
102465861	3	0	1	1
102465862	0	0	0	0
102465863	0	3	0	0
102465864	0	0	0	0
102465865	0	0	0	0
102465866	1	1	0	0
102465867	0	0	0	0
102465868	0	0	0	0
102465869	0	0	0	0
102465870	0	0	0	0
102465871	0	0	0	0
102465872	0	0	0	0
102465873	0	0	0	0
102465874	0	0	0	0
102465875	0	0	0	0
102465876	0	0	0	0
102465877	0	0	0	0
102465878	0	0	0	0
102465879	0	0	0	0
102465880	1	0	0	0
102465881	0	0	0	0
102465882	0	0	0	0
102465906	0	0	0	0
102465907	0	0	0	0
102465908	0	0	0	0
102465909	2	2	0	0
102465910	0	0	0	0
102465944	0	0	0	0
102465974	5	1	1	1
102465975	3	3	2	2
102465976	0	0	2	0
102465977	2	0	2	2
102465978	0	0	0	0
102465985	0	0	0	0
102465993	0	0	0	0
102465995	0	0	0	0
102466081	0	0	0	0
102466103	0	0	0	0
102466104	0	0	0	0
102466162	0	0	0	0
102466189	0	0	0	0
102466190	0	1	0	0
102466191	0	0	0	0
102466192	0	0	0	2
102466193	1	1	0	0
102466194	0	0	0	0
102466195	0	0	0	0
102466196	0	0	0	0
102466197	0	3	3	1
102466198	0	0	0	0
102466199	0	0	0	0
102466200	0	0	0	0
102466201	0	0	0	0
102466202	0	0	0	0
102466203	0	0	0	0
102466204	0	0	0	0
102466205	0	0	0	0
102466222	0	0	0	0
102466223	0	0	0	0
102466225	2	0	0	0
102466227	0	0	0	0
102466235	0	0	0	0
102466247	1	0	0	0
102466250	0	0	0	0
102466251	0	0	0	0
102466253	0	0	0	0
102466259	0	0	0	0
102466268	0	0	0	0
102466270	0	0	0	0
102466271	0	0	0	0
102466515	0	0	0	0
102466516	1	0	2	0
102466518	0	0	1	0
102466519	0	0	0	0
102466615	0	0	0	0
102466616	0	0	0	0
102466656	0	0	0	0
102466657	0	1	0	1
102466658	0	0	0	0
102466659	0	0	0	0
102466719	0	0	0	0
102466720	0	0	0	0
102466721	0	0	0	0
102466722	3	3	1	0
102466723	0	0	0	0
102466724	2	2	5	4
102466725	0	0	0	0
102466726	2	1	0	1
102466727	0	0	0	0
102466728	0	0	0	1
102466729	0	0	0	0
102466730	0	0	0	0
102466731	1	2	1	0
102466732	1	0	0	2
102466733	0	0	0	0
102466734	0	0	0	0
102466735	0	0	0	0
102466736	0	0	0	0
102466737	2	0	2	0
102466738	0	0	0	0
102466739	0	0	0	0
102466740	0	0	0	0
102466741	0	0	0	0
102466742	0	0	0	0
102466743	2	0	0	0
102466745	5	4	0	3
102466746	0	0	0	0
102466747	0	0	0	0
102466748	0	0	0	0
102466749	0	0	0	0
102466750	0	0	1	2
102466751	5	7	1	7
102466752	0	0	0	0
102466753	0	0	0	0
102466754	0	0	0	0
102466755	0	0	0	0
102466756	0	0	0	0
102466757	0	0	0	0
102466758	2	1	2	0
102466759	1	0	1	0
102466806	0	0	0	0
102466812	0	0	0	0
102466814	0	0	0	0
102466815	0	0	0	0
102466816	0	0	0	0
102466854	0	0	0	0
102466864	0	0	0	0
102466865	0	0	0	0
102466866	0	0	0	0
102466872	0	0	0	0
102466873	0	0	0	0
102466874	1	0	0	0
102466875	0	0	0	0
102466876	0	0	0	0
102466877	0	0	0	0
102466878	0	0	0	0
102466879	0	0	0	0
102466880	0	0	0	0
102466889	0	0	0	0
102466906	0	2	0	0
102466911	0	0	0	0
102466912	0	2	0	1
102466918	0	0	0	0
102466953	0	0	0	0
102466967	0	0	0	0
102466972	0	0	0	0
102466982	0	0	0	0
102466983	0	1	0	0
102466984	3	0	0	0
102466985	0	0	0	0
102466986	0	0	0	0
102466995	0	0	0	0
102467003	0	0	0	0
102467004	0	0	0	0
102467005	0	0	0	0
102467073	4	2	4	4
102467075	0	0	0	0
102467077	0	0	0	0
102467079	0	0	0	0
102467146	7	3	5	1
102467147	57	5	2	5
102467212	1	0	0	1
102467213	0	0	0	0
102467214	0	0	0	0
102467222	0	0	0	0
102467223	0	0	0	1
102467224	1	0	1	0
102467225	0	0	0	0
102467655	0	0	0	2
10247	891	913	887	1581
102477328	0	0	0	0
10248	1267	1378	1074	2412
10249	2	0	0	0
1025	2524	3434	1352	2524
10250	4804	2122	2845	3468
102503429	3	0	0	0
10251	193	244	104	73
10252	1773	1278	515	1342
102524628	21	27	4	5
10253	4074	3856	2140	1992
10254	1816	1479	848	1160
102546175	2	1	1	1
102546226	2	0	0	0
102546227	0	0	1	0
102546228	0	0	0	0
102546229	5	0	0	0
102546294	40	46	7	17
102546298	1	0	1	1
10255	17	50	4	1
102557615	0	0	0	0
10256	1900	3452	1527	1535
10257	1716	387	209	2279
102577424	0	10	0	0
102577425	0	0	0	1
102577426	7	9	6	9
102578074	0	0	0	0
1026	8242	2741	3873	4293
10260	993	358	545	651
102606462	0	0	0	0
102606463	42	9	0	5
102606465	371	190	179	175
10261	237	112	41	104
10262	3571	6212	2004	4096
10263	2086	3903	2072	2099
10265	249	29	10	19
102659288	0	0	0	0
102659353	0	0	0	0
10266	467	304	49	223
10267	478	20	9	207
10268	474	323	76	404
102682016	1	2	0	0
10269	3088	2187	1935	2934
1027	7923	2006	1930	3718
10270	2360	2209	1660	2564
10272	528	987	568	1672
102723099	28	14	9	27
102723165	32	18	6	188
102723166	27	55	9	17
102723167	2	0	1	0
102723168	47	23	20	0
102723169	549	295	64	16
102723170	77	5	208	10
102723314	3	7	0	1
102723316	8	4	12	34
102723318	0	0	0	0
102723320	0	0	0	0
102723322	8	6	3	5
102723330	0	0	0	0
102723332	11	15	3	9
102723344	21	204	231	22
102723346	0	1	0	0
102723350	3	1	0	5
102723354	142	392	62	336
102723356	21	4	1	7
102723362	0	0	0	0
102723377	0	0	0	0
102723378	0	0	0	0
102723385	4	8	6	7
102723390	5	1	6	3
102723416	0	0	0	0
102723423	0	0	0	0
102723426	2	0	0	0
102723442	2	1	0	0
102723448	0	0	0	0
102723449	0	0	0	0
102723465	358	609	487	685
102723471	0	1	0	3
102723472	0	0	0	0
102723481	0	0	1	0
102723483	2	2	2	2
102723487	0	0	0	0
102723493	25	16	1	12
102723495	0	0	0	0
102723505	3	1	0	1
102723508	545	1141	459	990
102723510	5	2	7	4
102723513	3	2	0	0
102723518	0	0	0	0
102723525	0	0	0	0
102723526	0	0	0	0
102723538	0	0	0	0
102723547	0	0	2	0
102723548	2	1	2	3
102723552	0	6	6	10
102723555	0	7	4	3
102723557	0	1	0	0
102723562	0	0	0	1
102723567	0	0	0	0
102723574	3	0	3	13
102723578	0	0	0	0
102723582	48	48	36	32
102723590	2	0	1	0
102723591	28	8	6	15
102723605	0	0	0	0
102723617	0	0	0	0
102723619	7	8	3	9
102723623	0	0	0	0
102723626	3	0	0	0
102723631	0	0	0	0
102723636	0	0	0	0
102723640	1	0	0	0
102723641	4	4	3	4
102723644	0	0	0	0
102723647	4	14	1	7
102723648	20	70	18	31
102723649	6	2	2	0
102723661	0	0	0	0
102723672	209	384	92	180
102723680	0	0	0	0
102723694	349	310	317	641
102723699	1	2	0	2
102723727	0	2	0	0
102723729	10	0	1	3
102723737	0	0	0	0
102723741	1	0	0	0
102723742	4	1	0	0
102723757	2	0	0	2
102723761	5	2	0	2
102723764	0	0	0	0
102723766	101	53	63	9
102723775	192	267	97	201
102723778	0	0	0	0
102723780	1	2	0	1
102723796	0	0	0	0
102723809	24	6	17	8
102723817	6	3	4	9
102723818	0	0	0	0
102723824	4	1	0	0
102723828	1	1	0	0
102723833	0	0	0	0
102723839	0	0	0	0
102723849	4	1	4	3
102723852	0	0	1	0
102723854	6	7	4195	10
102723859	2	50	0	0
102723875	7	1	0	0
102723885	3	2	5	4
102723886	81	3	2	3
102723895	1	1	1	0
102723897	208	206	66	116
102723899	0	0	0	0
102723920	0	0	0	0
102723927	109	87	48	246
102723932	1	0	0	0
102723952	0	0	0	0
102723955	0	0	0	0
102723977	0	0	0	0
102723981	0	0	0	0
102723989	10	6	2	3
102724000	0	0	0	0
102724001	1	1	0	0
102724009	7	8	12	13
102724015	49	50	74	74
102724018	1	0	0	0
102724035	0	0	0	1
102724039	0	0	0	0
102724047	0	0	0	1
102724050	2	0	0	3
102724053	0	0	0	0
102724062	0	0	0	0
102724064	313	331	97	278
102724076	0	0	0	0
102724077	26	40	32	32
102724084	13	0	9	1
102724094	20	26	38	41
102724097	15	13	2	3
102724100	0	0	0	0
102724101	0	0	0	0
102724105	72	12	4	21
102724127	0	0	0	0
102724130	0	0	0	0
102724153	1	7	6	11
102724156	15	23	6	8
102724163	4	7	4	3
102724165	1	0	0	0
102724167	1	0	0	0
102724168	103	187	31	198
102724188	0	0	0	0
102724190	4	3	4	0
102724201	0	23	0	10
102724208	0	0	0	0
102724224	26	10	0	22
102724231	0	4	2	1
102724233	20	54	10	17
102724238	1	2	0	1
102724246	2	6	4	1
102724264	0	0	0	0
102724265	3	0	1	0
102724279	19	0	0	0
102724294	0	0	0	0
102724297	74	321	37	55
102724301	46	36	17	44
102724312	35	32	86	43
102724316	286	213	174	180
102724321	0	0	0	0
102724329	2	0	2	0
102724330	377	442	362	631
102724338	0	0	0	0
102724341	0	0	1	0
102724344	1	2	0	8
102724350	1	0	1	0
102724358	0	0	0	0
102724360	2	0	1	1
102724362	127	558	235	197
102724364	9	0	1	3
102724368	12	24	10	16
102724373	10	0	1	1
102724380	4	0	0	1
102724386	7	0	5	1
102724392	0	0	0	0
102724397	6	9	6	15
102724404	11	2	0	8
102724406	0	0	0	0
102724430	0	0	0	0
102724433	0	0	0	1
102724449	1	4	6	3
102724450	5	19	9	5
102724468	0	0	0	0
102724470	0	0	0	0
102724473	0	0	0	0
102724481	0	0	0	0
102724484	32	117	2	22
102724485	0	0	0	0
102724488	12	1	0	2
102724502	0	0	0	0
102724508	11	3	1	7
102724515	327	3	187	849
102724532	83	60	74	107
102724536	110	33	7	17
102724539	0	0	0	2
102724548	2	25	7	6
102724550	4	0	0	1
102724552	5	25	2	8
102724555	0	0	0	1
102724566	4	9	0	32
102724571	38	11	17	7
102724589	3	6	3	0
102724596	8	1	0	9
102724601	5	6	3	7
102724605	0	0	0	0
102724617	0	1	1	0
102724623	0	0	0	0
102724627	0	0	0	0
102724631	0	0	0	0
102724643	12	0	0	0
102724651	0	0	0	0
102724655	0	0	0	0
102724657	0	0	0	0
102724659	0	0	0	0
102724660	1	3	0	0
102724661	3	2	5	6
102724663	1	1	0	0
102724668	23	29	9	15
102724678	2	0	0	0
102724679	2	0	1	0
102724691	0	3	0	1
102724698	0	0	0	0
102724699	2	11	4	15
102724706	0	0	0	0
102724708	20	36	6	24
102724714	3	5	0	1
102724715	8	30	10	4
102724740	1196	263	130	75
102724742	0	0	0	0
102724763	0	0	0	0
102724774	27	0	92	6
102724776	0	0	0	1
102724784	3	0	0	5
102724810	37	75	13	22
102724814	28	21	6	12
102724816	0	0	0	0
102724820	9	14	7	13
102724826	142	283	41	195
102724827	195	145	82	222
102724832	12	6	5	12
102724834	1	0	0	0
102724845	0	0	0	0
102724850	0	0	0	0
102724853	0	0	0	0
102724855	0	0	0	0
102724862	0	1	0	0
102724866	2	1	0	1
102724868	0	0	0	0
102724880	45	25	33	29
102724890	0	2	3	0
102724895	0	0	0	0
102724907	17	14	2	5
102724913	0	0	0	0
102724917	0	0	0	0
102724919	41	16	19	19
102724923	1	0	0	0
102724927	9	15	3	6
102724928	0	0	0	0
102724933	1	5	3	0
102724940	0	0	0	6
102725021	3	1	6	1
102725022	54	69	31	22
102725045	0	0	3	0
102725072	0	0	0	0
102725079	0	0	0	0
102725105	0	0	0	0
102725121	3	0	1	0
102725140	0	0	0	0
102725176	0	0	0	0
102725193	0	0	0	0
102725201	5	2	1	3
102725509	286	432	115	191
102725541	0	0	0	0
10273	1007	1481	602	1284
10274	1255	702	755	1268
10276	9448	9636	7596	8855
10277	3494	1442	1684	2461
10278	182	22	14	69
10279	1023	1374	826	1055
1028	455	92	283	123
10280	3597	6071	3543	9215
102800310	35	86	2	75
102800314	0	0	0	0
102800316	0	0	0	0
102800317	1	0	0	0
102800446	0	0	0	1
102800447	3	0	0	0
10281	0	0	0	0
10282	1327	962	559	994
10283	1092	881	451	808
10284	6287	10550	5671	5645
10285	1407	1610	1116	1990
10286	1090	670	708	843
10287	337	98	32	481
10288	184	36	20	102
10289	1447	1975	979	1541
1029	240	42	149	148
10290	688	115	61	194
10291	6815	2626	3720	4753
10293	409	569	266	658
10294	3224	3389	1881	3389
10295	1773	2303	1221	2504
10296	4198	2736	2294	3578
10297	133	78	146	330
10298	3487	5413	2707	4044
10299	6803	8709	5084	9018
103	13250	9925	5294	12743
1030	392	130	287	268
10300	1277	1978	960	1721
10301	309	817	167	311
10302	776	425	302	641
103021165	1645	640	1037	2909
103021294	1	3	0	1
10307	1033	762	293	541
10308	484	748	435	720
10309	542	1194	336	634
103091863	0	0	0	0
103091864	17	33	6	19
103091865	25	35	10	12
103091866	238	42	26	91
1031	310	183	223	239
103106903	7	11	3	9
10311	2405	1820	1724	2414
10312	3709	3783	1235	4387
10313	6034	10360	5767	10540
10314	2594	1494	1154	2341
103157000	0	0	0	0
10316	206	36	7	65
10317	307	129	1500	646
10318	8520	10934	3897	6414
10319	223	34	19	71
103191607	0	0	0	0
1032	203	505	325	688
10320	406	117	102	42
10321	2	0	0	0
10322	2338	2581	1036	4125
10324	27	4	4	11
10325	601	632	399	1089
10326	54	6	1	12
10327	6036	4027	4078	4853
10328	1150	1964	804	1637
103283057	2	1	0	0
10329	740	366	268	526
1033	419	215	356	1350
10330	259	325	159	148
10331	7097	9383	4700	6644
103312105	0	1	0	0
10332	7	0	0	0
10333	145	42	35	36
103344926	357	0	14	53
103344928	6	5	2	3
103344929	0	0	0	0
103344930	0	0	0	0
103344932	1	0	0	0
10335	1661	220	175	647
103352539	111	163	66	47
103352540	0	0	0	0
103352670	0	0	0	0
10336	2845	1825	1221	2200
10337	0	6	0	2
10338	0	0	1	0
10340	0	0	0	0
10341	0	0	0	0
10342	5078	5423	3618	6194
10343	16	7	2	27
10344	25	6	7	14
10345	1	0	0	0
103456507	0	0	0	0
10346	1158	763	192	291
10347	796	2392	1912	762
10349	221	35	102	25
10350	75	7	48	5
103504726	0	0	0	0
103504727	0	0	0	0
103504729	0	0	0	0
103504730	0	0	0	0
103504731	0	0	0	0
103504732	0	0	0	0
103504733	0	0	0	0
103504734	96	137	60	97
103504735	0	0	0	0
103504736	0	0	0	0
103504737	0	0	0	0
103504738	0	0	0	2
103504739	0	0	0	0
103504740	0	0	0	0
103504741	0	0	0	0
10351	165	19	5	4
10352	902	633	771	847
10354	1732	269	435	706
10355	0	1	0	1
10356	0	5	1	1
10357	62	18	18	19
103581031	0	0	0	0
1036	43	6	1	5
10360	1672	1369	984	4575
10361	216	353	206	80
103611155	0	0	0	0
103611157	0	0	0	0
10362	2326	2384	2293	2707
103625681	1	15	1	1
103625683	0	2	0	1
103625684	0	3	0	2
10363	1350	495	508	859
10365	664	855	395	658
10367	1976	2769	2089	2722
10368	0	0	0	0
103689843	0	1	0	0
103689844	0	0	0	0
103689845	15	1	0	0
103689846	6	0	0	0
103689911	1	2	1	1
103689912	20	8	5	19
103689913	0	0	0	0
103689917	1	0	2	2
103689918	0	0	0	2
10369	2	0	1	0
103695363	0	0	3	0
103695364	0	0	0	0
103695365	1	0	0	0
103695431	0	0	0	0
103695432	0	0	0	0
103695433	2	8	11	16
103695434	0	0	1	2
103695435	140	2	45	173
103695436	11	16	15	3
10370	797	982	326	411
10371	1405	309	91	682
103724386	4	1	0	0
103724387	0	3	2	1
103724388	1	4	2	2
103724389	5	1	3	1
103724390	2	1	0	0
103752554	0	0	0	0
103752555	0	0	0	0
103752581	4	2	1	1
103752583	0	0	0	0
103752584	27	10	18	13
103752585	0	0	0	0
103752586	4	5	5	3
103752587	0	0	0	0
103752588	2	0	0	1
103752589	35	54	12	24
10376	4722	2475	3964	6828
10379	209	197	69	232
1038	0	0	0	0
10380	1226	2029	1788	1899
10381	37	47	9	17
10382	17	2	3	4
10383	15933	23455	14185	28049
10384	746	653	345	308
10385	472	338	213	212
10388	75	31	53	50
10389	174	113	20	779
1039	1799	2470	706	2466
10390	1040	633	807	893
103908604	1	0	0	1
103908605	2	0	2	1
10391	96	9	10	21
103910	10531	15272	10164	16863
103911	6	3	0	6
10392	606	815	294	784
10393	147	105	83	129
10394	0	0	0	0
10395	1029	206	104	410
10396	2406	3267	1924	2052
10397	10876	12511	8483	15791
10398	8070	1700	969	3205
10399	78871	61957	38203	100412
104	683	623	227	846
1040	2071	1158	1642	2113
10400	330	267	440	517
10401	969	687	438	827
10402	92	41	12	57
10403	373	229	357	651
10404	1149	549	103	260
10406	2736	122	112	511
10407	0	0	0	0
10408	10	0	0	1
10409	400	133	58	190
1041	2	5	5	11
10410	15284	18966	7615	18048
10411	572	1152	436	361
10412	5464	3979	2059	4485
10413	4347	4310	2667	5454
10415	0	0	0	0
104169670	0	0	0	0
104169671	47	0	10	0
10417	2829	920	656	1657
10418	626	2068	122	1783
10419	1080	364	826	1895
10420	158	143	144	339
10421	3892	4953	2179	3380
10422	1651	3603	1458	3050
10423	2772	5844	1752	3592
10424	2833	2562	2044	2525
10425	2957	2891	1970	2845
10426	1707	1520	1088	1839
104266956	0	0	0	0
104266957	15	57	21	17
104266958	1	1	8	6
104266959	0	0	0	0
104266960	0	0	0	0
104266961	0	0	0	0
104266962	0	0	0	0
104266963	0	0	0	0
10427	2255	1129	1364	1930
10428	1481	2762	996	2214
1043	296	123	45	61
10430	2959	4259	2350	3692
104310350	0	0	0	0
104310351	12	5	1	2
104310353	15	7	1	12
10432	3090	2808	1309	3176
104326051	1	12	0	4
104326052	15	7	0	2
104326053	0	0	0	0
104326054	0	0	0	0
104326055	10	2	5	11
104326056	0	0	0	0
104326057	0	0	0	0
104326058	0	0	0	0
104326188	0	0	0	0
104326189	0	1	1	0
104326190	0	0	0	0
104326192	0	1	0	0
104326193	2	0	0	0
10434	3296	3091	3504	5042
10435	1	3	1	0
104355133	0	0	0	0
104355135	1	0	4	10
104355136	1	0	0	0
104355137	0	0	0	0
104355138	0	0	0	0
104355139	1	0	0	0
104355140	0	0	0	0
104355141	1	1	0	0
104355143	0	1	0	2
104355145	0	0	0	1
104355146	0	0	0	0
104355147	0	0	0	0
104355148	18	20	16	20
104355149	0	0	0	0
104355150	0	4	0	2
104355152	1	8	0	2
104355217	58	21	15	29
104355218	0	0	0	0
104355219	1	1	0	0
104355220	0	2	0	2
104355285	0	0	0	0
104355286	0	0	0	0
104355288	13	33	0	2
104355289	0	0	0	0
104355290	0	0	0	0
104355291	1	0	0	0
104355292	0	0	0	0
104355293	0	0	0	0
104355294	0	0	0	0
104355295	159	363	86	122
104355296	0	0	0	0
104355297	5	0	0	3
104355426	289	373	114	287
10436	1905	2718	1233	2356
10437	20	7	0	4
10438	637	435	266	628
104384744	1	1	0	0
10439	355	76	22	49
1044	8282	11413	5032	14781
10440	1757	2507	1965	3336
104413890	0	0	0	0
104413891	7	21	7	4
104413892	0	1	0	0
10443	3935	8452	3257	2676
10444	2548	3103	1582	2124
10445	3246	3880	2485	3704
104457406	153	274	389	344
10446	119	40	16	42
10447	1412	1356	671	1365
104472519	0	0	0	2
104472714	0	1	0	0
104472715	382	65	45	1765
104472716	3	1	1	2
104472717	103	467	236	395
104472718	0	0	0	0
104472848	7	2	1	6
10449	2881	3140	3103	2795
1045	11674	21280	9098	14244
10450	2234	1248	1012	1861
104502416	0	1	1	4
104502417	2	4	2	15
10451	8351	3462	1434	1166
10452	3313	5129	3961	6885
104533120	43	188	283	145
10454	1497	801	918	1369
104548970	0	0	0	0
104548971	1	0	0	0
104548972	0	0	0	2
104548973	3	0	0	0
10455	239	1525	452	932
10456	2382	3292	1341	3985
104564224	14	50	0	21
10457	1557	143	74	521
10458	849	1915	1273	2443
10459	1503	589	354	999
1046	0	0	0	0
10460	2626	1040	1812	4412
10461	761	672	42	162
10462	106	33	15	18
10463	3952	1765	2512	4644
10464	1097	1121	673	906
104644205	0	0	0	0
10465	1063	1009	709	1195
10466	2737	1658	1291	2353
10467	4337	7597	2920	4563
10468	41	11	16	38
10469	2118	2807	1719	3392
1047	80	10	0	33
10471	1830	3603	1099	2066
10472	3025	3966	2446	2548
10473	3925	3911	2984	4207
10474	3684	5647	2647	3060
10475	1709	1620	830	940
10476	3295	9138	3759	5172
10477	2735	2221	1026	1945
10478	672	548	552	1065
10479	898	1073	598	1828
104797537	1	2	0	3
104797538	44	2	25	10
104798195	1	0	0	0
1048	159892	307450	176879	275738
10480	7591	5561	3285	9690
10481	481	350	327	760
10482	4686	4100	2214	3556
10483	5738	3429	2111	5626
10484	2712	1561	1718	2623
10485	22	64	5	480
10486	178	353	22	69
10487	12504	11558	12324	14108
10488	1755	2342	954	2229
10489	4611	2171	1922	3373
10490	1182	1062	913	1702
104909134	0	0	0	0
10491	6755	7508	3168	9392
10492	7887	7245	5617	10487
10493	3911	8401	2296	3896
10494	5331	5185	2412	6497
10495	1365	686	437	1607
104968399	9	7	1	2
10497	4693	6259	2007	4121
10498	3033	3242	2409	3968
10499	2963	1517	1994	2055
105	106	11	2	8
1050	891	1287	429	1212
10500	341	612	141	339
10501	289	238	105	222
10505	558	674	270	1049
10507	2736	3639	1586	2259
10509	5012	3194	3367	4637
1051	1451	1700	670	2181
10512	8409	4584	2741	2826
10513	1600	1958	910	1449
10514	3821	2904	3710	6102
10516	1121	218	105	297
10517	6	0	4	3
10518	389	96	106	223
105180390	0	0	0	0
105180391	0	0	0	0
10519	5098	4677	5041	5204
1052	977	1943	1047	1162
10520	461	550	206	220
10521	25735	12994	12984	14847
10522	1153	1237	507	1111
105221694	138	36	42	42
10523	2399	1723	1413	2445
10524	581	563	334	584
10525	8750	5689	3596	7971
10526	3884	2968	2555	2653
10527	14223	5775	5830	16030
10528	9994	6065	4163	9029
10529	6354	4145	3072	7075
1053	9	0	2	1
10531	3060	3367	2918	6668
10533	945	841	650	841
10534	788	873	433	1097
10535	5	6	3	5
10536	755	131	91	383
105369150	0	0	0	0
105369168	1	2	0	1
105369192	1	1	0	0
105369201	32	50	1	72
105369219	1	0	0	0
105369222	0	0	0	0
105369274	0	0	0	0
105369295	0	0	0	0
105369296	0	0	0	1
105369301	4	1	0	9
105369316	0	0	0	0
105369317	11	60	5	14
105369319	0	1	1	0
105369323	5	2	3	5
105369332	9	18	7	21
105369340	20	20	6	24
105369343	740	3799	509	1187
105369346	0	0	0	2
105369347	108	307	70	121
105369351	1	0	0	0
105369352	5	3	3	2
105369360	34	62	14	37
105369362	0	8	2	2
105369364	17	38	1	8
105369378	3	1	0	0
105369379	0	0	0	0
105369413	1	2	3	1
105369423	0	0	0	0
105369427	0	0	0	0
105369428	0	0	0	0
105369431	0	0	0	0
105369436	1	0	2	11
105369438	0	0	0	0
105369443	0	0	0	0
105369446	1	0	1	1
105369449	0	0	0	0
105369454	0	0	0	0
105369473	0	0	0	0
105369482	1	0	0	0
105369486	5	0	0	2
105369490	0	1	0	0
105369507	1	0	0	0
105369512	0	0	0	0
105369525	0	1	0	3
105369528	0	0	0	0
105369536	3	10	2	9
105369541	0	0	0	0
105369547	15	11	3	50
105369549	0	0	0	0
105369557	70	114	50	73
105369563	0	0	0	1
105369564	0	0	0	0
105369584	0	0	0	0
105369586	0	0	0	0
105369588	31	0	0	2
105369589	0	0	0	0
105369592	13	2	4	7
105369593	0	1	0	0
105369597	0	0	0	0
105369606	14	4	4	21
105369609	4	2	2	5
105369635	204	532	256	151
105369652	2	0	1	1
105369678	0	0	0	0
105369684	0	0	0	0
105369691	2	0	4	3
105369692	3	0	0	0
105369717	0	0	0	0
105369723	7	27	1	1
105369729	0	0	0	0
105369730	0	0	0	0
105369734	0	0	0	0
105369738	0	0	0	0
105369739	4	0	0	0
105369740	0	0	0	0
105369748	25	28	10	22
105369758	19	16	11	32
105369760	23	54	19	34
105369779	282	418	85	230
105369785	0	0	0	0
105369791	4	8	0	5
105369792	0	0	0	0
105369804	0	0	1	0
105369807	1	4	0	1
105369810	0	0	0	0
105369815	0	0	0	0
105369822	2	1	1	1
105369826	0	1	0	0
105369840	0	0	0	0
105369841	0	0	0	0
105369848	1	1	0	4
105369854	0	0	0	0
105369860	0	0	0	0
105369864	0	1	2	2
105369865	54	42	30	39
105369876	19	19	0	0
105369891	0	0	0	0
105369893	0	0	0	0
105369897	0	1	0	0
105369900	1	0	0	0
105369906	14	18	3	4
105369920	0	0	0	0
105369921	0	0	0	1
105369924	13	2	6	0
105369929	0	0	0	0
105369942	0	0	0	0
105369948	0	0	0	0
105369954	2	4	6	8
105369971	1	0	0	0
105369973	1	1	0	0
105369980	2	0	1	1
105369984	3	8	0	5
105369987	0	0	0	0
105369996	0	0	0	0
10537	2	0	0	0
105370000	7	1	0	2
105370004	0	1	0	0
105370013	0	0	0	0
105370014	0	0	0	0
105370015	0	0	0	0
105370016	0	0	0	0
105370057	6	16	0	2
105370059	1	0	0	0
105370060	0	0	0	0
105370065	0	0	0	0
105370070	77	181	48	60
105370078	2	1	2	0
105370085	0	0	0	0
105370125	8	15	10	19
105370141	0	0	0	0
105370154	2	0	0	0
105370158	0	0	1	0
105370177	0	3	0	0
105370183	8	11	28	19
105370208	2	2	1	3
105370242	0	0	0	0
105370253	0	0	0	0
105370306	0	0	0	0
105370308	0	0	0	0
105370309	0	0	0	0
105370333	177	795	366	335
105370357	0	1	0	1
105370361	0	2	0	0
105370364	0	0	0	1
105370369	0	0	0	0
105370400	3	2	0	0
105370401	72	3	0	33
105370404	16	11	6	9
105370414	0	0	0	0
105370422	0	5	1	8
105370423	0	0	0	0
105370424	0	0	0	0
105370425	0	0	0	0
105370431	0	0	0	0
105370437	0	0	0	0
105370439	71	44	47	57
105370445	2	0	0	0
105370458	1	1	0	0
105370469	5	1	0	1
105370471	0	0	0	0
105370474	0	0	0	0
105370479	1	0	0	0
105370498	1	0	0	0
105370503	9	1	3	1
105370509	1	2	2	5
105370522	1	3	3	2
105370524	1	0	1	0
105370526	15	36	49	55
105370540	1	0	0	1
105370550	3	3	5	4
105370560	6	6	3	9
105370578	0	0	1	0
105370605	0	0	0	0
105370607	0	0	0	0
105370610	0	0	0	0
105370611	0	0	0	0
105370623	4	6	3	6
105370625	2	0	1	2
105370629	0	0	0	2
105370646	0	0	1	0
105370648	0	0	0	0
105370652	0	0	0	0
105370676	22	12	11	40
105370681	61	38	35	113
105370683	0	1	0	1
105370708	2	0	0	3
105370722	0	0	0	0
105370731	3	0	0	1
105370737	0	0	1	0
105370738	0	0	0	0
105370757	2	0	0	1
105370762	0	0	0	0
105370795	14	8	17	10
105370807	0	0	0	0
105370809	1	1	1	2
105370822	1	0	0	0
105370833	3	4	0	0
105370868	5	1	0	1
105370876	3	2	1	6
105370880	0	0	0	0
105370888	39	20	13	25
105370894	0	0	0	0
105370911	0	0	0	0
105370966	3	0	0	0
105370985	0	0	0	0
105371008	59	19	2	31
105371011	2	0	0	1
105371016	5	1	1	5
105371018	3	8	15	4
105371027	2	2	1	0
105371045	4	2	0	0
105371048	0	0	1	0
105371049	69	223	82	234
105371066	0	0	0	0
105371071	1	0	0	0
105371074	5	5	0	1
105371084	9	14	6	8
105371113	0	5	0	4
105371130	15	39	12	13
105371142	0	0	0	0
105371146	0	0	0	0
105371152	2	1	0	1
105371156	0	0	0	0
105371173	0	0	0	0
105371184	0	4	1	2
105371226	0	0	1	0
105371228	42	3	11	5
105371238	0	0	0	0
105371242	0	0	0	0
105371248	5	0	48	0
105371252	0	1	0	0
105371260	8	5	1	3
105371264	7	46	12	33
105371267	47	878	673	40
105371273	1	0	0	0
105371286	4	2	1	1
105371295	2	1	1	1
105371333	0	0	0	1
105371346	2	0	0	0
105371350	0	0	0	0
105371363	12	2	0	1
105371368	0	0	0	0
105371374	43	104	20	46
105371379	0	0	0	0
105371416	31	32	10	16
105371423	11	6	2	6
105371433	1	3	0	0
105371450	30	76	23	41
105371453	267	628	478	371
105371455	3	0	2	0
105371462	0	0	0	0
105371471	1	1	1	3
105371479	1	2	1	1
105371492	77	87	64	129
105371496	1	4	4	1
105371506	0	0	0	0
105371541	0	0	0	0
105371560	0	0	0	1
105371561	0	0	0	0
105371562	0	0	1	0
105371564	0	1	0	0
105371582	1	0	0	1
105371586	5	2	1	0
105371590	3	2	0	2
105371595	0	0	0	0
105371609	1	0	0	0
105371620	3	2	0	1
105371638	1	0	0	0
105371644	0	0	0	0
105371660	0	0	0	0
105371673	0	0	0	0
105371708	0	1	0	0
105371743	296	579	315	538
105371766	0	0	0	0
105371781	0	4	3	2
105371786	8	1	3	9
105371798	0	0	0	0
105371807	0	3	2	1
105371809	4466	16603	3211	3108
105371828	2	1	1	2
105371830	0	1	1	0
105371831	0	1	0	0
105371849	3	19	2	8
105371893	1	1	1	0
105371907	3	11	21	4
105371919	62	66	40	29
105371927	1	5	0	8
105371941	31	53	18	42
105371964	0	1	0	0
105371969	3	0	1	1
105371994	0	0	0	0
105372009	0	0	0	0
105372023	19	6	11	0
105372030	2	0	0	0
105372037	0	0	0	0
105372079	1	0	0	0
105372080	0	0	0	0
105372097	8	2	0	6
105372104	2	12	9	3
105372127	0	0	0	0
105372138	0	0	0	0
105372147	1	0	0	0
105372156	0	0	0	0
105372175	0	0	0	0
105372207	0	0	0	0
105372232	6	6	11	10
105372233	50	21	36	30
105372267	2	0	0	0
105372272	0	1	0	1
105372278	2	1	0	2
105372280	2	1	2	2
105372288	2	2	0	6
105372290	1	2	0	24
105372292	0	0	0	0
105372352	6	14	4	6
105372360	0	0	0	0
105372363	0	0	0	0
105372397	0	0	0	0
105372414	1	0	0	0
105372419	35	33	19	28
105372429	0	1	0	0
105372440	0	0	2	3
105372444	0	0	0	1
105372446	1	0	1	4
105372457	7	8	2	3
105372476	46	159	29	63
105372481	224	166	112	198
105372482	80	361	102	104
105372483	43	33	38	61
105372489	20	38	12	8
105372516	0	1	0	0
105372520	1	0	0	2
105372550	1	1	2	1
105372556	3	0	0	0
105372566	1	2	0	1
105372572	10	7	1	9
105372578	607	1437	319	545
105372587	0	0	0	0
105372589	1	2	0	9
105372608	0	0	0	0
105372626	0	0	0	0
105372629	136	661	90	337
105372682	0	0	0	0
105372712	47	105	4	7
105372720	0	0	0	0
105372730	0	1	1	1
105372731	3	0	0	0
105372746	0	0	0	0
105372751	4	0	0	0
105372763	0	0	0	0
105372779	2	1	5	0
105372799	0	0	0	0
105372808	16	31	47	51
105372833	0	0	0	0
105372840	12	31	7	166
105372860	29	17	16	12
105372869	0	0	0	0
105372876	2	0	1	8
105372883	16	9	5	7
105372891	0	0	0	0
105372893	0	0	0	0
105372894	0	0	0	0
105372897	0	0	0	0
105372907	0	0	0	0
105372911	0	0	0	2
105372918	0	0	0	0
105372925	0	0	0	0
105372929	0	0	0	0
105372935	0	0	0	0
105372944	0	0	0	0
105372950	0	0	0	35
105372955	0	0	0	0
105372963	0	0	0	0
105372972	0	0	0	0
105372974	0	0	0	0
105372978	9	2	0	5
105372999	0	0	0	0
105373004	0	0	0	0
105373006	0	0	0	1
105373010	0	0	0	0
105373021	0	0	0	0
105373051	0	0	0	0
105373054	0	0	0	0
105373085	18	0	0	0
105373095	64	52	23	33
105373098	0	1	0	2
105373105	13	0	0	0
105373106	0	0	1	0
105373110	3	3	11	8
105373113	19	204	33	160
105373144	0	0	0	0
105373148	5	2	1	6
105373158	0	0	0	0
105373159	824	1332	550	893
105373185	4	1	0	2
105373199	0	0	0	0
105373212	0	0	1	0
105373251	0	0	0	0
105373350	0	2	0	0
105373354	5	1	0	2
105373368	10	0	0	4
105373370	0	0	4	0
105373377	0	0	0	0
105373381	2	0	0	1
105373384	40	71	24	60
105373400	0	0	0	0
105373460	0	0	0	0
105373463	1	5	0	1
105373507	0	0	0	0
105373509	2	2	0	4
105373518	0	0	0	2
105373519	0	0	0	0
105373536	0	0	0	0
105373537	0	0	0	0
105373538	1	0	0	0
105373557	2	5	0	3
105373597	0	0	0	0
105373600	0	0	0	0
105373615	5	0	1	3
105373617	0	0	0	0
105373635	0	0	0	0
105373637	13	4	4	20
105373647	0	0	0	0
105373654	4	0	1	1
105373656	5	0	0	1
105373662	0	0	0	0
105373669	0	0	0	0
105373683	0	0	0	0
105373684	1	0	0	0
105373708	0	0	0	0
105373719	0	0	0	0
105373748	21	16	4	34
105373764	4	1	0	2
105373772	4	3	1	1
105373786	4	1	1	1
105373805	0	3	0	3
105373813	0	0	0	0
105373818	2	0	0	0
105373824	0	0	1	0
105373852	0	0	0	0
105373853	2	3	2	1
105373863	0	0	0	0
105373868	0	0	0	0
105373869	1	1	0	1
105373877	3	1	1	0
105373878	3	33	0	5
105373884	38	16	7	35
105373885	1	1	0	0
105373886	1	2	0	13
105373889	0	0	0	0
105373904	2	4	2	7
105373934	1	1	1	0
105373958	53	73	3	105
105373962	0	0	0	0
105373970	0	3	3	0
105373979	0	0	0	1
105373984	1	0	2	0
105374057	0	0	0	0
105374104	25	27	16	30
105374105	36	21	15	95
105374119	0	8	0	2
105374146	0	0	0	0
105374149	0	0	0	0
105374155	6	11	7	13
105374158	0	0	0	0
105374165	0	2	1	1
105374177	2	3	0	4
105374201	0	0	0	0
105374205	5	12	0	3
105374219	4	6	2	0
105374244	0	0	0	0
105374245	2	2	0	2
105374249	11	12	3	13
105374250	2	0	0	0
105374251	0	0	0	0
105374258	20	23	5	4
105374261	2	0	6	20
105374266	0	0	0	0
105374272	0	0	0	0
105374285	20	43	51	56
105374289	1	0	1	0
105374293	0	0	0	1
105374322	0	0	0	0
105374323	0	2	1	3
105374363	448	702	145	430
105374366	8	20	7	25
105374374	0	0	0	0
105374394	0	0	0	0
105374400	0	0	0	0
105374410	1	0	0	0
105374411	4	0	0	1
105374419	35	13	6	11
105374425	0	0	0	0
105374436	0	0	0	0
105374449	0	0	0	0
105374476	2	2	4	3
105374484	0	0	0	0
105374540	0	0	0	0
105374546	8	16	17	18
105374561	0	0	0	0
105374565	0	0	0	0
105374580	0	1	1	1
105374582	0	0	0	1
105374596	0	0	0	0
105374624	0	0	0	0
105374627	0	0	0	0
105374631	0	0	0	0
105374640	0	0	0	2
105374644	0	0	0	0
105374648	0	0	0	0
105374652	0	1	0	0
105374658	0	0	0	0
105374667	0	0	0	0
105374676	0	0	0	0
105374677	0	0	0	0
105374693	2	2	1	2
105374694	0	0	0	0
105374698	0	0	0	0
105374714	0	0	0	0
105374716	0	0	0	1
105374723	2	0	0	0
105374727	2	25	1	1
105374728	0	0	0	0
105374729	0	0	0	0
105374744	0	0	0	0
105374749	11	9	4	5
105374758	4	0	0	0
105374771	24	18	8	4
105374774	4	0	0	0
105374791	2	1	0	3
105374845	28	16	11	21
105374847	0	0	0	0
105374855	2	1	0	0
105374880	15	4	1	11
105374885	1	0	0	1
105374888	1	1	1	3
105374895	1	2	0	1
105374952	20	18	8	17
105374956	0	0	0	0
105374978	0	0	0	0
105375009	4	0	1	0
105375013	7	8	5	9
105375014	0	3	6	0
105375015	1	0	0	0
105375037	1	0	1	0
105375077	0	0	0	0
105375095	13	7	5	1
105375132	1	0	0	0
105375176	1	0	0	0
105375192	0	0	0	0
105375210	6	7	1	2
105375215	20	12	5	12
105375240	4	4	0	2
105375261	2	9	1	2
105375273	0	0	0	0
105375287	2	0	0	0
105375304	22	6	1	7
105375355	46	59	84	36
105375368	58	51	58	34
105375380	0	0	0	0
105375392	7	0	0	1
105375396	1	6	1	1
105375401	4	0	2	1
105375403	31	15	9	5
105375405	0	1	0	1
105375430	79	42	30	119
105375441	0	0	4	0
105375475	0	0	0	0
105375486	26	0	0	0
105375519	14	14	14	97
105375538	82	2	0	15
105375545	8	6	3	8
105375563	170	67	52	232
105375564	25	13	3	14
105375591	77	85	43	93
105375606	55	115	9	34
105375616	0	0	1	0
105375622	1	0	1	0
105375624	275	74	68	33
105375645	0	1	0	2
105375650	1	69	10	6
105375666	26	14	18	19
105375674	10	13	4	11
105375675	2	1	0	0
105375679	0	0	3	0
105375680	0	0	1	0
105375700	10	49	17	13
105375706	0	0	0	0
105375726	17	9	19	32
105375732	0	0	0	0
105375734	0	0	2	4
105375744	0	0	0	2
105375746	24	4	8	9
105375787	1	0	2	2
105375790	2	4	2	10
105375822	0	0	0	0
105375823	0	0	0	0
105375843	0	0	0	0
105375847	1	0	0	1
105375904	0	0	0	0
105375929	0	0	0	0
105375968	0	1	0	0
105376036	0	0	0	1
105376064	0	0	2	0
105376072	13	7	4	0
105376114	61	30	26	51
105376116	1	0	0	0
105376124	0	0	0	0
105376144	0	0	0	1
105376162	0	7	2	1
105376199	1	1	0	0
105376220	937	1179	210	801
105376230	0	1	1	2
105376277	0	0	0	0
105376290	1	2	0	0
105376297	3	4	0	1
105376310	0	0	0	1
105376323	55	32	10	12
105376348	0	0	0	0
105376351	0	0	0	0
105376354	2	0	8	1
105376365	0	0	0	0
105376382	51	131	47	49
105376386	0	0	0	0
105376388	6	1	0	1
105376402	0	0	19	0
105376421	2	0	0	0
105376432	0	0	0	0
105376444	0	0	0	0
105376453	2	0	0	0
105376462	0	0	0	0
105376463	1	4	2	1
105376466	0	2	1	1
105376468	1	4	1	1
105376480	0	0	0	0
105376490	0	0	0	0
105376491	1	6	7	6
105376493	0	1	0	0
105376495	0	0	0	0
105376499	0	0	0	0
105376513	0	0	0	0
105376527	1	3	2	1
105376541	2	2	4	0
105376544	12	4	0	5
105376550	6	0	0	0
105376554	0	2	0	0
105376557	24	7	0	19
105376561	0	0	0	0
105376562	0	0	0	0
105376569	0	0	0	0
105376570	0	1	2	0
105376580	2	1	0	0
105376592	11	0	2	10
105376593	0	0	0	0
105376594	0	0	0	0
105376596	0	0	0	0
105376599	0	0	0	0
105376602	0	0	0	0
105376603	0	0	0	0
105376605	1	0	0	0
105376606	0	0	0	0
105376607	1	1	0	0
105376609	3	0	0	0
105376619	0	0	0	0
105376620	0	0	0	0
105376623	0	0	0	0
105376633	0	0	0	0
105376640	0	0	0	0
105376647	0	0	0	1
105376658	0	0	0	0
105376662	1	1	1	1
105376671	6	18	3	8
105376672	12	0	0	0
105376673	0	0	0	0
105376679	0	0	0	0
105376680	0	0	0	0
105376681	0	0	0	0
105376698	0	0	0	0
105376714	19	91	61	73
105376736	8	8	6	4
105376744	0	0	0	0
105376745	0	0	0	0
105376748	33	144	42	54
105376752	0	0	0	1
105376762	3	1	0	3
105376814	0	0	0	0
105376827	0	0	0	0
105376834	1	0	0	1
105376843	69	90	14	24
105376854	0	0	0	0
105376871	9	4	2	5
105376878	1	0	0	2
105376879	0	0	0	0
105376890	0	0	0	0
105376946	1	0	0	0
105376955	0	0	0	1
105376992	2	0	0	0
105377003	0	0	2	0
105377006	2	1	2	2
105377007	0	0	0	0
105377023	215	623	181	272
105377031	2	7	1	0
105377068	48	5	22	4
105377096	0	0	0	0
105377098	3	0	0	0
105377105	111	174	127	105
105377108	11	123	28	42
105377110	1	0	0	0
105377138	5	2	1	2
105377165	4	14	0	2
105377172	0	0	0	0
105377175	0	0	19	0
105377180	0	0	0	0
105377192	0	0	0	0
105377199	4	5	1	3
105377240	0	0	0	0
105377243	0	0	0	0
105377245	0	0	0	0
105377247	0	0	0	0
105377248	0	0	0	0
105377249	0	0	0	0
105377256	0	0	0	0
105377283	364	320	56	50
105377289	32	19	11	13
105377301	0	0	0	0
105377303	2	1	0	6
105377307	0	0	2	0
105377335	11	3	1	2
105377338	0	0	0	0
105377342	178	20	14	29
105377348	23	11	8	18
105377349	0	0	0	1
105377355	0	0	0	0
105377372	5	2	62	6
105377373	0	0	0	0
105377389	0	1	0	0
105377390	7	4	21	0
105377391	0	0	0	0
105377400	1	1	0	0
105377420	0	0	0	0
105377424	0	0	0	0
105377434	0	0	0	0
105377439	0	0	0	0
105377441	0	1	1	1
105377443	1	0	0	0
105377446	0	0	0	0
105377456	0	0	0	0
105377466	27	0	0	24
105377477	0	1	0	0
105377486	17	6	6	18
105377512	10	0	0	0
105377532	0	0	0	0
105377536	0	0	0	0
105377540	31	26	10	33
105377555	0	0	0	0
105377556	0	0	0	0
105377573	0	0	0	0
105377585	0	2	3	0
105377586	0	1	0	1
105377595	9	6	7	5
105377600	0	0	0	0
105377602	0	0	0	0
105377606	0	0	0	0
105377610	0	0	0	0
105377617	0	0	0	0
105377633	84	120	19	48
105377652	0	0	0	0
105377656	0	0	0	0
105377659	1	0	1	1
105377671	0	0	0	0
105377682	3	0	0	0
105377690	5	9	0	2
105377701	0	0	0	0
105377703	0	0	0	0
105377716	1	0	0	0
105377728	0	1	0	0
105377736	24	8	3	0
105377745	0	0	0	0
105377750	3	24	6	6
105377765	0	0	0	0
105377769	8	9	6	15
105377820	0	0	0	0
105377826	3	1	2	0
105377849	0	0	0	1
105377860	0	0	0	0
105377880	0	1	0	0
105377922	1	0	0	0
105377926	1	1	0	0
105377935	1	5	3	1
105377946	0	0	1	0
105377957	0	0	0	0
105377959	0	0	0	0
105377962	0	0	0	0
105377986	1	0	0	2
105377997	0	0	0	0
105378013	0	0	0	0
105378020	0	0	0	0
105378032	0	0	0	0
105378047	0	0	0	0
105378049	0	0	0	0
105378065	1	2	0	0
105378078	0	0	1	2
105378083	46	56	42	38
105378147	7	3	1	6
105378217	1	0	0	0
105378220	0	0	0	0
105378235	7	6	0	5
105378238	0	0	0	0
105378270	0	4	0	0
105378277	0	0	0	0
105378309	6	13	0	20
105378320	1	4	0	5
105378325	0	0	0	0
105378346	2	5	1	3
105378349	0	0	0	0
105378360	1	3	1	0
105378385	0	0	0	2
105378386	0	0	0	0
105378397	0	0	0	0
105378421	9	13	1	2
105378425	4	0	0	0
105378470	1	0	0	0
105378478	0	0	0	0
105378481	3	5	0	1
105378499	1	1	0	0
105378500	9	0	1	0
105378516	3	2	1	1
105378531	6	2	5	3
105378558	0	1	0	0
105378567	0	0	0	0
105378568	3	7	5	9
105378580	31	64	33	23
105378585	0	5	0	0
105378591	0	0	0	1
105378597	0	0	0	0
105378610	1	0	1	2
105378614	1	0	1	0
105378616	10	5	5	11
105378622	11	2	6	3
105378645	9	2	5	8
105378653	1	2	0	0
105378655	1	0	0	0
105378656	0	0	0	0
105378666	2	0	1	0
105378668	6	0	2	1
105378672	21	9	5	12
105378687	11	103	28	49
105378688	151	260	62	83
105378696	0	0	0	0
105378712	0	1	0	0
105378715	0	0	0	2
105378716	0	1	1	0
105378720	23	25	29	26
105378732	1	2	1	5
105378734	0	0	0	0
105378738	0	0	0	0
105378739	0	0	0	0
105378744	7	9	3	2
105378753	52	19	12	64
105378756	148	27	19	42
105378760	1	1	0	0
105378763	691	364	30	321
105378769	0	0	0	0
105378785	0	0	1	0
105378786	0	0	0	0
105378788	0	0	0	0
105378792	0	0	0	0
105378799	0	0	1	0
105378803	7	0	1	0
105378824	3	1	1	5
105378828	6	3	2	9
105378852	0	0	0	0
105378853	45	47	5	125
105378854	1	0	0	1
105378855	2	1	0	2
105378872	1	0	41	0
105378884	0	0	0	0
105378889	0	0	0	0
105378892	44	55	12	39
105378897	0	0	0	0
105378909	25	14	19	7
105378910	0	0	1	0
105378912	8	21	8	9
105378916	9	1	4	0
105378934	3	0	0	0
105378949	4	11	5	14
105378952	0	0	0	0
105378960	0	0	0	0
105378966	0	0	0	2
105378991	2	2	1	3
105378992	9	84	19	3
105379006	0	0	0	0
105379033	0	0	0	0
105379036	0	0	1	0
105379041	45	16	0	2
105379054	1	0	0	0
105379057	25	8	3	16
105379069	0	0	0	0
105379076	0	0	0	0
105379098	0	0	0	0
105379132	18	9	1	4
105379141	0	0	0	0
105379143	9	4	3	7
105379152	7	1	1	5
105379194	30	67	13	9
105379197	4	1	0	0
105379202	0	0	0	0
105379219	1	2	4	6
105379234	5	0	0	0
105379268	0	0	0	0
105379269	0	0	0	0
105379270	0	0	0	0
105379351	1	0	0	0
105379386	0	0	0	0
105379407	219	1169	108	374
105379427	1	1	3	0
105379438	0	0	0	0
105379478	0	0	0	0
105379479	0	0	0	0
105379487	0	0	0	1
105379511	0	0	0	0
105379695	0	0	0	1
105379778	0	0	0	1
10538	160	203	55	73
10539	2258	3014	1813	4966
1054	4434	5532	3010	5899
10540	5631	6409	4015	4313
10541	9186	8128	4921	14848
105416157	89	64	22	128
105419997	0	3	0	0
10542	1587	1360	1272	1502
10544	1247	651	309	4607
105447648	0	0	0	0
105463123	67	296	377	2118
10548	187	75	94	230
10549	4950	4443	2715	10964
10550	4941	5619	3108	2790
10551	46997	28591	11276	21911
10552	1056	1470	713	1897
10553	2810	6069	1825	3535
10554	1179	824	798	1049
10555	6544	16172	5660	10555
10556	866	1102	587	1349
10557	343	608	408	656
10558	2823	4214	1883	3750
10559	412	1340	540	465
1056	25568	178	19	86
10560	900	1482	406	1610
10561	555	501	51	241
105616916	0	0	0	0
105616981	0	0	0	0
105616982	0	0	0	0
10562	205435	19506	6364	446
10563	228	146	3	11
10564	6088	5806	3028	5865
10565	4797	3071	4284	6554
10566	17	6	52	12
105664404	0	0	0	0
10567	368	1119	439	529
10568	16	3	0	2
10569	2486	2566	1098	1873
1057	596	442	4	241
10570	26	20	1	21
10572	1900	1987	1184	4925
10573	2118	2006	1013	3022
10574	16237	12108	6998	27739
105748977	1	0	0	1
10575	7438	4627	2877	11876
105751187	5	1	2	3
105755953	0	0	0	0
105755954	4	0	0	0
10576	8920	7535	6766	10952
10577	3631	3848	1387	4169
10578	70	30	17	62
10579	5406	4895	4329	5726
1058	317	194	234	1196
10580	3563	568	965	1559
10581	2396	4131	5688	1729
105827617	186	0	12	8
10584	15	2	11	13
10585	1492	2302	1032	2311
10586	222	35	8	97
10587	1102	645	618	934
10588	51	16	9	20
10589	2219	4797	1533	3593
1059	8073	5621	2209	5502
10590	116	9	4	1
10591	1683	4021	1357	2250
10592	1407	800	944	2652
10594	13855	6341	10758	12350
10595	4400	8730	4929	3180
10597	107	186	24	118
10598	5069	4180	3919	7536
10599	3	2	27	2
1060	881	503	510	565
10600	2299	2061	1482	1907
10602	1903	556	249	525
106029310	0	0	0	0
10603	188	288	77	620
10605	2952	2057	1219	3153
106050037	1	1	0	0
10606	11397	3827	5595	16173
10607	2523	1934	1080	2686
10608	3999	2502	1825	2951
10609	760	776	472	980
1061	1	1	1	0
10610	11	167	90	45
10611	4037	1794	3086	2332
10612	1052	1161	662	780
10613	3392	4849	2467	5248
10614	2108	1272	1296	2586
106144524	0	0	5	0
106144526	7	1	0	2
106144527	0	0	0	0
106144528	0	1	0	1
106144529	2	3	2	2
106144530	0	0	0	0
106144531	1	0	0	0
106144532	2	26	3	6
106144533	0	0	0	0
106144534	0	1	0	5
106144536	0	0	0	0
106144537	0	0	0	0
106144538	3	0	1	25
106144539	0	0	0	0
106144540	0	0	0	0
106144541	0	0	0	0
106144542	0	0	0	0
106144544	0	0	0	0
106144568	0	0	0	0
106144575	0	0	0	0
106144578	0	0	0	0
106144584	2	11	3	10
106144585	0	0	0	0
106144586	2	1	0	3
106144592	0	0	0	0
106144593	30	13	2	11
106144598	3	0	1	5
106144599	0	0	1	0
106144601	1	0	0	0
106144602	0	0	0	0
106144607	0	0	0	0
106146146	2	6	5	10
106146148	0	0	0	0
106146149	0	0	0	0
10615	1160	1050	1142	2861
10616	12178	12280	2979	12501
10617	2432	2789	992	3091
10618	24193	23637	9004	22152
106182118	5	3	1	2
106182249	0	1	0	0
1062	646	244	736	1292
10620	696	262	233	612
10621	656	655	223	879
10622	238	153	167	357
10623	1592	1669	790	1634
10625	7133	5715	5292	4811
10626	870	656	925	650
10627	5786	6294	3621	6386
10628	13407	27237	12905	15237
10629	450	681	206	554
1063	2499	1477	3387	5581
10630	1065	203	116	495
10631	1159	302	457	1896
10632	648	1564	543	1064
10633	17	30	17	14
10634	486	775	553	728
10635	395	283	445	986
10636	898	932	506	1005
10637	1054	9197	3000	4329
10640	2076	922	1241	2179
10641	973	1907	896	1340
10642	80	6	2	1175
10643	315	3	2	661
10644	3164	3855	1449	4837
10645	3729	3363	2315	3438
106456574	0	0	0	0
10647	0	0	0	3
106478909	3	0	3	3
106478910	0	0	0	0
106478911	0	0	0	0
106478912	0	0	0	0
106478913	1	0	0	1
106478914	0	0	1	0
106478915	0	0	0	0
106478916	0	0	0	0
106478917	0	0	0	0
106478918	0	0	0	0
106478919	0	0	0	1
106478920	0	0	0	0
106478921	0	0	0	0
106478922	0	0	0	0
106478923	0	0	0	0
106478924	0	15	0	0
106478925	0	0	0	0
106478926	0	0	0	0
106478927	0	0	0	0
106478928	0	0	0	0
106478929	0	0	0	0
106478930	0	0	0	0
106478931	0	0	0	0
106478932	0	0	0	0
106478933	0	0	0	0
106478934	0	0	0	0
106478935	0	0	0	0
106478936	0	0	0	0
106478937	0	0	0	0
106478938	0	0	0	0
106478939	0	0	0	1
106478940	0	0	0	0
106478941	0	0	0	0
106478942	2	1	0	1
106478943	14	14	4	7
106478944	0	0	0	0
106478945	0	0	0	0
106478946	0	0	0	0
106478947	0	0	0	0
106478948	0	0	0	0
106478949	0	0	0	0
106478950	0	0	0	0
106478951	0	1	0	0
106478952	0	0	0	0
106478953	0	0	0	0
106478955	0	0	0	0
106478956	0	0	0	0
106478957	5	8	0	2
106478958	22	2	0	3
106478959	0	0	0	0
106478960	0	0	0	2
106478961	0	0	0	0
106478962	5	7	1	5
106478963	0	1	1	0
106478964	0	0	0	0
106478965	2	2	0	4
106478966	0	1	1	1
106478967	3	1	3	1
106478968	0	0	1	0
106478969	0	0	0	0
106478970	0	0	0	0
106478971	8	9	18	15
106478973	27	18	15	11
106478974	0	1	1	0
106478975	0	1	0	2
106478976	1	4	0	0
106478977	1	1	0	1
106478978	2	0	0	1
106478979	0	0	0	0
106478980	0	0	0	0
106478981	0	0	0	0
106478982	3	1	1	11
106478983	1	0	0	0
106478984	2	1	0	0
106478985	4	0	1	8
106478986	0	0	0	0
106478987	0	1	0	1
106478988	0	0	0	0
106478989	2	0	0	0
106478990	0	1	0	0
106478991	2	1	5	3
106478992	0	0	0	0
106478993	0	0	0	0
106478994	0	0	0	0
106478995	0	0	0	0
106478996	0	0	0	0
106478997	0	0	0	0
106478998	0	0	0	0
106478999	0	0	0	0
106479000	0	0	0	0
106479001	0	1	0	0
106479002	0	0	0	0
106479003	1	3	0	0
106479004	0	0	0	0
106479005	0	0	0	0
106479006	4	1	4	4
106479007	0	0	0	1
106479008	0	0	0	0
106479009	0	0	0	0
106479010	0	0	0	0
106479011	0	0	0	0
106479012	0	0	0	0
106479013	1	0	0	0
106479014	0	0	0	0
106479015	0	0	0	0
106479016	1	0	0	0
106479017	1	1	0	1
106479018	0	0	0	0
106479019	0	0	0	0
106479020	7	11	7	15
106479021	0	0	0	0
106479022	0	0	0	0
106479023	0	0	0	0
106479024	0	0	0	0
106479025	0	0	0	1
106479026	1	0	1	0
106479027	0	0	0	0
106479028	0	0	0	0
106479029	0	0	0	0
106479030	0	0	0	0
106479031	0	0	0	0
106479032	0	0	0	0
106479033	0	0	0	0
106479034	0	0	0	0
106479035	0	0	0	0
106479036	0	0	0	0
106479037	10	3	6	10
106479038	30	22	48	40
106479039	0	0	0	0
106479040	0	2	1	2
106479041	0	0	0	0
106479042	38	37	22	27
106479043	0	0	0	0
106479044	0	0	0	0
106479045	1	0	0	3
106479046	0	0	0	0
106479047	0	0	0	0
106479048	0	0	0	0
106479049	0	0	0	0
106479050	0	0	0	0
106479051	1	0	0	3
106479052	0	0	0	0
106479053	0	0	0	0
106479054	0	0	0	0
106479055	0	0	0	0
106479056	0	0	0	0
106479057	0	0	0	0
106479058	0	0	0	0
106479059	0	0	0	0
106479060	0	0	0	0
106479061	0	0	0	0
106479062	0	0	0	0
106479063	0	0	0	0
106479064	0	0	0	0
106479065	0	0	0	0
106479066	0	0	0	0
106479067	0	0	0	0
106479068	0	1	0	0
106479069	0	2	0	1
106479070	0	0	0	0
106479071	0	2	0	1
106479072	0	0	0	2
106479073	0	0	0	0
106479074	0	0	0	0
106479075	0	0	0	0
106479076	0	0	0	0
106479077	3	5	5	3
106479078	0	0	0	1
106479079	0	0	0	0
106479080	0	0	0	0
106479081	0	0	0	0
106479082	0	0	0	0
106479083	0	0	0	0
106479085	0	0	0	1
106479086	0	0	0	0
106479087	0	0	0	0
106479088	0	0	0	0
106479089	0	3	6	3
106479090	0	0	0	0
106479091	1	0	0	0
106479092	0	0	0	0
106479093	0	0	0	1
106479094	0	0	0	0
106479095	0	0	0	0
106479096	0	0	0	0
106479097	0	1	0	0
106479098	0	0	0	0
106479099	1	0	0	1
106479100	0	0	0	0
106479101	0	0	0	0
106479102	0	0	0	0
106479103	0	0	0	0
106479104	0	0	0	0
106479105	17	20	15	28
106479106	7	0	0	1
106479107	0	0	0	0
106479108	3	3	1	5
106479109	0	0	0	0
106479110	0	0	0	0
106479111	1	0	0	0
106479112	0	0	0	0
106479113	0	0	0	0
106479114	0	1	0	0
106479115	0	0	0	0
106479116	0	0	0	0
106479117	0	0	0	0
106479118	0	1	0	1
106479119	0	0	0	0
106479120	0	0	0	0
106479121	0	1	0	0
106479122	0	0	0	0
106479123	0	0	0	0
106479124	0	0	0	0
106479125	0	0	0	0
106479126	0	0	0	2
106479127	5	1	4	4
106479128	0	0	0	0
106479129	0	1	0	3
106479130	8	14	3	9
106479131	0	0	0	0
106479132	2	0	0	0
106479133	1	0	0	0
106479134	0	0	0	0
106479135	0	0	0	0
106479136	0	0	0	0
106479137	0	0	0	0
106479138	0	0	0	0
106479139	0	0	0	0
106479140	0	0	0	0
106479141	0	0	0	0
106479142	0	0	0	0
106479143	0	0	0	0
106479144	0	0	0	0
106479145	1	0	0	0
106479146	0	0	0	0
106479147	0	0	0	0
106479148	0	0	0	0
106479149	0	0	0	0
106479150	0	0	0	0
106479151	0	0	0	0
106479152	0	0	0	0
106479153	0	0	0	0
106479154	1	0	0	0
106479155	0	0	0	0
106479156	0	0	0	1
106479157	0	0	0	0
106479158	0	0	0	0
106479159	0	0	0	0
106479160	0	0	0	0
106479161	0	0	0	0
106479162	0	0	0	0
106479163	0	0	0	0
106479164	0	0	0	0
106479165	0	0	0	0
106479166	2	3	2	3
106479167	0	0	0	0
106479168	0	0	0	0
106479169	0	0	0	0
106479170	0	0	0	0
106479171	0	0	0	0
106479172	0	0	0	0
106479173	0	0	0	0
106479174	0	0	0	0
106479175	0	1	0	0
106479176	0	0	0	0
106479177	0	0	0	0
106479178	1	0	0	2
106479179	0	0	0	0
106479180	0	0	0	0
106479181	0	0	0	1
106479182	0	0	0	0
106479183	0	0	0	4
106479184	0	0	0	0
106479185	0	0	0	0
106479186	1	0	0	1
106479187	0	0	0	0
106479188	0	0	0	0
106479189	0	0	0	0
106479190	0	0	0	0
106479191	0	0	0	0
106479192	0	0	0	1
106479193	0	0	0	0
106479194	0	0	0	0
106479195	0	0	0	1
106479196	0	0	0	0
106479197	0	0	1	0
106479198	0	0	0	0
106479199	0	0	0	0
106479200	0	0	1	1
106479201	0	0	0	0
106479202	0	0	0	0
106479203	0	0	0	0
106479204	0	0	0	0
106479205	0	0	0	0
106479206	0	0	0	0
106479207	0	0	0	0
106479208	0	0	0	0
106479209	0	0	0	0
106479210	0	0	0	0
106479211	0	0	0	0
106479212	0	0	0	0
106479213	0	0	0	2
106479214	0	0	0	0
106479215	0	0	0	0
106479216	0	0	0	0
106479217	0	0	0	0
106479218	1	0	0	0
106479219	0	0	0	0
106479220	0	0	0	0
106479221	0	0	0	0
106479222	0	0	0	0
106479223	0	0	0	0
106479224	0	0	0	0
106479225	3	0	0	2
106479226	0	0	0	0
106479227	0	0	0	0
106479228	0	0	0	0
106479229	0	0	0	0
106479230	6	1	3	4
106479231	1	0	0	2
106479232	0	0	0	0
106479233	0	0	0	0
106479234	1	0	0	0
106479235	0	0	0	1
106479236	0	0	0	0
106479237	0	0	0	0
106479238	0	0	0	0
106479239	0	0	0	0
106479240	0	0	0	0
106479241	0	0	0	1
106479242	0	0	0	0
106479243	0	0	0	0
106479244	0	0	0	0
106479245	0	0	0	0
106479246	0	0	0	0
106479247	0	0	0	0
106479248	1	1	0	2
106479249	0	0	0	0
106479250	1	0	0	2
106479251	1	1	0	0
106479252	0	0	0	0
106479253	4	3	7	10
106479254	0	0	0	0
106479255	0	0	0	0
106479256	0	0	0	0
106479258	0	0	0	0
106479259	0	0	0	0
106479260	0	0	0	0
106479261	0	0	0	0
106479262	0	0	0	0
106479263	0	0	1	0
106479264	0	0	0	0
106479265	0	1	0	0
106479266	0	0	0	0
106479267	0	1	0	1
106479268	0	0	0	0
106479269	10	3	5	4
106479270	0	88	1	9
106479271	0	0	0	0
106479272	0	0	0	0
106479273	0	0	0	0
106479274	0	1	0	0
106479275	0	1	0	0
106479276	0	0	0	0
106479277	4	0	2	2
106479278	0	0	0	0
106479279	0	0	0	0
106479280	0	0	0	3
106479281	1	0	0	0
106479282	0	0	0	0
106479283	0	0	0	0
106479284	0	0	0	2
106479285	0	0	0	0
106479286	0	0	0	0
106479287	0	0	1	0
106479288	0	0	0	0
106479289	0	0	0	0
106479290	0	0	0	0
106479291	0	0	0	0
106479292	0	0	0	0
106479293	0	0	0	0
106479294	1	0	0	0
106479295	0	0	0	0
106479296	0	0	0	0
106479297	0	0	0	0
106479298	0	0	0	0
106479299	0	0	0	0
106479300	0	0	0	0
106479301	0	0	0	0
106479302	0	0	0	0
106479303	0	0	0	3
106479304	0	0	3	2
106479305	0	0	0	0
106479306	0	0	0	0
106479307	0	0	0	0
106479308	0	0	0	0
106479309	3	1	2	0
106479310	0	0	0	0
106479311	0	0	0	0
106479312	0	0	0	0
106479313	0	0	0	0
106479314	0	0	0	1
106479315	2	2	1	1
106479316	0	0	0	0
106479317	3	2	5	7
106479318	0	0	0	2
106479319	21	13	11	25
106479320	1	0	0	1
106479321	0	0	0	0
106479322	0	0	0	0
106479323	0	1	0	0
106479324	0	0	0	0
106479325	0	0	0	0
106479326	0	0	0	2
106479327	0	0	0	0
106479328	0	0	0	0
106479329	0	0	0	0
106479330	0	0	0	0
106479331	0	0	0	0
106479332	0	0	0	1
106479333	0	0	0	0
106479334	0	0	0	0
106479335	0	0	0	0
106479336	0	0	0	0
106479337	0	0	0	0
106479338	0	0	0	0
106479339	0	0	0	0
106479340	0	0	0	0
106479341	0	0	0	0
106479342	0	0	0	2
106479343	0	0	0	0
106479344	0	0	0	0
106479345	0	0	1	0
106479346	3	0	1	0
106479347	0	1	0	0
106479348	0	0	0	1
106479349	0	0	0	0
106479350	0	0	0	0
106479351	2	0	1	0
106479352	0	0	0	0
106479353	0	1	0	1
106479354	0	0	0	0
106479355	0	0	0	0
106479356	5	3	3	2
106479357	3	7	8	8
106479358	0	0	0	0
106479359	0	0	0	0
106479360	1	0	0	0
106479361	0	0	0	0
106479362	23	20	9	10
106479363	0	0	0	0
106479364	0	0	0	0
106479365	3	0	1	3
106479366	0	0	0	0
106479367	0	0	0	2
106479368	1	2	0	2
106479369	0	0	0	0
106479370	0	0	0	3
106479371	0	0	0	0
106479372	0	1	1	1
106479373	3	1	3	2
106479374	0	0	0	0
106479375	0	0	0	0
106479376	0	0	0	0
106479377	0	0	0	0
106479378	0	1	0	0
106479379	0	0	0	0
106479380	0	0	0	0
106479381	0	0	0	0
106479383	1	0	0	0
106479384	3	0	2	4
106479385	0	1	0	0
106479386	0	0	0	0
106479387	0	0	2	1
106479388	0	0	0	0
106479389	1	1	0	0
106479390	0	1	0	0
106479391	0	0	0	0
106479392	0	0	0	0
106479393	0	0	0	0
106479394	0	0	0	1
106479395	0	0	0	0
106479396	0	0	0	4
106479397	5	5	0	1
106479398	0	0	0	0
106479399	0	0	0	0
106479400	0	0	0	0
106479401	0	0	0	0
106479402	0	0	0	0
106479403	0	0	1	0
106479404	0	0	0	0
106479405	0	0	0	0
106479407	1	0	1	2
106479408	0	0	0	0
106479409	0	0	0	0
106479410	2	1	0	3
106479411	0	0	0	0
106479412	0	0	0	0
106479413	5	24	1	4
106479414	0	0	0	0
106479415	1	2	1	0
106479416	0	0	0	0
106479417	9	8	2	6
106479418	0	0	0	0
106479419	0	0	0	0
106479420	1	0	0	4
106479421	0	0	0	0
106479422	0	0	0	0
106479423	0	0	0	0
106479424	0	0	0	0
106479425	0	0	0	0
106479426	0	0	0	0
106479427	0	0	0	0
106479428	1	0	0	0
106479429	0	0	0	0
106479430	0	0	0	0
106479431	0	0	0	0
106479432	0	0	0	0
106479433	0	0	0	0
106479434	0	0	0	0
106479435	0	0	0	0
106479436	0	0	0	0
106479437	0	0	0	4
106479438	4	4	2	0
106479439	1	1	0	2
106479440	0	0	0	0
106479441	0	0	0	0
106479442	0	0	0	0
106479443	0	0	0	0
106479444	1	4	1	0
106479445	0	0	0	0
106479446	0	0	0	0
106479447	0	0	0	0
106479448	0	0	0	0
106479449	0	0	0	0
106479450	0	0	0	1
106479451	0	0	0	0
106479452	0	0	0	0
106479453	0	0	0	0
106479454	0	0	0	1
106479455	0	0	0	0
106479456	0	0	0	0
106479457	0	0	0	0
106479458	0	0	0	0
106479459	0	4	1	8
106479460	1	5	1	0
106479461	0	0	0	0
106479462	0	0	0	0
106479463	0	0	0	0
106479464	2	1	0	0
106479465	0	0	0	1
106479466	0	0	0	0
106479468	2	3	0	5
106479470	0	0	0	0
106479471	0	1	0	0
106479472	5	11	4	4
106479473	0	0	0	0
106479474	0	1	0	1
106479475	0	1	0	0
106479476	0	0	0	0
106479477	0	0	0	1
106479478	0	0	0	0
106479479	0	0	0	0
106479480	11	13	1	2
106479481	0	0	0	1
106479482	0	0	0	0
106479483	0	0	0	0
106479484	0	0	0	0
106479485	0	0	0	0
106479486	0	0	0	0
106479487	1	0	0	0
106479488	1	0	0	0
106479489	3	2	0	1
106479490	0	0	0	0
106479491	0	0	0	0
106479492	0	0	0	0
106479493	4	0	1	2
106479494	3	1	0	1
106479495	1	3	1	2
106479496	1	0	0	4
106479497	0	0	0	0
106479498	0	0	0	0
106479499	0	0	0	0
106479500	1	0	0	0
106479501	0	0	0	0
106479502	0	0	0	0
106479503	0	0	0	0
106479504	0	0	0	0
106479505	0	0	0	0
106479506	0	0	0	0
106479507	0	0	0	0
106479508	0	0	1	1
106479509	0	0	0	0
106479510	0	1	0	0
106479511	0	0	0	0
106479512	0	0	0	0
106479513	0	0	0	0
106479514	1	1	0	0
106479515	1	1	1	0
106479516	14	3	10	11
106479517	0	2	0	0
106479518	1	2	0	0
106479519	0	0	0	1
106479520	0	0	0	0
106479521	0	0	0	0
106479522	0	0	0	0
106479523	0	0	0	0
106479524	11	10	5	10
106479525	0	0	0	0
106479526	0	0	0	0
106479527	6	1	1	12
106479528	0	0	0	0
106479529	1	0	0	0
106479530	0	0	0	0
106479531	0	0	0	0
106479532	2	1	0	0
106479533	0	0	0	0
106479534	0	0	0	0
106479535	0	0	0	0
106479536	0	0	0	1
106479537	0	0	0	0
106479538	0	0	0	0
106479539	0	0	1	0
106479540	0	0	0	0
106479541	0	0	0	0
106479542	0	0	0	0
106479543	0	0	0	0
106479544	0	0	0	0
106479545	0	0	0	0
106479546	0	0	0	0
106479547	0	1	1	1
106479548	0	0	0	0
106479549	0	0	0	0
106479550	0	1	2	0
106479551	22	1	6	2
106479552	0	0	0	0
106479553	0	0	0	0
106479554	4	0	5	7
106479555	0	0	0	0
106479556	1	2	0	0
106479557	0	0	1	0
106479558	0	0	0	0
106479559	0	0	1	0
106479560	0	1	0	0
106479561	0	0	0	0
106479562	1	0	0	0
106479563	0	0	0	0
106479564	0	0	0	0
106479565	0	0	0	0
106479566	0	1	0	0
106479567	0	0	0	0
106479568	2	2	1	4
106479569	0	0	0	0
106479570	0	0	0	0
106479571	0	0	0	0
106479572	0	0	0	0
106479573	0	0	0	0
106479574	1	2	0	1
106479575	2	5	3	0
106479576	0	0	0	0
106479577	0	0	0	0
106479578	0	0	0	0
106479579	5	9	1	6
106479580	0	0	0	1
106479581	0	1	0	0
106479582	1	8	1	6
106479583	0	0	0	0
106479584	0	0	0	0
106479585	0	0	0	0
106479586	2	1	0	1
106479587	0	0	0	0
106479588	0	0	0	0
106479589	0	0	0	0
106479590	0	0	0	0
106479591	0	0	0	0
106479592	0	0	0	0
106479593	0	0	0	0
106479594	1	7	2	0
106479595	0	0	0	0
106479596	0	0	0	0
106479597	0	0	0	0
106479598	0	0	0	0
106479599	0	0	0	0
106479600	0	0	0	0
106479601	0	0	0	0
106479602	0	0	0	0
106479603	0	0	0	0
106479604	0	0	0	0
106479605	3	1	2	0
106479606	0	0	0	0
106479607	0	0	0	0
106479608	0	0	0	0
106479609	0	0	0	0
106479610	0	0	0	0
106479611	0	1	0	0
106479612	0	0	0	0
106479613	0	0	0	0
106479614	0	0	0	1
106479615	0	1	1	2
106479616	0	0	0	0
106479617	0	0	0	0
106479618	6	9	1	4
106479619	0	0	0	0
106479620	0	0	0	1
106479621	0	0	1	3
106479622	1	1	1	5
106479623	0	0	0	0
106479624	0	0	0	0
106479625	1	0	0	0
106479626	1	0	0	0
106479627	0	0	0	0
106479628	0	1	0	0
106479629	0	0	0	0
106479630	1	0	3	3
106479631	0	0	0	0
106479632	0	0	0	0
106479633	0	0	0	0
106479634	0	0	0	0
106479635	0	0	0	0
106479636	0	0	0	0
106479637	0	0	0	0
106479638	0	0	0	0
106479639	0	0	0	0
106479640	0	0	0	0
106479641	0	0	0	0
106479642	0	0	0	0
106479643	0	0	0	0
106479644	0	0	0	0
106479645	0	0	0	0
106479646	0	0	0	0
106479647	0	2	0	1
106479648	0	0	0	0
106479649	0	0	1	0
106479650	1	0	0	0
106479651	0	0	0	0
106479652	0	2	0	0
106479653	0	0	0	0
106479654	0	0	0	0
106479655	0	0	0	0
106479656	0	1	0	0
106479657	0	0	0	0
106479658	1	0	0	0
106479659	0	0	0	0
106479660	0	0	0	0
106479661	0	0	0	1
106479662	0	1	2	0
106479663	0	0	0	1
106479664	0	0	0	0
106479665	0	0	0	0
106479666	0	0	0	0
106479667	0	0	0	0
106479668	0	1	0	2
106479669	0	1	0	2
106479670	0	0	0	0
106479671	0	0	0	0
106479672	0	1	1	2
106479673	0	0	0	0
106479674	0	0	0	0
106479675	0	0	0	0
106479676	0	0	0	0
106479677	0	0	0	0
106479678	0	0	0	0
106479679	0	0	0	0
106479680	0	0	0	0
106479681	0	0	0	0
106479682	0	0	0	0
106479683	1	1	0	0
106479684	0	0	0	0
106479685	0	0	0	0
106479686	0	0	0	0
106479687	0	0	0	0
106479688	0	0	0	0
106479689	0	0	0	0
106479690	0	0	0	0
106479691	2	1	0	2
106479692	0	0	0	0
106479693	0	0	0	0
106479694	0	1	0	1
106479695	0	0	0	0
106479696	0	1	0	0
106479697	0	0	0	0
106479698	0	0	0	0
106479699	0	0	0	0
106479700	0	0	0	0
106479701	0	0	0	1
106479702	0	0	0	0
106479703	0	0	0	1
106479704	0	0	0	0
106479705	0	0	0	0
106479706	2	2	5	0
106479707	1	1	1	2
106479708	0	0	0	0
106479709	0	0	0	0
106479710	0	0	0	0
106479711	0	0	0	0
106479712	0	0	0	0
106479713	0	0	0	1
106479714	0	0	0	0
106479715	0	0	0	0
106479716	0	0	0	0
106479717	0	0	0	0
106479718	0	0	0	0
106479719	6	1	3	1
106479720	0	0	0	0
106479721	0	0	0	0
106479722	0	0	0	0
106479723	1	0	8	1
106479724	0	0	0	0
106479725	0	0	0	0
106479726	0	0	0	0
106479727	0	0	0	0
106479728	0	0	0	0
106479729	0	0	0	0
106479730	0	0	0	0
106479731	0	0	0	0
106479732	0	0	0	0
106479733	5	5	1	6
106479734	1	0	0	1
106479735	0	0	0	0
106479736	0	0	0	0
106479737	2	10	2	0
106479738	0	0	0	1
106479739	0	0	0	0
106479740	0	0	0	0
106479741	0	0	0	0
106479742	0	0	0	0
106479743	0	0	0	0
106479744	0	0	0	0
106479745	5	3	0	1
106479746	0	0	0	0
106479747	0	0	0	0
106479748	0	0	0	0
106479749	1	0	0	0
106479750	0	0	0	0
106479751	0	0	0	0
106479753	0	0	0	0
106479754	0	0	0	0
106479755	0	0	0	0
106479756	0	0	0	2
106479757	0	0	0	0
106479758	0	0	0	0
106479759	0	1	1	1
106479760	0	0	0	0
106479761	1	0	0	0
106479762	1	0	0	1
106479763	0	0	0	0
106479764	0	0	0	0
106479765	0	0	0	0
106479766	0	0	0	0
106479767	0	0	0	0
106479768	0	0	0	0
106479769	0	0	0	1
106479770	0	0	0	0
106479771	0	0	0	0
106479772	0	0	0	0
106479773	0	0	0	0
106479774	0	0	0	0
106479775	0	0	0	0
106479776	0	0	0	0
106479777	9	2	3	5
106479778	0	0	0	0
106479779	0	0	0	0
106479780	1	8	1	1
106479781	1	2	0	1
106479782	0	0	0	0
106479783	0	0	0	0
106479784	0	0	0	0
106479785	0	1	0	0
106479786	0	0	0	0
106479787	0	0	0	0
106479788	0	0	0	0
106479789	0	0	0	0
106479790	0	0	0	0
106479791	0	0	0	0
106479792	0	2	1	2
106479793	0	1	0	0
106479794	9	15	5	1
106479795	0	0	0	0
106479796	0	0	0	0
106479797	0	0	0	0
106479798	0	0	0	0
106479799	0	0	0	0
106479800	0	0	0	0
106479801	0	0	0	0
106479802	8	1	3	2
106479803	0	0	0	0
106479804	0	0	0	0
106479805	0	0	0	0
106479806	1	0	0	0
106479807	0	0	0	0
106479808	0	0	0	0
106479809	0	0	0	0
106479810	3	1	0	1
106479811	0	0	0	0
106479812	0	9	2	3
106479813	0	0	0	0
106479814	0	0	0	0
106479815	0	0	0	0
106479816	0	1	0	1
106479817	1	3	0	0
106479818	0	0	0	0
106479819	0	0	0	0
106479820	4	1	3	1
106479821	0	0	0	0
106479822	3	1	1	2
106479823	0	0	0	0
106479824	1	2	1	0
106479825	2	0	0	0
106479826	0	0	0	0
106479827	0	0	0	0
106479828	0	0	0	0
106479829	3	1	0	1
106479830	0	0	0	0
106479831	0	0	0	0
106479832	0	0	0	0
106479833	0	0	0	0
106479834	0	0	0	0
106479835	1	10	2	1
106479836	3	2	4	6
106479837	0	0	0	0
106479838	0	0	0	0
106479839	0	0	0	0
106479840	0	0	0	1
106479841	0	0	0	0
106479842	0	0	0	0
106479843	0	0	0	0
106479844	0	0	0	0
106479845	0	0	0	0
106479846	0	0	0	0
106479847	0	0	0	0
106479848	0	0	0	0
106479849	0	0	0	0
106479850	0	0	0	1
106479851	0	0	0	0
106479852	0	0	0	0
106479853	0	0	0	0
106479854	0	0	0	0
106479855	0	0	0	0
106479856	0	0	0	0
106479857	0	0	0	0
106479858	3	8	3	2
106479859	0	0	0	0
106479860	0	0	0	0
106479861	0	0	0	0
106479862	0	0	0	0
106479863	0	0	0	2
106479864	0	0	0	0
106479865	4	3	2	3
106479866	0	0	0	0
106479867	0	0	0	0
106479868	0	0	0	0
106479869	0	0	0	0
106479870	1	1	0	2
106479871	0	0	0	0
106479872	0	0	0	0
106479873	1	3	1	3
106479874	0	0	0	0
106479875	0	0	0	0
106479876	3	2	4	0
106479877	2	0	0	0
106479878	0	0	0	0
106479879	0	0	0	0
106479880	0	0	0	0
106479881	1	0	0	0
106479882	0	0	0	0
106479883	0	0	0	0
106479884	0	0	0	0
106479885	2	0	0	3
106479886	0	0	0	0
106479887	0	3	0	1
106479888	0	0	0	0
106479889	0	0	0	0
106479890	0	0	0	0
106479891	0	0	0	0
106479892	0	0	0	0
106479893	0	0	0	0
106479894	0	0	0	0
106479895	0	1	0	0
106479896	0	0	0	0
106479897	1	2	0	0
106479898	0	0	0	0
106479899	0	0	0	0
106479900	0	0	0	0
106479901	1	1	0	2
106479902	0	1	0	8
106479903	4	11	3	11
106479904	0	0	0	0
106479905	0	0	0	0
106479906	0	0	0	0
106479907	0	0	0	0
106479908	0	0	0	0
106479909	0	0	0	0
106479910	0	0	0	0
106479911	0	0	0	0
106479912	0	0	0	0
106479913	0	0	0	0
106479914	0	0	1	0
106479915	0	0	0	1
106479916	0	0	0	0
106479917	0	0	0	0
106479918	0	0	0	0
106479919	0	0	0	0
106479920	0	0	0	0
106479921	0	0	0	0
106479922	0	0	0	0
106479923	2	0	1	0
106479924	0	0	0	0
106479925	0	0	0	0
106479926	0	0	0	0
106479927	0	0	0	0
106479928	0	0	0	0
106479929	1	2	0	0
106479930	1	0	0	0
106479931	0	0	0	0
106479932	1	0	0	0
106479933	0	0	0	0
106479934	0	0	0	0
106479935	1	4	2	4
106479936	0	0	0	0
106479937	0	0	0	0
106479938	0	0	0	0
106479939	0	0	0	0
106479940	0	0	0	0
106479941	0	0	0	0
106479942	1	1	0	0
106479943	0	2	0	0
106479944	1	0	0	0
106479945	0	0	1	0
106479946	0	0	0	0
106479947	0	0	0	0
106479948	0	0	0	0
106479949	0	0	0	0
106479950	0	0	0	0
106479951	0	0	0	0
106479952	0	0	0	0
106479953	1	0	0	2
106479954	0	0	0	0
106479955	1	0	0	0
106479956	0	0	0	0
106479957	1	0	0	0
106479958	0	0	0	0
106479959	0	0	0	1
106479960	0	0	0	0
106479961	0	0	1	1
106479962	0	0	0	0
106479963	0	0	1	0
106479964	0	0	0	0
106479965	0	0	0	0
106479966	0	0	0	0
106479967	0	0	0	0
106479968	0	0	0	0
106479969	0	0	0	1
106479970	1	0	0	0
106479971	1	0	0	0
106479972	0	0	0	0
106479973	0	0	0	0
106479974	0	0	0	0
106479975	5	13	3	2
106479976	0	0	0	0
106479977	0	0	0	0
106479978	0	0	0	0
106479979	0	0	0	0
106479980	1	1	0	0
106479981	0	0	0	0
106479982	0	0	0	0
106479983	1	4	0	2
106479984	4	6	3	2
106479985	0	0	0	0
106479986	0	0	0	0
106479987	0	0	0	0
106479988	1	0	0	0
106479989	0	0	0	0
106479990	0	0	0	0
106479991	0	0	0	0
106479992	1	1	0	1
106479993	0	0	0	0
106479994	2	0	1	0
106479995	0	0	0	0
106479996	0	0	0	0
106479997	0	0	0	0
106479998	0	0	0	0
106479999	2	0	0	0
10648	0	0	0	0
106480001	0	0	0	0
106480002	0	0	0	0
106480003	0	0	1	1
106480004	0	0	0	0
106480005	0	0	0	0
106480006	0	0	0	0
106480007	0	0	0	0
106480008	0	0	0	0
106480009	0	0	0	0
106480010	0	0	0	0
106480011	3	4	8	6
106480012	0	0	0	0
106480013	0	0	0	0
106480014	0	0	0	0
106480015	0	0	0	0
106480016	0	0	0	0
106480017	0	0	0	1
106480018	1	0	0	1
106480019	0	0	0	0
106480020	0	0	0	0
106480021	0	3	0	0
106480022	0	0	0	0
106480023	0	0	0	0
106480024	0	0	0	0
106480025	0	0	0	0
106480026	0	0	1	0
106480027	15	11	2	12
106480028	0	0	0	0
106480029	0	0	1	0
106480030	0	0	0	0
106480031	0	0	0	0
106480032	0	0	0	0
106480033	3	2	0	0
106480034	4	14	3	2
106480035	0	0	0	0
106480036	1	0	0	0
106480037	0	0	0	0
106480038	0	0	0	0
106480039	0	1	0	0
106480040	0	1	0	0
106480041	1	0	0	0
106480042	0	0	0	0
106480043	1	1	1	0
106480044	0	0	0	0
106480045	0	0	0	0
106480046	0	0	0	0
106480047	0	0	0	0
106480048	0	0	0	0
106480049	0	0	0	0
106480050	0	0	0	0
106480051	0	0	0	0
106480052	0	0	1	0
106480053	0	0	0	0
106480054	0	0	0	0
106480055	0	0	0	0
106480056	0	0	0	0
106480057	0	0	0	0
106480058	0	0	0	0
106480059	0	0	0	0
106480060	0	0	0	0
106480061	0	0	0	0
106480062	1	0	0	0
106480063	0	0	0	0
106480064	0	0	0	0
106480065	0	0	0	0
106480066	7	6	1	12
106480067	0	0	0	0
106480068	0	0	0	0
106480069	0	0	0	0
106480070	0	1	0	0
106480071	0	0	0	0
106480072	0	0	0	1
106480073	1	0	0	1
106480074	1	0	0	2
106480075	0	0	0	0
106480076	0	0	0	0
106480077	3	2	4	4
106480078	0	0	0	0
106480079	2	0	2	3
106480080	0	0	0	0
106480081	3	0	0	0
106480082	0	0	0	0
106480083	0	0	0	0
106480084	0	0	0	0
106480085	0	0	0	0
106480086	0	0	0	0
106480087	0	0	0	0
106480088	0	0	0	0
106480089	0	0	0	0
106480090	0	0	0	1
106480091	0	0	0	0
106480092	1	1	0	0
106480093	0	0	0	0
106480094	0	0	0	0
106480095	0	0	2	1
106480096	0	0	0	0
106480097	1	0	0	2
106480098	0	0	0	0
106480099	0	0	0	0
106480100	0	0	0	0
106480101	0	0	0	0
106480102	0	0	0	0
106480103	0	0	0	0
106480104	2	0	1	0
106480105	0	0	0	0
106480106	0	0	0	0
106480107	2	1	0	7
106480108	0	1	0	0
106480109	0	0	0	0
106480110	0	0	0	0
106480111	0	0	0	0
106480112	0	0	0	0
106480113	0	0	0	0
106480114	0	0	0	0
106480115	0	0	0	0
106480116	0	0	0	0
106480117	0	0	0	0
106480118	1	2	1	1
106480119	0	0	0	0
106480120	0	0	0	0
106480121	5	0	0	0
106480122	0	0	0	0
106480123	0	0	0	0
106480124	0	2	2	0
106480125	1	0	1	1
106480126	0	0	0	1
106480127	0	0	0	0
106480128	0	0	0	0
106480129	0	0	0	0
106480130	0	0	0	0
106480131	0	0	0	0
106480132	0	0	0	0
106480133	0	0	0	0
106480134	0	0	0	0
106480135	0	0	0	0
106480136	0	0	0	1
106480137	0	0	0	0
106480138	0	0	0	0
106480139	0	0	0	0
106480140	0	66	0	1
106480141	1	0	0	0
106480142	0	0	0	0
106480143	0	0	1	0
106480144	0	0	0	0
106480145	0	0	0	0
106480146	0	0	0	0
106480147	0	0	0	0
106480148	0	0	0	0
106480149	0	0	0	0
106480150	0	0	0	0
106480151	0	2	0	0
106480152	0	0	0	0
106480153	17	7	4	9
106480154	0	0	0	0
106480155	0	0	0	0
106480156	0	0	0	0
106480157	0	0	0	4
106480158	0	0	0	0
106480159	0	0	0	0
106480160	0	0	0	0
106480161	0	0	0	0
106480162	0	0	0	0
106480163	0	0	0	1
106480164	0	0	0	0
106480165	2	1	0	4
106480166	0	0	0	0
106480167	0	0	0	0
106480168	0	0	0	0
106480169	2	17	2	9
106480171	0	0	0	0
106480172	0	0	0	0
106480173	0	0	0	0
106480174	0	0	0	0
106480175	0	0	0	0
106480176	0	0	0	0
106480177	0	2	0	1
106480178	0	1	0	0
106480179	1	0	0	2
106480180	0	0	0	0
106480181	0	0	0	0
106480182	0	0	0	0
106480183	1	0	1	2
106480184	0	0	0	0
106480185	0	0	0	0
106480186	0	0	0	0
106480187	0	0	0	0
106480188	0	0	0	0
106480189	0	0	0	0
106480190	0	0	0	0
106480191	0	0	0	0
106480192	0	0	0	0
106480193	0	0	0	0
106480194	1	2	0	6
106480195	0	0	0	1
106480196	0	0	0	0
106480197	0	0	0	0
106480198	0	0	0	0
106480199	0	3	1	0
106480200	0	0	0	0
106480201	0	0	0	0
106480202	0	0	0	0
106480203	0	0	0	0
106480204	0	1	0	1
106480205	1	0	0	2
106480206	0	0	0	0
106480207	0	0	0	0
106480208	0	0	0	1
106480209	0	0	0	0
106480210	0	0	0	0
106480211	0	2	2	2
106480212	0	1	0	1
106480213	0	0	1	1
106480214	0	0	0	0
106480215	0	0	0	0
106480216	0	0	0	0
106480217	0	0	0	0
106480218	1	0	0	0
106480219	0	0	0	0
106480220	0	0	0	0
106480221	0	0	0	0
106480222	0	0	0	0
106480223	0	0	0	0
106480224	0	0	0	0
106480225	1	2	0	2
106480226	0	0	0	0
106480227	0	0	0	0
106480228	0	0	0	0
106480229	0	0	0	0
106480230	0	0	1	1
106480231	0	0	0	0
106480232	0	0	0	0
106480233	0	0	0	0
106480234	0	0	0	0
106480235	3	0	0	1
106480236	0	0	0	0
106480237	0	0	0	0
106480238	0	0	0	0
106480239	0	0	0	0
106480240	1	1	0	0
106480241	0	0	0	0
106480242	0	0	0	0
106480243	0	0	0	0
106480244	0	0	0	0
106480245	0	0	0	0
106480246	0	0	0	0
106480247	0	0	0	0
106480248	0	0	0	0
106480249	0	1	0	0
106480250	0	0	0	0
106480251	0	0	0	0
106480252	0	0	0	0
106480253	0	0	0	0
106480254	3	8	2	8
106480255	0	1	0	0
106480256	0	1	0	0
106480257	1	1	1	1
106480258	0	0	0	0
106480259	0	1	0	0
106480260	0	0	0	0
106480261	0	1	0	2
106480262	0	0	0	0
106480263	0	1	0	1
106480264	0	0	0	0
106480265	0	0	0	0
106480266	0	0	0	0
106480267	2	0	0	0
106480268	0	0	0	0
106480269	0	0	0	0
106480270	0	0	0	0
106480271	0	0	0	0
106480272	0	0	0	0
106480273	0	0	0	0
106480274	1	0	0	0
106480275	0	0	0	0
106480276	0	0	0	0
106480277	7	25	3	9
106480278	0	0	0	0
106480279	0	0	0	0
106480280	1	0	0	0
106480281	0	0	0	0
106480282	0	0	0	0
106480283	0	0	0	0
106480284	0	0	0	0
106480285	0	0	0	0
106480286	14	80	22	69
106480287	2	3	0	0
106480288	0	0	0	0
106480289	0	0	0	0
106480290	0	1	0	0
106480291	5	1	2	2
106480292	0	2	0	0
106480293	0	0	0	0
106480294	0	0	1	0
106480295	0	0	0	0
106480296	0	0	0	0
106480297	3	0	0	1
106480298	0	0	0	0
106480299	0	0	0	0
106480300	0	0	1	0
106480301	0	0	0	0
106480302	0	0	0	3
106480303	1	1	0	2
106480304	0	0	0	0
106480305	0	0	0	0
106480306	0	0	0	1
106480307	1	0	0	0
106480308	0	0	0	0
106480309	0	0	0	0
106480310	2	0	2	2
106480311	1	0	0	0
106480312	2	4	2	3
106480313	0	0	0	0
106480314	0	0	0	0
106480315	0	0	0	0
106480316	0	0	0	0
106480317	0	0	0	0
106480318	0	0	0	1
106480319	0	0	0	0
106480320	0	0	0	0
106480321	0	0	0	0
106480322	13	8	4	17
106480323	8	0	1	2
106480324	0	0	0	0
106480325	0	0	0	0
106480326	0	0	0	0
106480327	0	0	0	0
106480328	3	21	6	3
106480329	0	0	0	0
106480330	0	0	0	0
106480331	0	0	0	0
106480332	0	0	1	0
106480333	0	0	1	0
106480334	0	0	0	0
106480335	1	0	1	0
106480336	0	0	0	0
106480337	0	0	0	0
106480338	1	5	2	5
106480339	0	0	0	0
106480340	1	0	0	0
106480341	0	0	2	1
106480342	0	0	0	0
106480343	1	1	0	0
106480344	0	0	0	0
106480345	0	0	0	0
106480346	0	0	0	0
106480347	0	0	0	0
106480348	0	0	0	0
106480349	0	0	0	0
106480350	48	30	15	12
106480351	0	0	0	0
106480352	0	0	0	0
106480353	0	0	0	0
106480354	0	0	0	0
106480355	0	0	0	0
106480356	0	0	0	0
106480357	0	0	0	0
106480358	4	2	2	1
106480359	0	0	0	0
106480360	35	51	19	29
106480361	0	0	0	0
106480362	0	0	0	0
106480363	0	2	0	0
106480364	0	0	0	1
106480365	1	0	0	0
106480366	0	0	0	0
106480367	0	0	0	0
106480368	0	0	0	0
106480369	0	0	0	0
106480370	0	1	0	0
106480371	0	0	0	0
106480372	0	0	0	0
106480373	0	1	1	0
106480374	0	0	0	0
106480375	0	0	0	0
106480376	0	0	0	0
106480377	0	0	0	0
106480378	0	0	0	0
106480379	0	0	0	0
106480380	0	0	0	0
106480381	0	0	0	0
106480382	0	1	0	1
106480383	0	0	0	0
106480384	0	0	0	1
106480385	0	0	0	0
106480386	0	0	0	0
106480387	0	0	0	0
106480388	0	0	0	0
106480389	0	0	0	0
106480390	0	0	0	0
106480391	0	0	0	0
106480392	0	0	0	0
106480393	0	0	1	0
106480394	0	0	0	1
106480395	0	0	0	0
106480396	0	0	1	1
106480397	0	1	0	0
106480398	0	0	0	0
106480399	0	0	0	0
106480400	0	0	0	0
106480401	0	0	0	0
106480402	0	0	0	0
106480403	0	0	0	0
106480404	0	0	0	0
106480405	0	0	0	0
106480406	0	0	0	0
106480407	0	0	0	0
106480408	0	0	0	0
106480409	1	2	4	2
106480410	0	0	0	1
106480411	0	0	0	0
106480412	0	0	0	0
106480413	0	0	0	0
106480414	0	0	0	0
106480415	4	2	2	1
106480416	0	0	0	0
106480417	0	0	0	0
106480418	6	3	1	3
106480419	0	0	0	0
106480420	0	0	0	0
106480421	0	0	0	0
106480422	0	0	0	0
106480423	0	0	0	0
106480424	0	0	0	0
106480425	0	0	0	0
106480426	0	0	0	0
106480427	1	2	0	2
106480428	0	0	0	0
106480429	31	23	2	1
106480430	0	0	0	0
106480432	48	17	8	27
106480433	0	0	0	0
106480434	0	0	0	0
106480435	1	0	0	1
106480436	0	0	0	0
106480437	0	0	0	0
106480438	0	0	0	0
106480439	0	0	0	0
106480440	0	0	0	1
106480441	0	0	0	0
106480442	3	0	0	2
106480443	2	1	0	0
106480444	0	0	0	0
106480445	0	0	0	0
106480446	1	0	0	0
106480447	0	0	0	0
106480448	0	0	0	0
106480449	0	0	0	0
106480450	0	0	0	0
106480451	0	0	0	0
106480452	0	0	0	0
106480453	0	1	1	1
106480454	0	0	0	0
106480455	0	0	0	0
106480456	0	0	0	0
106480457	1	0	1	0
106480458	0	0	0	0
106480459	0	0	0	0
106480460	0	0	0	0
106480461	0	0	1	1
106480462	0	0	0	0
106480463	7	3	8	8
106480464	0	0	0	0
106480465	0	0	0	0
106480466	0	0	1	1
106480467	0	0	0	0
106480468	0	0	0	0
106480469	0	0	0	0
106480470	0	0	0	0
106480471	0	0	0	0
106480472	0	0	0	0
106480473	1	0	1	0
106480474	0	0	0	0
106480475	0	0	0	0
106480476	0	0	0	0
106480477	0	0	0	0
106480478	0	0	0	0
106480479	0	0	0	0
106480480	0	0	0	0
106480481	0	0	0	0
106480482	10	11	9	5
106480483	2	4	0	0
106480484	1	0	0	1
106480485	0	0	0	0
106480486	0	0	0	0
106480487	0	0	1	0
106480488	0	0	0	0
106480489	4	3	1	4
106480490	1	2	1	1
106480491	0	0	0	0
106480492	2	4	0	3
106480493	0	0	0	0
106480494	0	0	0	0
106480495	0	0	0	0
106480496	0	0	0	0
106480497	0	0	0	0
106480498	0	0	0	0
106480499	0	27	0	0
106480500	0	0	0	1
106480501	0	0	0	0
106480502	0	0	0	0
106480503	0	0	0	2
106480504	4	4	0	1
106480505	0	0	0	0
106480506	0	0	0	0
106480507	0	0	0	0
106480508	0	0	0	0
106480509	1	0	0	0
106480510	0	0	0	0
106480511	0	0	0	0
106480512	0	0	0	0
106480513	1	0	2	0
106480514	1	0	0	0
106480515	0	0	0	0
106480516	0	2	0	1
106480517	0	0	0	0
106480518	0	0	0	0
106480519	0	0	0	0
106480520	0	0	0	0
106480521	4	10	4	4
106480522	0	0	0	1
106480523	0	0	0	0
106480524	0	0	0	0
106480525	0	0	0	0
106480526	0	0	0	1
106480527	0	0	0	0
106480528	0	0	0	0
106480529	0	1	0	3
106480530	0	0	0	0
106480531	0	1	1	1
106480532	1	0	0	0
106480533	1	1	0	6
106480534	1	0	0	0
106480535	0	0	0	0
106480536	0	0	0	0
106480537	1	3	0	4
106480538	0	0	0	0
106480539	0	0	0	0
106480540	0	0	0	0
106480541	1	1	0	0
106480542	0	0	0	0
106480543	0	0	0	0
106480544	0	0	0	0
106480545	0	0	0	0
106480546	0	0	0	0
106480547	0	0	0	0
106480548	0	0	0	0
106480549	0	0	0	0
106480550	0	0	0	0
106480551	0	1	0	0
106480552	0	0	0	0
106480553	0	0	0	0
106480554	0	0	0	0
106480555	0	1	0	0
106480556	0	0	0	1
106480557	0	0	0	0
106480558	0	0	0	0
106480559	2	1	0	2
106480560	0	0	0	0
106480561	0	0	0	0
106480562	0	0	1	0
106480563	0	0	0	0
106480564	0	0	0	0
106480565	0	0	0	0
106480566	0	0	0	0
106480567	0	0	0	0
106480568	0	0	0	0
106480569	0	0	0	0
106480570	0	0	0	0
106480571	0	0	0	0
106480572	0	0	0	0
106480573	0	0	1	0
106480574	0	0	0	0
106480575	0	0	0	0
106480576	0	0	0	0
106480577	0	0	0	0
106480578	0	0	0	12
106480579	0	0	0	0
106480580	0	0	0	0
106480581	0	0	0	0
106480582	0	0	0	0
106480583	0	0	0	0
106480584	0	0	0	0
106480585	0	0	0	0
106480586	0	1	0	0
106480587	0	0	0	0
106480588	0	0	1	0
106480589	2	1	1	0
106480590	0	0	0	0
106480591	0	0	0	0
106480592	0	0	0	0
106480593	0	0	0	0
106480594	0	0	0	0
106480595	0	0	0	0
106480596	0	0	0	0
106480597	0	0	0	0
106480598	0	0	0	1
106480599	0	0	0	0
106480600	0	0	0	0
106480601	0	0	1	0
106480602	0	0	0	0
106480603	0	0	0	0
106480604	0	0	0	0
106480605	0	0	0	0
106480606	0	0	0	0
106480607	0	2	0	0
106480608	0	0	0	0
106480609	0	0	0	0
106480610	0	0	0	0
106480611	0	0	0	0
106480612	1	2	2	0
106480613	0	0	0	0
106480614	0	0	0	0
106480615	0	0	0	0
106480616	0	0	0	0
106480617	0	0	0	0
106480618	1	1	0	1
106480619	0	0	0	0
106480620	0	0	0	0
106480621	0	0	0	0
106480622	3	3	0	2
106480623	0	0	0	0
106480624	1	0	0	0
106480625	0	0	0	0
106480626	0	0	0	0
106480627	0	0	0	0
106480628	0	0	0	0
106480629	0	0	0	0
106480630	10	5	6	13
106480631	0	0	0	0
106480632	0	0	0	0
106480633	0	0	0	0
106480634	0	0	0	0
106480635	0	0	0	0
106480636	0	0	0	0
106480637	0	0	0	0
106480638	0	0	0	0
106480639	0	0	0	0
106480640	0	0	0	0
106480641	0	0	0	0
106480642	0	0	0	0
106480643	1	2	0	1
106480644	1	0	1	1
106480645	0	0	0	1
106480646	1	0	0	6
106480647	1	0	0	0
106480648	0	0	0	0
106480649	0	0	0	1
106480650	0	0	0	0
106480651	0	0	0	0
106480652	0	0	0	0
106480653	0	0	0	0
106480654	0	0	0	0
106480655	1	0	1	2
106480656	0	0	0	0
106480657	0	0	0	0
106480658	0	0	0	0
106480659	0	0	0	0
106480660	0	0	0	0
106480661	0	0	0	0
106480662	0	1	0	0
106480663	0	0	0	0
106480664	2	0	0	0
106480665	0	0	0	0
106480666	0	0	0	0
106480667	0	0	0	0
106480668	0	0	0	0
106480669	0	0	0	0
106480670	0	1	0	0
106480671	0	0	0	0
106480672	0	0	0	0
106480673	0	0	0	0
106480674	0	1	0	1
106480675	0	1	1	2
106480676	2	3	0	3
106480677	0	0	0	0
106480678	0	0	0	0
106480679	0	0	0	0
106480680	0	0	0	0
106480681	0	0	0	0
106480682	0	0	0	0
106480683	0	0	0	0
106480684	0	0	0	0
106480685	0	0	0	0
106480686	4	20	0	6
106480687	0	0	0	0
106480688	1	1	0	0
106480689	0	0	0	0
106480690	3	0	2	2
106480691	0	0	0	0
106480692	0	0	0	0
106480693	0	0	0	0
106480694	0	0	0	0
106480695	4	2	1	3
106480696	0	0	0	0
106480697	0	0	0	0
106480698	0	0	0	0
106480699	0	0	0	0
106480700	0	0	0	0
106480701	0	0	0	0
106480702	0	0	0	0
106480703	0	0	0	0
106480704	0	0	0	0
106480705	0	0	0	0
106480706	0	0	0	0
106480707	0	0	0	0
106480708	0	0	0	2
106480709	0	0	0	0
106480710	1	0	0	0
106480711	0	0	0	0
106480712	0	0	0	0
106480713	0	0	0	0
106480714	0	0	0	0
106480715	0	0	0	0
106480716	0	0	0	0
106480717	0	0	0	0
106480718	0	0	0	0
106480719	0	0	0	0
106480720	0	0	0	0
106480721	0	0	0	0
106480722	0	0	0	0
106480723	0	0	0	0
106480724	0	0	0	0
106480725	0	0	0	0
106480726	0	0	0	0
106480727	0	0	0	0
106480728	0	0	0	0
106480729	0	0	0	0
106480730	0	0	0	0
106480731	0	0	0	0
106480732	0	0	0	1
106480733	0	0	0	0
106480734	0	0	0	0
106480735	0	1	2	4
106480736	11	35	11	9
106480737	0	1	1	0
106480738	1	3	0	0
106480739	12	10	10	19
106480740	1	7	1	5
106480741	9	11	7	12
106480742	1	0	0	0
106480743	0	3	1	0
106480744	0	0	0	0
106480745	0	0	0	0
106480746	1	0	0	0
106480747	0	0	0	0
106480748	0	0	0	0
106480749	0	0	0	0
106480750	0	1	0	0
106480751	0	0	0	0
106480752	1	0	0	3
106480753	0	0	0	0
106480754	0	0	0	0
106480755	0	0	0	0
106480756	0	0	0	0
106480757	0	0	0	0
106480758	0	0	0	0
106480759	0	0	0	3
106480760	0	0	0	0
106480761	0	0	0	1
106480762	0	1	0	1
106480763	0	0	0	0
106480764	0	0	0	0
106480765	0	0	0	0
106480766	0	0	0	0
106480767	0	2	0	1
106480768	0	0	0	0
106480769	0	0	0	0
106480770	0	0	0	0
106480771	0	0	0	0
106480772	0	0	0	0
106480773	1	0	0	0
106480774	1	0	0	0
106480775	0	0	0	0
106480776	0	0	0	0
106480777	0	0	0	0
106480778	3	1	0	0
106480779	0	0	0	0
106480780	0	0	0	0
106480781	1	0	0	0
106480782	1	1	1	3
106480783	0	0	0	0
106480784	0	0	0	0
106480785	0	0	0	0
106480786	0	0	0	0
106480787	0	0	0	0
106480788	0	4	1	0
106480789	0	0	2	7
106480790	0	0	0	0
106480791	0	0	0	0
106480792	0	0	0	0
106480793	0	0	0	0
106480794	0	0	0	0
106480795	14	14	13	11
106480796	40711	37936	68288	45941
106480797	0	0	0	0
106480798	0	0	0	0
106480799	0	0	0	0
106480800	1	0	0	0
106480801	0	0	0	0
106480802	0	0	1	0
106480803	0	0	0	0
106480804	3	0	0	2
106480805	0	0	0	0
106480806	4	7	2	6
106480807	0	0	0	0
106480808	0	0	0	0
106480809	1	0	0	1
106480810	0	0	0	0
106480811	0	0	0	0
106480812	0	0	0	0
106480813	0	0	0	0
106480814	0	0	0	0
106480815	1	0	0	0
106480816	0	0	0	0
106480817	0	0	0	0
106480818	0	0	0	0
106480819	0	1	0	0
106480820	0	0	0	0
106480821	0	0	0	0
106480822	0	0	0	0
106480823	0	0	0	0
106480824	0	2	0	0
106480825	0	0	0	0
106480826	0	0	0	0
106480827	0	0	0	0
106480828	0	0	0	1
106480829	0	0	0	0
106480830	0	0	0	0
106480831	0	0	0	0
106480832	0	0	0	0
106480833	0	0	0	0
106480834	0	0	0	0
106480835	0	0	0	0
106480836	0	0	0	0
106480837	20	4	7	6
106480838	0	0	0	0
106480839	0	0	0	0
106480840	0	0	0	0
106480841	0	0	0	0
106480842	0	0	0	0
106480843	0	0	0	0
106480844	0	0	0	0
106480845	0	0	0	1
106480846	0	0	0	0
106480847	0	0	0	0
106480848	0	0	0	0
106480849	0	0	0	0
106480850	0	0	0	0
106480851	0	0	0	0
106480852	0	0	0	0
106480853	0	0	0	0
106480854	0	0	0	0
106480855	0	0	0	0
106480856	0	0	0	0
106480857	0	0	0	0
106480858	0	0	0	0
106480859	0	0	0	0
106480860	0	0	0	0
106480861	0	0	0	0
106480862	0	0	0	1
106480863	0	0	0	0
106480864	0	0	0	0
106480865	0	0	0	0
106480866	0	0	0	0
106480867	0	0	0	0
106480868	0	0	0	0
106480869	4	3	1	9
106480870	0	0	0	0
106480871	1	0	0	0
106480872	0	0	0	0
106480873	0	0	0	0
106480874	0	0	0	0
106480875	0	0	0	0
106480876	0	0	0	0
106480877	0	0	0	0
106480878	0	0	0	0
106480879	0	0	0	0
106480880	6	3	3	6
106480881	0	0	0	0
106480882	0	0	0	0
106480883	0	0	0	0
106480884	0	0	0	0
106480885	0	0	0	0
106480886	0	0	0	0
106480887	0	0	0	0
106480888	0	2	0	2
106480889	0	0	0	0
106480890	0	0	0	0
106480891	0	0	0	0
106480892	0	0	0	0
106480893	0	0	0	0
106480894	0	0	0	0
106480895	0	0	0	0
106480896	1	4	0	0
106480897	0	0	0	0
106480898	0	0	0	0
106480899	0	0	0	0
106480900	0	0	0	0
106480901	0	0	0	0
106480902	0	0	0	0
106480903	0	0	0	0
106480904	0	0	0	0
106480905	0	0	0	0
106480906	0	0	0	0
106480907	3	19	1	12
106480908	0	0	0	0
106480909	0	0	0	0
106480910	3	2	0	1
106480911	0	0	0	0
106480912	0	0	0	0
106480913	0	0	0	0
106480914	0	0	0	0
106480915	1	0	2	2
106480916	5	3	1	10
106480917	0	0	0	0
106480918	0	0	0	0
106480919	0	0	0	0
106480920	0	0	0	0
106480921	11	2	1	3
106480922	0	0	0	0
106480923	0	0	0	0
106480924	0	0	0	0
106480925	1	0	0	1
106480926	2	0	0	1
106480927	0	0	0	0
106480928	0	0	0	0
106480929	13	0	5	5
106480930	6	6	4	5
106480931	0	0	0	0
106480932	0	0	0	0
106480933	0	0	0	0
106480934	1	0	0	0
106480935	7	1	4	1
106480936	0	0	0	0
106480937	0	0	0	0
106480938	0	0	0	0
106480939	0	0	0	0
106480940	0	0	0	0
106480941	0	0	0	0
106480942	0	0	0	0
106480943	0	0	0	0
106480944	0	0	0	0
106480945	0	0	0	0
106480946	0	0	0	0
106480947	0	0	1	1
106480948	0	0	0	0
106480949	0	0	0	0
106480950	0	0	0	0
106480951	3	2	1	1
106480952	1	2	1	3
106480953	0	0	0	0
106480954	0	0	1	0
106480955	0	0	0	0
106480956	0	0	0	0
106480957	0	0	0	0
106480958	0	0	0	0
106480959	0	0	0	3
106480960	0	0	0	0
106480961	0	1	0	0
106480962	0	0	0	0
106480963	0	0	0	0
106480964	0	0	0	0
106480965	0	0	0	0
106480966	0	0	0	0
106480967	0	0	1	0
106480968	0	0	0	0
106480969	0	0	0	0
106480970	1	3	0	2
106480971	0	0	0	0
106480972	0	0	0	0
106480973	0	2	2	0
106480974	2	1	3	2
106480975	0	1	0	1
106480976	0	1	0	0
106480977	0	0	0	3
106480978	2	14	5	5
106480979	0	1	0	1
106480980	0	0	0	0
106480981	0	0	0	0
106480982	0	7	1	0
106480983	0	0	0	0
106480984	0	0	0	0
106480985	0	0	0	0
106480986	1	2	0	0
106480987	0	0	0	0
106480988	1	0	0	0
106480989	0	0	0	3
106480990	0	1	0	0
106480991	0	0	0	0
106480992	0	0	0	0
106480993	2	1	2	4
106480994	0	0	0	0
106480995	0	0	0	0
106480996	9	11	0	18
106480997	0	0	0	0
106480998	0	1	0	0
106480999	0	0	0	0
106481000	0	0	0	0
106481001	0	0	0	0
106481002	0	0	0	0
106481003	0	0	0	0
106481004	0	0	0	0
106481005	0	0	0	0
106481006	0	0	0	3
106481007	0	0	0	0
106481008	0	0	0	0
106481009	0	0	0	0
106481010	0	0	0	0
106481011	0	0	0	0
106481012	0	0	0	0
106481013	0	0	0	1
106481014	5	7	11	9
106481015	0	0	0	0
106481016	0	0	0	0
106481017	0	0	0	0
106481018	0	0	0	0
106481019	0	0	0	0
106481020	0	0	0	1
106481021	0	0	0	0
106481022	0	0	0	0
106481023	0	0	0	0
106481024	0	0	2	0
106481025	0	0	0	2
106481026	0	0	0	0
106481027	0	0	1	2
106481028	0	0	0	0
106481029	0	0	0	0
106481030	0	0	1	0
106481031	1	1	0	1
106481032	0	0	0	0
106481033	0	0	0	0
106481034	3	0	2	4
106481035	0	0	0	0
106481036	0	0	0	0
106481037	0	0	0	0
106481038	0	0	0	0
106481040	1	0	0	1
106481041	0	0	0	0
106481042	0	0	0	0
106481043	0	0	0	1
106481044	0	0	0	0
106481045	6	1	0	1
106481046	0	0	0	0
106481047	0	0	0	0
106481048	0	0	0	1
106481049	0	1	0	0
106481050	0	0	0	0
106481051	0	0	0	0
106481052	0	0	0	0
106481053	0	0	0	0
106481054	20	13	6	10
106481055	2	0	2	4
106481056	0	0	0	0
106481057	2	0	0	1
106481058	0	0	0	0
106481059	0	0	0	0
106481060	1	0	0	1
106481061	0	0	0	0
106481062	1	0	0	0
106481063	0	0	0	2
106481064	1	0	0	1
106481065	0	0	1	0
106481066	0	0	0	0
106481067	0	0	0	0
106481068	0	0	0	0
106481069	26	14	2	13
106481070	0	1	0	0
106481071	0	0	0	1
106481072	2	0	0	0
106481073	0	1	0	0
106481074	1	2	0	4
106481075	0	0	0	0
106481076	0	0	0	0
106481077	2	1	0	0
106481078	0	0	0	0
106481079	4	7	1	6
106481080	0	0	0	0
106481081	0	0	0	0
106481082	0	1	0	0
106481083	0	0	0	0
106481084	0	0	0	0
106481085	0	0	0	0
106481086	1	1	2	3
106481087	1	1	0	0
106481088	0	0	0	0
106481089	0	1	0	2
106481090	1	0	0	0
106481091	2	6	4	10
106481092	0	2	0	0
106481093	0	0	0	1
106481094	0	0	0	0
106481095	0	0	0	0
106481096	0	0	0	0
106481097	0	0	0	0
106481098	0	0	0	0
106481099	1	0	0	0
106481100	0	0	0	0
106481101	0	0	0	0
106481102	0	0	0	1
106481103	22	6	8	2
106481104	0	0	0	0
106481105	0	0	0	0
106481106	0	0	0	0
106481107	0	0	0	0
106481108	0	0	0	1
106481109	0	0	0	0
106481110	0	0	0	0
106481111	13	32	11	9
106481112	0	0	0	0
106481113	0	1	0	1
106481114	0	0	0	0
106481115	6	4	3	0
106481116	0	0	0	1
106481117	0	0	0	0
106481118	0	0	0	0
106481119	0	0	0	0
106481120	0	0	0	0
106481121	0	0	0	0
106481122	4	0	0	1
106481123	0	0	0	0
106481124	0	0	0	0
106481125	5	0	0	1
106481126	0	0	0	1
106481127	3	3	1	3
106481128	0	0	0	0
106481129	0	1	0	0
106481130	0	0	0	0
106481131	4	1	0	2
106481132	0	1	0	0
106481133	0	0	0	0
106481134	0	0	0	0
106481135	0	0	0	0
106481136	0	0	0	0
106481137	0	0	0	0
106481138	0	0	0	0
106481139	0	1	0	1
106481140	0	0	0	0
106481141	0	0	0	0
106481142	0	0	0	0
106481143	0	0	0	0
106481144	0	0	0	0
106481145	0	1	0	0
106481146	0	0	0	0
106481147	0	1	0	0
106481148	35	25	10	17
106481149	0	1	0	0
106481150	0	0	0	0
106481151	0	0	0	0
106481152	0	0	0	0
106481153	0	0	0	0
106481154	1	0	0	0
106481155	0	0	0	0
106481156	0	0	0	0
106481157	0	0	0	0
106481158	0	0	0	0
106481159	0	0	0	0
106481160	0	0	0	1
106481161	0	0	2	0
106481162	0	0	0	0
106481163	0	1	0	3
106481164	0	0	0	0
106481165	0	0	0	0
106481166	0	0	0	0
106481167	1	0	0	1
106481168	0	0	0	0
106481169	0	0	0	0
106481170	0	0	0	0
106481171	1	9	3	2
106481172	0	2	0	1
106481173	0	0	0	0
106481174	0	0	0	0
106481175	0	0	0	0
106481176	2	0	0	0
106481177	0	0	0	0
106481178	1	2	1	1
106481179	0	0	0	0
106481180	0	0	0	0
106481181	1	0	0	0
106481182	0	0	0	0
106481183	0	0	0	0
106481184	0	0	0	0
106481185	0	0	0	0
106481186	0	0	0	0
106481187	0	0	0	0
106481188	3	0	2	5
106481189	0	0	0	0
106481190	0	0	0	0
106481191	0	0	0	0
106481192	0	0	0	0
106481193	0	0	0	0
106481194	0	0	0	0
106481195	0	2	0	0
106481196	0	0	0	0
106481197	0	0	0	0
106481198	6	4	2	2
106481199	1	0	0	0
106481200	2	2	3	2
106481201	0	0	1	0
106481202	0	0	0	0
106481203	0	0	0	0
106481204	0	0	0	0
106481205	0	0	0	0
106481206	3	8	2	2
106481208	2	0	2	1
106481209	0	0	0	0
106481210	0	0	0	0
106481211	0	0	0	0
106481212	0	0	0	0
106481213	0	0	0	0
106481214	0	0	0	0
106481215	0	0	0	0
106481217	0	0	0	0
106481218	1	0	3	4
106481219	1	0	0	0
106481220	7	2	1	4
106481221	3	8	10	2
106481222	0	0	0	0
106481223	0	0	0	0
106481224	1	0	0	0
106481225	0	0	0	0
106481226	0	0	0	0
106481227	0	0	0	0
106481228	0	0	0	0
106481229	0	0	0	0
106481230	0	0	0	0
106481231	0	0	0	0
106481232	0	0	0	0
106481233	0	0	0	0
106481234	0	0	0	0
106481235	0	0	0	0
106481236	1	2	1	1
106481237	0	0	0	0
106481238	1	0	1	0
106481239	0	0	0	0
106481240	0	0	0	0
106481241	0	1	0	2
106481242	0	0	0	0
106481243	0	0	0	0
106481244	1	1	1	1
106481245	0	0	0	0
106481246	0	0	0	0
106481247	0	0	0	0
106481248	0	0	0	0
106481249	0	0	0	0
106481250	0	0	0	0
106481251	0	0	0	0
106481252	0	0	0	0
106481253	0	0	0	0
106481254	1	0	1	1
106481255	0	0	0	0
106481256	0	0	0	0
106481257	2	0	0	0
106481258	0	0	0	0
106481259	0	0	0	0
106481260	0	0	0	0
106481261	1	0	1	1
106481262	0	0	0	1
106481263	1	0	0	0
106481264	0	0	0	0
106481265	0	0	0	0
106481266	0	0	0	0
106481267	0	0	0	0
106481268	0	0	0	0
106481269	0	0	0	0
106481270	0	0	0	0
106481271	0	0	0	0
106481272	0	0	0	0
106481273	0	1	1	2
106481274	0	0	0	0
106481275	0	0	0	0
106481276	1	2	0	1
106481277	0	0	0	0
106481278	0	0	0	0
106481279	0	1	1	0
106481280	0	0	0	0
106481281	2	0	0	0
106481282	0	0	0	0
106481283	0	0	0	0
106481284	0	0	0	0
106481285	0	0	0	0
106481286	0	0	0	0
106481287	4	3	1	0
106481288	0	0	0	0
106481289	0	0	0	0
106481290	0	0	0	0
106481291	0	0	0	0
106481292	0	0	0	0
106481293	0	0	0	0
106481294	0	0	0	0
106481295	0	0	0	0
106481296	0	0	0	0
106481297	0	0	0	0
106481298	0	0	0	0
106481299	0	0	0	0
106481300	0	0	0	0
106481301	0	0	0	0
106481302	0	0	0	0
106481303	0	0	0	1
106481304	0	0	0	0
106481305	1	0	0	1
106481306	0	0	0	0
106481307	0	0	0	0
106481308	0	0	0	0
106481309	2	5	0	1
106481310	5	25	4	5
106481311	0	0	0	0
106481312	0	0	0	0
106481314	3	4	2	1
106481315	0	0	0	0
106481316	0	0	0	0
106481317	0	0	0	0
106481319	0	0	0	0
106481320	0	0	0	0
106481321	1	3	1	0
106481322	0	0	0	0
106481323	0	0	0	0
106481324	0	0	0	0
106481325	0	0	0	0
106481326	0	0	0	0
106481327	0	0	0	0
106481328	0	0	0	0
106481329	0	0	0	0
106481330	0	0	0	0
106481331	1	0	1	0
106481332	0	0	0	0
106481333	5	1	0	1
106481334	0	0	0	0
106481335	0	0	0	0
106481336	0	0	0	0
106481337	0	0	0	0
106481338	0	0	0	0
106481339	0	0	0	0
106481340	1	0	0	0
106481341	0	0	0	0
106481342	6	1	1	6
106481343	0	0	0	0
106481344	0	0	0	0
106481345	1	0	0	0
106481346	0	0	0	0
106481347	0	0	0	0
106481348	6	5	3	5
106481349	0	0	0	0
106481350	0	0	0	0
106481351	1	0	0	0
106481352	0	0	0	0
106481353	0	0	0	0
106481354	1	1	0	3
106481355	0	0	0	0
106481356	0	0	0	0
106481357	0	0	0	0
106481358	0	2	0	0
106481359	0	0	0	0
106481360	0	0	0	0
106481361	0	0	0	0
106481362	0	0	0	0
106481363	0	0	0	0
106481364	0	0	0	0
106481365	0	0	0	0
106481366	0	0	0	0
106481367	0	0	0	0
106481368	0	0	0	0
106481369	0	0	0	0
106481370	0	0	0	0
106481371	0	0	0	0
106481372	0	0	0	0
106481373	0	1	0	0
106481374	0	0	0	0
106481375	0	0	0	0
106481376	0	0	1	0
106481377	0	0	0	0
106481378	2	1	0	4
106481379	0	0	0	0
106481380	0	0	0	0
106481381	0	0	0	0
106481382	0	0	0	0
106481383	1	1	1	1
106481384	0	0	0	0
106481385	0	0	0	1
106481386	0	0	0	1
106481387	0	0	0	0
106481388	5	4	3	5
106481389	0	0	0	0
106481390	0	0	0	0
106481391	0	0	0	0
106481392	0	0	0	0
106481393	0	2	0	0
106481394	0	0	0	0
106481395	1	0	0	1
106481396	0	0	0	0
106481397	0	0	0	0
106481398	0	0	0	0
106481399	0	0	0	0
106481400	1	3	1	1
106481401	0	0	0	0
106481402	0	0	0	0
106481403	1	0	0	1
106481404	0	0	0	0
106481405	0	0	0	0
106481406	0	0	0	0
106481407	9	8	12	10
106481408	0	0	0	0
106481409	0	0	0	0
106481410	0	0	2	0
106481411	0	0	0	2
106481412	0	0	0	0
106481413	0	0	0	0
106481414	0	1	1	0
106481415	0	0	0	0
106481416	0	0	0	2
106481417	0	0	0	0
106481418	0	0	0	0
106481419	1	1	0	0
106481420	0	0	0	0
106481421	0	0	0	0
106481422	0	0	0	1
106481423	0	0	0	0
106481425	1	0	0	0
106481426	0	0	0	0
106481427	0	0	0	3
106481428	0	0	0	1
106481429	0	0	2	1
106481430	1	0	0	5
106481431	0	0	0	0
106481432	0	0	0	0
106481433	0	0	0	0
106481434	0	0	0	0
106481435	0	0	0	0
106481436	0	0	0	0
106481437	0	0	0	0
106481438	0	0	0	0
106481439	0	0	0	0
106481440	0	0	0	0
106481441	0	0	0	0
106481442	0	0	0	0
106481443	0	0	0	0
106481444	5	1	6	0
106481445	0	0	0	0
106481446	0	0	0	0
106481447	0	0	0	0
106481448	0	0	0	0
106481449	0	0	0	0
106481450	0	0	0	0
106481451	4	2	2	1
106481452	0	0	0	0
106481453	0	1	1	0
106481454	0	0	0	0
106481455	0	0	0	0
106481456	0	0	0	2
106481457	2	7	1	2
106481458	0	0	0	0
106481459	0	0	0	0
106481460	0	1	0	0
106481461	0	0	0	0
106481462	0	0	0	0
106481463	0	0	0	0
106481464	0	0	0	0
106481465	0	0	0	0
106481466	0	0	0	0
106481467	0	0	0	0
106481468	0	0	0	0
106481469	0	0	0	0
106481470	1	0	2	0
106481471	0	0	0	0
106481472	0	0	0	0
106481473	0	0	0	0
106481474	0	0	0	0
106481475	0	0	0	2
106481476	0	0	0	0
106481477	0	0	0	6
106481478	0	0	0	0
106481479	1	0	0	0
106481480	0	0	0	0
106481481	0	0	0	0
106481482	0	0	0	0
106481483	0	0	0	0
106481484	0	0	0	0
106481485	0	0	0	0
106481486	0	0	0	0
106481487	0	0	0	0
106481488	0	0	0	0
106481489	0	0	0	0
106481490	0	0	0	0
106481491	0	0	0	0
106481492	0	0	0	0
106481493	0	0	0	0
106481494	0	0	0	0
106481495	0	0	0	0
106481496	0	0	0	0
106481497	2	0	0	2
106481498	0	0	2	0
106481499	0	0	0	0
106481500	0	0	0	0
106481501	0	0	0	0
106481502	0	0	0	0
106481503	0	0	0	0
106481504	1	3	3	3
106481505	0	0	0	0
106481506	0	0	0	0
106481507	1	1	2	5
106481508	0	0	0	0
106481509	0	0	0	0
106481510	0	0	0	1
106481511	0	0	0	0
106481512	0	0	0	1
106481513	7	4	11	3
106481514	0	1	0	0
106481515	0	0	0	0
106481516	0	1	0	0
106481517	0	0	0	0
106481518	0	0	0	0
106481519	0	0	0	0
106481520	0	0	0	0
106481521	0	0	0	0
106481522	0	0	0	0
106481523	0	1	0	0
106481524	0	0	0	0
106481525	12	9	2	2
106481526	2	1	1	7
106481527	0	0	0	0
106481528	0	0	0	0
106481529	0	0	0	0
106481530	0	0	0	0
106481531	0	1	0	0
106481532	0	0	0	0
106481533	0	0	0	0
106481534	0	0	0	0
106481535	0	0	0	0
106481536	0	0	0	0
106481537	0	0	0	0
106481538	0	0	0	0
106481540	0	0	1	0
106481541	0	0	0	0
106481542	0	0	1	0
106481543	0	0	0	0
106481544	0	0	0	0
106481545	4	2	1	4
106481546	3	5	1	0
106481547	0	0	0	0
106481548	0	0	0	0
106481549	0	0	0	0
106481550	0	0	0	0
106481551	0	0	0	0
106481552	0	0	0	0
106481553	0	0	0	0
106481554	0	0	0	0
106481555	0	0	0	0
106481556	0	0	0	0
106481557	0	0	0	0
106481558	0	0	0	0
106481559	0	0	0	0
106481560	0	0	0	0
106481561	1	1	0	1
106481562	0	0	0	0
106481563	0	0	0	0
106481564	0	0	1	1
106481565	0	0	0	0
106481566	13	6	7	10
106481567	0	0	0	0
106481568	0	0	0	0
106481569	0	0	0	0
106481570	0	0	0	0
106481571	0	0	0	0
106481572	0	0	0	0
106481573	0	0	0	0
106481574	0	0	0	0
106481575	2	0	0	0
106481576	0	0	0	0
106481577	0	0	0	0
106481578	0	0	0	0
106481579	0	0	0	0
106481580	0	1	0	0
106481581	0	0	0	0
106481582	0	0	0	0
106481583	0	1	0	0
106481584	4	1	0	0
106481585	0	1	1	0
106481586	0	0	0	0
106481587	0	0	0	0
106481588	0	0	0	0
106481589	0	0	0	0
106481590	0	0	0	0
106481591	0	0	0	0
106481592	0	0	0	0
106481593	0	0	0	0
106481594	0	0	0	0
106481595	0	0	0	0
106481596	0	0	0	0
106481597	0	1	0	3
106481598	0	0	0	0
106481599	0	0	1	1
106481600	0	0	0	0
106481601	0	2	0	3
106481602	1	0	1	0
106481603	0	0	0	0
106481604	0	0	0	0
106481605	0	0	0	0
106481606	0	0	0	0
106481607	0	0	0	0
106481608	1	0	0	0
106481609	0	0	0	0
106481610	0	0	0	0
106481611	0	0	0	0
106481612	2	4	2	0
106481613	0	0	0	0
106481614	0	0	0	0
106481615	0	0	0	0
106481616	3	0	1	0
106481617	0	0	0	0
106481618	0	0	0	0
106481619	0	0	0	0
106481620	0	1	0	1
106481621	0	0	0	0
106481622	0	0	0	0
106481623	15	14	4	8
106481624	0	0	0	0
106481625	0	0	0	0
106481626	0	0	0	0
106481627	0	2	0	0
106481628	0	0	0	0
106481629	0	1	1	0
106481630	0	0	0	1
106481631	1	0	0	0
106481632	0	0	0	0
106481633	0	0	0	0
106481634	0	0	0	0
106481635	0	0	0	0
106481636	0	0	0	0
106481637	8	33	3	14
106481638	0	0	1	0
106481639	0	0	0	0
106481640	0	0	0	0
106481641	0	0	0	0
106481642	0	0	0	0
106481643	0	0	0	0
106481644	11	0	0	0
106481645	0	0	0	0
106481646	0	0	0	0
106481647	0	1	0	2
106481648	0	0	0	0
106481649	0	0	0	0
106481650	0	0	0	0
106481651	0	0	0	0
106481652	0	0	0	3
106481653	0	1	0	0
106481654	1	0	0	0
106481655	0	0	0	0
106481656	0	0	0	0
106481657	0	0	0	0
106481658	0	0	0	0
106481659	0	0	0	0
106481660	0	0	0	0
106481661	0	0	0	0
106481662	0	0	0	0
106481663	22	18	36	28
106481664	2	0	0	1
106481665	0	0	0	0
106481666	0	0	0	0
106481667	0	0	0	0
106481668	0	0	0	0
106481670	0	0	0	0
106481671	0	0	0	0
106481672	0	0	0	0
106481673	2	4	2	2
106481674	0	1	0	0
106481675	0	0	0	0
106481676	1	0	0	0
106481677	3	1	3	0
106481678	0	1	0	0
106481679	0	0	0	0
106481680	0	0	0	0
106481681	0	0	0	0
106481682	0	0	0	0
106481683	0	1	0	0
106481684	0	0	1	0
106481685	0	1	0	0
106481686	0	0	0	0
106481687	3	1	4	2
106481688	0	0	0	0
106481689	0	0	0	0
106481690	1	2	0	5
106481691	1	2	1	2
106481692	1	0	0	1
106481693	0	0	0	0
106481694	0	0	0	0
106481695	0	0	0	0
106481696	0	0	0	0
106481697	0	0	1	3
106481698	1	0	0	0
106481699	0	0	0	0
106481700	0	0	0	0
106481701	0	0	2	2
106481702	0	0	0	0
106481703	0	0	0	0
106481704	0	0	0	0
106481706	0	0	0	0
106481707	0	0	0	0
106481708	1	0	0	0
106481709	0	0	0	0
106481710	1	0	0	0
106481711	0	1	0	1
106481712	0	0	0	0
106481713	0	0	0	0
106481714	0	0	0	1
106481715	0	0	1	0
106481716	0	0	0	0
106481717	0	0	0	0
106481718	0	0	0	0
106481719	0	1	0	0
106481720	3	0	0	3
106481721	0	0	0	0
106481722	0	0	0	1
106481723	0	0	0	0
106481724	0	0	0	0
106481725	0	0	0	0
106481726	0	0	0	0
106481727	1	0	3	1
106481728	0	0	0	0
106481729	3	3	0	0
106481730	0	0	0	0
106481731	1	2	2	1
106481732	1	2	1	5
106481734	0	0	0	0
106481735	29	16	9	29
106481736	0	0	0	0
106481737	0	0	0	0
106481738	0	0	0	0
106481739	0	0	0	0
106481740	0	0	0	0
106481741	0	0	0	0
106481742	2	3	0	5
106481743	0	0	0	0
106481744	20	39	8	22
106481745	0	0	0	0
106481746	0	0	0	0
106481747	0	0	2	0
106481748	0	0	0	0
106481749	2	0	0	0
106481750	0	0	0	0
106481751	0	3	0	5
106481752	0	0	0	0
106481753	5	11	3	1
106481754	0	0	0	0
106481755	0	0	0	0
106481756	0	0	0	0
106481757	0	0	0	0
106481758	0	0	0	2
106481759	0	0	0	0
106481760	0	0	0	0
106481761	0	0	0	0
106481762	2	0	0	1
106481763	0	0	0	0
106481764	0	0	0	0
106481765	0	0	0	0
106481766	0	0	0	0
106481767	0	0	0	0
106481768	0	7	0	0
106481769	0	0	0	0
106481770	0	0	0	0
106481771	0	0	0	0
106481772	0	0	0	0
106481773	0	0	0	0
106481774	0	0	0	0
106481775	0	0	0	0
106481776	0	0	0	0
106481777	0	0	0	0
106481778	0	0	0	0
106481779	0	0	0	0
106481780	2	0	0	0
106481781	0	0	0	0
106481782	0	1	0	1
106481783	1	0	0	0
106481784	0	0	0	0
106481785	0	0	0	0
106481786	4	2	1	4
106481787	0	0	0	0
106481788	0	0	0	0
106481789	1	0	1	2
106481790	1	1	2	1
106481791	0	0	0	0
106481792	0	0	0	0
106481793	0	0	0	0
106481794	0	0	0	0
106481795	0	1	0	0
106481796	0	1	1	4
106481797	0	0	0	0
106481798	0	0	0	0
106481799	0	0	0	0
106481800	0	0	0	0
106481801	0	0	0	0
106481802	1	0	0	0
106481803	0	0	0	0
106481804	0	0	0	0
106481805	0	0	0	0
106481806	0	0	0	0
106481807	0	0	0	0
106481808	0	0	0	0
106481809	0	0	1	0
106481810	0	0	0	0
106481811	0	0	0	0
106481812	0	0	0	0
106481813	0	0	0	0
106481814	0	0	0	0
106481815	0	0	0	0
106481816	0	0	0	0
106481817	0	0	0	0
106481818	0	0	0	0
106481819	0	1	0	1
106481820	0	0	0	0
106481821	0	0	0	0
106481822	0	0	0	0
106481823	1	2	0	3
106481824	3	1	0	3
106481825	0	0	0	2
106481826	2	2	1	8
106481827	6	1	2	7
106481828	0	0	0	0
106481829	0	0	0	0
106481830	0	0	0	0
106481831	0	0	0	0
106481832	0	0	0	1
106481833	0	0	0	0
106481834	1	0	1	2
106481835	0	0	0	0
106481836	0	0	1	0
106481837	2	0	1	1
106481838	0	0	0	0
106481839	0	0	0	0
106481840	0	0	0	2
106481841	0	1	0	0
106481842	0	0	0	0
106481843	0	0	0	0
106481844	0	0	0	0
106481845	0	0	0	0
106481846	0	0	0	0
106481847	0	0	0	0
106481848	0	0	0	0
106481849	0	0	0	3
106481850	6	2	3	3
106481851	0	0	0	0
106481852	0	0	0	0
106481853	0	0	0	0
106481854	0	0	0	0
106481855	0	0	0	0
106481856	0	0	0	0
106481857	0	3	0	0
106481858	2	1	0	0
106481859	2	0	2	1
106481860	0	0	0	0
106481861	0	0	0	0
106481862	0	0	0	0
106481863	0	0	0	0
106481864	0	0	0	0
106481865	2	0	2	2
106481866	4	11	5	6
106481867	0	0	0	0
106481868	0	0	0	0
106481869	0	0	0	0
106481870	0	0	0	0
106481871	0	0	0	0
106481872	0	0	0	0
106481873	0	0	0	0
106481874	0	0	0	0
106481875	0	0	0	0
106481876	1	1	1	4
106481877	0	0	0	0
106481878	0	0	0	0
106481879	0	0	0	0
106481880	0	0	0	0
106481881	2	0	0	5
106481882	0	0	0	0
106481883	0	0	0	0
106481884	0	0	0	0
106481885	0	0	0	0
106481886	0	0	0	0
106481887	0	0	0	0
106481888	0	0	0	0
106481889	0	0	0	0
106481890	0	0	0	0
106481891	7	4	4	4
106481892	0	0	0	0
106481893	0	0	0	0
106481894	0	0	0	0
106481895	0	0	0	0
106481896	0	0	0	0
106481897	0	0	0	0
106481898	0	0	0	0
106481899	0	0	0	0
106481900	0	0	0	0
106481901	0	0	0	0
106481902	0	0	0	0
106481903	0	0	0	0
106481904	0	0	0	0
106481905	0	0	0	0
106481906	0	0	0	0
106481907	0	0	0	0
106481908	0	0	0	0
106481909	0	0	0	0
106481910	0	0	0	0
106481911	0	0	0	0
106481912	1	0	1	2
106481913	0	0	0	0
106481914	0	0	0	0
106481915	0	0	0	0
106481916	1	1	1	0
106481917	0	0	0	0
106481918	0	0	0	0
106481919	15	49	26	24
106481920	0	0	0	0
106481921	1	1	2	1
106481922	0	0	0	0
106481923	3	0	1	1
106481924	0	0	0	0
106481925	0	0	0	0
106481926	0	0	0	0
106481927	0	0	0	0
106481928	0	0	0	0
106481929	0	5	0	1
106481930	0	0	0	0
106481931	0	0	0	0
106481932	0	0	0	0
106481933	0	0	0	0
106481934	0	0	0	0
106481935	0	0	0	0
106481936	0	0	0	0
106481937	0	0	0	0
106481938	0	0	0	0
106481939	0	0	0	0
106481940	0	0	0	0
106481941	0	0	0	0
106481942	0	0	0	1
106481943	0	0	0	0
106481944	0	0	0	0
106481945	0	0	0	0
106481946	1	0	0	2
106481947	0	0	0	0
106481948	1	0	1	0
106481949	0	0	0	0
106481950	0	0	0	1
106481951	0	0	0	0
106481952	0	0	0	0
106481953	0	0	0	0
106481954	0	0	0	0
106481955	0	0	2	2
106481956	0	0	0	1
106481957	0	2	0	0
106481958	0	0	0	0
106481959	0	0	0	0
106481960	0	0	0	0
106481961	0	0	0	0
106481962	0	1	0	0
106481963	0	0	0	0
106481964	0	0	0	0
106481965	0	0	0	0
106481966	0	0	0	0
106481967	23	28	5	17
106481968	1	0	0	0
106481969	0	0	0	0
106481970	0	0	0	0
106481971	0	0	0	0
106481972	0	0	0	0
106481973	0	0	0	0
106481974	0	2	0	0
106481975	0	0	1	0
106481976	0	0	0	0
106481977	0	0	0	0
106481978	0	2	0	1
106481979	0	0	0	0
106481980	0	1	0	0
106481981	0	0	0	1
10650	159	194	78	492
10651	2035	1859	819	2819
10652	6737	7245	3609	7622
10653	8004	9521	4902	5860
10654	1546	1967	805	1680
10655	132	110	122	101
10656	561	521	399	1243
10657	9969	5733	5647	9835
10658	5493	5533	3011	7847
10659	3219	783	2452	1336
1066	1321	156	43	65
10660	0	1	0	11
10661	7	0	1	8
106614088	498	184	329	387
10663	135	63	44	33
106632260	0	0	0	0
106632270	0	0	0	0
106633802	0	0	0	0
106633807	0	0	0	0
106633815	0	0	0	0
106635527	0	0	0	0
106635535	6	9	5	10
106635536	0	0	0	0
106635537	0	0	0	0
106635543	0	0	0	0
10664	3562	2872	1586	3003
10665	1	0	0	0
10666	61	10	19	8
106660605	0	0	0	0
106660606	28	168	29	39
106660609	3	2	0	0
106660610	0	4	2	0
106660611	3	4	1	1
106660612	199	527	79	445
106660613	0	0	0	0
106660614	0	0	0	0
106660616	1	2	0	0
106660619	0	0	0	0
106660620	0	0	0	0
10667	548	626	438	631
10668	251	240	185	303
10669	900	412	681	4358
106699570	7	16	4	5
10670	3184	3062	1443	3310
106707175	0	0	0	0
10671	623	366	551	463
10672	3007	4328	2382	3312
10673	98	36	20	25
106736475	0	0	0	0
10675	8	21	7	25
10677	465	1267	361	236
10678	2346	1360	1089	1812
106780802	0	1	0	0
1068	0	0	0	0
10681	462	414	48	390
10682	1100	1979	1464	5339
106821730	0	0	0	0
10683	40	0	1	6
10686	74	56	10	21
106865372	0	0	0	0
106865373	0	0	0	0
106865374	0	0	0	0
106865375	0	0	0	0
106866913	0	0	0	0
106866914	0	0	0	0
106866915	0	0	0	0
106866980	0	0	0	0
106866981	0	0	0	0
10687	58	568	209	29
1069	1937	1860	1328	4237
10690	0	0	0	2
106903081	66	48	51	47
10691	871	547	521	672
10692	4	2	15	31
10693	99	126	56	71
10694	8686	9173	6988	11451
10695	4397	4032	1459	2989
10699	121	20	12	87
107	200	27	6	42
1070	709	618	278	737
107048981	0	0	0	0
107048983	0	0	0	0
107048985	0	0	0	0
107057644	3	8	4	10
107057646	1	0	0	2
107057647	0	0	0	0
107063536	0	0	1	0
107063537	0	0	0	0
107063538	0	0	0	0
107063539	3	1	0	2
107063540	0	0	0	0
107063543	0	0	0	0
107063544	0	0	2	0
107063611	0	0	0	0
107063612	0	0	0	0
107074708	0	0	0	0
107075092	0	0	0	0
107075094	0	0	0	0
107075096	0	0	0	0
107075097	1	1	0	1
107075098	0	0	0	0
107075099	0	0	0	0
107075100	0	1	0	0
107075101	0	0	0	0
107075102	0	0	0	0
107075103	0	0	0	0
107075104	0	0	0	0
107075105	1	0	0	3
107075106	0	0	0	0
107075107	0	0	0	0
107075108	0	0	0	0
107075109	0	0	0	0
107075110	0	0	0	0
107075111	0	0	0	0
107075112	5	1	1	0
107075113	1	2	2	0
107075114	3	10	0	0
107075115	1	2	0	1
107075116	89	1744	74	92
107075117	12	40	4	4
107075118	0	0	0	0
107075119	0	0	0	0
107075120	0	0	0	0
107075121	0	0	0	0
107075122	0	0	0	0
107075123	0	0	0	0
107075124	0	0	0	0
107075125	0	0	0	0
107075126	0	1	0	0
107075127	0	0	0	0
107075128	0	0	0	0
107075129	0	0	1	0
107075130	18	16	7	6
107075131	0	0	0	0
107075132	0	1	0	0
107075133	0	0	0	0
107075134	0	1	0	1
107075135	0	0	0	0
107075136	0	0	0	0
107075137	0	0	0	1
107075138	0	0	0	0
107075139	1	1	0	0
107075140	0	0	0	0
107075141	15812	18168	25146	17383
107075142	0	1	0	0
107075143	2	0	0	0
107075144	0	1	0	1
107075145	0	0	0	0
107075146	0	0	0	0
107075147	0	0	0	0
107075148	1	0	0	0
107075149	0	0	0	0
107075150	0	0	0	0
107075151	0	0	0	0
107075152	0	0	0	0
107075153	0	0	0	0
107075154	1	0	0	0
107075155	0	0	0	0
107075156	0	0	0	0
107075157	0	0	0	0
107075158	0	0	0	0
107075159	0	0	0	0
107075160	0	0	0	0
107075161	0	0	0	0
107075162	0	0	0	0
107075163	0	0	0	0
107075164	0	0	0	0
107075165	4	4	6	2
107075166	3	0	1	1
107075167	0	0	0	0
107075168	0	1	1	1
107075169	3	1	0	14
107075170	1	0	1	0
107075171	1	1	0	1
107075172	4012	4834	5175	3785
107075173	0	0	0	0
107075174	0	0	0	0
107075175	1	0	1	0
107075176	0	0	0	0
107075177	0	0	1	0
107075178	0	0	0	1
107075179	1	0	0	1
107075180	0	0	0	0
107075181	0	0	0	0
107075182	0	0	0	0
107075183	0	0	0	0
107075184	0	0	2	0
107075185	0	3	0	1
107075186	0	0	0	0
107075187	0	0	0	0
107075188	0	0	0	0
107075189	0	0	0	0
107075190	5	6	0	9
107075191	0	1	0	0
107075192	0	0	0	0
107075193	0	0	0	0
107075194	0	0	0	0
107075195	1	0	0	1
107075196	0	1	0	0
107075197	0	0	0	0
107075198	0	0	0	0
107075199	0	0	0	1
107075200	0	0	0	0
107075201	0	0	0	0
107075202	0	0	0	0
107075203	0	0	0	0
107075204	4	2	3	5
107075205	0	0	0	0
107075207	1	0	0	0
107075208	0	0	0	0
107075209	0	0	0	0
107075210	0	0	0	0
107075211	0	0	0	0
107075212	0	0	0	0
107075213	0	0	0	0
107075214	0	1	0	0
107075215	0	0	0	0
107075216	0	0	0	0
107075217	0	0	0	0
107075218	0	0	0	0
107075219	0	0	0	0
107075220	0	0	0	0
107075221	0	0	0	0
107075222	1	0	0	0
107075223	0	1	0	2
107075224	3	0	0	0
107075225	0	4	0	0
107075226	0	0	0	0
107075227	0	0	0	0
107075228	0	0	0	0
107075229	0	0	0	0
107075230	0	0	0	0
107075231	0	0	0	0
107075232	0	0	0	0
107075234	0	0	0	0
107075235	0	0	0	0
107075236	0	0	0	0
107075237	0	0	0	0
107075238	0	0	0	0
107075239	0	0	0	0
107075240	0	0	0	0
107075241	0	0	0	0
107075242	0	0	0	0
107075243	0	0	0	0
107075244	1	4	5	4
107075245	0	0	0	0
107075246	2	8	3	3
107075247	3	1	0	0
107075248	0	0	0	0
107075249	0	0	26	30
107075250	0	0	0	0
107075251	0	0	0	0
107075252	0	0	0	1
107075253	0	0	0	0
107075254	0	0	0	0
107075255	0	0	0	0
107075256	0	0	0	0
107075257	0	0	0	0
107075258	0	0	0	0
107075259	0	0	0	0
107075260	3	2	9	1
107075261	0	2	0	0
107075262	0	0	0	0
107075263	0	2	0	0
107075264	5	5	0	2
107075265	0	1	1	0
107075266	0	0	0	0
107075267	0	0	0	0
107075268	1	0	0	0
107075269	0	1	0	0
107075270	146	340	99	76
107075271	0	1	0	0
107075272	0	0	1	0
107075273	0	0	0	0
107075274	0	1	0	0
107075275	0	0	0	3
107075276	0	0	0	0
107075277	0	0	0	0
107075278	0	0	0	0
107075279	0	0	0	1
107075280	8	7	1	8
107075281	0	0	0	0
107075282	0	0	0	0
107075283	1	1	1	0
107075284	0	0	0	0
107075285	159	1834	79	53
107075286	0	0	0	0
107075287	0	0	0	0
107075288	0	0	0	0
107075289	4	1	0	0
107075290	0	0	0	0
107075291	3	0	0	1
107075292	0	0	0	0
107075293	0	0	0	0
107075294	0	0	0	0
107075295	0	0	0	0
107075296	0	0	0	0
107075297	3	6	2	3
107075298	0	0	0	0
107075299	0	0	0	0
107075300	0	0	0	0
107075301	2	11	2	7
107075302	0	0	0	0
107075303	0	0	0	1
107075304	0	0	0	1
107075305	0	1	0	1
107075306	0	0	0	0
107075307	2	2	1	8
107075308	0	0	0	0
107075309	0	0	0	0
107075310	69	255	88	92
107075311	0	0	0	1
107075312	0	0	0	0
107075313	0	0	0	0
107075314	0	0	0	0
107075315	0	0	0	0
107075316	0	1	0	0
107075318	0	0	0	0
107075319	0	0	0	0
107080108	2	3	0	0
107080551	1	0	0	0
107080553	0	0	0	0
107080554	0	0	0	0
107080620	1	1	2	8
107080621	0	0	0	0
107080622	0	0	0	0
107080624	0	0	0	0
107080626	0	0	0	0
107080627	1	0	0	0
107080628	0	0	0	0
107080629	0	0	0	0
107080632	0	2	0	2
107080633	0	0	0	0
107080636	2	0	0	0
107080637	2	3	1	1
107080639	0	0	0	0
107080641	0	0	0	0
107080652	0	1	0	0
107080653	0	0	0	0
107080654	0	5	0	0
107080655	0	0	0	0
1071	33	37	11	31
107105253	20	0	4	3
107105254	0	0	0	0
107105256	0	0	0	0
107105259	0	0	0	0
107105261	0	0	0	0
107105262	0	0	0	0
107105263	0	0	0	0
107105264	0	0	0	0
107105265	0	0	0	0
107105266	2	3	1	1
107105271	0	0	0	0
107105274	0	0	0	0
107105276	0	0	0	0
107105278	0	0	0	0
107105282	1	10	0	1
10712	1171	1795	1190	2730
107126286	0	0	0	0
107126287	0	0	0	0
107126289	0	0	0	0
107126290	0	0	0	0
107126294	5	15	1	0
107126360	1	1	0	0
10713	2936	2937	1420	5173
107131119	0	0	0	1
107131122	2	1	0	1
107133486	2	0	0	0
107133494	0	0	0	0
107133497	0	0	0	0
107133499	0	0	0	0
107133502	0	0	0	0
107133504	0	0	0	0
107133508	0	0	0	0
107133511	0	0	0	0
107133513	0	3	0	1
107133516	5	1	3	6
107133519	0	0	0	0
107133522	0	0	0	0
107133523	0	0	0	1
107133524	0	0	0	0
10714	852	738	687	1643
10715	2	12	3	26
10716	0	0	0	2
107161144	9	8	5	8
107161145	0	1	0	1
107161151	0	0	0	0
107161153	0	0	0	0
107161154	0	0	0	1
107161159	0	0	0	0
107161162	0	0	0	0
107161163	0	0	0	0
107161164	0	0	0	0
107161230	1	0	0	0
10717	962	1167	789	657
107178918	4	0	28	0
107178919	0	0	0	0
107178920	0	0	0	0
10718	7	2	1	3
1072	30500	54935	27475	32547
10720	3	2	9	0
10721	386	419	425	1252
10723	8697	8065	2695	7349
10724	6653	13415	4900	8067
10725	3292	2165	2102	2161
10726	5965	4471	3019	5234
10728	16791	17487	9777	18611
107282092	0	4	1	1
1073	413	238	126	458
10730	6330	4815	4878	7966
10732	627	1337	256	1223
10733	430	185	325	974
10734	142	514	35	93
10735	6866	3317	2718	8063
10736	43	1	15	9
10737	12	6	6	11
10738	0	0	0	0
10739	4	0	0	13
107397391	0	0	0	0
107397392	0	0	0	0
1074	8	7	1	6
10740	2	2	0	0
107403069	0	0	0	0
107403073	0	0	0	0
10741	1484	871	735	1450
10742	710	44	29	78
10743	2211	806	1582	2420
107436076	0	0	0	0
10744	3	1	0	0
10745	578	267	234	482
10746	2605	2141	1347	2445
10747	91	20	43	37
10748	157	82	86	82
10749	6517	3827	7120	5850
1075	7099	4866	2205	7934
10750	53	15	54	16
10751	0	0	0	0
10752	78	24	39	29
10753	235	16	582	201
107546764	1	2	0	0
107548099	0	0	0	0
10755	6115	13581	7923	7849
10758	1698	2856	1044	2130
10761	17	42	4	176
10762	2427	1501	1713	4022
10763	3569	706	357	2819
10765	3365	4690	2669	3741
10766	4041	2135	4112	3940
10767	1928	1157	1040	2225
10768	5857	2975	3786	3975
10769	1695	287	374	981
10771	3495	2181	1781	2967
10772	5858	3594	3429	4202
10773	720	484	356	624
10775	1310	1529	917	1491
10776	5846	2572	3832	4798
10777	2	1	0	0
10778	655	577	289	756
10780	574	738	258	314
10781	1980	2704	932	1351
10782	758	999	338	890
10783	2659	2452	2017	2911
10785	682	768	1030	1313
10786	0	3	0	0
10787	8808	6655	4996	9292
10788	1828	3467	1634	973
10789	7	4	3	5
10790	5	1	2	1
10791	396	256	74	272
10793	525	516	131	434
10794	39	11	21	83
10795	1131	552	422	628
10797	2632	1088	1207	7700
10798	0	0	0	0
107983955	0	0	0	0
107983975	0	0	1	0
107983988	0	0	0	0
107983993	2	4	0	1
107983999	0	0	0	0
107984002	1	1	0	0
107984009	0	0	0	0
107984027	0	0	0	0
107984028	0	0	0	0
107984036	161	200	62	177
107984114	3	3	1	1
107984117	0	0	0	0
107984158	2	0	5	1
107984161	1	0	0	1
107984178	0	0	0	0
107984208	0	0	0	0
107984237	1	0	1	1
107984241	5	20	2	0
107984280	2	3	0	2
107984324	0	0	0	0
107984333	5	8	1	4
107984337	2	0	0	1
107984345	2	8	1	27
107984349	0	1	1	3
107984359	16	1	8	10
107984366	1	1	0	1
107984396	31	31	18	96
107984414	0	0	0	0
107984426	0	0	0	0
107984439	0	0	0	1
107984455	4	14	5	2
107984461	1	0	1	1
107984474	3	1	0	0
107984497	0	0	0	0
107984503	1	3	1	0
107984504	3	0	1	6
107984508	1	1	0	0
107984516	0	2	0	0
107984528	2	8	1	0
107984539	14	20	8	12
107984540	0	0	0	0
107984565	0	0	0	0
107984636	0	0	0	0
107984637	0	0	0	0
107984640	0	4	0	5
107984660	35	24	5	32
107984700	1	0	0	0
107984757	29	13	1	16
107984764	152	0	4	23
107984773	49	15	21	20
107984780	0	1	0	0
107984811	0	0	0	0
107984813	6	8	4	4
107984834	3	5	3	2
107984836	24	13	5	21
107984844	13	62	8	17
107984858	1	1	1	1
107984875	26	29	18	53
107984884	37	2	0	4
107984921	42	37	13	21
107984947	18	25	21	28
107984953	49	30	10	25
107984955	0	0	0	0
107984957	1	2	0	0
107984958	6	7	2	5
107984969	39	229	15	32
107984977	0	0	0	0
107984995	0	5	0	0
107985040	22	62	18	37
107985053	10	1	1	8
107985092	2	2	0	0
107985099	0	0	0	0
107985102	3	0	1	4
107985124	2	0	0	1
107985128	0	0	0	0
107985140	0	0	0	0
107985146	0	0	0	0
107985164	8	0	1	1
107985167	3	0	0	0
107985190	1	0	0	2
107985194	1	1	3	1
107985195	0	0	0	0
107985209	54	231	25	58
107985210	20	36	34	2
107985228	6	6	9	3
107985229	1	1	1	3
107985246	154	472	113	177
107985254	0	1	0	0
107985274	0	0	0	0
107985280	0	0	0	0
107985305	43	171	20	43
107985307	0	1	0	23
107985311	0	0	0	1
107985312	0	0	0	0
107985325	47	50	59	71
107985338	1	0	0	1
107985343	25	122	16	79
107985353	7	9	19	11
107985395	40	20	3	10
107985456	0	0	0	0
107985457	0	0	0	0
107985463	0	0	0	0
107985471	35	12	6	7
107985484	4	4	1	1
107985538	3	1	0	6
107985555	34	11	8	171
107985557	0	0	0	0
107985564	6	3	1	7
107985565	0	0	0	1
107985578	3	0	0	0
107985628	0	0	0	0
107985630	0	0	0	0
107985631	0	1	0	0
107985638	3072	1365	23	0
107985639	0	0	0	0
107985644	0	0	0	0
107985655	0	0	0	0
107985660	0	0	0	0
107985691	0	0	0	1
107985711	0	0	0	1
107985718	0	0	0	0
107985730	0	0	0	0
107985737	9	0	2	3
107985740	4	11	6	1
107985781	31	42	11	13
107985790	0	3	0	0
107985791	1	3	1	0
107985793	0	0	0	0
107985798	0	0	0	0
107985806	0	0	0	0
107985813	0	0	0	0
107985816	0	0	0	0
107985818	0	0	0	0
107985820	1	0	0	0
107985834	0	0	0	0
107985844	0	0	0	0
107985879	73	498	270	33
107985885	0	0	0	0
107985893	0	0	0	1
107985907	7	4	2	1
107985924	0	0	0	0
107985925	0	0	0	0
107985928	0	0	0	0
107985942	3	6	0	3
107985951	0	0	0	0
107985970	54	25	2	6
107985985	0	0	0	0
107986014	1	0	0	0
107986032	2	6	0	1
107986034	0	0	0	0
107986036	0	0	0	0
107986039	0	0	0	0
107986041	1	0	0	0
107986046	1	0	0	0
107986063	62	68	61	40
107986085	28	130	13	56
107986096	0	0	0	0
107986100	68	126	35	98
107986114	32	14	13	22
107986119	140	388	49	162
107986120	0	0	0	0
107986125	0	0	0	0
107986136	1	0	0	0
107986164	0	0	0	0
107986165	0	0	0	0
107986199	0	0	0	0
107986206	3	2	3	6
107986209	13	18	14	16
107986226	0	0	0	0
107986233	0	0	0	0
107986241	110	25	2	50
107986251	264	0	5	24
107986264	0	0	1	1
107986266	10	345	8	24
107986311	4	2	0	6
107986313	1	0	1	0
107986319	1	0	0	0
107986321	1	0	6	0
107986322	0	0	0	0
107986333	0	0	0	0
107986389	93	157	30	27
107986402	2	1	0	0
107986407	0	0	0	0
107986408	9	1	0	0
107986411	33	49	17	27
107986412	7	5	0	4
107986443	0	0	0	0
107986445	0	1	0	1
107986447	4	1	3	0
107986480	0	0	0	0
107986496	1	5	2	3
107986521	0	0	0	0
107986533	0	0	0	0
107986535	0	0	0	0
107986588	61	111	49	30
107986593	4	1	1	6
107986605	0	0	0	0
107986618	1	3	0	2
107986655	7	5	1	1
107986700	142	218	78	159
107986703	0	0	0	0
107986730	0	0	0	0
107986732	0	0	0	0
107986739	0	0	0	0
107986756	0	5	0	6
107986806	11	29	10	12
107986809	35	20	24	39
107986818	13	11	17	5
107986824	19	33	4	0
107986879	0	0	0	0
107986898	4	2	2	4
107986980	5	0	0	0
107986984	0	14	0	7
107986989	1	3	0	0
107987018	0	0	0	0
107987041	1	2	0	2
107987106	0	1	2	0
107987127	1	1	0	2
107987141	48	67	8	51
107987155	0	0	0	0
107987215	0	0	1	0
107987273	0	0	0	0
107987295	2	3	0	3
107987305	0	0	0	0
107987306	1	0	0	0
107987333	0	0	0	0
107987337	0	15	0	0
107987341	0	0	0	0
10799	236	357	201	539
108	90	14	4	19
1080	19156	14758	9869	16040
10800	94	22	10	16
10801	17705	16131	10410	13318
10802	1745	1160	879	1191
10803	19	2	0	2
10804	3	23	11	5
10806	805	768	541	905
10807	2070	3094	1205	4485
10808	8376	7794	5190	10008
10809	8450	9952	3476	9260
1081	3	0	0	1
10810	43	9	4	113
10811	1673	4727	1206	2311
10813	3874	1252	1334	4887
10814	1407	7	20	14
10815	241	111	46	660
10816	0	0	0	0
10817	357	573	135	430
10818	1032	680	674	888
10819	65	221	49	114
1082	1	0	0	2
10820	2	0	0	1
10821	12	1	1	2
10822	0	0	0	0
10823	0	0	0	0
10824	0	10	3	10
10825	938	762	478	1758
10826	1542	163	133	179
10827	721	487	327	527
10828	0	0	1	1
10829	2	4	0	4
10830	0	0	0	0
10831	0	0	0	0
10833	0	1	0	0
10834	0	0	0	0
10835	3	1	0	0
10836	1	0	0	0
10837	0	0	0	0
10838	1965	1231	689	2374
1084	14	15	7	94
10840	77	4857	3137	130
10841	12	23	4	1
10842	0	0	0	0
10844	3787	4058	2857	4289
10845	2656	1226	1759	1773
10846	148	22	12	39
10847	225	207	112	207
10848	1488	3747	2726	1715
10849	224	305	255	532
1085	2	0	0	1
10850	0	0	0	0
10855	186	231	275	535
10856	5661	5138	4042	8120
10857	10134	6547	5251	12202
108570035	0	0	0	0
10858	17	5	3	7
10859	198	51	12	48
1086	0	0	0	0
10861	376	276	119	310
10863	991	101	56	78
10864	1	2	5	1
10865	884	2577	1189	1620
10866	1085	3575	1203	2100
10867	2038	1296	393	1414
10868	1858	2397	636	1617
10869	3385	3852	2208	2760
1087	293	39476	17898	9990
10870	11	7	4	6
10871	39	4	12	11
10873	1633	1235	994	955
10874	101	194	289	909
10875	843	120	259	99
10876	0	0	0	0
10877	0	0	0	0
10878	0	5	0	0
108783646	2	0	2	0
108783654	113	136	90	140
10879	0	0	0	0
1088	5	19	19	19
10880	1	1	0	1
10881	0	0	0	0
10882	31	13	4	89
10884	2346	2394	1339	3192
10885	1994	809	1453	2582
10886	9	0	0	2
10887	3	0	0	1
10888	17	8	4	9
1089	20	1	2	2
10890	8453	9370	5252	11735
108903150	23	6	14	13
10891	924	689	794	352
10892	1113	633	696	1034
10893	291	78	29	66
10894	73	10	8	13
10895	0	0	0	13
10897	2594	5320	1676	4189
10898	1860	1232	642	2108
10899	383	973	403	660
109	3321	1002	800	3211
1090	1	0	0	0
10900	232	38	10	24
10901	778	342	624	727
10902	2626	3386	1352	2265
10903	4918	7738	1366	10233
10904	4701	13165	1778	7165
10905	2325	1114	1256	1673
10906	1948	1754	918	1570
10907	1723	1955	999	2042
10908	3633	4359	2573	3669
1091	0	0	0	0
10910	2816	4660	2107	3062
10911	12	4	20	128
10912	431	354	175	95
10913	486	144	486	1798
10914	8543	6124	4934	11395
10915	3503	3658	2123	3987
10916	8194	5696	2649	7116
10917	326	997	195	29
10919	3121	2775	1322	2850
1092	2	1	0	1
10920	1793	1271	706	2305
10921	7589	10246	4731	11046
10922	4381	6149	2262	4459
10923	6036	6599	3202	9639
10924	504	803	484	329
109245082	6	3	2	2
10926	856	629	595	1683
10927	4102	3228	1517	3182
10928	2482	3168	2377	4317
109286551	0	0	0	0
109286552	0	0	0	0
109286553	95	703	100	145
10929	2914	2278	1867	2321
1093	0	0	0	0
10930	9	4	1	11
10933	7069	2943	3379	4594
10934	1	0	0	1
10935	5095	4073	5874	9495
10936	36	43	34	50
10938	2286	3918	1777	4394
10939	1947	1311	1445	2929
1094	0	0	0	0
10940	562	394	614	1644
10941	0	0	0	0
10942	3	1	34	0
10943	1568	1312	1018	3067
10944	5236	4334	2270	5275
10945	14606	12495	8841	11904
10946	3893	2414	2068	3210
10947	1047	457	703	1064
10948	3631	2900	912	2038
10949	13057	9269	4320	8830
1095	0	0	0	0
10950	841	912	859	1414
10951	3080	2298	1411	4120
10952	2943	4369	1720	3135
10953	4230	4464	1493	5364
10954	1481	1537	1060	2123
10955	8881	12872	3802	10566
10956	10937	12064	6535	7184
10957	2519	2415	816	1783
10959	13700	14427	10277	14169
1096	0	0	0	0
10960	11606	10922	4626	7743
10961	10820	9400	5644	7964
109616958	0	0	0	0
109616959	1	1	0	5
109616960	0	0	0	1
109616961	0	0	0	0
109616962	3	4	0	1
109616963	0	0	0	0
109616964	6	3	6	1
109616965	0	1	1	0
109616967	0	0	0	1
109616968	0	0	0	0
109616969	0	0	0	0
109616970	0	0	0	0
109616971	0	0	0	0
109616972	9	4	1	1
109616973	0	0	1	2
109616974	1	2	0	0
109616975	3	0	2	3
109616976	3	4	4	10
109616977	5	4	6	10
109616978	0	0	0	0
109616980	0	0	0	0
109616981	0	0	0	0
109616982	0	0	0	0
109616984	0	0	0	0
109616985	0	0	0	0
109616990	1	0	2	0
109616991	18	24	19	13
109616992	0	0	0	0
109616993	0	0	0	0
109616994	0	0	0	0
109616995	0	0	1	0
109616997	0	2	2	0
109616998	0	0	0	0
109616999	1	2	2	6
109617000	19	21	12	28
109617001	0	0	0	1
109617002	0	0	0	0
109617003	0	0	0	0
109617004	0	0	0	1
109617005	0	0	0	0
109617006	0	0	0	0
109617007	0	0	0	0
109617008	0	0	0	0
109617009	0	0	0	0
109617010	0	0	0	0
109617011	0	0	0	0
109617012	1	0	2	2
109617013	0	0	0	0
109617014	0	0	0	0
109617015	0	0	0	0
109617016	0	0	0	0
109617020	1	0	0	0
109617022	1	1	0	0
109617023	0	0	0	0
109617024	0	1	0	0
10962	66	36	14	46
109623459	0	0	0	0
109623460	0	0	0	0
10963	7698	9192	4225	12503
10964	213	329	24	208
10965	659	426	405	962
10966	669	5010	1107	1673
10969	2743	2182	2063	3815
1097	0	0	0	0
10970	7210	4249	3126	4122
109703458	6	2	7	10
10971	14405	8383	5623	15199
10972	13344	6253	7695	13875
109729114	0	0	0	0
109729115	0	0	0	0
109729116	0	0	0	0
109729117	0	0	0	0
109729118	0	0	0	0
109729119	0	0	0	0
109729120	0	0	0	0
109729121	0	0	0	0
109729122	0	0	0	0
109729123	0	0	0	0
109729124	0	0	0	0
109729125	0	0	0	0
109729126	0	0	0	0
109729127	12	6	6	6
109729129	0	0	0	0
109729130	20	30	11	8
109729131	0	0	1	0
109729132	0	0	0	0
109729133	6	23	18	22
109729135	1	0	0	0
109729136	0	0	0	0
109729137	1	0	0	0
109729138	1	1	0	1
109729140	0	0	0	0
109729141	14	58	9	38
109729142	0	0	0	0
109729143	0	0	0	0
109729144	0	0	0	0
109729145	0	0	2	2
109729146	274	269	151	158
109729147	13	4	2	7
109729150	1	1	14	20
109729151	0	0	0	0
109729152	0	0	0	0
109729153	1	0	0	0
109729154	0	0	0	0
109729155	0	0	0	0
109729156	0	0	0	0
109729157	0	0	3	0
109729158	0	0	0	0
109729159	0	1	1	0
109729160	49	46	24	47
109729161	2	1	0	7
109729162	0	0	0	0
109729163	0	0	0	0
109729164	3	0	1	0
109729166	0	0	0	0
109729168	5	1	1	0
109729169	1	0	0	3
109729170	0	0	0	0
109729172	37	30	19	48
109729174	8	9	5	12
109729177	0	0	2	1
109729178	3	6	11	4
109729179	0	0	0	0
109729180	51	57	62	253
109729181	293	259	175	222
109729182	46	45	15	23
109729184	0	0	0	0
10973	2656	1133	1434	2018
109731405	1	4	1	1
10974	0	0	0	0
10975	520	414	650	1017
10978	539	739	436	762
10979	1028	158	139	401
1098	0	0	0	0
10980	5362	5185	2162	6783
10981	1396	1834	958	1865
10982	1990	1002	1025	1047
10983	19304	6248	5899	12572
10984	467	330	338	621
10985	11486	8067	7113	10601
109864269	0	2	0	4
109864281	0	0	0	0
10987	2478	2566	2004	3265
10988	4395	2387	2381	5011
10989	5192	5129	3528	10592
10990	110	10	23	59
10991	252	14	2	6
109910381	0	0	0	0
10992	10717	11050	5723	13472
10993	100	55	15	90
10994	5702	6709	3763	5672
10998	293	423	394	1020
10999	1980	3375	2288	3228
11	0	6	0	0
11000	952	1587	375	742
11001	1972	751	807	1083
11004	981	462	852	1887
11005	303	401	54	757
11006	327	53	27	83
11007	860	1252	613	2731
11009	7	10	1	5
110091775	20	30	23	20
1101	35	54	27	51
11010	656	165	263	231
11011	1677	2045	837	1718
110117498	0	0	0	0
110117499	0	0	0	0
11012	1620	151	739	238
11013	24	12	8	14
11014	13050	22319	7004	16193
11015	802	1875	864	920
11016	1821	1567	853	1297
11017	689	693	323	1312
110175910	0	0	0	0
11018	302	286	226	426
11019	993	409	444	904
1102	686	380	178	197
11020	672	607	565	739
11021	2985	2604	2221	2531
11022	380	686	222	598
11023	0	0	0	78
110231149	18	2	2	2
11024	26	5	7	4
11025	76	30	16	100
11027	13	4	2	19
11029	0	0	0	0
1103	1	0	0	5
11030	2975	1406	2094	1846
11031	1250	195	185	732
11033	2153	5944	1877	3417
11034	22389	19837	9610	20023
11035	972	748	576	819
11036	0	0	0	2
11037	306	77	44	110
11039	1	0	0	0
1104	3867	1630	2373	5448
11040	1651	1261	792	2923
11041	724	1142	286	1315
11042	0	0	0	0
11043	476	28	113	324
11044	1663	1918	967	3415
110440226	20	25	6	6
11045	0	4	4	29
11046	389	779	207	478
11047	3348	4473	1358	3559
11049	0	2	0	0
1105	3219	2696	1978	2591
11051	4214	3220	2324	4887
11052	4557	3541	2767	4050
11054	3621	5416	1005	3500
11055	0	0	0	0
11056	2274	1663	1141	2067
11057	28052	14338	13072	9026
11059	4390	2730	3310	3472
110596867	0	0	0	1
110599563	22	12	27	7
110599564	223	222	220	688
110599583	0	0	0	0
110599588	0	0	0	0
1106	5657	2328	2103	3585
11060	3571	4156	2291	3768
11061	0	2	2	0
11062	278	319	95	376
11063	229	72	21	155
11064	1234	888	589	1027
11065	1780	2168	1294	6364
11066	1124	1719	679	734
11067	1149	483	260	493
11068	909	744	401	833
11069	120	45	25	93
1107	6393	2592	6363	4272
11070	1613	2909	1234	1935
11072	620	471	403	821
11073	2211	2038	1517	4044
11074	1451	21553	9504	5518
11075	88	31	7	106
11076	592	502	1086	847
11077	14	34	5	27
11078	3926	3542	4338	2784
11079	4064	3326	2920	3950
1108	1657	1775	976	1886
11080	416	195	203	158
110806268	1	0	0	0
110806269	0	0	0	4
110806270	1	0	0	0
110806272	28	35	10	51
110806273	38	0	14	53
110806274	164	58	107	64
110806276	0	2	6	413
110806277	8	3	0	1
110806278	0	0	0	0
110806279	1	1	0	0
110806280	2	2	0	0
110806281	0	0	0	3
110806283	2	0	2	1
110806285	2	18	4	2
110806286	0	0	0	0
110806288	0	0	0	0
110806289	6	4	0	1
110806290	2	1	2	0
110806291	0	0	0	0
110806292	0	0	0	0
110806294	0	0	0	0
110806296	0	0	0	1
110806297	2	1	0	0
110806298	299	303	84	211
110806299	0	0	1	1
110806300	0	0	4	10
110806301	1	18	10	3
110806303	0	0	0	0
110806308	0	1	0	0
11081	0	0	2	1
11082	342	115	59	282
11083	5778	8023	2283	4643
110841581	12	39	6	14
110841583	19	12	10	6
11085	0	0	0	0
11086	2	0	0	0
1109	15	15	1	4
11091	3091	3648	1740	5435
11092	148	255	121	223
11093	387	390	187	233
11094	2183	3613	1126	1635
11095	163	52	19	53
11096	232	36	29	202
11097	966	822	504	769
11098	11270	1300	3521	4056
11099	1000	644	557	620
111	447	887	40	76
11100	11983	10007	7438	10360
11101	1836	1363	1373	2257
11102	460	675	334	395
11103	1906	869	947	1395
11104	554	799	217	815
11105	2	3	0	1
111064646	21	17	12	9
111064647	0	1	0	0
111064649	72	32	28	7
111064650	0	1	1	1
11107	474	168	160	109
11108	3206	1998	1719	2214
111082961	0	0	0	0
111082962	0	1	0	0
111082963	0	0	0	0
111082964	1	0	0	0
111082965	0	1	1	0
111082966	0	0	0	0
111082967	1	0	0	0
111082968	1	0	0	0
111082969	0	0	0	1
111082970	0	0	0	1
111082971	0	0	0	0
111082972	9	1	0	4
111082973	0	2	0	0
111082974	1	2	0	0
111082976	1	0	0	0
111082977	3	7	2	7
111082978	0	0	0	1
111082979	1	0	0	0
111082980	9	6	4	7
111082981	0	1	0	2
111082982	0	0	0	0
111082983	0	1	0	0
111082984	0	0	0	0
111082985	2	1	1	2
111082987	4	3	3	2
111082988	0	0	0	0
111082989	6	3	3	1
111082990	1	0	0	0
111082991	7	1	7	7
111082992	20	67	17	24
111082993	7	13	1	3
111082994	0	0	0	0
1111	898	658	593	2185
11112	3402	4547	2006	3128
11113	1858	949	1487	2264
11116	671	1708	487	958
11117	5831	835	533	1733
11118	1548	2156	1099	1035
111188141	3	10	1	27
111188157	0	0	0	0
11119	1609	2112	862	804
1112	2682	1216	856	1079
11120	1587	2398	819	1828
111216274	0	0	0	0
111216275	3	0	0	10
111216276	0	0	0	0
111216277	0	3	0	0
111216278	0	1	0	0
111216279	0	0	0	0
111216280	20	36	55	26
111216282	0	2	2	0
111216283	14	22	19	31
111216284	3	0	0	1
111216285	0	0	0	0
111216286	2	1	0	0
111216287	0	0	0	0
11122	41	3	3	3
11123	1097	1197	909	882
11124	2331	1235	1663	2010
111240474	50	37	155	44
11126	20	15	8	14
11127	722	403	417	625
11128	1950	1332	1254	2494
11129	2468	3842	1424	2529
1113	218	2	337	11
11130	1512	1029	1553	4112
11131	17	19	5	11
11132	1590	1885	657	1652
11133	174	158	98	341
11135	4285	3140	3847	6804
11136	18	4	5	5
11137	2447	2381	1754	2977
11138	975	1380	581	1820
1114	600	21	34	4
11140	9803	14341	8098	12980
11141	3	0	0	1
11142	1689	3890	665	1651
11143	2183	1644	1198	2525
11144	36	4	10	57
11145	1194	985	625	1389
11146	333	166	277	363
11147	163	156	436	147
11148	828	2603	1069	721
11149	79	17	9	33
111501764	2	1	0	0
11151	1805	801	292	487
11152	1073	1199	516	1477
11153	328	272	136	234
11154	319	127	127	263
11155	32	20	13	29
11156	3183	2077	848	3170
11157	798	525	361	763
11158	973	594	509	738
11159	518	515	194	508
1116	614	51	40	170
11160	4898	2293	3167	2462
11161	1626	1562	1530	3521
11162	91	56	71	88
11163	5832	8830	4499	3387
11164	1918	2870	2102	3686
111644132	6	5	0	2
111644133	0	2	1	0
111644134	0	0	0	0
111644135	0	0	0	0
111644136	0	0	0	0
111644137	0	0	0	0
111644138	0	0	0	0
111644139	1	0	0	0
111644140	0	0	0	0
111644142	2	0	0	1
111644143	0	0	0	0
111644144	3	1	1	0
111644145	0	0	0	0
111644146	0	0	0	0
111644147	4	19	4	3
11165	39	28	36	71
11166	3	0	0	0
11167	5959	1642	985	4562
111674481	0	0	0	0
11168	1491	1613	778	3835
11169	599	213	377	1454
1117	49	36	4	5
11170	157	60	77	68
11171	8694	2983	3707	6299
11172	4	4	3	4
11173	436	118	56	203
11174	233	48	29	107
111753249	733	1807	1460	2849
11176	8127	5133	4068	6517
11177	2683	1258	1661	3069
11178	284	85	45	213
11179	1682	979	666	1901
1118	13	9	0	4
11180	7920	7543	4931	6502
11181	60	168	13	32
11182	138	177	44	212
11183	1654	898	1029	2064
11184	252	108	49	36
11185	360	150	13	122
11186	1285	1540	1113	1899
11187	8022	11139	7582	13236
11188	4442	5581	2470	3551
11189	69	95	16	38
1119	663	1437	612	1255
11190	5059	3282	961	5465
11191	48	22	16	48
11193	696	995	510	612
11194	2646	2659	1680	3176
11196	2848	2026	1956	3378
11197	17	0	1	0
11198	6946	2827	3887	9893
11199	6	0	0	3
112	4880	4694	3137	3165
1120	24	34	15	31
11200	808	458	474	1160
11201	719	413	112	360
11202	110	4	52	4
11209	79	230	68	186
1121	787	506	428	1416
11211	32	4	5	8
11212	2768	2146	2123	2227
11213	385	1396	39	131
11214	5952	2739	3617	2959
11215	4165	3296	2780	3030
11216	1396	4902	586	946
112163642	0	0	0	0
112163659	6	12	0	2
112163686	2	1	0	0
11218	802	478	602	876
11219	53	37	25	43
1122	888	1051	487	844
11221	596	312	424	1315
11222	3614	3627	2793	5933
11223	32	269	51	230
11224	19265	29721	13391	42115
11226	9961	8949	5391	3608
112267862	8	1	0	5
112267873	10	7	12	0
112267877	50	157	18	40
112267887	33	104	43	24
112267889	1	0	0	0
112267958	7	18	5	1
112267960	2	0	0	0
112267983	43	116	17	30
112268007	34	0	0	1
112268042	19	14	11	18
112268089	10	11	3	3
112268097	0	0	0	0
112268098	61	52	32	44
112268105	82	163	52	62
112268124	87	39	37	52
112268142	0	1	1	1
112268164	3	0	0	1
112268184	11	27	5	8
112268203	8	4	8	4
112268216	0	0	0	0
112268223	39	23	4	14
112268240	3	0	0	1
112268241	30	68	34	4
112268243	2	7	1	2
112268275	0	0	1	0
112268293	9	10	6	3
112268442	2	0	0	0
112268454	0	0	0	0
112268476	1	0	0	0
112268487	0	0	0	0
11227	3966	1970	819	3784
112272564	0	0	0	0
112272565	0	0	0	0
112272612	0	1	0	0
11228	979	24	16	62
112296190	1	0	0	1
1123	352	93	33	574
11230	130	103	57	146
11231	4398	4435	2154	5168
11232	996	1417	527	1032
11234	921	667	389	907
11235	1499	1532	1177	2406
11236	1403	1389	1380	1990
11237	2141	646	398	992
11238	348	89	123	228
112390310	4	20	2	8
112398	325	553	189	271
112399	1286	425	461	1607
1124	57	14	8	15
11240	1883	3227	2399	1682
112401	0	0	0	0
112422909	0	1	0	0
11243	493	621	297	618
112436690	3	0	2	6
112436692	0	3	0	1
11244	883	1036	1253	1879
112441426	0	0	0	0
112441428	0	0	0	0
112441429	0	0	0	0
112441430	0	0	0	2
112441431	0	0	0	0
112441432	0	0	0	0
112441433	0	0	1	0
112441434	102	187	45	65
112441435	0	0	0	0
112441436	2	0	0	0
112441437	0	0	0	0
112441438	0	0	0	0
112441442	0	0	0	0
11245	224	48	20	117
112451549	2	4	1	0
112464	145	109	27	146
11247	33	43	7	86
112476	84	262	73	115
112479	437	389	383	790
11248	680	6	2	38
112483	1475	2034	881	1728
112487	163	57	103	223
112488736	0	0	0	0
112488737	0	0	0	0
112488738	0	0	0	0
112488739	0	0	0	0
112488740	0	0	0	0
112488741	0	0	0	0
112488742	0	0	0	0
112488744	0	1	1	0
112488745	0	0	0	0
112488746	0	0	1	4
112488747	0	0	0	0
112488748	0	0	0	0
11249	0	1	0	0
112495	1890	897	1007	1222
11250	10	0	0	5
11251	127	36	55	13
11252	4060	2707	2320	3246
112529913	0	0	0	0
11253	4563	5537	2329	4113
11254	961	260	521	404
112543478	0	6	1	1
112543493	0	0	0	0
11255	0	1	0	0
112552163	0	0	0	0
11257	313	459	149	259
112574	1000	352	246	462
112577460	0	0	0	0
112577461	2	3	1	1
112577462	0	0	0	0
112577463	0	0	0	0
112577464	236	612	93	209
112577465	0	0	0	0
112577466	0	0	0	0
112577467	0	0	0	0
112577516	0	0	0	0
112577518	0	0	0	0
11258	1354	2113	966	2264
112588022	0	0	0	0
11259	2841	587	495	1174
112597	171	127	37	382
11260	5954	2762	2920	8563
112609	565	1920	437	702
11261	3317	5676	7210	5147
112611	388	359	125	355
112616	498	1937	782	2437
11262	119	70	25	20
112637020	2	5	5	9
11264	834	1367	530	1572
11266	495	731	230	696
11267	1715	1387	835	1619
11269	578	867	335	553
11270	583	516	399	829
112703	141	183	93	250
112714	6	6	2	0
11272	45	41	13	36
112724	969	2577	1227	1642
11273	6673	5953	3172	7819
11274	156	102	123	209
112744	2	6	0	2
11275	748	218	225	577
112752	878	712	326	913
112755	55	165	12	41
11276	2867	1661	1265	1882
11277	0	0	0	0
112770	1119	1216	532	1386
11278	680	1317	753	90
11279	197	1109	61	65
1128	14	30	53	87
11280	36	73	4	4
112802	10	0	0	1
112806053	180	482	174	98
11281	157	1	0	9
112812	2	3	3	1
112817	46	32	30	56
11282	13998	26554	6976	14069
11283	14	29	2700	43
11284	2627	1783	1465	2171
112840	514	373	279	603
112840933	2	0	8	12
112840934	0	0	0	0
112846	5	4	1	2
112849	243	249	255	279
11285	2138	2105	752	1784
112858	1448	1136	558	1956
112869	557	1007	294	907
112885	17	0	0	1
1129	1	0	5	21
112903833	203	709	121	259
112935892	27	39	38	14
112935960	21	79	20	43
112935968	0	0	0	0
112935969	30	277	2	108
112936	2653	3551	1795	4067
112937	1	2	0	1
112939	3250	3374	2725	3889
112942	1378	1111	807	3148
112950	961	881	624	916
112970	125	117	114	158
113	451	311	113	711
1130	850	556	742	596
113000	1253	2095	959	2717
113026	3946	14100	7805	10050
11309	1579	3167	2811	2109
113091	0	0	0	0
1131	206	745	164	1221
11311	1133	1351	739	1091
113115	205	292	202	993
11313	4254	4290	2627	3112
113130	1257	1037	849	3743
11314	213	64	44	124
113146	728	873	842	5482
11315	7841	6464	4268	6654
113157	120	37	34	78
11316	2922	5233	2566	3474
11317	1	1	1	0
113174	744	1018	365	1195
113177	89	163	62	172
113178	3519	3363	2868	6849
113179	160	148	136	182
11318	11	0	2	0
113189	586	490	193	518
11319	1263	1316	945	1793
1132	18	4	0	1
11320	2425	1942	697	1939
113201	3871	2283	1880	2540
11321	1848	1634	867	2563
113218477	13	10	21	15
11322	4599	12209	2904	4253
113220	3605	4432	119	979
113230	1648	3449	2316	806
113235	191	670	136	435
113246	554	320	361	419
11325	7469	10306	4399	7329
113251	3023	2241	1994	3138
11326	298	5	38	237
113263	514	395	177	327
113277	308	300	100	212
113278	1871	1933	1885	1560
11328	7054	11410	4440	7311
11329	5529	6841	3186	4751
1133	9	8	2	3
11330	6	6	3	3
11331	12024	9324	7832	15763
11332	1914	1516	1411	4256
11333	8579	5647	3823	9275
11334	1285	1934	1121	1444
11335	11743	11996	5456	14191
11336	3701	4484	1791	3691
11337	13	20	18	9
11338	10273	8888	6603	12625
11339	25	23	28	73
113391335	0	1	2	5
1134	56	42	5	32
11340	1182	1635	1149	1884
113402	1921	2640	1086	2591
11341	9	0	0	3
113419	4079	4458	2155	6598
11342	1590	2803	1130	2164
11343	4180	11748	8606	6033
11344	942	1817	1002	1249
113444	1165	1101	1001	1353
11345	2016	3768	1367	2379
113451	195	606	254	435
113452	4037	8341	5992	4611
113455421	0	0	0	0
113457	36	20	17	30
11346	5051	1803	1035	1351
1135	1	1	0	2
113510	497	176	193	336
113523635	0	0	0	0
113523636	0	0	0	0
113523638	16	1	1	1
113523639	0	0	0	0
113523640	3	14	0	6
113523641	0	0	0	0
113523642	0	0	0	0
113540	39	27	29	28
1136	62	4	7	24
113612	377	208	118	457
113622	277	236	244	169
113655	1069	2242	993	1783
113675	1222	1370	595	506
113691	1	1	0	0
1137	0	0	0	3
113730	35	9	1	17
113746	0	1	0	4
113763	1478	1441	353	806
113791	3179	1457	1149	1090
1138	84	37	61	148
113802	1043	601	458	365
113828	2965	2719	1502	2253
113829	4750	5211	2906	3814
113835	90	3	2	6
113878	4252	3429	1846	3291
1139	5	6	1	6
113939925	0	0	1	0
114	11	0	0	0
1140	702	678	694	586
114026	0	1	0	0
114034	505	331	352	552
114036	10	20	4	6
114038	1	3	0	0
114041	8	0	7	6
114042	1	0	2	0
114043	26	13	28	168
114044	283	404	210	391
114049	7111	6456	3156	6340
114088	34	21	4	90
1141	59	7	1	14
114108587	23	27	19	17
114112	422	297	259	670
114131	23	75	27	72
114132	9	1	0	1
114134	481	511	448	395
114182	0	1	0	0
114184	0	0	0	0
114186	0	0	0	0
114188	1	0	0	0
114189	0	0	0	0
114190	0	0	0	0
114192	0	0	0	0
114194	0	0	0	0
114195	1	1	0	0
114196	0	0	0	0
1142	0	0	0	0
114294	580	512	520	683
1143	14	8	6	4
114327	619	642	353	413
114335	0	0	0	0
114336	0	0	0	0
1144	2	0	0	3
114483833	2	0	1	1
114483834	0	0	0	0
1145	9	3	5	2
114515514	0	0	0	0
114515515	1	0	0	0
114515517	1	0	0	1
114515518	0	0	0	0
114515519	0	0	0	0
114515520	3	0	1	1
114515521	1	3	0	1
114548	119	79	21	106
114569	6326	6268	9686	10243
114571	1	1	0	0
114599	10	19	2	17
1146	3	2	0	6
114609	292	282	171	413
114614	50	27	14	113
114625	623	313	293	320
114655	6	1	5	5
114659	422	546	191	370
1147	1154	999	883	2033
114757	729	127	73	464
114758	0	0	0	0
114760	0	0	0	0
114761	0	0	0	0
114769	233	90	245	79
114770	1	3	1	1
114771	0	16	31	5
114780	5	1	0	4
114781	1087	1191	808	958
114783	646	1060	499	992
114784	28	7	19	23
114785	3836	3147	1889	2069
114786	2	5	1	0
114787	316	287	233	390
114788	1	5	1	5
114789	1154	1058	613	1814
114790	2126	1919	1037	2215
114791	1112	359	531	662
114792	203	21	65	13
114793	2299	2453	1027	2720
114794	33	10	3	102
114795	30	7	5	5
114796	466	297	87	114
114798	0	0	1	0
114799	754	628	431	927
114800	10	1	15	2
114801	816	1045	66	900
114803	1733	1029	1354	1535
114804	187	1899	146	718
114805	3	0	0	1
114814	20	30	17	33
114815	37	13	28	4
114817	0	0	0	0
114818	767	628	323	1612
114819	157	178	47	121
114821	2	55	4	135
114822	1945	3304	1600	3503
114823	13334	28100	7812	11958
114824	5	0	4	1
114825	1134	999	477	840
114826	464	206	419	455
114827	382	42	55	84
114836	144	210	36	14
114841037	0	0	0	0
114841040	1	0	0	0
114876	781	423	564	880
114879	1962	3715	1759	3140
114880	1681	10	15	5
114881	2259	3289	1534	1916
114882	2080	1071	1293	1542
114883	2683	1766	1575	2678
114884	1061	915	851	1100
114885	1010	1079	793	1021
114897	1863	5250	769	2854
114898	131	30	25	29
114899	193	178	52	129
1149	1	0	1	1
114900	24	30	3	29
114902	1	0	0	0
114904	534	270	243	504
114905	189	11	10	22
114907	957	1056	3802	708
114908	16452	15966	8786	20928
114915	2137	1234	477	1899
114926	1239	872	1028	756
114928	450	95	70	280
114932	2839	1486	1159	2145
114960	0	0	0	1
114971	67	119	59	105
114984	560	868	292	977
114987	272	247	356	587
114990	586	129	50	357
114991	554	492	28	282
115	1214	1100	803	1117
115004	246	344	14	213
115019	1	0	40	37
115024	2093	2222	715	1193
115072896	1	0	2	2
115098	2503	3338	1768	3200
115106	602	456	312	738
115110	289	1801	490	624
115111	62	2	5	4
115123	422	483	499	944
115196	283	185	302	522
1152	8410	16824	15486	102073
115201	716	464	371	669
115207	1820	248	206	432
115209	568	274	450	494
115253418	4	0	0	0
115253419	0	0	0	0
115253422	217	420	78	187
115265	13	0	0	4
115273	26	114	9	33
115286	1085	1138	375	986
115290	90	37	9	181
115294	2936	3689	2547	3637
1153	11345	5984	5710	9283
115330	24	21	6	13
115350	84	24	1	0
115352	97	51	8	5
115353	1230	563	450	1152
115361	819	163	58	245
115362	185	77	29	104
115399	268	506	111	349
1154	1138	1934	689	1592
115409980	93	408	19	67
115409981	0	0	0	1
115409982	0	0	0	0
115409983	0	0	0	0
115409984	5	19	6	4
115409985	7	3	0	3
115409986	0	0	0	0
115409987	2	0	0	0
115409988	3	3	4	2
115409989	1	1	0	0
115409990	0	0	0	0
115416	1129	1416	577	1542
115426	2001	2049	1012	3060
115482681	0	1	0	0
115482682	0	0	0	0
115482683	0	2	0	0
115482684	0	0	0	0
115482685	1	1	0	2
115482686	2	0	4	4
115482687	0	0	0	0
115482688	0	1	0	0
115482689	0	0	0	0
115482690	0	0	0	0
115482691	2	3	0	0
115482692	0	0	0	0
115482693	0	1	1	0
115482694	0	0	0	0
115482696	0	1	0	1
115482697	2	1	0	1
115482698	0	0	0	0
115482699	0	0	0	0
115482700	0	0	0	0
115482701	1	2	1	0
115482702	0	0	0	0
115482703	0	0	0	0
115482704	0	0	0	0
115482705	2	0	1	0
115482706	8	13	9	4
115482707	4	3	0	0
115482708	0	0	0	0
115482709	0	0	0	0
115482710	1	0	0	1
115482711	3	2	0	0
115482712	0	0	0	0
115482713	0	0	0	0
115482714	0	0	0	0
115482715	0	0	0	0
115482716	0	0	0	0
115482717	0	0	0	0
115482718	0	8	0	4
115482719	1	0	0	0
115482720	3	3	6	2
115482721	0	0	0	0
115482722	0	1	0	2
115482723	0	0	0	0
115482724	0	0	0	0
115482725	0	0	0	0
115482726	0	0	0	0
1155	2527	3302	2137	2555
115509	537	280	215	498
115548	2182	1852	1205	1238
115557	130	29	9	40
115560	209	136	76	158
115572	143	30	31	25
115584	4	33	4	8
115650	176	66	32	50
115653	0	1	0	0
115677	1648	1534	1341	1323
115694671	0	0	0	0
1157	1	0	0	0
115701	37	15	6	22
115703	338	676	241	558
115704	639	1113	876	811
115708	1749	1673	1046	5006
115727	103	13	8	30
115749	0	0	28	119
115752	2001	653	615	1287
115761	519	14	19	70
115795	0	6	2	1
1158	5	14	12	4
115804232	128	1271	3	431
115811	44	46	43	61
115817	829	1855	1248	978
115825	483	223	310	252
115827	34	12	5	0
115830329	292	436	117	195
115830330	0	0	0	0
115838655	0	1	0	0
115861	0	0	0	0
115891964	70	9	7	29
1159	439	2132	1067	669
115908	332	118	53	437
115939	1173	2041	754	1605
115945146	2	0	0	0
115948	7	9	3	3
115950	259	441	207	370
115992	656	569	216	534
116	43	81	1	3
1160	1285	139	18	137
116028	408	1215	306	858
116033993	0	0	0	0
116039	432	59	476	48
116064	2112	1693	1633	3622
116068	926	835	462	638
116071	1026	2444	600	1051
116085	1	0	0	0
116092	2441	2236	850	2674
116093	0	0	0	0
1161	525	460	183	516
116113	7699	7468	2186	5019
116115	710	633	469	683
116123	0	1	0	0
116135	4	0	0	4
116138	2269	4013	2218	3484
116143	214	300	134	508
116149	39	70	9	23
116150	1135	1452	763	2094
116151	2034	4814	1106	2524
116154	111	26	23	266
116159	253	101	43	159
116173	5	0	0	0
116179	1	0	0	0
116211	4	0	2	3
116224	916	570	619	890
116225	841	1843	650	1889
116228	79	70	51	57
116236	939	1286	537	1145
116238	456	1228	410	1432
116254	913	1150	509	1179
116255	1	8	4	12
116285	104	94	58	34
1163	676	937	501	2181
116328	7	2	0	4
116337	1	0	0	0
116349	82	174	61	87
116362	29	160	7	84
116369	46	71	37	39
116372	31	53	12	25
116379	8	9	6	2
1164	1908	1986	1598	3789
116412	160	167	127	94
116412618	0	2	0	0
116435280	0	0	0	0
116435281	3	8	3	2
116435282	0	0	0	0
116435283	0	0	0	0
116435284	0	0	0	0
116435285	0	0	0	0
116435286	1	0	0	0
116435287	0	0	0	0
116435288	28	18	2	8
116435289	0	0	0	0
116435295	0	0	0	0
116435296	5	1	0	0
116435297	8	9	4	9
116435298	14	45	5	12
116435299	212	528	152	194
116435300	10	10	1	5
116435301	196	184	70	138
116435302	103	290	62	66
116435303	0	0	0	0
116435304	0	0	0	0
116437	3	6	3	8
116441	116	82	28	117
116442	23	6	7	1
116443	48	33	14	24
116444	8	14	36	14
116447	5901	4421	3858	10506
116448	1	1	1	0
116449	63	4	6	1
116461	1414	987	661	1248
116496	562	96	131	188
116511	7	0	0	0
116512	0	0	0	0
116519	0	1	0	0
116534	3	0	1	5
116535	380	40	42	100
116540	0	0	0	1
116541	1100	1346	1300	1418
116729	1	5	0	5
116730	21	18	16	33
116804915	0	1	0	0
116804918	3	1	0	3
116809	0	0	0	0
116828	136	291	127	130
116832	33	12	9	1050
116835	293	93	34	109
116840	1519	1533	1997	2351
116841	942	796	532	1269
116842	69	79	38	45
116843	676	840	643	1167
116844	897	3853	1724	2580
116931	8	1	0	7
116933	0	2	0	0
116935	97	24	7	22
116937	15	4	3	6
116938	0	0	0	0
116966	14	3	1	1
116969	10	19	0	14
116983	1792	1613	1169	1829
116984	1944	399	810	737
116985	4304	3427	1844	2829
116986	310	115	698	141
116987	2647	3570	1531	4494
116988	4934	4776	2526	7615
117	41	1	1	2
117134595	0	0	0	0
117134596	1	0	3	1
117134597	0	0	0	0
117134598	0	0	0	0
117134599	2	2	1	2
117134600	1	0	0	0
117134601	87	100	38	64
117134602	0	0	0	0
117143	715	761	364	755
117144	17	12	2	14
117145	915	1169	921	1031
117151	2	0	0	0
117154	4	0	0	3
117155	185	589	142	123
117156	0	0	0	3
117157	6	15	6	7
117159	0	0	0	0
117166	12	708	118	29
117177	2199	1287	1046	1233
117178	1750	422	515	1194
117194	0	0	0	0
117195	0	0	0	0
117196	0	0	0	0
117245	11	2	3	5
117246	3885	3785	2135	3548
117247	204	28	29	130
117248	54	35	9	29
117283	35	5	3	6
117285	0	0	0	0
117286	1	1	1	0
117289	177	57	50	33
1173	8946	10608	8502	11024
117314529	14	10	4	0
117369447	1	0	1	0
1174	6303	6503	3147	4327
1175	3046	3958	2403	3606
117531	8	0	16	17
117532	83	14	3	19
117579	0	0	1	0
117581	41	4	2	16
117583	1883	735	683	461
117584	1520	1391	871	1240
1176	2365	3698	1485	2574
117608	475	764	199	356
117751730	0	0	0	0
117751731	0	0	0	0
117751732	0	0	0	0
117751733	0	0	1	0
117751734	0	0	1	0
117751735	4	12	8	3
117751736	34	36	10	34
117751737	0	0	0	0
117751738	0	0	0	0
117751739	0	0	0	0
117751740	4	8	2	12
117751741	0	0	0	0
117751742	0	0	0	0
1178	31	0	0	3
117854	53	12	4	56
1179	10718	329	5964	175
117981787	25	11	7	23
117981788	23	11	6	12
117981789	0	0	0	0
117981790	0	0	0	0
117981791	0	0	0	0
117981792	0	0	0	0
117981793	0	0	0	0
117981794	0	0	0	0
117981795	0	0	0	0
117981796	0	0	0	0
117981797	0	0	0	0
117981798	0	0	0	0
118	10012	5309	3844	6915
1180	18	182	15	16
118097967	0	0	0	0
1181	1066	1575	517	3307
118126072	4	3	3	2
1182	8710	4982	5553	6439
1183	199	609	31	774
1184	1521	903	451	2258
118421	0	0	0	1
118424	2022	1808	1242	1717
118425	0	0	0	0
118426	604	365	478	702
118427	4	1	9	0
118429	4402	2234	1066	2482
118430	176	0	4	4
118432	2	0	1	3
118433	106	111	53	184
118442	2	1	7	0
118460	1153	2090	890	1733
118461	2	0	0	0
118471	18	42	38	33
118472	621	539	630	1113
118487	1137	1934	1309	2002
118490	87	142	51	73
118491	260	58	88	79
1185	807	687	363	633
118568799	1	4	4	1
118568801	0	0	0	0
118568802	6	7	2	8
118568803	3	17	0	3
118568804	0	0	0	0
118568805	0	0	0	0
118568806	14	23	3	6
118568807	0	0	0	0
118568808	0	0	0	0
118568809	57	54	6	27
118568810	30	143	20	55
118568811	3	16	3	5
118568812	2	27	3	5
118568813	7	22	2	9
118568814	1	0	0	0
118568815	13	100	11	32
118568816	1	6	0	2
118568817	0	0	0	0
118568818	0	0	2	1
118568819	133	80	61	247
118568820	2	0	0	0
118568821	2	9	3	0
118568822	0	0	0	0
118568823	0	0	0	0
118568824	46	115	25	47
118568825	29	40	3	7
118568826	0	0	0	0
118568827	4	12	1	2
118568828	20	18	7	13
118568829	4	1	0	0
118597829	28	8	38	10
118597830	0	0	0	0
118597831	24	16	3	19
118597832	6	18	5	5
118597833	0	2	0	1
118597834	6	4	1	3
118597835	25	29	25	32
118597836	26	1	0	8
118597837	0	0	0	0
118597838	207	239	75	98
118597839	16	46	7	12
118597840	0	0	0	0
118597841	5	17	2	7
118597842	10	25	0	4
118597843	2	0	0	0
118597844	18	2	1	5
1186	3020	3056	1022	2440
118611	8	0	0	0
118663	40	165	248	64
118670	0	0	0	0
118672	252	177	140	204
1187	14	10	0	8
118732296	1	0	0	0
118732297	4	7	1	3
118732298	39	72	17	32
118732299	33	148	21	18
118732300	7	22	3	1
118732301	0	0	0	0
118732302	57	106	22	42
118732303	2	6	0	4
118732304	21	12	17	14
118738	151	8	21	80
118788	597	705	406	2995
1188	3	0	0	6
118812	182	250	143	513
118813	2599	5201	2184	3500
118827803	20	9	34	99
118827804	1	5	1	1
118827805	17	17	10	11
118827806	10	10	15	30
118827807	0	0	6	0
118827808	0	0	0	0
118827809	0	0	0	0
118827810	43	63	34	32
118827811	39	17	9	31
118827812	0	1	1	0
118827813	1	5	0	3
118827814	3	36	0	4
118827815	0	0	0	0
118827816	8	6	2	2
118827817	0	0	0	0
118827818	14	2	10	11
118856	27	16	22	31
118881	1040	3076	1148	1892
118924	983	915	638	1007
118932	2817	2715	3118	2255
118945	4	1	0	0
118980	853	683	748	1167
118987	6145	1835	1644	6263
119	49	6	11	6
119016	73	180	73	245
119032	636	617	547	674
119086082	0	0	0	0
1191	2400	1631	1466	399
119139898	8	13	2	3
119139899	16	21	5	17
119139900	16	9	5	10
119139901	129	124	35	56
119139902	2	3	1	0
119139903	4	7	1	6
119139904	0	4	1	2
119139905	6	6	5	7
119139906	3	0	0	0
119180	2	0	0	0
1192	22174	49624	18511	29493
1193	379	68	26	48
119358	1	0	0	2
119369	5	10	2	10
119385	0	0	0	0
119391	1604	2120	1652	2741
119392	339	358	236	629
119395	1	3	63	12
119437	41	101	38	41
119467	1900	4776	3724	1752
1195	3492	5955	1578	3369
119504	3577	4719	3173	5621
119545622	0	0	1	0
119545623	2	4	0	1
119545624	3	11	0	7
119545625	4	11	4	4
119545626	10	20	0	3
119545627	0	0	0	0
119545628	47	279	8	117
119545629	20	2	10	9
119545630	33	47	4	63
119545631	0	0	0	0
119548	7	0	0	0
119559	1561	3601	1504	3985
119587	576	73	43	172
1196	2059	3163	1017	2072
119678	0	0	0	0
119679	3	0	0	0
119682	0	0	0	0
119687	0	0	0	0
119692	0	0	0	1
119694	0	0	0	0
119695	0	0	0	0
119696	0	0	0	0
1197	0	0	1	0
119710	312	287	95	369
119722	1	1	1	0
119749	0	0	0	0
119750	0	0	0	0
119764	0	0	0	0
119765	0	0	0	0
119772	0	0	1	0
119774	0	0	0	0
119775	0	0	0	0
1198	3272	2238	1410	2416
119863860	28	61	16	42
119863861	140	248	66	160
119863862	20	31	12	15
119863863	0	1	0	0
119863864	3	0	1	3
119863865	67	74	23	35
119863866	22	43	17	23
119863867	0	0	0	0
119863868	6	65	9	10
119863869	34	136	17	22
119863870	20	11	1	4
119863871	0	0	0	2
12	0	2	0	0
120	11574	8588	3710	6496
1200	4374	7678	1827	4195
120017338	268	288	99	151
120017339	0	0	0	0
120017340	2	0	1	0
120017341	22	94	8	13
120017342	0	1	1	0
120017343	1	1	0	1
120065	0	0	0	0
120066	0	0	0	0
120071	3974	1222	498	2614
1201	111	91	97	49
120103	658	385	307	358
120114	43	5	7	2
120126	0	0	0	0
120146	0	0	0	0
120224	3009	4931	2913	4662
120227	730	1675	618	940
120237	8	9	0	8
1203	382	528	229	220
120356739	177	166	115	260
120356740	0	0	0	0
120364	3	1	0	1
120376	126	1364	111	1196
120379	28	29	33	69
1204	0	0	0	0
120400	478	975	4354	224
120406	221	118	111	57
120425	652	212	149	176
120449	1	0	0	0
120526	394	382	240	564
120528	0	1	0	0
120534	1039	894	388	1020
120586	0	0	0	0
1207	4251	4324	2224	8232
120766138	9	11	2	11
120766139	3	1	1	1
120766140	1	0	0	0
120766141	37	35	4	33
120766142	0	0	0	0
120766143	0	0	1	0
120766144	184	275	147	149
120766145	0	0	0	0
120766146	2	5	2	5
120766147	0	0	0	0
120766148	1	2	0	1
120766149	7	3	1	2
120766150	1	5	0	2
120775	1	0	0	1
120776	1	0	0	2
120787	1	1	1	0
120793	0	0	0	0
120796	0	0	0	0
1208	0	0	0	0
120824	0	0	0	0
120863	40	32	37	55
120872	1	1	0	0
120883613	0	9	0	2
120883614	5	4	0	2
120883615	2	0	5	1
120883616	205	453	131	233
120883617	3	0	0	3
120883618	13	8	1	7
120883619	0	0	0	0
120892	82	23	17	19
1209	5491	7482	4685	5444
120935	5	1	1	3
120939	5	3	1	14
121006	22	77	15	7
121009645	3	0	3	3
121009646	0	0	0	0
121009647	10	34	5	19
121009648	1	0	0	1
121009649	11	7	3	2
121009650	14	6	8	5
121014	0	1	0	0
121026	0	0	0	0
121053	987	1032	805	1283
121054	2	3	2	0
1211	7086	13187	3762	13015
121129	0	0	0	0
121130	0	0	0	0
121131	0	0	0	0
1212	4419	9790	4066	4319
121214	0	0	0	2
121227	1705	1329	403	1326
121232368	19	45	8	18
121232369	77	24	51	23
121232370	60	40	31	55
121232371	7	3	1	4
121232372	10	3	0	1
121232373	0	0	0	0
121232374	9	7	8	13
121232375	19	14	5	18
121232376	36	31	45	40
121232377	0	1	0	0
121233923	61	63	84	10
121233924	0	0	6	8
121233925	47	9	2	12
121233926	31	51	23	71
121256	8	4	0	0
121260	1240	1387	635	1098
121268	44	85	17	116
121270	0	0	0	0
121273	2	0	1	0
121274	1099	647	432	523
121275	1	1	0	0
121278	0	1	0	0
1213	23966	13569	13753	18730
121328	4	2	0	1
121340	0	0	0	0
121355	9	6	1	1
121360	0	0	1	0
121364	0	0	0	0
121366085	2	0	0	0
121391	14	0	1	0
121441	1098	876	663	1324
121456	18	3	1	4
121457	350	304	126	382
121498	0	0	0	0
1215	17	0	0	1
121504	247	31	25	27
121506	482	48	124	63
121512	1254	1602	1335	895
121536	1752	756	793	1295
121549	1	0	0	0
121551	21	14	11	31
121599	0	1	0	0
121601	16	1	625	13
121642	942	1117	455	534
121643	1	1	0	0
121665	3876	4108	2383	3633
121676925	0	1	0	0
121676926	0	0	0	0
121676927	2	3	0	1
121676928	36	33	21	16
121725057	0	0	0	0
121727	0	0	0	0
121793	5	30	3	6
121832802	33	59	13	42
121832803	4	3	0	1
121832804	5	0	2	0
121832805	0	3	0	2
121832806	8	7	1	3
121832807	1	2	1	2
121832808	0	0	0	0
121832809	7	4	2	8
121832810	4	7	7	5
121832811	11	4	5	4
121832813	3	8	1	3
121832814	1	0	0	1
121832815	1	3	1	0
121832816	7	1	0	0
121838	1	1	2	0
121847981	1	1	1	0
121847982	0	2	1	5
121847983	0	2	0	1
121847984	1	3	0	0
121847985	18	20	10	74
121847986	0	0	0	0
121853073	3	7	3	0
121853074	2	0	0	0
121853075	0	0	0	0
121853076	0	2	0	31
121853077	16	106	12	46
121906	0	0	0	1
121916	0	0	0	0
121952	13	6	8	16
121981	0	1	0	0
122011	0	0	0	0
122038	0	0	0	0
122042	0	1	0	0
122046	2	0	0	0
122060	298	45	132	63
122145	0	0	0	0
122149298	0	2	0	0
122149299	0	0	0	0
122149300	0	0	0	0
122149301	0	0	0	3
122149302	8	21	3	23
122149303	0	0	0	0
122149304	0	1	0	0
122149305	4	0	0	1
122149306	32	20	21	17
122152323	34	61	34	40
122152324	12	11	4	7
122152325	38	14	8	41
122152326	69	246	56	97
122152327	3	2	0	1
122152328	81	214	22	39
122152329	0	0	0	0
122152330	1	0	0	2
122152331	21	21	9	18
122152364	48	62	28	52
122152365	1	3	1	1
122152367	0	0	0	0
122152368	17	20	5	15
122152369	0	0	0	0
122183	0	0	0	0
122199	4	4	1	4
122258	0	0	0	0
122335	0	0	0	0
122394733	3	1	1	0
122402	10	1	0	23
122405565	68	60	20	11
122409	0	0	0	1
122416	1842	2843	1133	3886
122449	0	0	0	0
122455331	5	0	6	1
122455333	0	0	0	0
122455334	22	18	6	16
122455335	0	0	1	0
122455336	61	45	60	78
122455337	29	38	30	32
122455338	2	1	0	0
122455339	0	0	0	0
122481	115	83	116	156
122509	208	468	288	489
122525	180	230	85	169
122526777	0	0	0	0
122552	10	16	5	2
122553	186	52	100	192
122589	0	3	0	2
122592	0	0	0	0
122616	602	809	462	2201
122618	268	41	5	19
122622	66	79	52	119
122631	0	0	0	0
122651	0	0	0	0
122664	3	0	3	0
122665	0	0	0	0
122704	1747	1749	1594	3317
122706	0	0	0	0
122740	0	0	0	0
122742	0	0	0	0
122748	0	0	0	0
122769	453	446	340	851
122773	103	40	32	25
122786	552	101	126	207
122809	968	595	725	1377
122830	1824	729	793	1584
122837	0	2	0	0
122842	0	0	0	0
122867	1	1	0	0
122876	0	0	0	3
122888	13	20	2	7
122942	0	0	0	0
122945	39	19	23	20
122950	1	0	0	0
122953	992	643	784	1401
122961	463	319	253	794
122965328	1	2	1	2
122965329	0	0	0	0
122965330	2	0	1	0
122965331	0	0	0	2
122965332	0	0	0	0
122965333	0	1	0	0
122965334	6	12	5	15
122965335	0	0	0	0
122965336	0	0	0	1
122965337	1	0	0	0
122965338	1	0	2	0
122970	162	194	78	57
123	2267	2430	756	5464
1230	206	35	25	53
123016	749	480	524	1039
123036	1762	1729	2770	2749
123041	36	10	8	6
123096	2645	1677	977	458
123099	2182	1907	2816	715
123103	14	6	6	9
123169	1258	430	531	937
1232	18	2	1	7
123207	1158	425	332	530
123228	125	27	65	51
123263	743	454	516	947
123264	86	306	82	110
123283	498	288	189	343
1233	170	32	20	18
123346	2	0	0	2
123355	795	423	417	471
1234	239	73	22	47
123464508	0	0	0	0
123464509	0	0	0	1
123464510	0	0	0	0
123464511	0	0	0	0
123464512	0	0	0	0
123464513	0	0	0	0
123464514	47	11	80	15
123464515	0	1	0	0
123464517	110	217	43	109
123464518	7	39	2	4
123464519	0	2	0	4
123464520	0	1	0	0
123466201	0	0	0	0
123466202	5	0	2	3
123466203	4	0	0	2
123466204	9	8	7	10
123466205	0	0	2	1
123466206	9	2	10	3
123466207	0	0	0	0
123466208	0	0	0	0
123466209	0	0	0	0
123466210	18	18	7	14
123466211	1	6	0	5
123466212	11	30	8	5
123466213	0	0	0	0
123466214	1	0	0	1
123466215	199	208	27	21
123466216	0	0	0	0
123497957	23	10	0	5
1235	6	3	0	0
123591	83	42	61	60
1236	221	117	43	17
123606	1465	860	760	1424
123624	1	0	0	0
123688	138	197	167	253
123689089	39	61	55	44
1237	28	5	3	2
123706505	0	0	0	0
123706506	0	0	0	0
123706507	62	100	38	86
123706508	18	17	9	27
123706510	1	0	0	0
123706511	9	31	42	30
123706512	140	322	74	190
123706513	16	49	4	8
123706514	237	209	114	175
123706515	29	35	10	15
123706516	13	7	1	3
123706517	259	137	122	150
123706518	0	0	0	0
123706519	66	112	72	87
123706520	2	5	2	10
123706521	8	1	6	0
123706522	27	4	3	2
123706523	41	22	3	9
123706524	15	2	21	27
123706525	0	0	0	4
123706526	251	596	378	432
123706527	98	617	148	206
123706528	11	10	1	7
123706529	1	3	4	4
123706530	28	38	3	14
123706531	8	2	1	4
123706532	15	7	9	18
123706533	96	207	71	88
123706534	113	75	88	202
123706535	106	340	98	259
123706536	107	107	56	178
123706537	1	0	0	3
123706538	34	31	53	46
123706539	32	46	14	37
123706540	36	29	15	43
123706541	17	53	12	21
123706542	1	0	0	0
123706543	57	10	1	11
123706544	180	40	31	78
123706545	182	165	162	214
123706546	0	0	0	0
123706547	136	353	36	83
123706548	52	112	43	141
123706549	1	0	0	0
123706550	3	4	0	0
123706551	1	1	0	1
123720	1283	660	458	579
123722	5	0	0	2
123745	43	30	12	39
123775	2	0	1	1
123787	0	0	0	1
1238	27	26	30	10
123803	302	1158	531	639
123811	1498	1926	808	2157
123872	8	9	27	8
123876	2	0	0	0
123879	436	601	356	678
123904	1	3	0	0
123920	868	299	106	461
123970	0	0	0	0
124	1	5	0	0
1240	337	44	57	71
124044	640	1591	563	939
124045	395	853	325	642
124056	0	0	0	0
124093	178	740	304	918
1241	598	648	593	1007
124149	0	0	0	1
124152	170	206	149	296
124199	22	17	3	16
124220	1548	2917	515	1363
124221	24	18	1	45
124222	395	914	208	968
124245	3373	3327	1857	2800
124274	0	0	0	0
124296660	0	0	0	0
124359	516	47	32	139
1244	237	40	32	68
124401	1137	1876	613	1089
124402	947	1518	544	1107
124404	0	0	0	0
124411	629	511	327	691
124446	3737	7688	3114	3474
124454	1635	1328	1050	2450
124460	603	1074	652	56
124491	1518	2164	849	2376
124496	0	0	0	0
124512	604	1338	378	739
124535	2	1	0	1
124538	0	0	0	0
124540	7254	3795	3656	5093
124544573	0	0	0	0
124565	8284	15275	3283	8419
124583	11372	12514	6801	11114
124590	2	0	3	8
124599	27	2	7	16
124602	47	6	122	7
124626	2	0	2	0
124637	4	1	3	3
124641	0	0	0	0
124685	3	1	0	0
124739	424	643	951	850
124751	283	243	123	162
124773	1	1	0	0
124783	22	12	16	11
124790	84	152	43	62
124801	502	279	413	724
124808	726	800	551	1003
124817	166	127	87	84
124842	6	10	2	6
124857	8	17	17	0
124872	49	53	278	10
124900549	5	34	4	5
124900550	25	62	17	21
124901187	12	16	7	10
124902374	0	0	0	0
124902762	0	0	0	0
124902951	0	0	0	0
124903027	110	0	0	4
124903553	17	5	9	20
124903562	15	231	118	42
124903732	2	0	1	0
124904961	0	0	0	1
124905036	7	30	16	18
124905117	39	31	27	51
124905179	6	20	5	3
124906201	0	0	0	0
124906251	1	0	0	2
124906283	0	3	0	1
124912	36	38	5	96
124923	204	413	155	184
124925	19	1	1	5
124930	868	1690	590	1961
124935	1633	1675	1324	1276
124936	299	356	495	294
124944	28	13	13	14
124961	595	523	500	29
124974	7	1	6	0
124975	2244	2808	4812	2418
124976	4155	476	3957	1555
124989	229	199	12	61
124995	2820	2266	1338	3937
124997	1644	935	1191	1247
125	567	6	20	8
125050	0	0	0	0
125058	5611	4135	1924	7096
125061	1591	2397	1291	2030
125078041	0	0	0	0
125078044	0	0	0	0
125111	130	45	13	69
125113	6	0	0	1
125115	1261	0	3	1
125144	15658	8712	13632	16832
125150	607	901	502	623
125170	337	464	305	421
125177369	0	0	0	6
125177370	0	2	0	0
125177371	0	0	0	0
125177372	0	0	0	0
125177374	1	1	1	0
125177375	0	0	0	0
125177376	45	7	8	14
125177377	0	1	0	2
125177378	0	0	0	0
125177379	1	5	0	0
125206	11	10	11	5
125208	362	520	109	319
125228	586	834	447	967
125242	13	23	28	8
125336	3	3	1	3
125371	57	67	15	51
125476	364	653	437	791
125488	811	380	241	402
125505920	17	5	3	1
125704	13	10	0	0
125775236	0	0	0	0
125775237	0	0	0	0
125775238	3	3	0	1
125775239	0	0	0	0
125775240	50	0	1	155
125775241	0	0	0	0
125775242	1	0	0	0
125775243	17	8	4	1
1258	5	5	1	0
125875	37	90	49	48
125893	806	941	336	450
1259	264	64	134	58
125919	42	71	21	32
125931	1	0	1	1
125950	1627	1528	1108	1630
125958	1	0	0	1
125962	0	0	0	0
125963	1	0	0	0
125965	50	1135	694	122
125972	0	0	0	0
125981	3	0	0	2
125988	1984	4075	1922	3812
125997	0	0	0	0
126	185	5293	280	42
1260	0	0	0	0
126003	24	61	23	16
126006	14	44	11	27
126014	70	111	21	64
126017	31	7	4	13
126037	30	29	16	16
126052	0	0	0	2
126068	324	329	158	171
126069	43	89	30	25
126070	807	1380	1018	810
126074	154	264	133	172
126075	688	1121	342	506
1261	41	0	2	8
126119	1132	1782	831	666
126123	18	0	0	7
126129	153	22	34	75
126133	1759	1834	1321	2173
126147	41	95	8	20
126170	2	2	0	6
1262	12	10	6	6
126204	0	0	0	0
126205	0	0	0	0
126206	1	0	0	1
126208	2049	2643	1681	1993
126231	110	46	59	47
126235	0	0	0	1
126242	0	0	0	0
126248	51	35	17	48
126259	26	8	14	3
126272	27	24	6	20
126282	480	428	450	1193
126295	15	12	26	31
126298	1736	2082	1141	1708
126299	594	455	288	437
1263	652	724	715	964
126306	326	60	23	55
126308	1788	914	961	1847
126321	2290	1553	1842	2689
126326	128	61	39	157
126328	475	1146	392	617
126353	15953	14883	21689	20223
126364	149	29	12	75
126370	1	2	0	2
126374	269	181	34	121
126375	510	514	170	235
126382	909	1507	743	1465
126393	211	41	11	24
1264	1834	302	347	780
126402	0	0	0	0
126410	8	1	1	1
126432	496	269	273	333
126433	25	49	0	20
1265	4784	5031	5585	4760
126506	0	0	0	0
126520	29	29	68	55
126526	461	436	374	659
126536	0	0	0	0
126541	0	0	0	0
126549	24	58	19	51
126567	45	18	24	24
126568844	245	127	103	415
126568845	12	17	1	17
126568846	13	29	11	21
126568847	1	2	0	0
126568848	0	0	0	0
126568849	19	4	3	8
126581	0	0	0	0
1266	5020	1472	3136	3093
126626	1015	1491	630	1528
126637	9	0	0	0
126638	0	0	0	3
126661	101	33	71	101
126668	29	15	1	14
126669	186	37	16	72
126695	1104	816	654	1037
1267	4415	3136	1641	3800
126731	374	424	226	693
126755	3	0	2	0
126767	0	1	0	0
126789	331	159	228	466
126792	926	973	730	1037
1268	44	14	6	3
126811	0	0	0	1
126820	6	2	5	6
126823	175	454	130	234
126826	2	1	5	0
126859	166	931	232	33
126868	151	55	72	63
1269	28	19	0	2
126917	1473	517	842	1838
126961	0	8	0	0
126969	4044	3059	2471	1459
127	114	89	6	24
1270	10	11	6	17
127002	593	256	174	405
127003	11	3	4	4
127018	974	600	326	211
127059	0	0	0	0
127062	0	0	0	0
127064	0	0	0	0
127066	0	0	0	0
127068	0	0	0	0
127069	0	0	0	0
127074	0	0	0	0
127077	0	0	0	0
127086	1	0	0	0
1271	6	417	3	19
127124	0	0	0	0
127138859	0	0	0	0
127138860	0	0	0	1
127138861	11	17	44	22
127138862	132	357	84	124
127138863	69	68	79	74
127138864	0	0	0	0
127138865	224	194	70	6
127138867	0	0	0	0
127138868	79	11	5	33
1272	73	1	4	1
127247	0	0	0	0
127253	747	378	171	777
127254	1	0	2	0
127255	178	12	13	19
127262	2834	4247	2857	4062
127281	2285	3514	2011	3838
127294	1601	308	441	1838
127295	0	0	0	0
127343	9	163	64	21
127379681	1	0	0	0
127379682	0	0	0	0
127379683	0	0	0	0
127379684	0	4	1	5
127379685	2	2	0	2
127379686	0	0	0	0
127379687	0	0	0	0
127379688	0	0	0	0
127379689	0	0	0	0
127379690	0	0	5	1
127379691	0	0	0	0
127379692	0	0	0	0
127379693	4	0	3	8
127379694	0	0	0	0
127379695	0	6	1	2
127379696	2	9	5	3
127379697	1	2	0	1
127379698	1	0	0	0
127379699	0	2	0	0
127379700	0	0	0	0
127379701	0	0	0	0
127379702	5	0	1	0
127379703	0	0	0	0
127379704	0	0	0	0
127379705	0	0	0	0
127379706	0	0	0	0
127379707	0	0	0	0
127379708	0	0	0	0
127379709	0	0	0	0
127379710	0	0	0	0
127379711	0	0	0	0
127379712	0	0	0	0
127379713	0	0	0	0
127379714	0	0	0	0
127379715	1802	3765	1101	2779
127379716	86	108	24	38
127379717	13	53	2	49
127379718	8	6	2	0
127379719	1	0	0	0
127379720	0	0	0	0
127379721	0	0	0	0
127379722	3	1	1	1
127379723	5	6	6	5
127379724	0	0	0	0
127379725	0	0	0	0
127379726	0	0	0	0
127379727	0	0	0	1
127379728	0	0	0	0
127379729	0	0	0	3
127379730	0	0	0	0
127379731	0	0	0	0
127379732	0	0	0	0
127379733	4	0	0	0
127379734	1	0	0	0
127379735	45	76	36	50
127379736	0	0	0	1
127379737	0	0	0	0
127379739	0	0	0	0
127379740	0	1	0	0
127379741	1	1	5	7
127379742	1	3	0	0
127379743	0	0	0	0
127379744	0	0	0	0
127379745	0	0	0	0
127379746	0	0	0	0
127379747	0	0	0	0
127379748	0	5	0	0
127379749	0	0	0	0
127379750	0	0	0	1
127379751	3	15	6	12
127379752	2	2836	369	1570
127379753	24	6	0	1
127379754	0	1	0	0
127379755	0	0	0	0
127379756	0	0	0	0
127379757	0	0	0	0
127379758	11	3	1	2
127385	0	0	0	0
127391	2	1	0	0
127396	115	65	92	83
127406	1	0	0	0
127428	620	299	402	527
127435	1950	161	139	151
127460871	0	0	0	0
127460872	0	0	0	0
127460873	0	0	0	0
127460874	0	0	0	1
127460875	0	0	0	0
127460876	0	0	0	0
127460877	0	0	0	0
127460878	0	0	0	0
127460879	2	1	1	1
127460880	0	0	0	0
127460881	0	0	0	0
127460882	0	2	0	4
127460883	0	1	0	0
127460884	15	87	21	32
127460885	1	0	0	1
127460886	0	0	0	1
127481	0	0	0	0
127482536	0	0	0	0
127482537	0	0	0	0
127482538	0	0	0	0
127482539	0	0	0	0
127482540	0	0	0	0
127482541	0	0	0	0
127482542	0	0	0	0
127482543	0	0	0	0
127482544	0	0	0	0
127482545	0	0	0	0
127482546	0	0	0	0
127482547	0	0	0	0
127495	27	22	20	11
127525785	11	251	10	30
127525786	0	0	0	2
127525787	0	0	0	0
127525788	0	0	0	0
127525789	0	0	0	0
127525790	10	10	6	36
127525791	0	0	2	0
127525792	0	0	0	0
127525793	0	0	0	1
127525794	0	0	0	0
127525795	0	0	0	0
127525796	0	0	0	0
127534	20	73	92	41
127540	0	0	2	0
127544	1786	1061	984	1776
127550	1	0	1	0
127566420	0	0	0	0
127566421	0	0	0	0
127566422	0	0	0	0
127566423	0	0	0	0
127566424	0	0	0	0
127566425	4	6	7	3
127566426	1	1	0	1
127566427	0	0	0	1
127566428	0	0	0	0
127566429	0	0	0	0
127566430	2	0	0	0
127579	54	138	40	99
127602	398	446	61	544
127608	0	0	0	0
127617	3	0	0	0
127623	0	0	1	1
127665	0	3	1	1
127670	1	2	2	1
127671	0	0	0	0
127687	1212	775	548	1034
1277	38188	8963	6692	39382
127700	230	98	136	272
127703	503	506	282	606
127707	154	0	44	21
127731	8	0	1	0
127733	116	208	582	261
127795	2	0	0	0
1278	36935	7648	5338	29768
127829	2060	3209	1597	2387
127833	26	126	26	48
127841	6	49	13	13
127845	436	725	255	902
127933	3683	4633	2467	4610
127943	17	45	6	79
128	5967	3044	2041	4045
1280	13	19	15	9
128025	3	1	0	2
128061	771	925	493	870
128071535	0	0	0	0
128071536	25	22	8	31
128071537	1	4	1	1
128071538	456	731	239	261
128071539	0	0	0	0
128071540	7	0	2	1
128071541	81	146	13	50
128071542	0	0	0	0
128077	557	273	121	271
1281	37835	8435	5806	24234
128102	0	0	1	0
128153	36	17	61	55
128178	9	2	2	9
128192	2	4	0	2
128193285	0	0	0	0
128193286	2	11	19	2
128193287	1	4	0	0
128193288	1	0	0	1
128193289	33	13	15	18
128193290	0	0	1	0
128193291	4	2	0	9
128193292	1	0	0	9
128193293	3	4	3	2
128193294	0	1	0	3
128193295	0	0	0	0
1282	10961	4355	3569	15023
128209	1	0	0	1
128218	1354	1590	1273	1058
128229	24	20	19	41
128239	2167	3430	2597	6247
128240	3647	5205	1696	7201
128266836	2	2	1	5
128266837	2	3	6	6
128266838	3	1	2	3
128266839	12	11	5	9
128266840	0	0	0	0
128266841	7	3	2	3
128266842	0	1	0	0
128266843	1	0	0	0
128266844	0	0	0	0
128266846	0	2	5	2
128272	1157	604	328	1309
128308	946	1542	838	1411
128312	7	37	3	12
128322	0	1	0	0
128338	1893	1724	1340	1714
128344	80	150	10	76
128346	147	119	31	121
128360	0	0	0	0
128366	0	0	0	0
128367	0	0	0	0
128368	4	0	0	0
128370	0	0	0	0
128371	0	0	0	0
128372	0	0	0	0
128385368	44	70	29	66
128385369	32	39	9	24
128385370	17	1	0	0
128385371	3	0	0	0
128385372	0	0	1	3
128385373	0	0	0	0
128385374	0	0	0	0
128385375	0	0	0	0
128385376	5	0	0	4
128385377	0	0	0	0
128387	468	351	339	274
1284	14445	5029	3419	14207
128408	1	0	0	0
128414	14	13	1	21
128434	67	64	510	13
128439	885	1063	214	722
128467	0	0	0	3
128481	0	0	0	1
128486	1034	978	397	1539
128488	1	12	2	3
128497	87	106	23	63
1285	45	31	4	12
128500	5	9	0	3
128506	6	0	0	0
128553	339	38	12	81
128580	9	1	0	6
1286	81	54	29	12
128602	3	0	0	4
128609	0	0	0	0
128611	65	27	14	5
128615	0	0	0	0
128637	3337	2517	1204	2344
128646	2	0	0	0
128653	0	0	0	0
128667223	133	7	7	28
128667224	110	231	35	62
128667225	0	0	0	0
128667226	2	1	1	3
128667227	0	0	0	1
128667228	1	0	0	3
128667229	6	46	7	9
128667230	0	0	0	0
128668	0	0	0	0
128674	0	0	0	1
128676	3	0	1	1
1287	626	103	568	42
128709	0	1	5	0
128710	1065	1068	397	772
128718	0	0	0	0
128745	0	1	1	0
128748	0	0	0	0
128756	1	0	0	0
128760	7	7	2	3
128770	0	0	0	0
128774	0	0	0	0
128790	0	0	0	0
1288	152	28	50	14
128817	37	32	7	33
128820	0	0	0	0
128821	0	1	0	0
128822	1	0	0	0
128826	5	0	0	0
128848	0	0	0	0
128853	119	383	10	114
128854	265	434	25	152
128859	0	0	0	0
128861	0	0	0	0
128862	0	0	0	0
128864	33	20	5	21
128866	13632	19438	5419	13533
128869	2501	2913	800	2583
128872	0	1	0	0
128876	1	67	31	9
128879	0	2	0	0
1289	10461	1723	1430	5623
128954	0	0	0	0
128977	791	684	483	676
128989	417	276	262	381
128997	0	0	0	0
1290	4745	780	738	3363
129025	35	0	16	9
129049	280	47	25	124
129080	799	197	139	305
129099	0	0	0	0
1291	14981	4781	1731	5707
129138	768	812	689	811
1292	18198	2868	2074	6156
129285	1245	906	678	854
129293	11391	7501	2700	11752
1293	15847	2084	2450	8178
129303	890	1433	388	996
1294	1084	722	250	789
129401	630	604	371	1087
129402	0	0	0	0
129446	0	0	0	0
129450	745	653	346	674
1295	1848	130	81	606
129521	0	0	0	0
129522	0	0	0	0
129530	39	35	13	29
129531	1074	1263	494	848
129560	0	0	0	0
129563	2120	1744	801	1710
1296	464	86	40	151
129607	201	271	40	173
129642	1183	2086	2307	2832
129656	0	0	0	0
129684	0	0	0	0
129685	1352	1183	661	1654
1297	183	135	30	515
129787	1131	987	698	2574
1298	1052	835	290	45
129804	76	16	7	17
129807	157	193	89	40
129831	590	679	282	549
129841	0	0	0	0
129852	3	2	4	7
129868	0	0	0	0
129870	0	0	0	0
129880	532	145	147	181
129881	12	4	9	10
1299	1104	1932	236	880
13	15	9	2	8
130	901	211	77	23
1300	128	6	6	195
130013	4	5	3	5
130026	237	73	50	150
130074	6993	6160	3300	8246
130075	0	0	0	1
1301	299	100	47	755
130106	10	1	2	5
130120	0	1	0	0
130132	214	93	27	73
130162	357	326	178	446
130195	2	0	0	0
1302	34	100	139	56
130271	492	155	36	78
1303	9730	1486	1179	4588
130340	465	433	494	1202
130355	330	192	98	254
130367	3005	5714	2411	1933
130399	291	143	155	388
130429	1	0	0	0
130497	26	16	6	71
1305	129	57	31	202
130500	0	0	0	0
130502	466	628	118	277
130507	2110	1528	1168	2078
130535	1081	777	393	913
130540	24	14	13	8
130557	1419	1347	411	1305
130560	1	0	0	1
130574	335	166	115	84
130576	238	41	173	77
130589	1475	3567	1557	1582
1306	3348	575	385	1254
130612	231	404	85	330
130617	1626	2558	919	1608
130678	0	0	0	1
1307	2972	826	277	1039
130700	0	0	0	0
130728	2	2	0	2
130733	143	70	44	39
130749	15	16	0	5
130752	28	9	2	27
130773	3	1	1	1
1308	8200	12517	13594	9223
130802	0	0	0	0
130813	24	68	8	43
130814	811	1514	428	1724
130827	352	247	124	420
130865	0	0	0	1
130872	3347	5682	1200	3173
130888	116	130	82	107
130916	1233	855	501	1190
130940	44	10	4	43
130951	8	1	4	3
131	0	0	0	0
1310	19	2	1	4
131034	3	0	4	6
131054	0	1	0	0
131055	1	2	0	0
131076	748	1259	565	1634
131096	611	639	550	282
1311	112	25	8	203
131118	947	1537	683	1837
131149	0	0	0	0
131177	2699	13840	7994	3342
131185	0	0	1	1
1312	4724	2826	2879	5456
131368	0	1	0	0
131375	2	0	0	2
131377	0	0	0	0
1314	10377	10525	5959	10349
131405	2	17	0	45
131408	459	1087	309	1073
131450	31	35	4	46
131474	659	988	476	986
1315	5013	5562	3344	6684
131540	2	2	0	14
131544	492	354	541	468
131566	510	1040	393	1766
131572	0	0	0	0
131578	1452	74	61	313
131583	385	482	122	785
1316	6978	13681	6753	6089
131601	1621	2799	1152	2622
131616	483	996	296	482
131669	35	0	0	5
1317	1932	2173	1460	3859
1318	4	13	1	13
131831	5	0	1	1
131870	1665	2680	1584	1684
131873	6	4	7	4
131890	0	3	0	0
131909	2	0	0	1
131920	0	0	0	0
131961	21	182	8	32
131965	492	577	243	598
131973	1	0	0	2
132	1413	1076	1147	2448
132001	565	1183	536	637
132014	2501	5038	1836	718
132112	0	0	0	0
132141	1	1	0	3
132158	521	1436	494	655
132160	589	975	109	282
132200	6	10	6	3
132203	11	36	6	11
132204	46	11	2	3
132228	1	5	12	1
132241	473	607	249	555
132243	0	0	0	0
132299	6388	4742	2575	4474
132320	357	211	342	370
132321	458	383	456	465
132332	5	4	0	2
132391	3	1	0	0
132430	16	11	2	3
1325	5	5	8	3
132556	1	1	0	0
1326	448	851	292	614
132612	0	0	0	0
132625	0	5	0	0
132660	833	383	471	633
132671	795	254	494	86
1327	15426	35777	9918	18173
132719	0	0	0	1
132720	252	254	535	395
132724	0	0	0	0
132789	739	240	402	529
132817	0	0	0	0
132851	1	0	0	1
132864	719	665	592	504
132884	90	11	8	21
1329	5794	14810	5593	12423
132946	29	3	3	7
132949	666	192	290	629
132954	0	0	2	4
132989	4	5	2	3
133	500	522	394	749
1330	0	0	0	0
133015	619	328	448	800
133022	113	4	31	22
133060	0	0	1	1
133083	0	0	0	0
1331	0	0	0	0
133121	25	4	7	2
133150	1	0	0	0
1332	0	0	0	0
133283	307	172	75	186
1333	0	0	0	0
133308	473	119	205	634
133383	359	713	256	207
133396	2	0	2	0
133418	989	189	1116	37
133482	0	0	0	0
133491	0	0	0	0
133522	639	1903	817	908
133558	0	0	0	0
133584	91	28	32	119
1336	0	0	0	0
133615	0	0	0	0
133619	3687	2598	2089	2620
133686	1379	1141	945	1380
133688	1	1	0	0
133690	2	0	0	0
1337	1413	3138	1539	2025
133746	1583	770	446	800
133748	2	0	0	0
133789	1	0	1	0
1338	0	2	0	0
133874	5	1	1	0
1339	0	0	0	0
133923	4	3	1	2
133957	1049	859	385	1159
134	90	82	5	135
1340	7369	16863	6934	9587
134082	0	0	0	0
134083	0	0	0	0
134111	17	5	7	27
134121	4	2	0	1
134145	483	588	329	758
134147	1641	8266	3026	5584
134187	1	5	1	2
1342	0	0	2	2
134218	2450	2613	1218	3198
134265	242	84	37	228
134266	1114	943	585	1610
134285	650	1814	347	1446
134288	2	1	1	0
1343	1	0	0	1
134353	513	532	355	858
134359	659	709	192	625
134391	0	1	0	0
134429	1334	1454	697	1373
134430	2948	1841	1180	2152
134466	17	4	3	5
134490	0	0	0	0
134492	1301	1251	582	1297
1345	3920	7085	6602	8111
134505	1	1	0	1
134510	1679	1136	565	1091
134526	0	0	0	0
134548	634	764	182	130
134549	2972	5198	1738	2224
134553	2354	1658	1116	1476
1346	194	55	28	102
134637	1040	1196	855	1920
1347	4305	7656	3497	6195
134701	2	48	0	0
134728	445	338	156	482
134756	1	2	1	1
1348	0	3	1	0
134829	2	0	0	0
134860	0	0	0	0
134864	0	0	0	0
1349	4397	8307	4460	9882
134957	1592	1086	1383	912
134997	76	687	32	1550
135	3	3	4	1
1350	13479	17592	6766	12465
1351	1641	4371	2026	4018
135112	2575	4493	1690	3637
135114	1336	1916	967	1461
135138	35	3	22	3
135152	29	32	13	20
135154	565	546	405	855
1352	1057	807	944	845
135228	341	58	32	1091
135250	2	37	15	10
135270	0	0	0	0
135293	1397	1630	671	3974
135295	11	1	5	4
1353	1938	1650	1350	2264
135398	266	1564	401	533
135458	4	4	3	1
1355	1454	1818	1546	2235
1356	19	13	1	12
135644	22	8	19	20
135656	0	0	1	2
1357	0	2	0	0
1358	36	0	4	1
135886	6	25	6	27
135892	2	3	0	0
1359	941	9	26	5
135924	0	0	0	0
135927	2	0	0	0
135932	264	1011	234	384
135935	0	0	0	0
135941	1	1	0	0
135942	0	0	0	0
135946	0	0	0	0
135948	0	0	0	0
136	600	663	941	1809
1360	1	0	4	0
136051	616	495	256	548
1361	13	13	0	0
136157	0	0	0	0
1362	6225	4232	2730	9158
136227	5	1	2	2
136242	10	1	1	3
136259	13	1	1	2
136263	0	0	0	0
136288	1	5	6	8
1363	2400	191	400	704
136306	1	113	31	0
136307	0	0	0	0
136319	7262	5603	3934	9589
136332	36	28	47	20
136371	0	0	0	1
1364	31362	65427	31714	45919
1365	11703	19638	15313	15525
136540	0	0	0	0
136541	0	0	0	1
1366	7139	11965	9063	12350
136647	1611	3167	964	1793
1368	773	192	240	168
136853	39	35	28	65
136895	282	670	101	349
1369	99	0	0	3
136991	0	0	0	0
137	0	1	0	0
1370	5	0	0	0
137012	2	0	0	0
137075	676	1204	534	652
1371	812	1034	750	1660
137107	1	0	0	0
137133	0	0	0	0
137196	1	0	1	1
137209	215	193	70	216
137290	0	0	0	0
1373	294	11	8	45
137362	0	0	0	0
137392	1217	1520	269	1871
1374	3850	8816	5710	9451
137406	0	0	0	0
137492	1402	431	1060	892
1375	45	83	37	35
137529	1	1	1	1
1376	558	287	582	487
137682	605	649	582	839
137695	1500	1156	1093	1881
137735	3	2	1	0
137797	0	0	0	1
1378	92	38	7	15
137814	0	0	0	0
137835	462	228	575	70
137868	4	0	0	0
137872	6	4	4	7
137886	1175	956	1209	2037
1379	1	2	0	1
137902	8	9	3	3
137964	3776	1668	3141	2435
137970	4	0	8	1
137994	80	51	68	35
1380	243	153	7	18
138009	0	0	0	0
138046	1	0	0	0
138050	4135	3636	4219	2175
138065	156	842	275	288
1381	11	79	0	1
138151	2044	1401	551	2069
138159	0	0	0	2
138162	46	45	90	161
138199	1194	1557	685	1184
1382	81	11	24	154
138234	0	2	2	0
138240	0	3	0	1
138241	545	441	280	771
138255	1	1	0	0
138307	0	2	17	15
138311	79	94	59	272
1384	5038	1455	2653	1563
138412	3	1	0	0
138428	4	7	12	9
138429	20	74	7	64
138474	2	0	0	0
1385	2289	1566	842	1859
1386	2023	1665	841	1700
138639	430	736	244	759
138649	39	72	29	34
138652	0	0	0	0
1387	5373	4040	2145	4536
138715	4	6	31	41
138716	1039	1546	743	2451
138724	6	3	0	3
138799	0	0	0	0
1388	4109	6697	2972	4286
138802	0	0	0	0
138803	0	0	0	0
138804	0	0	0	0
138805	0	0	0	0
138864	0	0	1	1
138881	0	0	1	2
138882	0	0	0	0
138883	0	0	0	0
1389	2586	1772	1472	1857
138948	117	16	4	18
138971	0	0	0	0
1390	451	309	272	561
139060	4	2	1	0
139061	0	0	0	0
139065	4	1	1	1
139067	0	0	0	0
139081	0	0	0	0
139105	0	1	0	0
139135	1	0	0	0
139163	0	0	0	0
139170	0	0	0	0
139189	1	0	2	1
1392	1	1	0	0
139201	10	3	4	4
139212	0	0	0	0
139221	119	8	2	2
139231	3867	2278	2173	4341
139249	0	0	2	0
139285	55	400	306	1562
1393	6	8	1	2
139322	1117	723	695	1540
139324	36	81	17	60
139334	0	0	0	0
139341	1077	535	389	848
139363	0	0	0	0
139378	0	0	0	0
1394	0	0	0	0
139411	21	1	0	2
139420	0	0	0	0
139422	0	0	0	0
139425	5	0	0	0
139431	0	0	0	0
139452	2	1	0	0
1395	10	14	3	14
139516	0	1	0	0
139538	0	0	0	0
139542	21	0	1	1
139562	0	0	0	0
139596	540	498	275	714
139599	1	0	0	0
1396	312	165	197	117
139604	0	0	0	0
139628	0	0	0	0
1397	1497	551	638	721
139716	241	49	24	49
139728	28	31	3	168
139735	32	28	4	61
139741	0	0	0	0
139748	3	1	0	0
139760	0	0	0	0
139793	0	0	0	0
1398	2403	1837	3016	2522
139804	0	0	0	0
139818	3117	203	246	408
139886	586	563	365	1023
1399	4639	2353	2352	3807
139952	0	0	0	0
139957	0	0	0	0
14	6966	9953	3891	10681
140	32	9	14	25
1400	323	95	32	297
140004	0	0	0	0
140028	0	0	0	0
140032	1	2	0	0
140043	0	0	0	0
1401	0	2	0	0
140100	0	0	0	0
140123	0	0	0	0
140258	0	0	0	0
140290	1	4	0	5
1404	75	44	22	105
140432	0	1	1	2
140453	158	48	341	464
140456	0	1	0	0
140458	2	0	0	0
140459	1059	1648	802	1652
140460	808	492	471	651
140461	1469	1307	971	961
140462	190	412	150	1265
140464	0	0	0	0
140465	1120	602	406	1293
140467	1524	2439	988	1209
140468	0	0	0	0
140469	35	1	3	1
140545	150	93	64	178
140564	18	3	0	3
140576	5157	11312	7829	8530
140578	189	11	1	11
140596	0	0	0	0
140597	27	1	0	2
1406	1	0	1	1
140603	0	1	0	0
140606	1661	366	139	663
140609	1365	1899	1125	1452
140612	81	362	204	14
140623	17	15	2	12
140625	1	0	0	0
140628	2	0	0	1
140660	4	1	0	7
140678	6	7	1	10
140679	0	0	0	0
140680	1074	674	310	775
140683	0	0	0	0
140685	252	93	23	82
140686	91	102	77	24
140687	14	14	8	15
140688	4075	5477	1830	5006
140689	6	1	0	0
140690	1	1	0	1
140691	959	507	521	843
140692	1	1	0	0
140695	1	0	0	0
140696	0	12	5	10
140697	0	0	0	0
140699	71	79	15	162
1407	873	516	570	771
140700	765	1487	269	811
140701	0	0	0	0
140706	52	21	4	34
140707	2820	2441	2225	4470
140710	2866	2940	548	3467
140711	254	630	102	345
140713	1	0	0	3
140714	1	0	0	5
140715	2	1	3	3
140716	0	0	0	0
140717	22	17	0	7
140718	0	0	0	0
140719	0	0	0	0
140730	2	0	2	6
140731	0	0	0	0
140732	0	0	0	0
140733	225	95	50	132
140735	10963	8240	3964	8658
140738	101	2699	566	310
140739	700	672	268	768
140748	0	0	0	0
140749	1	0	0	0
140750	0	0	0	0
140751	0	0	0	0
140752	6	3	0	5
140753	2	1	0	0
140754	1	2	0	1
140755	7	2	0	0
140756	4	2	0	3
140757	2	22	1	13
140758	9	8	0	9
140759	0	0	0	0
140760	35	65	33	65
140761	2	3	1	5
140766	927	120	124	271
140767	5	1	0	1
140771	3	0	1	5
140775	1828	900	1231	1627
1408	1702	1367	604	1214
140801	19	6	12	3
140803	189	1975	252	279
140807	14	0	0	0
140809	3	3	1	4
140823	2929	5754	1122	3662
140825	30	31	8	24
140828	611	195	659	903
140831	463	509	109	462
140832	5	1	0	7
140834	1	3	1	0
140836	0	1	0	0
140838	529	595	243	857
140846	2	13	0	3
140848	0	2	0	0
140850	0	0	0	0
140851	0	0	0	1
140856	0	0	0	0
140857	1	0	0	0
140862	491	10	2	48
140863	0	0	0	2
140865	0	0	0	0
140870	0	0	0	0
140871	0	0	0	0
140873	0	0	0	1
140875	0	0	0	0
140876	191	52	18	59
140880	2	1	1	3
140881	0	0	0	0
140883	203	99	90	266
140885	2143	125	80	918
140886	29	2	1	0
140890	3571	3003	2055	3074
140893	1320	456	237	642
140894	7	9	2	32
140895	0	0	0	0
1409	0	0	0	0
140901	3134	2630	1390	3676
140902	91	239	26	160
140909	0	0	0	0
140913	1	0	0	0
140921	6	5	3	5
140947	0	0	0	0
141	402	697	46	182
1410	505	119	44	216
1411	2	2	1	2
1412	42	81	5	32
1413	32	5	10	15
1414	82	2	0	3
1415	15	22	9	6
1416	557	528	402	399
1417	30	51	7	17
1418	0	0	0	0
1419	0	0	0	0
142	7554	3358	4261	9245
1420	0	0	0	0
1421	0	0	0	0
1423	0	0	0	0
1424	0	0	0	0
142678	1953	3143	1091	1861
142679	129	61	40	110
142680	33	28	14	54
142683	13	0	2	0
142684	53	30	35	52
142685	1	0	0	0
142686	25	12	21	18
142689	0	2	8	3
1427	103	188	125	213
1428	577	630	226	248
142827	0	0	1	1
142891	827	917	657	1605
1429	1632	531	232	725
142910	1	0	0	1
142913	19	21	6	16
142940	1314	880	851	1401
143	9399	8506	9252	7220
1430	22	12	15	18
143098	708	1345	641	1226
1431	8251	7648	8251	12997
143162	5	0	0	20
143187	658	1324	888	1890
1432	4508	2369	1677	3229
143241	0	0	0	0
143244	32	21	427	29
143279	363	201	115	94
143282	86	165	81	132
143341	5	3	0	1
143371	29	22	11	29
143379	116	65	13	62
143384	2579	2244	1754	3563
1434	6359	4874	2909	11011
143425	1	0	0	0
143458	1305	181	43	1824
143471	0	1	0	0
143496	0	0	0	0
1435	1121	248	157	338
143501	0	0	0	0
143502	0	2	4	2
143503	817	46	20	85
143506	0	1	0	0
143543	0	3	1	3
143570	209	119	179	328
1436	1757	219	155	329
143630	11	10	1	5
143662	3	0	2	1
143678	7	4	5	11
143684	729	834	443	886
143686	3417	1993	965	1205
143689	805	991	501	536
1437	5	0	0	6
1438	134	1356	278	101
143872	610	591	449	453
143879	173	333	104	160
143884	505	279	203	669
143888	1716	1442	855	2639
1439	534	140	92	86
143903	141	26	20	84
143941	4	2	0	0
144	0	1	1	0
1440	42	3	8	20
144097	1253	1203	464	2054
1441	195	31	23	336
144100	1929	2668	1391	1982
144106	8	12	3	13
144108	1099	1142	851	1545
144110	260	202	15	148
144124	1	0	0	1
144125	5	3	2	1
144132	450	1409	339	598
144165	88	9	4	22
144193	28	4	3	24
144195	22	0	0	5
1442	0	0	0	0
144233	250	144	125	236
144245	315	380	89	434
1443	0	0	0	0
144321	22	2	10	10
144347	1433	4057	1379	899
144348	11418	8820	6842	8691
144360	0	0	0	0
144363	387	375	316	351
144383	3	185	2	88
1444	0	0	0	0
144402	99	28	33	409
144404	679	1005	555	1195
144406	190	188	122	149
144423	11	0	2	13
144448	0	0	0	0
144453	318	1	1	5
144455	328	127	198	457
144481	93	27	8	69
144486	18	15	7	13
1445	5000	2864	2270	3499
144501	1598	805	2190	2599
144535	32	0	5	4
144568	5	2	73	37
144571	20	19	6	6
144577	662	689	366	461
144581	303	336	86	203
1446	0	0	0	0
144608	63	21	23	52
144638	0	2	2	6
144699	1275	679	922	1036
1447	0	0	0	0
144712	6	4	1	2
144715	31	36	18	18
144717	2552	3951	1161	1943
144742	4	0	0	0
144766	0	0	29	1
144776	0	0	0	0
1448	0	0	0	0
144809	3	6	0	0
144811	735	964	856	329
144817	2	10	5	3
144832	2	1	0	1
144847	2	1	0	1
144920	11	0	0	0
144983	312	415	120	224
145	0	0	0	0
145165	12	2	1	5
145173	728	460	407	305
145195	94	5	3	25
1452	4064	1947	1934	2887
145200	54	42	39	131
145216	3	4	0	11
145226	4	38	41	17
145241	1	1	0	2
145258	14	2	0	3
145259	8	4	3	6
145264	1	0	0	0
145270	126	3	14	1
145282	398	184	142	102
1453	8873	9668	4331	7090
145370	10	12	0	3
145375	1	0	1	0
145376	129	347	169	76
145389	168	126	120	251
1454	4891	3126	2634	3459
145407	81	12	50	162
145447	152	24	720	2073
145482	52	46	44	95
145483	161	91	102	124
145497	11	23	19	27
1455	3721	2191	2110	4721
145501	76	31	30	19
145508	216	49	181	381
145553	4	1	1	0
145567	503	73	333	575
145581	19	2	2	3
1456	2132	2189	966	1583
145624	0	0	0	0
145645	0	0	0	0
145694	25	19	15	46
1457	7834	5339	3195	6702
145741	1051	112	18	715
145748	490	661	223	357
145767	84	56	15	68
145773	479	529	270	550
145781	292	253	387	177
145783	51	75	22	48
145788	53	70	45	31
145814	0	1	0	71
145820	15	1	0	1
145837	71	12	9	123
145853	168	97	71	162
145858	0	0	0	0
145864	306	158	118	475
145873	7	32	1	18
1459	1775	1574	1040	1954
145942	0	0	0	0
145946	0	0	0	0
145957	26	12	98	7
145978	0	0	0	0
145989	1	0	0	1
146	15	1	1	13
1460	545	1095	388	877
146050	1109	810	689	1100
146053	43	35	16	24
146057	277	159	139	382
146059	621	485	306	647
146110	10	9	9	17
146167	30	0	0	0
146177	16	5	1	2
146183	10	8	1	5
146198	1049	927	505	1102
1462	3681	518	358	1262
146206	307	178	34	100
146212	20	16	2	27
146223	3997	6694	4303	8822
146225	12	23	5	14
146227	35	57	51	24
146279	9	7	42	8
1463	0	0	0	2
146310	1	9	1	5
146325	1	1	0	18
146330	90	526	342	289
146336	2	0	11	13
146378	1	0	0	1
146395	0	1	0	1
1464	965	319	252	1005
146429	3	42	0	15
146433	206	138	21	96
146434	369	332	256	386
146439	3283	8396	2791	3563
146456	52	56	38	27
146481	5	0	0	0
1465	9476	9125	6641	9487
146513	2	0	2	2
146540	622	687	221	433
146542	464	927	234	331
146547	65	123	25	72
146556	58	15	3	5
146562	30	22	12	23
1466	713	119	47	315
146664	26	5	1	8
146691	1716	2365	2351	2499
146705	662	1602	302	599
146712	449	1017	240	441
146713	23	43	34	50
146722	72	23	12	50
146723	38	0	123	56
146754	299	105	211	153
146760	25	308	176	8
146771	0	1	0	3
146779	1	0	0	0
146795	7	1	3	1
1468	590	1394	793	1175
146802	11	41	12	4
146822	2	20	0	0
146845	15	32	10	6
146849	5	1	0	0
146850	123	28	8	21
146852	0	0	0	0
146853	6	5	5	4
146857	2354	515	32	28
146861	0	0	0	0
146862	0	0	0	0
146894	1	12	0	0
1469	2163	24	2	329
146909	892	627	785	2176
146923	1607	2491	1770	1984
146956	107	112	71	380
147	6	10	1	4
1470	18	4	3	21
147007	413	564	195	404
147011	135	223	45	64
147015	116	105	73	142
147040	545	520	803	1067
147081	602	588	337	1079
147093	0	0	0	0
1471	16057	31692	5713	10518
147111	12221	52	422	1132
147138	714	1390	795	589
147150	15	13	8	11
147166	210	130	238	279
147172	296	245	134	237
147179	3849	3532	3060	4188
147183	0	0	0	0
147184	424	82	86	542
147199	1	0	0	0
1472	52	1	0	10
147226	3	2	1	1
147228	1	0	0	0
147276	2	1	1	0
1473	60	2	0	2
147323	1	2	0	1
147339	726	631	468	897
147372	52	4	1	11
147381	22	5	7	0
1474	11	1	0	8
147407	0	0	0	0
147409	101	29	28	34
147429	0	0	1	1
147463	475	275	134	27
147468	1	0	0	0
147495	27443	220	2265	511
1475	373	298	17	354
147525	396	76	58	183
1476	7378	24240	15141	12912
147645	60	89	84	93
147646	3	2	0	0
147650	186	209	29	59
147657	831	1311	164	1060
147658	3	0	0	1
147660	15	8	2	10
147664	5	12	0	0
147670	20	48	43	27
147685	17	27	0	11
147686	47	9	7	7
147687	329	452	195	244
147694	200	237	73	288
147699	40	616	156	93
1477	1939	2205	785	1961
147700	77	301	39	164
147710	60	12	0	10
147711	14	2	5	4
147719	1	0	0	0
147727	789	1606	471	620
147741	0	0	1	0
147744	4	4	6	9
147746	2	3	1	3
147798	8251	11791	6873	5165
1478	1675	1203	981	2572
147804	253	233	142	413
147807	961	1822	780	1231
147808	554	489	385	635
147837	238	198	63	99
147841	301	589	457	1111
147872	7	2	0	0
1479	1071	1424	723	1526
147906	404	39	22	112
147912	153	78	110	251
147920	48	16	63	13
147923	260	243	147	256
147929	139	195	146	248
147945	5	0	0	0
147947	144	23	25	39
147948	15	21	21	3
147949	234	148	58	168
147965	797	1602	856	1091
147968	147	404	378	175
147991	2150	1434	1345	1257
148	15	1	0	3
1480	0	0	0	0
148003	0	0	0	0
148014	8	15	28	30
148022	1106	2072	1821	2211
148046	40	32	52	105
148066	0	0	0	0
1481	0	0	0	1
148103	201	132	96	126
148109	1	0	0	0
148113	140	34	8	39
148137	674	336	602	952
148145	6	0	0	0
148156	1226	1123	529	892
148170	1501	5807	1975	3367
148189	463	577	248	479
148198	4	1	0	0
1482	0	0	2	0
148203	188	731	111	357
148206	324	426	425	744
148213	368	366	211	6
148223	1238	893	787	1343
148229	38	16	12	32
148231	0	0	0	0
148252	60	186	2	22
148254	204	135	120	184
148266	118	47	19	54
148268	256	180	53	82
148281	2	3	0	2
148304	159	138	136	286
148327	630	675	452	775
148345	93	3	7	9
148362	1916	3162	2163	2182
148398	204	25	11	63
148413	903	823	512	938
148418	210	210	258	172
148423	658	395	358	488
148479	980	1257	721	1353
1485	0	0	0	0
148523	57	48	21	40
148534	1190	1012	1556	1134
148545	143	1	6	5
148581	0	0	0	0
1486	157	98	105	122
148641	3	0	0	0
148645	8	6	10	6
1487	5281	3493	2314	4267
148709	55	55	34	74
148713	120	26	31	45
148738	2	7	1	1
148741	135	7	3	18
148753	76	3	4	10
148756	0	0	0	0
148789	1202	695	912	1542
1488	3687	7410	3247	7020
148808	202	4185	273	1048
148811	5	15	3	3
148818	0	0	0	0
148823	26	1	1	0
148867	1624	1209	1042	1179
148870	2	2	1	1
148898	89	109	32	64
1489	51	23	68	36
148930	1	0	0	0
148932	1214	933	521	779
148979	22	3	6	10
1490	3723	2179	1043	3273
149013	368	424	182	390
149018	0	0	0	0
149041	1377	2112	1321	1526
149069	19	2	5	18
149076	1169	252	314	528
149086	2	0	0	0
149095	24	81	19	26
1491	232	238	432	189
149111	116	50	30	67
149134	51	19	44	19
149175	753	160	67	72
149224	15	12	0	15
149233	98	30	41	63
149281	8	0	1	2
149297	118	228	16	92
1493	169	42	10	21
149345	265	424	21	225
149371	628	695	517	831
149373	0	0	0	0
149420	786	544	487	689
149428	32	112	69	63
149461	0	1	0	0
149465	17	3	9	7
149466	794	949	597	532
149473	618	795	350	557
149478	235	113	156	197
149483	74	104	63	28
149499	2	4	4	1
1495	28707	21500	15590	15662
149501	244	52	19	77
149563	0	0	2	0
1496	955	1	217	5
149603	4462	5354	3178	4667
149620	0	0	0	0
149628	36	13	13	4
149643	2	1	0	1
149647	0	0	0	0
149685	0	0	1	5
149699	0	1	0	0
1497	539	631	450	638
149708	0	1	1	0
149773	6	0	1	2
149775	10	1	0	21
1498	31	73	14	29
149830	0	0	0	0
149837	799	425	41	13
149840	592	466	165	352
1499	34659	14809	13344	12955
149934	0	0	0	0
149950	0	0	0	0
149951	1835	2666	839	1411
149954	0	0	2	0
149986	3581	4106	1005	2915
149992	0	0	0	0
149998	8	7	0	3
15	8	8	10	7
150	653	500	1865	78
1500	739	2301	744	636
150000	29	142	55	45
150051	0	30	0	1
150082	58	78	64	89
150084	7	0	0	3
150094	183	145	87	182
1501	78	4	7	0
150135	9	5	2	9
150142	23	34	13	8
150147	0	0	1	1
150159	14	6	7	2
150160	0	0	0	0
150165	0	0	0	1
150185	0	0	0	1
150197	85	54	16	58
150209	1536	1254	1545	2132
150221	1	0	0	0
150223	1503	981	1095	2220
150244	162	55	23	1242
150248	0	9	5	13
150274	405	215	258	373
150275	1381	767	644	1136
150280	1	3	0	0
150290	428	216	164	343
150291	5	15	10	3
150297	0	0	0	0
1503	1744	567	1016	2652
150350	5	0	1	0
150353	5	3	3	6
150356	162	103	77	50
150365	169	48	37	35
150368	859	658	615	516
150372	275	87	129	133
150379	3	0	0	0
150381	80	90	81	148
150383	318	275	195	268
150384	9	9	6	6
1504	0	1	0	0
150465	1376	1165	1497	3055
150468	329	231	360	1287
150472	659	440	292	714
150478	4	2	4	3
150483	0	0	1	0
150527	1	0	0	0
150538	818	3386	881	1333
150554	17	11	14	12
150568	0	0	0	0
150572	2	12	1	19
150577	0	0	1	0
150590	344	258	133	390
150596	1	1	0	0
1506	1	0	0	0
150622	1	0	0	0
150677	0	0	0	1
150678	1640	1891	656	1889
150681	0	0	0	0
150684	662	584	374	815
150696	2524	1170	2219	715
150709	148	232	69	135
150726	1864	1738	777	3027
150737	366	388	107	307
150759	1272	2838	1256	1702
150763	29	26	58	30
150771	35	67	9	263
150776	1548	1559	550	2024
150786	228	125	2	23
1508	38844	19372	25022	18670
150864	1396	1886	774	1402
1509	8747	13890	4974	7860
150921	1	1	0	1
150928	139	214	46	128
150946	226	118	17	445
150947	1	0	0	0
150962	473	401	180	321
150967	585	444	231	173
150992	0	1	1	0
151	39	30	10	50
1510	29	90	1780	21
151009	106	356	56	231
151011	2188	2509	1141	3389
151050	880	857	408	604
151056	1029	134	76	91
1511	134	1	3	0
151112	0	0	0	0
151121	0	0	0	0
151126	29	2	8	2
151171	1	1	0	1
151174	15	0	2	3
151176	66	18	8	105
151188	727	866	410	1514
151194	510	519	312	779
151195	512	1078	649	977
1512	9794	4591	790	3856
151230	2346	1493	970	2092
151234	5	2	11	0
151242	71	8	13	14
151246	448	307	334	927
151254	10	3	5	5
151258	75	38	2	36
151276	4	2	0	1
151278	4	1	0	0
151295	71	168	66	83
1513	3508	796	376	1216
151300	0	0	0	0
151306	92	39	7	107
151313	345	412	63	588
151325	0	0	0	0
151354	13151	20255	9057	11261
151393	215	601	124	86
1514	1203	986	110	1144
151449	75	13	2	12
151457	1	2	3	3
151473	453	102	38	61
151475	2	1	6	1
151477	28	11	4	18
151484	2	5	1	0
1515	277	1062	339	981
151507	0	3	2	4
151516	66	20	13	18
151525	454	810	207	587
151531	7	1	0	3
151534	290	1006	146	426
151556	568	146	78	494
151579	20	17	3	13
151613	1267	2008	464	1179
151636	3641	3321	2049	4145
151645	39	23	6	18
151647	0	0	0	0
151648	150	137	127	351
151649	11	12	14	9
151651	25	7	19	2
151658	0	11	0	2
1517	1	0	0	0
151742	402	1424	1669	817
151790	0	1	0	0
1518	0	0	0	0
151825	0	1	0	0
151827	25	54	75	78
151835	106	19	48	12
151842	2	6	0	1
151871	0	0	0	0
151877	4	20	4	4
151887	2880	157	130	380
151888	43	15	4	1
1519	1459	419	352	271
151903	2100	3200	1196	1769
151963	413	101	252	549
151987	2644	2693	1622	2228
152	969	14	70	123
1520	10315	11589	7657	6758
152002	524	394	428	1017
152006	1871	2243	938	2535
152007	646	200	92	619
152015	2	37	18	7
152024	0	0	0	0
152048	30	64	25	49
152065	0	0	0	0
152078	3	2	22	3
152098	14	20	13	1
1521	25	28	12	25
152100	944	1236	783	1306
152101	0	0	0	0
152110	23	6	16	20
152118	0	0	0	0
152137	2549	3054	1058	2983
152138	0	0	0	0
152185	70	130	99	153
152189	734	999	518	780
152195	408	760	438	581
1522	10220	10997	4731	6623
152206	1	2	11	1
152217	706	1760	740	1706
152225	0	0	0	0
152273	1031	153	70	233
152274	2	2	0	0
1523	11904	10306	7965	11685
152302	197	369	152	247
152330	139	8	10	34
1524	164	11	3	19
152404	10	6	1	1
152405	0	0	0	0
152485	1653	737	914	1235
1525	4255	4681	2541	5108
152503	6213	3742	4107	6174
152518	887	275	313	795
152519	1357	1118	1029	1509
152559	691	276	314	801
152573	210	6	7	33
152578	24	7	5	7
152579	1255	419	595	702
152586	0	1	0	0
152641	8	3	2	5
152663	5	3	1	2
152667	0	8	0	1
152687	169	203	11	192
1527	0	0	0	0
152709	3	14	3	11
152742	0	0	0	0
152756	4	23	0	0
152789	2	1	0	0
1528	1297	1787	1105	1868
152815	744	460	330	642
152816	3	0	1	1
152831	32	16	27	17
152877	168	130	42	172
152905	1	7	1	2
152926	600	218	196	133
152940	2	0	0	9
152992	675	342	308	587
153	31	2	3	2
153020	735	288	340	645
153090	4394	6729	3567	6498
1531	0	0	0	0
153129	487	712	313	441
1532	0	0	0	0
153201	1	0	0	1
153218	2	0	0	0
153222	981	1393	305	489
153241	1446	833	459	824
153328	15	21	31	11
153339	3227	3626	2085	2525
153364	467	333	155	355
153396	1068	1290	532	993
1534	5270	10810	4935	6410
153443	739	390	365	633
153469	1	0	0	2
153478	2	1	2	6
1535	3114	12310	4105	6307
153527	3449	4337	1201	2793
153562	1977	1979	973	1490
153571	1	240	103	2
153572	2	627	773	2
153579	876	1078	115	223
1536	1059	259	284	376
153642	195	133	106	261
153643	3	1	2	3
153657	11	6	1	9
153684	126	80	59	56
1537	6815	9742	8912	14134
153733	656	1499	470	735
153743	1	2	1	4
153745	0	0	0	0
153768	686	1068	561	1222
153769	2692	6439	2375	2124
153770	34	84	23	20
1538	0	0	0	0
153830	5826	6395	3005	3756
153842	2	4	0	1
1539	0	0	0	0
153918	0	0	0	0
153932	3	7	1	15
154	46	74	49	85
1540	1203	959	596	831
154007	744	977	514	832
154043	427	1481	208	601
154064	10	29	131	128
154075	27	9	1	40
154089	0	2	0	0
154091	965	99	111	358
154092	3	0	0	0
154141	769	2514	1198	1375
154150	0	0	0	0
154197	5	4	2	16
154214	919	1501	21	1070
154215	5	1	0	8
154288	0	0	0	0
1543	1	0	4	0
154313	1	0	1	1
154386	2	4	0	4
1544	0	1	1	0
154442	2	0	0	5
154467	445	624	254	629
1545	68	10	15	9
154661	61	8	15	16
154664	149	85	32	73
154743	500	367	198	346
154790	21	0	0	2
154791	36	38	15	22
154796	3116	1073	1291	486
1548	0	2	0	0
154807	3651	3101	2094	4954
154810	870	59	68	234
154822	8	0	0	3
154860	560	24	936	106
154865	6	2	6	12
154872	0	1	0	1
154881	545	771	192	573
1549	2	0	0	1
154907	0	0	0	0
155	16	0	0	0
1550	1	0	0	0
155006	25	3	0	1
155019	10	7	3	6
155038	419	105	46	119
155051	0	1	0	1
155054	119	55	68	56
155061	1753	1305	752	1726
155066	1646	1290	932	2501
1551	12	1	3	2
155100	1	0	0	1
155184	0	0	0	1
155185	8	2	1	19
1553	0	0	0	0
155340	0	0	1	0
155368	87	726	192	314
155370	703	565	312	903
155382	44	225	5	111
155400	1972	3018	949	2016
155435	3771	3674	2107	4204
155465	2242	1004	2570	118
1555	3151	778	586	396
1556	11	24	1	4
1557	31	7	11	0
1558	8	16	14	8
1559	128	15	80	0
156	10150	10189	4275	8959
1562	65	108	90	21
1564	143	141	83	92
1565	216	274	62	26
1568	43	37	17	27
157	697	32	268	519
1571	46	133	53	61
1572	8	3	3	23
157206	10	7	3	12
157285	2916	709	961	979
1573	1440	1043	826	1445
157310	2	1	1	0
157313	357	131	473	652
157317	2	1	0	1
157376	1	0	2	0
157378	918	987	666	1467
157381	3	21	5	3
157489	89	16	55	32
157506	1609	1885	2588	2624
157530	13	10	1	5
157556	1	0	1	0
157567	955	828	819	1326
157570	502	145	497	568
157574	79	37	99	140
1576	34	4	9	10
157627	0	0	0	0
157638	3653	2412	2924	3819
157657	135	87	113	271
157667	2	0	0	0
157680	1953	899	1593	1386
157693	17	4	3	1
157695	78	26	8	43
157697	1053	742	1053	1016
1577	7290	5138	4721	3905
157708	0	1	0	0
157713	1	0	0	1
157724	0	0	0	0
157739	3	1	0	2
157753	14	3	1	5
157769	3146	2407	2933	4104
157773	28	27	4	14
157777	212	94	65	31
1578	0	0	0	0
157807	5	0	4	0
157848	2	0	0	6
157855	0	0	0	0
157869	647	66	3106	80
1579	5	1	0	0
157916	0	0	0	0
157922	1834	1146	1034	2399
157927	0	0	0	0
157956	6	1	1	6
157983	3	7	10	1
158	314	136	197	352
1580	69	16	4	0
158011	0	0	0	0
158035	5	3	4	2
158038	5	0	0	1
158046	6	236	3	7
158055	24	108	15	79
158056	488	1535	425	463
158062	0	0	0	0
158067	27	39	16	54
158078	1029	998	153	1370
1581	0	1	0	0
158104	16	11	4	16
158131	0	0	0	0
158135	150	175	93	189
158158	3138	2414	1833	1684
158160	167	228	91	222
158172	1	1	1	4
1582	3	2	0	0
158219	1303	2517	972	2110
158222	0	0	0	0
158228	254	387	116	531
158234	450	596	217	704
158248	75	158	54	40
158257	15	13	9	16
158293	2271	3347	1148	2506
158297	50	1	2	2
1583	15	0	2	1
158314	13	3	4	4
158326	664	1126	160	744
158345	83	27	7	28
158358	1252	1516	858	2144
158373	191	135	205	341
158376	20	28	8	21
158381	19	38	11	9
158383	20	6	11	24
158399	244	146	27	64
1584	0	0	0	0
158401	6	5	1	2
158405	749	289	263	952
158427	596	292	294	492
158431	351	468	91	239
158452	0	1	0	0
158471	1964	2800	1646	845
1585	0	0	0	0
158506	0	0	0	0
158511	4	0	0	0
158521	1	0	0	0
158572	38	61	19	79
158584	538	382	399	865
158586	874	754	451	1170
1586	2	0	0	2
158674	5	7	0	3
1587	0	1	0	0
158724	0	0	0	0
158747	564	461	254	1020
158763	1	0	0	0
158781	43	25	28	37
158787	92	26	50	65
158798	5	4	0	6
1588	15	12	10	7
158800	8	3	2	0
158801	79	45	35	85
158809	0	0	0	2
158830	1	1	0	2
158833	0	0	0	2
158835	0	0	0	1
158866	15	5	2	6
158880	58	25	0	21
1589	13	6	2	2
158905	1	0	0	11
158931	1	0	0	0
158948	0	0	0	1
158960	170	148	65	134
158983	0	0	0	0
159	2332	2056	2084	2334
1590	23	2	0	2
159007	5	0	0	2
159013	1501	1483	1176	2041
159090	2822	2602	1210	4818
159091	200	124	79	178
1591	5	2	3	49
159119	0	0	0	0
159125	0	28	0	0
159162	0	0	0	0
159163	0	0	0	0
159195	3903	4268	2533	2739
1592	3	4	5	3
159296	450	99	66	116
1593	1909	1625	138	416
159371	297	240	313	913
1594	166	225	96	60
1595	293	115	198	433
1596	0	0	0	0
159686	8	4	7	16
159770	0	0	0	0
159963	55	1	3	6
159989	16	1	2	1
16	8228	7462	3012	10476
160	4131	3934	3647	4961
1600	34	2	2	49
160065	0	0	0	0
1601	4318	10165	13290	5319
160140	23	21	17	17
1602	3600	439	680	416
160287	9	4	2	2
160298	18	29	15	27
1603	4721	2907	2621	5299
160313	1	0	0	0
160335	1072	1285	1295	977
160364	19	6	2	6
160365	12	5	2	0
1604	2298	5801	14889	2987
160418	835	617	604	767
160419	3	1	0	0
160428	187	165	156	423
160492	9	0	0	0
1605	5994	8037	5022	7798
160518	337	184	127	214
1606	1425	6188	3166	1473
160622	263	114	71	182
1607	16	4	2	4
160728	0	4	125	1
160760	1540	1514	1382	2622
160762	0	1	0	0
160777	254	25	62	5
1608	281	53	50	190
160824	21	0	0	0
160851	1123	3096	1839	1730
160857	358	435	191	189
160897	928	942	546	963
1609	3531	3041	1946	2976
161	4453	3666	2252	3811
1610	0	1	0	2
161003	8	105	19	19
1611	7479	6904	3111	5972
161142	9	3	1	5
161145	692	202	377	620
161159	9	6	4	3
161176	266	119	46	325
161198	452	177	63	261
1612	1221	63	91	297
161247	12	35	10	10
161253	105	62	34	58
161271	0	0	0	0
161291	2781	2040	1944	3666
1613	2686	3334	1729	2340
161342	4	0	0	3
161357	1	0	0	0
161394	46	4	15	69
161406	17	20	5	14
161424	1690	630	1049	1779
161436	7	2	5	6
161497	9	41	21	9
1615	4777	3786	2587	6611
161502	3	4	1	3
161514	0	0	0	0
161582	17	2	10	5
1616	2610	3782	1621	3544
161635	3	1	3	1
1617	0	0	0	0
161725	246	157	72	36
161742	1961	879	1116	2200
161753	21	6	26	15
161779	302	199	59	164
1618	3	0	0	0
161823	211	119	59	250
161829	0	0	0	0
161835	14	39	242	74
161882	821	548	203	405
161931	0	0	1	0
162	5515	3274	3540	4657
1620	116	44	7	31
162073	1453	641	921	1822
162083	0	0	0	0
1621	73	4	0	6
1622	5351	11537	4545	12704
162239	340	235	118	342
162282	56	16	105	26
1623	0	0	0	0
162333	9	8	0	0
162387	125	247	111	81
162394	1474	218	586	605
1624	0	1	0	0
162417	74	280	125	154
162427	4339	5993	2333	4284
162461	577	1039	523	710
162466	49	6	11	15
162494	49	4	42	4
162514	150	85	32	105
162515	89	91	9	22
162517	14	5	2	17
162540	0	0	0	0
162605	0	0	0	0
162632	52	1	0	1
162655	130	119	60	187
162681	108	163	59	143
162699	0	0	0	0
1627	4194	2214	390	2764
1628	259	799	148	412
1629	793	411	1016	769
162962	365	429	186	202
162963	142	23	5	64
162966	673	1167	563	1128
162967	2878	3326	1499	1951
162968	70	83	39	73
162972	526	456	56	470
162979	202	622	338	591
162989	1174	2074	1424	1727
162993	269	524	225	231
162998	2	3	2	6
163	17409	17393	11751	20371
1630	36	6	4	13
163007	13	7	2	17
163033	819	947	483	910
163049	1090	1263	834	1106
163050	9	10	9	17
163051	14	31	11	6
163059	82	228	61	53
163071	7	25	12	20
163081	289	263	157	182
163087	435	457	235	328
163088	3	7	2	10
163115	32	19	2	5
163126	466	515	296	403
163131	849	835	453	733
163154	143	459	195	304
163175	215	211	55	461
163183	44	49	23	71
1632	1365	3327	1379	2913
163223	4	0	0	1
163227	403	405	178	377
163255	57	35	9	10
163259	35	249	160	88
1633	1152	522	534	920
163351	3	2	0	2
1634	7041	992	312	1874
163404	1	0	0	3
163479	0	3	0	1
163486	807	1102	861	593
1635	4521	2554	1985	4418
163589	103	214	122	14
163590	1969	3362	1615	3327
1636	2157	8030	1432	964
163688	30	14	15	48
163702	616	779	568	1158
163720	2	0	1	0
163732	62	414	141	537
163742	0	0	0	0
163747	4	11	7	7
163778	0	0	0	0
163782	66	27	1	31
163786	305	138	209	448
1638	483	0	4	14
163859	1330	941	767	1466
163882	1216	1371	814	1001
1639	6032	2962	2806	6135
163933	14	0	0	1
164	3953	4567	2937	3954
164045	31	1	0	5
164091	547	234	160	424
1641	7	2	0	7
164118	13	2	1	1
164127	0	0	0	0
164153	2	0	0	0
1642	12474	11006	7406	15160
164237	5	1	0	6
164284	14	0	5	3
1643	1252	1060	931	981
164312	28	6	4	15
164380	0	0	0	0
164395	16	8	10	29
1644	3083	4102	1348	3332
1645	106	397	74	260
164592	8	8	1	7
1646	67	415	47	93
164633	119	2	9	6
164656	46	16	30	70
164668	4	1	2	9
164684	31	105	20	42
1647	1970	236	450	495
164714	2	0	0	0
164781	0	1	0	4
164832	40	3	3	3
164837	0	0	0	0
1649	796	1224	115	995
165	8030	1305	662	3158
1650	13099	7579	7704	10714
165055	250	176	209	613
165082	58	27	10	18
165100	0	0	0	1
165140	81	63	14	61
165186	19	4	8	11
1652	1	0	1	0
165215	178	25	13	82
165257	0	0	0	0
1653	6505	5205	3382	8308
165324	1071	978	460	1662
1654	16177	6915	10693	14997
1655	29765	31893	17561	22934
165530	51	13	0	2
165545	42	38	699	290
1656	6243	5512	3520	6414
165631	225	89	197	46
165679	49	3	39	13
1657	1329	1127	902	998
165721	0	0	0	0
165829	14	6	4	8
1659	3865	2543	2348	3536
165904	12	9	21	10
165918	801	868	666	1276
166	10452	7581	8734	7088
1660	9084	5921	6066	12372
166012	35	6	1	33
1661	2	0	1	5
1662	1953	1855	958	3051
1663	1675	1947	1589	2700
166336	277	220	297	120
166348	462	261	9	0
166378	402	246	332	518
166379	145	113	140	270
1665	8820	3854	4908	8605
1666	3539	4419	3376	4143
166614	146	40	111	89
166647	3308	2407	1972	3026
166655	0	0	0	0
1667	0	0	0	0
166752	6	0	0	0
166785	455	336	419	302
166793	446	260	122	267
1668	1	0	0	0
166815	769	277	315	616
166824	2941	797	1020	693
166863	0	1	0	0
1669	0	0	1	0
166929	1002	1574	1307	673
166968	1750	3544	1368	1160
166979	6	0	0	0
167	0	0	0	0
1670	7093	19	19	3
1671	4568	7	3	2
167127	2	1	0	1
167153	2731	2187	1201	2005
1672	73	372	149	60
167227	1330	1339	783	1184
1673	0	0	1	2
167359	11	14	2	11
1674	1753	373	1284	1361
167410	7	1	1	0
167465	65	10	10	23
1675	351	220	4068	343
167555	48	22	11	10
1676	2498	1093	1423	2874
167681	7	4	7	12
167691	132	54	20	79
1677	714	746	413	689
1678	734	427	366	1334
167826	6	0	0	0
167838	191	12	4	24
168002	120	327	0	34
168090	0	0	0	0
168330	4	0	0	0
168374	718	463	303	691
168391	1	0	0	0
168400	0	0	0	0
168417	0	0	0	0
168433	0	0	0	1
168448	0	0	0	1
168451	930	687	416	850
168455	2137	1424	651	1197
168474	7	2	0	1
168507	61	300	57	88
168537	302	101	45	86
168544	128	42	9	71
168620	116	48	49	164
168667	351	8	13	1
1687	174	19	13	69
168741	0	0	0	0
168850	2104	1369	1109	1831
168975	0	0	0	0
1690	191	62	14	46
169026	0	0	0	0
169044	99	23	1	38
169166	7	0	0	3
169200	297	515	348	1783
169270	226	71	97	54
169355	5	2	5	1
169436	24	41	16	51
169522	4	5	3	9
169611	656	255	228	958
169693	364	980	224	1
169714	1563	2309	734	3362
169792	302	657	58	50
169834	2	19	1	3
169841	234	454	133	264
169966	7	0	0	0
169981	992	836	19	1273
170062	0	0	0	0
170067	0	0	0	0
170082	115	104	35	165
170261	21	8	2	10
170302	11	1	3	3
170370	0	0	0	0
170371	238	65	23	53
170384	359	265	246	690
170392	42	10	5	25
170393	16	39	27	17
170394	1400	2805	1793	1861
170425	288	0	93	324
170463	2193	2617	1247	2256
170482	2	0	0	0
170485	0	2	0	1
170487	0	0	0	0
170503	0	1	0	1
170504	1	10	1	3
170506	2215	1428	1301	2033
170510	0	0	0	0
170511	0	0	0	1
170513	0	0	0	0
170514	1	2	0	1
170516	23	13	2	7
170517	3	0	2	3
170522	0	1	0	0
170523	0	0	0	0
170524	0	0	0	1
170526	1	0	0	1
170527	2	1	0	0
170529	1	2	0	0
170533	5	2	1	2
170535	0	0	0	0
170536	9	3	4	18
170537	8	8	0	5
170539	5	15	2	6
170540	0	0	0	0
170541	5	26	4	12
170542	0	0	0	0
170543	0	0	0	0
170547	0	0	0	2
170548	4	0	0	3
170550	1	3	0	1
170552	0	0	0	0
170554	0	0	0	0
170555	0	0	0	0
170556	1	1	0	0
170559	7	3	2	9
170572	1	3	6	3
170575	175	51	23	54
170589	1	0	0	1
170591	10	0	0	0
170622	3277	8475	2741	4434
170626	5	1	0	0
170627	0	0	0	0
170679	62	584	366	446
170680	27	55	31	39
170685	54	2	0	1
170688	0	0	0	0
170689	371	132	1203	1481
170690	69	10	7	33
170691	140	96	74	110
170692	22	2	7	8
170712	0	0	0	0
170825	3	0	0	0
170850	6	32	3	4
170949	0	0	0	0
170954	1930	1040	551	1404
170958	583	1014	337	581
170959	1004	1221	478	736
170960	787	547	516	751
170961	64	142	88	90
171017	1377	808	627	1136
171019	58	4	0	7
171022	171	249	422	454
171023	4630	4110	1612	6193
171024	3088	394	497	683
171169	116	184	69	73
171176	0	0	0	0
171177	45	170	573	611
171220	173	199	80	173
171221	0	0	0	0
171222	3	14	1	2
171389	53	13	6	11
171391	86	647	111	271
171392	449	222	261	296
171416	0	0	0	0
171418	0	0	0	0
171419	0	0	0	0
171420	0	0	0	0
171421	0	0	0	0
171422	0	0	0	0
171423	206	209	51	54
171424	3	1	0	0
171425	279	549	487	335
171427	7	3	1	9
171482	0	0	0	1
171483	0	0	0	0
171484	0	0	1	1
171523	77	103	38	44
171546	2714	2539	1666	2953
171558	1	2	0	1
171559	22	10	18	16
171560	6	7	1	2
171568	759	395	506	1089
171586	808	1092	1098	882
1716	1589	2347	738	2369
1717	2835	5194	2473	9637
1718	5903	10280	6772	16521
1719	930	399	689	1418
172	777	1021	467	802
1720	0	0	0	0
1723	709	844	488	944
1725	301	479	89	294
1727	7423	3774	4030	4451
1728	3611	3089	4309	8491
1729	8916	9297	7125	10935
173	2	1	0	0
1730	241	2232	1881	2822
1731	344	299	74	58
1733	3	4	1	2
1734	522	50	43	196
1735	56	159	37	726
1736	10255	4490	4118	13460
1737	1557	1213	1343	2931
1738	5037	4645	4392	7296
1739	2892	3212	2291	3858
174	20	4	0	2
1740	43	16	33	56
1741	4302	4886	5278	7975
1742	473	109	139	266
1743	4387	2711	4537	6809
1744	24	13	11	14
1745	27	0	0	6
1746	43	1	2	6
1747	893	57	5	61
1748	102	64	3	37
1749	7	7	49	10
175	772	800	322	523
1750	22	23	72	51
1755	441	2043	13336	469
1756	1069	215	358	796
1757	299	40	7	46
1758	1	0	0	0
1759	530	869	135	656
176	621	154	78	503
1760	2552	872	801	1415
1761	1	0	3	24
1762	1155	963	583	1301
1763	428	296	355	846
1767	31	23	70	79
1768	218	115	81	338
1769	5	5	0	6
177	236	611	149	270
1770	8	29	52	4
1773	1250	1156	320	772
1774	792	620	390	1267
1775	83	73	53	114
1776	208	61	141	5
1777	1818	2836	1562	2504
1778	15709	6028	10041	25081
178	1217	13	1009	759
1780	43	4	15	89
1781	4663	3328	2136	4264
1783	4139	3094	2904	3125
1785	13868	13856	11539	12532
1786	4953	2541	2919	7765
1787	360	151	224	247
1788	3162	1896	558	1785
1789	363	369	121	704
1791	0	0	0	5
1793	4168	3434	1825	2925
1794	576	164	93	79
1795	40	63	6	32
1796	1015	1239	352	1487
1797	609	913	304	661
1798	2124	3965	1649	3960
18	1310	1120	557	247
1800	10787	519	7086	1286
1801	633	509	683	663
1802	1554	897	1025	1694
1803	1347	598	64	640
1804	8	1	1	3
1805	360	5	6	61
1806	255	41	41	48
1807	1	7	0	0
1808	5765	2533	2921	1607
1809	4883	363	994	1055
181	9	2	0	2
1810	2566	1142	1559	1952
1811	184	20880	5405	1191
1812	37	4	11	9
1813	1182	21	16	63
1814	0	0	0	0
1815	32	122	32	52
1816	3	12	0	0
1817	0	0	0	0
1818	0	0	0	0
1819	1132	823	1008	1243
182	4565	9037	2309	5825
1820	2596	1353	595	3421
1821	1401	8	145	38
1822	8210	7763	5737	8223
1823	1	2	1	1
1824	3716	4915	5624	4115
1825	191	14	665	247
1826	3	4	17	1
1827	783	1510	614	1156
1828	41	7	17	35
1829	15820	11644	10577	15493
183	524	240	222	414
1830	39	31	1617	1021
1831	2403	1295	998	1527
1832	24207	22013	20559	13886
1833	1	0	0	3
1834	0	0	0	0
1836	942	4107	6622	6592
1837	206	25	118	77
1838	1052	402	169	829
1839	1284	1840	784	1436
1840	429	406	336	155
1841	1493	1482	855	2696
1842	161	37	25	84
1843	3085	3793	648	2050
1844	377	643	300	1654
1845	2985	3949	2174	4127
1846	1647	70	2863	246
1847	377	848	443	1427
1848	3424	6779	4917	3911
1849	601	682	673	1684
185	19	5	0	3
1850	1460	3719	1212	2310
1852	29	46	3	23
1854	2848	1417	1058	2359
1855	3911	2975	2427	4622
1856	1453	1213	1007	2180
1857	5094	5930	3097	6636
1859	2894	3336	1820	2603
186	0	0	0	0
1861	2250	2188	874	1936
1869	946	1184	490	2793
187	1099	241	112	623
1870	418	282	427	874
1871	1548	1529	782	2187
1872	3	0	0	0
1874	4340	6807	2147	5424
1875	736	511	541	1256
1876	638	588	233	926
1877	1504	2586	835	1680
1879	107	40	15	104
1880	210	95	49	55
1889	8641	4796	2799	6382
189	43	12	4	13
1890	701	962	251	665
1891	2937	5958	3307	4367
1892	5219	9132	9519	10468
1893	5854	1278	2333	2404
1894	1890	1972	2365	7096
1896	120	25	7	147
19	1777	552	647	316
190	9	0	0	0
1901	538	139	89	253
1902	303	457	98	31
1903	633	114	45	343
1906	360	1535	132	554
1907	38	2	16	5
1908	170	93	74	86
1909	767	85	153	240
191	17961	11522	6585	28881
1910	808	242	167	168
1911	492	239	117	213
1912	6565	3419	2682	5204
1915	265362	179632	129265	344638
191585	24	71	44	33
1917	37	27	14	8
192111	3594	2857	3289	5321
192127	0	0	0	0
192128	1	0	0	0
192134	845	21	502	29
192146	24	12	11	20
192217	10	3	1	3
192286	2043	4699	1772	2982
192666	1	0	0	0
192668	129	173	5	61
192669	1073	446	528	770
192670	1480	1191	653	855
192683	1804	2550	229	590
1932	5	2	1	2
1933	22807	19695	11989	45501
1934	9	15	1	5
1936	5002	4231	2896	8352
193629	2	1	2	0
1937	0	0	0	0
1938	182703	110016	111079	238689
1939	2417	3083	2168	2627
1942	4140	9862	1330	6528
1943	97	1180	771	811
1944	213	2324	604	1373
1945	1002	1359	522	1712
1946	533	109	194	7
1947	6854	9813	4894	9918
1948	2177	4147	2975	2032
1949	76	20	7	37
1950	20	311	89	358
1951	2767	3445	1958	2037
1952	748	900	235	1148
1953	926	3147	2035	1346
1954	3055	2573	1730	2658
1955	878	742	297	634
1956	3327	3338	2152	2582
1958	13732	11450	1335	8601
195814	78	1484	1345	136
195827	369	484	151	125
195828	393	381	286	719
1959	260	77	16	140
195977	1	0	0	0
196	1876	2233	867	1610
1960	149	210	445	389
196047	132	1	0	4
196051	32	6	4	51
196074	532	592	458	664
1961	7	22	12	13
196120	0	0	0	0
1962	657	1030	983	751
196264	867	1224	388	1157
196294	185	266	140	323
196335	3	3	0	0
196374	4	0	3	1
196383	762	449	216	429
196385	285	22	136	15
196394	106	57	40	109
1964	6007	3255	2068	6421
196403	1228	510	130	587
196410	999	2113	818	1116
196415	1	0	0	0
196441	2640	3631	2027	3157
196446	25	0	16	0
196463	3594	4446	1825	1887
196472	0	0	0	0
196475	1	0	0	0
196477	0	0	0	0
196483	292	348	179	545
1965	2676	1430	2185	4643
196500	48	15	7	14
196513	1276	746	577	645
196527	4103	675	2208	3645
196528	1875	996	1018	1328
196541	0	0	1	0
196549	0	0	0	0
1967	2443	2826	1851	2289
196740	653	95	37	217
196743	7	38	7	12
196792	199	241	96	241
1968	16302	11425	9140	28135
196872	22	16	10	102
196883	653	399	437	544
1969	3008	4690	4864	7835
196951	220	56	40	68
196968	6	0	1	7
196993	2	4	4	38
196996	712	127	142	146
197	1	19	7	3
197021	14	7	13	11
197131	1360	617	897	895
197135	75	49	16	46
197187	102	152	23	119
197196	2	0	1	2
197257	48	1401	421	142
197258	2186	4174	983	1625
197259	1397	2076	907	1441
1973	233	175	257	246
197320	242	299	148	230
197322	1636	2704	993	1456
197331	18	1	1	5
197335	2817	1950	1380	4595
197342	1317	1210	667	1262
197350	9	17	13	21
197358	230	110	79	67
197370	2439	2177	1173	2813
1974	16029	15614	10829	23894
197407	759	875	477	1102
1975	24393	11682	10346	24727
1977	1622	765	1048	1838
1978	2075	994	1631	2066
1979	8622	11987	6064	9149
1980	86	33	11	13
1981	23005	13498	14984	29137
1982	41461	28160	21295	32831
1983	9271	6311	4694	14305
1984	8468	10580	15328	15426
198437	1	0	0	0
1986	0	1	4	2
1987	1	0	1	0
199	446	118	61	190
1990	3	0	0	0
1991	13	0	0	2
1992	8954	5091	11281	14747
199221	86	19	12	50
199223	298	303	160	221
1993	8	17	12	3
1994	4292	4517	2752	5806
1995	5	4	3	1
1996	28	4	1	1
199675	3	1	0	23
199692	1173	857	394	698
199699	3	10	7	11
1997	5796	4697	2532	2673
199704	325	320	137	200
199713	3	3	2	0
199720	15	10	8	19
199731	546	1234	59	696
199745	271	269	112	250
199746	126	90	69	83
199777	63	327	9	14
199786	140	38	3	4
1998	1273	834	677	1124
199800	32	75	132	27
199834	0	0	0	0
199857	660	352	527	653
199870	439	626	390	415
199882	1	0	0	0
199899	2	0	0	0
1999	16550	30646	15090	21579
199900	0	0	0	0
199920	7	9	0	4
199953	1208	813	687	2040
199964	19	62	41	14
199974	27	0	2	0
199990	1265	1114	744	864
2	32122	2790	1761	5086
20	1510	6572	2306	7016
2000	4836	2657	2037	5603
200008	0	0	0	0
200010	516	40	31	8
200014	2260	2134	1023	1271
200025	0	0	0	5
200030	383	417	144	291
200035	79	92	46	107
200081	4578	2603	2251	3434
2001	215	2	1427	45
200132	30	5	1	11
200149	0	0	0	0
200150	2	0	0	0
200159	5	13	4	0
200162	73	5	3	13
200172	29	21	22	45
200185	211	474	170	369
200186	2126	3490	1216	2303
200197	352	222	255	251
2002	1735	2162	1197	4068
200205	504	316	596	776
200232	3	3	1	2
200261	1	0	0	1
200298	15	8	1	5
2003	1	0	0	0
200312	583	448	245	525
200315	11	2	2	19
200316	298	105	46	180
200350	7	1	5	0
200373	5	2	1	1
2004	1750	764	464	945
200403	42	48	30	20
200407	11	0	3	66
200420	29	15	4	3
200424	2529	2182	1086	3186
2005	1617	2685	1598	2297
200504	0	3	0	0
200523	0	0	0	0
200539	68	169	27	69
200558	404	267	81	332
200575	0	0	0	0
200576	1639	1481	703	1837
2006	3533	980	1135	1644
200634	2864	4197	1759	5051
200726	0	0	0	0
200728	181	71	55	156
200734	2978	2468	1205	3485
200765	339	601	121	413
200772	5	16	641	122
200810	110	180	65	70
200844	80	363	128	587
200845	293	695	147	574
200879	1376	4665	3320	3298
200894	249	172	113	444
200895	439	417	207	383
2009	426	44	45	507
200909	0	0	0	0
200916	3029	2986	2956	3829
200931	129	220	96	168
200933	1021	1614	837	2466
200942	400	332	32	191
200958	1538	10342	3229	3648
200959	0	0	0	0
2010	3502	4160	1882	8279
2011	4626	5435	3012	5143
201134	414	351	188	392
201140	1	0	0	0
201158	81	76	76	79
201161	1042	929	859	2215
201163	863	1282	603	771
201164	121	234	91	332
201176	5588	12938	4335	7259
201181	158	413	69	231
201191	122	65	15	75
2012	2772	2432	12900	5219
201229	250	189	81	153
201232	323	290	292	609
201243	0	0	0	0
201254	2184	2901	1622	2593
201255	1485	3481	873	2339
201259	2	0	0	0
201266	4433	4715	2159	4281
201283	555	772	103	298
201288	0	1	0	0
201292	1820	2355	1195	3332
201294	522	5940	2308	1326
201299	49	76	25	93
2013	2595	4835	5080	4538
201305	173	74	152	128
2014	800	250	120	506
201456	10	1	1	10
201475	524	355	234	545
201477	1	0	0	1
2015	29	4	8	29
201501	449	1618	1955	286
201514	330	441	360	675
201516	5	2	0	0
201562	2122	3815	2958	4245
201595	31413	8222	7081	10169
2016	3	57	37	13
201617	13	40	4	13
201625	95	7	5	5
201626	1718	1315	1312	1713
201627	1047	1011	630	964
201633	258	62	23	18
201651	96	72	16	48
2017	12648	21312	8954	18883
201725	564	204	217	703
201780	15	4	4	7
201798	62	39	21	96
201799	490	242	220	415
2018	15	0	1	1
201853	3	1	1	1
201895	3724	1872	2521	1122
2019	3	1	0	2
201931	1437	1112	738	1755
201965	371	333	307	516
201973	261	110	76	279
202	9090	3138	3060	4030
2020	236	518	267	374
202018	1164	589	546	915
202020	184	129	55	163
202051	136	181	76	133
202052	577	260	105	404
2021	148	169	102	122
202151	20	10	4	6
2022	3121	1163	494	2785
202227	0	1	0	0
202243	1282	1159	623	680
202299	9	2	2	3
2023	49246	23201	27535	70793
202309	60	17	6	5
202333	93	11	12	9
202374	220	53	2	4
202459	0	0	0	1
2025	0	0	0	0
202500	3	1	3	3
202559	3	0	0	0
2026	951	923	478	3835
202658	0	0	0	0
2027	260	383	186	337
202781	1039	1576	612	1031
202789	2	0	0	0
2028	258	61	35	148
202861	0	0	0	0
202865	0	0	1	11
2029	5588	7404	4414	7112
202915	5747	3319	1541	2198
203	78	181	162	327
2030	5910	3782	1076	5833
203054	1587	1873	1089	1286
203062	1639	1261	825	1256
203068	20438	10248	11779	26440
203069	1837	820	1268	1107
203074	0	0	1	2
203076	76	2	80	2
203100	5	4	0	3
203102	601	82	110	112
203111	200	321	131	99
203190	27	2	0	10
203197	908	600	271	938
203228	479	813	330	956
203238	161	136	114	267
203245	544	557	258	479
203259	705	1300	248	1510
203260	114	154	70	122
203286	1863	4020	1195	4997
2033	4665	2087	2892	3589
203328	261	85	18	428
2034	6179	4566	2593	3463
203413	0	0	0	0
203414	83	142	36	121
203427	1589	2137	993	3403
203430	1	0	0	1
203447	69	2	1	6
203477	6	0	1	2
2035	4536	1615	1249	2177
203510	0	0	0	0
203522	498	1234	384	974
203523	417	278	164	407
203547	2762	1757	1001	4624
203562	0	0	0	2
203569	0	1	1	3
2036	3972	8299	2857	3747
203611	0	0	0	0
2037	14409	6535	7798	10571
2038	0	0	0	0
203859	52	276	13	5
2039	3905	1911	3028	2653
204	4913	4825	4176	5524
2040	4138	1390	338	3453
204010	13	15	3	11
2041	2051	2682	1744	3116
2042	155	24	12	56
204219	2	3	1	10
2043	407	83	320	246
2044	3	0	2	1
204474	0	0	0	0
2045	152	26	8	26
2046	3	0	0	0
2047	1272	66	9	77
204777	0	0	0	0
2048	19644	5476	9403	10334
204800	3	2	1	0
204801	39	14	3	14
204851	3412	1601	2375	2160
2049	17244	4368	3995	22259
204962	163	1	0	4
205	1267	1128	461	3503
2050	13642	6501	3769	12273
2051	222	106	11	177
205147	37	1	0	0
2052	3121	3117	2543	1666
205251	427	1147	327	542
205272	0	0	0	0
2053	3150	2418	4012	2254
205327	1041	617	511	1165
2054	606	616	322	778
205428	674	881	603	1062
2055	790	909	904	635
205564	1337	1959	1138	2713
2056	2	3	0	8
205655	0	0	0	0
2057	414	659	70	176
205717	1052	1010	862	1691
2058	7319	5018	5593	10308
205860	0	0	0	0
2059	13021	1900	2988	3950
206	5	5	4	47
2060	2417	1769	1586	1740
2063	1990	4126	2221	3697
206338	8	1	2	4
206358	1338	1494	640	1090
2064	15241	16787	11329	11600
206412	39	33	31	68
206426	3	1	1	1
2065	17643	32384	13272	15621
2066	1	0	1	3
2067	1839	1949	1181	1963
2068	924	918	833	1532
2069	3260	35	502	3453
207	5614	3182	2609	9419
2070	12	1	1	5
207032	5	0	0	8
207063	2486	2131	576	1144
2071	2670	2355	1117	3294
207107	4	1	0	3
207147	0	0	0	0
2072	320	163	135	379
2073	122	172	148	123
2074	733	625	515	993
2077	2525	3418	2082	2617
2078	304	76	57	179
2079	3070	2070	1959	4297
208	5656	6465	4080	5791
2081	2487	1921	686	1691
2086	302	468	266	451
2091	9608	9049	5743	15496
2098	5036	7344	3344	6154
2099	57	8	5	20
21	394	552	300	298
210	2310	4162	1600	1711
2100	30	20	40	12
2101	4955	5993	2869	9480
2103	12	1	0	3
2104	125	156	27	5
2107	6803	4601	3391	6336
2108	6079	2715	5164	4367
2109	1148	1351	832	1026
211	2488	3408	4156	4303
2110	559	385	714	764
2113	2196	1042	1159	1282
2114	35942	24381	14665	33280
2115	616	50	122	97
2116	55	100	68	139
2117	1525	1464	1101	1898
2118	3672	7725	2956	7827
2119	740	147	128	560
212	4	8	3	22
2120	2930	2106	2327	2075
2121	370	29	30	86
2122	3955	6504	3628	3714
2123	79	31	15	18
2124	286	224	80	96
2125	5631	15319	7550	7447
2128	159	1	22	39
213	7	1775	1	2
2130	13674	10258	7302	12759
2131	2254	2073	2804	2218
2132	4429	5439	2049	6720
2134	9	3	0	6
2135	611	435	345	601
2137	4086	884	1754	2005
2138	46	1	8	5
2139	359	25	35	11
214	3324	2655	2513	2253
2140	1465	874	976	1557
2145	2155	2456	1291	1468
2146	1950	1328	876	2634
2147	9	53	0	8
2149	1987	370	270	787
215	1430	976	496	1364
2150	3744	6579	3139	4402
2151	620	62	70	176
2152	2368	619	1789	1746
2153	606	42	10	189
2155	20	5	1	10
2157	352	88	47	114
2158	0	0	0	0
2159	342	209	5	53
216	3082	161	1803	985
2160	6	1	1	0
2161	479	578	499	1018
2162	605	5	36	81
2165	0	1	0	0
2166	3654	1830	1811	1956
2167	59	4	2	9
2168	13586	53475	19914	103937
2169	783	171	100	47
217	12477	10873	13255	6961
2170	75	1765	55	127
2171	631	719	1117	2193
2172	1056	1297	567	776
2173	1	1	0	0
2175	801	578	416	1325
2176	1023	1051	490	1289
2177	694	797	701	1241
2178	399	558	213	685
218	291	5397	867	143
2180	1166	1132	1766	3900
2181	4179	4984	1830	7252
2182	3088	1367	1206	3806
2184	1247	684	411	1031
2185	2129	2972	2522	1524
2186	4097	3082	2461	3369
2187	70	39	46	343
2188	1317	1285	555	1272
2189	36	89	25	161
219	9378	10404	5572	16165
2191	218	32	8	109
2192	9234	874	228	1584
219285	751	550	300	181
219287	0	0	0	0
219293	210	16	43	18
2193	4174	3908	3187	5832
219333	2319	4123	2245	3312
219347	28	7	7	83
219348	97	97	105	38
2194	17133	16689	14901	30313
219402	1445	3088	1426	1611
219409	11	1	0	1
219417	0	0	0	0
219428	0	0	0	0
219429	0	0	0	0
219431	0	0	0	0
219432	0	0	0	2
219436	0	0	0	0
219437	0	0	0	0
219438	0	0	0	0
219445	0	0	0	0
219447	0	0	0	0
219453	0	0	0	0
219464	0	0	0	0
219469	0	0	0	0
219473	0	0	0	0
219477	0	0	0	0
219479	0	0	0	0
219482	0	0	0	0
219484	0	0	0	0
219487	4	7	0	4
219493	0	0	0	0
2195	19160	6043	10145	22390
219525	1	0	0	0
219527	32	4	3	8
219537	4	13	2	5
219539	23	8	4	17
219541	449	554	240	822
219557	0	0	0	1
219578	0	0	0	0
219595	3	0	1	2
2196	59	31	11	15
219621	18	2	4	17
219623	83	13	6	38
219654	1191	94	66	519
219670	16	8	22	19
219681	19	31	28	3
219699	1900	1153	3987	1317
2197	9919	14266	6806	15603
219731	8	15	4	11
219736	244	206	7	532
219738	471	660	206	642
219743	1527	2676	1379	4270
219749	389	239	121	182
219752	0	0	0	0
219770	2	1	0	0
219771	2887	3826	2382	4558
219790	308	201	239	771
219793	0	2	0	2
219833	87	16	26	178
219844	170	436	231	373
219854	644	684	349	864
219855	203	724	61	161
219858	0	0	0	0
219865	0	0	0	0
219869	0	0	0	0
219870	0	0	0	0
219873	0	0	0	0
219874	1	0	0	1
219875	0	0	0	0
219899	531	280	28	457
2199	957	142	66	310
219902	290	60	33	131
219927	1622	1904	1282	2097
219931	421	432	304	564
219938	0	0	0	0
219952	0	0	0	0
219954	0	0	0	0
219956	1	0	0	0
219957	0	0	0	0
219958	0	0	0	0
219959	0	0	0	0
219960	0	1	0	1
219965	0	0	0	0
219968	1	0	0	0
219970	9	2	1	2
219972	1239	162	185	233
219981	0	0	0	0
219982	0	0	0	0
219983	0	0	0	0
219986	0	0	0	0
219988	2775	3574	1646	4277
219990	0	0	0	0
219995	1	60	19	14
22	1158	1058	801	2072
220	778	116	106	119
2200	3530	446	502	1556
220001	39	16	8	87
220002	1245	1356	605	1330
220004	99	203	106	71
220032	6	9	3	4
220042	219	198	265	991
220047	4	1	0	2
220064	974	1800	776	1591
220070	0	1	0	3
220074	7	5	2	5
220081	15	27	7	8
220082	87	16	4	18
2201	657	86	81	212
220107	10	4	1	10
220108	60	22	7	67
220112	9	47	12	20
220115	17	2	0	4
220134	273	181	208	503
220136	58	24	21	23
220147	0	0	0	0
220158	0	0	0	0
220164	51	10	5	29
2202	1770	233	153	496
220202	13	18	15	9
220213	820	854	429	499
220296	1	1	0	1
2203	867	1606	494	1577
220323	2787	5670	2091	3634
220359	22	62	14	73
220382	51	9	1	0
220388	54	13	3	9
2204	4	0	0	5
220416	5	1	1	1
220429	2	2	0	0
220433	28	32	17	22
220441	176	64	61	131
2205	67	25	6	0
220594	0	0	1	0
2206	274	2	5	2
2207	443	104	57	234
220717	540	522	111	255
220729	603	2071	734	1472
220786	2	3	0	1
220793	17	16	2	8
2208	68	40	0	2
220832	2	3	1	2
220869	372	195	218	217
220885	13	10	5	13
2209	20	7	2	20
220906	1247	2276	944	1122
220929	340	635	285	384
220930	178	156	43	150
220963	729	1414	1595	821
220965	105	13	4	38
220972	1696	2900	2136	1686
220974	1	1	0	0
220979	78	44	32	47
220980	12	9	6	11
220988	16425	14071	7127	17189
220992	341	478	157	321
221	1496	6231	2006	2146
2210	7	1	0	8
221002	25	734	1	50
221017	2	0	2	1
221035	2139	1613	1536	873
221037	3800	2732	1895	2235
221044	0	0	0	0
221060	13	18	11	10
221061	3445	3198	1699	3148
221074	0	0	0	0
221078	595	626	448	693
221079	1417	1388	1514	2172
221091	296	38	18	52
221092	2798	4463	1608	3087
221120	843	790	430	1493
221122	0	2	0	3
221143	362	315	195	312
221150	605	578	700	1906
221154	1984	2995	2471	2362
221178	3318	4156	2357	2379
221180	1	0	0	0
221184	2124	3075	1466	1825
221188	848	89	42	695
221191	1	0	0	0
2212	381	412	65	451
221223	2	2	1	0
221241	0	0	0	1
221262	1025	225	309	436
221264	253	617	198	372
221294	1896	1424	1092	3205
2213	79	28	12	32
221301	0	0	0	0
221302	481	523	300	730
221303	25	10	4	16
221322	211	111	97	224
221336	18	1	2	6
221357	0	0	0	0
221391	0	0	0	1
221393	444	317	135	704
221395	624	198	151	482
2214	593	43	9	363
221400	139	101	29	26
221409	1	0	0	0
221416	1804	757	687	6487
221421	20	25	12	28
221424	9	61	52	85
221438	0	0	0	0
221442	249	212	169	127
221443	1440	989	622	1322
221458	16	4	1	30
221468	8	4	5	7
221472	324	70	72	153
221476	52	0	3	3
221477	4445	4562	2450	4686
221481	13	6	3	10
221491	844	1175	286	685
221496	2795	3969	1786	3587
2215	27	10	4	57
221504	784	757	431	866
221527	382	417	194	629
221545	1077	2654	1389	1736
221547	13	13	2	7
221584	48	13	51	99
2216	0	0	0	0
221613	0	0	0	0
221656	1658	1697	1110	2495
221662	26	197	4	16
221687	105	1	1	3
221692	104	35	20	33
2217	7908	7773	1986	4241
221710	544	377	349	956
221711	8	32	4	7
221717	1	0	0	1
221718	0	4	0	2
221749	622	742	123	205
221756	134	100	156	110
221785	1351	1006	513	1164
221786	522	329	146	388
2218	1327	1204	766	1678
221806	335	223	46	31
221823	0	0	0	0
221830	1512	1337	821	1830
221833	45	2	107	13
221838	2090	395	106	283
221883	68	53	262	439
221895	369	249	54	100
2219	95	8	4	17
221908	541	834	297	661
221914	193	355	55	266
221927	5067	7213	2344	5278
221935	292	40	35	74
221937	2747	4740	1790	6957
221938	0	0	0	1
221955	1301	2187	676	1516
221960	269	232	196	519
221981	130	21	14	19
222	22	68	205	352
2220	1	0	0	3
222005	3	1	2	2
222008	7	0	20	1
222052	2	0	0	0
222068	7271	8210	3416	7470
222166	1288	2425	692	1332
222171	7955	8825	4115	5986
222183	169	232	5	49
222194	1689	1258	633	1541
2222	9943	6427	9135	12624
222223	1567	16	25	679
222229	1354	846	680	2039
222234	289	243	168	374
222235	40	25	23	70
222236	1757	1407	715	1259
222255	718	496	332	557
222256	93	281	116	329
222389	1309	1479	479	1178
2224	1896	2215	1368	3467
222484	1866	2178	1318	1422
222487	52	1	19	88
222537	26	1	3	10
222545	81	0	1	4
222546	51	0	3	2
222553	48	8	8	26
222584	630	573	426	599
222611	4	3	4	10
222642	8	12	3	13
222643	687	793	77	507
222658	2842	2596	1620	3387
222659	1	0	0	0
222662	262	158	140	288
222663	239	21	16	329
222696	7	8	2	3
222698	3	1	1	4
222699	34	2	0	8
2227	1	0	0	0
222701	0	0	0	0
2228	0	0	1	0
222826	6	7	9	4
222865	45	4	1	4
222894	2	0	0	0
2229	1	1	0	0
222901	15	18	0	9
222950	46	35	9	37
222962	564	84	23	57
222967	7	8	3	4
223	2001	2584	1423	3280
2230	926	1545	778	1533
223075	7	6	6	138
223082	776	1128	661	871
2231	1	2	1	0
223117	38	2	13	4
2232	1472	1538	1363	1585
2235	408	272	374	510
2236	0	0	0	0
2237	1562	1728	1145	3369
2239	7602	3715	2318	7098
224	6533	22359	3974	2300
2241	1897	539	313	375
2242	662	273	65	157
2243	34	226	0	24
2244	43	170	1	5
2245	91	109	50	619
2246	68	12	14	17
2247	183	20	56	445
2248	22	0	2	1
2249	8	1	1	12
225	32	5	5	5
2250	2	0	1	6
2251	0	0	0	0
2252	401	22	26	38
2253	4	5	1	20
2254	50	3	49	4
2255	63	5	7	21
2256	5	1	6	4
225689	270	499	714	801
2257	25	3	2	7
2258	293	71	11	27
2259	16	1	0	4
226	591	745	524	919
2260	2572	198	137	520
2261	2384	2153	862	585
2262	12	4	1	3
2263	393	395	618	485
2264	6296	10239	2405	6985
2266	0	126	0	1
2267	4	32	0	0
2268	247	71	28	175
2271	2720	3437	2214	4332
2272	424	404	476	360
2273	1854	242	425	392
2274	9847	4952	4533	6208
2275	917	450	57	1191
2277	22	6	1	5
22794	6662	3938	2834	4915
22795	427	147	88	467
22796	1493	1097	1034	1458
22797	72	20	4	13
22798	27	2	2	1
228	0	3	0	0
2280	6358	5415	3766	6207
22800	534	1022	375	1401
22801	1779	203	124	513
22802	3	26	1690	179
22803	7365	3888	2217	6961
22806	543	171	102	66
22807	254	225	204	41
22808	287	59	48	130
22809	1171	875	806	1409
2281	21	217	32	41
22813	4	1	0	5
22814	1	1	4	4
22815	0	0	0	0
22816	0	0	0	0
22818	7862	9171	6355	9123
2282	0	0	0	1
22820	8651	12139	7472	10647
22821	1034	2773	475	437
22822	19660	1196	2662	3499
22823	1131	617	621	799
22824	668	118	987	570
22826	2834	2708	1886	3245
22827	7114	6221	5822	10204
22828	1776	1379	944	1696
22829	0	16	0	41
2283	0	0	0	0
22832	412	602	279	536
22834	1659	1640	891	1754
22835	590	481	213	227
22836	7800	929	2798	3128
22837	2058	1210	618	1199
22838	7948	8022	3119	4713
22839	5289	4535	1818	3894
2284	1	0	0	0
22841	919	452	339	977
22843	15	11	3	10
22844	511	14	15	30
22845	688	1247	475	1089
22846	747	146	87	358
22847	1587	1375	758	1493
22848	1710	1173	646	2016
22849	188	280	246	157
2285	0	0	0	0
22850	1218	818	719	1386
22852	439	298	319	938
22853	4200	2504	2101	4282
22854	8	2	0	0
22856	1400	398	497	1390
22858	1494	1443	954	1490
22859	1198	1929	2411	3147
2286	25	28	3	25
22861	527	161	133	152
22862	5865	2920	2125	1847
22863	1142	919	718	1160
22864	2126	2079	1278	1734
22865	3	0	0	0
22866	34	1	10	1
22868	2596	1823	1159	2353
22869	623	454	275	456
2287	1299	945	724	1962
22870	5042	4524	4324	6217
22871	5	3	0	1
22872	7771	3563	3492	4771
22873	274	48	25	111
22874	6615	10633	6748	7667
22875	1295	1377	1025	1428
22876	751	1111	621	1417
22877	16378	18343	11828	16492
22878	1278	1059	726	1397
22879	2552	2079	1524	2235
2288	8344	7059	5704	7137
22880	3032	2588	1527	3820
22881	84	291	23	41
22882	2084	523	584	639
22883	14065	9321	10127	11050
22884	1023	1124	619	855
22885	453	377	186	441
22887	3747	1385	1483	2072
22888	978	600	317	596
22889	3189	6171	1800	3598
2289	2726	623	830	1501
22890	1768	842	913	1258
22891	10	0	0	72
22893	1268	1259	1125	1522
22894	2149	2473	2120	2492
22895	3	3	2	1
22897	1907	1710	903	3104
22898	1141	2137	1635	1375
22899	377	114	50	179
229	1148	5256	237	116
2290	1	0	48	0
22900	1190	820	745	1037
22901	245	642	141	172
22902	2033	1330	751	1223
22903	2053	1914	971	1153
22904	3719	2701	2591	3608
22905	710	1701	491	621
22906	3855	7132	4562	3949
22907	4760	4947	2924	5045
22908	1814	2189	1382	1719
22909	2044	646	1037	1192
22911	499	176	291	423
22913	12872	15668	5178	12377
22914	12	10	8	1
22915	134	12	17	2
22916	4453	6892	2821	8436
22917	13	2	2	3
22918	2165	488	347	1118
22919	6804	6831	2472	11983
22920	1327	1307	694	1122
22921	1638	1726	1342	1308
22924	910	2257	1931	1797
22925	947	1500	502	375
22926	2836	2284	1725	3005
22927	712	567	153	408
22928	5903	7684	2467	5896
22929	3030	2480	1729	3808
22930	3509	2812	1608	3186
22931	2319	2607	1800	2721
22932	333	138	95	173
22933	1885	2524	1486	1904
22934	3337	3921	1421	5445
22936	1230	624	878	533
22937	5740	7412	3957	4852
22938	2292	1387	1159	2832
2294	1388	274	120	595
22941	1338	1352	348	1132
22943	27	11	4	433
22944	586	716	504	900
22945	0	0	0	0
22947	0	0	0	0
22948	10697	7151	5432	14135
22949	1578	1414	542	1314
2295	512	77	58	235
22950	1329	980	635	1802
22952	1	0	0	1
22953	4	4	0	0
22954	847	752	470	983
22955	1834	1643	975	1611
2296	153	43	86	659
2297	21	3	0	76
22970	45	38	13	30
22971	999	652	261	520
22973	19	53	47	62
22974	3931	2715	2640	10291
22976	1142	537	540	1397
22977	1033	554	535	78
22978	1292	1399	1416	1705
22979	156	85	18	201
2298	10	5	8	6
22980	4876	4742	2643	3732
22981	218	3085	13	98
22982	1221	913	81	561
22983	26	80	51	61
22984	4529	3538	3242	7306
22985	10055	5711	5125	8487
22986	4	0	0	0
22987	743	71	3	7
22989	33	37	40	103
2299	12	1	15	95
22990	1968	852	774	2393
22992	5426	5463	2925	5774
22993	4021	2731	1542	3742
22994	1018	1589	375	1252
22995	518	386	313	523
22996	3168	2680	971	1149
22997	341	441	109	1128
22998	1211	220	274	138
22999	14	1	5	5
23	4743	3822	2460	5642
230	427	908	429	3029
2300	609	125	52	400
23001	2122	696	843	1454
23002	1383	598	924	1337
23005	549	364	288	705
23007	863	674	560	1056
23008	3699	2609	1912	3744
2301	5	2	0	0
23011	2769	2904	1977	3439
23012	5309	1831	2121	2002
23013	4613	2428	3031	4951
23014	3274	1705	1499	2571
23015	3081	1900	269	330
23016	1457	2012	966	1754
23017	983	194	634	806
23019	9885	4669	5347	10199
2302	3	780	425	5
23020	20316	10509	6803	22826
23022	4549	2009	2480	1929
23023	1847	1221	824	2328
23024	2022	292	74	465
23025	43	18	23	24
23026	11	27	4	7
23028	7481	2531	3648	5151
23029	31	55	29	40
2303	22	7	0	7
23030	2485	2252	1628	2636
23031	1226	1978	338	1314
23032	2214	1453	1469	1701
23033	1409	1277	869	1153
23034	579	444	676	625
23035	956	828	551	860
23036	2024	1695	729	2008
23037	799	123	77	208
23038	4374	3662	2782	2650
23039	4489	1695	3388	3713
2304	1	0	0	1
23040	4	0	0	1
23041	1577	1847	1305	1651
23042	8168	9429	5305	7655
23043	2419	2017	2476	1831
23046	2022	2881	1895	2611
23047	1920	1289	1110	1652
23048	1702	1753	493	1880
23049	5649	5651	3273	7029
2305	1574	845	1288	3171
23051	1405	1710	752	1939
23052	1428	2918	1972	2836
23053	1993	2255	1134	1631
23054	5037	4711	1909	5611
23057	24	15	51	9
23059	790	658	353	784
2306	407	1186	97	651
23060	3360	815	1122	2011
23061	9631	8225	4302	7637
23062	3236	4143	1357	4243
23063	3028	2521	2004	3551
23064	3388	3114	1936	3754
23065	2663	1686	1810	3526
23066	102	18	12	34
23067	3633	3003	1888	2981
2307	203	49	3	116
23070	3008	2912	1161	2949
23071	3705	6278	2341	3985
23072	89	8	21	41
23074	520	456	454	805
23075	1614	1606	1069	1890
23076	2676	2091	2395	4700
23077	2469	1428	1505	1818
23078	1709	1756	1764	1714
2308	431	1350	678	549
23080	6721	6592	2937	6018
23081	1534	2181	1103	2443
23082	4058	3783	3341	5951
23085	2375	1468	1513	2099
23086	1110	2058	1979	961
23087	1146	780	995	1236
23089	66	40	17	203
2309	5857	3236	1069	3730
23090	425	243	8	131
23091	4687	2940	2678	3407
23092	2814	3381	2778	3248
23093	1142	562	749	1376
23094	5236	4644	2983	2988
23095	3257	2024	1929	2543
23096	1182	1524	848	1829
23097	1099	1311	692	1214
23098	464	392	309	374
23099	773	1151	596	1124
231	756	173	76	249
2310	149	38	60	107
23101	45	19	20	36
23102	3410	1181	1041	1753
23105	240	4	33	7
23107	4530	3168	2559	4578
23108	2352	2127	3359	2203
23109	104	30	56	295
2311	0	0	0	0
23111	472	79	38	135
23112	1624	1025	1110	1355
23113	1995	2342	900	1496
23114	1934	288	271	623
23116	755	310	246	898
23117	72	247	27	86
23118	2911	2734	1396	2850
23119	484	494	312	765
2312	27	2	3	5
23120	14030	17962	8607	10733
23122	1795	1401	1254	1834
23125	1439	1148	2055	1298
23126	3401	3758	1648	3062
23127	54	4	7	9
23129	2224	2112	3278	2005
2313	470	117	53	123
23130	2532	2727	1266	2811
23131	3534	2179	1924	3519
23132	1634	1521	910	1621
23133	2732	2150	1531	4329
23135	2794	2306	3089	2754
23136	1312	101	92	498
23137	2467	1950	1530	1488
23138	338	960	118	265
23139	4849	2965	3823	4435
2314	5548	5655	5676	5989
23140	3107	2782	4332	2741
23141	4192	4003	2646	3308
23142	1221	915	698	1191
23143	1648	1888	1022	1788
23144	1656	2129	1529	2173
23145	51	14	9	158
23148	126	79	2	67
23149	835	1748	575	1098
2315	107	23	17	34
23150	842	572	713	407
23151	3358	1899	1769	3437
23152	3700	3195	2366	3153
23154	1180	676	743	1369
23155	1176	613	506	963
23157	1239	1726	497	2304
23158	838	186	453	117
2316	36768	4517	8797	25791
23160	4075	2291	1849	6097
23161	2179	2416	1361	2657
23162	4636	8494	2299	4111
23163	3280	4309	1566	3317
23164	5391	4978	5152	6482
23165	4531	1903	2493	6923
23166	2220	444	446	987
23167	2936	1988	2655	3210
23168	1944	1620	1803	2960
23169	5115	2334	2094	2845
2317	12096	23270	18117	15610
23170	6069	2829	3729	5319
23171	1584	3595	2563	2292
23172	802	941	725	1200
23173	2856	1719	2134	3711
23174	2528	3304	1246	2340
23175	3783	1370	750	3025
23176	4300	4346	2038	4090
23177	2803	1122	634	2351
23178	1473	1732	473	1728
23179	1982	119	128	321
2318	1887	184	2236	2175
23180	1575	333	104	633
23181	2450	2662	2180	1803
23184	4156	1838	1496	2540
23185	4668	5340	5075	6644
23186	1988	1437	1926	4512
23187	3678	3048	1014	2171
23189	6828	2743	1542	2497
2319	5804	7847	3791	6053
23190	8539	5738	4010	9058
23191	7471	3174	4869	5184
23192	3522	4760	1707	4098
23193	23894	19975	10017	26021
23194	247	59	25	111
23195	2889	2246	1936	5277
23196	10926	12880	7620	13635
23197	4138	3616	1751	3775
23198	3906	3107	2279	5427
23199	7108	6863	3433	6658
23200	3051	3146	2606	4592
23201	1900	1396	993	2297
23203	2704	4417	2292	4498
23204	5189	12246	7297	14683
23205	19	28	28	14
23207	2790	1363	981	2127
23208	658	87	50	232
23209	4	5	3	11
2321	1578	459	274	1437
23210	1157	2932	999	1860
23211	3563	3253	1526	3069
23212	1836	1589	1837	3239
23213	9505	755	304	2208
23214	5060	5962	2937	7383
23215	9531	5976	5651	10546
23216	3670	1201	885	2412
23217	2	1	0	0
23218	11872	8500	6956	9105
23219	1789	1712	1670	2108
2322	32	14	6	10
23220	3775	7806	2452	4885
23221	1134	491	385	440
23223	3987	3517	2971	4559
23224	6603	2991	5590	4005
23225	5590	1938	320	10423
23228	169	169	136	38
23229	1663	1551	763	1965
2323	10	5	1	7
23230	2773	2133	1505	3094
23231	15513	6294	4493	8325
23232	774	771	629	929
23233	983	890	508	1060
23234	506	555	437	960
23235	3189	2909	1098	2875
23236	1894	548	235	338
23237	18	22	36	63
23239	1200	515	685	764
2324	435	143	34	272
23240	437	202	168	491
23241	4481	3284	2268	6681
23242	1854	2286	1776	2369
23243	1916	2203	1785	1961
23244	7398	2701	3031	6694
23245	153	116	78	195
23246	4847	6162	4712	10463
23247	1255	1519	1083	1498
23248	2709	2398	1337	2671
23250	4024	3051	2295	4132
23251	139	13	77	47
23252	1406	597	839	1225
23253	1063	951	611	990
23254	668	281	347	559
23255	344	23	33	757
23256	1659	1056	1356	2129
23258	1352	1048	371	1652
23259	1666	831	1171	1135
2326	18	6	1	3
23261	1134	1281	891	902
23262	2190	2018	1406	1956
23263	5495	4248	2598	1811
23264	6601	2613	2902	4617
23265	3839	3658	1578	2359
23266	475	91	62	245
23268	4795	5589	2203	4468
23269	2110	1175	1061	2258
2327	20	0	0	7
23270	1221	991	433	866
23271	1284	743	737	1115
23272	2840	3012	1602	2275
23274	1482	2048	1136	1930
23275	1185	1763	711	1135
23276	1041	822	933	1328
23277	6784	7098	9767	10007
23279	2646	1563	1312	3416
2328	118	16	8	17
23281	32	3	20	3
23283	2160	1292	1191	1811
23284	280	29	84	34
23286	2691	2171	951	2262
23287	647	893	549	1291
23288	2715	4716	2349	3830
2329	158	377	70	150
23291	2629	1596	833	1830
23293	847	404	696	811
23294	3183	2476	1491	3644
23295	4630	5045	2390	4044
23299	1364	852	876	1745
2330	452	1145	226	288
23300	2037	2306	1330	2361
23301	1325	570	876	1698
23302	229	317	80	398
23303	5876	2478	5061	3181
23304	2315	2897	1611	2328
23305	676	801	53	371
23306	1068	1203	611	1707
23307	2284	2034	1066	2226
23308	90	129	13	68
23309	2539	3057	1465	2743
2331	2030	1693	346	874
23310	1527	1117	1144	4285
23312	1056	23	490	843
23313	3462	2314	1698	5255
23314	4336	7704	2906	7118
23315	1980	3280	971	2218
23316	1	4	3	0
23317	2028	2667	1842	2981
23318	1612	724	511	1043
2332	3340	2828	1635	3632
23321	6415	7452	5149	11330
23322	535	371	232	564
23324	4058	1645	2009	2192
23325	2885	2037	1741	1604
23326	10656	26228	4225	4928
23327	1693	3396	1563	2265
23328	785	354	481	566
23329	191	192	130	192
23331	845	142	71	179
23332	2785	2024	1040	3010
23333	2601	2020	1419	3405
23334	2190	1298	1080	1558
23335	488	350	312	314
23336	376	73	80	223
23338	3032	2273	1003	2419
23339	2834	2526	1576	2407
2334	35	3	0	14
23341	1463	971	1010	1416
23344	6155	6467	5142	6876
23345	1425	165	175	868
23347	1585	744	787	1229
23348	2692	3541	2748	2674
23349	12	2	1	1
2335	74101	1464	1778	8441
23350	4670	4774	3523	6384
23351	4924	1726	2076	4460
23352	8577	4129	4440	8302
23353	5625	11539	5363	10091
23354	1103	1015	666	1168
23355	1585	2289	1094	2299
23357	2460	1147	1301	3060
23358	3512	2181	2576	3485
23359	54	10	368	28
23360	3693	5420	2501	4293
23361	2853	2300	1066	2368
23362	3464	452	1597	810
23363	604	2997	69	1627
23365	7875	5757	4495	6926
23366	441	473	235	442
23367	19661	11915	8471	19233
23368	2097	1814	1577	3258
23369	7438	8128	3784	9840
23370	2167	2293	1273	2410
23371	2533	719	366	1464
23373	1275	1287	580	1212
23376	2304	2015	1386	1561
23378	1032	1436	556	1334
23379	3011	1668	1156	3628
23380	717	255	315	398
23381	5330	6085	3273	7902
23382	2873	8090	2949	6761
23383	3531	4128	2090	3179
23384	1309	634	506	1171
23385	6279	6076	3065	5026
23386	6989	7860	3289	6133
23387	1812	1622	654	2059
23389	4976	2476	2156	3141
2339	1758	1061	1625	1323
23390	1489	1532	482	859
23392	7002	5241	3895	7124
23394	8100	6315	2663	8456
23395	2561	2274	2121	1682
23396	2506	3450	1513	2427
23397	964	388	661	2752
23398	1656	1737	799	1103
23399	1453	1565	1371	1521
23400	3950	3737	2717	4262
23401	1176	1621	1328	2119
23403	1487	2005	1046	1599
23404	1193	1453	859	2603
23405	2701	1240	2731	2983
23406	4461	4644	2938	6743
23408	1275	1622	826	1855
23409	49	22	18	17
2341	1	0	0	1
23410	829	1712	523	1242
23411	1073	999	749	1433
23412	477	617	358	333
23413	1374	1179	362	2899
23414	74	13	7	18
23415	27	31	17	43
23416	26	10	3	20
23417	1018	1429	739	736
23418	1	0	0	3
2342	224	147	139	407
23420	2345	2978	1363	2419
23421	627	521	434	728
23423	6654	4101	3320	5460
23424	1137	1899	650	1195
23426	372	259	218	39
23428	3855	3544	2524	952
23429	2530	2520	1280	1592
23430	131	7	2	2
23431	687	289	322	501
23432	918	393	192	493
23433	1311	1728	519	886
23434	0	0	0	0
23435	3824	3717	2152	3628
23436	1	0	0	2
23438	2838	2227	1089	1918
23439	1	0	0	0
23440	1	12	1	0
23443	2708	2791	2482	2627
23446	7503	12857	5929	8154
23450	10887	8643	5445	13924
23451	14765	14194	8527	14832
23452	1845	268	264	662
23456	1087	1594	934	1398
23457	329	325	128	457
2346	44	51	6	56
23460	79	5	29	6
23461	2227	2220	1184	663
23462	232	123	55	181
23463	4024	2167	3309	4362
23464	865	579	487	694
23466	2095	234	163	1243
23467	421	13	10	66
23468	5657	1572	3299	6518
23469	3735	3376	1642	3481
23471	7926	5491	4773	8870
23473	1485	1148	684	956
23474	1746	5453	5130	4355
23475	5497	1907	118	1548
23476	5479	5146	3100	6911
23478	4686	2525	2864	3984
23479	3349	3021	1560	2614
2348	404	6	217	40
23480	3020	3962	1753	3230
23481	5655	3252	3102	6116
23483	922	921	513	924
23484	2127	1402	1660	1424
23491	2687	9263	2202	1743
23492	1130	932	447	743
23493	88	25	8	114
23495	31	30	8	1
23498	238	130	31	214
23499	9936	2591	3567	6189
2350	135	23	14	56
23500	415	65	118	180
23503	1467	1191	687	1327
23504	1695	22	52	24
23505	6008	5071	3332	4536
23506	1542	1353	723	1174
23507	848	504	685	902
23508	2070	318	864	312
23509	6965	7820	2230	10632
23510	1572	3073	1074	1737
23511	3311	2303	2303	4955
23512	2517	1536	1338	2423
23513	9094	8631	7736	9374
23514	2237	2170	1917	3114
23515	1180	1515	933	1177
23516	10799	2868	5870	5532
23517	3625	2098	1747	2586
23518	1817	1252	1074	3085
23519	3	0	0	0
2352	1	1	0	2
23520	3	4	0	0
23521	103331	88458	62906	137202
23522	1300	1164	871	1513
23523	3931	2261	2399	3532
23524	36688	49869	22382	35955
23526	2254	2296	1204	2482
23527	1892	1760	1965	2100
23528	674	493	416	652
23529	251	642	177	461
2353	15709	15926	2896	11532
23530	3402	2604	1829	5118
23531	886	741	305	1068
23532	504	59	47	231
23533	211	82	52	88
23534	5299	2860	2776	5668
23536	923	797	412	907
23538	1	7	0	0
23539	35	34	85	31
2354	489	3031	2126	740
23541	272	79	115	317
23542	46	770	23	319
23543	3808	1719	1725	3167
23544	10	5	0	0
23545	1818	1384	1046	1457
23546	33	5	12	10
23547	11	2	1	2
23548	856	589	344	582
23549	6920	7009	2956	8558
2355	6217	6250	5790	6561
23550	5119	5276	3072	4573
23551	153	55	307	266
23552	404	436	170	354
23553	2	27	7	0
23554	2820	4626	1934	1272
23555	3771	6094	4512	7171
23556	742	727	765	954
23557	823	1065	523	938
23558	3856	11284	3063	5104
23559	350	403	162	269
2356	2669	3593	1857	3774
23560	3324	2990	2599	5106
23562	4	7	9	121
23563	26	6	22	60
23564	4841	8082	2136	4486
23566	20	11	11	278
23567	742	434	274	524
23568	30	26	25	28
23569	4	1	1	6
2357	53	6	9	144
23576	6288	3945	4089	4569
2358	6	0	4	9
23580	2852	4461	2417	3477
23581	4	1	1	0
23582	1139	1170	1122	888
23583	1507	1452	676	1318
23584	32	8494	4743	124
23585	4303	3982	3149	3265
23586	747	859	183	636
23587	920	840	1053	1142
23588	1478	1209	855	1057
23589	1523	3278	968	2139
2359	405	26	88	142
23590	646	1112	604	1273
23591	1	0	1	0
23592	1931	1399	1184	1328
23593	3048	6878	3237	2673
23594	390	597	480	1134
23595	1188	1047	548	1504
23596	55	53	68	46
23597	1589	2112	1377	4129
23598	4150	956	1092	2929
236	0	0	0	0
23600	828	274	60	82
23601	44	1	4	18
23603	5662	6036	4428	6361
23604	3150	1188	589	1457
23605	0	0	0	0
23606	1	2	0	0
23607	3962	5280	3869	4089
23608	9103	10656	6040	9284
23609	1494	1474	997	1674
23610	0	0	0	0
23612	1393	868	1301	467
23613	7418	3691	2020	4113
23614	0	0	0	0
23615	30	21	9	6
23616	401	246	495	485
23617	0	0	0	0
23619	0	0	0	0
23620	0	0	0	8
23621	597	702	323	622
23623	1314	3195	1230	2925
23624	2992	3618	2206	3603
23625	123	250	73	122
23626	0	0	0	0
23627	19	0	5	5
23629	0	0	0	0
23630	4	8	0	5
23632	33	87	54	43
23633	2883	1422	2091	2979
23635	385	465	108	33
23636	4066	3437	2373	3524
23637	2448	3840	1767	3622
23639	842	571	800	917
23640	2499	4714	2593	3479
23641	196	46	17	59
23642	2672	4053	1751	5386
23643	91	33	9	29
23644	2434	2399	1238	2396
23645	3144	6834	2038	5278
23646	6321	6603	3708	4149
23647	2943	3636	1607	4095
23648	3967	2632	1571	2012
23649	286	336	167	582
23650	1602	1115	6948	5938
23654	15652	10077	8624	14004
23657	706	465	329	1543
23658	2181	2733	1160	3180
23659	599	1108	357	674
23660	847	481	391	920
23666	25	29	32	145
23667	0	0	0	0
23668	0	1	1	2
23670	10211	9579	5245	3262
23671	2	0	0	0
23673	1646	1372	1224	1424
23676	148	1	60	4
23677	8741	3792	1771	4514
23678	323	449	403	226
23679	0	0	0	0
23682	120	274	4	40
23683	1809	1206	681	806
23704	207	60	35	169
23705	507	104	21	76
23708	1145	1863	1536	1492
23710	1598	868	664	500
23729	121	113	146	217
23731	4532	2491	1891	3697
23732	7	3	1	1
23738	2	3	0	0
23741	5443	1931	1821	2072
23742	0	0	1	0
23743	100	9	9	13
23744	1	1	1	6
23746	0	1	0	0
23749	0	0	0	0
23751	1	0	0	0
23752	0	0	0	0
23753	928	1073	629	909
23754	0	2	0	0
23755	1	0	0	0
23756	0	0	0	0
23757	0	0	0	0
23758	0	0	0	0
23759	2586	1728	1742	1899
23760	3058	2041	2097	3779
23761	1583	1189	852	1629
23762	546	583	368	601
23764	646	1523	759	793
23765	1331	1005	904	1330
23766	0	0	0	0
23767	537	175	163	10
23768	403	50	19	96
23769	90	221	10	93
23770	8178	15110	6495	5106
23772	0	0	0	0
23774	2872	1638	1193	2166
23779	158	86	163	303
23780	1606	916	702	807
23781	0	0	0	0
23782	0	0	0	0
23783	0	0	0	0
23784	0	0	0	0
23786	2272	1403	1484	2058
23787	6383	8886	3860	10596
23788	3988	5552	3533	6618
238	0	1	0	0
239	70	117	78	29
2395	343	344	278	676
24	40	0	34	6
240	833	732	489	178
241	357	54	104	263
24137	1003	499	844	3630
24138	749	549	218	492
24139	3174	5200	3865	3011
24140	1673	1983	1448	3706
24141	21	5	3	9
24142	360	919	310	588
24144	1446	633	760	831
24145	695	601	360	996
24146	731	929	412	1064
24147	327	51	13	909
24148	13103	11005	3006	9918
24149	1885	1684	1223	2708
24150	0	0	0	0
242	5	8	6	16
243	0	2	1	2
2444	1886	1612	1272	1696
245	117	7	155	6
245711	28	24	21	17
245802	0	0	0	0
245806	2	0	0	0
245812	327	271	153	247
245908	0	0	0	0
245909	0	0	0	0
245910	0	0	0	0
245911	0	1	0	0
245912	3	1	0	0
245913	0	0	0	0
245915	0	0	0	0
245927	0	0	0	0
245928	0	0	0	0
245929	0	0	0	0
245930	0	0	0	0
245931	0	0	0	2
245932	0	0	0	0
245934	0	0	0	0
245935	0	0	0	0
245936	0	0	0	0
245937	4	0	0	0
245938	0	0	0	0
245939	0	0	0	0
245940	0	0	0	0
245972	27	4	11	5
245973	715	628	681	694
246	48	223	145	62
246100	0	0	0	0
246119	0	13	0	2
246122	0	0	0	0
246123	0	0	0	0
246126	3	5673	0	51
246135	2	2	0	2
246175	2764	927	951	1708
246176	0	4	6	2
246181	128	192	127	174
246182	17	8	17	22
246184	477	570	155	416
246210	2	4	3	4
246213	0	1	0	0
246243	1250	1345	924	2000
246269	228	99	139	141
246283	0	0	0	0
246285	1	0	0	1
246312	0	0	0	0
246329	201	231	153	76
246330	249	279	58	392
246704	1	1	1	3
246705	0	0	0	0
246714	0	0	0	0
246715	0	1	0	0
246717	0	1	0	0
246719	12	19	4	30
246720	4	1	2	1
246721	12	5	10	21
246723	14	19	20	37
246731	2	0	0	0
246737	61	27	28	53
246744	0	0	0	0
246777	8	2	0	4
246778	3	1	1	5
246784	3	2	0	0
246785	59	29	25	94
247	7	7	17	5
2475	2775	1475	1783	2279
248	27	64	8	47
2483	846	679	545	811
2487	1069	181	231	476
2488	0	0	0	0
249	152	52	28	132
2491	281	145	259	792
2492	0	0	0	0
2494	362	423	52	75
2495	2058	6091	1545	4130
2496	2	1	1	4
2497	15	80	2	31
2498	17	54	6	26
2499	5	15	2	7
25	6230	6440	3045	6717
250	3	3	6	6
2500	34	143	5	37
2501	33	95	5	29
2502	5	4	0	1
2503	9	17	2	9
2504	8	16	0	7
2507	1	11	1	5
2508	26	70	9	18
2509	11	21	1	14
251	0	18	34	91
2510	1	0	0	0
2512	103796	158360	29822	90501
2515	1	0	0	0
2516	1	3	3	2
2517	3672	3509	2253	1978
2518	0	1	0	0
2519	2785	3452	1542	3737
2520	0	8	0	17
2521	14383	16133	6531	14429
2523	358	214	136	916
2524	1556	2264	1272	1990
2525	6932	14904	7007	4473
2526	2370	2355	1478	3329
2527	0	0	0	1
2528	2429	2449	1237	924
252839	4872	3902	4943	4439
252840	0	0	0	0
252841	1	0	0	0
252884	90	57	66	51
2529	12	3	1	7
252946	0	0	0	0
252949	0	0	0	0
252950	0	20	0	0
252951	0	0	0	0
252952	0	0	0	0
252953	0	0	0	0
252954	0	0	0	0
252955	0	0	0	0
252956	0	0	0	3
252968	0	0	0	0
252969	1363	484	706	960
252983	464	194	225	482
252995	40	64	8	49
2530	1397	691	1044	1751
253012	2085	15	516	57
253013	0	0	0	0
253017	0	0	0	0
253018	25	76	16	49
253039	2174	2650	453	1379
253044	0	0	0	1
2531	1938	2470	973	2244
253128	1	6	2	2
253143	2260	1499	1475	2459
253152	448	346	380	392
253175	0	0	0	0
253190	84	55	45	109
2532	388	56	33	39
253260	1347	1544	677	1543
253264	200	674	192	93
253272	4	1	0	5
2533	516	108	88	96
253314	0	0	0	0
2534	1137	326	349	513
253430	531	771	1058	826
253461	4521	6741	2766	4146
2535	487	76	81	148
253512	459	616	176	426
253558	890	900	544	796
253559	4	5	48	1
253573	0	0	0	0
253582	0	0	0	0
253635	455	360	267	377
253639	225	145	119	136
253650	110	465	113	382
253665	1	3	0	1
2537	2035	3617	519	1979
253714	625	756	385	1410
253724	54	23	21	35
253725	1569	2236	1222	2139
253738	53	16	3	14
253769	520	1270	554	1095
253782	4712	1208	1278	3453
2538	1	3	0	0
253827	1072	110	120	318
253832	4613	6375	5144	4898
253868	65	4	2	6
2539	2048	1937	1314	4019
253933	4	0	0	0
253935	0	0	0	4
253943	4360	2575	3184	4576
253959	768	544	698	1111
253962	3	2	0	2
253970	0	0	0	0
253980	1301	1920	837	1554
253982	264	894	183	170
253986	23	16	1	8
254013	113	172	95	76
254028	0	0	0	1
254042	739	492	351	874
254048	2876	1408	1314	2262
254050	199	48	5	19
254065	1334	800	1047	2426
254099	48	113	31	52
254100	85	210	46	99
254102	3905	7062	2200	4585
254122	50	71	17	102
254128	154	236	37	133
254158	3	0	0	5
254170	447	406	472	706
254173	12	37	13	24
254187	2	1	0	0
2542	1744	3067	1238	2733
254225	607	352	359	836
254228	223	36	21	105
254240	0	0	0	1
254251	839	307	405	425
254263	24	70	34	41
254268	39	7	8	39
254272	0	0	0	0
254295	89	27	9	34
2543	1	1	0	0
254312	0	0	0	1
254359	1007	1589	593	1933
254394	634	644	370	775
254398	0	1	0	0
254427	431	641	311	1042
254428	749	710	432	1965
254439	3	65	73	52
254528	3	2	1	8
254531	2988	3486	2956	3376
254552	314	465	515	462
254559	5	9	2	1
254664	0	0	0	0
2547	12919	7114	8126	12673
254700	0	1	0	0
254773	10	3	2	11
254778	0	0	0	1
254783	0	0	0	0
254786	0	0	0	0
2548	5916	5418	2578	6961
254827	1053	1292	768	540
254863	135	205	227	421
254879	0	0	0	0
254887	1036	2101	936	1455
2549	1209	785	521	947
254910	0	1	0	0
254950	0	0	0	0
254956	0	0	0	4
254958	0	0	0	0
254973	0	0	0	0
2550	1863	8189	1005	1531
255022	6	0	1	4
255025	0	0	0	0
255027	267	552	12	6
255031	51	154	59	34
255043	86	180	81	118
255057	30	90	4	90
255061	12	3	7	7
255082	84	94	101	242
2551	1147	1197	716	876
255101	54	206	38	113
255104	1811	872	880	933
255119	0	0	0	0
255130	2	1	0	1
255167	30	14	3	10
255180	0	0	0	0
255187	7	16	9	5
255189	2943	836	1854	503
255193	10	1	7	18
255208	0	0	0	0
255220	0	0	0	0
255231	356	68	205	459
255239	127	19	13	21
255252	499	666	512	663
255275	192	96	2	37
2553	831	609	351	743
255308	30	6	8	32
255313	0	0	0	0
255324	2	3	0	2
255330	0	0	0	0
255349	316	177	250	111
255374	80	66	32	78
255394	206	193	138	124
2554	0	0	0	0
255403	65	8	35	282
255411	0	3	0	2
255426	4	1	1	3
255480	0	0	0	0
255488	277	414	114	121
2555	3875	2	6	46
255512	20	68	15	19
255520	1409	953	895	1125
2556	12	1	4	5
255620	3	14	2	1
255626	0	0	0	0
255631	13	2	6	28
255649	1	0	0	1
255654	1	0	0	3
2557	109	4	1	16
255725	0	0	0	0
255738	1049	1649	2111	7081
255743	5177	1890	2563	2761
255758	42	28	34	40
255762	3	13	6	1
255783	341	753	228	447
255798	1	0	0	0
2558	0	0	0	0
255809	25	28	10	16
255812	399	1115	439	669
255877	297	113	49	308
2559	0	0	0	0
255919	522	806	309	423
255926	0	0	0	0
255928	5	0	1	6
255967	3820	4271	2152	2595
2560	25	3	2	3
256006	16	12	2	10
256021	19	3	9	2
256051	72	211	46	15
256076	4	1	12	0
256085	0	0	0	0
2561	28	17	63	20
256126	35	65	25	46
256130	1	0	0	0
256144	0	0	0	0
256148	0	0	0	0
256158	1018	195	110	193
256190	0	0	0	0
2562	23	493	0	3
256223	1	0	0	0
256227	7	5	1	4
256236	260	188	49	43
256281	1696	1985	566	1856
256297	0	0	0	12
2563	39	64	17	132
256302	633	4162	404	294
256309	31	4	22	90
256329	182	1199	183	177
256355	19	10	2	14
256356	1666	2573	1120	2317
256364	2390	3226	1355	1943
256369	1	0	0	0
256374	0	4	3	6
256380	276	44	20	143
256394	2	0	0	8
2564	4232	2253	1769	3875
256435	71	11	4	37
256471	721	822	469	667
256472	11	99	2	23
2565	0	1	1	0
256536	2	2	0	0
256586	361	230	78	475
2566	3	1	0	0
256643	892	857	676	1228
256646	2	2	16	0
256691	106	5	11	6
2567	0	1	0	0
256710	32	23	7	6
256714	92	22	7	41
256764	457	300	1046	134
2568	90	58	673	222
256815	20	2	9	1
256880	15	14	6	11
256892	0	0	0	0
2569	2	0	0	1
256933	0	0	0	0
256949	111	119	16	48
256957	2	3	2	8
256979	7	17	3	3
256987	8331	8484	4117	7778
257	0	1	0	0
2570	39	31	38	10
257000	30	251	331	55
257019	133	42	89	117
257044	15	11	16	6
257062	0	8	0	1
257068	272	184	145	330
257093	44	29	14	42
2571	508	6	46	13
257101	10	3	1	14
257106	837	314	212	223
257144	151	194	184	99
257160	760	514	268	912
257169	41	29	21	50
257177	193	171	176	222
257194	270	39	40	44
2572	1	0	0	0
257202	0	0	0	0
257203	3	5	2	4
257218	434	179	328	567
257236	45	23	43	42
257240	59	0	10	0
257313	5	1	0	5
257358	5	0	0	2
257364	2795	1356	1237	1802
257396	160	115	62	182
257397	1703	1554	1060	2743
257407	772	1196	351	1224
257415	453	312	384	597
257468	7	4	0	2
25758	114	43	2	136
25759	2261	650	590	248
257629	2802	2564	854	2056
25763	0	0	1	3
25764	26	46	31	26
25766	525	337	280	447
25769	3	0	6	2
25770	7	1	3	2
25771	1690	1454	1223	1867
25774	0	1	0	0
25775	19	36	32	43
25776	627	391	479	736
25777	3136	2190	2203	2106
25778	788	745	679	1112
25780	322	116	52	187
25782	2134	1543	1286	1592
25786	111	37	50	59
25788	110	63	89	171
25789	53	2	3	28
25790	32	10	55	41
25791	1598	2199	826	1507
25792	6304	7008	3194	6125
25793	4055	2804	2852	4038
25794	26	85	40	116
25796	2855	4417	2535	4563
25797	5783	2346	853	224
25798	3562	7236	2039	5699
25799	423	455	387	507
258	2	0	0	0
2580	8883	6863	5249	7315
25800	1728	1010	1172	2000
25801	1623	1587	611	1457
258010	1486	1346	991	1560
25802	1125	141	168	333
25803	817	268	867	501
25804	4794	6336	3909	8163
25805	2493	377	667	598
25806	6	4	0	24
25807	1015	700	436	1086
25809	239	81	78	96
2581	1662	655	555	713
25812	0	0	0	0
25813	2457	1627	1747	1926
25814	3300	1037	1976	4654
25816	762	631	541	506
25817	393	50	3	129
25818	3	2	0	3
25819	130	38	195	216
2582	4485	4561	2616	5523
25820	4100	1460	1640	2520
25821	862	727	508	817
25822	204	47	30	92
25823	196	16	100	22
25824	15803	31465	17858	14551
25825	9480	12576	8029	6228
25826	0	0	0	2
25827	171	575	121	283
25828	3258	2326	2441	3543
25829	5124	2104	2660	3152
2583	56	36	3	52
25830	78	6	0	1
25831	6093	2613	3236	6268
25832	117	126	33	71
25833	71	118	119	164
25834	4	0	0	0
25836	4047	2130	1752	3710
25837	187	139	85	113
25839	2632	3074	1763	2482
2584	1349	1367	476	1123
25840	2010	4351	2743	257
25841	337	460	347	1268
25842	535	694	352	876
25843	864	898	512	1010
25844	5325	6752	2930	3915
25845	29	45	7	16
25847	1953	1645	1106	2133
25849	13397	5426	10361	3929
2585	1250	382	617	761
25850	204	489	116	140
25851	2323	1717	967	912
25852	1228	1448	995	1721
25853	2840	2445	1867	4454
25854	531	200	239	29
25855	2260	3441	1253	3338
25858	0	0	0	0
25859	91	58	15	57
25861	728	436	443	772
25862	280	267	180	411
25864	198	232	221	185
25865	2855	4445	1563	2502
2587	2	0	0	0
25870	8981	6581	3202	5714
25871	1791	1949	1040	2588
25873	31917	37228	20239	57924
25874	2234	5126	839	2008
25875	3252	4364	2307	3750
25876	8	6	4	13
25878	3433	351	1865	1187
25879	2845	2340	2813	4001
2588	1266	2000	565	2007
25880	338	583	253	612
25884	1979	36	94	32
25885	6640	3268	2105	6933
25886	504	563	523	1036
25888	514	691	362	799
2589	3883	2413	2691	4257
25890	514	163	38	54
25891	356	46	37	122
25893	20	176	12	278
25894	2195	2143	660	2706
25895	502	544	283	434
25896	1278	992	1013	1791
25897	2533	2491	1785	1571
25898	1071	483	392	753
259	121	217	0	2
2590	4078	2444	1991	3208
25900	487	135	55	193
25901	646	1172	865	875
25902	2614	1158	992	4918
25903	690	222	96	570
25904	1351	1570	922	1554
25906	201	348	127	277
25907	706	1138	694	240
25909	1901	1753	1766	3248
2591	5159	6835	2546	3888
25911	678	707	739	1680
25912	7846	9830	4631	11123
25913	1244	513	502	1566
25914	339	270	206	500
25915	1275	2192	1070	1881
25917	1522	1684	841	1490
259173	2328	8465	2831	3462
259197	13	7	1	6
2592	641	1114	301	1070
25920	4485	6227	2515	5626
25921	5840	7134	4628	8525
259215	53	18	9	16
259217	1071	720	403	1066
25923	2351	3256	1963	2200
259230	639	486	429	686
259232	53	5	2	14
259234	0	0	0	0
259236	4	18	5	15
259239	0	0	0	0
25924	1396	518	178	110
259240	0	0	0	0
259249	0	0	0	0
25925	299	34	18	68
25926	2952	3211	1907	3791
259266	704	511	1166	2117
25927	261	119	24	80
25928	195	208	333	562
259282	3155	967	1328	2622
259283	16	2	6	7
259285	0	0	0	0
259286	1	0	0	0
259287	0	0	0	0
259289	1	0	0	3
25929	2018	1173	813	2214
259290	10	4	3	12
259292	0	0	1	0
259293	0	2	0	1
259294	9	15	5	3
259295	44	56	6	42
259296	1	0	2	4
2593	109	49	23	117
25930	4336	4881	2912	4250
259307	183	57	17	36
259308	2	1	0	0
25932	3620	1824	1717	2060
25934	720	1332	1215	1113
25936	786	715	451	990
25937	1310	602	153	1124
25938	884	363	688	836
25939	2605	837	525	1922
25940	2144	1761	1357	1855
25941	1779	1841	1165	2425
25942	3197	1509	1541	2512
25943	285	41	35	112
25945	789	1818	960	400
25946	1246	201	429	348
25948	2978	3803	1550	3552
25949	2786	2208	1639	2362
2595	579	728	729	802
25950	110	146	61	70
25953	2575	10183	2869	5225
25956	517	1705	466	619
25957	4248	6125	2454	4053
25959	3831	1324	898	1598
2596	69	11	3	4
25960	1674	376	142	737
25961	141	259	116	154
25962	2985	1726	2396	4124
25963	1958	3097	2763	2957
25966	1926	1890	1024	1801
2597	83369	58802	57813	117807
25970	3229	5555	1907	2349
25972	1654	2177	579	1683
25973	394	252	249	338
25974	591	221	404	710
25975	58	15	8	64
25976	761	989	1149	1403
25977	1267	1285	924	1199
25978	2005	2609	2233	2259
25979	1263	7871	1435	984
25980	2983	3005	1191	3504
25981	1050	3455	1085	1570
25983	1337	860	701	1746
25984	8934	45	644	407
25987	2338	3317	1515	2877
25988	1056	1897	558	1536
25989	2056	2979	1194	1920
25992	356	182	213	131
25994	1177	2813	1871	1542
25996	1333	2378	970	2281
25998	2807	2758	2268	3520
25999	614	393	79	314
26	12761	19896	8700	7699
26000	2958	4866	2026	3714
26001	3545	3785	3919	3402
26002	664	132	23	140
26003	6196	5602	3416	7111
26005	1369	1201	652	2262
26007	1786	2406	1516	2068
26009	2105	928	899	1582
2601	5	7	6	6
26010	3766	2120	1109	3161
26011	242	19	8	101
26012	2842	6936	2194	8084
26013	380	409	70	374
26015	1511	1585	1169	1708
26017	3499	4649	2555	3637
26018	3775	3776	228	3365
26019	1810	1759	1542	2420
26020	12106	6777	8011	13250
26022	4548	4569	1554	3484
26024	175	192	186	243
26025	29	117	9	25
26027	1237	932	951	558
260293	668	231	284	19
260294	41	40	13	59
26030	4172	2058	2051	3625
26031	2424	2188	1641	2643
26032	22	6	4	12
26033	50	6	8	10
260332	1	0	0	0
260334	10	8	23	10
260336	0	0	0	0
260337	2	1	1	2
260338	3	0	0	0
26034	128	86	33	20
260340	0	0	0	0
260341	0	0	0	0
260342	0	0	0	0
26035	6252	1643	2216	2035
26036	1191	1532	754	1312
26037	2578	1452	1995	2307
26038	16	9	1	103
26039	1543	1650	469	1343
26040	472	44	35	83
260421	0	0	0	1
260422	37	126	12	31
260425	1244	842	962	634
260429	9	1657	11	143
26043	1746	1656	1054	2706
260434	0	1	4	2
260436	39	83	1	0
26045	22	4	4	17
26046	1314	1294	1475	1593
26047	58	31	10	2273
26048	622	662	247	671
26049	462	62	71	148
26050	6	1	6	0
26051	377	143	67	86
26052	113	31	26	74
26053	7222	2740	2092	5643
26054	2949	3058	1743	3883
26056	1831	1735	1098	3026
26057	7395	2082	3488	5337
26058	4162	3054	1664	4109
26059	19	8	1	6
26060	1825	1618	1326	2043
26061	612	752	417	818
26062	0	0	0	0
26063	1960	2949	1282	1906
26064	1309	661	138	1149
26065	6195	5797	3500	5268
26070	10	2	5	6
26071	287	3040	199	2170
26073	6001	6811	5338	8665
26074	8	1	2	37
26077	0	0	0	0
26080	0	0	0	0
26082	0	0	0	0
26083	11	6	6	8
26084	166	100	132	197
26085	57	1	29	23
26086	581	385	23	786
26088	3203	2775	2397	2916
2609	1	2	0	0
26090	4242	5601	2367	6025
26091	1770	2413	2034	2168
26092	1946	1170	848	1986
26093	1863	2376	853	1403
26094	835	729	500	1523
26095	0	0	0	341
26097	3575	4776	2039	4056
26098	689	590	405	873
26099	4048	2926	2503	3791
26100	3973	5849	2353	4931
26103	1	0	1	1
26108	114	9	7	42
2611	5	2	3	3
26112	1180	279	151	222
26115	1210	744	446	217
26118	4367	4237	3054	3730
26119	2144	1426	1784	1930
26121	1704	1665	1157	1764
26122	1805	1011	457	1122
26123	2191	2058	1855	3127
26127	1504	1185	957	1070
26128	823	964	762	1473
2613	54	6	23	0
26130	2011	1919	1372	2468
26133	7934	6903	2531	7455
26134	64	40	54	94
26135	13826	6548	8716	13601
26136	7175	3860	2704	4125
26137	86	40	47	39
26138	0	0	0	0
26140	1729	1730	1457	1316
26145	1568	2157	1062	1449
26146	1303	1160	557	1737
26147	1765	1467	901	3105
26149	103	65	30	51
2615	1914	1565	599	1602
26150	47	44	17	159
26151	2656	3692	1447	3325
26152	235	357	87	277
26153	394	42	19	662
26154	13	2	144	2
26155	4593	3345	3384	6269
26156	9128	8687	5417	17782
26157	1130	583	161	123
2616	98	79	656	547
26160	2235	3180	1282	3820
26164	2359	2771	855	2285
26165	0	0	0	0
26166	3	1	0	4
26167	23	4	0	12
26168	482	420	419	555
2617	8661	7144	4301	11889
261726	1721	1954	1256	2031
261729	2147	1837	835	1536
26173	10887	8676	4732	9239
261734	544	489	413	1063
261735	0	1	0	0
26175	308	432	192	414
2618	4618	3994	3884	6454
26184	0	0	0	1
26188	0	0	0	0
26189	0	0	0	0
2619	192	14	3	43
26190	3044	2871	1948	3173
26191	216	58	192	58
262	3376	3393	3428	5858
2620	173	39	31	104
26205	1807	2060	721	1871
26206	38	43	20	45
26207	1759	1105	648	1715
2621	3063	14207	4252	2569
26211	0	0	0	0
26212	1	7	1	1
26219	0	0	0	0
2622	533	803	338	399
26220	11	39	4	22
26223	1	0	0	0
26224	1300	2624	1185	1008
26225	1486	1232	630	1641
26226	31	26	6	17
26227	2698	728	172	4101
26228	39	18	8	4
26229	1723	2726	891	2206
2623	15	0	3	4
26230	226	226	78	147
26231	98	86	34	75
26232	172	928	24	843
26233	996	2375	3821	2361
26234	2696	1175	1682	1701
26235	1346	1291	818	1914
26238	71	768	1	155
26239	0	0	0	0
2624	406	24	391	312
26240	69	60	169	204
26242	0	0	0	0
26245	0	0	0	0
26246	0	2	0	0
26247	0	1	0	0
26248	0	0	0	0
26249	488	961	216	656
2625	111	37	24	51
26251	4	2	1	7
26253	10	3	9	21
26254	2	0	0	1
26255	2	2	0	0
26256	45	34	7	36
26257	2	12	0	4
26258	2698	1109	1150	1830
26259	1021	907	551	816
2626	0	1	1	0
26260	1610	966	1426	1328
26261	6	7	12	14
26262	3410	3332	1395	2974
26263	1456	635	756	963
26266	155	200	70	86
26267	274	190	143	368
26268	1610	1962	1030	2153
26269	608	412	473	613
2627	1504	1772	1055	1222
26270	320	520	306	413
26271	430	267	316	872
26272	661	336	302	502
26273	1517	1921	849	1617
26275	1011	1538	1198	1458
26276	179	147	112	174
26277	1767	949	740	1732
26278	360	227	300	981
26279	58	33	3	6
2628	2103	453	63	215
26280	0	0	0	0
26281	1185	0	0	3
26284	2288	3018	1785	3074
26285	0	0	0	0
26286	1808	967	831	1161
26287	1	0	0	2
26289	16	5	5	12
2629	1470	2497	777	1375
26290	181	9	310	36
26291	1	0	0	3
26292	919	762	834	1107
26297	440	629	295	812
26298	9652	23847	18450	18679
263	0	0	0	0
2630	122	1059	73	146
26301	171	426	9	237
26307	0	0	0	0
2631	3791	3976	2385	5013
2632	1050	572	618	727
26322	0	0	0	0
2633	796	401	269	399
26330	3	3	0	1
26333	0	0	0	2
26335	0	0	0	0
26338	0	0	0	0
26339	0	0	0	0
2634	1891	1712	1070	886
26341	0	0	0	0
26343	0	1	0	0
2635	3139	1848	1638	1506
26353	304	45	44	102
26354	5038	5075	3880	6417
26355	2026	5297	2424	4336
2636	0	1	1	1
2637	63	6	8	2
2638	2	36	0	0
2639	1101	1372	920	1127
2641	1	0	18	0
2642	5	673	11	3
2643	747	691	618	1242
2644	13	15	4	21
2645	13	5	1	12
2646	6	3	3	3
26468	136	25	22	115
26469	4034	6366	2800	3895
2647	323	599	308	254
26470	4104	3828	944	953
26471	362	101	19	222
26472	3319	4237	2359	4883
26473	0	0	0	0
26475	1	0	0	0
26476	0	0	0	0
26478	0	0	0	0
26479	5	44	31	7
2648	4597	7870	3183	7879
2649	700	1224	447	1037
26492	0	0	0	0
26493	0	0	0	0
26494	0	0	0	0
26495	0	0	0	0
26496	0	0	0	0
26497	0	0	0	0
26499	3078	2205	2654	5053
265	1	0	0	112
2650	2222	3023	769	1881
26502	2771	3007	1672	3204
26503	1176	1860	884	2338
26504	2425	5060	2717	6176
26505	2310	2513	801	3470
26507	45	13	3	10
26508	698	368	110	920
26509	4574	3353	7950	9577
2651	76	21	13	16
26511	438	282	239	329
26512	1294	1483	1031	1734
26514	0	1	0	0
26515	1713	1682	712	1678
26517	3358	1967	2392	4393
26519	1050	1361	754	1528
2652	0	0	0	0
26520	949	569	491	1648
26521	942	1707	945	1704
26523	2684	1092	1063	1794
26524	685	1171	721	457
26525	10	0	0	20
26526	3	2	0	2
26528	7036	6381	5202	9093
26529	0	0	0	0
2653	27	98	31	72
26530	0	0	0	0
26531	0	0	0	0
26532	0	0	0	0
26533	0	0	0	1
26534	0	0	0	0
26537	0	0	0	0
26538	0	0	0	1
26539	3	0	6	15
26540	0	0	0	0
26541	0	0	0	0
26548	63	48	32	40
2657	0	0	0	0
26574	4828	4061	2329	5023
26575	77	57	14	41
26576	1144	281	74	334
26577	29	8	7	48
26578	1308	2500	1258	1881
26579	495	1200	170	1486
2658	0	0	0	0
26580	79	71	40	66
26583	0	0	0	0
26585	10604	338	784	1032
26586	1761	1109	1594	2705
26589	210	83	89	102
26590	0	0	0	0
26591	0	0	0	0
26592	0	0	0	0
26595	0	0	0	0
266	0	0	0	0
2660	55	16	12	2
26608	3392	3089	1727	4708
26609	0	1	0	2
2661	19	29	9	11
26610	380	411	366	636
26614	1	0	0	0
2662	105	3	5	0
26628	10	0	0	0
26637	3	0	0	0
2664	6958	7180	2956	8317
26640	0	0	0	0
26644	4	2	0	0
26645	0	0	0	0
26647	0	1	2	0
26648	0	0	0	0
2665	14356	12268	10326	21087
26651	0	0	0	0
266553	1	10	14	0
26656	0	0	0	0
26658	0	0	0	0
26659	0	0	0	1
26661	0	0	0	0
266619	0	0	0	0
266623	8	26	8	8
266625	0	1	0	1
266626	0	0	0	0
266629	1	0	0	0
26664	1	2	1	3
266643	0	0	0	0
266655	470	442	220	709
266657	16	27	8	26
266673	0	0	0	0
266675	19	15	49	17
26668	0	0	0	0
266683	0	0	0	0
26669	0	0	0	0
266693	0	0	0	0
266694	0	0	0	0
266697	5	0	5	2
266698	0	0	0	0
266699	0	0	0	2
2667	0	0	0	1
266700	0	0	0	0
266701	0	0	0	0
266703	0	0	0	0
266722	6	0	0	1
266724	12	7	2	8
266727	138	14	6	28
266740	0	0	0	0
266743	9	2	0	4
266747	36	10	12	28
26679	0	0	0	0
2668	118	30	18	17
26680	0	0	0	0
26681	0	0	0	0
266812	128	94	29	145
26682	0	0	0	0
26683	0	0	0	0
26685	0	0	0	0
26686	0	2	0	0
26687	0	3	0	0
26689	1	0	0	0
2669	876	590	170	599
26690	0	0	0	0
266919	0	0	0	0
26692	0	0	0	0
26693	0	0	0	0
26694	0	0	0	0
26695	0	0	0	0
266954	1	1	0	0
26696	0	0	0	0
266971	14	18	7	25
266977	74	50	152	53
267	4053	5452	2575	4425
2670	16	3	4	7
267002	364	430	283	344
26701	2	0	0	0
267010	0	0	0	0
267012	0	0	0	0
267013	2	0	0	0
267014	0	0	0	0
267015	1	3	1	0
267017	0	0	0	0
267020	0	2	0	1
26707	0	0	0	0
2671	374	925	288	506
26713	0	0	0	0
26716	0	0	0	0
26717	0	0	0	0
26719	0	0	0	0
2672	256	33	115	37
2673	12881	11819	7510	15535
26735	0	0	0	1
26737	0	0	0	0
2674	421	61	20	35
26740	0	0	0	0
26742	0	0	0	0
26747	647	701	503	714
26749	0	0	0	0
2675	47	6	14	4
26750	757	520	428	652
26751	6005	5350	2650	8709
2676	39	8	4	19
26762	82	10	30	142
26765	3	2	2	4
26766	0	0	0	0
26767	0	0	0	0
26768	52	35	38	64
2677	1795	1121	519	1661
26771	0	0	0	0
26772	0	0	0	0
26773	0	0	0	0
26775	0	0	0	0
26776	51	43	19	70
26777	0	0	0	0
26778	0	0	0	0
26779	2	3	0	6
2678	101	3	14	34
26780	0	0	0	0
26781	0	0	0	0
26782	18	12	11	9
26783	26	27	16	33
26784	0	0	0	0
26785	0	0	0	0
26786	3	0	2	1
26787	0	0	0	0
26788	0	0	0	0
26789	7	2	4	5
2679	3	0	0	4
26790	0	0	0	0
26791	0	0	0	0
26792	0	0	0	0
26793	0	0	0	0
26795	0	0	0	0
26796	0	0	0	3
26797	0	0	0	0
26798	2	1	1	3
268	2	533	471	250
26800	0	0	0	0
26801	1	0	0	0
26804	0	0	0	0
26805	0	0	0	0
26807	0	0	0	0
26808	1	0	0	0
26809	0	0	0	0
2681	67	20	14	34
26810	0	0	3	0
26811	0	0	0	0
26812	1	0	0	0
26813	0	0	0	0
26814	0	0	0	0
26815	0	0	0	0
26816	0	0	0	0
26817	0	0	0	0
26818	0	0	0	0
26819	0	0	0	0
26820	0	0	0	0
26821	1	2	4	3
26822	37	81	31	68
26823	1	1	3	2
26824	0	0	0	0
26825	1	4	0	0
26826	0	0	0	0
26827	1	0	0	1
26828	1	2	1	4
26829	0	0	0	0
2683	5826	6275	3772	6500
26830	0	0	0	0
26831	1	0	0	2
26832	0	0	0	0
26834	9	28	2	3
26835	1	21	1	2
26838	0	0	0	0
26839	3	0	1	0
26840	1	0	0	0
26851	1	3	0	5
26852	0	0	0	0
26853	0	0	0	0
26854	0	0	0	0
26855	0	0	0	0
26858	0	0	0	0
26859	0	0	0	0
2686	4226	2338	295	726
26860	0	0	0	0
26861	1	0	0	0
26863	0	0	0	0
26864	1	1	0	2
26865	0	0	0	0
26866	0	0	0	0
26869	0	0	0	0
2687	687	244	59	593
26870	1	0	0	0
26871	0	0	0	0
26872	1014	636	563	1525
26873	2489	5221	1360	3223
2688	0	0	0	0
2689	0	0	0	0
269	4	0	1	1
2690	193	77	16	80
2691	4	0	0	0
2692	1	3	0	4
2693	0	0	0	1
2694	201	6	6	2
2695	0	0	0	0
26952	0	0	0	0
26953	1146	1242	499	1832
26957	0	0	0	0
26958	1947	1121	1179	1986
26959	1522	1275	773	974
2696	162	1319	129	88
26960	256	32	6	32
2697	1025	331	443	587
26973	1328	1194	683	1863
26974	126	176	8	56
26978	0	0	0	0
2698	0	0	0	2
26980	4	2	3	5
26982	0	0	0	0
26983	0	0	0	0
26984	389	640	257	566
26985	2479	2326	1951	3447
26986	107085	62422	101724	180167
26993	1362	1769	915	1645
26994	2397	1183	1303	1366
26995	1596	1886	1354	2081
26996	3712	9463	2496	4010
26998	2	0	7	2
26999	3564	2183	1621	1924
27	1117	1063	517	1695
270	43	8	4	4
2700	4	237	23	14
27000	2364	1757	1104	3330
27002	0	0	0	0
27004	15	5	17	28
27005	1193	2187	677	1944
27006	0	34	3	5
2701	367	110	23	326
27010	165	355	238	138
27012	228	2	115	1
27013	4668	8865	2660	4669
27018	2552	1567	405	3804
27019	2	1	0	5
2702	364	63	26	117
27020	4555	2573	3066	3308
27022	4	0	0	1
27023	5	1	0	0
2703	1	0	0	0
27030	1731	989	587	1323
27031	213	632	139	346
27032	4956	4589	3865	7448
27033	29	36	9	26
27034	1245	1315	830	1308
27035	8938	9140	2082	13925
27036	32	2	1	9
27037	1847	941	801	1294
27039	9	4	4	1
27040	32	44	8	21
27042	1809	1357	1236	2127
27043	3379	2550	2892	4155
27044	24675	11226	10311	25767
2705	4769	6292	2764	5080
2706	878	3306	948	696
27063	18	2	0	7
27065	526	101	35	66
27067	1496	1085	1288	1695
27068	2630	1670	2208	3427
27069	8201	14249	8115	13685
2707	194	2085	2961	2047
27071	308	328	276	31
27072	3512	3043	1552	2959
27074	503	133	92	271
27075	4162	10000	3083	6492
27076	54	176	192	80
27077	523	2238	347	577
27079	391	588	520	667
27085	289	208	275	860
27086	1456	3380	1661	1823
27087	32	30	32	36
27089	4281	5516	2908	4150
2709	3	15	352	31
27090	814	440	539	1438
27091	0	0	0	0
27092	12	113	99	205
27093	0	0	0	0
27094	100	194	31	131
27095	2049	1917	1239	2032
27097	1241	1803	1324	1719
27098	6	3	2	0
27099	1	0	0	7
271	2611	1456	1155	2455
2710	702	1062	200	582
27101	2290	3587	1659	4286
27102	11977	13581	8273	14160
27106	1274	2432	1006	1530
27107	932	1244	744	1287
27109	652	481	430	755
27111	1363	2787	1656	1059
27112	390	202	155	1
27113	1621	2274	943	995
27115	178	10	86	15
2712	0	0	0	0
27120	14	3	4	7
27121	6168	11	5	30
27122	2476	444	266	1548
27123	393	20	2	60
27124	1063	598	440	704
27125	6116	2837	2748	2945
27127	11	5	8	12
27128	413	115	38	124
27129	415	25	25	122
2713	2	0	0	2
27130	745	823	347	1002
27131	8451	6698	3590	8703
27132	1768	4312	1310	3324
27133	0	1	0	0
27134	3840	10667	4631	3566
27136	1	0	1	1
27141	0	0	0	0
27143	4603	530	1491	4899
27145	55	14	6	43
27146	28	38	13	96
27147	540	365	534	393
27148	1912	2812	947	3153
27151	58	227	38	39
27152	586	230	367	598
27153	1685	1036	648	1646
27154	3186	2978	1343	2528
27156	23	13	9	28
27158	950	1379	405	1080
27159	0	0	0	0
2716	23	13	4	20
27160	0	0	0	1
27161	3817	3009	3888	7540
27163	672	1631	862	869
27164	0	0	0	0
27165	16	18	7	17
27166	1394	2015	1184	1861
2717	1390	1610	921	2771
27170	0	0	0	0
27173	28	16	15	36
27175	685	540	173	618
27177	14	0	0	5
27178	5	2	3	22
27179	0	0	1	0
27180	53	7	7	24
27181	46	7	2	13
27183	2062	3166	1446	2575
27185	370	150	53	129
27187	0	0	0	0
27189	0	2	3	8
2719	558	2798	31	107
27190	19	11	3	11
27193	0	0	0	0
27194	0	0	0	0
27195	0	0	0	0
27196	0	0	0	0
27197	33	6	8	9
27198	19	72	119	109
27199	524	638	463	483
272	785	370	281	522
2720	6507	5105	2799	3485
27200	0	0	0	0
27201	16	2	7	25
27202	44	16	12	45
27229	452	342	479	826
27230	7421	8799	5671	10717
27231	16	0	0	0
27232	11	14	5	9
27233	93	25	2	47
27235	815	340	660	1090
27236	2842	2080	1927	2771
27237	2923	2317	2471	2779
27238	1095	1262	642	1687
27239	167	27	8	42
27240	146	44	89	33
27241	448	426	293	306
27242	3838	3193	5125	4073
27243	5511	10173	3755	4152
27244	7204	840	461	1206
27245	1238	636	661	1100
27246	1519	1640	875	1893
27247	1674	1480	592	2350
27248	3781	2909	1524	3147
27249	3430	2867	1805	3536
27250	3348	4677	4393	3706
27252	696	419	287	503
27253	262	56	23	164
27254	97	10	4	27
27255	1	0	0	0
27257	524	246	405	359
27258	1388	2272	1155	2281
27283	700	577	106	142
27284	4460	1602	3810	250
27285	2	17	1	2
27286	2501	1633	1462	5672
27287	34	10	3	42
27288	4	1	1	0
27289	129	221	175	239
2729	2595	2281	1069	2338
27290	13521	292	1425	181
27291	689	665	528	990
27292	691	539	382	831
27293	974	821	627	885
27294	16	135	15	127
27295	711	182	89	130
27296	39	32	18	57
27297	2719	2592	1562	3193
27299	1601	357	342	1410
273	109	12	15	14
2730	1135	616	586	764
27300	594	118	722	960
27301	2201	1762	1513	4244
27302	0	0	1	0
27303	295	37	31	89
27304	903	861	241	1174
27306	47	3	2	1
27309	1446	774	789	1178
2731	25	12	9	75
27314	1340	251	268	221
27315	1574	2455	1009	2717
27316	12082	7096	5535	13925
27319	108	12	2	29
2732	0	0	0	1
27320	1	4	1	3
27324	1955	3351	578	2194
27327	2956	2411	1152	2086
27328	1	0	2	0
27329	4	25	1	3
2733	1559	2510	1114	2914
27330	727	646	293	632
27332	5449	3691	2284	5090
27333	11018	8986	1821	9499
27334	124	51	23	9
27335	7708	13579	5668	11089
27336	6334	3329	2933	6408
27338	1070	1152	1134	4780
27339	8667	9517	5159	12205
2734	12212	10956	8170	10114
27340	2543	1618	2123	2755
27341	1516	2066	844	1437
27342	100	134	67	127
27343	1505	1582	841	2236
27344	30	5	3	6
27345	338	105	76	189
27346	2892	2144	2174	7332
27347	4568	3729	1850	4047
27348	1685	4370	1118	2432
27349	835	600	663	968
2735	354	53	13	141
27350	1325	234	109	842
27351	2679	1869	1755	3616
27352	87	70	36	59
2736	301	29	9	126
2737	250	20	10	59
2738	450	896	631	783
2739	3696	4776	2502	8491
274	4405	3737	1033	4840
2740	1	2	0	3
2741	1	1	1	1
2742	6	2	31	110
27429	757	840	456	1623
2743	69	10	6	16
27430	3889	3470	1824	2283
27433	927	1630	634	1206
27434	1871	2290	1255	1475
27436	8104	5358	2252	3785
27437	0	0	0	0
27439	33	25	27	49
2744	4941	2744	2013	5116
27440	2561	1748	1793	3106
27442	10	8	1	5
27443	409	394	703	5
27445	830	678	409	205
2745	1043	5633	1411	1629
2746	5495	8299	5636	7393
2747	46	33	31	32
2749	61	83	52	39
275	17	13	1	14
2750	0	0	0	0
2752	10189	14620	7154	12927
276	0	0	0	0
2760	2593	3123	1743	2964
2761	0	0	0	0
2762	6889	9559	6241	8787
2764	2073	1513	1977	2962
2765	0	0	0	0
2766	428	1159	430	727
2767	3239	3122	2751	4684
276719	0	0	0	0
2768	2741	1872	772	3035
2769	257	384	896	422
277	1	0	0	1
2770	887	357	469	167
2771	6424	5828	3125	4563
2772	0	0	0	0
2773	3244	2294	2699	3468
2774	321	55	118	74
2775	359	34	38	58
2776	2704	4036	2138	3516
2777	4	1	6	3
2778	44758	46213	16970	39774
2779	1	0	0	1
278	0	0	0	0
2780	33	5	20	10
2781	122	36	40	128
2782	13988	7758	8502	12869
2783	12279	14042	6707	14107
2784	48	19	12	55
2785	5	15	6	13
2786	3116	2720	562	1347
2787	392	372	360	415
2788	275	279	61	79
2789	0	0	0	0
279	0	1	0	0
2790	1	6	0	3
2791	612	165	71	252
2792	50	0	6	22
2793	54	13	7	20
2794	3177	3399	1357	3249
2796	53	96	83	63
2797	7	9	5	3
2798	1	2	1	5
2799	7136	5613	3786	4971
28	2649	10195	5216	1816
280	451	99	244	68
2800	1684	2015	885	1515
2801	3909	5886	2355	4091
2802	6421	6446	4253	5210
2803	4040	4408	2644	5294
2804	7060	6734	5470	7479
2805	2080	5238	2699	3454
2806	6236	7735	5467	7620
280636	430	687	231	536
280637	0	0	0	0
280644	9	13	20	25
280655	6	3	5	1
280657	0	2	0	0
280658	0	0	0	0
280659	0	1	2	9
280660	0	0	0	0
280661	38	11	9	12
280664	10	2	5	21
281	0	0	0	0
2810	4845	7832	8324	5650
2811	46	32	90	51
2812	0	0	0	0
2813	7	1	1	22
2814	20	2	0	2
2815	2	2	6	3
2817	2154	1578	453	1535
2819	359	157	69	85
2820	2844	2403	1835	3430
2821	17009	17753	16039	28724
2822	62	44	21	65
28227	1277	2902	480	1600
2823	9	0	0	0
28231	1308	3640	1287	3848
28232	1593	242	77	1358
28234	59	19	261	417
2824	147	59	101	229
2825	19	3	1	4
282569	0	0	0	0
2826	12	29	7	3
282616	0	0	0	0
282617	0	0	0	0
282618	1	1	0	2
282679	92	132	53	142
282694	8	15	3	3
282697	0	0	0	0
2827	14	44	19	126
282706	0	0	0	0
282754	0	0	0	0
282756	0	0	0	0
282763	1	0	1	6
282769	0	0	0	0
282770	0	0	0	0
282775	0	0	0	0
282776	0	0	0	0
282786	0	0	0	0
282790	1	1	0	1
282791	1	1	3	1
282795	0	0	0	0
2828	149	71	50	235
282801	0	0	0	0
282808	1	3	2	0
282809	3197	2143	2577	2072
282890	292	199	69	248
2829	32	12	7	5
282966	0	0	0	0
282967	1	1	0	0
282969	313	636	442	991
282973	31	11	4	8
282974	540	1214	179	433
282980	0	0	0	0
28299	9085	1730	1440	125
282991	1103	577	615	1243
282996	95	10	14	33
282997	65	98	35	36
283	419	556	264	335
2830	0	0	0	0
28300	8	3	2	0
283008	0	1	1	3
28301	4	0	0	0
283014	4	13	0	4
283025	0	6	1	0
283033	0	0	0	0
28304	14	4	1	0
28305	7	3	0	0
283050	38	92	21	59
28306	22	2	2	0
28307	19	3	3	0
283078	109	24	4	57
283089	3	0	0	2
28309	0	0	1	0
283092	0	0	0	0
283093	0	0	0	0
2831	26	2	4	4
283102	6	5	8	0
283104	156	258	65	192
283106	4	3	1	6
283110	0	0	0	0
283111	0	0	0	0
283116	0	0	0	0
28312	0	2	0	0
283120	130	113	40	362
283129	2	3	1	2
28313	7	2	0	0
283130	305	364	154	428
283131	14534	79632	9555	24809
28314	0	0	0	0
283140	153	140	75	138
283143	12	4	0	6
283149	2636	1181	1224	3097
28315	7	5	1	0
283150	0	0	0	1
283152	30	118	26	68
283159	0	0	0	0
28316	1	0	0	0
283160	0	0	0	0
283162	0	0	0	0
283165	0	0	0	0
28317	4	1	3	0
283171	1	0	5	0
283177	492	1786	633	62
28318	14	3	6	0
283189	0	0	0	0
283193	0	1	0	0
283197	0	2	0	0
2832	0	0	0	0
28320	0	1	0	0
283208	132	26	15	51
283209	1502	483	949	1252
283212	274	159	52	146
283214	0	0	0	0
283219	257	415	276	489
283226	0	0	1	0
283229	3099	5118	2350	1436
283232	742	1880	742	636
283234	2674	6551	5386	4744
283236	0	0	0	1
283237	721	1112	518	1162
283238	0	0	0	0
283248	209	111	118	553
283254	152	209	77	192
283257	0	0	0	0
28326	0	0	0	0
283267	349	557	140	376
28327	0	0	0	0
28328	0	0	0	0
283284	53	76	1	34
28329	0	0	0	0
283297	1	1	1	0
283298	290	74	22	110
2833	135	131	61	313
28330	0	0	0	0
283303	0	0	0	3
28331	0	0	0	0
283310	74	4	6	7
283314	563	232	184	315
283316	361	212	145	75
28332	0	0	0	0
283320	1	1	0	0
28333	0	0	0	0
283332	0	0	0	0
283335	450	313	128	408
283337	2171	1498	967	2052
28334	0	0	0	0
283345	48	51	31	66
283349	2261	3047	1334	2886
28335	0	0	0	0
283352	1	0	0	5
283358	4874	7974	5830	3318
283365	0	0	0	0
28337	0	0	0	0
283373	5006	2806	3164	3341
283375	5172	4199	1348	2512
283377	724	973	594	470
28338	0	0	0	0
283383	226	32	5	46
283385	45	52	9	28
28339	0	0	0	0
283392	6	0	2	1
283398	8	15	16	18
2834	3	0	1	1
28340	0	1	0	0
283403	1	0	1	0
283404	3	1	3	2
28341	0	0	0	0
283412	8	9	2	2
283416	20	18	6	14
283417	29	3	1	18
28342	0	0	0	0
283420	9	8	1	0
283422	549	1305	3351	2293
28343	1	0	0	0
283431	726	538	637	1357
283432	0	0	0	0
283435	0	0	0	0
28344	0	0	0	0
283440	1	1	2	1
283446	7	7	89	16
28345	0	0	0	0
283450	3970	3136	2621	3107
283455	83	25	39	77
283458	10	32	10	19
283459	1148	924	591	1243
28346	1	0	0	0
283460	1122	1865	248	629
283461	0	0	0	2
283463	5	0	1	0
283464	1139	947	513	994
28347	0	0	0	0
283471	0	0	0	0
28348	0	0	0	0
283480	2	0	0	1
283481	24	10	0	9
283483	6	5	1	3
283486	0	0	0	1
283487	250	242	51	120
283489	1599	1143	1336	1494
28349	0	0	0	0
283491	0	0	0	0
2835	2	0	0	0
28350	0	0	0	0
283507	44	148	22	21
28351	0	0	0	0
283514	15	1	0	0
283518	11	9	4	13
28352	0	0	0	0
283521	9	34	7	11
283523	0	0	0	0
28353	0	0	0	0
283537	1124	3546	873	780
28354	0	0	0	0
283547	23	23	16	79
28355	0	0	0	0
283551	118	187	145	229
283553	1	0	2	1
283554	15	6	7	14
28356	13	4	2	19
283562	2	0	0	0
28357	0	0	0	0
283571	41	5	10	25
283575	1	0	2	1
283576	0	0	0	0
283578	1234	457	667	1815
283579	0	0	1	1
28358	0	0	0	0
283585	0	0	0	0
283587	12	3	1	6
28359	0	0	0	0
283592	0	0	0	0
283596	213	247	117	338
283598	0	0	0	0
28360	0	0	0	0
283600	9	5	0	2
283601	0	0	2	12
28361	0	0	0	0
283617	0	0	0	0
28362	0	0	0	0
283624	406	176	336	224
283629	93	29	60	84
28363	0	0	0	0
283631	1	3	0	1
283635	2737	3753	1449	2269
283638	6365	9024	5137	12131
28364	0	0	0	0
283643	544	434	659	1340
28365	0	0	0	0
283651	42	244	85	103
283652	9	0	0	0
283659	29	3	1	30
28366	0	0	0	0
283663	292	193	136	63
283665	0	0	0	0
28367	0	0	0	0
283673	10	9	19	1
283677	4	0	2	0
28368	1	0	0	0
283682	84	1	25	10
283685	6	0	0	17
283687	133	52	45	54
283688	0	0	0	0
28369	0	0	0	0
283692	2	0	0	2
283693	12	9	6	6
283694	0	0	0	0
283698	2	15	1	1
2837	5	48	198	0
28371	0	0	0	0
283710	50	143	34	25
283711	0	0	0	1
28372	0	0	0	0
283726	39	182	28	17
28373	0	0	0	0
283738	0	0	0	0
28374	3	0	0	0
283742	1312	816	1066	1687
283747	0	2	0	2
283748	83	15	42	12
283755	389	301	20	51
28376	0	1	0	0
283761	1	0	0	1
283767	0	0	0	0
283768	0	0	0	0
28377	0	0	0	0
283777	38	10	0	1
28378	68	21	14	43
283796	8	1	0	0
2838	60	96	100	2
28380	11	7	2	57
283807	56	11	18	16
28381	1	0	0	0
28382	15	1	1	1
283820	684	338	431	674
28383	5	3	1	0
283847	2	2	4	6
283848	348	529	83	91
283849	121	296	57	213
28385	206	101	121	35
283854	0	0	0	0
283856	8	1	0	2
28386	35	3	334	0
283860	0	0	0	0
283867	10	0	0	3
283869	22	273	22	52
28387	17	9	8	4
283870	94	411	95	165
283871	439	1076	449	1165
283875	20	35	1571	113
283876	35	125	20	17
28388	2673	251	901	62
283887	44	46	43	20
283888	7	2	0	0
283897	99	32	39	16
283899	2909	3049	1108	2195
28390	98	29	34	22
283902	1	0	0	3
28391	165	8	17	12
283914	0	0	0	0
28392	3178	214	382	40
283922	85	105	45	100
283927	81	65	31	94
28393	155	14	17	5
283932	295	292	106	172
283933	51	3	4	3
28394	2179	364	740	67
283948	39	10	5	21
28395	1395	63	170	11
283951	751	755	379	929
283953	1	0	17	0
283955	14	10	2	24
28396	776	381	22	24
283970	377	741	178	191
283971	5	0	7	0
283981	36	296	23	44
283982	1	0	3	0
283985	0	37	0	13
283987	6566	5485	3532	2873
283989	2610	7932	1801	3985
283991	2539	9680	2497	2897
283994	0	1	0	1
283999	2	0	0	0
284	95	26	12	37
2840	30	17	75	42
28400	267	51	35	6
284001	2349	3044	1624	2402
284004	2005	2617	906	1889
28401	123	27	141	31
284013	39	52	15	26
284018	353	742	274	656
28402	45	12	10	2
284021	97	88	55	6
284023	270	163	210	210
284029	70	97	156	47
284034	0	1	0	1
284040	29	55	21	12
284047	21	0	8	2
28405	15	7	3	9
284058	3692	2592	1408	3147
28406	6	0	2	0
284064	3	2	0	2
284067	1	0	0	1
284069	62	20	8	59
28407	8	0	0	0
284071	24	9	8	11
284076	32	178	29	85
28408	1075	215	276	14
284080	15	18	2	7
284085	5	6	0	3
284086	422	625	407	511
28409	356	196	84	13
284098	518	612	403	782
284099	82	6	3	0
2841	37	13	2	13
28410	337	23	114	5
284100	7	0	0	1
284106	2891	3438	2402	4393
28411	11	8	5	1
284110	460	21	119	83
284111	3	2	0	2
284114	249	320	556	400
284116	0	4	1	1
284119	5420	1514	893	3302
28412	324	9	16	8
284123	0	0	0	0
284129	624	1034	212	593
28413	4	0	1	0
284131	371	1142	435	576
28414	119	26	23	14
28415	17	6	9	1
28416	28	15	5	2
284161	260	283	176	166
284167	128	117	80	106
28417	7	5	1	0
28418	0	0	0	0
284184	849	1601	624	1466
284185	13	245	12	154
284186	37	106	23	329
28419	3	0	2	0
284194	310	686	71	42
284196	1	0	0	0
2842	29	17	17	80
28420	578	16	58	16
284203	0	0	0	0
284207	984	6183	1198	1157
28421	15	0	0	1
284215	0	4	0	0
284217	31	56	15	38
28422	2	0	0	0
28423	1195	199	141	10
284230	3	2	0	3
284232	1	0	0	12
284233	140	37	18	43
28424	1409	444	591	29
284241	0	1	0	0
28425	10	8	1	3
284252	232	277	111	314
284254	1	0	0	0
284257	0	0	0	0
28426	237	48	51	2
284260	5	6	4	6
284266	79	1	0	53
28427	9	0	0	0
284273	1511	1411	1102	1429
284274	0	0	0	0
28428	14	3	4	0
284288	0	0	0	0
28429	24	3	3	1
284293	5	9	1	2
284294	2	1	0	0
284297	735	53	73	247
2843	37	8	18	28
28430	2	3	0	0
284306	86	123	9	58
284307	60	9	6	19
284309	634	692	331	433
28431	2	0	0	0
284312	2	0	1	2
28432	20	4	5	0
284323	680	465	335	530
284325	1005	761	765	858
28433	0	0	0	0
284338	43	46	24	72
284339	324	34	16	82
28434	489	93	8	18
284340	1	229	143	67
284346	70	244	186	150
284348	126	176	100	106
284349	317	352	192	252
28435	2	1	0	0
284352	3079	2674	2080	2833
284353	68	28	35	57
284355	0	0	0	0
284358	50	73	15	188
284359	20	4	1	3
284361	7855	6798	4330	4936
284365	16	6	3	5
284366	0	0	0	0
284367	73	5	1	0
284369	1	0	0	0
284370	322	485	141	274
284371	774	1088	367	838
28438	0	0	0	0
284382	0	0	0	0
284383	0	0	0	0
284385	170	103	30	104
28439	698	295	167	41
284390	144	323	44	72
284391	343	382	107	127
284393	243	150	50	175
284395	0	0	0	0
2844	5	0	0	2
28440	0	1	0	0
284402	20	19	16	17
284403	581	350	476	927
284406	51	111	10	21
284408	62	93	25	38
28441	6	1	1	0
284415	4	0	2	1
284417	1078	1180	171	620
284418	2	0	1	0
28442	2431	649	967	70
284422	608	2218	110	309
284424	4	1	0	0
284427	3	21	3	28
284428	0	0	0	0
28443	6	2	0	0
284433	1	0	1	0
284434	38	32	61	37
284439	252	495	280	284
28444	2088	362	428	63
284440	66	61	22	60
284443	446	849	204	142
28445	286	50	43	5
284451	24	13	5	27
284454	1884	6452	1149	2987
284459	1590	1370	739	1046
28446	16	7	5	2
284467	8	1	0	2
28447	2	1	0	0
28448	2841	174	185	33
284485	8	171	12	74
284486	43	38	30	27
28449	16	4	13	14
284498	1	2	0	0
2845	3	2	0	4
28450	1004	167	285	8
28452	1308	313	588	50
284521	0	1	0	0
284525	0	0	0	0
28453	28	9	9	4
284532	0	0	0	0
28454	247	23	16	0
284541	3	0	0	0
284546	0	0	0	0
28455	123	32	24	4
284551	98	177	36	165
284561	0	0	0	0
284565	542	871	452	644
28457	1280	219	191	10
284573	5	0	1	1
284576	1	1	59	8
284577	1	0	2	1
28458	7	18	44	30
284581	1	1	46	3
284593	1	1	0	1
2846	5	3	1	0
28461	138	168	33	5
284611	1170	935	1074	1625
284612	54	4	0	15
284613	821	683	561	737
284615	32	14	16	25
284618	422	632	215	607
28462	3	0	0	0
28463	17	10	3	6
284632	4	7	6	3
28464	323	19	28	11
284648	11	1	0	1
284649	49	31	17	50
28465	741	1543	441	10
284654	42	0	2	2
284656	1054	940	497	307
28466	30	5	3	1
284661	1	0	0	0
28467	1172	32	60	23
284672	133	116	59	92
284677	2	1	1	3
28468	2372	437	275	35
284680	13	5	13	11
284688	0	0	0	0
28469	6	4	0	1
284695	2152	1222	1341	1651
284697	323	302	193	179
2847	4	0	0	2
28470	11	16	1	7
28471	28	30	5	0
284716	526	149	298	425
284723	50	81	43	8
284729	30	5	19	5
28473	129	101	310	33
284739	44	112	11	398
28474	2068	831	163	767
284749	11	12	3	6
28475	115	69	23	0
284751	27	25	1	16
284756	5	3	2	1
284757	11	85	5	2
284759	55	14	9	27
28476	23	3	3	0
284764	68	134	5	40
28477	43	21	11	1
28478	35	10	12	1
28479	97	10	9	0
2848	4	4	0	4
28480	4	1	0	1
284800	0	6	0	2
284801	0	1	1	0
284802	279	229	156	467
284805	1	0	1	4
28481	46	1	8	2
28482	1	0	0	0
284821	72	88	54	67
284825	7	0	0	0
284827	0	0	0	0
28483	12	2	1	1
284835	8	104	20	12
284836	0	2	0	0
284837	129	274	272	390
28484	0	0	0	0
28485	2	0	0	0
28486	0	0	0	0
284865	1	0	0	2
28487	0	0	0	0
28488	0	1	0	0
284889	52	80	68	4
28489	0	0	0	0
2849	4	0	0	1
28490	0	0	0	0
284900	515	621	294	418
284904	14	1	4	18
28491	0	0	0	0
28492	0	0	0	0
28493	0	0	0	0
284930	3	0	54	0
28494	1	1	0	0
284942	162	143	175	334
284948	26	40	59	146
28495	0	0	0	0
284958	4	17	1	28
28496	0	0	0	0
28497	1	0	0	0
28498	0	0	0	0
284988	4	1	0	0
28499	0	0	0	0
284992	164	190	263	522
284996	3110	4279	2102	6113
284998	0	0	0	0
285	248	89	87	313
2850	5	2	2	3
28500	4	0	0	0
285000	1	6	0	2
285003	0	0	0	0
28501	1	0	0	0
285016	136	28	12	7
28502	0	0	0	0
285025	10	2	2	4
28503	0	0	0	0
285033	261	222	100	244
28504	0	1	0	0
285043	36	3	3	7
285045	1	2	0	0
28505	2	0	0	0
285051	14	7	45	54
28506	0	0	0	0
28507	0	0	0	0
285074	0	0	0	0
28508	0	0	0	0
285084	2	0	0	0
28509	0	0	0	0
285093	1	3	0	1
285095	5	9	3	6
28510	1	0	0	0
285103	0	0	0	0
28511	2378	1903	1966	3107
285116	23	8	16	27
28512	223	325	176	311
285126	5	3	0	4
28513	17	3	3	0
28514	870	146	249	181
285141	322	25	44	5
285148	1244	1990	657	1859
285154	24	16	6	3
28516	0	0	0	0
28517	1	0	0	0
285172	757	855	686	802
285175	4	7	1	2
285176	1309	21	448	1694
28518	1	0	0	0
285180	52	19	5	13
285189	1	0	0	0
28519	0	0	0	0
285190	10	17	6	28
285193	235	290	96	250
285194	0	0	0	0
285195	216	48	17	44
2852	50	19	43	62
28520	0	0	0	0
285203	904	860	470	676
285205	0	1	0	1
28521	0	0	0	0
28522	0	0	0	0
285220	1	1	0	0
285224	0	1	0	0
28523	0	0	0	0
285231	12	16	8	11
285237	655	823	501	576
28524	0	0	0	0
285242	1	1	15	13
28525	0	0	0	0
28526	25	3	4	2
285260	1	0	0	1
285266	70	380	72	105
285267	338	349	157	363
285268	1353	1830	1091	1485
285282	1111	764	712	1085
285286	13	7	1	4
285296	7	12	6	7
2853	3	0	2	0
285303	0	10	1	4
285311	1	0	0	0
285313	28	2	6	11
285314	2	0	2	0
285315	66	68	32	98
285326	0	0	0	0
285329	2	11	2	6
285331	592	759	471	629
285335	36	35	28	20
285343	1516	1636	913	910
285346	202	149	109	176
285349	97	50	6	18
285352	51	67	21	46
285359	66	108	25	42
285362	1708	3094	1517	1853
285367	1243	1809	1026	1582
285368	89	111	69	100
285370	0	0	0	0
285375	0	0	0	0
285381	936	1393	512	796
285382	505	77	241	281
285386	67	90	46	99
285389	10	35	8	12
2854	0	0	0	0
285401	3	0	0	6
285407	10	7	9	28
285412	0	0	0	4
285415	4	0	4	3
285419	154	102	43	108
285423	0	5	3	2
285429	33	9	11	22
285440	1379	495	1040	780
285441	1	2	0	1
285456	3	5	3	2
285463	243	97	88	139
285484	1	2	0	0
285489	273	283	174	167
285492	3	3	0	4
285498	18	7	3	112
2855	0	0	0	0
285500	10	9	5	6
285501	3	0	0	0
285505	286	2	0	138
285512	117	81	71	33
285513	1568	908	1184	1198
28552	0	0	0	0
285521	1621	570	605	1162
285525	0	0	0	0
285527	7225	4259	5056	4926
285533	4	1	3	7
285540	70	80	19	68
285547	0	0	0	0
285548	11	26	5	6
28555	0	0	0	0
285550	549	378	230	237
285555	23	3	3	1
285556	6	3	0	7
28556	0	0	0	0
28557	11	4	0	1
285577	0	0	0	0
28558	14	4	2	4
285588	0	0	1	0
28559	7	0	1	0
285590	2385	1684	1541	2945
285593	6	7	2	5
285596	3	132	0	2
285598	241	343	30	174
2856	0	0	0	0
28560	6	2	0	0
285600	46	26	32	28
285601	14	33	3	1
285605	478	497	331	379
28561	0	0	0	0
285613	94	753	111	142
28562	6	0	1	0
285622	3	0	0	0
285627	1	0	0	1
285629	36	34	9	2
28563	7	2	0	2
285634	7	1	3	6
285636	1628	1503	859	1376
28564	1	3	0	0
285641	0	2	1	0
285643	3	0	0	2
285647	14	14	11	21
28565	0	0	0	0
285659	0	0	0	0
28566	2	0	0	1
285668	1	1	0	0
28567	32	15	3	6
285671	70	15	5	32
285672	1145	1155	600	1011
285676	23	4	1	6
285679	3	1	0	15
28568	25	8	1	1
28569	7	1	2	2
285692	1	1	0	1
285696	5	1	0	0
2857	110	17	24	32
28570	0	0	0	0
285704	501	344	136	623
285706	0	0	0	0
285708	0	0	0	3
28571	0	0	0	0
28572	3	1	0	0
28573	6	1	1	0
285735	1	0	0	0
285737	0	1	0	0
28574	2	0	1	0
285740	4	4	1	3
285741	24	17	1	10
28575	3	0	0	1
285753	442	466	342	610
285755	88	87	84	185
285758	178	182	48	52
285759	4	8	16	2
28576	8	2	2	0
285761	968	1055	419	1131
285766	1	0	0	0
285768	15	11	3	21
28577	6	0	0	2
28578	0	0	0	0
285780	2	5	0	0
285782	7	2	3	3
285785	359	312	55	344
28579	0	0	0	0
285796	4	0	1	0
28580	7	0	0	0
285800	1	1	0	0
28581	5	4	1	0
28582	1	0	0	0
285829	12	11	2	8
28583	4	5	1	0
285830	14	85	25	56
285834	0	0	0	0
28584	6	4	2	0
285848	22	67	1	51
285849	42	107	33	47
28585	3	0	0	0
285852	0	0	0	2
285855	4896	4207	3605	8625
285857	0	0	0	0
28586	14	2	1	1
28587	2	0	0	0
285872	2	1	2	2
285877	0	0	0	0
285878	0	0	2	0
28588	0	0	0	0
285888	0	0	0	0
28589	9	6	1	2
285893	0	0	0	0
2859	8602	7809	3022	8979
285900	1	3	1	6
285905	66	51	48	31
285908	1055	881	314	670
28591	1	0	0	0
28592	4	1	0	0
28593	1	0	0	0
28594	4	0	0	0
285941	0	1	0	0
285943	297	1181	48	260
28595	6	1	3	3
285954	10	2	1	2
285955	17	15	5	22
285958	1754	2326	993	3110
28596	19	3	3	8
285961	10	17	2	8
285962	44	16	44	17
285965	4	9	20	8
285966	63	26	80	36
28597	1	0	0	0
285971	509	208	73	1190
285972	64	24	11	5
285973	559	463	148	720
285987	66	29	139	76
285989	717	947	438	796
28599	1	1	0	0
286	48	8	8	20
28600	1	0	0	0
286002	4	1	2	1
286006	33	27	16	18
28601	5	1	1	0
286016	48	17	11	12
28602	8	9	1	1
28603	0	1	0	0
286042	229	158	251	281
286046	12	142	31	123
28605	7	10	0	0
286053	838	746	607	1052
28606	11	4	1	3
286065	0	0	0	0
286075	756	1045	648	1118
286076	32	32	24	29
286077	7895	13151	12724	15132
28608	0	0	0	0
28609	5	1	1	1
286094	0	0	0	0
286097	40	9	2	8
2861	137	7	16	38
28610	2	0	1	1
286101	1406	980	1024	2018
286102	0	0	0	0
286103	42	102	21	48
28611	3	1	4	0
286114	0	0	0	0
28612	0	0	0	0
286122	18	1	3	4
286128	577	988	403	838
28613	0	0	0	0
286133	224	54	20	34
286135	1	0	0	0
28614	29	11	0	3
286140	19	22	9	14
286144	989	1797	948	1059
286148	1555	1184	1080	1539
286151	13	4	7	23
286156	1	0	0	0
286157	213	89	58	98
28616	6	4	1	0
28617	8	0	0	2
286178	1	2	0	0
286183	20	18	103	13
286184	0	0	0	0
286186	0	1	0	0
286187	2	0	0	0
286189	0	1	0	1
28619	9	1	1	2
286190	20	7	9	25
2862	1	0	0	0
28620	10	3	1	1
286204	549	414	207	322
286205	415	510	251	616
286207	151	211	185	270
28621	0	0	0	0
28622	0	0	1	0
28623	3	1	0	0
286234	1	0	0	0
286238	0	0	0	0
286239	0	0	0	0
28624	0	0	0	0
28625	3	0	0	1
286256	279	441	93	200
286257	1524	3188	930	3062
28626	6	4	0	0
286262	4922	4971	2343	4883
28627	5	0	1	0
28628	0	0	0	0
28629	3	1	0	0
2863	373	588	434	413
28630	7	3	0	1
28631	7	1	1	0
286310	5	9	8	9
286319	691	1007	368	793
28632	4	1	0	0
28633	2	0	0	0
286333	16	5	4	8
286336	249	114	52	77
28634	1	0	0	1
286343	1965	2627	1083	3895
286348	1	0	0	2
28635	2	0	0	0
286362	0	0	0	0
286365	2	0	0	0
28637	5	2	1	0
286370	0	0	0	0
28638	566	262	76	93
286380	2	1	0	0
28639	422	180	44	34
2864	2	1	0	2
28640	14	1	0	5
28641	1	1	0	0
286410	1388	730	504	1938
286411	5	4	2	4
28642	3	0	0	0
286423	3	4	0	9
28643	2	2	0	0
286430	0	0	0	0
286436	0	0	0	0
28644	0	0	0	0
286442	9	4	1	0
286444	50	54	9	32
28645	0	0	0	0
286451	323	3103	1708	6650
286453	3	5	2	3
286456	0	0	1	0
28646	2	1	0	3
286460	118	68	38	94
286464	2	0	2	0
286467	1328	360	215	27
28647	1	1	0	1
286472	1	3	0	1
28648	1	1	0	0
286480	12	7	1	10
28649	0	0	0	0
286494	1	0	0	0
286495	294	175	75	170
286499	1	0	0	0
2865	5	0	0	0
28650	0	0	0	0
28651	0	0	0	0
286512	2	0	0	0
286514	0	0	0	0
28652	4	0	0	0
286527	18	27	2	11
286528	0	0	0	0
28653	5	4	2	0
286530	240	86	32	127
28654	0	0	0	0
286544	54	3	16	2
28655	5	0	0	0
286550	0	0	0	0
286554	1	64	0	3
286555	0	0	0	0
286556	0	0	0	0
286557	0	0	0	0
28656	2	2	0	0
28657	8	1	0	1
286573	0	0	0	0
28658	1	2	0	0
28659	2	0	3	1
2866	2	0	1	1
28660	8	0	2	1
28661	4	0	0	2
28662	3	0	0	0
28663	5	2	0	0
28664	17	4	2	1
28665	5	2	0	2
28666	9	5	1	0
28667	3	0	0	0
286676	1139	1446	735	734
28668	0	0	0	0
28669	6	2	1	0
2867	205	2	6	52
28670	5	1	1	0
28671	12	0	3	4
28672	9	1	0	0
28673	16	5	0	1
28674	7	3	0	2
286749	0	0	0	0
28675	0	0	0	0
286753	0	2	0	0
286754	1	1	1	1
28676	4	1	0	0
28677	5	2	2	1
28678	0	0	0	0
28679	0	0	0	0
2868	117	28	67	176
28680	7	4	1	0
28681	0	0	0	0
28682	8	3	0	0
286826	271	394	268	620
286827	336	502	316	891
286828	0	0	0	0
28683	13	0	1	1
28684	13	2	1	1
28685	6	0	3	2
28686	0	0	0	0
28688	0	0	2	0
286887	46	0	1	16
28689	11	4	0	0
2869	741	274	375	543
28690	9	0	0	2
28691	9	1	0	0
28692	3	4	0	0
28693	1	0	0	1
28694	0	0	0	0
28695	1	0	0	0
28696	0	0	0	0
286967	0	0	0	0
28697	0	0	0	0
28698	0	0	0	0
28699	0	0	0	0
287	364	36	40	72
2870	2303	3205	1936	3348
28700	0	0	0	0
28701	0	0	1	0
287015	0	0	0	0
28702	0	0	0	0
28703	0	0	0	1
28704	0	0	0	0
28705	0	0	0	0
28706	2	1	0	0
28707	0	0	0	0
28708	0	0	0	0
28709	0	0	0	0
2871	7	6	2	5
28710	1	0	0	0
28711	0	0	0	0
28712	0	0	0	0
28713	0	0	0	0
28714	0	0	0	0
28715	0	0	0	0
28716	2	0	0	0
28717	0	0	0	0
28718	1	0	0	0
28719	0	0	0	1
2872	8842	3922	6164	8557
28720	0	0	0	0
28721	0	0	0	0
28722	0	0	0	0
28723	0	0	0	0
28724	0	0	1	0
28725	0	0	0	0
28726	0	0	0	0
28727	0	0	0	0
28728	0	0	0	0
28729	0	0	0	0
2873	4819	8897	2527	4907
28730	0	0	0	0
28731	0	0	0	0
28732	0	0	0	0
28733	1	0	0	0
28734	0	0	0	0
28735	0	0	0	0
28736	0	0	0	0
28737	0	0	0	0
28738	1	0	0	1
28739	0	0	0	0
2874	32	50	20	39
28741	0	0	0	0
28742	0	0	0	0
28743	0	0	0	0
28744	0	0	0	0
28745	1	0	1	1
28746	0	0	0	0
28747	0	0	0	0
28748	1	0	0	0
28749	1	0	0	0
2875	136	772	392	138
28750	0	0	0	0
28751	0	0	0	0
28752	0	1	0	0
28753	0	0	0	0
28754	1	0	0	0
28755	855	355	115	125
28757	0	0	0	0
28758	0	0	0	0
28759	0	0	0	0
2876	6488	9816	5024	5781
28760	0	0	0	0
28761	0	0	0	0
28762	0	0	0	0
28763	37	2	0	0
28764	0	0	0	0
28765	1	1	0	0
28766	0	0	0	0
28767	0	0	0	0
28768	0	0	0	0
28769	0	0	1	0
2877	27186	39002	27960	39020
28770	0	2	2	0
28771	0	0	0	0
28772	155	35	259	0
28773	9	30	16	1
28774	157	303	24	8
28775	270	89	115	17
28776	78	112	29	0
28777	0	1	0	0
28778	1305	116	154	28
28779	2	2	4	1
2878	694	471	101	386
28780	2	5	1	0
28781	196	98	26	2
28783	20	4	3	0
28784	345	138	123	17
28785	72	51	59	0
28786	6	0	2	0
28787	3	0	0	0
28788	1	0	0	0
28789	1	0	0	0
2879	4521	6613	2439	6262
28790	1	0	0	0
28791	437	29	50	6
28792	0	0	0	0
28793	1817	301	306	15
28794	4	1	0	1
28795	3	0	2	0
28796	4515	756	331	226
28797	1925	991	272	110
28798	0	0	0	0
28799	8	0	3	1
288	1259	1502	676	1155
2880	1	0	0	0
28800	1	0	0	0
28801	6	1	0	0
28802	19	4	4	1
28803	539	13	88	5
28804	354	221	40	0
28805	0	0	0	0
28806	2	1	1	0
28807	0	0	0	0
28808	0	0	0	0
28809	2560	551	758	110
28810	14	9	5	0
28811	9	4	2	0
28812	183	52	3	0
28813	4986	682	490	38
28814	137	145	45	0
28815	1906	718	795	106
28816	644	312	305	85
28817	527	74	212	8
28818	40	12	11	0
28819	0	0	0	0
2882	254	111	37	79
28820	50	13	4	0
28821	14	5	3	2
28822	591	984	139	23
28823	1123	527	169	16
28824	94	44	23	9
28825	2096	511	330	47
28826	38	22	16	2
28827	0	0	0	0
28828	0	0	0	0
28829	1	0	0	0
28830	0	0	0	0
28831	0	1	0	0
28832	3	4	1	0
28833	0	0	0	0
28834	169	6	4	21
2884	4	7	2	0
28847	18	1	3	1
2885	6997	9598	4801	9895
28850	8	2	2	1
28854	0	0	1	0
28855	2	0	0	0
28859	0	0	0	0
2886	3629	4859	1162	2795
28861	3	1	2	0
28862	101	36	4	3
28863	3	5	0	0
28864	1	2	0	0
28865	23	8	4	0
28866	7	5	0	0
28869	2	1	0	0
2887	2358	1375	774	2886
28870	37	12	41	0
28871	0	0	0	0
28872	0	0	0	0
28873	0	0	0	0
28874	1382	115	114	22
28875	177	43	33	4
28876	115	52	27	10
28877	9	1	3	0
28878	139	2	0	0
28879	0	0	0	0
2888	93	47	1	172
28880	0	0	1	0
28881	6	3	2	1
28882	49	19	29	3
28883	50	1	7	1
28884	2	0	1	0
28885	13	3	24	0
28886	0	0	0	0
28887	1	0	0	0
28888	1	0	0	0
28889	0	0	0	0
2889	4050	3981	1685	2952
28890	0	0	0	0
28891	19	50	0	0
28892	28	14	2	0
28893	142	27	1	1
28894	0	0	0	0
28895	5	0	0	0
28896	34	5	5	3
28897	1	0	0	0
28898	10	7	2	1
28899	0	1	0	0
2890	44	3	1	2
28900	170	2	73	1
28901	69	20	15	3
28902	249	15	93	9
28903	73	9	10	2
28904	104	40	27	2
28905	7	3	2	0
28906	100	55	37	7
28907	23	90	24	0
28908	7795	769	1338	87
28909	0	0	0	0
2891	24	1	3	1
28910	0	0	0	0
28911	0	0	0	0
28912	7068	2700	1337	263
28913	2136	949	293	72
28914	2774	587	540	988
28915	103	48	17	12
28916	2	0	0	0
28917	0	0	0	0
28918	0	0	0	0
28919	249	57	129	29
2892	13	0	1	6
28920	36	1	156	2
28921	45	6	4	2
28922	7	3	2	0
28923	417	67	49	4
28924	0	0	0	0
28925	0	0	0	0
28926	8	0	1	0
28927	0	0	0	0
28928	0	0	0	0
28929	3	0	1	0
2893	9	5	17	6
28930	171	15	1	0
28931	1	0	0	0
28932	1	1	0	0
28933	32	6	7	1
28934	0	0	0	0
28935	695	458	147	74
28936	0	0	0	0
28937	922	384	75	15
28938	718	173	128	9
28939	18	1	8	0
2894	91	19	14	47
28940	497	213	119	8
28941	1712	974	456	26
28942	155	22	49	0
28943	1125	336	67	9
28946	24	5	2	1
28947	25	8	3	0
28948	9	2	4	0
28949	0	0	0	0
2895	1	0	0	0
28950	87	29	12	3
28951	940	1049	895	790
28952	1448	1654	1131	2682
28954	68	5	4	16
28955	131	140	70	166
28956	1825	2735	1202	2148
28957	221	154	310	364
28958	2879	5112	2670	2916
28959	15573	20278	4261	5303
2896	19414	38649	12464	17569
28960	980	1286	1206	2089
28962	873	1111	310	955
28964	5630	7345	3441	8038
28965	19	3	1	0
28966	248	511	210	223
28968	32	32	4	8
28969	4534	6443	3142	9170
2897	8	3	5	4
28970	1203	1699	658	800
28971	165	374	143	219
28972	3763	5257	3031	4498
28973	2631	3364	1934	4421
28974	3052	4302	2446	4206
28976	1737	3063	1315	2597
28977	2912	2087	2258	3091
28978	889	1033	628	1378
2898	8	4	2	9
28981	608	448	337	497
28982	1034	1074	861	1842
28983	3	0	4	4
28984	469	272	185	367
28985	3419	2411	1518	4027
28986	277	73	26	100
28987	2995	2308	1455	3910
28988	7377	9886	3943	6689
28989	947	977	650	1446
2899	227	24	37	34
28990	278	634	246	410
28991	1121	1454	1175	1724
28992	1077	3532	1233	2070
28996	5243	1403	1779	3965
28998	1836	1456	1668	2628
28999	81	221	11	6
29	10421	15489	9883	11256
290	1250	108	138	234
2900	37	1	2	6
2901	58	11	10	27
29015	175	599	63	96
29018	0	0	0	0
2902	154	21	117	51
29028	1409	824	1776	4053
2903	5	0	0	0
29034	0	0	0	0
29035	1697	2227	1111	1915
2904	521	53	554	825
2905	94	46	17	26
29057	6	12	5	10
29058	5868	6223	2214	3848
2906	2171	1717	1873	2698
29062	486	393	101	502
29063	501	289	214	451
29066	1984	1552	1051	1356
29068	1930	2219	1223	2789
2907	9059	9177	4551	12094
29070	770	561	475	669
29071	2577	1885	1403	2204
29072	4314	3699	2289	3693
29074	1894	3440	1505	3042
29075	27	18	5	24
29078	1065	1575	694	1647
29079	1279	2099	1026	1262
2908	639	88	210	136
29080	1356	1111	694	1533
29081	1419	1870	722	2134
29082	78	36	41	54
29083	308	230	255	411
29085	2020	3070	1116	2177
29086	870	1466	738	1070
29087	1540	2321	784	2199
29088	2501	3023	3033	5819
29089	572	622	767	2238
2909	4581	3452	2341	4619
29090	509	478	423	650
29091	1353	345	332	905
29092	89	33	28	40
29093	1028	1431	656	1233
29094	1166	1484	877	1315
29095	498	712	563	492
29097	1225	2695	1308	2332
29098	30	18	20	25
29099	1024	1545	535	1679
291	1257	1064	943	1641
29100	2089	2265	919	1576
29101	4550	5335	3422	5755
29102	3694	3509	1647	4149
29103	7097	7069	5309	2872
29104	651	734	392	550
29105	921	1215	608	1550
29106	81	1	3	2
29107	979	1647	514	1869
29108	605	4033	1356	856
29109	1032	1591	760	2064
2911	4	6	0	0
29110	1416	1025	863	1195
29113	74	2	6	170
29114	7	5	1	6
29115	2744	4799	1828	3177
29116	1910	1766	715	1126
29117	3337	2905	1631	3449
29118	1	15	2	0
29119	12	2	4	2
2912	18	11	12	7
29121	329	315	78	53
29122	0	0	0	0
29123	4644	4238	2568	5224
29124	0	0	0	0
29125	42	6	6	14
29126	96	41	30	53
29127	1903	1476	1939	4194
29128	729	354	583	1173
2913	12	0	0	5
2914	49	6	2	8
2915	0	0	0	0
2916	10	4	0	6
2917	17	8	16	0
2918	2289	1440	795	664
2919	908	3304	672	4231
292	25989	13599	14658	43176
2920	454	695	107	1012
2921	799	3881	364	3712
2922	42	47	0	170
2923	14189	17477	13106	21513
2925	74	2	2	13
2926	7543	2667	3828	7494
2928	0	0	0	0
293	60680	58174	19131	75176
2931	2115	2630	1777	1764
2932	3766	4034	2457	4419
2934	12957	10669	5220	12012
2935	7619	6207	6147	9750
2936	6560	2184	5553	5003
2937	5879	5882	2457	6442
2938	82	37	16	0
2939	7	0	0	0
2940	0	0	0	0
2941	389	523	392	600
2942	0	0	0	0
2944	0	7	1	30
2946	232	247	114	144
2947	607	454	87	1055
2948	859	1452	1048	1106
2949	134	20	5	37
2950	17994	12136	17188	24517
2951	0	0	0	1
2953	3	1	0	0
2954	864	319	1039	1192
2956	2571	1070	1013	1899
2957	2003	998	1062	1463
2958	1516	1023	993	1777
2959	1087	743	748	873
2960	552	725	352	663
2961	1734	1097	1820	2036
2962	5543	5076	2894	5331
2963	2101	3567	2077	3146
2964	1	0	0	2
2965	1782	1684	832	1893
2966	238	107	73	127
2967	1559	1036	1136	2082
2968	9	15	3	8
2969	1328	258	702	1003
2970	64	34	30	54
2971	8201	10137	2888	5670
2972	1873	1053	1000	3109
2974	82	164	112	35
2975	4455	4000	2604	5304
2976	3183	2920	1684	4049
29760	564	1104	615	158
29761	1595	1325	1223	1375
29763	1109	749	296	892
29765	56	47	33	39
29766	2863	1487	2554	2399
29767	257	199	29	243
29768	2	2	0	3
29769	0	0	0	0
2977	243	19	24	426
29770	0	0	0	2
29771	1	1	0	1
29774	11	2	1	9
29775	6313	2233	2083	1958
29777	1667	2018	1036	1997
29778	0	0	0	1
2978	0	0	0	0
29780	1026	2130	71	2395
29781	1566	1466	1045	2599
29785	10588	11449	1936	8544
29789	6148	4364	2848	9324
2979	58	44	25	42
29796	764	820	766	770
29797	0	0	0	0
29798	161	72	36	80
29799	126	39	17	37
2980	461	73	345	70
29800	892	1329	640	841
29801	1629	2534	1349	2182
29802	52	46	10	12
29803	20063	11167	6117	14913
2981	0	19	31	4
2982	890	49	23	219
2983	565	89	38	250
2984	3016	2495	2654	2972
29841	105	145	436	298
29842	4733	6072	3581	5975
29843	1102	533	500	1067
29844	697	672	273	519
29850	42	204	96	236
29851	94	17	6	16
29855	2895	2830	1779	3309
2986	0	1	0	1
2987	6412	10502	6979	7996
29880	2048	3161	1712	1937
29881	2333	14	28	48
29882	2277	2740	1024	1992
29883	4432	1833	2612	3071
29886	1742	3154	797	2873
29887	546	139	30	131
29888	5274	5302	3183	5160
29889	2993	2101	1883	3103
2989	1	9	4	5
29890	4826	4040	2613	3912
29893	193	104	92	255
29894	7663	8166	5256	9451
29895	9	47	10	10
29896	4299	5412	2421	3268
29899	3113	799	2081	3200
2990	7725	4736	1673	4340
29901	352	724	330	872
29902	122	93	92	421
29903	387	352	119	142
29904	1167	1333	1098	1805
29906	6	0	2	2
29907	95	193	51	44
29909	19	14	29	7
29911	3958	5360	1726	4017
29914	1352	846	836	1439
29915	419	234	218	182
29916	830	1160	704	1154
29919	508	706	323	757
2992	1985	1254	933	1910
29920	1391	2241	1262	2840
29922	246	454	154	334
29923	2083	907	364	1803
29924	10947	15782	6224	6374
29925	935	953	947	866
29926	2663	3369	1114	3049
29927	16119	17681	9799	16667
29928	576	355	685	902
29929	700	445	469	605
2993	0	0	0	1
29930	2	0	0	0
29933	254	38	145	73
29934	2792	2908	2424	5588
29935	0	14	4	9
29937	1933	3843	1559	3562
2994	0	0	0	0
29940	625	86	102	159
29941	539	655	253	728
29942	12	2	0	1
29943	174	64	186	256
29944	20	33	1	3
29945	1859	1264	1062	1703
29946	698	2117	795	1307
29947	0	0	0	0
29948	353	568	143	335
29949	2	1	5	1
2995	401	130	32	137
29950	569	1359	954	839
29951	19	0	0	10
29952	4496	9103	2179	7092
29953	257	488	64	13
29954	1049	558	538	1952
29956	3340	2140	1579	4357
29957	2481	1186	1639	1740
29958	73	19	6	18
29959	5349	4123	2866	5650
2996	3	0	1	1
29960	12	9	7	12
29964	5	14	2	1
29965	386	153	96	174
29966	1036	462	428	1084
29967	736	532	399	575
29968	2011	750	984	5909
29969	661	133	449	118
2997	2432	3057	2489	3232
29970	14	18	6	8
29974	1688	925	783	722
29978	2422	1655	1210	2911
29979	5972	5560	3733	7307
2998	0	0	0	0
29980	415	719	407	707
29982	708	776	477	1156
29984	503	857	133	812
29985	550	514	398	908
29986	26	47	85	33
29988	3019	1663	673	2992
29989	66	1	2	2
2999	22	18	8	43
29990	1102	1570	143	515
29991	3	1	1	1
29992	114	102	14	48
29993	19	17	4	25
29994	3052	1744	1109	1618
29995	969	526	324	467
29997	21606	20557	9105	25276
29998	1170	1421	553	978
29999	4	3	1	5
3	8	5	0	5
30	1446	3434	1964	1563
3000	6	6	3	1
30000	6056	4299	3547	7629
30001	5040	3689	2980	7654
30008	1335	731	103	779
30009	21	6	6	11
3001	65	51	18	43
30010	37	0	2	5
30011	3194	3680	2598	6611
30012	2	0	0	1
30014	0	0	0	0
3002	323	17	21	64
3003	12	6	4	4
3004	33	24	15	14
3005	7954	9885	6882	11998
3006	154	782	205	249
30061	10153	19555	7607	3796
30062	0	0	0	0
3007	3	13	2	2
3008	3	11	6	13
3009	2	11	1	8
301	2137	324	5823	1223
3010	0	0	0	0
3012	11	89	18	21
3013	1	1	0	0
3014	1921	2724	1698	5988
3015	5030	2985	4414	9018
3017	82	941	111	339
3018	0	1	0	0
302	35725	35947	30642	29792
3020	1647	1831	1377	1655
3021	30103	38806	18013	20117
3024	0	0	0	0
3026	7	24	0	5
3028	3906	4491	2459	7603
3029	1239	1940	972	1735
303	22	17	17	32
3030	13491	12262	6539	17929
3031	5	4	3	2
3032	4510	5440	3557	6322
3033	4135	2663	3431	3912
3034	19	30	20	42
3035	3844	3802	1757	3167
3036	21	2	1	4
3037	1345	90	90	221
3038	1377	446	344	1670
3039	1	3	4	1
304	283	255	234	211
3040	27	63	60	52
3041	0	0	0	0
3042	0	0	0	0
3043	93	241	246	98
3044	0	0	0	0
3045	0	1	1	14
3046	0	0	0	0
3047	0	0	0	0
3048	0	0	0	0
3049	0	1	4	0
305	5	1	1	0
3050	0	0	0	0
3051	0	0	0	0
3052	1346	1283	796	2358
3053	13	12	41	22
3054	7823	4379	3302	8957
3055	448	85	66	242
3059	1147	373	201	379
306	3861	2970	2755	3265
3060	11	13	7	10
3061	9	4	3	4
3062	2	0	1	0
3064	4210	2355	2754	5707
3065	10258	9490	8651	12049
3066	6299	4790	3182	7997
3067	189	8	6	8
3068	15908	17882	10453	23072
3069	30808	21956	14443	35861
307	15252	13986	5115	13389
3070	893	774	639	2112
3071	811	171	130	141
3073	1072	367	409	606
3074	8480	7447	2642	6857
3075	1548	169	121	200
3077	590	711	440	459
3078	2	1	0	0
308	6009	3552	3377	7152
3080	0	2	0	0
3081	504	212	375	139
30811	2703	1063	2974	1058
30812	65	637	1	275
30813	2	2	0	0
30814	0	0	2	0
30815	3	12	21	10
30816	7	3	19	15
30817	228	59	92	313
30818	88	24	11	36
30819	73	190	40	170
3082	270	23	8	29
30820	7	0	0	2
30827	1910	1864	1043	1629
3083	3	23	3	3
30832	200	50	4	10
30833	997	1705	833	1214
30834	668	1309	377	1037
30835	144	14	37	29
30836	3073	1467	1811	2439
30837	2050	1175	1121	2484
3084	71	15	42	15
30844	2010	1932	2123	1865
30845	402	53	34	165
30846	1807	631	324	1161
30847	0	12	0	0
30848	0	0	0	0
30849	1409	1197	992	1669
30850	394	505	535	1588
30851	6	12	7	7
3087	144	186	15	54
309	9009	2558	569	2517
3090	805	111	44	224
3091	3376	1066	1505	2127
3092	2222	1109	242	1668
3093	4324	2561	2638	5189
3094	11689	13997	5760	10430
3096	1143	1532	774	945
30968	4666	6091	3296	10827
3097	1519	922	586	603
3098	4546	4456	5026	5637
3099	4961	6779	16065	9438
31	4219	4206	3171	7346
310	3489	3875	3788	5045
3101	128	5	13	80
3104	1224	994	550	599
3105	24986	49498	22174	33879
3106	27836	71730	26474	37774
3107	20893	44398	12482	23754
3108	873	1353	578	1168
3109	545	242	110	397
311	11905	21136	13988	15192
3110	799	651	211	807
3111	481	118	62	126
3112	63	48	12	19
3113	4003	1005	310	979
3115	2942	985	455	689
3116	6	5	6	2
3117	2283	541	551	674
3118	65	87	76	119
3119	3284	1704	354	283
312	1559	123	380	59
3120	118	175	125	105
3121	0	0	0	0
3122	8688	5544	2345	2256
3123	5717	7447	1329	1445
3127	1007	2418	252	269
3128	225	144	78	106
313	1617	956	811	1373
3131	182	50	50	23
3132	5	2	0	0
3133	19441	34826	12850	21616
3134	1589	6998	1388	1810
3135	80	168	83	150
3136	674	1775	721	1147
3137	11	25	4	19
3138	257	505	53	103
3139	142	128	37	63
314	30	13	16	33
3140	908	460	530	249
3141	1461	1571	1602	1961
3142	184	83	28	132
3145	1546	2179	890	3700
3146	11003	17025	9730	12759
3148	4610	3727	3428	9260
3149	3684	2545	2282	6337
3150	6508	10078	5236	7588
3151	6147	3990	3506	7740
3152	1	0	0	0
3155	2090	1478	1987	1778
3156	4948	4761	2674	8063
3157	3501	2808	2815	9112
3158	6861	30580	32270	3583
3159	16504	13928	10568	26174
316	255	24	7	28
3161	797	448	434	1803
3162	635	225	303	475
3163	2023	3638	1731	3496
3164	3166	7104	9387	5618
3166	0	0	0	0
3167	1	0	2	4
3169	2645	1324	1334	359
317	1432	1291	1024	1219
3170	1629	2411	585	3484
3171	2636	2497	1745	1625
3172	15322	13999	5181	16981
3174	1443	1212	1636	2074
3175	11	6	0	2
3176	2184	4191	1121	2295
317648	509	320	161	413
317649	543	1137	325	568
317662	822	786	598	666
317671	28	24	18	18
317684	0	11	2	5
317686	0	0	0	0
317687	2	0	0	1
317691	0	0	0	0
3177	1616	2509	792	3536
317701	0	0	0	1
317702	0	0	0	0
317703	0	0	0	0
317705	1	0	0	1
317716	0	0	0	0
317719	4	1	0	2
317726	0	0	0	1
317729	0	0	2	2
317749	799	688	473	983
317751	23	9	10	18
317753	0	0	0	0
317754	0	0	0	0
317760	17	17	8	18
317761	0	0	0	1
317762	878	579	791	2010
317767	2	0	0	2
317768	6	0	0	0
317769	1	0	0	0
317772	1	1	0	0
317774	0	1	0	0
317775	3	0	0	1
317778	0	0	0	0
317780	1	11	1	7
317781	2202	2053	1389	2281
317784	4	4	0	3
3178	53677	25870	22188	46049
318	401	429	401	901
3181	43053	41487	25723	45615
3182	10663	14666	7959	14561
3183	16532	11759	10393	21296
3184	11833	7126	6074	12280
3185	13370	13879	11443	20628
3186	0	0	0	2
3187	23484	17549	9020	11857
3188	5149	3140	2388	5101
3189	6287	7020	2917	4782
319	1	7	0	0
3190	25838	22353	14908	25559
319085	4	4	0	14
319087	0	0	0	2
319089	82	23	30	6
319093	22	14	18	22
319098	7	1	3	9
319099	3	1	0	3
3191	7474	5944	5027	8034
319100	0	0	0	0
319101	0	0	0	0
319102	0	0	0	0
319103	0	0	0	0
319111	2	0	0	0
319112	3	1	0	2
319114	2	8	0	2
319115	0	1	0	0
319116	0	0	0	0
319117	5	0	0	3
319118	2	0	0	0
319119	1	2	0	6
319120	0	0	0	0
319121	0	0	0	0
319122	2	1	2	0
319123	0	0	0	0
319128	6	8	2	7
319129	2	2	2	1
319130	10	0	4	4
319131	13	2	2	9
319133	0	0	0	0
319134	6	16	0	0
319135	0	2	0	0
319136	0	0	0	0
319137	2	7	26	31
319138	0	0	0	0
319139	0	1	0	1
319140	3	3	12	9
319142	0	0	0	0
319143	5	2	0	7
319144	3	0	0	2
319145	2	1	0	2
3192	24287	18539	14591	24305
3195	143	266	170	844
3196	4	3	23	7
3198	150	348	7	155
3199	121	2848	29	291
32	1560	1583	196	1086
320	250	293	47	124
3200	806	6674	146	983
3201	13	122	5	12
3202	605	4358	102	553
3203	107	514	23	112
3204	551	1151	126	540
3205	1894	5047	513	1587
3206	1024	2031	336	1074
3207	499	138	119	1089
3208	14	30	14	10
3209	10	54	826	2053
321	179	39	23	65
3211	0	1	0	1
3212	177	90	15	89
3213	2609	8748	731	3228
3214	445	493	89	317
3215	2139	6162	1381	2415
3216	1535	4240	1340	2074
3217	1579	4010	1390	3073
3218	2739	10176	3334	3829
3219	7067	26612	7471	14400
322	459	271	39	360
3221	40	4	0	228
3222	3	0	0	6
3223	110	13	0	486
3224	38	7	0	82
3225	41	3	0	60
3226	9	2	0	14
3227	408	68	0	70
3228	17	0	0	49
3229	3	0	1	17
323	2167	578	1477	1941
3231	6	14	2	2
3232	59	97	5	86
3233	103	191	9	180
3234	316	239	15	366
3235	1458	164	19	595
3236	1216	20	30	280
3237	299	4	1	83
3238	50	1	1	23
3239	588	0	0	1577
324	1510	1270	983	1611
3240	3	4	0	1
3241	3779	3675	2030	3269
3242	14	10	2	20
3248	440	387	446	278
3249	11	9	10	38
325	0	1	0	0
3250	6	1	7	6
3251	1753	1378	853	5635
3254	0	0	0	0
3255	0	0	0	0
3257	5363	5811	3312	4549
326	10	10	0	5
326105	0	0	0	0
326106	0	0	0	0
326107	2	0	2	8
326268	0	0	0	1
326269	3	0	0	2
326272	0	0	0	0
326275	2	0	0	0
326276	1	0	0	0
326277	0	0	0	0
326278	2	2	1	0
326279	6	5	3	3
326286	0	0	0	0
326288	0	0	0	0
326291	0	0	0	0
326292	2	2	1	2
326293	2	1	6	2
326294	0	0	0	2
326295	0	2	0	1
326296	0	0	0	0
326298	0	0	0	0
3263	134	153	94	72
326300	3	7	1	8
326301	1	1	0	2
326302	0	0	0	0
326303	2	2	0	0
326304	2	1	1	1
326307	665	457	384	681
326309	1	2	1	2
326310	141	149	46	113
326311	0	0	0	0
326315	2	0	0	2
326317	0	0	0	0
326325	2	1	1	0
326337	0	0	0	0
326339	0	0	0	0
326340	0	1	0	1
326341	0	0	0	0
326342	33	7	5	5
326343	2	39	5	8
3265	1101	3136	778	1966
326586	0	0	0	0
326591	246	81	96	139
326593	1	1	1	0
326596	2	0	0	3
3266	9	5	0	4
326603	9	11	36	26
326605	0	0	0	0
326606	0	0	0	0
326607	0	0	0	0
326608	0	0	0	1
326609	5	1	2	3
326611	1	1	1	0
326613	0	0	0	0
326614	0	0	0	1
326615	0	0	0	0
326616	6	5	0	3
326617	0	0	0	0
326624	431	480	59	81
326625	1416	1651	1137	2523
326627	1	1	0	0
326628	0	0	0	0
3267	4434	3034	2099	3464
3268	1677	4389	1082	2429
3269	779	1141	585	776
327	6230	9212	4846	6546
3270	34	33	9	35
3273	2	149	0	1
3274	80	13	7	24
3275	2865	4505	2756	2670
3276	7983	6791	5415	10207
327657	3	1	0	1
327658	0	0	0	0
327659	0	0	1	0
328	8360	3314	3942	9486
3280	3576	5103	2173	5687
3281	3955	5915	2686	3913
3283	53	0	1	1
3284	0	2	12	2
329	1950	2623	1232	2059
3290	37	394	2	26
3291	7244	12820	5996	3182
3292	16	23	11	9
3293	2	3	1	0
3294	212	307	187	73
3295	6648	5933	4500	4514
3297	4572	4943	4283	6940
3298	635	588	297	838
3299	1064	3447	789	1264
33	0	6	1	1
330	858	921	724	571
3300	3938	5543	2217	4004
3301	6607	5937	2925	10102
3303	1147	3901	128	1660
3304	1648	5755	2185	3092
3305	66	103	40	78
3306	795	350	4938	504
3308	8507	5323	3924	6483
3309	29818	30012	14727	29156
331	6002	2922	2296	5638
3310	60	125	6	79
3311	109	52	14	61
3312	64260	23155	30076	81098
3313	18251	16052	9931	20551
3314	56	6	5	15
3315	14707	29343	11573	4253
3316	2	0	0	0
332	1549	1670	1334	4865
3320	46185	23967	26573	83093
3321	828	795	798	1178
3322	1	2	2	0
3323	3	0	0	0
3324	21	7	4	17
3326	69519	68013	36064	61468
3327	54	54	10	24
3329	33303	28068	14593	65116
333	68	74	2	24
3332	1	0	1	1
3336	1563	2300	834	1926
3337	8728	10434	6659	9243
3338	1178	1358	574	1192
3339	11060	2546	3146	8868
333926	11	244	39	81
333929	43	33	19	19
333932	1	0	0	0
334	18613	28752	11951	32333
3340	3507	3050	1932	3279
3344	903	1198	709	830
3346	0	0	0	0
3347	0	0	0	0
335	2	269	1	4
3350	0	0	0	0
3351	28	2	3	2
3352	503	54	46	116
3354	0	0	0	0
3355	15	3	0	3
3356	23	5	0	2
3357	17	2	1	10
3358	0	1	0	0
3359	6	2	1	2
336	0	835	1	5
3360	148	30	8	2
3361	0	0	0	0
3362	5	6	3	1
3363	16	1	4	1
3364	992	1202	861	1087
337	1	0	0	0
3371	3786	235	975	621
3373	137	106	2018	44
3375	0	0	0	0
3376	6517	4269	4408	11275
337867	4566	6631	3075	4887
337872	1	0	0	0
337873	132	302	59	207
337874	37	138	24	71
337875	0	0	0	0
337876	42	23	18	40
337878	0	0	0	0
337879	0	0	0	0
337880	1	0	0	0
337882	1	0	0	0
337959	0	0	1	0
337960	0	0	0	0
337963	0	0	0	0
337964	0	0	0	0
337965	0	0	0	0
337966	0	0	0	0
337967	0	0	0	0
337968	0	0	0	0
337969	0	0	0	0
337970	0	0	0	0
337971	0	0	0	0
337972	0	0	0	0
337973	0	0	0	0
337974	0	0	0	0
337975	0	0	0	0
337976	0	0	0	0
337977	0	0	0	0
337978	0	0	0	0
337979	0	0	0	0
337980	0	0	0	0
337981	0	0	0	0
337982	0	0	0	0
337983	0	0	0	0
337984	0	0	0	0
337985	0	0	0	0
337986	0	0	0	0
338	2	32	0	4
338002	0	1	2	2
338004	0	0	0	0
338005	1	1	1	0
338017	2	3	5	2
338069	2	0	1	1
338091	1	0	0	1
338094	58	28	44	35
338095	16	4	3	10
338096	1	0	0	5
338097	1	4	1	1
338098	0	1	1	1
338099	52	36	12	35
3381	0	1	0	1
3382	4737	6819	2534	4472
3383	656	789	163	363
338321	20	9	2	2
338322	0	0	0	0
338323	5	0	2	3
338324	0	0	0	0
338328	17	7	5	6
338339	2	0	0	4
338376	15	0	14	2
338382	126	18	118	41
338388	0	0	0	0
338391	0	1	1	1
338396	8	2	0	0
338398	0	0	1	0
338399	0	0	0	0
3384	368	168	79	339
338412	1	1	1	0
338413	0	1	0	0
338427	0	0	0	0
338428	0	0	0	0
338429	0	0	0	0
338433	0	0	0	0
338436	0	0	0	0
338440	15043	19542	3448	15048
338442	2	2	1	15
338448	0	0	0	0
338470	3	0	2	2
3385	67	13	4	17
338557	377	1265	316	2269
338567	0	0	0	0
338579	2	0	20	2
338588	1	11	1	9
338591	0	0	1	0
338596	35	138	16	140
338599	0	0	0	0
3386	0	0	0	0
338611	2	2	0	0
338637	0	0	0	0
338645	38	354	49	19
338651	125	326	75	187
338653	1	2	1	2
338657	783	1919	628	1531
338661	0	0	0	0
338662	0	0	0	1
338667	1	0	0	1
338674	0	0	0	0
338675	0	0	0	0
338692	1449	2509	589	2086
338699	434	498	348	663
338707	345	341	366	1713
338739	1	3	0	1
338751	0	0	0	0
338755	13	9	8	10
338758	52	100	18	24
338761	1	1	0	18
338773	1022	158	132	352
338785	5	1	0	2
338797	0	0	0	0
338799	584	1094	223	411
338811	35	35	15	14
338817	96	20	36	36
338821	0	1	3	6
338862	0	0	0	0
338864	0	0	0	0
338870	4	3	0	2
338872	7	11	2	0
338879	1	0	1	0
338917	0	0	0	0
338949	0	0	0	0
339	392	155	142	133
339005	20	5	1	9
339039	161	112	67	144
339044	0	1	1	2
339105	41	36	23	52
339122	38	65	36	53
339123	528	540	311	623
339145	18	4	0	3
339168	0	0	0	0
339175	1114	1567	885	1963
339184	0	0	0	0
339186	0	4	0	1
339192	162	44	10	31
339201	395	585	256	387
339210	57	115	19	157
339221	2	1	0	1
339229	809	2638	712	1315
339230	1645	2731	1224	2487
339231	1200	1914	598	1522
339240	0	0	0	0
339241	1	0	0	0
339244	0	0	0	0
339256	0	0	0	0
339257	3	0	0	1
339258	0	0	1	1
339263	484	328	145	582
339287	5666	4227	3060	6241
339290	3635	704	595	1266
339291	0	0	0	0
339302	0	0	0	0
339318	466	564	196	338
339324	1255	833	440	714
339327	169	142	67	86
339344	452	667	300	511
339345	0	0	0	0
339366	252	367	305	516
339390	0	0	0	0
339396	0	0	0	0
339398	10	3	2	0
3394	1259	987	50	2435
339400	34	6	2	11
339403	83	734	23	55
339416	1	1	4	1
339442	0	0	0	0
339448	1360	959	695	1390
339451	308	570	203	616
339453	35	46	13	36
339456	71	346	156	580
339468	0	0	0	0
339479	0	6	21	0
339483	447	348	69	174
339487	752	825	461	612
339488	40	118	111	65
339500	307	348	199	394
339501	0	0	0	0
339505	5	0	0	4
339512	2	0	117	0
339521	0	0	0	0
339524	9	2	1	4
339529	1	4	1	1
339535	1	188	0	0
339541	68	15	14	15
339559	263	192	122	256
339562	3	1	0	0
339568	0	0	0	0
3396	1128	2221	1152	1903
339622	0	0	0	0
339665	453	870	1278	1506
339669	1	0	0	0
339674	1	1	2	24
3397	7129	1523	5762	9096
339736	3	1	0	0
339742	0	2	3	3
339745	1186	960	570	1066
339751	1508	45	3	1012
339761	14	5	1	14
339766	1	3	0	0
339768	141	7	3	68
339778	487	517	122	1064
339779	0	0	0	0
339781	1	4	1	3
339788	3	1	0	0
339789	77	148	16	91
339799	341	347	76	357
3398	2634	1733	1654	4511
339803	48	9	10	19
339804	6	1	1	0
339807	1	2	0	2
339822	1	3	0	1
339829	8	3	5	9
339834	17	4	3	8
339843	4	0	0	0
339845	0	0	0	0
339855	19	7	3	22
339862	16	12	0	40
339874	53	283	71	38
339879	56	36	33	40
339881	1	0	0	1
339883	53	110	50	56
339894	0	1	0	1
339896	6	0	0	0
339897	9	0	0	0
3399	3951	574	2511	3146
339906	5	6	0	0
339926	0	0	0	0
339929	54	38	29	28
339942	60	99	22	50
339965	22	12	5	3
339967	0	0	0	0
339970	2	1	0	0
339976	0	0	0	0
339977	428	239	331	167
339978	0	0	0	0
339983	35	4	4	40
339988	32	140	40	82
34	1341	634	1344	951
3400	817	82	268	220
340017	0	0	0	0
340024	1	2	14	1
340037	53	41	31	129
340061	2774	2883	2519	1431
340069	1	1	0	1
340073	1	0	0	2
340074	8	0	0	1
340075	56	12	4	18
340094	0	0	0	0
340096	0	0	0	0
340107	0	0	0	0
340113	0	0	0	0
340120	8	0	1	0
340146	94	222	227	1541
340152	205	1268	106	330
340156	68	17	34	42
340168	0	0	0	0
340192	0	0	0	0
340198	1	2	1	1
340204	0	0	0	0
340205	7	3	0	5
340206	1	0	0	1
340217	0	0	0	0
340221	2	9	0	2
340252	574	418	180	424
340260	0	0	0	0
340267	136	115	51	15
340273	5	0	0	0
340274	1	2	0	2
340277	876	960	108	483
340286	4	5	3	4
340307	0	0	0	1
340348	1569	665	342	1315
340351	171	76	36	72
340357	2	0	0	0
340359	6	1	0	3
340371	1012	3290	1507	1584
340385	753	644	358	753
340390	150	253	91	90
340393	1	17	126	29
340419	119	0	2	1
340441	0	0	0	0
340451	0	0	0	0
340460	0	0	0	0
340481	1082	1202	649	1236
340485	150	233	122	238
340501	5	3	0	0
340508	0	0	0	0
340515	1	1	0	0
340526	303	22	10	82
340527	297	36	36	105
340529	0	0	0	0
340533	18	3	0	1
340542	139	145	1	158
340543	6	0	0	1
340544	54	75	18	47
340547	9	15	7	21
340554	268	211	113	220
340562	2	0	0	2
340569	0	1	0	0
340571	0	0	0	0
340578	1	0	0	0
340581	1	0	0	1
340591	118	177	135	234
340595	0	0	0	0
340596	6	0	0	0
340598	3	2	0	4
340600	0	0	0	0
340602	1	0	0	0
340618	0	0	0	0
340654	1	1	1	1
340665	0	0	1	2
340706	7582	2747	4575	3137
340719	33	11	11	46
340745	45	184	108	35
340749	3	1	0	1
340780	8	20	13	4
340784	2	7	7	19
340811	1	6	0	3
340888	2	7	3	0
340895	33	0	0	1
340900	1	0	0	0
340947	5	4	2	1
340970	0	0	0	0
340980	0	1	0	0
340990	4	2	0	8
341	64	104	30	159
341019	4	0	0	3
341032	28	384	47	415
341056	0	0	0	0
341112	0	0	0	0
341116	0	0	0	0
341128	0	1	0	1
341148	0	2	0	0
341152	0	0	0	0
341208	251	45	18	57
341230	4	2	1	1
341276	2	2	2	4
341277	1	5	0	1
341315	31	9	4	19
341333	0	0	0	0
341346	16	6	6	8
341350	1	0	0	0
341356	0	0	0	1
341359	0	0	0	0
341392	9	6	4	4
341405	0	63	0	17
341416	0	0	0	1
341418	0	0	0	0
341457	2	1	0	0
341511	1	0	0	0
341567	10	0	0	1
341568	0	0	0	0
3416	2751	2018	1955	3110
341640	1303	368	343	25
341674	0	0	0	0
341676	152	242	281	686
341689	1	1	0	0
3417	5763	7896	4348	9533
341757	0	0	0	0
341784	2	4	0	1
341799	0	0	0	0
3418	10839	3528	4925	9633
341880	4	0	3	4
341883	24	8	2	13
3419	923	434	702	1328
341947	0	0	0	1
341965	3	1	0	0
342	0	0	0	1
3420	5102	5037	2122	3747
342035	22	19	34	18
342096	0	0	0	0
3421	4721	3378	2030	4550
342125	22	7	2	6
342132	459	599	416	561
342184	1575	687	1128	810
3422	1670	2912	1770	5183
342293	6	17	1	11
3423	380	78	168	244
342346	1	0	0	1
342357	284	202	110	315
342358	0	1	1	0
342371	2162	1768	1199	1885
342372	5	11	1	2
342374	1	4	1	0
3424	3	3	8	2
342419	6	3	0	0
342426	0	0	0	0
3425	1419	1231	365	753
342510	41	11	1	12
342527	67	1	3	33
342538	7	10	6	14
342541	11	13	3	0
342574	3	0	1	1
3426	139	17	52	18
342618	8	0	1	2
342666	4	2	2	0
342667	12	3	12	0
342705	1	0	1	0
342732	9	3	0	1
3428	2108	1336	434	718
342808	3	2	0	1
342850	0	0	2	2
342865	0	1	0	0
342892	187	128	72	250
342897	8	10	9	1
342898	0	0	0	0
3429	13642	21361	10906	12827
342900	0	0	0	0
342908	74	54	21	94
342909	235	211	100	128
342918	6	7	1	14
342926	73	14	11	24
342931	1	8	0	0
342933	1	1	1	2
342945	227	185	217	251
342977	47	37	5	223
342979	437	38	239	68
342994	10	2	1	2
343	9	599	171	72
3430	2013	2200	793	1291
343035	0	0	0	0
343045	0	0	0	1
343066	0	0	0	0
343068	0	0	0	0
343069	1	0	0	0
343070	0	0	0	0
343071	0	0	0	0
343099	209	87	257	322
3431	1016	1006	251	506
343169	0	0	0	1
343170	0	0	0	0
343171	1	14	1	39
343172	0	2	0	2
343173	0	0	0	0
343263	4	9	0	4
343296	0	0	0	0
3433	267	270	52	150
343326	10	15	11	14
343332	0	2	0	1
343338	1	0	0	0
343381	15	2	8	18
3434	225	453	42	221
343406	0	0	0	0
343409	0	0	0	0
343413	13	3	0	6
343450	41	2	1	4
343472	0	0	0	0
343477	4	5	0	0
343495	2	0	0	2
343505	45	0	2	0
343515	2	0	0	0
343521	12	10	22	16
343563	0	0	0	0
343578	23	1372	8	173
343637	4	1	2	4
343641	18	0	0	0
3437	476	537	169	309
343702	4	2	0	0
343727	0	0	0	0
343819	0	0	0	0
3439	0	0	0	0
343901	0	0	0	0
343930	1	2	5	0
343981	0	0	0	0
343990	1288	1312	635	776
344	2	0	0	0
3440	0	0	0	0
344018	0	0	0	0
344022	0	0	0	1
344065	30	3	6	13
3441	0	0	0	0
344148	1138	11	78	23
344167	1	0	0	5
344178	0	1	0	0
344191	3	0	0	2
3442	0	0	0	0
3443	0	0	0	0
344320	6	3	0	3
344328	1	0	0	0
344332	0	0	0	0
344371	1	2	0	1
344387	4	1	1	0
3444	0	0	0	0
344405	108	146	21	75
344423	23	15	16	20
344454	0	1	0	2
344462	6	8	1	3
344471	6	10	3	1
3445	0	0	0	0
344558	939	85	75	215
344561	0	0	0	0
344593	1	0	0	0
344595	118	134	35	71
3446	0	0	0	0
344653	1	1	0	0
344657	47	69	61	17
344658	1	1	6	0
344697	73	11	5	15
3447	0	0	0	0
344709	0	0	0	0
344729	0	0	0	0
344741	2	0	0	0
344752	0	0	0	0
344758	0	0	0	0
344760	0	0	0	0
344787	118	197	67	101
3448	0	0	0	0
344805	11	36	4	8
344807	0	1	0	14
344813	0	1	0	0
344838	0	2	0	0
344866	11	13	7	3
344875	11	6	1	8
344887	55	543	83	101
344892	0	0	0	0
3449	0	0	0	0
344901	0	1	0	0
344905	0	5	0	0
344978	2	3	1	0
344988	0	0	0	0
345	0	3	0	0
345016	0	0	0	0
345041	7	9	2	6
345051	29	2	4	0
345062	2	3	3	10
345079	1227	682	623	864
3451	0	0	0	0
345193	6	4	30	39
3452	0	0	0	0
345222	9	20	11	40
345258	0	0	0	0
345274	5	4	3	13
345275	14	8	4	18
3453	0	0	0	0
3454	3158	3355	2828	2406
345430	1	2	0	1
345456	0	0	1	0
345462	104	111	27	3
3455	67	58	36	49
345557	2	0	2	3
3456	0	0	0	0
345611	3	1	1	0
345630	6	8	1	1
345643	49	119	38	50
345645	1	0	0	0
345651	0	0	0	0
345757	898	793	367	581
345778	1320	492	306	383
3458	1	0	0	3
345829	2	0	0	1
345895	13	9	14	12
3459	2376	4482	2652	3680
345930	6	19	9	10
346	0	0	0	0
3460	3400	3738	1734	3939
346007	27	25	9	16
346085	9	7	3	4
3461	0	0	0	0
346116	0	0	0	0
346157	408	291	106	253
346171	20	0	0	7
346288	0	0	0	0
3463	2	3	1	7
346389	7856	2268	1778	4306
346470	0	0	0	0
346517	0	0	0	0
346524	0	0	0	0
346525	3	0	0	1
346528	4	3	0	4
346562	0	0	13	0
346606	2500	4568	387	1219
346653	151	105	105	56
346673	0	0	0	0
346689	6	1	0	61
3467	0	0	0	0
346702	23	27	203	65
346708	1	0	0	0
346711	0	0	0	0
3469	0	0	0	0
346950	28	35	22	36
346990	1	1	0	0
347	2252	469	69	201
347028	0	1	0	0
347051	36	31	37	25
347088	1	5	5	7
347127	0	0	0	0
347148	23	26	17	34
347168	0	0	0	10
347169	1	0	0	0
347193	2	0	1	0
347240	418	244	269	902
347252	430	21	3	33
347265	85	13	0	24
347273	18	13	1	12
347275	0	0	0	0
347281	0	0	0	0
347292	1	4	1	4
347333	4	7	2	3
347344	657	508	314	642
347359	1	3	0	0
347363	0	0	0	0
347365	1	0	1	32
347376	1	2	1	1
3474	0	0	0	0
347402	1	0	1	5
347404	66	234	306	132
347411	0	1	0	1
347422	0	0	0	0
347442	0	0	0	0
347454	59	90	44	164
347468	0	0	0	0
347475	1	2	2	1
347487	0	0	0	0
3475	691	677	428	1040
347509	1	0	0	0
347516	0	0	0	2
347517	19	38	12	30
347527	24	4	8	29
347541	5	2	1	20
347544	4	4	1	2
347549	9	1	0	0
347584	0	0	0	0
347598	0	0	0	0
3476	4356	3416	1798	8511
347613	20	19	0	18
347673	1	0	2	0
347675	0	0	1	0
347686	0	0	0	0
347687	1	1	0	2
347688	13	0	0	1
347689	4	1	3	5
347694	3	0	0	0
347701	1	1	0	0
347702	0	0	0	0
347703	0	0	0	0
347704	0	0	0	0
347705	0	2	0	0
347706	0	0	0	3
347716	18	159	15	9
347717	0	0	0	0
347720	0	0	0	0
347730	11	4	0	50
347731	1	0	1	1
347732	49	43	8	16
347733	768	33	44	21
347734	3728	3794	1932	5740
347735	11147	12129	8801	9191
347736	17	15	18	22
347741	0	0	0	0
347744	5	10	6	12
347853	175	4	8	7
347862	3592	5533	2435	5740
347894	0	0	0	0
3479	155	2	2	2
347902	3027	187	379	671
347918	301	434	269	660
347933	0	0	0	0
348	1133	485	54	888
3480	3818	1729	1574	3790
348013	274	341	306	191
348021	0	0	0	0
348093	135	24	8	38
348094	204	108	84	109
3481	20	4	6	1
348110	3111	1437	1191	1247
348120	0	0	0	0
348156	17	22	12	28
348158	2	1	0	3
348174	7	26	10	3
348180	761	931	441	913
3482	12753	11058	6155	14121
348235	1070	663	719	2107
348249	1	0	1	2
348254	2	15	4	3
348262	2569	4817	967	1727
3483	140	22	7	12
348303	2	0	0	0
348327	133	158	41	5
348378	18	7	0	3
3484	3	55	0	13
348487	22	32	4	68
3485	2458	4562	6452	15065
348567	0	1	0	0
3486	8320	2252	541	2765
348645	35	7	102	19
348654	1270	1257	948	2351
3487	16276	17239	3098	16366
348751	145	123	73	230
348761	75	39	24	33
348793	277	414	158	420
3488	26995	1461	1305	3735
348801	60	15	22	71
348807	2	5	1	5
348808	1	1	3	1
348825	4	64	605	44
348840	1	0	0	5
3489	436	64	40	268
348910	0	1	0	0
348926	183	107	77	330
348932	1	4	0	1
348938	13	13	30	44
348980	586	2	9	8
348995	1720	2319	1225	2724
3490	7333	2537	663	3980
349075	129	55	46	86
3491	3502	1444	481	1878
349114	1360	901	304	338
349136	45	47	11	28
349149	48	49	6	33
349152	113	13	34	106
349158	0	0	0	0
3493	26804	57071	21856	4925
349334	0	2	7	0
349372	0	0	0	0
349386	0	0	0	0
349391	0	0	0	0
3494	27838	46641	18977	950
349408	1	0	0	0
349448	0	0	0	0
3495	125	39	34	5
349565	829	234	116	692
349633	0	3	0	2
349667	31	60	6	40
3497	24	19	2	2
3498	0	0	0	0
349814	0	0	0	0
349842	0	0	0	0
3499	2	0	1	2
35	2196	3939	1605	1376
350	43	98	3	5
3500	161430	9496	2216	6245
3501	43854	3354	1652	1421
3502	10674	1090	812	5113
350297	0	0	0	0
3503	49286	1325	584	297
350383	5	1	0	2
3505	3490	252	121	178
3507	4253	4120	3146	407
3508	1291	1969	586	1586
351	61550	49059	46748	48539
351143	0	0	0	0
3512	9550	12414	5461	272
3513	0	0	0	0
3514	136398	60812	22140	8600
351449	0	0	0	0
3516	3837	1487	1751	3144
3517	0	0	0	0
3523	31	14	8	4
3525	4	0	0	0
3527	0	0	0	0
352852	1	4	0	5
352887	2	586	0	0
352896	0	1	0	0
3529	10	1	0	0
352905	0	0	0	0
352909	4	25	74	56
352954	255	256	69	154
352962	33	50	11	12
352963	0	1	0	0
352964	0	0	0	1
352965	7	27	2	5
352966	13	5	4	7
352967	0	0	0	0
352999	2	4	1	3
353	3513	5453	3516	6806
3530	19	2	1	1
353005	0	0	0	0
353013	0	1	0	0
353019	0	1	1	2
353088	496	462	270	289
353091	6	21	9	19
353094	0	0	0	0
3531	0	0	0	0
353116	471	405	150	461
353131	0	0	0	0
353132	1	1	0	0
353133	1	0	0	0
353134	1	0	0	0
353135	1	0	1	0
353137	0	0	0	0
353139	1	0	0	0
353140	1	0	0	0
353141	0	0	0	0
353142	0	0	0	0
353143	0	0	0	0
353144	0	0	0	0
353145	1	0	0	0
353149	0	0	0	1
353163	2	8	1	1
353164	1	2	1	0
353174	3	4	6	8
353189	11	13	7	4
353194	1	0	0	0
353196	0	0	0	0
3532	3	1	0	0
353219	1	3	6	0
353238	3	0	0	0
353267	1	1	28	2
353274	1688	1203	963	1330
353288	0	0	0	0
353299	0	1	0	0
353322	76	76	118	279
353323	0	0	0	0
353324	94	41	28	24
353329	1	0	1	2
353332	0	0	0	0
353333	0	0	0	0
353345	15	2	2	1
353355	84	54	34	40
353376	3	3	0	0
353497	42	7	8	26
353500	653	202	89	425
353511	221	173	94	200
353512	58	49	32	74
353513	0	0	0	0
353514	42	3	2	87
353515	0	0	0	0
3537	0	0	0	0
3538	6095	3383	1402	118
3539	2921	1062	1634	170
354	203	2	50	3
3540	2	0	0	0
3541	0	0	0	0
3542	17	17	2	1
3543	4	4	1	1
3547	36	8	9	7
3549	5551	12656	2255	9554
355	427	739	473	398
3550	5415	5753	2276	4000
3551	3800	1970	2205	1620
3552	61	39	13	138
3553	120	99	124	398
3554	1357	196	338	446
3556	218	205	117	408
3557	212	266	249	484
3558	3	0	0	0
3559	113	21	23	33
356	52	10	1	4
3560	500	156	50	139
3561	450	1639	327	921
3562	0	1	0	0
3563	350	1895	178	333
3565	1	3	1	0
3566	3499	4917	2000	2794
3567	2	0	1	3
3568	20	4	2	1
3569	31	5	1	35
357	1312	106	222	945
3570	411	260	217	277
3572	3274	1632	1130	1370
3573	0	1	1	0
3574	178	129	115	73
3575	933	259	364	121
3576	281	113	157	1438
3577	7	2	5	23
3578	0	0	0	0
3579	51	14	19	21
358	2045	1049	178	920
3580	15	7	8	4
3581	0	0	0	0
3586	10	1	1	4
3587	644	209	117	201
3588	62	64	53	43
3589	40	37	19	45
359	2	3	1	7
3590	434	869	226	478
3592	25	67	1	54
3593	4	8	1	2
3594	231	113	34	43
3595	65	7	21	14
3596	2	0	0	1
3597	11714	5132	2903	8524
359710	0	0	0	0
359730	0	0	0	1
359731	0	0	0	0
359732	0	0	0	0
359736	0	0	0	0
359737	0	0	0	0
359738	0	0	0	0
359739	1	2	1	2
359740	0	0	0	0
359741	0	0	0	0
359742	0	1	0	0
359743	5	1	2	3
359744	0	4	0	0
359745	0	0	0	0
359746	0	0	0	0
359747	0	0	0	0
359748	0	0	0	0
359749	0	0	0	0
359751	0	0	0	0
359752	2	3	0	1
359753	0	0	0	0
359755	0	0	0	1
359757	0	0	1	0
359758	0	0	0	0
359760	0	0	1	0
359761	5	24	7	8
359762	0	0	0	0
359763	0	0	0	0
359766	0	0	0	0
359767	0	0	0	0
359769	0	0	0	0
359770	0	1	0	0
359771	0	0	0	0
359772	1	3	2	2
359773	0	0	0	0
359774	5	4	1	0
359775	0	0	0	1
359776	0	0	0	0
359777	0	0	0	0
359778	0	0	0	2
359779	0	0	0	0
359781	0	0	0	1
359782	0	0	0	0
359787	0	0	0	0
359791	0	0	0	0
359792	13	8	1	4
359793	0	0	0	0
359794	0	0	0	0
359795	0	3	0	0
359796	0	0	0	1
359797	0	0	0	0
359798	0	0	0	0
359799	0	0	0	0
3598	30	8	0	20
359800	1	2	0	0
359802	0	0	0	0
359803	2	1	0	1
359804	0	2	1	4
359806	0	0	0	0
359809	18	14	9	10
359822	0	0	0	0
359844	0	0	0	1
359845	699	147	109	394
359941	0	0	0	0
359948	9908	10916	3112	10672
359996	0	0	0	0
359997	0	0	0	0
36	977	1576	1428	2526
360	2229	124	959	155
3600	129	66	87	34
360001	0	0	0	0
360002	0	0	0	0
360003	0	0	0	0
360008	0	0	0	0
360009	0	0	0	0
360014	0	0	0	0
360015	0	0	0	0
360016	0	0	0	0
360017	0	0	0	0
360018	0	0	0	0
360019	18	33	20	25
360020	0	0	0	0
360021	0	1	0	0
360023	966	781	548	1088
360024	0	0	0	0
360028	0	1	0	0
360030	0	0	0	0
3601	738	1002	470	1118
360132	133	76	73	106
360155	4	0	6	3
360156	0	0	0	0
360157	0	0	0	0
360158	0	0	0	0
360159	73	43	45	83
360160	0	0	0	0
360163	0	0	0	0
360165	9	7	4	3
360166	5	7	6	13
360167	0	0	0	0
360168	0	0	0	0
360172	0	0	0	0
360174	0	0	0	0
360175	0	0	0	0
360176	0	0	0	0
360177	2	5	3	6
360178	0	0	0	0
360179	0	0	0	0
360180	0	0	0	0
360181	1	0	0	0
360182	42	100	23	32
360183	0	0	0	2
360184	0	0	0	0
360185	0	1	0	1
360186	0	0	0	0
360187	0	0	0	0
360188	0	0	0	0
360200	43	55	58	117
360203	0	0	0	0
360205	6	13	52	40
360226	1	145	0	19
360227	1	4	1	1
3603	435	165	64	76
3604	101	27	21	14
3605	16	13	3	3
3606	398	2891	2170	1659
3607	2937	3881	1869	4704
3608	7388	5170	3418	9672
3609	17323	17061	10120	19168
361	1	1	0	1
3611	69	37	25	32
3612	869	1054	974	1055
3613	1066	1356	715	2024
3614	3531	7761	4825	7806
3615	13230	9460	8845	26847
3617	16	17	19	18
3619	1172	786	1084	2961
362	5	8	2	11
3620	73	53	23	68
3621	964	1923	857	1156
3622	248	214	223	495
3623	4	23	0	10
3624	1079	222	82	748
3625	1105	46	64	416
3626	4	10	4	2
3627	66	65	13	94
3628	1290	3142	1074	1540
363	42	17	18	49
3630	0	0	0	1
3631	1505	914	567	1253
3632	879	983	1037	1521
3633	540	384	384	412
3635	4626	3608	2301	3839
3636	8151	7597	2646	9198
3638	2674	4489	2502	8729
364	145	299	79	59
3640	19	32	26	29
3641	0	1	1	0
3642	82	1	4	1
3643	2939	5930	2758	3743
3645	7	1	3	25
3646	21226	12537	15725	31558
3647	0	0	0	0
3651	607	1139	218	723
3652	545	235	314	316
3654	16789	4993	5278	24136
3655	25883	13188	12386	19762
3656	340	159	159	840
3658	3132	961	1290	1823
3659	1957	1490	684	1617
366	28	4	8	152
3660	1908	1468	1232	1427
3661	3291	4700	2305	3711
3662	381	135	55	37
3663	385	622	193	565
3664	3719	6461	5085	5489
3665	833	2562	366	927
3667	1205	191	346	1745
3669	708	615	297	499
367	72	15	28	31
3670	1	2	8	10
3671	4011	565	109	1049
3672	4311	1063	390	1627
3673	8619	4546	2214	3370
3674	18	12	3	22
3675	5978	17402	7010	5116
3676	655	125	103	236
3678	1626	415	568	2000
3679	880	738	281	603
368	301	586	396	317
3680	1806	128	316	1369
3681	4	13	2	6
3682	527	464	562	856
3683	605	226	65	134
3684	256	59	14	92
3685	3848	2396	1831	2249
3687	555	190	65	342
3688	12847	5592	8235	11838
3689	1771	362	154	478
369	3853	3283	2401	6234
3690	196	62	44	149
3691	20377	40236	24321	23514
3692	5764	6679	2774	7164
3693	4557	7497	2198	4898
3694	1830	1103	1138	821
3695	183	187	226	113
3696	2125	811	479	695
3697	7	28	1	0
3698	17	90	2	29
3699	58	29	1	11
37	13745	15049	17835	14681
3700	1	5	3	3
3702	174	52	67	35
3703	7702	9842	4792	11494
3704	4291	3600	1841	3037
3705	5528	5122	4443	8295
3706	358	313	76	85
3707	1702	909	643	1286
3708	1060	126	289	276
3709	8895	512	702	1182
3710	8329	11624	6397	16654
3712	2359	2815	3306	3464
3713	40	0	0	1
3714	1738	2601	1006	6879
3716	9471	3596	4086	4928
3717	527	650	424	796
3718	855	256	97	369
372	7855	6711	4195	10559
3720	1384	986	643	1003
3725	20872	12956	4703	13467
3726	6281	11567	2900	8708
3727	5401	19453	7092	7850
3728	26255	56255	25630	28633
373	454	300	135	228
3730	136	52	52	182
373156	13217	21368	6942	9919
373159	4	2	0	6
3732	1679	2761	813	1512
3734	0	228	0	0
3735	7783	8660	4543	9558
373509	37	14	25	19
3736	1	0	1	0
3737	181	27	3	9
3738	45	2	15	5
373856	29	2	3	3
373861	6	1	0	0
373863	0	0	0	0
3739	0	1	0	0
374	6563	495	1024	10690
3741	25	13	4	29
3742	5	0	8	0
374286	27	20	20	8
374291	407	306	266	482
3743	1	2	0	2
374308	0	1	1	1
374354	772	1655	1313	2001
374355	0	0	0	0
374378	313	483	50	1425
374383	638	567	553	1731
374387	2	4	1	0
374393	712	590	709	898
374395	723	1186	605	930
3744	3	0	0	0
374403	374	245	61	88
374407	6	3	2	5
374454	1	0	0	0
374462	0	1	0	0
374470	10	4	1	1
374491	0	3	2	1
3745	82	18	6	40
374500	0	0	0	0
374569	32	14	52	18
3746	15	7	3	7
374618	201	47	101	122
374650	31	8	11	10
374654	902	227	270	296
374655	2683	793	947	1173
374659	371	315	220	408
374666	316	430	128	267
374677	89	53	8	39
3747	0	0	1	0
374739	1	1	0	1
374768	0	1	0	2
374786	42	23	27	25
3748	129	92	58	90
374819	171	1006	104	413
374860	4	0	1	0
374864	5	2	0	1
374868	746	508	359	434
374872	42	10	5	23
374875	166	441	119	207
374877	820	279	173	243
374879	97	262	133	197
374882	570	1003	516	1288
374887	105	1217	115	211
374890	0	0	0	0
374897	72	3	1	10
374899	61	9	7	13
3749	689	1017	923	978
374900	158	17	10	17
374907	967	934	372	489
374918	5	1	1	43
374920	564	647	242	513
374928	51	224	35	164
374946	62	9	17	7
374955	4	4	0	2
374969	270	245	143	256
374973	8	1	3	0
374977	44	64	34	59
374986	850	363	520	597
374987	2	1	1	2
375	19323	28748	19530	27404
3750	193	276	81	108
375033	297	140	85	355
375035	2684	3747	1900	4095
375056	2999	2646	2266	2567
375057	44	3	10	18
375061	369	860	113	549
3751	3	1	0	4
375133	316	293	202	320
375189	38	34	6	32
375190	137	137	62	105
3752	188	23	93	37
375248	230	148	113	336
375260	338	337	150	225
375287	429	289	105	116
375295	91	125	4	383
375298	52	1	3	0
3753	3	2	5	1
375307	4	2	0	1
375316	30	12	12	10
375318	0	5	2	17
375323	2	1	1	0
375337	0	0	0	0
375341	253	447	329	161
375346	19	17	9	36
375350	1	0	0	0
375387	145	84	23	166
3754	5	0	0	6
375444	135	119	62	339
375449	2198	1103	905	459
375484	980	781	332	1071
3755	68	380	3	9
375513	0	0	0	0
375519	2	0	0	12
375567	27	4	2	2
375593	9	13	12	11
3756	24	9	0	6
375601	0	0	0	0
375607	179	13	3	11
375611	0	0	0	2
375612	16	76	11	19
375616	497	295	494	763
375686	10	10	6	9
375690	35	29	28	40
3757	2301	564	119	989
375704	21	2	5	6
375719	3	0	26	11
375743	1606	915	760	1365
375748	956	793	469	946
375757	628	470	289	753
375759	27	41	36	85
375775	348	2921	468	275
375790	7176	7152	4071	6379
375791	48	130	36	90
3758	2	0	0	1
375850	0	0	0	0
3759	1448	749	494	95
375940	0	2	0	0
3760	709	4	1	7
3761	1	13	0	1
376132	0	0	0	0
3762	61	5	0	13
376267	4174	2822	3285	4489
3763	2	3	1	5
3764	307	15	11	103
376412	0	0	1	1
376497	582	2017	589	1103
3765	6	4	0	1
3766	44	29	11	19
376693	155	372	104	208
3767	576	151	62	274
3768	21	106	1	37
376818	0	0	0	0
376844	0	0	0	0
3769	4	0	2	3
376940	623	455	174	664
377	7928	9349	7769	8768
3770	76	157	134	147
377007	43	38	2	30
377047	0	0	0	0
3772	9	3	0	24
3773	14	4	2	1
377381	138	221	31	142
3775	807	1517	1181	1271
3776	19	2	1	1
377630	0	0	0	1
377677	536	921	865	761
3777	271	5	3	0
3778	598	24	417	67
377841	402	1490	494	210
3779	242	39	43	68
377997	0	0	0	0
378	7691	9864	5287	6919
3780	15	3	3	7
378001	0	0	0	0
378008	0	0	0	0
378009	0	0	0	0
378010	0	0	0	0
378011	0	0	0	0
378013	0	0	0	0
378014	0	0	0	0
3781	10	7	6	16
378108	6	9	1	6
3782	335	61	28	66
3783	7533	17394	5681	12977
3784	3176	5398	3024	4455
3785	7	0	4	5
3786	31	6	12	42
3787	4	74	3	18
378706	0	0	0	0
378707	12	23	3	96
378708	38	49	36	60
3788	5	2	0	1
378805	381	442	67	361
378807	0	4	2	3
378810	0	0	0	0
378818	0	0	0	0
378819	0	0	0	0
378825	1	0	0	0
378828	0	0	0	0
378832	0	0	0	4
378884	226	191	59	147
378925	1	2	4	1
378938	11227	22662	6207	8528
378948	0	0	0	0
378949	0	0	0	0
378950	0	0	0	0
378951	0	0	0	0
378952	0	0	0	0
378953	0	0	0	0
378955	0	11	0	0
378956	0	0	0	0
379	70	157	14	179
3790	221	1152	37	173
379005	0	0	0	0
379006	0	0	0	0
379008	0	55	0	0
379009	0	0	0	0
379011	0	0	0	0
379012	0	0	0	0
379013	0	3	1	0
379024	0	0	0	0
379025	1809	1897	1046	1667
379027	0	0	0	0
379028	0	0	0	0
379029	0	0	0	0
379030	0	0	0	0
379031	0	0	0	0
379032	0	0	0	0
379033	0	0	0	0
379034	0	0	1	0
3791	776	295	163	638
3792	27	6	0	5
3795	341	311	345	1533
3796	3204	1537	1071	1659
3797	543	529	203	987
3798	68	40	3	57
3799	17216	7241	7572	14604
38	1731	2100	914	3893
380	0	0	0	0
3800	50	26	14	42
3801	947	210	83	497
3802	0	0	1	0
3804	1	0	0	0
3805	0	1	1	0
3809	0	0	0	0
381	5377	6101	3361	6832
3811	0	0	0	0
3812	1	0	0	2
3814	9	213	15	167
3815	1052	399	62	125
3816	2505	1746	969	286
3817	28	0	0	0
3818	50	14	51	7
382	6634	3966	5370	8425
3820	87	44	32	2
3821	2	4	15	2
3822	73	0	0	2
3823	6	0	1	0
3824	19	17	11	11
3827	3	149	11	18
383	9	15	7	2
3831	926	939	630	1706
3832	1246	985	1842	3529
3833	1202	1145	1395	3682
3834	7	75	3	9
3835	1822	1564	1310	3016
3836	1363	1424	1178	1727
3837	11411	6598	7948	14653
3838	5420	3603	6530	9297
3839	2437	2474	1823	2368
384	397	58	74	364
3840	4124	3815	3421	5265
3841	529	301	161	272
3842	7007	3532	2675	5478
3843	10547	9348	6195	12849
3844	0	0	0	0
3845	2722	2606	2174	1956
3846	9	50	8	10
3848	23	0	7	1
3849	2	1	0	0
3850	0	0	1	0
3851	0	13	17	13
3852	1433	1	4	42
3853	140	8	308	279
3854	174	270	790	2016
3855	110	45	87	155
3856	97860	155265	164620	100490
3857	0	0	1	1
3858	1001	822	395	971
3859	20	15	66	28
3860	73	3	2	2
3861	173	0	3	1
386593	13	28	6	16
386597	12	7	1	8
3866	292	437	176	521
386607	0	0	0	0
386608	0	0	0	0
386610	0	0	0	0
386617	0	1	0	1
386618	7	21	3	5
386627	151	213	84	113
386653	1	0	0	2
386654	0	0	0	0
386665	0	9	0	1
386672	1	3	0	2
386674	0	0	1	0
386675	0	1	0	0
386676	0	0	0	0
386677	0	3	0	0
386678	0	0	0	0
386679	0	4	2	0
386680	1	1	0	0
386681	0	1	0	0
386682	0	0	0	0
386683	0	0	0	0
386684	0	0	0	0
386685	0	0	0	0
386687	0	6	0	0
386688	0	0	0	0
386689	0	0	0	0
386690	0	0	0	0
386691	0	0	0	0
386692	0	0	0	0
386693	0	0	0	0
386694	0	0	0	0
386695	0	0	0	0
386696	0	0	0	0
386697	0	0	0	0
386699	0	0	0	0
386724	0	1	0	0
386726	0	7	0	0
386729	0	1	0	0
386730	0	0	0	0
386731	0	0	0	0
386732	0	0	0	0
386734	0	0	0	0
386735	0	0	0	0
386736	0	0	0	0
386737	0	0	0	0
386739	0	0	0	0
386740	0	0	0	0
386741	0	0	0	0
386742	0	0	0	0
386744	0	0	0	0
386745	0	0	0	0
386746	0	0	0	0
386757	0	0	0	0
386758	21	16	5	6
3868	134	16	27	400
387	18903	21542	14061	19553
387032	369	250	138	240
387036	36	27	19	18
387039	0	0	0	0
387043	0	0	0	0
387044	0	0	0	0
387046	1	0	0	1
387055	0	0	0	0
387063	0	1	0	0
387065	0	0	0	0
387066	2627	2212	1005	3997
387071	0	1	0	0
387074	0	0	0	0
387082	2	5	1	3
387090	0	0	0	0
387101	242	364	487	2309
387103	517	640	581	1740
387104	4	0	3	3
387107	47	43	19	51
387111	3	1	0	0
387117	0	0	0	0
387119	130	45	20	86
387122	0	0	0	0
387129	0	2875	61	654
3872	482	165	290	459
387254	0	0	0	0
387263	881	913	405	804
387264	105	578	79	167
387266	1	0	0	1
387267	14	26	1	2
387273	6	26	4	6
387275	0	1	0	0
387276	0	0	0	0
387316	0	0	0	0
387317	0	0	0	0
387319	0	0	0	0
387321	0	0	0	0
387322	0	0	0	0
387323	0	0	0	0
387325	0	0	0	0
387328	1	0	0	0
387332	1	2	0	0
387338	1114	473	748	1147
387357	37	13	14	5
387359	0	0	0	0
387361	0	0	0	0
387362	0	0	0	0
387363	0	0	0	0
387364	1	0	0	0
387486	0	0	0	0
387491	0	0	0	0
387492	22	39	29	35
387494	0	1	1	1
387495	0	0	0	0
387496	745	1049	2398	1855
3875	43836	72612	60168	55288
387509	2401	2517	832	960
387521	1573	1582	984	2964
387522	0	0	0	0
387559	0	0	0	0
387590	73	3	5	11
387597	174	77	41	142
3876	17	30	21	8
387601	0	0	0	0
387612	0	0	0	0
387615	0	0	0	0
387628	1	0	0	0
387640	23	3	3	7
387644	40	8	8	6
387646	56	7	7	9
387647	0	0	0	0
387680	1561	2716	1433	1447
387684	0	0	1	1
387694	1	2	16	2
387695	3286	8188	19499	1492
387700	6	0	0	5
387703	3	1	0	1
387707	22	9	9	12
387712	6	6	7	9
387715	1	0	0	0
387718	0	0	0	0
387723	148	169	122	175
387733	37	2	12	1
387742	1	0	0	0
387745	24	7	5	15
387747	0	1	0	2
387748	0	0	0	0
387751	203	52	57	50
387753	6	14	3	10
387755	193	29	42	20
387758	492	68	26	299
387763	557	208	51	439
387775	1	4	0	0
387778	24	34	46	49
387787	99	163	49	282
387804	71	13	31	89
387810	0	0	1	0
387815	0	0	0	0
387820	207	143	122	168
387836	0	1	0	0
387837	3	1	1	0
387841	131	138	72	138
387845	29	13	6	11
387849	52	4	27	4
387853	0	0	0	0
387856	43	11	4	20
387867	21	22	10	9
387882	2117	4122	1260	4270
387885	19	52	39	24
387890	36	12	1	24
387893	1389	1554	1220	1779
387895	13	2	0	3
3879	2	5	1	1
387911	0	4	2	2
387914	179	39	10	125
387921	2089	3243	1365	1229
387923	213	508	17	131
387924	1	0	0	1
387933	11	22	2	13
387934	2	5	2	7
387978	0	2	0	0
387990	6	8	2	11
388	10289	7942	4839	12120
3880	36310	36113	34265	31134
388007	0	0	0	0
388011	26	8	17	4
388015	0	0	0	0
388021	17	7	0	0
388076	0	0	0	2
388077	1	1	0	3
3881	34	0	1	5
388104	0	2	4	2
388112	5	2	2	0
388115	797	917	753	898
388121	429	15	54	103
388122	3	3	1	0
388125	51	58	6	5
388132	10	3	0	3
388135	68	7	0	23
388152	55	16	4	50
388165	95	21	57	39
388181	0	0	0	0
388182	42	13	8	10
3882	56	1	1	0
388228	816	132	39	116
388254	2	0	2	0
388255	15	5	2	0
388272	315	416	228	466
388275	36	14	11	15
388276	0	0	0	0
388284	39	72	26	29
3883	0	0	0	0
388323	16	44	17	32
388324	135	171	141	96
388325	95	24	11	17
388327	96	127	133	145
388333	1	1	0	0
388335	73	313	129	37
388336	37	1	1	3
388339	29	35	3	34
388341	1034	696	525	952
388344	825	1735	494	2148
388363	299	303	81	322
388364	1	1	59	1
388381	0	3	0	1
388387	5	4	1	1
388389	0	0	0	0
388394	0	0	0	0
3884	0	0	0	2
388401	6	1	0	1
388403	1104	1413	651	733
388406	0	0	0	0
388407	7	3	18	18
388419	6	0	0	5
388428	0	0	0	2
388456	0	0	0	0
388460	5	1	2	2
388468	0	0	0	0
388474	48	38	5	26
388478	0	0	0	0
388499	1	3	1	0
3885	0	1	0	13
388503	1	124	0	51
388507	3	11	4	3
388512	41	11	4	2
388514	16	2	2	3
388523	2	1	0	0
388531	1	8	5	7
388532	2	3	0	12
388533	5	2	0	3
388536	199	233	61	186
388550	6	0	4	7
388551	2	1	4	1
388552	789	1085	642	1316
388553	4	2	3	26
388555	4	1	2	1
388558	322	417	142	300
388559	1121	2014	1503	1034
388561	810	1626	507	1131
388564	490	1247	605	967
388566	440	559	234	235
388567	265	173	187	359
388569	243	164	201	250
388574	5	0	1	1
388579	5	0	0	0
388581	83	663	128	122
388585	6	4	30	17
388588	51	91	2	52
388591	550	659	450	369
388595	35	58	17	7
3886	56	0	0	0
388605	31	7	2	3
388610	403	54	23	510
388611	1	105	26	45
388621	2	12	0	10
388630	90	3	5	30
388633	54	2	0	3
388646	0	1	0	1
388649	1	1	3	2
388650	575	389	311	487
388662	16	1	1	16
388667	0	0	0	0
388677	4	0	4	2
388685	252	131	25	86
388692	0	0	0	0
388695	363	434	142	604
388697	15	1	1	4
388698	2	1	0	0
3887	3	32	3	115
388701	0	2	1	2
388707	7	16	5	5
388714	1	1	0	1
388719	1	1	0	0
388722	166	86	75	72
388730	88	120	32	100
388734	10	46	7	8
388743	3530	12916	6284	5375
388753	519	1069	643	872
388759	11	63	5	7
388761	0	0	0	0
388762	0	0	0	0
388780	2	3	1	1
388789	626	1075	320	976
388795	15	12	4	20
388796	3428	4947	1873	9363
388799	8	10	1	0
3888	0	0	0	0
388815	72	55	7	19
388818	0	0	0	0
388820	0	0	0	0
388830	0	0	0	1
388849	48	13	21	27
388882	1	0	3	138
388886	822	260	52	455
3889	52	12	1	8
388906	273	239	172	261
388907	31	30	17	42
388910	0	0	0	0
388925	0	0	0	0
388931	36	40	7	25
388939	2	0	0	0
388942	2	1	0	3
388946	0	0	0	0
388948	3	2	4	1
388951	1	0	1	2
388955	9	31	15	15
388960	0	0	0	0
388962	301	359	232	963
388963	17	19	18	20
388965	0	0	0	0
388969	1823	3333	772	1325
389	4464	7191	3661	4633
3890	1	0	1	4
389000	0	0	0	0
389015	1	37	2	2
389023	3	0	2	1
389033	0	0	1	0
389043	21	9	1	2
389053	9	8	1	5
389058	1786	134	226	108
389072	649	499	441	622
389073	0	0	0	0
389075	0	0	0	0
389084	841	982	519	1468
389090	0	0	0	0
3891	0	0	1	0
389101	7	3	1	6
389112	26	20	7	16
389114	79	360	65	153
389118	2	2	11	4
389119	59	18	5	27
389120	2	9	5	5
389123	0	0	0	0
389124	0	0	0	0
389125	1	2	0	0
389127	0	1	0	4
389136	180	34	22	62
389137	1	2	0	2
389141	10	6	1	7
389144	7	0	1	0
389151	0	0	0	0
389152	0	0	0	0
389156	8	6	0	4
389158	0	0	0	0
389160	8	0	4	1
389161	2	1	0	1
389168	16	17	10	10
389170	15	36	20	12
389177	0	0	0	0
389179	26	11	2	8
389180	0	0	0	0
389197	8	3	0	2
3892	8	14	7	25
389203	1539	731	570	1485
389206	15	7	1	0
389207	0	0	0	0
389208	0	0	0	0
389217	4	3	3	2
389223	29	15	4	8
389240	127	128	33	102
389246	1	0	0	0
389247	33	10	8	30
389257	2	3	1	5
389273	0	0	0	0
389289	73	56	13	43
389293	1	0	0	1
389320	46	48	12	31
389322	24	25	11	9
389332	51	410	13	225
389333	222	217	94	172
389336	6	3	1	7
389337	1052	1088	330	471
389342	4456	89	2484	7809
389362	654	1726	638	1031
389376	80	38	30	62
389383	2	7	0	2
389384	1483	2620	365	1367
389386	0	0	0	0
389395	1	0	1	0
389396	9	0	5	0
389400	0	0	0	0
389404	9	6	0	5
389416	2	0	0	0
389421	0	0	0	0
389424	5	6	0	4
389428	3	0	1	3
389432	197	16	468	652
389434	4449	2337	1659	1879
389458	1	2	1	1
389465	3	2	0	0
389493	1	0	1	0
3895	8911	5908	7318	12682
389524	333	316	141	168
389537	31	32	8	33
389541	3040	5532	2344	5515
389549	133	1	358	31
389558	47	5	4	7
389599	1	0	0	0
389610	3	0	1	0
389611	0	0	0	0
389616	0	0	0	0
389618	0	0	0	0
389626	5	0	7	2
389630	0	0	0	0
389631	0	0	0	0
389633	0	0	5	9
389634	5	13	2	7
389641	219	163	160	175
389643	54	22	16	5
389644	2	3	0	0
389649	0	0	0	0
389652	1	0	0	1
389655	6	29	0	4
389658	64	199	65	141
389662	1	1	0	1
389668	2	2	0	17
389672	14	8	2	7
389674	17	11	4	11
389676	3	0	0	0
389677	919	553	457	823
389690	1	3	3	4
389692	3	1	1	0
3897	283	176	6	1003
389715	0	0	0	0
389727	0	0	0	0
389730	0	0	0	0
389740	10	0	1	8
389741	45	21	5	16
389756	0	0	4	0
389761	0	0	0	0
389762	0	0	0	0
389763	0	0	0	0
389766	1	2	2	3
389787	23	43	4	7
389792	357	522	206	433
389799	0	1	4	2
3898	8333	12633	10210	10745
389812	21	1	36	62
389813	393	2384	405	545
389816	77	4	57	3
389827	26	0	0	2
389840	5	9	6	23
389842	11	9	4	19
389844	2	0	2	8
389849	39	26	17	21
389852	2	0	0	1
389856	222	340	83	428
389857	0	0	0	0
389860	0	4	1	10
389866	11	2	3	7
389873	1	1	0	0
389874	0	0	0	0
389884	4	4	1	1
389895	0	0	0	0
389898	0	1	0	0
3899	125	29	12	18
389901	11	6	2	2
389903	0	0	2	0
389932	2	6	6	13
389935	0	1	0	0
389941	56	71	63	55
389948	0	0	0	0
389970	1	0	5	1
389976	1	0	0	2
389990	1	0	0	0
389992	0	0	0	0
389997	0	0	0	0
39	699	1142	761	2127
390	1745	1658	887	2168
390003	22	16	3	23
390006	1	5	3	2
390007	0	0	0	0
390010	0	0	0	0
390012	0	0	0	0
390028	0	0	0	0
390030	1	3	0	0
390031	0	1	0	0
390033	0	0	0	0
390034	0	0	0	0
390035	11	7	0	13
390036	0	0	0	0
390037	2	2	0	1
390038	1	0	1	0
390039	1	0	0	0
390040	0	0	0	0
390041	0	0	0	0
390043	0	0	0	0
390044	0	0	0	0
390046	0	0	0	0
390053	0	0	0	0
390054	0	0	0	0
390058	0	0	0	0
390059	1	0	0	2
390061	0	0	0	0
390063	0	0	0	2
390064	0	1	0	0
390066	2	0	0	0
390067	0	1	0	0
390072	3	1	0	1
390073	0	0	0	0
390075	0	0	0	0
390077	2	1	0	0
390078	0	0	0	0
390079	0	1	0	0
390081	0	0	0	0
390082	0	0	0	0
390083	1	1	0	1
390084	0	0	0	0
390091	0	0	1	0
390093	0	0	0	1
390098	0	0	0	0
390099	0	0	0	0
390101	0	0	0	0
390102	0	2	0	1
390110	0	0	0	0
390113	0	0	0	0
390116	0	0	0	0
390117	0	0	0	0
390131	0	0	0	0
390133	0	0	0	0
390134	0	0	0	0
390136	0	0	0	0
390137	0	0	0	0
390138	0	0	0	0
390139	0	0	0	0
390142	0	0	0	0
390144	0	0	0	0
390148	0	0	0	0
390151	0	0	0	0
390152	0	0	0	0
390154	0	0	0	0
390155	0	0	0	0
390157	0	0	0	0
390158	4	2	2	5
390162	0	0	0	0
390166	2	1	0	0
390167	0	0	0	0
390168	0	0	0	0
390174	0	0	0	0
390181	0	0	0	0
390183	26	4	2	4
390186	0	0	0	0
390190	0	1	0	0
390191	0	1	0	0
390195	0	0	0	0
390197	0	0	0	0
390199	0	0	0	0
3902	108	79	106	82
390201	0	0	0	0
390203	0	0	0	0
390205	143	54	302	36
390211	2	1	6	0
390212	0	0	0	0
390213	13	43	49	72
390215	1	0	0	0
390218	4	6	1	6
390221	0	1	2	0
390224	0	0	0	0
390225	1	0	0	0
390226	0	1	0	4
390228	0	0	0	0
390231	0	0	0	0
390233	0	0	0	0
390239	0	0	0	0
390243	10	0	0	0
390245	0	0	0	0
390259	1	0	0	0
390260	0	0	0	0
390261	0	0	0	0
390264	1	0	1	0
390265	0	0	0	0
390266	0	0	0	0
390267	0	0	0	0
390269	0	0	0	0
390271	0	0	0	0
390273	0	0	0	0
390274	0	0	0	0
390275	0	0	0	0
390283	28	21	3	14
390284	0	0	0	1
390288	0	0	0	1
390294	1	2	3	0
390297	0	0	0	0
390298	0	0	0	0
3903	503	107	58	169
390306	1	0	0	0
390311	0	0	0	0
390313	0	0	0	0
390318	0	0	0	0
390320	0	0	0	0
390321	0	0	0	0
390322	0	0	0	0
390323	0	0	0	0
390324	0	0	0	0
390326	0	0	0	0
390327	0	0	0	0
390329	0	0	0	0
390340	0	0	0	0
390345	7	0	4	6
390352	7	1	0	0
390354	468	587	181	444
390363	2	11	2	2
390378	1	0	0	0
390394	0	0	0	1
3904	13	14	7	10
390402	0	0	0	0
390403	0	0	0	0
390407	0	0	0	0
390411	2	1	1	0
390413	3	5	0	2
390415	0	0	0	1
390418	0	1	0	1
390419	2	0	0	0
390421	6	1	1	0
390423	0	0	0	0
390424	1	0	0	0
390429	0	0	0	0
390431	0	0	0	1
390432	0	0	0	0
390433	0	0	0	0
390434	0	0	0	0
390435	0	0	0	0
390436	0	0	0	1
390437	0	0	0	0
390438	0	0	0	0
390439	0	0	0	0
390440	0	0	0	0
390441	2	2	3	6
390442	1	0	0	0
390443	0	0	0	0
390445	0	0	1	0
390472	2	2	0	0
390482	0	0	0	0
390483	0	0	0	0
390501	0	0	0	0
390502	0	0	0	0
390503	0	0	0	0
390530	13	14	1	0
390531	47	24	4	1
390535	0	0	0	0
390538	0	0	0	0
390539	0	0	0	0
390561	7	4	11	4
390572	8	6	3	2
390578	0	0	0	0
390581	0	0	0	0
390594	0	1	1	0
390595	402	123	105	112
390598	22	11	43	24
3906	0	0	0	0
390601	29	9	1	3
390610	5	1	1	1
390612	3	0	0	1
390616	1	0	0	0
390617	0	0	0	0
390627	247	104	81	187
390634	0	0	0	0
390637	229	174	120	198
390643	1	0	0	0
390648	0	0	0	0
390649	0	0	0	0
390650	0	0	0	0
390651	0	0	0	0
390652	0	0	0	0
390660	4	1	0	1
390664	0	0	0	3
390667	8	0	0	1
390688	2	8	0	4
390714	14	4	4	0
390729	1	2	0	1
390730	3	0	1	1
390732	0	0	0	0
390735	0	0	0	0
390748	0	0	0	0
390756	0	0	0	0
390766	0	0	0	0
390790	2	0	0	1
390791	1	1	1	1
390792	133	0	0	0
3908	2137	33	39	316
390800	0	0	0	0
390806	34	15	10	21
390811	0	0	0	0
390816	6	32	2	4
390831	0	0	0	0
390834	0	1	0	0
390836	0	0	0	0
390843	0	0	0	0
390844	0	0	0	0
390856	0	0	0	0
390857	0	1	0	0
390858	33	18	4	11
390860	5	1	1	1
390872	0	0	0	0
390874	1	50	382	3172
390882	0	0	0	0
390883	0	0	0	0
390885	0	0	0	0
390886	0	0	0	0
390892	0	0	0	0
390894	0	0	0	0
390895	0	0	0	0
3909	6053	3733	5222	2739
390904	0	2	0	0
390916	1366	1608	1418	2172
390924	23	11	5	14
390927	469	132	18	21
390928	3	0	0	6
390937	21	68	11	59
390940	49	21	1	17
390948	0	0	0	0
390949	1	1	0	0
390956	2	1	0	1
390963	356	178	41	146
390980	419	376	237	355
390992	0	0	0	0
390993	4	0	0	1
390996	7	11	2	1
390997	0	0	0	0
390998	0	0	0	0
390999	0	0	0	0
391	1994	3441	1309	2802
3910	3774	1057	1400	2102
391002	0	0	0	0
391003	0	0	0	0
391004	0	0	0	0
391012	0	1	0	0
391013	2	2	3	9
391019	5	1	1	2
391020	0	0	0	0
391026	1	0	0	0
391033	0	0	0	0
391037	1	0	0	2
391039	4	7	2	0
391040	1	0	4	3
391044	3	2	1	3
391045	3	1	1	7
391048	0	0	0	0
391051	6	1	12	6
391053	0	0	0	0
391059	326	285	358	284
391069	1	1	0	0
391073	0	0	0	0
391075	1	0	0	0
391076	0	0	0	0
391077	2	0	0	1
391081	8	3	8	4
391099	0	0	0	0
3911	8328	6428	1086	4806
391102	3	1	0	0
391104	0	0	0	0
391106	0	0	0	0
391107	0	0	0	0
391109	1	0	0	0
391110	0	0	0	0
391112	0	0	0	0
391114	0	0	0	0
391115	0	0	0	0
391117	0	0	0	0
391119	0	0	0	0
391120	0	0	0	0
391121	0	0	0	0
391123	13	7	9	2
391135	20	3	2	2
391139	16	10	7	13
391151	2	5	1	2
391155	3	0	1	1
391158	0	0	0	0
391160	1	3	0	1
391162	0	0	0	0
391168	2	0	0	0
391169	0	0	0	0
391171	1	0	0	0
391174	2	1	5	0
391175	0	0	0	0
391179	0	0	1	0
391181	8	6	3	3
391183	0	0	0	0
391189	0	0	0	0
391190	0	0	0	0
391191	0	0	0	0
391192	0	0	0	0
391194	0	0	0	0
391195	0	0	0	0
391196	0	0	0	0
3912	18662	5797	3794	12807
391211	0	0	0	1
391242	0	0	0	0
391253	1	1	0	1
391256	23	40	9	22
391257	1	0	0	1
391266	0	0	0	0
391267	7	20	1	2
391269	1	5	1	1
391276	0	0	0	0
391279	0	0	0	0
391282	0	1	0	1
3913	4566	5863	2816	2579
391334	3	2	1	0
391349	0	0	0	0
391356	366	554	266	599
391358	4	7	3	2
391359	0	1	5	1
391365	1	0	0	0
391367	1	2	0	1
391370	3	3	0	2
391378	0	0	0	1
391383	0	0	0	0
391387	0	0	0	0
3914	8326	8798	6609	6043
391428	0	0	0	0
391436	3	0	1	0
391448	1	1	1	0
391458	0	0	0	0
391462	0	1	0	2
391465	1	0	0	0
391467	0	1	0	0
391470	0	0	0	0
391472	0	2	0	0
391475	0	0	0	0
391485	9	6	1	2
391490	0	0	0	1
391496	0	0	0	0
3915	7899	2450	2471	6219
391504	0	1	0	0
391508	0	0	0	0
391518	0	0	0	0
391524	3	1	1	0
391526	0	0	0	0
391530	0	0	0	0
391532	0	1	0	0
391533	0	0	0	0
391538	0	2	0	0
391539	0	0	0	0
391548	0	0	0	0
391552	2	19	0	0
391556	0	0	0	0
391559	0	1	0	1
391560	0	0	0	1
391562	2	1	0	1
391566	0	1	0	0
391576	0	0	0	0
391578	1	0	0	0
391581	0	0	0	0
391584	0	1	0	2
391587	1	1	0	0
391589	30	8	21	18
391592	1	0	0	0
391595	1	2	0	0
391598	0	3	0	0
3916	22154	25652	10817	14863
391600	0	0	0	0
391603	0	0	0	0
391622	0	0	0	0
391627	0	0	0	0
391630	0	0	1	0
391632	0	0	0	0
391634	61	40	18	37
391636	0	0	0	0
391642	0	0	0	0
391647	1	0	3	2
391655	0	0	0	0
391656	3	5	2	6
391657	0	0	0	0
391670	1	0	0	2
391672	1	0	0	0
391679	0	0	0	0
391681	0	0	0	0
391686	0	0	0	0
391696	1	0	0	0
391697	0	0	0	0
391698	2	2	0	1
391701	1	0	0	0
391703	0	3	0	0
391706	4	1	3	3
391712	14	6	0	3
391714	2	0	0	2
391718	0	0	0	0
391722	7	4	26	9
391723	0	0	0	0
391738	4	3	0	2
391739	7	4	0	0
391742	0	0	0	0
391744	0	0	0	0
391746	0	0	0	0
391747	0	0	0	0
391765	0	0	0	0
391769	0	0	0	0
391771	0	0	0	0
391777	28	9	10	18
3918	7019	8996	8900	6004
391803	1	0	0	0
391804	2	0	0	2
391811	2	1	1	1
391819	1	1	0	0
391825	0	0	0	0
391827	5	9	2	1
391834	0	0	0	0
391850	0	0	0	0
392	7053	5823	3953	4870
3920	11669	7373	3693	9827
392027	0	0	0	0
3921	38867	43332	25076	46968
392100	0	1	0	0
392106	3	1	2	0
392132	0	0	0	1
392133	1	0	2	0
392138	0	0	0	0
392140	5	3	0	7
392181	2	1	0	0
392188	0	0	0	0
392193	0	1	0	0
392194	9	0	2	4
392197	0	0	0	0
392209	1	0	0	1
392214	0	0	0	0
392225	0	0	0	0
392242	0	0	0	0
392255	11	1	5	3
392256	7	8	2	2
392262	1	0	0	0
392265	0	0	0	0
392267	0	1	2	0
392271	0	0	1	4
392275	11	7	6	25
392281	9	1	7	0
392285	4	3	0	0
392288	0	0	0	0
392292	0	0	0	0
392298	7	14	1	1
3923	2	2	1	3
392301	1	0	0	0
392302	0	0	0	0
392305	2	1	0	0
392307	28	16	17	15
392308	0	0	0	0
392309	2	3	2	1
392310	2	0	0	0
392311	0	0	0	0
392313	12	21	11	33
392322	0	0	0	0
392335	5	0	0	1
392343	0	0	0	0
392350	5	6	1	2
392352	1	1	0	1
392360	0	0	0	0
392364	2	0	0	3
392368	1	0	0	0
392371	9	11	3	1
392374	1	0	0	0
392375	0	0	0	0
392376	0	0	0	0
392377	0	0	0	0
392382	1	0	0	0
392387	1	1	1	1
392390	1	0	0	0
392391	1	1	0	0
392392	1	0	1	0
392399	0	0	0	0
3924	0	0	0	0
392424	2	0	0	1
392425	0	0	0	0
392426	0	0	0	0
392428	3	8	1	20
392433	0	0	0	0
392437	19	34	5	13
392439	0	0	0	0
392442	0	0	0	0
392447	0	0	1	0
392451	3	2	0	2
392452	0	0	0	0
392454	0	0	1	0
392456	0	0	0	0
392459	0	0	0	0
392465	103	83	23	54
392477	0	0	0	0
392479	6	6	0	61
392485	0	0	0	0
392489	11	10	3	9
392497	3	4	0	2
3925	4351	3543	2742	5751
392501	2	3	3	4
392505	0	1	0	0
392508	1	0	1	0
392509	29	19	15	34
392510	0	0	0	0
392516	0	2	0	1
392517	0	0	0	0
392520	0	0	0	0
392522	0	0	0	0
392525	0	0	0	0
392529	0	0	0	0
392536	0	0	0	0
392538	0	0	0	0
392539	0	0	0	0
392540	0	0	0	0
392543	0	1	0	0
392545	0	0	0	0
392547	1	0	0	0
392552	0	0	0	0
392557	5	9	3	6
392561	0	0	0	0
392597	0	0	0	0
392603	0	0	0	0
392617	116	32	21	191
392636	385	215	144	150
3927	18469	17762	8698	11936
392713	2	4	0	0
392748	1	11	1	6
392752	28	12	11	11
392843	0	0	0	0
392862	106	222	56	128
392872	3	2	0	1
3929	4	3	2	7
393	5234	5798	140	6992
3930	5202	6901	3145	9901
393046	0	0	0	0
3931	229	631	97	280
3932	638	189	165	613
3933	0	0	1	1
3934	4432	78143	30490	10068
3936	2314	597	375	627
3937	609	152	72	204
3938	10	0	3	11
3939	24247	33536	19308	56645
394	1963	268	1068	1460
3940	0	0	0	0
394214	0	0	1	0
394217	0	0	0	0
394254	1	4	0	4
394261	4	2	0	2
394263	1	0	2	0
394269	6	8	10	4
3945	449	244	137	1236
3947	0	0	0	2
3948	7	1	0	8
3949	3280	7150	5969	12785
395	161	30	24	921
3950	0	0	0	0
3952	1	2	0	1
3953	232	128	66	48
3954	4248	2005	2889	5571
3955	11831	9230	3931	6173
3956	4684	1379	987	2901
3957	98	65	116	20
3958	20417	49903	30984	43872
3959	36520	44467	27887	45112
396	9604	18586	7658	8750
3960	42841	70275	47436	36664
3963	2	0	0	2
3964	1430	1961	1106	1170
3965	6584	10654	3926	2999
397	4359	2332	3288	2808
3972	7	3	4	6
3973	0	0	0	0
3975	1	0	0	0
3976	1266	1555	2009	2393
3977	289	36	42	31
3978	2191	2221	1920	3548
398	21	399	706	26
3980	2318	1473	1017	2356
3981	670	860	446	416
3982	0	0	0	0
3983	9737	11174	10368	10020
3984	2959	2110	1050	4023
3985	3060	2833	1829	3662
3987	2065	1501	1042	2681
3988	2559	2429	1653	3279
399	190	88	25	36
3990	25	4	2	4
3991	383	590	287	414
3992	654	828	437	2645
3993	14309	35067	14221	12480
399473	53	88	48	105
399474	150	18	15	42
399495	1	1	1	2
399496	0	0	1	0
3995	359	1553	181	503
399511	83	32	52	139
399512	225	232	248	104
399520	0	0	0	0
3996	1161	763	790	1486
399656	1	0	0	0
399664	1775	804	838	1738
399665	6143	4410	3143	6190
399666	0	0	0	0
399668	169	164	2	64
399669	194	404	202	223
399670	0	1	0	0
399671	126	49	52	116
399687	4985	6247	4276	4415
399693	22	83	18	192
399694	31	7	4	17
399697	0	0	0	0
399706	5	0	0	0
399708	0	0	0	1
399715	22	11	23	41
399716	8	18	8	26
399717	1	1	0	0
399726	20	8	4	24
399746	0	0	0	0
399748	9	12	6	4
399761	123	41	102	85
399774	0	0	0	0
3998	4079	2164	1546	4615
399804	0	0	0	0
399806	0	5	0	7
399814	0	0	0	0
399815	71	58	30	174
399818	195	345	181	440
399821	16	9	4	12
399823	3	0	0	3
399827	1	1	0	1
399829	0	1	0	12
399839	0	0	0	0
399844	47	45	68	151
399857	0	0	0	0
399876	0	0	0	0
399881	0	2	0	0
399886	0	1	0	0
399888	2	1	0	0
399909	4337	4767	2497	5073
399923	0	0	0	0
399937	0	0	0	0
399939	0	0	0	0
399940	0	0	0	0
399942	26	17	8	6
399947	16	8	0	4
399948	361	2810	772	1031
399949	0	1	0	0
399950	4	1	0	0
399959	433	25	17	50
399965	2	1	3	1
399967	0	0	0	1
399968	0	0	0	0
399972	52	20	40	210
399979	3763	3595	1977	4932
399988	6	1	2	8
399994	3	2	0	1
40	57	4	1	25
400	3780	3359	3206	3459
4000	13851	22250	17193	15352
400002	0	0	1	0
400011	11	4	6	21
400013	0	0	1	0
400027	718	960	396	361
400043	74	16	3	22
400046	0	1	3	0
400058	1	3	0	0
400061	3	2	1	0
400064	10	4	2	11
400073	309	473	140	268
400084	10	0	0	3
400087	0	0	0	0
400094	1	1	3	0
4001	3982	2359	2063	4462
400110	3	7	1	0
400120	2	0	0	1
400121	0	0	0	0
400126	69	64	32	61
400128	1241	619	227	437
400129	1	4	0	2
400141	9	5	0	0
400156	3	14	3	2
400165	1	2	0	1
400206	0	0	0	1
400208	0	0	0	0
400209	49	27	28	38
400221	13	2	4	5
400224	9	0	5	6
400236	75	52	18	62
400238	2	2	0	0
400242	214	197	118	212
400258	0	1	0	0
400322	603	862	351	1399
400359	8	2	3	2
400360	3	0	0	0
400385	3	4	0	2
400389	19	10	2	3
4004	2	1	0	0
400406	4	0	0	5
400410	59	26	25	37
400451	1944	179	522	326
400456	35	8	1	9
4005	345	642	56	126
400500	1	1	1	1
400506	692	764	557	1104
400508	19	40	16	35
400511	1	0	0	0
400512	32	30	6	25
400533	0	0	0	0
400548	2	0	0	0
400550	625	151	139	342
400558	0	0	0	0
400566	143	187	101	301
400568	13	1	0	3
400569	261	297	384	286
400578	0	0	0	3
400579	2	2	0	1
400581	1	2	1	0
400591	0	0	0	0
400604	26	67	16	33
400609	0	1	0	0
400612	1	1	0	0
400617	60	202	25	5
400618	76	144	20	42
400619	1598	1306	1212	2110
400620	0	0	0	0
400624	3	1	0	0
400629	3	3	4	13
400643	191	2656	401	665
400644	67	126	28	2
400645	0	0	0	0
400650	1	6	2	1
400652	9	3	3	8
400654	0	0	0	0
400655	2	2	0	1
400657	334	305	98	266
400658	8	3	7	3
400660	13	1	1	5
400661	0	0	1	1
400668	0	0	1	1
400673	275	229	193	256
400680	10	0	1	1
400684	12	105	9	20
400685	1	1	4	1
4007	564	670	482	1816
400709	20	20	5	20
400710	53	0	1	58
400713	116	21	22	39
400720	33	14	28	26
400728	6	4	4	2
400735	0	0	0	0
400736	0	0	0	0
400743	0	0	2	1
400745	10	11	3	36
400746	206	175	39	113
400750	4	8	1	5
400752	22	45	14	24
400757	0	1	0	3
400759	26	6	1	14
400761	48	12	29	24
400765	1	0	0	0
400769	1	0	0	1
400793	897	789	617	1168
400794	20	0	0	1
400797	0	1	0	0
400798	35	59	27	26
400799	0	11	3	1
4008	7478	6112	6533	4971
400800	0	0	0	0
400804	1	0	0	0
400818	473	239	210	665
400823	12	16	10	3
400830	0	0	0	0
400831	23	8	11	6
400836	1	0	0	0
400839	0	0	0	0
400841	6	96	1	137
400866	27	40	23	96
400867	149	259	51	241
400891	1	0	4	1
400892	0	1	0	1
4009	0	0	0	0
400916	1482	2598	3098	2961
400927	72	48	43	63
400931	54	122	71	192
400932	0	0	0	0
400935	10	16	4	1
400941	1	1	0	0
400945	22	68	10	67
400946	477	143	2	46
400950	1	2	0	0
400952	8	0	1	2
400954	117	74	113	122
400955	3	1	0	0
400957	1	0	1	2
400958	122	308	52	287
400960	616	837	260	641
400961	277	228	291	761
400963	31	29	8	16
400966	5	2	0	2
400984	2	0	0	1
400986	114	73	151	205
400997	6	18	0	2
400999	121	193	47	75
401	3	4	0	0
4010	14	1	4	3
401002	4	10	0	0
401007	0	0	0	0
401010	7	2	0	4
401014	7	0	0	8
401018	1	1	0	0
401019	270	190	156	338
401022	364	1279	91	261
401024	312	234	474	82
401027	22	7	15	13
401036	5	1	0	0
401039	1	0	0	1
401040	8	1	0	0
401067	0	0	0	0
401074	316	582	177	28
401076	22	19	31	28
401081	416	98	69	26
401082	0	0	0	0
401089	0	1	0	2
401093	75	72	98	86
401097	57	6	5	9
401103	0	0	0	0
401106	122	192	8	47
401109	21	1	56	1
401115	551	575	394	484
401124	15	7	6	2
401134	1	0	0	0
401135	0	0	0	0
401136	0	0	0	0
401137	1	0	0	0
401138	0	0	0	0
401145	65	127	147	162
401152	3787	1680	1720	3103
401164	3	0	0	0
401172	56	14	6	10
401176	0	0	0	0
401177	0	0	0	0
401190	37	14	9	36
4012	3331	3907	1824	2942
401207	520	978	187	304
401232	112	240	91	104
401233	4	5	1	9
401236	33	23	2	5
401237	337	169	16	72
401242	0	0	0	1
401247	3	2	11	7
401250	0	0	0	0
401251	57	260	26	67
401253	9	78	9	16
401258	32	0	1	5
401260	0	0	0	0
401262	38	132	36	31
401264	302	370	148	229
401265	117	302	52	126
401285	10	2	0	2
401286	76	30	2	48
401288	22	3	4	18
401289	3	0	5	0
4013	3126	1972	2322	242
401303	59	98	32	89
401316	19	7	7	15
401320	1690	4893	638	1127
401321	175	680	137	133
401331	102	202	104	79
401335	0	0	0	1
401337	1	0	0	0
401375	12	14	9	4
401387	4	2	0	0
401393	4	3	0	0
401397	1627	989	734	1129
401398	71	1	5	3
401399	1	6	2	35
4014	4	0	1	0
401409	428	186	260	346
401427	109	50	55	74
401428	170	52	107	120
401431	64	42	17	89
401447	0	0	0	0
401450	0	0	0	0
401463	9	0	1	1
401466	672	1158	587	1023
401472	67	103	36	202
401474	1489	1369	1742	1254
401491	14	2	6	12
401492	156	35	4	68
401494	328	71	50	95
401497	0	0	0	0
401498	9	0	4	1
4015	251	92	74	207
401505	57	191	67	169
401507	0	0	0	0
401508	0	0	0	0
401509	25	12	7	21
401525	0	0	0	0
401533	0	1	1	0
401535	4	3	1	0
401537	6	5	0	4
401540	0	0	0	0
401541	191	139	114	243
401546	3532	3163	2079	3576
401548	2127	1408	1230	2734
401551	2	1	0	3
401554	1	1	0	0
401562	33	5	2	6
401563	35	35	8	27
401565	0	4	3	2
401577	392	919	153	329
401585	20	13	8	58
401588	162	328	115	319
4016	830	131	72	212
401602	8	2	7	4
401612	132	70	53	126
401613	16	1	1	0
401629	0	0	0	1
401630	0	0	0	0
401634	0	0	0	0
401637	2	0	0	0
401638	0	0	0	0
401640	6	2	0	4
401646	0	0	0	0
401647	1308	839	309	583
401648	4	1	0	1
401661	1	0	0	1
401662	0	0	0	0
401663	0	0	0	0
401664	1	0	0	0
401665	0	0	0	0
401666	0	0	0	0
401667	0	0	0	0
401675	0	0	0	0
401677	9	5	1	1
401679	0	0	0	0
401687	0	0	0	0
401692	0	0	0	0
401696	0	0	0	0
4017	1736	323	513	1324
401708	1	0	0	0
401717	6	5	1	5
401718	7	5	3	2
401720	10	0	0	1
401725	2	1	0	1
401730	0	0	0	0
401742	0	0	0	0
401744	1	2	0	0
4018	10	5	3	4
401825	0	0	0	0
401827	2	20	411	11
401865	3	5	3	7
401895	0	0	0	0
401898	1	1	0	0
401903	1	0	0	0
401904	26	15	7	17
401911	8	6	0	2
401914	1	1	1	1
401934	51	335	375	254
401944	32	16	1	17
401959	0	1	1	0
401960	0	0	0	0
401967	1	0	0	4
401973	0	0	0	0
401975	0	0	0	0
401981	0	0	0	9
401982	0	0	0	0
401983	1	0	0	0
401992	0	0	0	0
401993	0	0	0	0
401994	0	0	0	0
402	1273	1435	860	1719
402016	8	12	2	9
402055	663	255	238	422
402069	18	5	1	6
402076	0	0	0	0
402077	0	0	0	0
402093	0	0	0	0
402096	1	0	0	1
402100	0	0	0	1
402112	8	1	0	4
402116	0	0	1	0
402117	0	2	0	0
402120	1	2	0	0
402123	0	0	0	0
402125	1	0	0	0
402133	11	0	2	0
402134	2	0	0	0
402135	1	0	0	0
402143	11	1	1	6
402146	0	2	2	0
402149	1	2	0	0
402150	23	11	8	20
402152	0	0	0	0
402160	4	16	23	4
402175	0	0	1	0
402176	3	1	3	1
402182	0	7	0	3
402183	1	0	1	1
402191	0	0	0	0
402193	1	0	0	3
402213	4	6	1	14
402214	1	0	0	0
402216	0	0	1	0
402220	1	0	0	0
402222	0	0	0	0
402226	2	1	0	0
402236	0	0	0	0
402240	0	0	0	0
402246	3	3	0	0
402249	0	0	0	1
402273	0	0	0	0
402287	19	16	2	14
4023	1079	123	69	382
402317	2	5	0	2
402342	11	5	1	5
402359	2	0	1	1
402360	0	0	0	0
402374	0	0	0	1
402375	4	5	0	3
402381	11	0	0	2
402394	0	0	0	0
402408	0	0	0	0
402415	294	191	156	1169
402420	12	10	3	9
402422	2	0	0	0
402424	0	1	0	0
402425	3	2	2	2
402429	51	6	3	18
4025	23	6	0	40
402509	0	0	0	0
402562	26	13	2	9
402569	19	67	27	64
402573	11	37	2	16
4026	6025	4890	3574	4838
402634	0	0	0	0
402635	1	0	0	0
402643	0	0	0	0
402644	0	0	0	1
402665	9	2	7	3
402676	0	0	0	0
402679	0	0	0	0
402682	110	224	77	147
402694	1	4	0	1
402716	0	0	0	0
402778	20	21	2	15
402779	0	0	1	0
403	948	778	405	952
403150	16	126	11	26
403219	2	1	2	0
403223	0	0	0	0
403224	0	0	0	0
403226	0	0	0	0
403227	0	0	0	0
403228	0	0	0	0
403229	3	12	0	2
403230	0	0	0	0
403231	0	0	0	0
403232	0	0	0	0
403234	1	0	0	0
403235	0	0	0	1
403236	0	0	0	0
403238	0	0	0	0
403239	0	0	0	0
403241	0	0	0	1
403244	0	0	0	0
403245	0	1	0	0
403247	0	0	0	0
403248	0	0	0	0
403250	0	0	0	0
403251	0	0	0	0
403252	0	0	0	0
403253	0	0	0	0
403254	0	0	0	0
403255	0	0	0	0
403256	0	0	0	0
403257	0	0	0	0
403259	0	0	0	0
403260	0	0	0	0
403263	0	0	0	0
403264	0	0	0	0
403265	0	0	0	0
403266	0	0	0	0
403271	0	0	0	0
403272	0	0	0	0
403273	0	0	0	0
403274	0	0	0	0
403275	0	0	0	0
403276	0	0	0	0
403277	0	0	0	0
403278	0	0	0	0
403281	0	0	0	0
403282	0	0	0	0
403283	0	0	0	0
403284	0	0	0	0
403285	0	0	0	0
403288	0	0	0	0
403289	0	0	0	0
403294	0	1	0	0
403296	0	0	0	0
403297	0	0	1	0
403299	0	0	0	0
4033	100	50	70	78
403300	0	0	0	0
403301	0	0	0	0
403302	0	0	0	0
403303	0	0	0	0
403304	0	0	0	0
403305	0	0	0	0
403313	584	1579	379	1070
403314	11	9	10	6
403315	0	0	0	0
403323	41	0	0	27
403339	0	0	0	0
403341	592	577	348	767
4034	529	474	399	688
4035	28887	12850	8988	10834
4036	2	4	4	1
4037	1497	1788	55	2038
4038	22555	493	4552	4388
4040	2656	1136	1585	2175
404024	1	0	0	0
404026	0	0	0	0
404037	0	0	0	0
404093	3165	2015	1352	1494
4041	10778	10903	4282	11379
404199	0	0	0	1
404201	101	45	12	52
404203	3	0	1	3
404204	1	1	0	0
404216	4	0	0	4
404217	39	103	147	119
404220	6	3	5	3
404266	836	1203	691	1120
404281	30	18	25	55
4043	8599	3182	3006	6868
4045	1019	57	42	397
404550	22	32	29	241
404552	0	0	0	0
4046	1258	441	128	235
404635	3	1	0	1
404636	505	993	566	979
404663	0	0	0	0
404665	19	29	11	15
404672	989	1172	571	1121
4047	2575	7754	4513	6312
404718	1	7	1	3
404734	84	107	47	47
404744	5	67	8	28
404766	0	0	0	0
404770	0	0	0	0
404785	1	0	0	0
4048	5685	3408	3572	8667
4049	27	23	3	7
405	2222	1570	1208	2079
4050	506	241	50	80
4051	1116	1079	975	617
4052	3249	917	1625	983
4053	4086	377	204	584
4054	3989	2522	424	1757
4055	7657	8538	4690	6808
4056	53	25	4	31
4057	395	96	22	34
405753	66	4262	759	610
405754	14	0	0	4
4058	482	50	39	10
4059	1949	2123	799	1425
406	354	300	118	271
4060	7863	1737	363	3996
4061	3287	3508	751	7664
4062	48	3	7	3
4063	65	36	21	9
4064	216	49	13	19
4065	1766	3118	1169	1399
4066	189	108	10	74
4067	1790	2093	2586	4868
4068	57	32	8	8
406875	0	0	0	0
406881	0	0	0	0
406882	0	0	0	0
406883	0	0	0	0
406884	0	0	0	0
406885	0	0	0	1
406886	0	0	0	0
406887	0	0	0	0
406888	0	0	0	0
406889	0	0	0	0
406890	1	0	0	0
406891	0	2	0	0
406892	0	0	0	0
406893	0	0	0	0
406894	0	0	0	0
406895	0	0	0	0
406896	0	1	0	2
406897	0	0	0	0
406898	0	0	0	0
406899	0	0	0	0
4069	8900	7663	4928	3781
406900	0	10	2	2
406901	0	0	0	0
406902	0	0	0	0
406903	7	9	0	8
406904	0	0	0	0
406905	0	0	0	0
406906	0	0	0	0
406907	0	0	0	0
406908	0	0	0	0
406909	0	0	0	0
406910	0	0	0	0
406911	0	0	0	0
406912	0	0	0	0
406913	1	1	0	2
406914	0	0	0	0
406915	0	0	0	1
406916	0	0	0	0
406917	0	0	0	0
406918	0	0	0	0
406919	1	0	0	0
406920	0	0	0	0
406921	0	0	0	0
406922	0	0	0	0
406923	0	0	0	0
406924	0	0	0	0
406925	0	0	0	0
406926	0	0	0	0
406927	0	0	0	0
406928	0	0	0	0
406929	1	0	0	0
406930	0	0	0	0
406931	0	0	0	0
406932	0	0	0	0
406933	0	7	2	0
406934	0	0	0	0
406935	0	0	0	0
406936	0	0	0	0
406937	44	1	1	10
406938	0	0	0	0
406939	0	0	0	0
406940	0	0	0	0
406941	0	0	0	0
406942	0	0	0	0
406943	0	0	0	0
406944	0	0	0	0
406945	0	0	0	0
406946	0	0	0	0
406947	0	0	0	0
406948	0	0	0	0
406949	0	0	0	0
406950	0	0	0	0
406951	0	0	0	0
406952	0	0	0	0
406953	0	0	0	0
406954	1	0	1	1
406955	0	0	0	0
406956	1	1	0	0
406957	1	2	1	1
406958	0	0	0	2
406959	0	0	0	0
406960	0	0	0	0
406961	0	0	0	0
406962	12	12	15	11
406963	0	0	0	0
406964	0	0	0	0
406965	0	0	0	0
406966	0	0	0	0
406967	0	0	0	0
406968	1	1	0	1
406969	0	1	0	0
406970	0	0	0	0
406971	0	0	0	0
406972	112	210	54	96
406973	0	0	0	2
406974	0	0	0	0
406975	0	0	0	0
406976	0	1	2	2
406977	0	0	0	0
406978	1	0	0	0
406979	0	0	0	0
406980	0	0	0	0
406981	0	0	0	0
406982	0	0	0	0
406983	44	170	33	22
406984	23	75	23	12
406985	0	2	0	0
406986	0	2	3	1
406987	0	0	0	0
406988	1	0	0	0
406989	0	0	0	0
406990	0	0	0	0
406991	0	0	0	0
406992	7	12	6	26
406993	0	0	0	0
406994	0	0	0	0
406995	0	0	0	0
406996	0	0	0	0
406997	0	0	2	0
406998	0	0	0	0
406999	0	0	0	0
407	22	11	15	31
4070	484	1199	8268	469
407000	0	0	0	0
407001	0	0	0	0
407002	1	1	1	11
407003	0	0	0	0
407004	0	0	0	0
407006	5	3	24	5
407007	0	1	3	0
407008	0	0	0	0
407009	0	0	0	0
407010	0	0	0	0
407011	0	7	0	1
407012	0	0	0	0
407013	0	0	0	0
407014	46	67	23	65
407015	1	1	0	0
407016	0	0	0	1
407017	0	2	0	0
407018	0	0	0	0
407019	2	8	1	2
407020	0	0	0	0
407021	0	1	0	2
407022	0	0	0	0
407023	0	0	0	0
407024	0	0	0	0
407025	0	0	0	0
407026	0	0	0	0
407027	0	0	0	0
407028	0	0	3	0
407029	0	0	0	0
407030	0	0	0	0
407031	0	0	0	0
407032	0	0	0	0
407033	0	0	0	0
407034	0	0	0	0
407035	0	0	0	0
407036	0	0	0	0
407037	2	1	2	1
407039	0	0	0	0
407040	0	0	0	0
407041	0	0	0	0
407042	0	0	0	0
407043	0	0	0	0
407044	0	0	0	0
407045	0	0	0	0
407046	0	0	0	0
407047	0	0	0	0
407048	0	0	0	0
407049	0	0	0	0
407050	6	12	1	4
407051	0	0	0	0
407052	1	0	0	0
407053	0	0	0	0
407054	1	0	0	0
407055	0	0	0	0
407056	0	0	0	0
4071	5755	3102	6042	10855
4072	69051	78902	30789	34928
4074	4379	2431	2202	3324
4076	14005	9081	6778	13743
4077	9763	7935	5394	7027
407738	1	0	1	2
407975	202	500	136	324
407977	0	0	0	0
408	1296	1852	592	1455
408029	6	2	1	2
408050	318	23	196	148
4081	8	2	0	0
408187	1	3	0	0
4082	6987	9643	3475	7284
408263	0	0	0	0
4084	1417	1043	1303	3514
4085	1281	544	941	2582
4086	1344	385	591	683
4087	2896	2276	1814	2230
4088	4006	2549	1091	1667
4089	2212	117	975	1238
409	1647	1074	765	1919
4090	4318	2434	1493	3235
4091	1117	184	422	675
4092	1551	566	760	834
4093	1274	213	232	160
4094	1084	189	77	224
4097	2532	4109	1088	3587
4099	0	0	0	0
41	1030	844	481	2145
410	2842	2305	1208	1405
4100	0	2	1	0
4101	0	0	2	0
4102	0	4	946	0
4103	58	0	0	3
4104	1	2	1	1
4105	0	3	9	0
4106	0	0	0	0
4107	1	1	1	0
4108	0	0	0	0
4109	5	0	0	0
411	979	131	222	345
4110	128	0	30	0
4111	0	0	1	1
4112	0	0	0	0
4113	0	0	0	1
4114	0	0	0	0
4115	0	0	0	0
4116	1533	1037	795	1297
4117	37	53	6	42
4118	61	11	3	2
412	1043	210	646	501
4121	3777	2730	1057	470
4122	4561	1427	1230	2332
4123	4676	3093	1567	2460
4124	6083	4063	2295	3352
4125	2453	2856	1288	1582
4126	1907	1015	1295	1591
4128	2446	2534	1693	1338
4129	397	15	92	60
4130	910	124	58	395
4131	1363	95	86	447
4133	90	19	19	23
4134	11667	11677	8755	11899
4135	141	13	5	20
4137	77	56	33	72
4139	803	267	90	27
414	10668	4662	3431	3428
4140	3264	1895	1803	4845
414059	5	5	4	2
414060	0	1	0	0
414061	2	13	0	0
414062	48	85	1	51
4141	5706	3762	2937	6261
414130	1	3	7	4
414131	0	0	0	2
414132	2	1	1	1
414133	0	0	1	3
414134	0	0	0	0
414135	0	0	0	0
414149	127	109	51	119
414152	1	0	0	2
414153	22	36	18	45
414157	1	1	1	0
414169	5	18	7	25
414189	40	50	43	54
414194	1	0	0	2
414196	36	1	21	10
414197	18	34	6	15
4142	0	1	0	0
414200	9	8	0	1
414201	1	1	1	0
414208	79	50	18	30
414212	4	5	1	1
414217	0	0	0	0
414224	90	27	15	1
414228	0	0	0	0
414230	0	1	0	0
414235	468	1251	156	264
414236	1	1	0	8
414241	6	1	0	0
414243	6	1	0	1
414245	19	11	31	16
414254	3	3	0	1
4143	184	131	167	277
414301	0	0	0	0
414316	1	0	0	0
414318	4	1	0	0
414319	0	0	0	0
414325	0	0	0	0
414328	227	273	96	257
414332	5	0	3	0
414351	0	0	0	0
414355	0	0	0	0
4144	8468	8924	6643	9990
4145	102	9	8	27
4146	11	6	3	7
4147	4063	691	3227	664
414751	0	0	0	0
414752	0	0	0	0
414753	0	0	0	0
414754	4	0	2	1
414760	3	5	1	3
414761	22	9	6	19
414765	37	39	15	31
414768	0	1	0	0
414771	0	1	0	1
414777	1597	1547	875	1686
414778	2	0	0	2
4148	65	26	4	79
414899	0	0	0	0
4149	2295	2044	1040	2649
414918	329	597	281	276
414919	1192	2603	1338	1296
415	444	5	1746	389
4150	658	500	469	1481
415056	0	2	1	1
4151	143	1	236	3
415116	3450	5348	2814	4710
415117	403	1332	401	361
4152	2454	2012	1217	1899
4153	0	0	0	0
4154	5032	4307	3416	3895
4155	2421	1293	647	1182
4157	75	247	72	75
4158	3	1	0	0
4159	0	0	0	0
416	2	1	0	1
4160	2	1	0	0
4161	3	2	0	1
4162	3411	1107	677	2770
4163	358	99	62	167
4166	36	24	29	51
4168	11	5	3	3
417	0	0	0	0
4170	11091	11483	10002	12146
4171	1479	601	860	3155
4172	6539	5576	4425	10471
4173	4373	3441	5615	13599
4174	2578	1034	1694	2410
4175	2862	1623	1399	4841
4176	11645	7058	4877	16997
4179	31065	25064	17461	19758
418	0	0	0	0
4182	0	1	0	0
4184	0	0	0	0
4185	39	20	3	77
4188	506	657	623	1171
4189	1825	715	453	936
419	43	59	2	620
4190	4758	4595	3248	7465
4191	18150	13964	10764	28798
4192	7079	6033	1304	1776
4193	2587	1155	1954	1525
4194	1985	2788	1464	2360
4199	642	440	1168	2498
420	4	2	0	4
4200	1875	71	1070	2049
4201	1699	2209	873	1872
4204	3162	1633	1266	4710
4205	1566	777	774	990
4206	0	0	0	0
4207	3	3	1	4
4208	583	153	52	240
4209	2656	2921	1470	2440
421	2514	803	496	696
4210	21	3	10	13
4211	573	53	23	207
4212	290	51	65	53
4213	136	32	14	7
4214	1533	701	385	652
4215	950	966	393	999
4216	1253	1286	663	1752
4217	1309	1057	1194	1592
4218	1010	1141	850	1158
4221	2449	3108	1442	3639
4222	189	6	14	11
4223	30	1	1	3
4224	8941	2708	923	1017
4225	42	4	9	10
4232	3793	2428	1536	4269
4233	12761	10623	4910	20120
4234	1067	945	637	1079
4236	993	641	870	1197
4237	1142	109	35	390
4238	610	220	368	551
4239	6013	383	267	724
4240	3484	830	539	2131
4241	762	3205	2705	3380
4242	625	578	228	194
4245	6247	5842	2406	4664
4246	40	22	10	7
4247	12	7	11	21
4248	171	185	429	286
4249	23159	3889	5499	16643
4250	0	0	1	15
425054	2	0	1	0
425057	0	0	0	0
4253	3127	1421	1625	2259
4254	852	531	342	550
4255	669	2029	33	1198
4256	1894	296	159	557
4257	4535	3910	4579	5490
4258	2660	2310	2297	2370
4259	2542	7780	3297	4502
4261	624	443	232	231
4267	11744	14146	2543	3922
427	7521	3867	5678	3881
4277	175	184	153	73
4279	1	47	0	2
4280	17	43	18	15
4281	2868	2030	953	2412
4282	2	0	0	0
4283	111	72	49	175
4284	0	2	0	0
4285	1424	1949	2081	2187
4286	262	29	27	99
4287	812	783	616	774
4288	6260	3719	8062	18014
4289	2079	967	1048	1947
429	1	2	0	1
4291	171	995	177	658
4292	1362	1154	752	1368
4293	1274	440	587	1008
4294	894	1178	561	1079
4295	0	0	0	0
4296	4053	6350	2268	4483
4297	3322	2923	1406	5072
4298	4587	4350	2558	5743
4299	4542	2008	1999	2232
43	218	651	313	509
430	8075	2362	2183	8528
4300	1592	2052	1247	1736
4301	9234	7992	4438	7362
4302	14266	12475	6516	12215
4303	1056	1651	1338	1296
4306	904	626	909	126
4308	44	0	0	0
4311	723	36	37	179
4312	209	133	126	311
4313	13649	1616	860	4632
4314	182	117	143	191
4316	1639	153	481	6229
4317	3	0	0	0
431704	1	0	2	0
431705	4	20	13	22
431707	0	0	0	0
4318	961	128	78	123
4319	32	16	33	25
432	74	96	21	84
4320	6864	2908	405	5476
4321	939	84	176	293
4322	21	1	4	5
4323	9533	5307	3111	7078
432355	1	0	0	0
432369	9	12	4	12
4324	4888	11930	3610	7666
4325	77	10	15	42
4326	81	794	53	38
4327	268	88	105	150
4329	1035	869	1060	774
433	31	37	4	10
4330	455	28	34	123
4331	434	210	202	568
4332	159	33	11	39
4335	1030	1404	1075	1180
4336	1	2	2	5
4337	309	282	165	372
4338	1469	1260	752	1187
434	4	10	4	19
4340	2	0	0	0
4342	0	0	0	0
4343	3535	2095	1062	2147
4345	332	243	168	691
435	2976	2194	1380	1825
4350	922	1364	467	1054
4351	1571	925	1071	1559
4352	30	42	26	13
4353	20	22	2	19
4354	2002	59	311	692
4355	127	45	8	122
4356	132	726	108	416
4357	5428	7558	6105	7549
4358	1987	1890	809	2478
4359	77	151	18	54
436	11	5	6	4
4360	306	74	43	89
4361	1242	1423	999	2455
4362	0	0	0	0
4363	4835	2469	2145	4907
438	0	0	0	0
43847	210	16	37	19
43849	393	6	32	18
439	2135	2319	1935	2486
439915	43	29	0	9
439916	0	0	0	0
439921	2901	5771	949	2864
439927	29	7	2	11
439931	28	28	15	32
439934	0	0	0	0
439936	479	0	0	1
439941	1	0	0	0
439945	0	0	0	0
439949	420	284	99	499
439950	2	1	3	3
439953	13	23	7	6
439954	1	1	0	1
439965	15	2	0	0
439990	69	175	134	356
439992	48	20	7	27
439994	95	69	58	89
439996	0	0	0	1
440	118	31	56	161
440013	0	0	0	0
440014	0	0	0	0
440017	0	0	0	0
440021	0	3	0	3
440023	0	1	0	0
440026	1727	3116	1082	2671
440027	28	17	4	27
440028	59	38	21	80
440040	0	0	0	0
440041	0	0	0	0
440043	73	342	35	101
440044	34	296	67	48
440050	3	3	4	2
440051	1	0	0	0
440061	0	0	0	0
440063	3	1	0	1
440067	4	2	4	0
440068	5	1	1	1
440072	1	4	2	1
440073	69	9	1	29
440077	0	0	0	0
440078	21	12	2	28
440081	387	219	144	675
440087	2	2	0	2
440093	13	15	2	6
440097	0	0	0	0
440104	1140	1581	980	800
440107	88	86	75	21
440117	0	0	0	0
440119	93	5	106	16
440125	1	0	1	2
440131	0	0	0	0
440132	0	0	3	0
440138	313	494	283	335
440142	38	16	1	0
440145	796	1149	734	1101
440153	0	0	0	0
440159	0	0	0	0
440163	4	1	1	0
440173	62	1	14	0
440176	5	1	0	2
440184	10	8	12	24
440193	3384	1590	1191	3185
440224	0	0	0	7
440225	0	0	0	0
440243	0	0	1	0
440248	585	336	309	120
440253	16	9	1	11
440270	1988	127	368	829
440275	1451	1490	1040	2085
440278	19	39	17	54
440279	1	2	0	1
440288	109	45	63	101
440292	1	1	0	0
440295	255	111	91	181
440299	0	0	0	1
440307	3	4	2	1
440335	658	1593	580	1109
440345	163	478	81	147
440346	0	3	1	0
440348	215	1953	292	358
440350	2	8	1	0
440352	0	0	0	0
440353	9	33	8	18
440354	45	22	2	1
440356	0	23	5	7
440359	1	1	1	1
440366	1	0	0	0
440375	29	19	11	22
440387	0	0	0	0
440390	0	0	0	2
440396	30	94	20	56
440400	67	105	53	71
440406	3	5	1	4
440416	57	9	4	27
440419	0	0	0	0
440423	386	548	261	516
440434	47	45	38	39
440435	13	7	1	10
440452	0	0	0	0
440456	1505	3131	1303	1443
440459	9	8	4	10
440461	4	0	0	0
440465	1124	2142	663	804
440482	177	84	72	143
440487	3	5	0	2
440498	449	1345	497	571
440503	46	1358	122	55
440508	8	1	0	0
440515	1042	1600	591	711
440518	2	0	0	0
440519	32	6	20	41
440525	135	120	61	105
440533	0	0	0	0
440556	30	7	0	21
440560	0	0	0	0
440561	0	0	0	0
440563	0	0	0	0
440567	179	184	92	192
440568	1	6	0	5
440574	348	269	244	339
440575	7	7	1	8
440577	32	22	8	19
440584	9	13	8	28
440585	66	202	1	8
440587	4	1	1	2
440590	8	1	0	2
440594	1	0	0	0
440595	218	140	21	108
440600	11	5	18	21
440602	0	0	0	0
440603	2361	1332	2278	1038
440606	0	1	1	0
440672	0	0	0	0
440686	0	43	0	1
440689	13	40	1	20
440695	0	0	0	0
440699	0	0	0	0
440704	0	0	1	0
440712	71	1	10	1
440714	1	0	0	0
440730	19	12	2	7
440732	9	37	9	20
440737	28	57	5	41
440738	2	2	0	1
440757	0	0	0	0
440792	5	7	4	8
440795	0	0	0	0
440799	1	7	1	2
440804	1	0	0	0
440822	0	0	0	0
440823	1617	86	86	111
440829	4	2	0	3
440836	230	472	161	162
440854	40	2	9	131
440888	0	0	0	0
440894	284	260	32	228
440896	2	1	2	0
440900	12	9	2	3
440902	9	19	2	5
440905	0	0	0	0
440915	3	1	1	2
440917	2	5	4	5
440925	262	60	58	7
440926	54	50	263	47
440934	8	3	3	0
440944	1178	3527	667	1139
440952	67	228	25	97
440955	34	22	7	10
440956	5	0	0	0
440957	475	1752	459	645
440970	2	0	0	0
440973	0	0	0	0
440991	78	79	14	52
440992	41	46	91	57
441009	3	5	0	0
441024	471	468	251	477
441025	0	0	0	0
441026	2	1	0	0
441027	1559	324	43	135
441032	235	181	28	148
441034	42	40	6	32
441046	19	21	4	28
441050	44	58	9	32
441051	1	0	0	0
441054	8	1	13	11
441056	0	0	0	0
441058	0	0	0	0
441061	0	0	0	0
441066	0	0	0	0
441072	8	14	4	4
441073	83	55	33	51
441086	11	8	0	0
441094	205	56	10	59
441108	443	239	66	166
441114	196	161	67	119
441116	0	0	0	0
441124	559	869	229	633
441131	0	6	0	0
441132	0	8	0	0
441133	8	5	0	3
441150	117	299	68	109
441151	3	2	1	2
441154	1	4	0	5
441155	2	1	0	0
441160	11	11	10	1
441161	2	0	1	0
441166	2	6	2	3
441168	34	1	1	1
441172	92	145	45	195
441177	0	0	0	0
441178	294	305	27	185
441191	532	777	150	677
441194	349	221	124	389
441204	67	10	7	43
441208	107	60	47	96
441212	589	513	117	409
441218	5	4	2	0
441234	1	0	0	0
441238	0	1	2	1
441246	30	48	6	18
441250	118	102	114	113
441251	1	0	0	1
441259	7	10	1	9
441261	1	0	2	2
441263	20	40	14	14
441272	6	9	2	17
441273	28	7	9	13
441282	8	14	30	2
441294	23	23	25	13
441295	27	15	9	12
441307	41	97	16	13
441308	0	0	0	0
441313	0	0	0	0
441314	0	0	0	0
441315	0	0	0	0
441317	0	0	0	0
441320	0	0	0	0
441323	0	0	0	0
441324	0	0	0	0
441326	0	0	0	0
441327	0	0	0	0
441328	0	0	0	0
441331	0	0	0	0
441332	0	0	0	0
441355	4	0	2	0
441359	0	0	0	0
441362	0	0	0	0
441376	17	0	1	0
441377	8	3	0	0
441381	0	0	0	0
441386	14	17	3	6
441389	3	2	0	0
441391	13	10	4	35
441394	4	1	0	5
441400	5	10	1	2
441410	0	0	0	0
441416	0	0	0	0
441420	0	1	0	0
441425	0	0	0	0
441430	0	0	0	0
441432	0	0	0	0
441440	0	0	0	0
441442	1	0	0	0
441452	0	1	0	0
441454	9	4	4	8
441457	28	25	5	19
441459	15	5	1	5
441461	49	94	49	34
441476	6	40	5	5
441478	1454	9228	2241	5972
441481	63	193	17	3
441484	0	0	0	0
441487	0	0	0	0
441488	1	65	0	0
441490	0	0	0	0
441495	0	0	0	0
441501	2	1	0	0
441502	1	8	0	2
441505	1	2	0	2
441509	27	10	13	90
441511	0	0	0	0
441518	165	414	20	117
441519	0	0	0	0
441521	0	0	0	0
441525	0	0	0	0
441531	4	3	2	3
441533	4	5	1	1
441543	0	0	0	0
441548	63	18	1	12
441549	108	56	43	90
441550	19	10	1	11
441554	0	2	1	0
441572	1	0	0	2
441581	0	0	0	0
441584	0	0	0	0
441592	0	0	0	0
441601	0	0	0	0
441608	0	0	0	0
441630	0	0	0	0
441631	250	61	93	121
441632	44	31	4	14
441639	0	0	0	1
441641	8	1	0	2
441642	1	3	0	1
441654	1	0	0	1
441662	0	0	0	0
441669	0	0	0	0
441670	0	0	0	0
441687	21	10	5	19
441727	2	0	0	0
441728	1	1	0	0
441733	71	0	11	7
441736	6	0	0	2
441750	0	0	0	0
441771	0	3	0	0
441775	3	1	1	1
441781	0	0	0	0
441783	4	0	3	6
441795	0	0	0	0
441818	4	1	0	0
441843	0	0	0	0
441849	0	0	0	0
441864	1	0	0	0
441869	24	24	5	8
441870	0	0	0	0
441871	0	0	0	0
441873	0	0	0	0
441878	0	1	0	0
441880	9	4	0	3
441884	2	5	25	29
441891	0	0	0	0
441893	0	0	0	0
441896	2	0	0	2
441897	0	0	0	0
441898	0	0	0	0
441899	0	0	0	0
441900	1	0	0	0
441904	2	1	0	0
441907	5	0	0	4
441908	0	0	0	0
441911	0	0	0	0
441915	0	0	1	0
441925	5	1	0	0
441931	0	0	0	0
441932	0	0	0	0
441933	0	0	0	0
441951	3059	1138	775	2125
441957	0	0	1	0
441958	0	0	0	0
442006	0	2	0	0
442013	49	24	37	152
442017	1	0	0	0
442038	4	1	104	0
442042	0	0	0	0
442058	0	0	0	0
442060	0	0	0	0
442063	4	5	4	8
442075	56	95	46	99
442078	3	0	1	0
442083	0	0	0	0
442086	3	1	0	1
442087	4	0	1	1
442097	29	5	1	10
442098	1	0	0	0
442101	0	0	0	1
442104	0	1	0	0
442105	3	0	0	2
442108	0	0	0	0
442112	19	11	3	5
442113	2	0	1	2
442114	0	0	0	0
442117	21	5	15	3
442131	1	1	0	2
442153	0	0	0	0
442156	1	1	0	2
442157	1	1	0	0
442160	0	0	0	1
442162	32	261	14	11
442164	0	0	0	1
442167	5	22	3	7
442171	13	0	0	0
442175	1	0	0	0
442179	0	1	1	0
442181	0	0	0	1
442183	0	0	0	0
442184	0	0	0	0
442185	0	0	0	0
442186	1	0	0	0
442188	0	0	0	0
442189	0	0	0	0
442190	0	0	0	0
442191	0	0	0	0
442192	0	0	0	0
442194	0	0	0	0
442195	2	0	0	0
442197	451	199	33	105
442204	0	1	0	0
442205	1	1	0	1
442210	0	0	0	1
442211	1	1	0	0
442213	106	2	1	9
442215	1	1	0	1
442216	1	1	0	0
442217	0	0	0	0
442218	0	0	0	0
442221	1	0	0	0
442227	0	0	0	0
442229	0	0	0	0
442231	14	7	4	13
442232	0	0	0	0
442233	4	2	0	1
442234	0	0	0	0
442236	0	0	0	0
442237	1	2	0	2
442239	2	1	0	0
442240	2	2	1	3
442242	16	4	10	10
442245	0	0	0	1
442247	0	0	1	0
442249	2	4	0	4
442252	0	2	1	2
442253	2	0	0	5
442255	0	2	1	1
442256	4	2	2	1
442257	2	1	0	0
442258	1	2	0	1
442260	1	0	0	0
442262	1	1	0	1
442263	1	0	0	3
442266	3	0	6	1
442267	2	5	0	0
442271	0	1	0	0
442290	0	0	0	0
442291	0	1	1	4
442304	0	0	0	0
442308	2	3	0	1
442309	1	2	0	1
442317	0	0	0	1
442318	0	0	0	0
442319	67	4	11	7
442320	0	0	0	0
442325	21	0	1	4
442326	2	2	0	1
442334	0	0	0	0
442338	0	8	1	1
442361	0	1	0	1
442384	0	0	0	0
442388	0	0	0	0
442389	1	0	0	0
442396	0	0	0	0
442405	0	0	0	0
442406	0	3	0	0
442415	0	0	0	0
442416	0	0	0	0
442425	0	0	0	0
442429	0	0	0	0
442442	0	0	0	0
442444	0	1	0	0
442446	0	0	0	0
442447	1	1	4	0
442454	7	5	3	3
442455	0	0	0	0
442459	0	0	0	0
442460	2	0	0	2
442465	0	0	0	0
442479	0	1	0	0
442485	0	23	0	0
442486	0	0	0	0
442523	1	1	0	2
442524	174	67	35	117
442525	26	177	1	54
442572	9	9	4	6
442578	60	53	37	159
442582	373	267	182	370
442590	63	38	26	46
442660	0	0	0	0
442661	0	0	0	0
442668	0	0	0	0
442673	15	5	1	7
442676	5	0	0	1
442707	0	0	0	0
442709	4	2	0	6
442712	1	0	1	0
442713	9	10	2	2
442720	2	0	0	0
442721	0	0	1	1
442727	7	6	1	8
442775	106	135	58	94
442777	33	84	37	37
442862	0	0	0	0
442863	0	0	0	0
442864	0	0	0	0
442865	0	0	0	0
442866	0	0	0	0
442867	0	0	0	0
442868	0	0	0	0
442890	0	0	0	0
442891	0	3	1	3
442892	0	0	0	1
442893	0	0	0	0
442894	0	0	0	0
442895	0	0	0	0
442896	1	0	2	0
442897	0	0	0	0
442898	2	6	7	15
442899	0	0	0	0
442900	0	0	0	2
442901	0	0	0	0
442902	0	0	0	0
442903	6	4	0	0
442904	0	0	0	0
442905	0	0	0	0
442906	0	0	0	0
442907	2	10	1	1
442908	0	0	0	0
442909	1	0	0	0
442910	2	0	0	0
442911	0	0	0	0
442912	0	0	1	0
442913	0	0	0	0
442914	0	0	0	0
442915	0	0	0	0
442916	0	0	0	0
442917	0	0	0	0
442918	0	0	0	0
442919	0	0	0	0
442920	0	0	0	0
443	51	7	0	1
4430	6250	3360	2197	4802
4435	3	1	0	4
4436	1422	1375	865	1616
4437	1424	552	718	1006
4438	25	7	11	21
4439	286	477	206	382
444	6495	3917	9077	12005
4440	163	34	59	165
444882	704	55	164	381
445	5060	26273	6987	19579
445328	532	613	0	557
445329	0	0	0	0
445372	0	0	0	0
445571	90	48	42	53
445573	0	0	0	0
445577	1	0	1	0
445582	2	1	0	0
445815	3317	2529	398	3527
447	10	2	1	5
4477	1	0	0	1
4478	5956	2604	1060	3867
4479	7	0	0	0
4481	230	20	17	73
4482	788	294	683	272
4485	281	334	164	265
4486	4565	9308	4130	5361
4487	158	195	254	407
4488	839	217	1119	169
448831	0	0	0	0
448834	2	0	0	0
448835	0	0	0	0
4489	6	180	196	91
448990	9	19	14	9
449	0	1	0	0
4490	0	0	1	0
4493	217	303	938	246
4494	92	307	112	163
449491	4	0	0	0
449492	3	0	0	0
449493	0	0	0	0
4495	227	291	536	928
449518	0	0	0	0
449520	7	22	3	5
4496	7	8	21	42
449645	0	0	0	1
4498	0	0	0	0
4499	11	130	69	12
450	0	1	0	0
4500	11	53	6	71
4501	48	42	37	94
4502	654	437	330	746
450208	0	0	0	0
450209	0	0	0	0
450210	0	0	0	0
450211	0	0	0	1
450232	0	3	0	2
450234	0	0	1	2
450239	0	1	0	0
450246	0	0	0	0
4503	1	1	0	1
4504	8	10	19	10
4507	1820	811	1121	3037
4508	108600	228279	189363	149706
4509	15175	25352	24525	13197
451	0	0	0	0
4511	28	10	11	7
4512	336690	615649	697702	405579
4513	258348	644623	521863	386312
4514	379788	969163	518111	329708
4515	55	68	39	39
4519	179367	324781	503820	279925
4520	938	530	654	950
4521	1114	1428	587	1661
4522	3297	1383	2489	5003
4523	4	4	1	4
4524	1076	762	751	891
4528	3004	2364	1440	4962
453	0	0	0	0
4531	0	0	0	0
4534	765	826	757	1118
4535	204667	254321	136050	123200
4536	159150	377722	396592	354023
4537	43983	97209	77302	57280
4538	483390	662171	588299	491771
4539	36261	48573	60783	37876
454	2	5	0	1
4540	50554	101259	126050	74186
4541	13048	27524	34601	23848
4542	786	295	164	401
4543	6	16	13	2
4544	0	0	0	0
4547	16	6	3	6
4548	2199	1932	1669	2518
4549	57835	96146	33889	25880
455	9	7	12	1
4550	377259	793868	492309	188407
4552	1628	1631	733	1858
4553	0	0	0	0
4555	0	0	0	0
4556	1	0	2	0
4558	4	17	1	0
4563	0	5	0	0
4564	1	2	0	0
4565	1	0	1	0
4566	0	0	0	0
4567	10	37	1	10
4568	2	1	0	0
4569	4	17	1	13
4570	0	1	0	0
4571	2745	5541	1515	854
4572	0	1	0	0
4573	0	2	0	1
4574	0	0	0	0
4575	5	5	0	1
4576	5	20	0	6
4577	2	2	2	0
4578	1	0	0	0
4579	30	13	13	9
4580	574	833	377	814
4581	67	126	47	93
4582	895	15748	6942	8480
4583	34649	8130	25226	6486
4584	5359	6004	5156	3639
4585	302	32654	17508	3764
4586	62	26	71	159
4588	84	30	12	23
4589	3	0	0	0
459	0	2	2	4
4591	1214	784	695	1600
4593	28	4	0	0
4594	1416	1965	1272	1623
4595	46	36	33	73
4597	1738	4200	1544	4590
4598	933	1327	902	1646
4599	1942	4314	524	1609
460	16	0	2	0
4600	1048	1073	262	406
4601	1284	2377	1541	3114
4602	3301	5150	1752	4639
4603	111	167	85	644
4604	9	55	8	31
4605	2795	1689	1342	6459
4606	73	16	1	3
4607	6	22	7	13
4608	2	0	0	1
4609	8076	5581	5583	22293
4610	1241	362	770	506
4611	0	0	0	0
4613	326	7	7	34
4615	2733	4979	3136	2944
4616	534	739	160	930
4617	0	0	0	0
4618	1	0	0	0
4619	0	0	0	0
462	4	13	1	3
4620	3	0	0	0
4621	101	138	39	37
4622	23	2	0	3
4624	0	1	0	0
4625	2	5	1	1
4626	2	0	0	0
4627	67933	29639	43710	38715
4628	1377	597	410	520
4629	13960	1099	1380	3060
463	1607	1468	613	1847
4632	0	0	0	0
4633	0	2	0	0
4634	24	22	2	6
4635	6	4	1	6
4636	489	379	294	537
4637	18375	25544	13456	16057
4638	4849	706	575	1247
4640	2829	9040	2720	2670
4641	9147	8690	12402	7512
4642	19076	22597	20590	16217
4643	4331	2161	3661	2232
4644	486	190	176	157
4645	4910	2953	3580	3783
4646	6059	4622	4031	3974
4647	903	1018	58	310
4648	12372	18493	6572	8087
4649	1124	508	750	1024
4650	4516	4586	3533	4122
4651	19361	4622	2237	6997
4653	5	0	1	1
4654	0	0	0	0
4656	0	0	0	0
4659	2962	1643	1598	2091
466	1025	859	475	825
4660	2617	2767	1371	2262
4661	134	12	3	9
4664	1476	1914	1618	1735
4665	484	2395	252	681
4666	24603	24761	16513	33659
4668	1761	2013	1502	1846
4669	1743	2988	775	1470
467	835	1381	2162	869
4670	13292	8999	6377	12599
4671	19	30	9	12
4673	25760	7885	6515	27346
4674	39	3	1	3
4675	70	10	7	22
4676	5568	7239	3224	8435
4677	6147	5982	4388	6674
4678	4312	2297	2600	6285
468	14962	9250	7598	18612
4680	53754	47410	116591	101707
4681	11476	11414	11412	7605
4682	475	445	220	446
4683	2905	1092	2392	3386
4684	451	69	59	61
4685	34	13	4	43
4686	3396	2415	1742	3472
4688	233	167	383	277
4689	768	108	349	173
469	0	0	0	0
4690	715	1203	541	862
4691	41361	26137	20908	64748
4692	525	88	29	166
4693	88	1	1	20
4694	5213	7951	4062	7361
4695	871	1855	642	970
4696	1802	2878	1473	1895
4697	8535	12139	7505	8068
4698	3252	3235	2115	2907
4699	0	0	0	0
47	7902	4818	5473	13287
4700	2328	2163	1465	1976
4701	37	52	33	34
4702	1848	3941	1314	3205
4703	661	82	34	79
4704	815	1273	841	842
4705	5910	8232	3947	8106
4706	2006	3661	1662	3991
4707	1479	1752	1093	1926
4708	2615	3324	1794	3481
4709	1793	2083	1110	1912
471	8292	6941	3548	9517
4710	3288	5415	2942	4523
4711	2451	4657	1965	4462
4712	1235	2445	890	2159
4713	2665	6302	2590	4254
4714	197	270	148	271
4715	3952	5324	4457	8005
4716	2627	6542	2151	4224
4717	1361	1497	1259	1539
4718	633	849	418	690
4719	4224	3753	2920	5930
472	2068	1272	967	2066
4720	4193	6997	4168	5508
4722	2283	4564	2517	5188
4723	7307	12718	5659	11774
4724	1574	2142	895	1357
4725	5686	5325	2786	3277
4726	3147	5569	1681	4025
4728	2602	5129	1801	3930
4729	23	27	17	71
473	8702	6538	3869	4952
4730	31	34	35	3
4731	1844	3134	1664	2473
4733	2205	1369	1309	2404
4734	1141	246	251	467
4735	16318	13282	7768	17719
4736	36011	31148	21454	54756
4738	853	846	648	1472
4739	2329	2533	3118	1951
474	1108	12	133	117
4741	16	5	0	5
474148	0	0	0	0
474149	0	0	0	0
474150	0	0	0	0
474151	0	0	0	0
474152	0	0	0	0
474167	1	0	0	0
474170	140	178	126	151
474174	0	0	0	0
474337	4	2	0	1
474338	16	17	6	12
474343	111	158	51	272
474344	473	116	77	143
474345	0	0	0	0
474354	8	5	0	7
474381	0	0	0	0
474382	0	0	0	0
474384	2	2	0	4
4744	35	11	4	3
4745	51	1	10	1
4747	33	6	0	0
475	1308	1890	559	1811
4750	406	149	250	475
4751	537	524	898	1700
4752	2005	4251	1091	1513
4753	814	20	21	17
4756	4157	136	1113	4457
4758	4447	9639	1555	8025
4759	0	0	0	0
476	38946	8322	8907	15055
4760	0	0	1	0
4761	2	1	3	3
4762	0	0	0	0
4763	4646	3225	2882	4531
4764	0	0	0	0
4768	0	0	0	0
477	160	21	13	17
4771	1878	1327	1089	2281
4772	177	213	50	70
4773	1220	293	78	241
4774	3565	2112	1379	1197
4775	713	428	341	770
4776	1391	408	466	747
4778	263	0	5	18
4779	9791	9526	6204	11646
478	7	56	2	18
4780	4907	5343	2610	5212
4781	2093	2755	1136	1478
4782	3037	740	1603	4220
4783	815	631	439	1012
4784	5969	6564	3001	7614
479	2	1	12	16
4790	3698	1391	1501	2159
4791	2051	2824	1645	2350
4792	2057	2299	2182	3138
4793	1286	2047	1276	1551
4794	774	596	249	766
4795	885	954	355	966
4796	1679	1761	1506	3353
4798	2139	2047	1136	3144
4799	3109	2424	1380	2881
48	2311	3030	1224	4131
480	2	1	0	1
4800	1549	1788	731	2034
4801	1708	1330	699	1454
4802	1882	1372	999	1538
4803	22	12	1	9
4804	342	75	2	50
4807	5	11	9	17
4808	127	0	0	0
4809	5647	5914	4503	4849
481	31942	21487	15279	24874
4810	865	188	183	1063
4811	3454	644	721	1907
4814	1411	1007	452	1066
4815	193	138	162	66
4817	1141	1920	637	1021
4818	72	42	26	110
482	143	19	9	28
4820	4540	4622	3620	3308
4821	5	0	3	0
4824	103	19	10	34
4825	3	0	0	0
4826	105	292	29	98
4828	239	145	229	302
4829	0	0	0	3
483	5612	10797	3958	7683
4830	1167	1431	880	1718
4831	103	126	89	137
4832	1401	3162	524	1387
4833	3481	3486	778	4030
4835	891	1194	454	1365
4836	6007	4695	2729	5956
4837	1062	359	237	599
4838	204	4	4	13
4839	43	57	42	50
484	0	3	0	1
4841	25704	13606	10792	40460
4842	68	1	2	6
4843	148	180	511	1894
4846	678	239	267	1202
4848	3466	2497	1881	2476
4849	2405	2473	1554	2458
485	1	3	0	7
4850	1371	874	666	1304
4851	11295	5628	3232	6908
4852	4	2	0	0
4853	4181	1130	1479	3296
4854	3514	2343	576	3251
4855	925	370	129	568
4856	123	272	69	103
4857	37	5	5	5
4858	126	48	15	103
486	24	1	0	2
4860	2375	813	2393	3795
4861	15	105	22	67
4862	2150	3273	1075	4078
4863	785	609	461	1062
4864	1211	120	853	1910
4867	226	127	82	352
4868	17	48	2	0
4869	42084	22641	19131	43195
487	99	234	107	130
4870	0	1	0	1
4871	0	0	0	1
4872	1	4	0	0
4874	7	1	1	3
4875	33	17	9	34
4878	2	7	4	4
4879	0	0	0	0
488	18728	12807	11398	17761
4880	5	0	0	26
4881	190	77	26	165
4882	450	510	182	477
4883	40	10	26	76
4884	11	11	1	9
4885	23	16	15	179
4886	76	1674	399	9
4887	4	0	11	0
4888	0	6	2	0
4889	4	71	10	2
489	7979	3181	6030	1649
4891	4185	3283	2255	5227
4892	4	39	8	10
4893	2883	1981	1907	2880
4897	106	19	209	63
4898	4748	2630	2795	4517
4899	1082	808	387	944
49	1	3	0	2
490	3211	2744	2394	2135
4900	79	202	65	140
4901	60	62	44	60
4902	77	150	28	89
4904	20091	15629	15365	25386
4905	2559	2098	2109	2297
4907	2640	5828	1287	4702
4908	44	18	5	4
4909	0	2	0	4
491	7	2	1	1
4910	0	0	0	0
4911	0	0	0	0
4912	0	0	0	0
4913	1362	2195	883	1960
4914	35	3	1	12
4915	219	92	33	84
4916	39	10	5	10
4917	5	1	0	0
4919	97	9	7	28
492	0	1	0	1
4920	423	47	29	71
4921	1036	133	105	342
4922	23	621	389	5
492295	0	0	1	0
4923	9	13	13	202
492303	42	39	18	46
492307	1	0	0	0
492311	593	569	240	356
4924	9004	11702	5752	5872
4925	1371	770	550	1444
4926	14882	13774	5456	10686
4927	1641	1059	1634	2097
4928	5192	4315	3039	7348
4929	578	481	499	610
493	2340	1656	1750	1304
4931	812	897	451	1038
4935	659	124	27	540
493753	1115	1777	587	1478
493754	1342	1420	610	1257
4938	2371	3453	3203	2237
493812	391	381	18	462
493821	2	0	0	0
493825	0	0	2	0
493829	7	14	481	937
493856	947	667	495	889
493860	1	6	1	0
493861	28	32	17	22
493869	652	179	157	542
4939	519	1157	366	582
493900	259	139	83	268
493901	0	0	0	0
493911	149	179	68	146
493913	0	0	0	0
493987	2	11	2	6
4940	2599	1904	1988	2550
494115	681	478	360	279
494118	0	0	0	0
494119	0	0	0	0
494127	0	0	0	0
494141	2	0	0	0
494143	123	64	93	238
494150	6	10	3	13
494188	1	1	0	0
494197	0	0	0	0
4942	2346	3268	101	6091
4943	769	771	550	1388
494323	0	0	0	0
494324	0	0	0	0
494325	0	0	0	0
494326	0	0	0	0
494327	0	15	1	1
494328	0	0	0	0
494329	0	0	0	0
494330	0	0	0	0
494331	0	0	0	0
494332	0	0	0	0
494333	0	0	0	0
494334	0	0	0	0
494335	0	0	0	0
494336	0	0	0	0
494337	1	0	0	0
494470	17	0	0	2
494513	132	79	25	106
494514	13	17	22	19
494540	39	46	6	47
494541	2	0	0	0
494551	3	1	2	1
494555	0	1	0	0
494558	0	0	0	0
4946	13424	12416	12530	21741
4947	2514	1065	971	1989
4948	62	20	3	97
495	1	1	1	0
4951	0	0	0	0
4952	5070	2739	2077	5621
4953	9504	6618	7326	16711
4954	4	9	5	28
4956	0	0	0	0
4957	2106	2544	1141	3322
4958	27	0	0	10
496	2	0	0	1
4967	9316	10341	6254	8377
4968	790	942	375	763
4969	84	4	12	14
497189	23	5	2	0
497190	9	25	13	6
497258	91	55	118	50
4973	39	14	2	99
4974	9	4	5	8
4975	24	60	10	25
4976	3408	3338	3115	6738
497634	0	0	0	0
497661	153	84	68	79
4978	204	7	0	6
498	14306	13711	10909	16226
4982	1702	29	224	1252
4983	64	353	253	582
4985	82	4	1	97
49854	928	578	578	1219
49855	1062	274	307	495
49856	1664	1285	768	1473
4986	2	0	0	0
49860	0	0	0	0
49861	20	16	15	30
4987	2	0	0	2
4988	8	0	11	0
4990	0	0	0	0
4991	0	0	0	0
4992	5	0	0	3
4993	1	1	0	1
4994	0	0	0	0
4995	0	0	1	0
4998	410	142	264	621
4999	2058	2153	1160	2979
50	4058	3096	3704	4044
5000	1674	1888	878	1905
5001	1260	889	631	1574
5002	2606	7676	1795	1694
5003	140	635	179	219
5004	0	6	0	4
5005	3	13	0	12
5007	4093	4025	2933	4655
5008	22	10	1	89
5009	40	14	2	24
501	3731	3779	3039	3531
5010	113	28	5	62
5013	35	312	143	155
5015	0	0	0	12
5016	566	188	111	179
5017	840	1487	659	1556
5018	4822	2820	3067	7013
5019	1553	183	844	301
5020	2	0	0	6
5021	89	95	45	166
5023	216	87	32	26
5024	152	3	0	0
5025	2226	1764	1393	1122
5026	60	137	43	387
5027	53	8	6	17
5028	535	644	353	127
5029	240	322	268	484
5030	4	3	10	4
5031	75	11	9	75
5032	156	261	250	358
5033	2209	1164	1261	4674
5034	32666	36545	24224	31404
503497	0	0	0	0
503519	0	0	0	0
503538	9	28	7	7
503542	42	22	11	31
503543	5	3	1	4
503569	57	49	17	69
503582	0	1	1	0
503583	0	0	0	0
5036	6342	6231	5279	7854
503611	0	0	0	0
503612	0	0	0	0
503614	0	0	0	0
503618	0	0	0	0
503627	0	0	0	1
503628	0	0	0	0
503630	13	1	7	32
503631	0	0	0	0
503632	0	0	0	0
503633	0	0	1	0
503634	0	0	0	1
503635	0	0	0	0
503636	1	2	0	2
503637	0	0	0	0
503638	2	1	4	3
503640	8	4	5	10
503641	0	0	0	0
503643	0	2	0	1
503644	1	1	0	2
503645	11	7	8	8
503646	0	0	0	0
503647	0	1	0	0
503648	0	0	0	0
503693	41	19	16	27
503694	0	0	0	0
5037	15298	16975	9523	13907
503834	0	0	0	0
503835	0	0	0	0
503837	0	0	0	0
503838	1	2	2	7
503840	0	0	0	0
503841	0	0	0	0
504	0	4	0	0
504175	0	0	0	1
504180	0	0	0	0
504181	0	0	0	0
504185	0	0	0	0
5042	62	23	19	56
5045	8802	3809	1977	5396
5046	1202	498	873	931
5047	402	0	0	9
5048	3793	2713	3514	3396
50484	1172	759	932	1390
50485	1458	1176	571	1692
50486	129	221	6	985
50487	92	0	68	344
50488	8256	7508	8090	5669
50489	135	73	16	2
5049	3946	5435	2753	6971
5050	1381	2048	1037	2054
50506	1113	26231	10152	4198
50507	40	20	3	51
50508	0	0	0	1
50509	581	883	358	1041
5051	1697	919	1222	775
50511	20	15	7	24
50512	3356	2143	1634	3496
50514	29	45	11	9
50515	421	89	97	200
5052	6162	7300	5180	7004
5053	835	76	1	37
5054	764	374	408	485
5055	0	0	0	2
5058	5512	5452	2685	4763
506	31371	34948	33917	44496
50604	0	0	2	0
50612	0	0	0	0
50613	1	0	0	0
50614	19	23	21	20
50615	107	26	6	23
50616	1	0	1	0
50617	85	0	4	4
50618	2066	2358	1066	2382
50619	879	875	524	1429
5062	5015	5363	4226	6752
50624	4	5	0	2
50626	2189	4887	2297	3853
50628	1533	958	2112	2299
5063	42	7	7	7
50631	49	33	14	23
50632	3	17	2	2
50636	1200	129	294	122
50639	1	0	0	1
5064	357	73	42	121
50640	2145	1190	1665	1448
50649	37	38	28	542
50650	976	748	491	994
50651	66	23	6	24
50652	4	25	8	11
5066	5856	4033	760	6318
5067	155	1049	17	6
50674	21	0	58	9
5068	3851	95	3	0
5069	232	15	31	77
507	0	0	0	0
50700	0	3	0	0
5071	126	31	58	21
50717	2082	3384	1136	2054
5073	2309	2983	1265	2823
5074	4492	4407	2672	2967
5075	0	0	0	0
5076	43	3	3	2
5077	85	7	1	0
5078	30	0	12	1
5079	129	61	6	232
5080	25	3	46	78
50801	1	2	0	0
50804	1943	281	14	739
50805	0	0	0	0
50807	2319	1331	427	2055
50808	4998	5416	2439	7204
50809	7899	5243	5904	7340
5081	30	7	1	5
50810	449	68	42	151
50813	2890	3576	2579	2921
50814	1721	1423	1120	3862
5082	901	1085	544	1002
5083	142	97	268	159
50831	1	0	4	8
50832	88	54	57	120
50833	0	0	0	0
50834	4	0	0	0
50835	2	0	0	0
50836	0	1	0	0
50837	0	0	0	0
50838	2	1	0	1
50839	11	3	12	1
50840	60	98	32	57
50846	22	5	0	5
50848	5063	8858	4082	6383
50852	11	12	7	4
50853	1435	5086	4211	2632
50854	1407	928	282	1356
50855	200	414	95	312
50856	7	3	1	0
50858	0	0	0	0
50859	8	0	0	0
50861	527	3217	695	659
50862	1773	1602	1039	2183
50863	151	40	6	240
50865	1757	1179	1214	2320
5087	2084	1583	1864	441
5088	4	1	1	1
5089	2597	1619	890	2002
509	6742	10847	8990	13941
5090	614	504	100	464
5091	554	699	2079	726
5092	3833	5805	4230	8654
5093	363	185	221	380
50937	192	45	99	249
50939	26	7	11	5
5094	8266	7425	4609	6953
50940	292	50	22	2
50943	351	84	22	64
50944	38	8	8	13
50945	0	0	0	0
5095	2097	3483	8348	1711
5096	1803	1024	2191	2903
50964	0	1	0	0
5097	4915	9000	3036	5232
5098	291	541	38	766
5099	572	40	48	113
50999	2731	1471	1733	1981
51	5408	9357	5078	4021
5100	2	5	0	0
51000	1361	2191	1131	1227
51001	881	992	805	1578
51002	1062	965	454	1494
51003	101	50	95	112
51004	243	268	167	368
51005	502	737	164	394
51006	4727	5695	1622	4421
51008	802	776	549	1371
51009	1064	1301	998	1041
5101	42	27	0	9
51010	635	778	357	1251
51011	907	873	465	814
51012	6151	6713	2594	7507
51013	1034	1511	528	1531
51014	4024	4688	2033	3049
51015	1110	1184	695	1409
51016	324	229	260	532
51018	1309	1153	810	1368
51019	1817	1284	765	851
51020	1715	2716	622	2725
51021	2907	3611	2509	5194
51022	619	889	746	806
51023	382	247	199	221
51024	5261	4495	2062	4780
51025	259	474	155	291
51026	1347	1040	1043	1404
51027	320	585	204	589
51028	3093	4353	2821	2696
51029	2522	1793	1727	3669
51030	678	660	745	756
51031	2687	2551	2933	3720
51032	6	6	8	2
51035	4944	6560	1936	5997
5104	70	7	6	36
51042	0	0	0	0
51043	3206	3679	2772	3847
51046	0	1	1	0
5105	213	2035	593	521
51050	58	4	5	8
51052	0	0	0	0
51053	1009	572	515	1439
51054	218	55	76	156
51056	4253	1843	1947	4043
51057	189	86	70	158
51058	392	308	136	327
51059	1	1	7	0
5106	2718	4226	2778	7881
51060	379	217	228	378
51061	2563	3623	1318	1896
51062	317	239	129	178
51063	450	172	145	256
51065	4530	2640	3157	1699
51066	130	119	13	137
51067	866	758	638	1301
51068	2129	1914	1699	3130
51069	69	162	73	125
51070	2700	3553	1233	2440
51071	1799	1506	1055	1730
51072	118	127	36	63
51073	1738	2809	1786	3068
51074	1318	4220	2830	1901
51075	3285	5165	2359	5890
51076	451	684	410	695
51077	1717	681	996	2252
51078	3207	4022	2304	4327
51079	100	128	49	79
5108	6870	1844	4125	3918
51081	2474	2765	1602	3003
51082	6176	8621	4547	8188
51083	171	261	213	2634
51084	2681	4158	2400	1653
51085	2428	1176	1147	3824
51086	1	0	0	0
51087	536	1545	733	1362
51088	545	105	57	175
51090	234	263	161	400
51091	1276	637	558	633
51092	1856	2389	1084	1762
51093	1262	2226	804	1839
51094	3938	7150	4826	7314
51095	692	986	465	596
51096	2070	1485	1270	2718
51097	2262	2946	1487	3100
51098	1331	1113	420	1805
51099	660	616	761	644
5110	1578	3196	1247	2381
51100	4292	2213	2877	3810
51101	294	488	188	301
51102	920	524	593	1378
51103	458	332	445	432
51104	896	759	608	899
51105	2403	1358	1632	1957
51106	690	778	382	1027
51107	7213	12663	4986	10038
51108	4018	3373	1900	4426
51109	2217	1114	1406	3374
5111	6861	4552	3217	7346
51110	699	330	437	786
51111	2721	2869	1309	2657
51112	2416	2843	1229	2449
51114	11986	6599	4213	14689
51115	1531	1137	1851	1849
51116	1762	1587	1247	3333
51117	2267	3348	1788	2315
51118	1229	815	737	1519
51119	4308	4151	2631	5045
51121	638	704	377	1034
51122	827	1056	578	1259
51123	4444	5190	4797	6640
51124	766	880	467	851
51125	500	191	325	335
51126	3132	3897	1564	4057
51127	32	30	9	26
51128	2183	2918	1289	1692
51129	118	181	110	468
51130	538	310	187	688
51131	1406	2022	744	771
51132	2882	1682	1357	4375
51133	2256	2156	2088	2339
51134	735	624	571	773
51135	1685	1151	1031	1129
51136	420	820	312	332
51138	1419	559	638	1196
51141	1907	889	410	1428
51142	10490	14052	6878	15239
51143	1294	1550	975	1780
51144	2411	2637	1922	4242
51145	1	1	0	0
51146	0	1	0	1
51147	1349	2021	804	728
51148	748	339	146	841
51149	1394	1407	696	959
51150	7244	6914	4553	5991
51151	82	9	3	2
51154	2278	1747	1739	3604
51155	5178	11780	6428	10185
51156	59	14	0	15
51157	863	857	666	1116
5116	1610	2086	1703	2728
51160	5090	9437	5150	5377
51161	158	411	57	158
51162	718	432	90	925
51163	818	696	437	864
51164	3989	2942	1642	2503
51166	651	260	252	458
51167	1117	1037	608	1152
51168	34	54	28	80
51170	3268	3340	2088	2800
51171	113	67	12	63
51172	642	1374	366	1040
51174	381	443	228	382
51175	802	428	384	976
51176	4730	132	49	285
51177	941	348	157	438
51179	1	1	0	2
5118	1365	849	279	876
51181	1951	5572	1379	2118
51182	742	854	622	1432
51184	603	481	520	1003
51185	1053	1459	704	871
51186	2517	2495	1505	1771
51187	5418	2522	2743	4728
51188	578	1341	535	957
5119	6416	10623	4451	6392
51191	295	87	17	31
51192	7	2	7	5
51193	820	1047	762	2197
51194	1024	539	486	1166
51195	4942	12673	6705	6102
51196	608	3413	2237	2197
51198	1	0	0	0
51199	1535	1052	807	3079
51200	27	1	46	6
51201	2806	1150	711	747
51202	76	53	41	71
51203	6	4	3	9
51204	984	1766	927	1638
51205	1534	2125	884	2296
51206	21	13	18	34
51207	0	4	0	1
51208	4	4	3	7
51209	94	20	7	15
5121	599	1	1763	17
51213	0	0	0	0
51214	1	0	0	1
51218	1271	1300	1256	3308
5122	299	45	220	38
51222	2434	1794	979	1609
51224	1	0	0	0
51225	409	137	62	154
51226	199	89	40	124
51227	712	977	587	871
51228	1404	1634	1039	1375
51230	3016	2889	916	3340
51231	1482	2087	1148	1673
51232	4373	6474	2120	2691
51233	33	30	11	33
51234	1848	948	998	1486
51236	1808	1657	2079	3193
51237	1200	773	297	102
51239	194	225	71	311
51241	132	266	152	103
51244	1670	1495	776	927
51246	10003	13386	6387	7972
51247	1449	1158	582	1345
51248	1490	2042	1043	3135
51249	1069	840	1068	1174
5125	641	559	104	133
51250	745	1125	620	968
51251	2329	3123	1644	2619
51252	214	20	3	24
51253	3839	2301	2770	5255
51255	1559	2580	1059	2812
51256	897	696	470	764
51257	593	1313	522	806
51258	3551	3497	2591	4275
51259	786	1133	321	1367
5126	10	2	0	1
51260	1223	1258	1156	2055
51263	2427	1552	1202	4056
51264	2237	2279	1536	1989
51265	18	59	9	12
51266	1	0	0	0
51267	60	20	9	23
51268	41	32	11	235
5127	4330	4855	3402	8114
51270	0	0	0	1
51271	2387	2615	1297	2913
51272	2281	2972	1368	2766
51274	5882	2910	3604	5003
51275	1136	1768	1278	1060
51276	164	148	89	140
51277	410	294	134	370
51278	1065	2060	1120	1365
51279	2270	1465	1227	1188
5128	1334	740	493	748
51280	9180	19589	14400	10072
51281	1124	1340	461	1332
51282	3069	5056	1187	3349
51283	3097	4316	2284	4874
51284	105	26	7	19
51285	282	127	54	172
51286	17	10	2	13
51287	1969	2424	1521	4062
51289	0	0	1	0
5129	2112	4159	1368	1867
51290	1860	1221	914	1085
51291	2124	1904	1125	1424
51292	2515	1250	1379	3274
51293	2701	4604	3343	7669
51294	451	199	83	337
51295	1637	3794	1462	2829
51296	631	363	130	268
51297	0	0	0	0
51298	4	0	6	4
51299	235	59	21	61
513	3753	4579	4077	6816
5130	2685	3284	1599	3402
51300	1829	2161	1241	3258
51301	61	27	93	23
51302	2047	241	117	272
51303	1499	1239	656	1037
51304	5020	7739	4481	5968
51305	100	50	13	126
51306	1097	736	417	785
51307	1468	1226	806	1591
51308	107	30	10	125
51309	227	28	15	64
51310	448	59	25	146
51311	44	7	4	9
51312	2071	1806	2029	2246
51313	6823	315	128	4711
51314	7	6	1	4
51315	2038	3039	1083	3139
51316	341	1445	763	542
51317	1769	1237	616	1402
51318	2099	2688	1430	2890
51319	829	670	522	1197
5132	2	0	0	1
51320	1415	1216	588	1354
51321	2546	3903	1094	3039
51322	6056	5987	3672	6876
51324	5210	3170	1996	5115
51326	15	109	27	32
51327	2	0	0	0
51329	45	41	7	27
5133	47	30	8	17
51330	1816	2670	995	4113
51332	1320	350	336	405
51333	145	238	84	216
51334	78	12	9	44
51335	897	301	342	501
51337	2943	2164	3964	7012
51338	141	31	12	83
51339	1370	65	48	81
5134	2410	3124	1561	3798
51340	2559	2256	849	2366
51341	4413	6227	3848	5089
51343	2834	1525	2129	3375
51347	2742	2893	1885	1740
51348	5	1	0	2
51350	0	0	0	0
51351	525	932	183	474
51352	0	0	0	0
5136	215	15	15	67
51360	1250	804	534	2460
51361	2885	1267	1133	2281
51362	892	566	545	1088
51363	619	147	64	487
51364	12	22	18	43
51365	205	1065	20	80
51366	6100	2263	4171	5333
51367	934	1950	758	1146
51368	3241	5132	2951	3602
5137	158	26	36	30
51371	5113	8437	3422	5830
51372	275	543	349	450
51373	462	723	372	574
51374	4800	4622	1536	5433
51375	1471	1112	863	1101
51377	1289	1526	1203	2360
51378	2	1	1	5
51379	652	1051	535	939
5138	151	73	21	88
51380	1049	1741	590	457
51382	1746	2167	1784	2403
51384	47	3	1	3
51385	892	1711	590	823
51386	6737	1945	3411	7320
51388	1608	1878	1164	2143
51389	1771	1885	986	2169
5139	525	61	128	782
51390	1514	986	639	1988
51393	310	92	46	159
51397	1064	596	365	683
51398	1	0	0	0
51399	1329	1572	671	2070
514	11569	19640	5446	13880
5140	1010	1033	658	1014
51400	2461	3207	1510	3733
51406	2173	3184	1605	3394
51409	1571	2517	1025	1423
5141	1299	4576	1625	1830
51411	356	447	204	281
51412	0	0	0	2
5142	667	116	219	117
51421	1730	2218	392	1440
51422	1506	1256	575	1171
51426	791	416	298	466
51427	746	825	348	955
51428	3935	3645	1766	3006
51429	4083	5264	2470	3736
5143	7	9	23	20
51430	2307	1133	769	1959
51433	6104	7669	4955	7932
51434	2556	3113	1886	2908
51435	392	158	280	191
51438	0	1	0	0
51439	1269	2951	795	1665
5144	1308	624	521	389
51440	23	3	2	4
51441	4318	2523	2549	3241
51442	2	1	60	12
51444	838	802	417	874
51447	3918	6283	2720	3751
51449	3189	3599	1929	5299
5145	6	61	23	95
51450	31	30	5	67
51451	1632	1920	988	2500
51454	327	444	43	471
51455	1755	1507	885	2277
51458	128	244	131	855
5146	13	33	19	22
51460	1013	585	562	725
51463	106	255	109	189
51465	3747	3691	2967	3961
51466	1379	467	222	332
5147	601	881	413	957
51471	4	2	59	14
51473	329	46	210	9
51474	6647	6319	8683	4352
51475	0	1	0	0
51477	592	1247	141	433
51478	639	654	338	1132
51479	1968	773	1936	1779
5148	14	13	2	6
51480	0	0	2	1
51481	1	2	0	0
5149	1	0	0	0
51490	6	18	4	9
51491	1560	1534	1088	1650
51493	4413	2140	2460	3529
51495	7198	1854	2449	5437
51496	1331	615	656	1057
51497	5298	8641	2509	5661
51499	1304	1293	962	1502
515	5237	5127	5158	5934
5150	1338	815	556	1766
51501	932	1018	409	1310
51503	1646	2617	1166	2958
51504	4063	4214	1882	5608
51506	4179	5365	1971	4912
51507	4149	4437	1546	3522
5151	1990	2329	1032	1444
51510	2778	2984	1617	3889
51512	680	315	653	1519
51513	247	312	79	206
51514	582	310	483	1221
51517	1658	1611	1123	1796
5152	536	345	758	978
51520	8394	4874	3812	6407
51522	3467	6074	2308	3535
51523	5272	4261	1974	3386
51524	1101	1584	606	1285
51526	2368	3811	624	2729
51527	1835	1977	1899	2133
51528	1175	712	791	1602
51529	2844	5948	2001	4273
5153	162	12	10	36
51530	862	679	355	809
51531	547	587	327	630
51533	165	569	179	238
51534	1767	1975	1289	2403
51535	2562	2434	1566	2187
51537	39	15	38	39
51538	713	619	511	926
5154	1437	2279	929	607
51540	161	117	84	281
51542	2264	1694	777	2471
51545	1627	1200	611	2332
51547	1619	5826	1665	2346
51548	1589	3975	1595	1842
5155	619	162	90	570
51550	1207	732	808	2435
51552	4379	4584	2866	4930
51554	8	9	9	8
51555	12	1	2	4
51557	2	0	0	0
51559	701	435	624	1962
5156	3736	354	277	472
51560	124	249	71	165
51561	391	60	44	99
51562	1402	340	271	876
51564	4262	3720	1321	3323
51566	3789	2107	1037	2532
51567	2953	3583	1666	4620
51569	3256	6435	2718	3133
5157	75	8	14	13
51571	2525	1783	2007	3938
51573	3303	3272	2157	3822
51574	1534	921	932	1424
51575	2124	1433	534	1259
5158	26	13	3	13
51582	8159	5858	7874	13814
51585	2639	3528	1450	2393
51586	4500	3600	2561	3957
51588	1464	1536	841	1489
5159	4394	954	410	2930
51592	2291	995	1521	1637
51593	8422	7139	4537	8945
51594	2787	1523	1149	2994
51596	4376	9787	2945	4923
51599	11588	19467	11272	12720
516	3801	8053	3821	4538
5160	4876	5215	3790	12450
51601	198	234	66	200
51602	3982	2884	2166	5044
51603	2076	1843	1155	2410
51604	10439	10604	3589	9846
51605	1809	1784	702	1260
51606	2407	2497	2614	3732
51608	128	144	31	37
5161	0	0	0	1
51611	1354	604	441	1338
51614	15367	19528	6320	15908
51616	896	466	328	1605
51617	48	11	0	4
51619	793	851	307	500
5162	1514	2185	1241	1692
51621	5500	3584	4238	4676
51622	496	648	353	390
51626	1035	796	513	733
51629	10252	13176	7753	15306
5163	780	600	540	1437
51631	1562	1184	989	1694
51633	570	491	577	1112
51634	1624	1016	639	1655
51635	2399	2030	1252	2326
51637	5416	3755	3290	7330
51639	3111	3262	1629	4715
5164	730	1506	494	669
51642	1260	1989	1115	1829
51643	820	1149	296	221
51645	1240	844	637	2289
51646	2897	3597	1250	2639
51647	2924	4778	1511	3906
51649	2322	1961	1323	3041
5165	2562	2005	2113	6200
51650	2637	2535	1373	4383
51651	1450	1774	958	1940
51652	4087	4204	2337	5761
51654	2077	2296	819	2542
51655	469	43	95	75
51657	2219	1309	698	1909
51659	749	904	559	1504
5166	647	615	422	198
51660	1002	2580	1079	1242
51661	644	209	107	264
51663	4729	3358	2522	4970
51665	1570	1272	628	1755
51666	44	6	5	11
51667	3870	3513	1716	4227
51668	546	516	253	564
51669	10410	3917	8153	4604
5167	280	911	115	338
51673	763	428	991	401
51676	265	87	35	45
51678	253	363	161	813
5168	691	97	190	126
51684	1026	766	691	1133
51686	15	67	14	31
5169	4492	2189	627	1463
51690	3523	2637	2381	4180
51691	4347	3160	1721	3816
51692	2384	1971	1147	4105
51693	1383	2194	873	1663
51696	1917	2439	1099	1538
51699	2391	3950	2335	2492
517	13619	16440	8188	18329
5170	1831	1861	935	2163
51700	231	697	195	518
51701	1410	1163	572	1028
51702	3513	14	10	187
51703	20860	11446	9653	16348
51704	431	145	29	609
51705	306	87	28	141
51706	1158	1627	861	1140
51710	673	1154	518	471
51714	3020	3065	2370	2791
51715	326	121	290	315
51716	25	11	0	0
51719	4908	4900	2814	4122
5172	26	2	1	9
51720	1764	1207	632	1375
51725	0	1	0	0
51726	1168	1775	854	2057
51727	12983	6235	6347	7349
51728	707	913	433	1458
51729	5031	2244	2805	5378
5173	0	0	0	0
51733	7	6	0	6
51734	1405	1628	1297	1811
51735	586	529	233	489
51738	36	17	11	7
5174	77	21	13	11
51741	527	294	229	611
51742	1854	1502	955	1574
51744	27	7	9	3
51747	6151	10915	4916	7172
5175	3787	1001	668	1755
51750	45	47	10	48
51751	40	14	15	32
51752	5379	3359	1583	2668
51754	1936	2210	755	1392
51755	4279	2718	2522	4713
51759	2241	3600	1381	2530
5176	3464	496	336	1207
51760	208	25	141	96
51761	46	6	2	8
51762	837	364	286	450
51763	1210	1835	1451	996
51764	3	4	16	8
51765	2052	1486	1198	4115
51768	3222	1124	1068	1770
51773	2403	1799	1105	2666
51776	4614	1691	1107	3866
51778	2	0	1	2
5178	36	3	0	7
51780	7116	5018	3207	5784
5179	0	1	1	3
518	11010	17897	8769	13850
51802	0	0	0	0
51804	57	4	10	60
51805	357	541	402	849
51806	4	0	1	0
51807	11	16	6	13
51808	1622	1493	775	1268
51809	3832	2348	2160	2365
51816	1169	392	245	237
5184	2811	2513	816	2886
5187	619	848	1459	732
5188	648	562	646	940
5189	1551	800	825	1366
5190	2153	2157	2012	2599
5191	521	572	296	1086
5192	798	548	409	1058
5193	374	235	145	344
5194	2150	1610	1064	1944
5195	1006	789	513	1014
5196	44	0	11	388
5197	2	0	0	15
5198	1834	1140	1269	2457
5199	19	9	9	15
52	5199	4459	2478	7381
520	0	1	0	0
5201	2131	2702	1247	1885
5202	1740	3040	1078	3293
5203	1097	1465	330	1277
5204	167	300	97	197
5205	5381	7282	5439	6653
5207	20	7	9	28
5208	3131	5193	3463	3494
5209	1930	1253	1201	4742
521	664	677	428	692
5210	415	194	151	897
5211	12084	18423	9667	15141
5212	22	11	3	3
5213	3349	2353	2040	5348
5214	3725	3603	3988	6820
5216	13527	17456	19587	17430
5217	3256	254	377	2415
5218	315	25	53	107
522	1977	4031	2061	3031
5222	2	0	0	0
5223	1398	954	1542	3023
5224	0	0	0	0
5225	9	17	12	21
5226	4934	4204	5519	8914
5228	290	228	33	384
5229	1592	1713	844	930
523	1883	2773	1879	3196
5230	19486	14558	12849	58039
5231	4	1	1	3
5232	1	0	0	0
5233	1	10	2	6
5236	2368	2136	905	2063
5238	1271	1845	726	1574
5239	2609	85	188	66
5241	79	6	6	21
5243	12424	65	628	808
5244	177	18	9	25
5245	6849	6703	4867	7067
5246	2	2	1	0
525	2	0	0	9
5250	21765	18612	17471	26755
5251	36	11	3	20
5252	1810	3331	655	1576
5253	2863	2163	1309	2573
5255	1272	513	606	2429
5256	1805	868	409	2361
5257	3597	3422	2426	2471
5258	0	0	0	0
5259	0	0	0	0
526	4853	1524	3074	3286
5260	80	79	27	72
5261	1073	2823	624	1454
5262	0	0	0	0
5264	1705	3097	1659	1616
5265	10528	1742	8249	709
5266	48	11898	2408	1401
5267	57	4	2	25
5268	545	2900	4484	1695
5269	6338	10642	7199	10283
527	8	29	3	15
5270	7939	1560	920	4423
5271	510	593	480	430
5272	772	689	551	626
5273	0	0	0	0
5274	207	40	26	98
5275	1	0	0	0
5276	1	0	0	0
5277	406	513	360	1030
5278	2	5	3	10
5279	1527	1534	717	1515
528	2508	2126	1947	3374
5280	55	37	23	57
5281	363	258	289	288
5282	3	1	0	1
5283	492	356	291	736
5284	72656	393468	133577	178136
5286	2598	1813	1346	2943
5287	5381	4834	3849	4259
5288	0	0	1	1
5289	900	702	605	1040
529	3127	3137	2569	3388
5290	858	777	585	1183
5291	1930	2291	1623	3097
5292	1086	973	423	1406
5293	524	748	59	143
5294	282	80	72	52
5295	6661	2066	1209	1931
5296	8	9	3	9
5297	3760	2209	2297	2445
5298	3156	3293	1645	2900
53	1624	1441	609	1263
5300	1427	2259	1089	1905
5301	0	1	0	0
5303	668	925	398	1063
5304	0	0	15	0
5305	1247	698	498	919
5306	3494	3085	5239	4316
5307	3390	2348	1292	1827
5308	1484	750	703	827
5309	0	0	0	0
5310	3254	2797	959	3169
5311	1081	264	120	718
5313	26	9	4	9
5314	114	129	14	15
5315	51708	25199	37717	41620
5316	1020	1196	548	1592
5317	464	107	680	1240
5318	5144	4211	4261	4460
5319	3	2	1	0
5320	35	459	1152	194
5321	906	9	107	10
5322	68	5	2	14
5324	167	372	28	126
5325	1470	866	1110	1836
5326	5599	2980	1524	6203
5327	4647	658	494	997
5328	1587	353	198	1025
5329	1338	2651	2043	3159
533	5057	4038	3153	5873
5330	1121	344	298	1019
5331	4619	7413	3034	7003
5332	21228	7958	2285	8522
5333	502	2742	622	665
53335	1815	2311	470	1527
53336	0	0	0	0
53338	0	0	0	1
53339	3620	1228	1531	1988
5334	96	41	20	61
53340	121	81	92	74
53342	73	97	44	83
53343	1754	601	855	1351
53344	604	410	294	791
53345	10	11	3	9
53346	37	6	2	8
53347	70	28	12	11
53349	913	704	472	651
5335	6550	5393	1310	6273
53353	14	0	1	0
53354	705	721	716	1221
53358	138	165	61	88
5336	604	220	184	185
5337	794	1101	1011	1451
53371	2153	905	881	2015
53373	5947	5887	3353	3605
5338	1076	1283	1032	1302
53383	0	1	2	1
5339	22943	39255	42297	31710
534	14	10	3	1
5340	1	6	0	0
53400	0	1	0	0
53405	1183	3913	1652	3137
53407	2133	1103	1147	1838
53409	0	2	0	0
5341	338	92	43	182
53410	0	2	0	0
53411	5	6	0	1
5342	1	1	1	5
5343	10	13	2	5
5345	278	236	150	82
5346	136	64	33	31
5347	1303	1111	1361	3171
5348	5	2	0	4
5349	180	637	419	734
535	4511	5214	2891	2928
5350	349	39	38	72
5351	4114	3349	1820	5807
5352	1173	1859	1117	7544
5354	34	2	1	1
5355	4964	6852	7611	16407
5356	2162	1223	1247	2135
5357	4955	5377	6089	6701
5358	9413	3146	3091	6110
5359	2735	3896	1936	6978
5360	3956	2900	869	11553
5361	5188	3867	2808	6222
53615	2445	1238	1502	3456
53616	198	235	187	166
5362	3131	5837	2211	2680
53630	69	210	95	130
53632	1	3	0	0
53635	1894	2475	1126	1631
53637	36	9	15	51
5364	10787	16789	6623	9044
5365	803	19	94	46
5366	539	263	104	497
5367	0	0	0	0
5368	22	17	5	2
5369	0	0	0	0
537	10949	9793	4914	12167
5370	0	0	0	0
5371	5974	1829	1604	2191
5372	720	652	597	686
5373	1087	768	599	980
5375	2	1	7	2
5376	1629	497	218	874
5378	906	524	365	954
5379	445	554	333	742
538	760	649	609	950
5380	1	2	1	2
5382	38	81	31	71
53820	25	274	27	91
53822	6	9	1	14
53826	370	66	16	71
53827	7453	9035	3462	7670
53828	12	47	62	81
53829	129	31	19	22
5383	52	46	20	34
53831	45	3	3	28
53832	1416	1496	1101	3072
53833	28	89	16	45
53834	2118	1206	2607	1803
53836	0	0	0	0
53838	2115	2640	1372	2761
53840	5	7	0	4
53841	4712	23899	4344	2447
53842	0	0	0	0
53844	377	287	173	352
5387	230	303	79	190
539	1006	2548	1455	2134
53904	4	120	1	1
53905	258	404	146	80
53916	49	97	31	46
53917	237	280	85	169
53918	1177	748	447	1135
53919	5	8	3	6
5393	931	553	731	970
53938	460	362	571	1059
5394	2176	1323	1538	1865
53940	0	0	0	0
53942	2	1	0	2
53944	1194	440	558	775
53947	287	55	28	186
5395	621	712	372	855
5396	474	500	96	574
53981	2718	1368	1653	3165
54	928	166	160	396
540	1595	2431	1819	1560
54012	0	0	0	0
54014	2595	2669	2409	2590
54015	0	0	0	0
54016	0	1	0	0
54019	0	0	0	0
54020	3193	3168	3288	1917
54021	14	13	10	16
54022	0	1	0	0
54025	0	0	0	0
54026	0	0	0	0
54027	0	0	0	0
54028	26	22	11	10
54029	1	0	0	0
54031	7	1	14	8
54032	0	0	0	2
54033	139	174	10	41
54034	0	0	0	0
54035	0	0	0	0
54036	0	0	0	0
54038	0	0	1	0
54039	114	141	61	41
54041	0	0	0	0
54043	0	0	0	1
54044	0	1	0	1
54045	1	0	1	1
54047	1	2	1	1
54048	2	0	1	1
54049	1	1	3	4
54050	1	0	0	4
54051	0	0	0	0
54052	1	0	0	0
54053	3	2	0	2
54054	13	9	0	6
54055	52	53	0	12
54058	241	491	332	387
54059	394	607	485	760
5406	1	0	0	0
54064	0	0	0	0
54065	0	1	0	1
54067	83	143	45	42
54069	586	654	525	1269
5407	5	39	0	19
54072	1	2	0	0
54075	0	0	0	0
5408	32	257	0	41
54082	30	3	24	16
54084	64	8	89	69
54088	0	0	0	0
54089	0	0	1	0
5409	17	13	13	7
54090	0	3	0	1
54093	946	1488	614	1078
54097	1659	205	1479	41
54098	0	0	0	0
54099	8	24	4	4
541	6	2	3	3
54101	957	898	773	740
54102	256	73	28	67
54103	1317	1144	498	1141
54106	1	10	3	4
54107	2593	2987	1566	4193
54108	1615	1771	1503	2610
5411	5439	5824	3430	6762
54112	30	2	0	1
5412	2714	4113	1947	1691
5413	15	2	0	4
5414	266	76	16	202
54143	0	0	0	0
54145	0	0	0	0
541465	0	0	0	0
541466	0	0	0	0
541468	8	3	2	1
54147	0	0	0	0
541471	470	229	58	576
541472	1	0	0	1
54148	805	899	931	1378
54149	421	479	218	230
541565	205	202	183	196
541578	784	618	396	1054
541611	0	0	0	0
54165	1120	1217	889	1626
54187	1641	4312	1866	3189
542	0	0	0	0
5420	4602	1362	884	3376
54205	8468	17597	8327	12933
54206	2259	1253	1657	3339
54207	54	102	27	66
54209	86	29	1	67
54210	49	3	4	69
54212	1	0	0	1
5422	1428	688	698	2495
54221	3	0	0	1
5423	922	417	547	649
5424	1670	1261	802	2126
5425	5208	7920	3007	12217
5426	3730	3355	2608	5098
5427	304	143	178	560
542767	2	9	4	5
5428	3097	1250	2150	2175
5429	1070	690	623	1174
543	0	0	0	0
5430	8435	4131	9828	9703
5431	5453	1500	2661	4642
5432	2707	2730	1578	2810
54328	173	18	22	187
54329	21	6	1	17
5433	1842	1483	1082	2857
54331	464	82	63	151
54332	642	118	360	680
5434	4939	3748	4248	6539
54344	581	1601	510	591
54345	258	119	33	222
54346	83	2	0	52
5435	1705	1212	1000	1969
5436	2211	2054	1047	2712
54360	21	2	2	2
54361	706	146	41	76
54363	5	5	0	0
5437	2955	5142	2064	6426
5438	141	199	147	185
54386	1946	1842	951	1727
5439	1554	2564	1255	2731
544	0	0	0	0
5440	1719	1929	1640	2128
54407	6521	5772	4428	5850
5441	2789	3286	1751	3573
54413	110	37	116	80
54414	2349	3538	3069	4689
5442	3181	2162	2086	3511
54429	48	65	28	39
5443	7	12	0	13
54431	8186	4562	3530	6599
54432	1048	776	634	891
54433	1443	1006	866	1665
54434	2478	1474	1207	2148
54435	0	0	0	0
54436	1361	700	146	432
54437	134	69	33	127
54438	293	679	542	784
54439	1218	1161	546	968
5444	73	7	2	1
54440	518	164	48	69
54441	3	12	13	11
54442	1840	3215	1451	3608
54443	2164	1069	1801	5860
5445	4904	4288	2872	5009
54453	4087	2381	819	2098
54454	984	740	428	990
54455	1255	657	621	1143
54456	26	8	1	10
54457	11	1	8	59
54458	4052	5936	3145	5826
5446	370	238	75	95
54460	370	175	666	3006
54461	4481	6568	2952	4976
54462	3838	2067	1712	3495
54463	1559	3755	937	1260
54464	1478	1565	1173	1653
54465	787	362	276	667
54466	7	62	0	8
54467	3774	2271	2062	3375
54468	1843	1910	929	2283
54469	2981	1832	1449	1961
5447	6851	6370	5279	7112
54470	649	481	265	678
54471	2325	1414	1601	2702
54472	3338	4358	1762	3740
54474	9768	7045	21571	10768
54475	1581	1002	811	3106
54476	4027	4099	1224	4331
54477	2260	1180	1556	1032
54478	319	139	448	589
54480	4714	3796	1296	3999
54482	645	402	329	319
54487	1887	1334	939	1617
5449	1	1	2	1
54490	0	0	4	0
54491	1796	3981	957	3482
54492	1654	1233	531	1697
54494	187	495	139	211
54495	1356	1004	840	1098
54496	1703	2492	923	1937
54497	1706	1810	1366	1229
54498	2654	870	177	1413
54499	4074	4605	2207	3916
545	1583	1766	1366	2466
5450	442	348	195	66
54502	6876	5577	4306	5652
54503	1394	3248	1293	2189
54504	445	1628	48	796
54505	1656	1312	790	1265
54507	316	821	249	181
54508	8	37	28	2
54509	48	90	69	105
5451	1227	1534	841	2011
54510	1567	222	125	491
54511	6	3	5	4
54512	874	864	870	1385
54514	0	0	0	0
54516	221	290	175	317
54517	1797	1164	1123	3355
54518	254	104	29	43
5452	292	94	84	74
54520	2992	3285	1212	3926
54521	1037	639	1075	942
54522	402	616	293	527
54529	817	609	362	996
5453	19	2	0	0
54531	1031	510	1065	1213
54532	1648	1240	2043	1895
54534	1392	1676	778	1607
54535	1657	4277	950	2169
54536	1196	733	1039	1497
54537	1198	1879	1176	1718
54538	448	196	92	423
54539	4159	4075	2699	9103
5454	2	6	1	2
54540	3046	5592	1009	2034
54541	1195	1022	729	4636
54542	2222	1686	1209	3227
54543	7228	8256	2614	10141
54544	1	2	0	0
54545	1839	1426	840	2802
54546	158	372	526	280
54549	282	90	108	22
5455	10	82	14	19
54550	6	3	1	4
54551	30	4	2	6
54552	2264	1645	1498	4727
54553	258	317	104	165
54554	617	746	210	516
54555	2118	2434	1817	2912
54556	728	451	289	604
54557	235	188	115	220
54558	444	132	230	197
5456	0	0	0	1
54566	3756	6418	4769	3534
54567	1651	668	258	1010
54568	0	0	0	0
54569	0	1	0	0
5457	32	32	19	9
54570	1	0	0	0
54571	0	0	0	0
54572	0	0	0	0
54573	8	7	0	1
54574	0	0	0	0
54575	201	661	140	26
54576	71	84	32	5
54577	7	20	1	1
54578	32	36	6	3
5458	0	1	0	0
54580	0	0	1	0
54581	112	46	43	49
54583	185	75	130	180
54584	353	195	237	588
54585	731	936	650	1076
54586	4	5	0	2
54587	2406	459	335	1026
5459	1	7	2	3
54596	74	442	2108	1175
546	3619	1593	1653	3783
5460	258	155	224	223
54600	5	31	2	1
54602	3440	5222	3976	3165
54606	6780	6979	3045	6530
54617	1707	1288	1183	2065
54619	955	614	530	848
5462	453	231	335	510
54620	1619	1411	897	2243
54621	2928	3966	1314	2175
54622	1462	998	680	847
54623	2596	2253	1565	2413
54625	3353	2790	1456	3306
54626	224	1840	477	492
54627	21	84	1	87
54629	804	397	415	431
5463	475	230	196	254
5464	11005	14161	10811	21879
5465	3040	2539	2297	2823
54657	1	1	0	0
54658	43	134	12	6
54660	40	11	6	10
54661	0	0	0	2
54662	1624	1805	683	1829
54663	1434	1860	792	2134
54664	4932	3576	2213	2135
54665	1268	766	673	758
5467	1935	2392	2270	2425
54674	23	8	4	7
54675	211	195	63	136
54676	3649	4540	1443	3463
54677	1016	957	402	688
5468	3397	3843	3449	3510
54680	1210	518	641	1060
54681	2784	2633	1486	2332
54682	4312	4474	3901	3291
5469	2955	1580	1995	3529
547	145	18	0	9
5470	1	0	0	1
54700	2559	2653	1547	3455
54704	1480	1683	1839	1891
54707	1415	840	801	1080
54708	2094	1641	1300	1973
5471	1053	464	623	1551
54714	3	2	3	5
54715	7	53	3	6
54716	63	5199	50	791
54718	212	189	102	158
54726	2062	1111	1644	2132
54729	0	0	0	0
5473	3899	21	2	83898
54732	12361	13706	5125	8205
54733	2359	2938	1487	3596
54734	9	3	0	0
54737	3308	5424	2341	3041
54738	17	5	4	0
54739	365	274	143	144
54741	3068	2048	1800	2230
54742	2	1	1	0
54749	2106	1450	637	3092
5475	12	6	0	8
54751	4796	3727	2154	3669
54752	1	6	10	7
54753	204	194	15	119
54754	5	1	0	3
54756	420	115	101	1097
54757	133	39	16	68
54758	2463	3798	1596	2808
5476	9369	18288	3132	6729
54760	155	378	161	339
54762	208	312	132	110
54763	7	3	1	0
54764	460	321	298	725
54765	5638	3160	2075	4419
54766	0	0	0	0
54768	4	1	0	66
54769	18	2	0	2
54776	3667	5083	2316	4671
54777	4	34	6	10
54778	1631	478	632	877
5478	21730	32116	18509	30698
54780	2023	1951	1109	1997
54784	572	508	339	724
54785	199	268	287	315
54788	2566	3511	2142	3683
5479	6570	3538	3018	4134
54790	1170	428	873	604
54793	1060	845	1490	981
54795	5764	12719	7721	5370
54796	312	23	32	52
54797	736	503	540	649
54798	35	0	2	73
54799	1590	1519	851	1291
5480	1359	2659	1045	767
54800	2008	3114	1134	1523
54801	1145	801	565	2638
54802	1548	707	647	1364
54805	603	646	306	858
54806	1174	1265	636	1557
54807	681	1171	236	491
54808	1653	1143	936	1794
54809	993	531	450	318
5481	1606	990	1070	1907
54810	1754	1234	622	1306
54811	1778	1638	1049	1958
54812	3721	3758	2014	4677
54813	592	307	438	478
54814	586	975	560	1463
54815	5400	6466	4184	7115
54816	879	443	535	412
54819	828	783	462	554
54820	1154	1632	1118	2108
54821	233	130	274	1188
54822	2393	992	1206	1610
54823	311	268	193	236
54825	3637	2139	1140	469
54826	234	191	87	162
54827	93	6204	4607	531
54828	1340	844	666	673
54829	714	49	43	204
5483	17	35	16	19
54830	271	179	138	525
54831	17	1	231	3
548313	0	1	0	0
54832	4895	1683	1857	2252
54834	521	406	387	624
54836	2071	1920	1599	2519
54838	2292	2483	1387	2627
54839	557	92	100	226
54840	1300	1907	751	2446
54841	963	1647	513	811
54842	4784	3705	2825	2584
54843	3912	3392	1496	3747
54845	7095	8955	7608	8646
54847	523	404	349	1018
54848	832	734	485	548
54849	2416	3493	969	1967
5485	2	5	0	2
54850	908	1788	629	1416
54851	713	1502	371	774
54852	260	410	656	718
54853	2123	1846	963	1931
54854	3376	4933	2170	2941
54855	774	476	375	364
54856	1895	1717	1072	2047
54857	20	250	140	189
54858	3675	4589	2001	3370
54859	963	798	685	985
548593	0	0	0	1
548594	0	0	0	0
548596	374	28	857	310
548599	0	0	1	0
5486	4	1	0	1
54860	2	89	59	84
54861	865	826	529	625
54862	4752	10493	7082	4393
54863	3764	7583	3035	5544
548637	0	0	1	1
548644	244	94	97	61
548645	440	477	232	461
54865	2394	1319	1127	2432
54866	790	2911	1633	2062
54867	6737	8104	4601	7603
54868	1163	1485	547	1105
54869	1883	4313	2013	2661
5487	0	3	0	0
54870	2963	2862	1892	2722
54872	3686	1965	1563	2535
54873	214	70	51	57
54874	5673	2432	2276	2448
54875	297	76	4	45
54876	2608	1687	1261	2881
54877	620	597	381	749
54878	2039	1016	1303	1244
54879	349	408	211	298
5488	4	9	2	3
54880	3420	1344	1288	2428
54881	1584	1922	1045	2467
54882	179	213	74	146
54883	1282	1331	896	1272
54884	4780	6596	4093	8939
54885	809	453	562	624
54886	291	2	1	1
54887	1465	771	735	1521
54888	4582	3686	2468	5493
5489	0	0	0	1
54890	2424	1518	2159	3500
54891	1400	1845	700	1385
54892	1773	751	950	3588
54893	1382	675	1232	589
54894	14581	8343	4357	11135
54896	728	761	363	577
54897	1805	993	915	633
54898	13	6	1	13
54899	787	714	351	769
549	527	817	439	541
54900	153	44	24	19
54901	939	672	376	823
54902	2876	1875	3316	2818
54903	1029	811	550	974
54904	4339	1646	2917	2385
54905	1712	132	188	1098
54906	2779	2515	2160	4054
54908	503	276	276	1044
5491	16	6	1	14
54910	4635	2288	222	3192
54913	1981	1670	1739	2495
54914	2874	2043	1538	3629
54915	5055	4619	1512	3844
54916	1360	578	560	1200
54918	4035	6108	3364	4835
54919	3018	3295	1652	4666
54920	534	527	537	1007
54921	41	8	14	14
54922	301	192	77	262
54923	132	428	70	257
54925	686	847	399	831
54926	4612	5288	2142	5789
54927	3804	3516	1999	5590
54928	4071	3533	3026	7436
54929	2066	2394	1688	3741
5493	1763	3191	2343	1209
54930	549	256	178	783
54931	1270	1150	1179	2033
54932	709	3395	687	1307
54933	134	182	529	133
54934	1177	1250	850	1435
54935	1337	2985	948	1403
54936	1268	1131	1017	1241
54937	0	2	0	0
54938	128	71	75	152
54939	2960	1898	1578	2379
5494	2398	1668	1568	2751
54940	5915	2868	3037	5223
54941	114	201	297	207
54942	914	1448	600	1263
54943	31	46	51	20
54944	36	10	22	23
54946	2544	3547	1619	2892
54947	1861	2296	783	1921
54948	2832	2088	1423	3935
54949	331	641	208	484
5495	1241	1522	592	566
54951	783	375	311	460
54952	521	414	342	494
54953	1243	1944	1234	1387
54954	287	162	150	369
54955	804	441	523	1039
54956	861	494	280	576
54957	678	546	372	439
54958	185	571	280	420
54959	208	47	11	20
5496	9662	7478	4459	15343
54960	928	708	788	1270
54961	2044	6572	2170	3952
54962	331	121	160	407
54963	2920	4420	882	2699
54964	349	280	122	327
54965	1037	1305	763	2347
54967	0	0	0	1
54968	1087	947	1229	1908
54969	563	291	344	524
54970	1132	609	347	1148
54971	691	844	327	606
54972	2724	1110	565	2306
54973	5189	3669	2470	4222
54974	1589	1142	712	1864
54976	2213	2414	1258	3713
54977	2310	2090	1636	2265
54978	2451	2981	956	4163
54979	0	28	43	21
5498	647	1078	442	729
54980	507	318	198	494
54981	949	1757	437	753
54982	2253	810	1007	1432
54984	447	126	354	451
54985	668	1131	525	904
54986	147	149	242	201
54987	1327	888	708	1029
54988	4	1	0	1
54989	1522	243	616	1151
5499	5874	11049	4727	9502
54991	843	936	479	1006
54993	399	145	62	166
54994	4930	5807	2008	5072
54995	591	754	509	679
54996	378	845	61	580
54997	6402	1073	1051	1328
54998	3772	3518	2566	3837
55	217	78	409	233
550	7371	14318	3224	10884
5500	7618	10343	4838	7296
55000	5185	3779	3218	4192
55001	1035	1142	1277	772
55002	2358	1529	1456	1942
55003	1035	1005	661	1413
55004	3653	5576	2097	4937
55005	1279	1019	690	1360
55006	579	266	208	703
55007	1724	2867	896	2434
55008	1240	324	423	464
55009	1913	1649	1350	2127
5501	7549	6850	6553	10308
55010	498	198	243	401
55011	3378	4365	1834	3067
550112	466	154	101	250
55012	423	237	234	464
55013	283	423	199	500
55014	1677	1869	902	1828
55015	1443	965	830	1289
55016	333	135	168	172
55017	1508	1441	1334	2238
55018	91	1091	953	1002
5502	40	7	0	11
55020	7640	5080	5528	7412
55022	575	1204	682	2258
55023	2018	1687	1113	1948
55024	175	122	68	38
55026	32	4	3	8
55027	1058	1359	734	1693
55028	818	875	348	866
55030	3747	2778	2598	3659
55031	2171	1390	1166	2235
55032	1127	833	723	809
55033	683	507	451	930
55034	774	312	377	751
55035	2289	2590	1201	3228
55036	380	76	112	199
55037	7839	3614	2957	7639
55038	624	333	364	2252
55039	589	479	379	897
5504	2678	2360	1635	2386
55040	918	762	1359	2102
55041	6920	6210	4632	8466
55048	1418	1707	811	2417
55049	1724	4537	1405	2161
55051	968	355	512	960
55052	3070	1926	1363	2463
55054	2164	2704	1192	3671
55055	657	332	595	843
55056	541	566	278	222
55057	627	958	1555	1032
5506	0	0	0	0
55061	25	4	4	14
55062	1160	3349	753	1005
55063	329	202	39	207
550631	68	45	55	69
55064	300	239	190	227
550643	1188	757	780	1580
550644	14	4	4	23
55065	24	106	5	3
55066	1852	1595	1024	2025
55068	47	14	1	20
55069	11310	10163	4495	9345
5507	138	8	8	44
55070	128	188	47	47
55071	519	579	314	678
55072	41	24	21	42
55073	327	271	173	277
55074	1634	2224	1673	1712
55075	2987	1250	1533	1896
55076	186	40	32	69
55079	0	0	0	0
55080	4001	1395	846	1100
55081	1599	1763	1114	2433
55082	6895	12707	5028	4963
55083	1569	35	16	1026
55084	243	27	22	85
55086	180	38	40	181
55088	1718	1897	2532	1614
55089	349	180	434	58
5509	568	931	351	697
55090	595	555	626	824
55092	1441	981	710	889
55093	453	513	335	1192
55094	815	904	442	849
55095	4427	5264	2981	5452
55096	65	39	93	67
551	0	0	0	0
5510	2675	4243	1882	3324
55100	1374	1222	673	1504
55101	1749	1975	1310	2408
55102	1986	1043	971	1236
55103	1154	1285	828	1651
55105	672	651	483	879
55106	204	50	10	29
55107	946	618	605	1013
55108	3455	3099	2521	2886
55109	1013	944	391	564
5511	2009	1169	1181	2039
55110	788	635	473	985
55111	4600	2890	3153	5171
55112	1206	867	687	1918
55113	498	370	345	455
55114	2913	2929	1743	2412
55116	757	398	359	834
55117	18	19	0	1
55118	79	3	4	5
55119	3568	2142	2304	2920
5512	3	1	0	0
55120	681	704	413	1017
55122	2593	1527	952	1797
55124	809	112	71	109
55125	1115	517	596	1288
55127	2406	1663	1848	3215
55128	1283	1129	532	875
55129	1440	3338	1179	1396
55130	17	2	0	5
55131	3099	1845	1373	3805
55132	1452	633	968	1460
55133	1225	504	347	578
55135	584	566	636	813
55137	60	1	4	14
55138	13	6	0	4
55139	3405	4445	1384	3524
5514	4163	4974	2937	6188
55140	1902	709	1294	1389
55142	552	294	486	880
55143	1213	786	1030	2147
55144	2019	1299	1013	1788
55145	320	204	180	233
55146	1609	1773	647	1797
55147	2583	1573	1627	3476
55148	1494	818	918	1653
55149	1263	1265	1032	1947
5515	4808	5314	2796	4372
55150	42	165	33	64
55151	1146	1482	240	1213
55152	858	1415	622	1049
55153	3050	1389	1336	2837
55154	409	460	187	489
55156	1488	1406	1351	3027
55157	1147	1190	1186	2521
55159	2130	2135	1220	2953
5516	4189	1998	3348	2187
55160	6531	4780	3846	4201
55161	5142	2422	2597	5171
55163	1173	917	719	1592
55164	1030	1098	749	1003
55165	1102	882	1461	3684
55166	209	214	107	286
55167	1862	2051	917	2170
55168	548	720	452	831
55170	1252	403	424	696
55171	335	328	363	678
55172	771	448	546	876
55173	1468	1295	958	1783
55174	3697	1282	3054	3003
55175	163	58	142	300
55176	260	280	227	427
55177	1687	1636	1210	1745
55178	431	366	555	677
55179	362	414	617	450
5518	15254	15513	10532	11957
55180	483	307	403	456
55181	793	449	439	824
55182	2552	2013	1352	2500
55183	3148	2282	1328	4139
55184	222	274	89	264
55186	2124	2718	1738	3715
55187	2675	1609	2361	2622
55188	811	607	323	588
5519	2007	2448	1346	2725
55190	21	11	0	13
55191	5123	10626	4016	6424
55192	386	352	324	375
55193	2867	1816	1691	2367
55194	0	0	0	0
55195	90	3	3	6
55196	2014	3064	1287	2515
55197	1766	1559	883	2608
55198	2948	3021	1564	2321
55199	202	254	153	445
552	14	7	5	13
5520	3583	1397	2873	2533
55200	3096	3719	3028	2667
55201	2179	2404	1651	2275
55203	296	57	18	257
55204	2603	2742	1967	2148
55205	1330	206	163	1044
55206	3265	2730	2034	3469
55207	2806	3346	1811	2758
55208	826	1279	552	867
55209	5555	5721	3259	4893
5521	35	3	0	18
55210	1782	946	1074	1914
55211	1	1	1	0
55212	417	227	446	622
55213	1645	1128	800	900
55214	164	113	2590	630
55215	2189	634	1100	2913
55216	1418	1552	785	2286
55217	834	395	343	859
55218	1458	874	827	1567
55219	1759	1692	1113	1539
5522	1433	51	57	178
55220	22	36	12	49
55222	706	611	461	1995
55223	343	155	189	303
55224	165	52	9	136
55225	1903	1930	1499	2509
55226	5561	4736	2559	8099
55227	903	1394	599	1393
55228	188	15	14	23
55229	783	632	532	898
5523	261	689	448	357
55230	2910	2714	1447	3356
55231	22	5	7	12
55233	6194	6793	3874	9615
55234	2712	2967	1651	4607
55236	2567	1223	1370	2401
55237	1	0	1	6
55238	1309	1974	540	1021
55239	1251	1498	813	1455
5524	6622	6734	4124	6999
55240	1847	3013	1339	4174
55243	1897	366	203	4103
55244	13	13	3	16
55245	2449	3051	1089	2751
55246	1834	686	1613	1415
55247	122	52	54	366
55248	399	264	211	618
55249	1093	1471	740	1577
5525	2367	3751	2244	3579
55250	2138	1742	1142	2881
55251	5271	4146	1299	2086
55252	2909	1491	1243	3857
55253	1637	1107	843	1436
55254	1478	1364	755	2021
55255	1174	837	695	752
55256	4313	4079	2598	4971
55257	1348	2199	664	2899
55258	3444	2511	680	1599
55259	12	2	4	13
5526	925	2680	829	962
55260	336	437	314	426
55262	1240	1565	631	1304
55266	1169	1710	791	1774
55267	11	7	4	26
55268	2555	3573	2401	1405
55269	1987	1703	1378	2027
5527	4624	3924	3422	12639
55270	1142	1802	1464	1819
55272	889	697	618	926
55273	61	5	15	4
55274	2840	2749	1243	2943
55275	1927	1430	2396	1790
55276	1700	327	755	2042
55277	1890	458	474	611
55278	1126	1420	798	2228
55279	634	656	455	511
5528	997	883	729	1684
55280	785	980	604	1526
55281	645	256	230	479
55282	746	340	319	296
55283	275	22	6	46
55284	1116	914	904	1688
55285	907	582	456	1048
552859	0	0	0	0
55286	862	907	610	602
552860	22	24	13	36
55287	51	0	1	3
552879	0	0	0	0
55288	1567	1202	826	1625
552889	6430	5072	2992	4031
55289	62	156	7	82
552891	0	0	0	1
5529	1706	1098	1075	2517
55290	388	138	156	133
552900	0	0	0	0
55291	4281	4662	2615	5147
55293	1145	1406	694	922
55294	963	613	542	1021
55295	602	680	391	725
55296	377	73	115	168
55297	1023	727	542	504
55298	891	940	436	1356
55299	1402	1559	1050	3141
553	2	0	0	0
5530	1519	1294	2229	2051
55300	1889	889	1207	1721
55301	3	1	0	2
55303	443	171	77	201
55304	316	183	128	42
55308	564	668	381	812
5531	4102	6722	2714	5133
553103	256	446	136	176
55311	2363	2135	951	2856
553112	11	11	4	8
553115	2498	1590	1677	2121
553117	0	1	1	1
553118	0	0	0	0
55312	3496	1958	807	1319
553121	4	1	3	11
55313	1506	454	452	1527
55314	1498	347	327	839
553148	1	0	1	6
55315	666	900	298	881
553158	30	35	51	58
55316	2432	2885	1735	1632
55317	850	428	257	600
55319	1029	711	696	1093
5532	1663	1518	948	1740
55320	1285	484	865	1447
55321	279	60	6	85
55322	1052	889	610	1425
55323	674	34	13	655
55324	2306	3515	1798	3559
55325	729	331	280	536
55326	3021	1866	2441	2960
55327	1210	1808	1036	1865
55328	446	405	91	321
55329	114	36	70	152
5533	475	235	423	453
55330	839	503	414	848
55331	1031	1044	797	1449
55332	1318	842	296	498
55333	2008	1246	1366	1710
55334	3687	2597	2238	5925
55335	127	199	56	89
55336	547	963	339	477
55337	715	1212	379	775
55338	0	1	1	0
55339	4077	3747	1919	4251
5534	1746	1743	913	2737
55340	39	13	2	2
55341	2272	2267	1440	3043
55342	2936	2858	1789	3602
55343	2877	6326	2569	3556
55344	741	627	665	2186
55345	272	171	167	472
55346	304	187	105	330
55347	1183	1123	1021	1699
55349	2823	3462	1170	2445
5535	1	0	0	1
55350	3	4	1	3
55351	25	7	6	10
55352	1248	1972	689	2397
55353	8539	4159	3117	14403
55355	870	664	524	2262
55356	449	457	59	66
55357	1409	1870	2350	1557
55359	285	562	324	344
5536	3011	2204	2286	3617
55361	870	1102	573	1620
55362	1851	4822	2081	3400
55363	1	0	0	0
55364	1026	470	640	1126
55365	12033	15341	1645	4812
55366	1899	4990	2118	3737
55367	1172	2505	578	1189
5537	2821	3115	1515	3095
55370	281	835	382	309
55374	942	1640	402	874
55379	9167	6595	7568	10926
5538	4071	2019	1892	4387
55380	0	0	0	0
553820	0	0	0	0
55384	1174	280	104	498
55388	390	273	335	1375
5539	0	0	1	0
553939	1	0	0	1
554	24	91	4	19
5540	59	24	21	8
554049	49	10	0	61
554175	0	0	0	0
5542	0	0	0	4
554201	1	0	0	0
554202	24	0	33	10
554203	215	119	97	161
55421	2230	1464	2670	2310
554210	105	300	87	73
554212	0	0	0	0
554213	0	0	0	0
554214	0	0	0	0
55422	151	459	23	94
554225	12	3	24	14
554226	0	0	0	0
55423	112	32	25	12
554234	0	0	0	0
554235	15	19	46	35
554236	7	4	1	0
55425	1621	1828	952	1547
554250	1	0	0	0
554251	197	199	124	247
554279	7	3	1	9
554282	12	16	12	25
554300	0	0	0	0
554313	0	0	0	0
55432	378	630	539	719
55435	1385	1411	1339	1647
554354	0	1	0	0
55437	920	725	358	1118
5544	11	3	4	7
55449	512	331	722	469
5545	0	0	0	0
55450	4877	3990	2229	2456
55454	810	454	281	847
5546	2247	2677	1460	3192
55466	2784	1405	1331	1825
5547	3136	2844	1629	4155
55471	532	933	442	556
55472	18	13	17	23
55486	286	644	233	549
5549	1818	96	60	218
5550	4842	7317	3760	9381
55500	4995	2316	2622	2866
55501	842	887	401	1201
55502	4643	1130	1620	2875
55503	18	21	4	6
55504	1180	7	6	191
55505	2375	1566	1531	2296
55506	2837	1054	683	2532
55507	50	112	198	54
55508	516	603	385	576
55509	46	30	28	35
5551	94	37	35	75
55510	8	3	2	6
55511	0	0	0	0
55512	1579	2731	1155	1040
55515	4	1	12	10
5552	1258	302	276	441
55520	206	11	70	168
55521	232	972	798	152
55526	1501	1960	1597	2056
55527	51	28	27	53
55529	389	225	47	425
5553	1	1	1	0
55530	10	12	2	1
55531	3	1	0	4
55532	10	5	15	1
55534	1121	427	754	544
55536	2388	1401	547	1979
55539	0	0	1	0
5554	28	16	11	14
55540	918	1431	205	507
55544	1065	1126	355	1517
55545	0	0	0	0
5555	10	15	11	18
55552	385	902	402	500
55553	302	26	40	102
55554	129	15	38	30
55556	1588	872	1214	1377
55558	5115	7525	2110	7288
55559	46	47	26	97
55561	2123	2607	1616	1645
55565	99	75	37	77
55567	84	145	41	109
55568	7464	2438	3638	5060
5557	249	103	132	408
55571	4243	4119	2054	5386
55572	1132	2014	827	2368
55573	7772	7049	6074	10798
55576	22	8	7	39
55577	2592	2546	1070	1850
55578	2419	3089	1312	2044
5558	525	569	386	919
55582	402	198	113	235
55584	1	4	1	1
55585	3256	4236	1690	4523
55586	3	30	1	6
55588	2754	2388	1616	2660
55589	377	97	237	347
55591	2769	1560	1733	2290
55592	886	2063	830	810
55593	3684	4468	2395	6250
55596	1538	1462	989	1422
55599	724	464	499	367
55600	7272	104	1245	0
55601	1180	422	626	628
55602	1472	839	922	1364
55603	832	590	807	396
55604	2128	2029	2053	1935
55605	1793	990	830	1559
55607	2065	1106	996	1069
55608	6357	9456	4437	5029
55609	466	156	152	699
55610	1441	1219	780	1315
55611	3639	5244	2336	5385
55612	21717	23349	5706	25349
55613	5	93	62	92
55614	4781	2534	1369	2220
55615	1257	910	867	1476
55616	497	1030	329	263
55617	813	704	348	694
55619	483	113	94	90
5562	4019	3739	2378	3257
55620	4065	6867	3802	3998
55621	3233	5331	2044	3765
55622	1136	963	638	675
55623	2320	2116	1313	2412
55624	4138	1945	1536	2408
55625	2868	6873	1657	3217
55626	2198	2432	1044	2273
55627	4316	3394	1950	5353
55628	591	325	205	352
55629	3516	3154	1885	3398
5563	47	1	14	196
55630	1827	4283	3715	5160
55631	472	204	392	410
55632	790	428	530	1066
55633	621	810	365	978
55634	461	357	155	728
55635	307	127	249	641
55636	4696	2227	2408	6297
55638	2378	1052	1011	2029
5564	6780	11673	3405	3959
55640	102	147	61	165
55643	4809	3623	2958	4381
55644	1947	1635	1122	1966
55646	1501	658	829	2702
55647	1856	3414	1401	1399
5565	938	997	466	1096
55650	758	846	564	1000
55651	2080	2255	1149	1968
55652	1720	1706	1169	1879
55653	486	1333	78	955
55654	5414	5862	3321	6996
55655	6	2	14	2
55656	1706	1623	1848	2861
55657	1875	2364	1037	2319
55658	2004	1665	2064	3104
55659	200	250	143	249
5566	2077	3828	2426	2172
55660	6757	4671	3458	8011
55661	4436	4822	1720	5463
55662	3010	2935	1932	3876
55663	284	208	103	203
55664	728	804	519	961
55665	3433	5499	2305	3658
55666	6306	9038	3789	6463
55667	4283	1480	1298	2957
55668	1990	775	1027	2096
55669	1879	1686	1708	2380
5567	2483	938	2487	745
55670	2729	2145	2081	2862
55671	3339	1930	2085	3253
55672	943	657	415	1056
55676	1891	1759	936	1414
55677	2800	2743	1227	3340
55679	1055	288	2148	430
5568	3	1	0	0
55680	636	731	410	857
55681	2989	2543	2174	2098
55683	3541	3783	1704	4566
55684	7595	13526	4220	11761
55686	516	287	291	761
55687	1920	1298	1068	2336
55689	2457	1610	1180	4094
5569	32	306	141	168
55690	3526	4212	1735	2663
55691	426	354	209	323
55692	3287	4702	1401	2424
55693	43	12	8	42
55695	2872	2216	976	3414
55696	3181	2411	959	1997
55697	2144	3070	1182	2902
55698	30	24	9	9
55699	5072	5794	5424	8375
5570	72	501	598	57
55700	3468	1402	1489	2321
55701	4906	2095	1223	2842
55702	1030	1086	846	1147
55703	761	378	449	711
55704	434	123	59	197
55705	3237	2224	2279	4583
55706	1985	916	1630	3074
55707	2504	2134	1440	1988
55709	213	122	143	204
5571	2883	2363	2001	3477
55711	2230	1663	1746	1644
55713	21	2	3	834
55714	61	3	5	28
55715	1993	6021	3195	3675
55716	2014	3297	1142	1683
55717	2612	2712	2245	3047
55718	2071	2422	1061	2222
55719	1300	1584	768	2065
55720	1575	697	1698	1992
55721	184	116	107	231
55722	447	488	197	1150
55723	1104	1172	1106	2690
55726	1761	1045	1011	2184
55727	1910	830	1244	1798
55728	637	150	234	512
55729	3707	3112	1674	2919
5573	7233	8865	4062	4842
55731	2211	2458	1340	2490
55732	415	223	190	691
55733	430	424	163	221
55734	1556	1147	473	1905
55735	1822	1199	1349	1820
55737	5439	6837	4152	6711
55738	6068	8312	1985	5711
55739	2756	5170	3366	2351
5574	2	0	0	0
55740	5142	2927	2232	4799
55741	2098	2421	755	1985
55742	4444	3830	2548	3266
55743	1694	1656	566	318
55744	2088	1232	1062	2301
55745	1909	916	1641	2064
55746	2544	1603	1771	2931
55748	7945	7645	4325	5382
55749	4080	2967	2827	4201
5575	2129	2361	1267	3124
55750	1845	1313	1153	2476
55751	1742	748	1010	1210
55752	5711	3152	4319	5441
55753	64	30	7	50
55754	5290	5485	3884	5060
55755	2217	2011	1188	2379
55756	1351	642	960	944
55757	1265	1233	750	1386
55758	1272	1923	1037	1175
55759	2524	1637	1232	3318
5576	3570	2923	2483	3134
55760	2027	3019	1800	2462
55761	4600	4513	2351	4690
55762	383	563	219	380
55763	2388	1529	1569	1595
55764	760	795	1045	1527
55765	2507	3121	2133	3068
55766	10061	4581	3143	2541
55768	1457	1529	894	1425
55769	1650	4006	676	1052
5577	330	55	423	70
55770	1714	1497	936	1720
55771	937	388	859	2881
55773	1676	1381	990	1611
55775	1093	558	612	1766
55776	915	1312	401	1164
55777	764	547	253	477
55778	596	175	207	848
55779	530	1065	551	979
5578	2552	3528	1415	3227
55780	664	948	379	749
55781	1330	986	627	1124
55783	1869	1372	628	1345
55784	2150	1283	964	1077
55785	906	514	557	936
55786	50	295	12	20
55787	1079	1061	1278	4948
55788	2054	3096	1292	1681
55789	572	361	315	718
5579	283	100	47	46
55790	1705	171	225	650
55791	1012	633	320	955
55793	1368	1188	854	1053
55794	739	808	499	1038
55795	2651	3639	1789	2569
55796	1434	865	1059	2342
55798	1685	1286	884	2179
55799	63	4	2	14
558	1248	217	189	507
5580	2435	5050	2897	2808
55800	44	53	0	14
55801	3	3	1	2
55802	1945	1284	1017	2233
55803	244	335	32	159
55805	102	70	52	129
55806	2490	3581	5505	2655
55808	5843	4566	8266	1842
55809	487	68	427	176
5581	940	544	212	237
55810	1385	1282	922	1146
55811	23	15	2	13
55812	502	267	110	533
55813	2492	2358	1705	2842
55814	1809	1092	1050	1783
55815	68	55	11	87
55816	63	7	5	17
55818	3075	3164	1345	6963
55819	3322	2994	1256	2488
5582	138	82	73	15
55821	2	0	0	0
55823	1822	2712	1077	1929
55824	1023	1235	770	1824
55825	501	584	231	932
55827	2172	3756	1314	2767
55829	3495	2609	2025	2694
5583	611	277	366	196
55830	2011	2361	1235	1946
55831	1791	2967	1642	1608
55832	5874	3259	3855	5330
55833	3617	3351	2581	5709
55835	939	955	624	1360
55837	1284	1176	846	1551
55839	290	162	209	720
5584	1648	2421	1536	2774
55840	80	99	85	117
55841	1717	1777	724	3804
55843	173	76	28	78
55844	1098	2118	960	2135
55845	4005	6396	3047	4850
55846	1497	1241	593	754
55847	1169	1108	1182	1892
55848	1061	1348	913	1616
5585	4507	5705	1753	5169
55850	1015	1661	558	1468
55851	379	754	633	737
55852	3140	2526	1337	3282
55853	38	61	32	70
55854	4956	4254	2045	5515
55855	2	7	1	8
55856	1099	1628	637	1548
55857	3017	775	713	915
55858	4311	2221	2381	2802
55859	24	5	0	0
5586	2342	1434	2013	2210
55860	1745	974	1230	2014
55861	89	185	45	96
55862	2582	2877	1334	2958
55863	965	2201	640	1591
55867	176	61	16	28
55869	495	630	336	942
5587	490	79	42	113
55870	3169	2480	1647	3267
55871	528	590	386	683
55872	857	215	1127	1308
55876	4638	4430	2197	3409
55879	17	2	1	1
5588	493	67	51	231
55884	3344	3423	2729	3257
55885	188	6	17	41
55888	163	46	6	29
55889	1	0	0	0
5589	21612	23537	9482	20967
55890	2009	4197	1782	2404
55891	2	2	0	4
55892	593	749	421	700
55893	2677	2299	1724	2674
55894	0	0	0	0
55897	57	145	4	252
55898	3773	2635	2109	2832
5590	868	557	802	916
55900	1000	1319	584	759
55901	449	62	57	104
55902	7482	13122	2863	8557
55904	6648	6428	3168	4658
55905	7259	9360	2607	6854
55906	738	441	288	650
55907	3521	3085	2453	3806
55908	6	4	2	8
55909	819	560	600	573
5591	12431	5162	11028	24891
55911	1993	3806	2843	1187
55914	4315	4001	2446	2542
55915	2227	1032	817	1202
55916	601	499	312	1028
55917	2989	1654	1555	1774
5592	442	143	166	124
55920	6923	4017	6242	9061
55922	970	729	542	2041
55924	272	50	64	69
55929	2264	1493	1006	1391
5593	113	3	7	9
55930	4110	1850	2455	1920
55937	62	218	44	101
5594	4709	2599	3356	5226
5595	3814	8048	4070	4541
55954	320	185	144	218
55957	48	97	23	50
55958	2430	2028	1162	2303
55959	5328	5746	894	5518
5596	15	0	0	2
55964	47	27	5	69
55966	31	8	3	7
55967	1939	2815	1680	2164
55968	4727	3835	1839	3299
55969	123	144	79	151
5597	2628	958	1118	1785
55970	4109	3184	4189	2832
55971	7055	7487	6118	5783
55972	1000	754	502	1039
55973	38	39	12	24
55974	1301	2683	996	2789
55975	980	1038	625	1282
5598	980	5711	801	649
5599	1421	1103	994	1721
55997	0	0	0	0
55998	4	1	0	0
55999	3	0	0	4
56	15	17	9	46
5600	263	547	54	191
56000	9	1	4	5
56001	1	0	0	0
56005	3748	5354	3364	5088
56006	2152	1792	1432	2601
5601	2723	2523	1146	3175
5602	215	27	47	37
5603	7563	9448	4973	9735
56033	3	0	15	7
56034	1268	102	49	169
5604	1963	870	1170	1742
5605	6923	9313	4907	9224
56052	1117	1319	695	1831
5606	3728	8104	2959	3369
56061	3040	3025	1420	3984
56062	19	4	3	6
56063	437	276	186	547
5607	1334	376	594	588
5608	2505	2899	2058	1521
5609	2155	2538	1285	2191
56097	15	15	3	9
56098	8	11	1	3
56099	66	54	10	24
5610	3651	2888	1406	2883
56100	41	151	3	5
56101	47	15	4	4
56102	10	35	7	12
56103	19	34	9	90
56104	1	5	1	5
56105	44	162	12	23
56106	541	395	146	322
56107	21	19	9	15
56108	10	140	3	4
56109	33	302	19	39
5611	5104	4899	3198	4160
56110	15	73	4	23
56111	9	3	1	10
56112	8	16	1	5
56113	25	107	16	24
56114	73	288	34	78
5612	3050	2183	1169	3785
56120	4	53	3	8
56121	134	70	31	51
56122	796	549	292	180
56123	225	153	47	169
56124	111	41	29	16
56125	633	12	131	45
56126	245	81	42	22
56127	225	196	26	18
56128	4	1	4	3
56129	31	20	3	17
5613	2415	1105	1339	2900
56130	13	2	5	5
56131	86	57	6	11
56132	37	22	3	4
56133	18	182	0	12
56134	30	0	8	10
56135	2	11	24	1
56136	0	0	2	1
56137	0	0	13	0
56138	1	0	141	0
56139	8	2	19	5
56140	0	0	3	0
56141	3	0	1	2
56142	2	0	2	0
56143	3	2	4	1
56144	5	3	4	2
56145	5	1	0	1
56146	2	0	2	0
56147	0	0	0	0
56154	2	1	0	0
56155	18	2	2	11
56156	0	1	0	0
56157	0	0	0	0
56158	2	12	1	2
56159	14	25	44	13
5616	1	3620	0	46
56160	889	387	390	664
56163	3	0	0	5
56164	323	188	11	221
56165	8	3	11	0
56167	0	0	0	0
56168	0	0	0	1
56169	23	6	5	12
5617	4	2	0	1
56171	164	129	132	137
56172	12076	6331	4218	6825
5618	2327	1060	349	1165
56180	830	587	250	1146
56181	879	899	669	920
5619	0	0	0	0
5620	0	1	0	0
56203	79	168	14	22
56204	1280	518	500	273
5621	3527	2524	987	4842
5623	154	277	149	221
5624	275	371	54	28
56241	66	131	39	177
56242	532	509	289	305
56243	4455	7302	4481	3266
56244	1	3	0	0
56245	7	17	43	10
56246	3	3	1	2
5625	46	65	18	196
56252	4523	1366	2144	4112
56253	7	7	2	5
56254	2778	2108	1051	2418
56255	5136	2598	991	1298
56256	263	544	56	132
56257	4303	2959	2401	6864
56259	3183	3792	978	3555
5626	0	0	0	0
56260	199	458	153	192
56261	11302	6267	1788	2953
56262	3006	2425	2159	3866
56265	617	271	30	296
56267	801	577	495	1089
56269	0	1	0	1
5627	1211	2298	154	1509
56270	6605	6833	4289	7991
56271	267	330	32	85
5628	0	0	0	0
56287	0	0	0	0
56288	2119	2439	1486	3688
5629	5102	401	1568	1210
563	6723	11080	1087	3926
5630	26	22	4	4
56300	2	1	0	14
56301	3	33	0	9
56302	0	0	0	0
5631	1296	566	656	3227
56311	2	0	0	1
56339	1740	1533	1197	1833
5634	2560	2327	1931	9022
56341	2	0	0	1
56342	275	261	311	497
56344	0	0	0	0
5635	1835	3760	1337	2142
5636	874	757	652	1154
5638	539	841	714	1792
5639	574	764	350	390
5641	3179	3461	3206	6185
56413	89	26	95	117
5644	726	3	0	55
5645	8526	4	1	131
5646	1539	5078	1807	5067
56474	136	1791	1085	3179
56475	28	0	5	12
56476	1	0	0	0
56477	139	4813	1157	694
56478	1131	659	534	976
56479	17	1	2	1
5648	45	12	36	24
5649	242	21	3	13
5650	163	63	219	66
5651	9	3	0	8
5652	7112	19129	3647	8202
56521	922	26	410	614
5653	395	63	1577	64
5654	2321	463	277	1344
56547	3	0	0	0
56548	75	45	21	144
5655	454	2248	3247	1484
5657	2	4	0	1
566	0	0	1	2
5660	55791	35809	23769	45097
56603	55	14	28	37
56604	11	3	0	0
56605	244	166	25	59
56606	533	75	65	202
56616	61	59	37	50
5662	97	72	81	82
56623	1004	2325	537	1755
56624	29	33	14	34
5663	3964	3589	3197	5138
5664	76	115	46	72
56647	1815	2184	1602	2786
56648	337	967	253	608
56649	6656	14544	10208	10161
56650	1372	2458	799	1834
56651	1	0	0	0
56652	1680	1170	1403	2852
56654	4215	6587	3793	5587
56655	1167	1302	1077	2510
56656	1	0	0	0
56658	542	503	243	627
56659	21	15	0	4
56660	18	12	2	2
56662	0	0	0	1
56663	2	0	0	0
56664	0	0	0	0
56666	28	60	0	19
56667	22396	49733	28324	24484
56670	27	3	5	7
56672	866	695	439	1132
56673	4	2	2	4
56674	2294	4138	2080	3701
56675	106	98	81	107
56676	0	0	1	2
56677	0	0	0	0
56681	3609	5136	3027	5746
56683	455	919	454	538
5669	0	0	0	0
567	64840	48488	46480	40924
5670	1	0	0	0
56704	1254	1034	1834	2509
5671	0	1	0	0
5672	1	1	0	0
56729	4	0	0	8
5673	0	0	0	0
56731	1272	6169	693	2497
5675	1	0	0	0
56751	0	0	1	0
5676	0	0	0	0
56776	29	0	0	1
5678	0	1	0	0
5680	0	0	0	0
5681	1167	1171	716	1367
5682	586	1038	355	793
56829	2292	1942	1802	2464
5683	71	103	37	67
56832	0	0	0	1
56833	60	11	9	21
56834	914	1576	410	1062
5684	3166	2222	2116	4293
56848	2374	1134	1093	732
56849	96	17	5	22
5685	5398	3326	2746	4774
56850	4269	3196	1825	4397
56851	2425	1465	1279	1710
56852	832	1186	768	1730
56853	5	3	1	0
5686	4619	3327	3054	4959
5687	241	161	154	182
5688	11103	14112	3576	9813
56882	3726	2827	2430	3571
56884	4	1	0	0
56886	7536	4170	2592	6559
56888	3238	3516	1956	5328
56889	19183	19649	15688	18343
5689	7271	10157	3688	8564
56890	399	309	290	393
56891	0	0	0	2
56892	2388	744	711	769
56893	2725	2593	1798	3618
56894	5976	7164	3300	5293
56895	406	1315	523	444
56896	14	3	1	4
56897	2567	3339	1972	4690
56898	790	492	436	340
56899	21	3	3	2
5690	4980	3741	3181	4731
56900	2032	1127	1133	1171
56901	285	167	58	389
56902	1195	1101	622	2435
56903	0	0	0	0
56904	4037	8443	3249	5966
56905	2793	964	1228	2096
56906	271	100	110	244
56907	365	369	344	959
5691	4310	8240	3234	5724
56910	7996	7791	4070	15069
56911	319	595	88	204
56912	857	674	490	1622
56913	2539	2583	1352	2269
56914	0	0	0	0
56915	1645	1985	1258	1606
56916	2295	636	747	1428
56917	352	78	22	171
56918	0	0	0	1
56919	1503	815	1600	2205
5692	7585	10362	4208	10183
56920	472	122	60	279
56922	1030	1002	987	1328
56923	17	3	0	4
56924	204	308	195	631
56925	402	513	713	574
56926	6137	5100	5058	9976
56927	2430	4279	1865	2152
56928	5975	5765	3932	4672
56929	2602	2199	1190	1346
5693	4324	3824	2495	7403
56931	1947	2000	823	2441
56934	4	2	4	2
56935	810	1226	474	708
56936	1	0	0	0
56937	13147	4760	3734	8385
56938	788	384	608	782
5694	2564	3163	2737	3157
56940	1609	1904	811	1035
56941	2145	3139	1972	3476
56942	434	864	343	792
56943	2256	1894	2458	3534
56944	3590	170	75	273
56945	722	997	904	1697
56946	896	649	390	983
56947	3064	3232	1277	3679
56948	370	147	73	230
56949	3561	3776	1710	3580
5695	4862	7103	2702	6274
56950	2595	1971	1433	2336
56951	2360	2286	1124	1636
56952	569	311	139	396
56953	72	52	40	149
56954	2244	3832	1639	4537
56955	0	0	0	0
56956	0	4	0	0
56957	1560	1694	866	1715
5696	4118	5965	2949	4876
56961	134	523	273	227
56963	1375	42	40	150
56964	43	34	6	17
56965	2765	129	1312	1570
56967	468	40	48	77
56969	0	0	0	1
5697	1	12	53	5
56970	3939	4056	2653	5390
56971	644	478	379	233
56975	1412	188	126	434
56977	85	14	9	8
56978	88	111	3	193
56979	0	0	0	0
5698	1346	2631	655	1538
56980	603	448	383	582
56981	825	707	188	803
56983	906	851	709	1078
56984	1568	1840	1279	2541
56985	276	259	199	410
56986	1457	454	561	543
56987	1839	1613	1016	2690
5699	1142	1131	471	692
56990	5553	5948	2638	3180
56992	621	382	467	997
56993	3403	2629	2066	4701
56994	2162	3042	860	3402
56995	1496	2087	631	2135
56996	6095	5314	2850	5283
56997	57	70	12	41
56998	884	953	945	992
56999	737	464	653	317
570	13	26	5	11
5700	735	311	388	820
57000	23	3	7	16
57001	1065	588	666	883
57002	1853	1932	591	961
57003	6969	7754	4593	6226
57004	0	0	0	0
57007	659	175	95	556
5701	4936	3982	2264	4713
57010	260	475	37	11
57016	383	1836	864	541
57017	2359	4490	1824	3151
57018	3836	4714	2719	4538
57019	2077	2620	1371	2455
5702	4388	5338	2080	5517
57020	1642	1156	487	1022
57026	7	4	7	9
57030	17	4	3	3
57035	4033	5889	3008	3494
57037	823	1191	445	1063
57038	1442	2122	970	1534
5704	4155	6764	2371	3815
57045	1183	1127	648	1141
57047	6	48	4	29
57048	4	2	8	5
5705	5358	8411	3121	5334
57050	2000	1034	1109	1728
57053	42	109	51	73
57054	0	0	0	0
57055	0	0	0	0
57057	0	23	38	78
5706	2955	2210	1532	3102
57060	1421	3271	1189	2011
57061	2	13	6	9
57062	5543	2752	3516	5634
5707	5246	4192	2981	6774
5708	7104	7700	4509	10475
57082	448	240	806	1013
57084	0	0	0	1
57085	1149	1327	875	1807
57088	494	623	293	515
57089	780	496	665	919
5709	9086	7717	5860	10107
57091	44	6	18	16
57092	4648	4228	2172	4613
57093	0	0	0	0
57094	595	2	4	376
57095	1670	1480	1422	1774
57096	21	14	14	17
57097	533	189	154	373
57099	1285	644	480	985
571	1705	1719	885	1522
5710	5780	7658	2721	6774
57101	32	9	3	17
57102	562	405	400	631
57103	404	173	366	200
57104	2230	6738	1727	2355
57105	36	8	5	7
57106	549	208	207	904
57107	1013	951	779	908
57108	2	5	0	2
57109	2011	1510	1137	2646
5711	1750	1510	1016	1645
57110	3	4	1	3
57111	6142	10802	8222	7873
57113	2	4	1	2
57115	9	21	8	4
57116	15	25	19	56
57117	424	288	272	497
57118	1496	5568	2152	2746
57119	0	0	0	3
57120	1804	1851	1028	2237
57121	883	2325	1126	1349
57122	2377	2196	1738	3136
57124	798	346	158	1268
57125	652	107	65	324
57126	62	5	11	24
57127	5	11	2	37
57128	946	1184	525	1666
57129	1086	1888	1081	2363
5713	1451	879	795	1697
57130	5966	6818	3862	5836
57132	1675	1227	1090	1448
57134	883	128	46	104
57135	0	0	0	0
57136	8037	6896	2419	10797
57139	1447	1191	167	196
5714	5365	7102	4147	7161
57140	6232	10677	4129	7547
57142	9114	7489	8362	9976
57143	977	776	347	1295
57144	18	0	0	0
57146	1334	3124	904	2205
57147	734	731	323	690
57148	5061	4227	1829	5192
57149	878	889	674	956
5715	192	208	142	172
57150	199	397	153	333
57151	0	0	0	0
57152	1	1	9	1
57153	5840	10209	5683	5381
57154	2956	2499	1646	2972
57156	530	337	230	146
57157	726	776	497	1322
57158	424	45	50	169
57159	53	227	0	5
5716	2608	1950	1005	3070
57161	306	373	166	398
57162	2256	2312	1971	2356
57165	170	42	101	63
57167	1047	181	35	496
57168	241	155	115	104
57169	4862	3984	1902	3738
5717	4313	4514	3053	6478
57171	924	1442	885	1288
57172	9	6	6	1
57175	8505	13091	4265	5689
57176	34	50	11	31
57178	4919	3411	2434	3745
57179	5218	5647	2517	4875
5718	2854	3854	2078	3475
57180	578	460	253	920
57181	2902	1838	1234	1671
57182	1432	688	743	831
57184	492	287	303	305
57185	1716	1207	1936	2086
57186	6913	6628	2695	6619
57187	4658	2461	2361	8017
57188	330	10	15	44
57189	5795	2460	1315	4813
5719	5187	7688	3540	7790
57190	3635	2148	1351	3966
57191	8	14	8	15
57192	569	935	455	580
57194	257	55	49	101
57198	894	163	104	294
572	298	540	255	485
5720	7648	6482	4301	8977
57205	1031	161	272	243
57209	658	900	337	634
5721	5475	4597	2988	6426
57210	1437	1961	1681	2101
57211	444	1705	1913	936
57212	263	44	42	41
57213	777	1860	979	1222
57214	32241	823	10224	17222
57215	755	1186	488	1081
57216	208	1380	51	330
57217	1521	1359	653	901
57221	2934	2012	2030	3313
57222	13981	12900	6329	7618
57223	5741	4700	2348	6125
57224	1879	2806	1046	2760
57226	1281	1524	882	1781
57228	2750	2214	2180	2229
5723	712	1023	546	2084
57231	2461	3384	1708	2767
57232	166	143	77	153
57234	529	246	82	148
5724	286	69	165	202
5725	17999	12522	11898	22473
572558	12	0	0	1
5726	42	28	11	11
5727	4165	1337	633	1803
5728	3030	3452	2395	3820
57282	5	126	143	2
57289	1438	15	191	1
5729	7	23	5	12
57291	2450	1733	1435	1945
573	4305	4943	3047	4908
5730	111	10	32	15
5731	129	11	7	8
5732	174	102	63	64
57325	2309	2135	512	1369
57326	7361	5796	2144	2580
5733	292	57	29	69
57332	742	1313	479	888
57333	967	1064	107	560
57335	190	75	110	197
57336	170	91	30	49
57337	643	514	350	381
57338	18	10	5	18
5734	1044	649	1390	623
57343	90	12	11	21
57348	36	40	37	90
5736	5	1	0	1
57369	0	0	0	0
5737	129	13	4	39
57379	5	1	0	0
5738	4694	2867	2745	4763
57380	1349	1658	904	1769
57381	337	65	33	163
5739	99	24	8	83
57393	6	6	7	27
57396	1323	1409	414	642
573971	24	3	2	18
5740	715	15	26	52
574016	20	24	6	21
57402	5364	12075	18450	16165
574028	17	5	10	16
574029	4	9	0	2
57403	2973	4113	1837	2825
574030	0	0	0	0
574031	0	0	0	0
574032	0	0	0	0
574033	0	0	0	0
574034	0	0	0	0
574036	46	166	7	12
574038	0	0	0	0
57404	1508	1218	561	1476
574040	0	0	0	0
574042	0	0	0	0
57405	347	332	220	763
57406	561	581	688	855
57407	1732	3711	965	3357
57408	2	1	0	0
57409	1041	1830	978	1344
5741	0	0	0	0
57410	2941	4036	1656	4267
57412	0	1	0	2
57413	5	9	10	21
57414	4799	3366	2104	3374
57415	302	10	53	10
57418	1839	1523	1365	2750
57419	810	88	92	262
5742	562	214	260	286
5743	96	30	14	98
5744	33	5	1	12
574406	5	3	7	8
574407	5	5	3	6
574408	0	0	0	0
574409	0	0	0	0
574410	0	0	0	0
574411	0	0	0	0
574412	0	0	0	0
574413	0	0	0	0
574414	111	0	0	8
574431	17	16	13	32
574432	9	16	8	11
574433	0	0	0	0
574434	0	0	0	0
574435	0	0	0	0
574436	0	0	0	0
574441	0	0	0	0
574442	0	0	0	0
574443	0	0	0	0
574444	1	3	0	2
574445	0	0	0	0
574447	0	0	0	0
574448	0	0	0	0
574449	0	0	0	0
574450	0	0	0	0
574451	0	0	0	0
574452	0	0	0	0
574453	0	0	0	0
574454	0	0	0	0
574455	0	0	0	0
574456	0	0	0	0
574457	0	3	0	0
574458	0	0	0	0
574459	0	0	0	0
57446	2134	3651	1076	3050
574460	0	0	0	0
574461	0	0	0	0
574462	0	0	0	0
574463	0	0	0	0
574464	0	0	0	0
574465	0	0	0	0
574466	0	0	0	0
574467	0	0	0	0
574468	0	0	0	0
574469	0	0	0	0
57447	4087	3775	3203	2853
574470	0	0	0	0
574471	0	0	0	0
574472	0	0	0	0
574473	0	0	0	0
574474	0	0	0	0
574475	0	0	0	0
574476	0	0	0	0
574477	0	0	0	0
574478	0	0	0	0
574479	0	0	0	0
57448	5982	3357	3143	3402
574480	0	0	0	0
574481	0	0	0	0
574482	0	0	0	0
574483	0	0	0	0
574484	0	0	0	0
574485	0	0	0	0
574486	0	0	0	0
574487	0	0	0	0
574488	0	0	0	0
574489	0	0	0	0
57449	2127	1238	493	1693
574490	0	0	0	0
574491	0	0	0	0
574492	0	0	0	0
574493	0	0	0	0
574494	0	0	0	0
574495	0	0	0	0
574496	0	0	0	0
574497	0	0	0	0
574498	0	0	0	0
574499	0	0	0	0
5745	28	4	3	13
574500	0	0	0	0
574501	0	1	0	5
574502	0	0	0	0
574503	0	0	0	0
574504	0	0	0	0
574505	0	0	0	0
574506	0	0	0	0
574507	0	0	0	0
574508	0	0	0	2
574509	0	0	0	0
57451	28	1	1	1
574510	1	0	1	0
574511	0	0	0	0
574512	0	0	0	0
574513	0	0	0	0
574514	1	0	1	3
574515	0	0	0	0
574516	0	0	0	0
574517	0	0	0	0
574518	0	0	0	0
57452	55	7	12	15
57453	25	0	5	2
574537	0	0	0	0
57455	1948	1096	1392	2369
57456	1508	1223	784	1639
57458	312	898	1724	586
57459	1344	1735	937	1996
5746	4	0	0	1
57460	3117	1608	1170	2173
57461	668	1042	466	1215
57462	2232	6595	2710	4823
57463	641	361	236	363
57464	201	117	253	528
57465	506	877	365	1521
57466	2787	2929	2118	3489
57467	1	0	1	0
57468	6	3	1	4
57469	52	5	5	23
5747	5751	4938	5242	8032
57470	2755	1944	1290	2499
57471	45	8	9	11
57472	2151	2135	1087	2505
57473	471	122	39	305
57474	216	322	90	169
57475	3665	2231	1734	3754
57476	150	56	127	136
57477	2043	834	548	2749
57478	762	351	340	1112
57479	2886	2617	1774	3394
57480	1290	1194	595	716
57481	1	2	0	0
57482	639	59	205	167
57484	194	18	21	55
57486	2741	2158	1540	2459
57488	6443	5466	5588	9647
57489	1147	295	620	1098
57491	5	9	1	7
57492	4479	3673	2308	3803
57493	2133	341	345	674
57494	296	391	24	167
57495	3	0	0	20
57496	2294	1249	917	1295
57497	8	0	0	3
57498	3858	2896	1915	3922
575	86	154	19	52
57501	583	99	297	213
57502	71	9	5	8
57504	1914	2402	911	1036
57505	1068	1172	568	1819
57506	10497	7821	4318	7116
57507	1303	1267	420	173
57508	1016	881	562	1312
57509	3588	1968	3728	2537
57510	2887	2894	1585	4834
57511	1162	1282	1029	1107
57512	45	8	69	9
57513	1968	2424	991	1887
57514	696	326	331	310
57515	5263	4603	3052	4330
57519	523	156	50	358
57520	200	98	64	190
57521	2404	2509	1375	2593
57522	823	521	523	391
57523	2896	1678	1821	1927
57524	6	3	5	29
57526	260	17	34	19
57528	343	2	7	3
57529	10	0	2	1
5753	2177	8774	3268	2964
57530	8278	8335	4039	3341
57531	361	254	169	361
57532	6244	4851	4401	7500
57533	1982	618	978	1910
57534	1638	943	962	1685
57535	12320	883	1224	1144
57536	152	116	88	181
57537	305	29	18	48
57538	4748	96	162	320
57539	1152	541	214	1793
5754	10440	2737	1854	2307
57540	24	27	6	5
57541	1335	810	764	1724
57542	2180	1237	871	1117
57544	399	258	430	681
57545	381	90	159	607
57546	698	1075	566	1310
57547	129	164	113	85
57549	750	2702	737	1325
57551	4459	2056	2313	3577
57552	1431	1845	948	6529
57553	1364	538	905	1351
57554	43	10	10	14
57555	786	373	176	601
57556	1853	1391	178	595
57558	352	397	196	602
57559	1913	1116	695	1868
5756	3550	2810	2919	3036
57560	407	585	309	380
57561	3791	2044	963	1511
57562	454	417	127	560
57563	1349	717	682	1518
57565	20	4	1	7
57567	691	541	185	510
57568	1187	1307	1834	2495
57569	38	6	5	10
5757	35689	47192	28627	61107
57570	994	521	486	1403
57571	41	155	106	95
57572	6321	6401	3655	5692
57573	79	26	62	20
57574	37	6	4	22
57575	6	0	0	1
57576	28	6	6	14
57577	416	578	306	502
57578	12	6	4	11
57579	1193	1664	961	1983
5758	7	5	5	6
57580	1594	761	233	529
57582	18	16	8	55
57583	3172	5337	2122	4346
57584	2892	4174	3478	3605
57585	1052	1562	492	999
57586	1643	2252	309	3297
57587	2401	830	1093	2723
57589	933	683	571	1009
5759	80	94	20	44
57590	1887	2314	1088	2309
57591	2135	1215	1112	1785
57592	2016	2087	986	2462
57593	533	391	30	145
57595	121	21	13	42
57596	36	23	27	59
57597	511	965	52	1748
57599	2051	1988	1191	1610
576	156	58	13	118
5760	5	34	8	6
57600	1564	2441	864	1119
57602	4645	5567	2770	6277
57604	770	144	187	18
57605	1274	749	673	833
57606	2496	1286	1471	2117
57608	704	188	87	436
57609	4217	1937	2539	3280
5761	21	27	14	28
57610	1812	2102	994	1657
57611	271	32	15	28
57613	179	30	145	213
57614	1343	1131	901	1158
57615	3	0	1	1
57616	291	34	76	114
57617	1092	786	561	1207
57619	6478	4891	4573	5633
57620	1563	590	859	1027
57621	971	763	354	1674
57622	43	33	6	146
57623	359	244	213	401
57624	2	0	0	0
57626	0	0	1	0
57628	48	0	3	7
5763	9628	7605	11837	5229
57630	1790	1533	1157	1667
57631	65	12	5	24
57633	15	1	13	5
57634	4310	2807	2331	3550
57636	2071	311	269	1050
57639	369	270	478	297
5764	60	25	39	35
57642	2	2	0	3
57643	1228	446	352	509
57644	4598	398	94	192
57645	3811	3344	1945	3776
57646	985	1136	474	1758
57647	2730	2385	1736	2589
57648	7969	9126	7946	7292
57649	2985	2011	1385	2506
57650	353	245	359	1005
57653	2	1	0	0
57654	1849	1320	1166	1599
57655	6817	7067	2356	7295
57657	381	874	258	738
57658	3373	5743	3007	2626
57659	2839	2634	2592	2662
57661	3595	3809	1761	4519
57662	4568	3936	2176	4078
57663	0	0	0	0
57664	728	2739	954	990
57665	607	701	326	880
57666	5379	5678	3073	5504
57669	1477	1172	634	1782
5767	11	25	0	5
57670	2373	1081	806	2145
57673	802	397	394	917
57674	10785	12449	5420	10920
57677	463	437	213	255
57678	801	589	415	984
57679	1322	811	513	1277
5768	16687	4582	7548	14765
57680	3737	1575	2110	4337
57683	163	326	18	75
57684	566	760	198	640
57685	1113	45	77	262
57687	212	49	46	37
57688	1209	2095	608	735
57689	10	4	1	3
5769	1	0	0	5
57690	1069	1033	424	750
57691	133	144	117	242
57692	110	72	3	193
57693	2374	1917	1471	2148
57695	389	139	194	588
57696	1321	1400	727	1761
57697	220	112	170	409
57698	2499	2289	1768	2948
57699	301	242	70	177
577	12	2	0	4
5770	2850	2791	1353	3585
57700	1104	1008	582	872
57701	1218	595	465	809
57703	1532	1430	712	1535
57704	3731	5831	2172	5063
57705	378	101	39	60
57706	1935	2076	953	2043
57707	808	968	605	748
57708	2646	983	1460	1142
57709	15	1	0	0
5771	1251	1022	681	1650
57710	101	69	29	63
57711	627	737	334	203
57713	218	54	57	65
57715	1332	6212	2644	4054
57716	158	200	68	168
57717	27	4	95	25
57718	8	1	0	9
57719	666	1367	718	862
57720	4580	5447	2989	6136
57721	1034	532	536	850
57722	321	77	46	300
57724	1316	877	568	1020
57727	3533	3356	1316	3057
57728	811	408	401	496
57730	63	42	104	156
57731	37	18	12	16
57732	295	734	630	309
57733	43	9	11	2
5774	3793	5603	1903	3758
5775	1091	779	576	1403
57758	239	1992	435	69
57761	3675	4753	884	8120
57763	1188	1018	445	661
5777	3516	3792	1881	2648
5778	2520	159	1161	1476
57786	1375	1318	587	1377
57787	1496	1628	612	1591
57794	1590	2052	898	1680
57795	23	0	0	6
57798	4292	3298	2124	3711
57799	2225	4103	1348	2261
578	1407	1619	1386	1982
5780	2711	1183	904	1668
57801	241	177	196	294
57804	466	1280	300	772
57805	5796	2370	3680	3430
5781	6748	3602	4993	7840
57817	6	1	0	2
57818	5	0	1	0
57819	1405	1873	1257	2517
5782	4073	3436	1672	4408
57820	2924	1459	1630	5732
57821	10	23	9	13
57822	98	43	295	514
57823	634	223	120	92
57824	0	0	1	0
57826	1726	1515	796	2159
57827	1266	1716	686	1625
57828	44	213	45	45
57829	0	0	0	1
5783	1761	553	1084	974
57830	3	9	6	1
57834	757	130	154	176
57835	13	38	14	30
5784	1079	443	263	540
5786	5283	3334	1789	3980
57862	39	16	14	27
57863	53	9	3	0
57864	11	2	5	5
5787	2101	1674	1155	2177
5788	1340	296	180	162
5789	4044	188	1153	3321
579	61	12	7	42
5790	0	0	0	0
5791	2050	1423	2019	1691
5792	27765	14722	15006	11975
5793	1749	1288	1056	1329
5794	2310	2503	1640	1996
5795	2772	3233	1327	2675
5796	6677	6289	3037	6228
5797	1036	195	170	489
5798	58	14	40	15
5799	2369	1520	209	1731
58	15	16	4	8
580	505	526	236	900
5800	10037	255	27	3599
5801	169	73	52	348
5802	594	178	319	288
5803	12	4	0	14
5805	696	849	470	1356
5806	24	4	9	6
581	5538	5269	3617	3914
5810	1015	835	550	1628
5813	1512	1389	806	1169
5814	3926	4482	1901	3645
58155	663	345	266	352
58157	2	1	0	0
58158	0	0	0	0
5816	2	0	1	3
58160	2	0	0	6
5817	5162	2475	2165	5110
5818	7630	3828	3299	4977
58189	626	157	134	354
5819	3932	5515	4196	5122
58190	6546	9482	3800	6828
58191	2653	4765	3240	2995
582	53	57	21	54
5820	796	943	941	2434
5822	412	313	153	208
5824	1298	1569	823	2019
5825	2792	1442	2399	1654
5826	3109	1399	968	2347
5827	58	173	55	67
5828	1977	1373	1597	1989
5829	3299	4236	2419	3710
583	1414	1905	1226	1632
5830	4792	2761	1700	3554
5831	3231	4276	1847	5575
5832	6989	8637	8251	11260
5833	1830	5566	1598	2232
5834	15886	206211	8910	56941
5836	709	2224	1291	4914
5837	107	34	9	34
58472	2313	5522	2668	3079
58473	1633	2444	1145	2702
58475	259	89	43	187
58476	3283	1079	813	924
58477	2759	3208	2413	4177
58478	2783	1378	1276	2208
58480	1454	1202	1698	298
58483	0	0	0	0
58484	70	43	13	40
58485	1688	2079	2074	1084
58486	1645	2144	803	1567
58487	3722	4506	1915	4336
58488	1882	2195	1175	2212
58489	5406	3670	3068	3282
58490	2566	2415	847	3303
58491	511	428	189	354
58492	127	118	162	295
58493	1155	1424	849	2419
58494	385	50	57	68
58495	721	1543	602	489
58496	106	192	48	94
58497	1204	1219	794	1559
58498	1	0	0	0
58499	1139	884	269	816
585	772	222	296	443
58500	730	799	483	785
58503	0	0	0	0
58504	295	49	67	118
58505	2634	1929	1786	3074
58506	4805	5225	3155	3846
58508	5870	2918	2963	4702
58509	1117	1161	733	1037
58510	0	1	0	1
58511	14	2	20	11
58512	16	26	6	6
58513	1665	1702	1239	2419
58515	1434	1652	1050	1244
58516	5233	2774	2668	4762
58517	5142	3401	3740	5941
58524	3	0	0	28
58525	3213	3154	2215	4029
58526	3935	2511	2257	6124
58527	2236	3540	1500	3287
58528	178	833	67	154
58529	13	3	0	3
58530	68	21	35	11
58531	0	0	0	0
58533	2384	1454	1513	2534
58538	3	0	2	0
5858	7	3	1	3
5859	11771	20041	12162	16566
586	181	33	8	149
5860	2639	997	965	1769
5861	8974	9418	4444	10675
5862	5886	6289	6692	8673
5863	2991	2847	1569	3295
5864	54	111	49	217
5865	228	18	46	96
5866	317	277	22	370
5867	2092	2425	1695	2266
5868	1798	2404	2081	1739
5869	7778	12981	7625	8016
587	1265	1619	2052	2368
5870	5680	5633	4044	6726
5871	843	1129	216	1305
5872	598	581	230	554
5873	1034	482	598	463
5874	413	265	401	173
5875	1280	1050	1048	2046
5876	3480	1971	2164	3876
5877	598	929	546	831
5878	2105	1988	1413	2701
5879	15629	24619	13102	18557
5880	2331	480	433	1219
5881	112	396	92	226
5883	634	2485	497	1296
5884	1252	1210	648	1153
5885	8096	6214	8732	11821
5886	4693	6399	3765	7704
5887	7993	6902	4838	10746
5888	231	306	398	989
5889	736	489	240	755
5890	270	164	136	330
5891	232	266	253	633
5892	907	705	403	1407
5893	610	743	366	688
5894	1600	1129	1249	1600
5896	189	161	33	75
5897	0	1	0	0
5898	4770	6670	2893	4847
58985	2922	1804	968	2064
58986	5866	6620	2983	4677
5899	2900	3958	1606	4556
59	6525	913	781	2344
590	22	15	1	4
5900	677	1233	407	748
5901	15600	10797	9792	16866
5902	3320	2212	2028	5171
5903	9053	3412	3356	7418
5905	5934	3898	4769	7138
5906	2163	1333	1213	1438
59067	2	0	1	0
5907	1	3	2	1
5908	1739	1546	1055	1223
59082	0	0	0	0
59084	577	855	383	367
5909	4463	510	525	399
5910	1585	1009	1361	1638
5911	1816	2620	1564	2827
5912	1047	1244	1352	1725
5913	37	32	15	6
5914	1885	2649	717	1794
5915	161	55	11	85
5916	1364	5001	3318	1854
5917	4440	2882	2337	3800
5918	203	229	248	176
5919	2231	2107	223	685
5920	479	528	84	292
5921	3000	1616	1446	1551
5922	1123	2745	1084	1399
5923	623	16	4	19
5924	727	473	63	178
5925	2732	2741	2004	1696
5926	940	714	525	1033
59269	591	64	164	196
5927	2678	2109	1839	2409
59271	242	864	316	521
59272	539	118	344	1159
59274	1656	1302	1250	1755
59277	764	320	941	464
5928	4566	2089	2522	3655
59283	20	64	148	15
59284	3	0	0	2
59285	7	0	2	2
59286	4554	7548	3012	4967
5929	1183	998	869	1558
593	10	15	3	6
5930	2525	3153	1896	3505
59307	2518	7201	1937	3616
5931	1018	6056	4861	12539
5932	1099	597	696	1214
5933	852	616	245	1346
59335	9	20	7	21
59336	6	3	0	12
59338	3144	2492	2787	3713
59339	4652	694	1458	1233
5934	2288	1762	1453	2282
59340	7	0	0	3
59341	62	10	4	162
59342	1302	1412	185	1211
59343	1552	1807	897	2738
59344	3	3	2	18
59345	418	131	62	161
59347	0	0	0	0
59348	397	746	169	299
59349	2117	2112	1187	2110
5935	14767	8705	10351	34151
59350	4	2	1	3
59351	1	0	1	2
59352	874	4481	2087	2381
59353	56	3	3	83
5936	596	1081	399	631
5937	908	164	138	1206
5938	7	10	3	8
5939	2360	2836	1342	1734
594	1551	1418	1139	898
5940	0	0	0	0
5944	0	0	0	0
5945	0	0	0	0
5947	654	145	1011	108
5948	114	50	163	75
594837	25	9	15	23
594838	23	32	10	26
594839	80	106	48	73
594840	0	0	0	0
594841	1	0	1	2
594842	158	43	26	57
594855	0	0	0	0
594857	0	0	0	0
5949	7	1	0	2
595	9523	5296	4124	9449
5950	190	532	32	551
595097	0	0	0	0
595098	0	0	0	0
595099	0	0	0	0
595100	0	0	0	0
595101	40	44	20	38
595135	26	20	17	21
5954	4317	3001	885	3889
5955	3611	1547	1319	2064
5956	0	0	0	0
5957	11	4	0	4
5959	115	81	80	50
596	393	232	457	244
5961	23	5	3	21
5962	649	674	58	1077
5964	0	0	0	0
5965	712	174	393	668
5966	463	203	353	425
5967	744	856	25	1
5968	14	164	4	1
5969	2	0	0	0
597	77	16	7	94
5970	4817	5742	2820	5438
5971	970	489	596	825
5972	24	205	760	195
5973	571	489	21	288
5976	8581	7864	5376	8823
5977	2464	2352	1041	3053
5978	2546	1235	937	1679
5979	268	17	10	27
598	6844	8364	2067	7158
5980	1027	511	539	940
5981	3455	920	1233	2657
5982	1672	982	1067	2536
5983	1075	811	765	1717
5984	783	971	508	2160
5985	776	652	536	1112
5986	1659	3795	942	2053
5987	4197	4084	2035	4721
5988	0	0	0	0
5989	1275	1784	753	1162
599	2001	1260	1232	2430
5990	699	274	189	230
5991	713	352	284	487
5992	1	3	1	0
5993	1660	1041	899	1767
5994	341	452	182	262
5995	13	70	1	11
5996	986	578	125	537
5997	753	112	127	291
5998	2088	1767	1036	1675
5999	61	11	46	34
60	191414	236398	170454	199399
600	17	16	11	14
6000	12	0	0	0
6001	605	596	290	1924
6002	2083	761	536	996
6003	32	1	17	7
6004	364	187	207	958
6005	0	0	0	0
6006	2	12	4	17
6007	37	44	4	12
6008	0	0	1	0
6009	4085	2732	2064	5090
601	0	0	1	3
6010	0	0	0	0
6011	30	11	11	10
6013	10	16	1	6
6014	0	0	0	0
6015	2039	2289	791	1809
6016	614	975	330	722
6017	9	10	2	1
6018	926	494	649	1100
6019	31	46	11	24
602	1942	3794	2315	2930
6023	0	0	0	0
6029	1111	1439	528	4687
6030	8	14	0	22
6031	3	1	1	14
60312	830	228	377	473
60313	5893	4076	3948	4678
60314	9	3	1	6
6033	0	0	0	0
6034	1	13	1	3
60343	5020	5098	1902	5684
6035	4353	3576	1173	1941
6036	13	4	8	5
6037	0	4	2	1
60370	625	3364	2304	2183
6038	44	35	26	21
60385	6	2	0	2
60386	446	661	406	755
6039	456	203	145	156
604	492	412	374	363
60401	36	12	74	18
6041	607	726	525	331
60412	5070	3477	2539	4099
6043	0	0	0	0
60436	1809	2282	728	2611
60437	24	29	32	27
60439	0	0	0	0
6044	0	0	0	0
6045	756	843	567	793
6046	9600	8937	5679	13723
60467	1	0	0	0
60468	86	13	5	31
6047	4091	2112	2096	3984
6048	1630	2513	1232	1856
60481	2962	1769	1560	1309
60482	1	0	1	0
60484	4	10	8	5
60485	946	445	480	1308
60487	691	762	374	1621
60488	5547	4461	3893	6346
60489	404	77	30	80
6049	2334	3041	1828	2587
60490	520	239	272	387
60491	1027	1180	589	1744
60492	1241	1827	769	1860
60493	1196	862	857	1040
60494	25	15	9	22
60495	212	5	10	5
60496	1260	1088	637	1438
605	1567	888	651	1563
6050	6630	9216	4670	8815
60506	0	0	2	0
60509	1708	1657	624	1778
6051	2998	4395	2488	5279
60526	1128	881	477	1398
60528	2953	2509	3861	3422
60529	2	0	5	4
60558	1966	993	1169	2569
60559	4921	3445	3043	3993
60560	1438	1126	1105	1628
60561	747	519	478	851
6059	2908	1734	2103	3532
60592	2232	991	1292	1939
60598	35	13	1	23
606	4	0	0	0
6060	0	0	0	0
60625	1111	1055	293	1278
60626	3852	4707	2382	4587
606293	15	1	0	0
6063	0	0	0	0
606495	590	338	255	395
606500	0	0	0	0
606551	11	19	10	23
6066	0	0	0	0
60672	1051	1512	725	1339
60673	1058	902	684	764
60674	13141	8437	4164	17067
60675	3	0	0	18
60676	75	1	7	4
60677	2	0	0	0
60678	995	1390	846	1521
6068	0	0	0	0
60680	43	324	37	276
60681	1657	417	307	1698
60682	455	242	289	472
60684	1778	908	1057	1355
60685	3454	3834	1543	2951
60686	608	488	282	586
6069	0	0	0	0
607	2359	2174	795	2122
6070	2	1	0	1
6071	3	1	1	2
6074	0	0	0	0
6075	0	0	0	0
6076	1	0	1	1
6078	1	0	1	0
6079	0	0	0	0
608	120	97	32	7
6080	0	0	0	0
6082	0	0	0	0
6083	0	0	0	0
6084	0	1	0	0
6085	0	0	0	0
6086	0	0	0	0
6089	0	0	1	0
6091	881	521	931	1707
6092	1384	54	157	122
6093	1962	658	847	1398
6094	96	162	54	91
6095	599	79	77	175
6096	4	0	0	2
6097	1593	1764	904	342
6098	2	13	3	57
610	66	11	6	14
6100	559	627	375	822
6101	9	9	973	171
6102	860	888	653	1730
6103	570	507	512	1252
611	0	1	1	1
6117	2677	2029	2665	3286
6118	1731	1066	976	1923
6119	1017	1268	571	1781
6120	1871	1861	849	2452
6121	2	0	1	3
6122	149430	76837	82965	182902
6123	9	28	5	16
6124	99516	38377	48083	92815
6125	51802	30667	27685	62725
6126	24	13	9	20
6128	44758	42296	29436	61484
6129	45492	35589	36013	94266
613	4114	1882	2290	2846
6130	65349	69031	36780	109267
613037	12	17	6	11
613126	5	6	0	4
6132	97474	105858	85332	187139
613204	0	1	0	0
613209	0	0	0	0
613210	0	0	0	0
613211	0	1	0	0
613212	0	0	0	0
613227	0	1	0	0
6133	27275	13233	11779	52637
6134	81627	58132	35974	129082
6135	43638	32104	23915	50743
6136	50416	41813	29150	77185
6137	55981	80590	35141	87909
6138	38686	42157	28005	43194
6139	231	169	175	229
6141	56756	57224	34521	67398
6142	22792	22532	15827	36440
6143	77022	63371	45067	92869
6144	14343	15213	9951	23983
6145	7	3	0	2
6146	7953	4486	4110	12480
6147	12278	6704	5971	16631
6148	0	0	0	0
6150	1782	3218	1110	2512
6152	27539	34320	17667	45395
6154	2009	1559	2591	3954
6155	35533	32817	20157	50590
6156	18018	18861	13616	33361
6157	45326	59226	26622	79520
6158	51586	63460	37707	88590
6159	29738	37687	23245	39934
616	1	0	0	0
6160	56289	44688	19341	81937
6161	45705	68094	33910	62585
6163	8	2	0	1
6164	27390	18444	15011	32151
6165	23403	30380	16402	54236
6166	7012	5512	5176	7936
6167	49544	44994	19534	69207
6168	53280	57186	22537	73465
6169	24157	34437	13459	35749
617	1526	2043	777	2151
6170	12435	9376	6120	25619
6171	13004	10593	7701	14809
6172	373	273	140	289
6173	381	245	188	474
6174	133	114	43	141
6175	131547	70770	71387	158472
6176	104883	49766	53991	82583
618	23	7	2	3
6181	41879	63723	22398	68099
6182	447	1279	476	990
6183	1668	2752	1740	2820
6184	12611	18372	9541	20322
6185	22227	18899	7983	26920
6187	63910	59121	42562	110838
6188	86312	86639	43207	143804
6189	15447	7199	6143	20185
6191	154115	63965	58688	190855
619189	0	0	0	0
619190	2	6	0	6
6192	30	12838	0	398
619207	154	188	124	153
619208	95	43	27	105
619212	1	0	0	0
619279	3022	2061	2467	1216
6193	37924	31967	24853	51847
619344	0	1	0	0
619349	5	4	0	1
619351	33	1	12	4
619373	6	4	2	1
619383	5	7	1	5
6194	108270	128195	68932	233750
619418	0	0	0	0
619434	0	1	0	0
619445	23	41	7	11
619448	0	0	0	6
619449	0	0	0	0
619452	0	0	0	0
619455	3	0	0	0
619457	0	0	0	0
619464	0	0	0	0
619499	0	0	0	0
6195	5390	5130	5472	4948
619505	0	0	0	0
619518	89	21	11	27
619519	13	3	2	4
619552	0	0	0	0
619553	0	0	0	0
619554	0	0	0	0
619555	0	0	0	0
619556	0	0	0	0
619562	0	0	0	0
619563	0	0	0	0
619564	5	7	4	2
619565	0	0	0	0
619567	0	0	0	0
619568	0	0	0	0
619569	0	0	0	0
619570	0	0	0	0
619571	0	0	0	0
6196	1169	738	714	592
6197	5543	3747	5668	8959
6198	1501	1729	896	1647
6199	1637	1683	986	1932
62	21	27	8	20
6201	34483	38450	16055	72913
6202	54101	33583	35972	70266
6203	55051	42530	27278	64265
6204	101	180	80	200
6205	70730	79204	40555	77183
6206	56385	42629	23977	71402
6207	21124	26879	9958	40232
6208	41252	45554	18172	43975
6209	20698	13224	13996	31657
6210	3562	4549	2514	6897
6217	50137	51506	26830	65587
6218	550	382	260	461
6219	2	1	1	1
622	3221	7577	4343	2705
6222	83406	106301	57166	174386
6223	56288	60052	34051	89644
6224	48000	58173	33956	84878
6226	3	0	0	4
6227	33781	39074	10120	39938
6228	12971	6746	2408	6720
6229	53466	83247	50394	117280
623	53	40	25	31
6230	25676	25954	12979	46179
6231	11213	17043	4529	5649
6232	31000	25571	11485	39371
6233	30029	25364	13785	62272
6234	16855	21512	14238	27072
6235	17565	12849	9810	30249
6236	235	33	3	74
6237	1372	6629	1501	1846
6238	37486	51781	11804	24536
6239	3803	4058	2962	3350
624	528	338	343	524
6240	3275	1943	2188	5458
6241	4187	1980	2162	7606
6242	5224	5508	2157	5988
6244	0	1	0	0
6246	0	0	0	0
6247	1	1	0	0
6248	0	0	0	0
6249	3370	1899	1856	2144
6251	2745	3348	2999	3618
6252	186	17	7	228
6253	143	920	326	247
6256	3774	5177	1908	4007
6257	2680	2988	1389	2518
6258	50	3	2	0
6259	2903	2678	1707	4046
6260	1	3	1	6
6261	44	19	1	25
6262	197	94	67	503
6263	143	55	55	74
627	29	6	16	13
6271	80	42	25	35
6272	5862	5490	3424	3529
6273	287	185	141	1406
6274	60	5	5	41
6275	1503	849	2406	4886
6276	18	13	22	17
6277	45213	137919	76045	120273
6278	15	4	1	2
6279	65	7	9	307
6280	231	76	110	723
6281	9440	28034	20564	25121
6282	17665	28378	17193	16807
6283	2	0	1	31
6284	178	481	268	352
6285	317	19	10	22
6286	5826	16174	10373	9641
6288	36	678	6	75
6289	5	72	7	14
629	355	128	81	55
6290	1	0	0	0
6291	0	4	0	1
6293	2132	1834	1057	1865
6294	7417	7045	3866	6930
6295	5	3	1	11
6296	378	839	746	362
6297	186	9	5	67
6299	196	34	21	77
6300	172	61	27	641
6301	7636	3761	3578	6579
6302	1752	2247	1139	1396
63027	1137	3468	885	845
6303	12487	14830	8877	24223
63035	1294	1276	440	1839
63036	1	0	3	0
6304	2402	1543	1946	1558
6305	6576	4191	4188	5938
6307	3042	2721	1931	7556
6308	0	0	0	0
6309	1438	1868	1466	2297
631	585	98	80	415
6310	2051	1481	909	1257
6311	2731	2137	1542	2477
6314	1547	1838	998	1115
6315	0	0	0	0
6317	0	0	0	2
6318	0	0	0	0
6319	25090	10665	19998	61170
632	11	26	11	12
6320	644	331	130	292
6322	1475	1512	804	2454
6323	0	0	0	0
6324	102	60	28	118
6326	15	2	1	13
6327	28	2	5	12
6328	121	14	22	7
6329	2	10	3	14
633	8675	1628	508	5425
6330	411	42	99	46
6331	52	14	2	83
6332	94	1	3	8
6334	530	149	105	204
6335	55	222	17	19
6336	0	0	0	0
6337	7921	1686	12045	5539
6338	38	123	253	156
6339	73	91	32	78
634	3134	7687	12582	7022
6340	4	1	58	5
6341	1490	1100	1957	1713
6342	5873	3894	4203	3660
6343	26	53	1	33
6344	1	55	17	13
6345	31	15	29	28
6346	0	0	0	0
6347	882	139	12	205
6348	16	20	0	20
635	13	3	53	0
6351	88	31	15	76
6352	212	225	118	182
6354	13	0	0	1
6355	17	1	0	14
6356	1090	6	29	92
6357	36	1	4	4
6358	42	27	9	24
6359	32	26	22	41
636	644	197	180	493
6360	5	3	1	5
6361	19	9	1	1
6362	30	4	1	63
6363	476	113	5	5
6364	663	11652	749	2966
6366	1127	41	10	154
6367	404	95	47	28
6368	5	12	0	7
6369	7555	685	3264	2438
637	2033	1244	1155	2012
6370	2	0	0	0
6372	43	3	5	31
6373	146	61	3	564
6374	4	11	0	12238
6375	2	1	1	3
6376	903	1680	323	862
638	1087	488	626	773
6382	20987	22750	11039	17396
63826	125	74	144	128
63827	436	147	66	325
6383	1585	332	170	947
6385	9911	19384	7494	11701
6386	5945	7880	7215	9293
6387	1542	239	70	650
63874	909	722	493	1168
63875	2298	2813	1858	4773
63876	83	4	5	9
63877	1009	1565	925	1942
6388	1820	2259	1072	1562
6389	457	620	408	610
63891	1614	1645	1021	1732
63892	2320	1703	1150	1853
63893	2672	3203	1476	4098
63894	977	678	484	1084
63895	164	26	14	68
63897	982	853	583	1199
63898	2142	1437	2452	1940
63899	800	1022	563	875
639	986	314	512	484
6390	2761	2816	2636	3811
63901	2879	2124	1320	1124
63904	0	0	0	0
63905	3045	2784	1343	3356
63906	565	452	288	391
63908	795	1389	310	1119
6391	1943	2777	1492	2708
63910	749	3269	783	4187
63915	594	607	297	628
63916	1809	2145	512	1829
63917	2054	1688	894	2148
6392	1761	3967	1597	3178
63920	254	366	48	218
63922	1247	2421	764	3039
63923	27	2	22	11
63924	7	59	39	5
63925	1834	1873	805	2195
63926	1446	990	449	712
63928	170	1403	434	114
63929	1215	775	733	1244
63930	1	0	0	1
63931	906	1256	533	1045
63932	1626	991	669	2511
63933	1387	1413	884	2529
63934	48	9	5	21
63935	2964	2512	1221	2459
63939	925	808	331	752
63940	800	827	267	399
63941	1679	2804	601	3169
63943	230	263	190	429
63946	0	0	0	2
63947	0	0	0	0
63948	0	0	0	0
63950	215	0	86	2
63951	86	3	4	0
6396	4470	4835	2851	3952
63967	348	108	259	620
6397	2378	1408	1075	2096
63970	3	7	7	0
63971	2054	1706	1084	2207
63973	10	22	117	10
63974	0	0	0	0
63976	55	37	7	208
63977	682	646	278	704
63978	2	1	0	0
63979	787	663	538	1501
6398	251	1193	148	306
63982	3	0	1	0
6399	674	722	630	1277
64	0	0	0	0
640	74	43	11	1
6400	5389	2595	2631	4769
64002	0	0	0	0
64005	321	129	68	125
6401	76	16	4	38
6402	319	129	25	56
6403	273	18	19	58
6404	426	144	214	153
6405	1056	873	950	1102
6406	0	12	5	12
64061	1399	448	286	1745
64062	3514	3795	2016	2691
64063	748	2054	227	1698
64064	5	15	5	20
64065	19662	20804	14305	21010
64066	0	0	0	0
64067	21	7	2	3
6407	0	2	2	1
64072	56	21	13	38
64073	0	0	0	0
64077	762	743	694	805
64078	119	827	223	110
64080	135	187	97	183
64081	723	3023	1699	346
64083	5541	5426	2942	5990
64084	600	8	15	23
64087	7114	4154	4829	5488
64089	413	527	305	409
64090	675	337	385	152
64091	70	39	24	65
64092	226	32	38	39
64093	89	12	18	2000
64094	8842	1629	2471	3172
64096	0	0	0	0
64097	60	216	165	19
64098	314	111	40	75
641	396	142	229	626
64100	0	0	0	0
64101	115	10	3	40
64102	23	67	89	89
64105	438	445	383	680
64106	238	133	38	374
64108	324	157	56	106
64109	16	0	0	0
64110	1725	1923	927	2194
64111	0	0	0	0
64112	1339	1171	621	1183
64114	9870	20898	11253	13077
64115	1436	1195	761	731
64116	3915	5797	1520	1391
64118	10772	15066	5937	9643
64121	502	946	332	527
64122	1304	5647	1003	929
64123	372	144	63	248
64127	158	358	104	106
64129	7288	8181	4100	6227
641293	18	9	1	7
641298	7	0	2	9
64130	154	469	100	242
64131	1436	1510	847	1307
641311	2	2	0	0
641312	0	0	0	0
64132	2712	2706	1091	2515
641339	145	157	69	197
64135	1077	915	349	787
641364	13	9	7	24
641365	0	0	0	0
641367	5	7	8	15
64137	8	6	2	6
641371	89	45	79	294
641372	1	0	0	1
641373	0	0	0	0
641378	0	0	0	0
641379	0	0	0	0
641380	0	0	0	0
641382	0	0	0	0
641384	3	4	12	20
6414	978	461	708	471
64145	1286	1033	857	1442
641451	0	0	0	2
641455	1	4	0	2
641456	0	0	0	0
641457	0	0	0	0
64146	26	25	28	53
641467	78	204	30	28
64147	343	756	479	542
64149	1164	766	578	1012
6415	10021	17273	5977	3686
64150	252	2850	458	2465
64151	773	232	612	1424
641515	1	7	10	2
641517	0	0	0	0
641518	26	3	1	12
641556	0	0	0	0
6416	929	712	1204	1121
641613	4	4	3	2
641614	2	1	0	0
641616	4	0	1	6
641638	3129	2906	1504	4804
641648	0	0	0	0
641649	200	84	59	106
641654	0	0	0	0
64167	5829	1865	2192	279
64168	40	8	3	12
64170	358	68	39	103
641700	27	7	3	18
641702	0	0	0	0
64172	320	355	162	367
64174	73	34	15	15
64175	1158	531	359	992
641776	0	0	0	0
641790	0	3	0	0
6418	15872	15447	8611	23629
64180	13	2	0	2
641808	43	25	19	48
64184	0	0	0	0
641842	0	0	0	0
6419	1000	795	271	583
641922	14	41	5	12
641924	5	3	3	0
641977	536	738	298	487
642	1912	1047	601	2366
642006	0	0	0	1
642007	0	0	0	0
64207	1549	544	359	893
64208	5	2	5	75
6421	16655	10728	8703	12940
64210	3508	4405	2685	5239
64211	37	18	0	0
64215	1744	1251	1174	1244
64216	992	1031	898	1174
64218	1173	381	478	852
64219	1470	646	367	1447
6422	32	2	4	4
64220	1338	7	7	86
64221	135	26	10	91
64222	2637	2675	1476	3549
64223	1718	1687	1000	3004
642236	5	14	0	3
64224	1900	2432	977	1690
64225	2106	2372	1497	1998
642259	6	5	2	1
642262	1	0	0	0
642273	863	2442	338	763
642280	5	2	9	12
642290	2	3	2	1
6423	621	19	5	178
642305	0	0	0	0
64231	809	128	90	240
642311	2	0	0	0
642317	1	0	0	0
64232	0	0	0	0
642320	0	0	0	0
642337	0	5	0	0
642345	0	0	61	0
642357	10	10	1	14
64236	404	324	836	455
642366	0	2	0	4
642389	0	0	0	0
642394	2	0	0	1
642395	3	6	3	1
6424	893	150	18	365
64240	11	75	4	10
642402	2	1	0	0
64241	17	92	6	15
642413	0	0	0	0
642424	6	1	1	1
642425	0	0	0	0
642426	0	0	0	0
642443	5	3	1	3
642446	0	0	0	0
642448	6	5	0	2
642451	0	1	0	0
642460	0	0	0	0
642461	0	0	0	0
642475	590	3746	837	1699
642484	2	0	0	0
642487	0	0	0	0
642489	13	12	5	10
642493	2	0	0	0
6425	182	0	3	2
642513	0	1	0	0
642515	68	131	18	8
642517	136	109	82	288
642521	0	0	0	0
642531	0	0	1	0
642538	0	0	0	0
642546	11	17	21	3
642559	13	13	8	34
642569	0	0	0	0
642574	1731	1400	2942	4032
642580	1	3	0	2
642585	19	10	5	8
642587	14	1	0	3
642592	6	10	0	3
642597	880	0	0	9
6426	2744	2874	1897	3294
642612	0	0	0	0
642614	0	0	0	0
642623	0	0	0	0
642627	0	0	0	0
642631	0	0	0	0
642633	0	1	0	0
642635	57	1	0	4
642636	1	0	1	0
642641	14	19	8	11
642643	0	0	0	0
642648	4	10	3	47
642652	0	0	0	0
642658	135	778	133	180
642659	276	137	79	159
642661	1	0	0	1
642663	3	0	0	0
642669	0	0	0	0
642683	0	0	0	0
642687	0	1	0	0
642692	0	0	0	0
6427	5579	10549	4168	7186
642721	0	0	0	0
642737	4	2	1	0
642738	3	5	0	3
642741	29	17	4	11
642746	1	0	1	0
642757	1	2	1	5
642762	0	0	0	0
642776	13	11	17	24
642778	1	3	2	1
642791	0	0	0	0
642796	0	0	0	0
642797	61	3	9	16
642799	4	8	1	1
6428	12640	11800	7364	14161
642802	0	0	0	0
642812	3	1	2	0
642818	0	0	0	0
642819	116	303	198	251
64282	901	734	475	1121
642826	6	3	7	13
642828	358	294	186	371
64283	1790	1751	1071	851
64284	2009	2979	680	1500
642840	0	0	0	0
642843	6	16	12	20
642846	472	363	273	664
64285	2227	5995	1648	3707
642852	372	381	203	614
642864	0	2	0	1
642869	0	0	0	0
642879	0	0	0	0
64288	468	348	139	166
642888	0	0	0	0
642890	0	0	0	0
642892	2	3	0	0
6429	5316	3476	3581	3986
642907	0	0	0	0
642909	2	6	3	1
642924	72	30	1	18
642934	119	111	271	6
642935	16	5	5	4
642938	6	9	4	14
642946	31	41	48	26
642952	0	0	0	0
642954	15	7	2	9
642956	6	5	6	2
642958	1	0	0	0
642959	0	0	0	0
642968	42	11	0	5
642975	2	2	0	1
642976	7	0	1	2
642987	56	13	16	15
642996	1	1	1	0
643	11	3	0	0
6430	8141	8989	5358	7063
643001	0	0	0	0
643003	5	9	2	2
643007	26	17	1	26
643008	80	597	243	105
643031	0	3	1	0
643034	0	0	0	0
643037	3	1	0	3
643043	1	0	0	1
643050	0	0	0	0
643058	5	3	1	9
643072	99	79	25	29
6431	7407	8286	3451	6895
643115	1	0	0	0
643118	0	0	0	0
643126	0	0	0	0
643136	44	1	6	2
643155	3504	4458	1881	3384
643157	0	9	3	2
643159	4	7	3	6
643160	0	0	0	0
643161	0	0	0	0
643167	1	8	1	2
643171	17	8	3	15
64318	1021	688	727	1472
643180	233	473	158	258
643181	0	5	3	0
643182	0	0	0	0
64319	4114	4804	2531	4082
643193	0	2	0	0
643198	0	0	0	0
643199	0	0	0	0
6432	6071	5208	3593	5885
64320	964	1014	454	974
643205	0	0	0	0
64321	80	19	11	51
643219	1	0	0	1
643220	4	4	2	6
643224	20	168	67	159
643226	1	0	0	0
643228	0	0	0	0
643232	0	2	0	1
643236	24	64	36	14
64324	4683	2426	2048	3645
643244	0	1	0	0
643246	43	86	21	46
643253	372	327	139	346
643255	2	18	0	0
64326	2155	2527	1376	2561
643263	0	0	0	0
643264	0	1	0	0
64327	4892	2466	1662	4819
643276	9	7	16	3
64328	2237	1973	1636	2596
6433	2712	3805	1605	2666
643300	31	24	3	20
643308	1	12	1	0
643309	7	7	1	5
643310	2	1	0	5
643311	0	0	0	0
64332	1347	4824	1147	1414
643329	2	1	1	0
64333	338	178	44	84
643332	0	1	0	0
643336	1	0	0	0
643338	116	142	125	119
643343	16	17	6	15
643353	0	2	3	1
643355	6	9	7	2
643358	201	206	65	274
643365	1	0	0	1
643371	0	0	0	0
643373	68	86	32	103
643376	3	4	5	1
643382	21	26	36	43
643384	1	4	1	1
643394	0	0	0	1
6434	5493	4153	3648	7240
643401	123	2	202	3
643412	5	5	1	2
643414	1	0	1	0
643418	2	0	0	4
64342	2591	3535	969	4093
643421	2	0	0	0
643427	18	1	4	8
64343	525	516	246	556
64344	118	84	15	13
643445	0	0	0	0
643446	10	18	3	14
643447	10	7	3	1
643459	0	1	0	0
643470	0	0	0	0
643471	0	1	0	0
643479	1	1	2	0
643486	0	0	0	0
643499	0	0	0	0
643503	0	0	0	0
643507	11	2	5	11
643513	0	1	0	0
643529	248	76	23	10
643531	17	17	4	12
643535	4	0	0	0
643536	0	0	0	0
643542	0	1	0	0
643550	4	5	0	0
643563	1	0	0	0
643582	0	0	0	0
643586	7	1	0	3
64359	641	141	58	418
643596	23	37	30	50
643605	1	0	0	0
643609	0	0	0	0
643615	0	0	0	0
643617	4	7	0	5
643623	0	0	0	0
643630	1	0	0	0
643634	73	11	4	25
643637	0	1	0	0
643641	980	1179	745	1074
643646	32	15	44	26
643648	0	0	0	0
643650	0	3	0	0
643653	0	0	0	0
643664	2	4	2	3
643668	2	0	0	2
643669	32	72	20	18
643677	0	2	0	0
643680	24	12	1	2
643689	6	5	2	4
643699	50	10	8	13
643707	17	1	3	14
643711	1	0	0	0
643714	4	20	1	2
643719	9	31	13	10
643723	9	0	1	0
643733	105	27	102	37
643739	0	0	0	0
64374	2555	1667	1034	1718
643744	8	1	3	0
643749	112	113	36	86
64375	617	365	250	369
643751	14	4	2	2
643752	18	10	6	8
64376	852	983	552	1015
643766	0	0	0	0
64377	4	1	1	0
643770	44	74	7	26
643773	0	0	0	0
643779	13	7	1	0
643783	131	35	50	60
643784	0	2	1	0
643790	9	5	1	1
643802	9	13	9	16
643803	0	0	0	0
643812	0	0	0	0
643827	6	0	1	4
643831	1	2	0	1
643834	0	0	0	0
643836	2102	2058	743	1540
643837	446	255	378	398
643847	0	0	0	0
643851	0	0	0	0
643853	57	92	89	99
643854	14	7	5	4
643859	0	0	0	0
64386	62	43	35	83
643862	1	0	0	1
643863	10	7	1	5
643865	0	0	0	0
643866	80	42	29	57
643870	15	12	2	8
643872	2	0	1	1
643873	300	111	117	508
643875	0	0	0	0
64388	1234	69	178	75
643880	0	0	0	0
643884	0	0	0	0
643888	0	0	0	0
643896	0	0	0	0
643898	0	0	0	0
6439	4	6	0	7
643904	4	5	2	2
643906	2	0	0	0
643909	0	0	0	0
643911	958	542	109	267
643915	0	0	0	0
643916	0	0	0	0
64393	1483	602	975	1002
643932	72	51	42	130
643941	0	0	0	0
64395	1432	1313	834	2138
643954	0	0	0	1
643955	0	0	0	0
64396	1	1	0	0
643960	0	0	0	1
643965	1	0	0	2
64397	2258	868	1446	2279
643971	0	0	0	0
643974	1	2	0	3
643976	0	0	0	0
64398	1498	670	883	1301
643981	6	3	1	3
643987	0	0	0	0
643988	152	179	368	179
64399	108	45	69	28
643996	0	0	0	0
643997	0	2	0	1
644	605	1409	483	605
6440	1	0	0	1
64400	749	1171	535	891
644000	0	0	0	0
644013	0	0	0	0
644016	2	1	2	1
644017	0	0	0	0
644019	208	240	99	199
644020	0	0	0	0
644021	7	1	0	0
644022	1	3	0	3
644029	44	40	4	30
64403	794	368	247	861
644030	0	2	0	0
644032	0	0	0	0
644037	22	13	1	6
644041	1	1	0	0
644042	0	1	0	1
64405	2	2	35	0
644050	7	14	5	21
644054	0	0	0	0
644059	0	0	0	0
644063	29	19	1	8
64407	43	8	6	4
644070	0	0	0	0
644076	0	0	0	0
644079	0	0	0	0
644082	1	0	0	0
64409	57	23	16	61
644090	1	0	0	0
644093	2	2	0	0
644094	0	0	0	1
644096	591	849	509	741
6441	6	10	0	6
64410	1548	436	489	412
644100	0	0	0	3
644101	4	4	2	5
644103	0	0	0	0
644109	0	0	0	0
64411	2957	2679	578	1208
64412	1139	1228	410	1541
644128	91	21	40	38
644129	0	0	0	0
644131	65	107	32	39
644135	3	2	2	2
644138	12	4	0	3
644139	127	3	1	1
644145	4	11	5	11
644146	2	2	8	44
644150	53	23	3	81
644153	0	0	0	0
644157	16	15	8	13
644158	0	0	0	0
644159	2	0	2	0
644160	2	3	0	0
644165	5	0	2	1
644166	2	6	0	0
644168	0	11	4	0
64417	678	1149	418	768
644172	0	0	0	0
64418	3045	3109	1906	2990
644186	13	12	35	2
64419	1728	2863	1435	1524
644191	0	3	0	0
644192	32	8	2	10
6442	240	13	17	24
64420	1577	755	393	1237
644202	0	1	1	1
64421	780	443	628	1042
644213	3	0	0	0
644214	0	2	0	1
644218	0	0	0	0
64422	1795	2390	1514	2463
644220	4	4	1	2
64423	9148	9327	8097	14808
644233	0	0	0	0
644236	14	29	16	17
644237	1	0	1	0
644242	15	11	18	19
644246	31	97	43	36
644248	0	0	0	0
64425	1298	857	643	2541
644253	0	0	0	0
64426	3072	3411	2524	3726
644261	2	2	0	1
644265	0	0	0	0
64427	1345	1358	733	2049
64428	1172	2855	902	1324
64429	1943	2907	1953	3146
644295	4	0	0	1
644297	2	4	1	3
6443	2241	684	638	1208
64430	1752	788	810	2086
64431	802	747	691	869
644310	0	0	0	0
644314	1	9	0	0
644315	84	70	13	83
64432	2218	3972	2035	2432
644325	56	0	9	14
64433	30	37	3	5
644330	5	10	0	3
644333	0	0	0	0
644338	3	3	0	3
64434	2062	1459	1143	2787
644353	56	17	7	18
644357	0	0	0	0
644378	0	0	0	0
644384	1	0	0	0
644390	28	22	7	16
644397	8	4	0	4
6444	675	27	79	127
644403	0	0	0	0
644414	0	0	0	0
644422	6	10	4	4
644425	0	0	1	1
644429	0	0	0	0
644435	12	6	7	20
644436	0	0	0	1
644442	0	0	0	0
644444	0	1	0	1
644449	0	1	0	0
644451	0	0	0	0
644459	97	34	16	106
64446	2	2	1	0
644464	14	16	4	8
644482	0	0	0	0
644491	0	0	0	0
644495	0	0	1	0
644496	0	0	0	0
644498	1	0	0	0
6445	0	0	0	0
644502	0	0	0	0
644509	0	0	0	0
644511	21	13	3	9
644517	22	27	14	54
644522	0	0	0	1
644524	0	0	0	0
644534	0	0	0	0
644538	118	58	10	295
644540	1	0	0	0
644548	1	2	0	1
644563	5	1	0	1
644566	0	0	0	0
644573	0	0	0	0
644576	0	1	1	0
644578	0	0	0	0
644588	2	1	2	2
644589	2	5	0	6
644591	0	0	0	0
644596	22	2	1	59
6446	772	525	1973	638
644600	1	1	0	0
644601	0	0	0	0
644604	159	97	20	55
644616	0	0	0	0
644619	44	18	35	17
644623	6	0	0	0
644625	0	0	0	0
644627	0	0	0	1
644632	2	0	0	0
644637	0	0	0	0
644649	0	0	0	0
644651	0	0	0	0
644659	0	0	0	0
644660	8	8	6	20
644672	0	0	0	0
644681	0	0	0	0
644684	0	0	0	0
644694	0	0	0	0
6447	1365	159	286	219
644714	30	26	27	18
644716	0	0	1	0
644717	0	0	0	0
644731	4	3	0	0
644739	0	2	0	0
644743	0	0	0	0
644745	10	19	3	14
644754	24	15	10	14
644758	0	0	0	0
644759	0	0	0	0
644761	11	6	5	5
644762	1	0	0	0
644768	0	0	0	0
644773	0	0	0	2
644776	0	0	0	0
64478	26	8	1	5
644790	3	8	5	11
644794	832	1144	399	1059
6448	2156	3126	1350	1781
644809	6	16	6	12
644815	2076	1618	1783	2342
644820	123	135	52	181
644834	1	1	0	0
644838	12	6	1	14
644844	2120	2490	10005	4696
644850	10	6	3	4
644861	0	0	0	0
644871	0	0	0	0
644873	2295	1524	805	1789
644877	17	9	7	4
644881	0	0	0	0
644890	9	6	5	5
644896	7	0	0	6
6449	4115	2387	2864	6654
644903	18	11	6	27
644906	0	0	0	0
644907	102	179	40	64
644911	0	0	0	0
644914	14	16	11	7
644919	0	2	0	0
644924	0	6	0	1
644928	5	9	1	1
64493	39	63	14	37
644935	3	0	0	3
644937	9	6	4	7
644943	840	75	55	514
644945	0	0	0	0
644961	20	8	2	8
644962	5	2	0	0
644972	80	69	15	71
644974	26	26	7	75
644988	0	0	0	0
64499	527	31	22	7
644990	2	0	1	1
644994	15	34	6	2
644996	6	1	1	0
644997	0	0	0	0
644998	1	0	0	0
645	1222	4469	1583	1488
6450	5	1	3	3
645000	9	1	3	4
645001	7	4	0	6
645015	6	6	5	19
645024	1	0	0	0
645027	0	0	4	1
645030	0	0	0	2
645051	0	0	0	0
645054	1	2	0	0
64506	27	0	0	4
645065	0	0	0	0
645073	0	0	0	0
645078	0	0	0	0
645084	1	6	2	8
645094	10	14	3	7
6451	3280	2823	1851	2415
645104	0	0	0	0
645108	0	0	0	0
645120	0	0	0	0
645121	610	583	365	587
645126	2	6	6	8
645129	0	0	0	0
645136	0	0	0	0
645139	88	118	35	96
645145	8	2	0	2
645157	0	2	0	1
645158	33	12	8	15
645160	16	16	5	6
645161	7	9	1	7
645173	8	6	0	3
645174	10	16	2	14
645175	0	0	0	1
64518	6	7	5	4
645180	0	1	0	0
645191	27	5	1	32
6452	4277	2614	1885	3328
645201	0	0	0	0
645202	0	0	0	0
645203	4	3	4	3
645204	1	0	0	0
645207	0	0	0	0
645212	464	377	170	277
645220	0	0	0	0
645224	2	6	8	4
645233	1	0	4	1
645249	159	205	56	547
645251	1	1	0	2
645256	0	1	0	0
645257	2	9	2	16
645264	2	0	1	1
645269	0	0	0	0
645280	0	0	0	0
645292	668	31	310	588
645296	25	86	7	25
645297	0	0	0	0
6453	959	1570	1164	1236
645311	3	0	0	0
645312	0	0	0	0
645313	2	0	0	0
645314	0	0	0	0
645317	35	43	12	14
645318	0	0	0	0
645319	0	0	0	0
645321	0	0	0	0
645323	30	14	0	0
645326	6	5	0	1
645328	2	1	1	2
645332	218	249	155	468
645339	0	0	0	0
645345	236	281	87	297
645348	0	0	0	0
645354	0	0	0	0
645355	0	0	0	0
645357	0	5	1	3
645359	0	0	0	0
645360	0	0	0	0
645367	3	0	7	2
645368	0	0	0	0
645369	87	13	4	15
645373	0	1	1	0
645381	48	34	28	21
645382	0	0	0	0
645387	491	581	221	436
645388	0	0	0	3
645398	0	0	0	2
645402	0	0	0	0
645412	11	12	8	11
645414	0	0	0	0
645415	0	0	0	0
645422	2	2	3	5
645423	0	0	0	0
645425	0	1	0	0
645426	14	17	6	15
645431	16	15	2	12
645432	11	2	3	1
645434	1	1	1	0
645436	1	0	0	0
645440	0	0	0	0
645441	821	528	430	1204
645443	9	2	3	3
645452	0	0	0	0
645455	3	0	1	1
645486	0	0	0	0
6455	2594	3571	2346	3707
645506	0	0	0	0
645513	183	107	162	188
645520	0	0	0	0
645528	3	0	1	0
645529	50	152	8	43
645538	0	0	0	0
645545	2	1	0	3
645548	9	10	0	25
645553	4	10	4	50
645558	0	0	0	0
645560	3	2	1	0
645571	11	27	9	14
645572	0	0	0	0
645573	1	1	0	0
645579	246	37	16	202
645591	12	1	0	0
645598	0	0	0	0
6456	3	1	2	5
645619	0	0	0	12
645638	7	121	47	8
645641	1	2	2	6
645646	0	1	0	0
645651	0	0	0	0
645652	2	3	1	0
645654	1	1	0	0
645656	4	1	1	2
645668	1	2	0	2
645676	67	115	42	94
645680	0	2	0	1
645682	1	2	3	3
645683	19	24	2	11
645686	0	0	0	0
645687	20	24	21	126
645688	9	3	4	7
645691	24	10	4	6
645693	35	16	6	9
645694	8	7	2	8
6457	3	0	0	0
645700	4	5	3	3
645715	16	12	1	9
645740	0	0	0	0
645744	24	17	2	16
645745	0	0	0	0
645752	4	0	0	1
645754	9	2	0	4
64577	13	10	34	4
645771	7	3	15	6
645773	0	0	0	0
645784	303	79	36	8
64579	1	0	0	0
645798	7	3	2	1
6458	42	39	20	24
645805	21	21	12	16
645807	0	0	0	0
645808	1	0	0	2
645809	0	0	0	0
64581	169	33	30	47
645811	33	512	12	50
64582	101	25	24	118
645832	1	0	0	0
645834	1	3	3	0
645836	0	0	0	0
645841	0	0	0	0
645843	0	2	0	2
645846	0	1	0	1
645852	1	0	0	0
645859	0	0	0	2
645864	112	6	9	13
645879	2	0	0	0
645884	0	0	0	1
645899	133	202	206	199
6459	5	3	8	6
645900	0	0	0	0
64591	0	0	0	0
645922	0	0	0	0
645927	3	0	2	0
64593	0	0	0	0
645930	1	0	0	0
645931	0	0	0	0
645938	0	1	0	0
645939	0	0	0	0
645940	1	1	0	0
645949	0	0	0	2
645950	0	0	0	1
645954	15	5	4	38
645957	2	1	0	1
645958	96	128	45	97
64596	20	9	6	7
645960	43	35	7	9
645961	1	0	0	0
645962	0	0	3	2
645968	5	4	0	8
645969	1	0	1	1
645973	0	0	0	0
645974	0	0	0	0
645978	0	0	0	0
645979	8	12	0	1
64598	806	1679	570	697
645980	0	2	1	0
64599	6629	7014	2305	8805
645993	0	0	0	0
645996	1	0	0	0
645998	0	1	0	0
646	9	0	0	0
64600	8	1	5	10
646000	0	0	0	0
64601	2267	1812	662	1358
646016	0	0	0	0
646019	2	6	2	4
646023	5	4	3	8
646024	4	21	1	21
646049	0	0	0	1
646050	0	1	0	5
646052	0	0	0	0
646065	0	0	0	0
646066	0	0	0	0
646074	0	0	0	0
646077	0	0	0	0
646080	93	106	84	146
646083	10	6	1	3
646085	0	0	0	0
646086	3	0	0	0
646087	0	0	0	0
646090	1	0	0	0
646096	0	0	0	1
6461	846	1453	606	1367
646103	0	0	0	0
646104	34	31	9	26
646108	7	10	0	3
646113	4	1	0	0
646114	0	0	4	0
646119	1	0	1	1
646127	22	49	9	37
646164	0	0	0	0
646168	2	0	0	0
646171	1	1	0	1
646174	0	3	0	0
646175	2	1	1	1
646177	0	0	0	0
646192	64	38	0	52
646193	3	0	0	0
646195	6585	10059	1196	10423
646196	3	5	3	1
6462	9	2	6	8
646201	0	0	1	0
646202	18	5	8	8
646208	0	0	0	0
646213	0	0	0	0
646218	0	0	0	0
646227	0	0	0	0
646231	0	0	0	0
646233	0	0	0	0
646241	177	0	0	7
646243	0	0	0	0
646249	0	0	0	0
646255	6	5	2	3
646260	0	1	0	0
646262	2	0	0	0
646268	0	3	0	1
646269	8	2	1	2
646270	5	3	0	4
646273	0	0	0	0
646278	5	2	1	1
646282	42	18	2	23
646300	20	7	20	11
646309	8	13	59	148
646316	0	0	0	0
646324	11	0	2	4
646330	1	1	0	2
646346	1	2	0	2
646348	0	0	0	1
646359	0	0	0	0
646360	0	0	0	0
646362	0	3	0	0
646366	0	0	0	0
646370	0	1	1	0
646377	0	0	0	0
646378	1	0	1	0
646379	0	0	0	0
646382	0	0	0	0
646383	26	45	13	27
646390	0	0	0	0
646392	0	0	0	0
6464	3269	3599	1912	3021
646405	76	93	56	38
646409	13	18	0	7
64641	12	3	5	14
646417	1	0	0	0
646424	0	0	0	0
646433	0	0	0	0
646440	0	0	0	0
646442	0	0	0	5
64645	52	9	33	63
646450	51	100	16	24
646457	7	8	6	2
646463	1	0	0	0
646467	3	24	3	1
646476	14	17	11	19
646479	0	0	0	0
64648	0	0	0	0
646480	6	2	8	1
646483	38	32	10	13
646486	0	0	1	0
646489	1	0	1	0
646498	0	0	0	0
6465	0	0	0	0
646507	1	0	0	0
646508	0	0	0	0
64651	988	1650	996	1198
646520	0	0	0	0
646522	1	0	0	2
646526	0	0	0	0
646527	5	3	3	3
646531	16	17	10	22
646532	4	8	0	1
646538	0	2	1	2
646555	8	5	2	3
646557	0	0	0	1
646567	4	2	0	2
646572	19	12	6	25
646575	0	0	0	0
646576	47	6	9	13
646577	0	0	0	0
646581	0	0	0	0
646583	0	0	0	0
646588	50	14	1	2
646592	0	0	0	0
646595	0	12	4	4
646597	0	0	0	0
6466	1	2	2	2
646600	3	7	1	20
646603	0	1	0	0
646609	0	0	0	0
646612	19	14	3	10
646614	0	0	0	0
646616	0	0	0	0
646619	1	8	0	2
646620	3	1	0	0
646625	257	1368	19	576
646626	14	11	11	6
646627	627	170	1579	21
64663	0	0	0	0
646630	0	0	0	1
646639	0	0	0	0
646640	0	0	1	0
646641	0	0	0	0
646643	0	0	0	1
646644	2	4	0	1
646658	4	3	24	2
646663	1	0	0	0
646672	1	1	1	1
646685	1	0	0	0
646688	6	2	2	3
646693	0	0	0	0
646696	10	3	3	696
646698	2	3	0	4
646701	0	1	1	1
646702	0	0	0	0
646710	1	0	2	0
646719	536	608	157	255
646721	0	0	1	0
646723	3	1	0	4
646730	0	0	0	0
646743	0	0	0	0
646745	2	1	0	0
646753	1	5	0	0
646754	0	0	0	0
646755	3	3	1	2
646758	0	0	3	1
646759	0	0	0	0
646766	1	0	0	0
646770	0	0	0	0
646780	6	3	3	7
646784	0	2	0	1
646787	3	1	1	1
646791	5	2	3	4
646794	1	0	0	0
646799	0	1	0	0
6468	2840	3399	1385	2567
646802	0	0	0	0
646808	4	13	3	9
646817	4	1	0	3
64682	1755	933	803	2559
646837	101	3	34	2
646839	4	4	0	0
646849	0	0	0	0
646851	251	74	132	264
646862	1	1	2	0
646864	0	0	0	0
646873	1	0	1	1
646875	1	0	1	2
646877	0	0	0	0
646879	0	0	0	0
646884	1	1	0	0
64689	2733	3540	1938	2709
646890	39	4	6	11
646891	0	1	0	0
646892	12	0	10	20
646898	0	0	0	0
6469	3241	3023	1524	2607
646909	1	1	0	0
646910	3	0	0	0
646912	2	0	0	5
646913	0	0	1	0
646915	0	1	0	1
646929	0	0	0	0
64693	0	0	0	0
646936	0	0	0	0
646942	1	0	0	2
646951	0	0	0	0
646954	0	0	0	0
646956	0	0	0	0
646960	1	2	0	14
646962	31	529	146	140
646976	7	18	9	17
646981	2	0	0	2
646982	2	25	9	9
64699	599	1174	333	101
646993	28	19	8	13
646996	0	0	0	0
6470	765	856	2162	1290
647000	2	3	0	3
647001	60	239	166	87
647002	0	0	1	0
647009	36	31	35	75
647012	0	0	0	0
647013	2	0	1	0
647015	1	14	1	0
647016	0	0	0	0
647024	2415	3360	2443	2972
647030	68	96	51	132
647033	20	18	2	4
647042	43	17	16	41
647044	0	0	0	0
647047	2	5	3	1
647051	0	0	0	0
647060	0	0	0	0
647070	15	18	6	25
647076	12	7	2	8
64708	2544	2715	993	2700
647081	1	0	0	1
647085	1	0	0	1
647087	3078	2386	1554	2858
647094	1	0	0	0
647099	6	3	1	8
6471	0	0	0	0
64710	8975	5633	6816	14525
647102	0	0	0	0
647107	0	0	0	0
64711	1	1	4	0
647112	0	3	0	0
647121	25	5	11	3
647123	0	0	0	0
647135	32	13	15	18
64714	160	730	793	75
647144	0	0	0	0
647145	0	0	0	0
647156	0	0	0	0
647158	0	0	0	0
647162	1	0	0	1
647166	1	0	0	1
647167	20	17	2	3
647169	0	0	0	0
647174	7	9	4	4
647175	0	0	0	0
647177	0	0	0	0
64718	681	1178	207	600
647187	16	3	0	0
647190	1	0	0	0
647195	1	0	0	1
6472	7749	5368	4302	8498
647201	0	0	0	0
647215	31	199	28	12
647219	386	13	564	24
647236	10	5	8	9
647249	0	0	0	0
64725	1	0	1	0
647253	1	0	0	0
64726	1	4	3	0
647265	1	0	0	0
647275	0	0	0	0
647276	306	332	53	92
647285	0	2	0	0
647286	0	0	0	0
647288	2	2	1	1
647298	0	0	0	0
647299	2	3	1	7
6473	0	46	0	0
647302	0	0	0	0
647307	1	4	1	1
647309	0	1	0	0
647310	41	26	20	44
647317	0	0	0	0
647319	0	0	0	0
647323	3	48	2	44
64735	0	0	0	0
6474	27	1	0	4
647415	7	11	16	2
64743	4690	5905	3098	6787
647436	14	8	3	2
64744	1493	908	843	1219
64745	1596	940	783	1677
64746	2195	2064	1758	2195
64747	1942	3368	1715	1789
647476	0	0	0	0
64748	577	920	222	936
64750	1636	1570	1002	1663
647507	0	1	0	0
64753	303	133	20	172
647532	0	0	0	0
64754	735	1044	644	967
64755	2142	1950	861	1415
64756	2140	1447	1125	2523
647569	0	0	0	0
64757	508	3063	1349	1037
647589	0	0	0	0
64759	7793	4141	2265	5361
6476	198	61	234	16
64760	4392	2485	2054	2071
64761	2311	1995	1006	1247
64762	462	499	407	730
64763	1400	2023	1114	1657
64764	4646	4343	3132	6621
64766	837	652	397	912
64768	173	97	113	285
64769	2359	1874	1266	2137
647696	0	0	0	0
6477	506	750	171	369
64770	4136	4505	2707	4186
64771	4184	5041	2171	4874
64772	13718	9689	6851	4026
64773	2979	3625	397	1426
64776	945	1190	546	1512
64777	2315	2520	755	1584
64778	5426	3908	2721	3669
64779	826	1282	461	842
6478	1216	1718	880	1534
64780	4149	8225	2232	3331
64781	3050	905	854	1529
64782	2949	868	1540	1643
64783	569	408	524	855
64784	2555	1041	679	1563
64785	397	190	175	579
647859	16	15	3	11
64786	1798	1666	1190	1463
64787	6320	21360	3702	6880
64788	779	1344	377	1138
64789	150	148	50	144
64792	769	477	358	1137
64793	835	496	543	1501
64794	1080	1077	610	1571
647946	46	15	11	60
64795	2911	5293	2261	6058
647979	23225	20846	8103	19632
64798	976	441	505	1533
64799	123	28	56	52
648	1513	1225	910	1144
6480	5227	7584	1016	7775
64800	142	17	38	61
648000	59	38	12	59
64801	544	1633	844	637
64802	576	400	443	509
64805	22	1	0	7
64806	0	0	2	0
64816	1	10	2	19
6482	848	328	120	2027
648217	10	15	1	4
648262	1	0	1	0
648283	1	0	1	0
648294	8	2	1	8
6483	1622	1290	172	1870
648315	0	0	0	0
64834	3535	3988	4413	4727
648343	0	0	1	0
648359	1	0	1	2
64837	1139	1357	856	1896
64838	115	105	11	78
64839	1710	1328	761	836
6484	299	1192	7456	2552
64840	434	472	232	738
64841	1192	489	1111	1950
64843	36	3	12	11
64844	3160	2114	1435	2728
64847	4532	3941	2178	3439
64848	1953	1722	1089	1329
64849	16	8	2	1053
64850	0	1	0	0
64852	668	928	318	798
64853	649	670	502	777
648532	0	0	0	0
64854	927	284	387	723
64855	10521	22477	11266	12887
64856	2580	2367	2126	3338
64857	902	408	233	1223
64858	465	289	330	749
64859	1763	1430	471	853
64860	949	474	390	970
64863	280	241	192	392
648630	34	24	150	136
64864	1514	401	690	981
64866	3589	3730	3981	3759
6487	46	42	19	50
648729	2	2	3	6
648740	0	0	0	0
648791	42	120	37	56
648809	1	0	1	0
64881	1	9	6	0
648822	0	0	0	0
6489	115	31	14	24
648927	6	0	1	0
648947	1	11	1	11
64895	892	679	362	1052
64897	751	565	413	662
648980	0	0	0	0
648987	186	89	62	99
649	1795	1733	1277	1646
6490	2283	211	147	226
64900	2789	5257	1061	2746
64901	318	458	165	274
64902	3	0	0	3
649024	2	1	0	0
6491	759	409	440	1410
649137	1	2	1	1
649159	0	0	0	0
649166	0	0	0	0
649179	1	2	0	0
649186	0	1	0	2
64919	620	322	350	859
6492	0	0	0	0
64921	1626	1535	752	1146
64922	1328	3017	727	746
649238	1	0	0	0
64924	2415	1930	1097	1550
64925	1029	756	448	731
64926	491	211	59	118
649264	1	1	0	33
64927	837	456	431	413
64928	1994	3279	1725	3134
649288	0	0	0	0
649299	0	0	0	1
6493	505	551	423	793
649324	0	0	0	0
649330	0	0	0	0
649395	2	0	1	0
6494	1529	2156	599	977
64940	424	604	125	676
64943	2039	1673	1333	4128
649446	244	406	88	268
649458	0	0	0	0
64946	592	372	279	1160
649489	0	0	0	0
64949	2934	2709	1261	2763
6495	65	5	53	109
64951	16	18	11	23
6496	14	14	24	0
64960	2156	2036	1571	3352
64963	635	397	457	673
64965	715	740	463	1097
64968	913	1656	992	1195
64969	2780	3606	1928	5002
6497	4237	2087	1984	4082
64975	923	3429	1398	2247
64976	991	742	672	1228
64978	117	196	44	97
64979	870	1879	685	1606
6498	4396	3769	2595	2768
64981	1484	2965	1707	2331
64983	2111	2955	1585	2490
649873	11	17	9	12
6499	3505	4026	1368	3707
649925	0	0	0	0
649946	34	12	26	48
650	249	850	556	502
6500	6776	7105	3565	5227
65003	1994	3187	1106	4323
65005	972	1256	467	1358
650059	1	0	0	2
65008	1253	821	821	1360
65009	148	378	77	369
65010	3533	8388	2311	3576
65012	2	1	0	1
650172	0	0	0	0
65018	486	350	435	362
650181	0	0	1	0
6502	1626	898	740	2394
650236	0	0	0	0
650293	0	0	0	1
6503	374	140	97	109
650368	97	8	8	34
6504	134	51	22	13
650474	2	68	3	8
6505	373	598	148	515
65055	241	2183	101	105
65056	4385	4760	1980	3781
650560	0	0	0	0
65057	1147	2080	392	1611
65059	227	77	86	175
6506	52	5	6	2
65061	33	1	1	0
65062	780	339	249	613
650623	27	21	20	16
65065	342	204	393	397
650655	24	32	5	4
650669	1233	1297	593	1185
6507	53	12	3	31
65072	35	16	20	35
650747	17	0	9	0
65078	229	349	116	432
650794	57	121	62	59
6508	153	1215	5	264
65080	1537	1049	942	1903
650808	1	0	1	0
65082	766	867	430	732
65083	3898	3327	2074	5056
65084	919	738	648	994
650866	18	19	15	10
6509	4108	2679	767	4690
65094	316	303	149	388
65095	1778	1798	1278	2879
650983	0	0	0	0
651	118	7	47	3
6510	9657	8077	7104	11811
65108	19872	16516	9976	11941
65109	1448	765	526	1915
6511	1	1	0	0
65110	2317	3803	1772	1524
651144	0	3	0	1
65117	3363	2918	2114	3277
6512	184	176	263	15
65121	0	0	0	0
65122	0	0	0	0
65123	3835	3743	2541	4694
65124	1418	2929	1332	3442
651249	8	2	0	0
65125	8460	3312	5044	6327
651250	275	193	116	123
651258	1	0	0	0
6513	3812	2849	4854	15350
651302	16	3	1	19
6514	70	1	0	0
651452	2	0	0	0
6515	800	191	70	845
651600	11	5	0	4
651628	0	4	0	0
6517	69	26	58	132
651714	107	781	416	152
651746	67	10	8	10
6518	120	53	12	27
651815	0	0	0	3
6519	30	43	6	7
652	7987	473	1935	1722
6520	8570	11761	3489	11932
6521	4	2	1	1
65217	2	1	0	0
652170	1	3	0	2
6522	5679	2344	2495	8557
65220	3964	2952	2297	3548
6523	6480	5866	3432	4549
6524	17	162	25	62
652411	2	0	1	2
652423	0	1	1	0
65243	158	43	48	93
65244	1776	1354	869	1488
652489	2	0	0	2
65249	482	480	195	309
6525	10314	4414	2409	4640
65250	688	451	129	610
65251	296	237	116	314
65258	512	295	239	328
6526	1076	1115	1798	1316
65260	1567	775	1141	1546
652624	5	16	2	8
65263	907	1232	937	2397
65264	5413	5606	3548	6502
65265	4203	1913	2340	7357
65266	6511	4971	1667	2672
65267	16	7	2	5
652670	3	0	0	4
65268	5344	3791	2985	7541
6527	13	5	0	16
6528	1	1	1	2
652873	0	1	0	0
6529	95	44	2	31
652904	0	0	0	0
652959	3	2	3	3
652960	5	3	6	1
652961	1	0	0	0
652963	3	1	0	1
652964	1	2	0	1
652965	0	0	0	0
652966	0	0	0	0
652968	4	13	15	4
652969	2	21	9	1
652972	2	1	6	1
652974	1	0	0	1
652975	0	0	0	0
652978	4	0	1	1
652980	0	2	0	0
652983	0	2	0	1
652985	1	0	0	2
652991	0	0	0	0
652995	119	57	150	4857
653	348	46	39	35
6530	5	1	1	0
653017	0	0	0	0
653042	0	0	0	0
653045	0	0	0	4
653061	2	0	0	5
653067	0	0	0	0
653073	1	0	0	0
653075	0	0	0	0
653079	8	10	0	13
653080	1	1	0	1
653082	2079	122	210	151
6531	11	1	2	0
653108	0	0	0	0
653113	84	146	56	84
653115	42	34	8	49
653121	225	232	201	176
653122	71	35	45	66
653123	0	0	0	0
653125	3	0	0	1
653140	6	3	0	2
653145	0	0	0	0
653147	5	6	0	10
653149	16	0	10	3
653155	0	2	0	0
653156	8	8	3	8
653160	16	12	12	7
653162	46	38	12	20
653163	0	0	0	0
653166	0	0	0	0
653174	0	0	0	0
653175	3	0	0	1
653188	1	0	0	0
653189	29	8	10	32
653190	20	34	53	86
653192	0	0	0	0
653194	0	0	0	0
653199	73	8	42	68
6532	14	15	5	77
653203	0	0	0	0
653214	1608	1548	1646	1530
653220	0	0	0	0
653226	10	12	1	10
653232	209	225	63	121
653234	33	15	8	1
653236	8	9	0	2
653238	41	6	21	36
653240	0	0	0	0
653247	1	0	1	8
653259	3	23	7	2
653268	90	9	2	0
653269	0	1	0	1
653275	0	0	0	0
653282	0	0	0	0
653288	0	0	0	0
6533	11973	3504	2604	4002
653308	261	272	235	387
653316	2	22	2	4
653319	1165	2393	615	969
653333	13	3	19	23
653354	0	0	0	0
653361	71	26	3	36
653363	0	0	0	0
653364	10	11	3	4
653381	100	626	40	843
653390	22	38	6	9
6534	231	555	191	167
653404	0	0	0	0
653406	17	27	19	9
653423	0	0	0	0
653427	4	0	5	2
653435	0	0	0	0
653436	11	20	0	1
653437	1	8	6	13
653440	335	823	293	397
653441	28	30	6	12
653447	398	225	164	395
653453	0	0	0	0
653458	0	0	0	0
653464	45	21	10	83
653479	138	119	16	139
653483	54	351	19	65
653486	0	0	0	0
653489	13	43	3	23
653492	0	0	0	0
653499	5	4	2	2
6535	2583	6061	2867	21695
653505	2	2	1	2
653509	0	1	1	0
653510	114	97	11	50
653519	173	182	103	231
653543	0	0	0	0
653544	0	0	0	0
653545	0	0	0	0
653548	0	0	0	0
653550	0	0	0	0
653553	37	130	30	11
653557	2	0	0	2
653566	27	37	5	18
653567	166	1169	193	108
653579	0	0	0	0
653583	598	519	285	467
653588	0	0	0	2
653590	0	0	0	0
6536	320	835	713	610
653604	3	5	0	2
653619	0	0	0	0
653635	78	274	28	99
653639	6	6	1	1
653641	0	0	0	0
653643	0	0	0	0
653645	0	0	0	0
653650	30	19	12	7
653656	0	0	0	0
653657	0	0	0	0
653658	87	67	17	34
653659	6	17	7	6
653665	11	9	0	6
653677	9	17	3	4
653687	0	0	0	0
653689	64	10	4	131
653691	0	0	1	0
653702	450	510	482	867
653707	0	0	0	0
653712	17	21	25	64
653720	4	0	0	0
653737	23	39	14	32
653753	0	0	0	0
653758	21	15	3	1
653773	14	11	0	10
653781	1	2	0	1
653784	2026	2141	785	3693
653786	4	15	1	8
653789	4	0	1	0
653794	0	0	0	0
6538	2	0	0	0
653805	107	122	50	162
653808	525	24	2205	127
653820	6	16	6	143
653857	143	63	56	119
653895	1	0	0	0
6539	5	3	5	10
653924	2	4	0	6
654	122	24	113	46
6540	5	0	0	4
6541	5107	4405	6702	8682
654170	0	0	0	0
6542	552	15	16	163
654231	5	10	1	3
654254	2	0	0	3
6543	31	11	1	5
654319	19	21	5	10
654320	0	0	0	0
654321	0	0	0	0
654322	11	9	2	4
654340	0	0	0	0
654342	262	135	23	243
654346	239	633	190	54
654350	0	0	0	0
654364	0	0	0	0
654365	284	489	223	508
654370	1	2	0	3
654376	2	6	0	4
654381	1	0	0	0
654382	0	0	0	0
654383	0	0	0	1
654385	1	2	0	0
654387	1	0	0	0
654388	8	3	3	7
654390	1	4	0	2
654391	1	3	0	1
654412	1	0	0	0
654427	13	10	1	6
654429	5	0	0	0
654433	8771	23	99	47
654434	391	1362	256	551
654463	446	4	389	134
654466	0	0	0	0
654480	6	2	0	0
654483	21	69	37	39
654484	0	13	2	2
654485	1	1	1	0
654486	0	0	0	0
654499	0	0	0	0
6545	191	421	68	178
654500	17	22	14	8
654502	0	0	0	0
654503	2	1	0	0
654505	0	0	0	0
654506	68	61	20	26
6546	646	105	53	92
6547	15	0	2	2
654783	0	0	0	0
654790	11	46	0	2
6548	2540	3005	3850	2354
654816	33	10	3	12
654817	50	29	12	26
654835	1	0	0	0
654841	70	55	15	56
6549	671	2098	1007	1397
655	421	29	610	2472
6550	436	8825	1002	448
6551	1	0	0	0
6553	80	118	40	108
6554	8	11	8	6
6555	0	1	0	0
6556	134	108	43	265
6557	3	0	1	0
6558	47798	15876	19503	20989
6559	7	4	1	2
656	261	322	324	574
6560	1452	1611	528	1457
6561	3	0	1	0
6563	165	12	13	141
6564	63	49	21	18
6565	211	173	97	96
6566	4383	4454	3693	7357
6567	389	102	32	106
6568	4	1	0	0
6569	1	5	1	6
657	1477	1302	846	1411
6570	137	8	23	14
6571	39	3	4	10
6572	0	1	0	0
6573	1673	1700	1455	2629
6574	2092	2724	1512	4706
6575	2310	1334	2268	1574
6576	3890	5216	3655	5739
6578	930	688	423	666
6579	33	2	9	2
658	25	0	3	9
6580	33	43	5	18
6581	1038	1934	670	1719
6582	12	2	10	14
6583	66	81	18	66
6584	1427	1736	618	910
6585	12	10	2	92
6586	619	118	30	264
6588	1	1	0	0
659	4449	2853	1488	2331
6590	380	6689	1904	1208
6591	305	51	44	133
6594	730	480	72	214
65944	0	0	3	0
6595	3749	3695	2068	4193
6596	457	176	188	953
6597	12107	7500	6695	11858
65975	217	107	1	185
65977	1102	1101	441	1071
65979	2907	1159	1625	2861
6598	4403	1923	2368	3628
65980	3514	2661	1158	2956
65981	1237	1704	796	765
65982	1046	52	34	55
65983	1288	1393	436	471
65985	3022	2094	2165	3112
65986	1410	1917	906	1654
65987	360	151	204	246
65988	380	407	185	248
65989	55	94	39	111
6599	8987	5660	6376	9404
65990	569	1146	402	703
65991	2873	2498	982	3714
65992	4811	2508	1697	2523
65993	2524	4076	2022	3303
65996	911	785	845	1046
65997	51	0	1	1
65998	1921	2202	449	1860
65999	925	501	439	1349
66	0	1	0	0
660	83	11	41	68
66000	51	8	2	15
66002	796	3268	2413	293
66004	160	43	15	43
66005	4661	4924	1923	5535
66008	2421	1610	1495	1818
6601	6596	3814	2775	3654
6602	4585	3626	2344	3887
6603	9503	9448	5366	15062
66035	630	255	271	585
66036	606	284	438	503
66037	0	0	1	1
6604	471	436	78	292
6605	642	344	285	366
6606	382	359	129	568
6607	55	143	105	161
6608	1121	574	28	1019
6609	1331	1154	481	711
661	1684	680	1087	1547
6610	758	1261	699	1143
6611	3833	3816	3917	10735
6612	3326	3931	2558	5484
6613	5588	7688	3288	7240
6614	188	70	22	95
6615	192	113	66	547
6616	39	14	1	7
6617	198	115	79	338
6618	653	1615	675	1172
6619	1482	1686	876	2412
662	429	409	269	387
6620	1	1	1	1
6621	1445	1695	873	2344
6622	54	4	16	10
6623	85	142	38	48
6624	1060	467	325	1836
6625	13274	15952	6488	9698
6626	3021	4457	1998	3863
6627	1506	1109	979	1625
6628	8794	7289	4099	8704
6629	3607	4347	1299	5307
663	2262	1294	1079	1483
6631	2825	3634	1890	4193
6632	2162	1617	1191	3325
6633	8070	9551	4881	10531
6634	1911	1178	1159	1911
6635	2392	2633	1762	3429
6636	2475	3088	1850	4091
6637	2188	2341	1096	2765
6638	35	4	1	99
664	179	1472	56	123
6640	278	476	78	1098
6641	3215	452	2482	2886
6642	5100	2793	2364	2370
6643	3225	2538	1357	2128
6644	0	0	0	0
6645	1122	1588	858	1605
6646	1098	2071	281	1833
664611	9	0	4	2
664612	0	0	0	0
664613	0	0	0	0
664614	0	0	0	0
664615	0	0	0	0
664616	0	0	0	0
664617	0	0	0	0
664618	1	33	0	4
6647	5561	17449	6652	12350
664701	32	5	2	4
664709	41	52	12	45
664721	41	22	12	59
664722	102	70	7	163
6649	4904	7306	2235	3428
665	2153	951	1669	1747
6650	4450	7003	2940	4381
6651	8976	6564	7595	7855
6652	2621	376	1165	1637
6653	4504	7616	6690	5603
6654	3229	1994	1375	1553
6655	2200	1310	1259	1425
6656	0	91	21	1197
6657	4	1	0	14
6658	1	0	0	0
6659	16327	5327	2571	5521
666	715	1618	681	2156
6660	47	12	0	29
6661	0	0	0	0
6662	8867	14580	8460	13207
6663	139	4	2	5
6664	23	12	1	62
6665	33	27	23	32
6666	1324	1397	711	2002
6667	4696	5950	3842	5531
6668	1747	1087	957	1648
667	6321	5329	5173	5481
6670	5094	2771	1749	3682
6671	445	213	149	185
6672	3161	2480	1104	2302
6674	3897	5272	2168	4480
6675	2056	3807	1928	2996
6676	318	464	219	418
6677	0	0	0	0
6678	20969	6402	3528	18208
668	0	0	0	4
6683	1537	1296	683	789
6687	5256	10382	2923	4964
6688	536	155	46	185
6689	56	134	21	31
669	445	278	245	459
6690	19359	4373	2775	1101
6691	9	5	1	6
6692	6910	12281	7536	8814
6693	460	105	54	96
6694	0	0	0	0
6695	499	22	30	153
6696	1415	54	6	205
6697	3139	4906	1876	2589
6698	11	0	1141	9
6699	26	1	218	7
67	8	12	2	7
670	539	654	291	690
6700	5	0	39	7
6701	0	0	0	0
6702	0	0	0	0
6703	11	0	167	9
6704	4	0	18	0
6705	0	0	11	0
6706	0	0	0	0
6707	3	0	109	6
6708	0	0	0	0
6709	19799	17758	10458	25137
671	4	7	8	8
6710	35	21	7	38
6711	30140	23844	15011	44601
6712	4372	2216	1803	3546
6713	2421	2938	3294	11747
6714	7514	11863	2473	5056
6715	1182	1296	690	2154
6716	6	1	0	0
6717	5997	10082	8251	4915
6718	0	1	1	0
6719	0	0	0	0
672	1276	767	969	2795
6720	5006	6790	9286	7188
6721	6599	9616	10063	10963
6722	2300	2708	1675	4282
6723	3085	2266	2402	3794
6725	341	613	275	447
6726	5462	5600	3546	4909
6727	5266	5957	4945	5928
6728	508	485	235	413
6729	2164	1123	1380	2367
673	1546	966	759	1545
6730	4891	5317	2803	5484
6731	5549	1908	2922	5426
6732	3530	2389	1797	4254
6733	2084	1292	1010	2473
6734	7125	5936	4612	7167
6736	0	0	0	0
6737	1111	1736	561	1171
6738	932	551	737	745
6741	4095	3166	1983	5567
6742	3858	3415	2240	5087
6744	7855	6398	5022	10243
6745	6394	7073	4375	6858
6746	6577	7733	3356	7554
6747	5120	5180	3585	7147
6748	17008	9584	5434	14101
6749	8517	7187	4795	13050
675	591	469	503	943
6750	5	0	2	1
6751	865	206	102	128
6752	33	57	9	30
6753	21	10	1	1
6754	0	0	0	0
6755	2	11	18	19
6756	0	0	0	0
6757	0	0	0	0
6758	0	0	0	0
6759	0	0	0	0
676	1	2	3	0
6760	2137	2108	1181	2101
6764	2614	1564	922	1773
6767	11250	6544	4769	10282
6768	32317	34020	16545	31396
6769	8	381	0	1
677	23377	6092	4800	11894
6770	13	9	20	11
6771	0	0	0	0
6772	5259	4896	1959	4711
6773	4024	3984	1888	2032
6774	7547	6503	5490	5635
6775	115	28	21	22
6776	2475	1597	1424	1233
677679	0	1	0	1
677681	1	2	0	1
6777	4890	3211	1962	4680
677762	0	1	1	1
677763	5	0	5	11
677765	0	0	0	0
677766	0	0	0	0
677767	7	25	1	1
677768	0	0	0	0
677769	0	0	0	0
677770	0	0	0	0
677771	0	0	0	0
677772	9	9	6	17
677773	0	0	0	0
677774	0	0	0	0
677775	4	1	1	2
677776	5	3	0	6
677777	0	0	0	0
677778	0	0	0	0
677779	4	2	0	0
677780	0	0	0	1
677781	0	0	0	0
677784	0	0	0	0
677790	0	1	1	0
677792	0	0	0	0
677793	5	7	6	7
677794	0	0	0	1
677795	0	0	0	0
677796	53	57	24	73
677797	4	5	0	5
677798	0	0	0	0
677799	8	9	1	7
6778	16129	20716	10216	9807
677800	1	2	3	6
677801	0	1	0	4
677802	9	6	4	12
677803	1	0	0	1
677804	0	0	0	0
677805	0	0	0	0
677806	1	2	3	0
677807	4	3	3	6
677808	5	1	2	3
677809	0	0	0	0
677810	0	0	0	0
677811	1	1	2	8
677812	0	0	0	0
677813	1	0	0	0
677814	8	24	0	2
677815	1	2	2	0
677816	0	0	0	0
677817	0	0	0	0
677818	0	0	0	0
677819	0	0	0	1
677820	1	0	0	1
677821	0	0	0	0
677822	0	0	0	0
677823	11	2	1	4
677824	0	0	0	0
677825	0	0	0	0
677826	17	22	8	24
677827	1	1	0	4
677828	10	5	2	4
677829	0	1	1	2
677830	0	0	0	0
677831	3	0	0	1
677832	12	11	9	12
677833	1	0	0	2
677834	0	0	0	0
677835	0	0	0	0
677836	3	0	1	0
677837	0	0	0	0
677838	0	0	0	0
677839	0	0	0	0
677840	0	0	0	0
677841	2	1	1	2
677842	0	0	0	0
677843	1	4	1	1
677844	0	0	0	0
677845	1	0	0	0
677846	0	0	0	2
677847	0	0	0	0
677848	0	0	0	0
677849	4	5	1	3
677850	0	0	0	0
677882	0	0	0	0
677883	0	1	0	0
677885	8	2	2	7
6779	0	0	0	0
678	10707	10975	5150	9343
6780	10399	10524	3395	11384
6781	241	66	15	309
6782	1287	859	525	1117
6783	57	3	0	1
6785	35	10	2	16
6786	1771	3734	1566	2673
678655	1146	1011	408	717
6787	940	495	562	1099
6788	879	654	669	1081
6789	2684	3158	1050	4501
6790	1238	1265	774	3138
6791	0	4	1	0
6792	467	334	412	465
6793	2195	1702	1255	1226
6794	3496	3590	2689	4167
6795	27	51	1	19
6799	13	20	2	12
68	3	6	1	0
680	1	1	0	0
6801	3149	2099	1331	1912
6803	0	0	0	0
6804	637	691	238	867
6809	4761	7753	1592	4940
6810	2382	4305	1190	2170
6811	1278	1881	754	1710
6812	1583	1543	544	2838
6813	2297	4703	1847	2631
6814	1832	1471	1581	1664
6815	691	504	442	1070
6817	503	1630	669	299
6818	2	10	3	6
6819	533	522	1087	43
682	38264	31498	35787	32460
6820	1165	1457	1539	1256
6821	1453	1826	1583	1115
6822	10	12	0	9
6824	5	5	2	4
6825	11	1	0	10
6827	65	70	16	21
6829	8958	8664	4781	7147
683	208	21	419	174
6830	8027	5585	3940	6457
6832	1018	1708	1254	2659
6833	73	33	6	18
6834	1431	3209	801	1326
6835	560	856	328	909
6836	11480	14521	5599	12894
6837	1755	1457	642	2423
6838	3197	3876	2695	4333
6839	556	404	367	1608
684	1708	364	152	818
6840	2863	1007	689	2891
6843	394	847	148	337
6844	1144	1320	1070	1223
6845	1652	1227	1135	2863
6846	6	3	1	1
6847	1	0	0	0
684959	0	0	0	0
685	527	178	350	519
6850	11619	5303	2976	3418
6853	120	78	37	211
6854	13	11	132	25
6855	190	135	44	239
6856	7143	6633	5164	8322
6857	553	116	385	115
686	947	1202	705	619
6860	7	2	1	1
6861	17	3	29	16
6862	0	0	0	0
6863	165	19	17	134
6865	67	35	29	43
6866	65	404	90	35
6867	6679	2351	4704	3384
6868	1259	875	636	1644
6869	17	3	1	1
687	626	1008	378	281
6870	0	0	1	1
6871	1086	902	641	1504
6872	3404	1846	1485	4278
6873	1620	956	1529	2125
6874	2204	2435	573	1779
6875	305	239	237	951
6876	9961	1444	1319	3844
6877	210	185	267	459
6878	1684	951	707	1562
6879	7444	8848	3145	5429
688	12465	20683	15833	8036
6880	1846	2298	833	1586
6881	214	376	130	214
6882	841	1686	640	1296
6883	1062	673	496	1460
6884	728	393	563	534
6885	1730	1843	755	2152
6886	81	46	13	63
6887	4	6	2	2
6888	7447	13497	4450	10849
689	27322	21582	14027	33067
6890	2342	3849	2360	4069
6891	805	1372	1007	1634
6892	8750	16042	4164	7178
6894	2606	3214	2669	5837
6895	1608	1292	937	1565
6897	5897	3743	2937	9497
6898	1	1	1	3
6899	33	3	1	5
69	3	3	0	1
690	0	0	0	0
6900	14	6	0	9
6901	2122	2393	871	3283
6902	3961	3862	1887	4759
6903	892	1280	601	1017
6904	4668	5281	3130	5410
6905	64	125	45	71
6906	118	24	0	0
6907	1298	326	911	1905
6908	706	856	385	961
6909	573	287	95	446
6910	91	31	2	1
6911	97	225	65	90
6913	38	8	18	3
6915	94	24	21	63
6916	2395	2523	517	1524
6917	2842	2076	1934	4680
6918	1	0	0	0
6919	270	87	35	485
6920	1295	4689	2477	618
692053	1	0	2	2
692057	0	0	0	0
692058	10	1	0	3
692063	0	0	0	0
692072	0	0	0	0
692073	0	0	0	0
692075	22	20	12	21
692076	0	1	0	0
692084	1	0	1	0
692085	0	0	0	0
692086	40	27	10	43
692087	0	0	0	0
692088	0	0	0	0
692089	17	4	13	8
692091	0	0	0	0
692092	0	0	0	0
692093	22	9	6	13
692094	0	0	0	0
692099	327	342	231	367
6921	1823	2010	1504	3183
692106	0	0	0	0
692107	1	0	0	1
692108	5	1	1	4
692109	11	12	7	6
692110	1	0	1	1
692111	4	0	0	0
692146	0	51	0	0
692147	7	8	8	13
692148	0	0	0	0
692149	0	0	0	0
692157	1	1	1	5
692158	0	0	0	0
692199	0	0	0	0
6922	1	0	0	0
692201	0	0	0	0
692202	8	1	2	3
692203	0	0	0	0
692204	0	0	0	0
692205	10	11	5	15
692206	0	0	0	0
692207	1	0	2	2
692208	2	0	1	2
692209	1	1	0	3
692210	0	0	2	5
692211	0	0	0	0
692212	25	30	22	42
692213	0	0	0	0
692214	3	0	0	3
692215	0	0	0	0
692223	0	0	0	0
692225	46	28	19	36
692226	0	0	1	0
692227	184	262	73	186
692229	0	0	1	0
692231	0	0	0	1
692233	5	3	1	2
692247	31	643	32	25
6923	4885	15107	3400	9433
692312	0	0	0	0
6924	1927	1303	1559	2046
6925	2016	378	171	588
6926	2401	572	1687	787
6927	1266	603	436	854
6928	1720	2359	921	1460
6929	6372	3863	4112	7405
693	0	1	0	0
693120	0	1	0	0
693121	0	0	0	0
693122	0	0	0	0
693123	0	0	0	0
693124	0	0	0	0
693125	0	0	0	0
693126	0	0	0	0
693127	0	0	0	0
693128	0	0	0	0
693129	0	0	0	0
693130	0	0	0	0
693131	0	0	0	0
693132	0	0	0	0
693133	0	0	0	0
693134	0	0	0	0
693135	0	0	0	0
693136	0	0	0	0
693137	0	0	0	0
693138	7	2	1	4
693139	2	0	0	0
693140	0	0	0	0
693141	1	0	0	0
693142	0	0	0	0
693143	0	1	0	0
693144	58	55	24	26
693146	0	2	0	1
693147	0	0	0	0
693148	0	3	1	3
693149	0	0	0	0
693152	0	1	1	1
693153	0	0	0	0
693154	0	0	0	0
693155	11	44	93	146
693156	0	0	1	2
693157	0	0	0	0
693158	18	10	8	2
693159	2	1	0	1
693160	0	0	0	0
693161	0	0	0	0
693162	1	0	0	0
693163	0	0	0	0
693164	1	0	2	1
693165	0	0	0	0
693166	0	0	0	0
693167	0	0	0	0
693168	0	0	0	0
693169	0	0	0	0
693170	0	0	0	0
693171	0	0	0	0
693172	0	0	0	0
693173	0	0	0	0
693174	6	5	4	5
693175	11	1	4	10
693176	0	0	0	0
693177	0	0	0	0
693178	2	1	0	6
693180	0	1	0	0
693181	1	1	0	1
693182	0	0	0	0
693183	0	0	0	0
693184	0	0	0	0
693185	0	0	0	0
693186	2	0	0	5
693187	0	2	0	0
693188	0	0	0	0
693189	0	0	0	1
693190	0	0	0	0
693191	0	0	0	0
693192	0	0	0	0
693193	0	2	0	4
693194	0	0	0	0
693195	0	0	0	4
693196	0	0	0	0
693197	0	0	0	0
693198	0	0	0	0
693199	0	0	0	0
6932	3586	2148	1609	1183
693200	0	0	0	1
693201	26	12	2	15
693202	0	0	0	0
693203	0	0	0	0
693204	0	0	0	0
693205	0	0	0	0
693206	0	0	0	0
693207	0	0	0	0
693208	0	0	2	0
693209	0	0	0	1
693210	0	0	0	0
693211	0	0	0	0
693212	0	0	0	0
693213	0	0	0	1
693214	0	0	0	0
693215	0	0	0	0
693216	0	0	0	0
693217	0	0	0	0
693218	0	0	0	0
693219	0	0	0	0
693220	32	68	21	26
693221	0	0	0	0
693222	0	0	0	0
693223	0	0	0	0
693224	0	0	0	0
693225	0	0	0	0
693226	5	2	3	0
693227	0	1	0	0
693228	6	2	0	2
693229	0	0	0	0
693230	0	1	0	0
693231	0	1	0	0
693232	69	119	16	57
693233	0	0	0	0
693234	0	0	0	0
693235	0	0	0	0
6934	1074	3966	3271	2547
6935	1226	182	124	333
6936	742	445	337	1225
6938	4130	1457	5182	2237
6939	12	2	1	13
694	3925	3695	2397	3510
6940	543	644	184	360
6941	697	1250	628	1214
6942	5304	2141	2399	4191
6943	234	12	8	57
6944	2032	2164	888	2201
6945	2314	3030	2044	3373
6947	6816	8	60	221
6948	774	232	623	360
6949	5591	3283	2070	7626
695	240	60	24	31
6950	6762	8441	4826	13328
6953	20	2	0	3
6954	5	56	2	17
6956	6	1	2	0
6958	1	12	2	10
6959	0	0	0	0
696	17	2	1	15
6960	0	0	0	0
6961	1	0	0	1
6962	0	0	0	0
6966	4	6	2	0
6967	18	9	1	2
6968	0	0	0	0
6969	0	0	0	0
6970	0	0	0	0
6971	0	0	0	0
6972	0	0	0	0
6973	0	0	2	0
6974	0	3	0	0
6975	4	9	1	4
6976	1	1	0	0
6977	7	2	1	1
6978	5	0	1	0
6979	1	1	0	0
6980	0	0	0	0
6981	1	1	0	1
6982	1	0	1	0
6983	1	0	0	0
6984	3	2	0	0
6985	0	0	0	0
6986	0	0	0	0
6987	0	0	0	0
6988	1239	2903	930	1240
699	1435	654	779	3080
6990	1392	1061	925	1885
6991	184	478	88	168
6992	2985	4157	2401	3068
6993	2464	4400	2295	3097
6996	1195	878	960	967
6997	2121	526	166	737
6998	9	1	1	1
6999	76	39	4	46
70	10	1	3	34
7001	5287	7611	4357	8560
7002	9	3	2	6
7003	4160	1574	1999	3272
7004	852	1080	721	1731
7005	1994	2571	1181	2093
7006	388	161	203	290
7007	28	5	3	9
7008	836	612	460	596
7009	49443	43228	39911	40831
701	447	244	751	1347
7010	328	73	46	79
7011	2700	2433	2049	2146
7012	0	0	0	0
7013	1257	649	1325	1667
7014	1770	1836	918	1658
7015	98	89	58	120
7016	1720	3505	1084	2594
7018	12	109	2	4
7019	2351	1923	1825	3721
7020	232	116	68	50
7021	0	0	1	1
7022	24	624	304	229
7023	1552	1970	684	2460
7024	2997	2324	1442	2659
7025	1668	957	58	475
7026	2416	1082	845	1409
7027	4461	5272	4385	7028
7029	3126	2324	1309	3406
7030	2581	1999	1188	3985
7031	1545	304	2523	3142
7032	9	73	35	69
7033	29448	29146	45044	30004
7035	1485	103	194	427
7036	218	113	97	349
7037	9059	9056	22671	52374
7038	866	156	34	264
7039	1579	1005	1429	1577
7040	1507	501	159	897
7041	1482	1577	281	949
7042	555	21	22	294
7043	306	37	40	123
7044	158	262	135	3
7045	107564	27993	31233	87756
7046	1926	2224	910	2390
7047	1	6	5	3
7048	7560	6019	3525	6716
7049	837	325	265	395
705	1257	1395	865	1932
7050	4954	5513	2547	5735
7051	52	85	46	121
7052	8626	2270	362	2633
7053	0	0	0	0
7054	30	17	2	43
7056	980	152	101	326
7057	7999	5047	4817	4673
7058	1522	103	65	486
7059	745	1217	550	810
706	5460	6987	7912	6102
7060	159	76	32	11
7062	88	10	3	8
7064	2674	1452	2513	4626
7066	11	4	1	4
7067	6264	4073	4095	3364
7068	73	3	43	45
7069	11	1	4	2
7070	2967	1118	398	2128
7071	2102	2377	2812	2670
7072	4957	4501	1963	3434
7073	3128	4745	2542	4849
7074	156	106	14	27
7075	756	181	69	402
7076	14911	8951	5065	12826
7077	9639	2403	790	2690
7078	6235	1416	1604	5802
7079	70	31	11	36
708	3953	2964	5671	7775
7080	36	0	0	10
7082	4691	1904	2214	2364
7083	1818	3795	2811	4687
7084	1119	1195	380	514
7086	16124	22112	13548	32070
7087	16	157	18	10
7088	2037	3717	1757	1752
7089	7015	2546	1642	351
7090	3360	1191	1325	3346
7091	609	825	253	215
7092	24	3	13	7
7093	83	14	26	24
7094	15938	10902	7575	11313
7095	4130	4525	2774	4066
7096	78	26	66	32
7097	284	136	31	110
7098	361	110	297	61
7099	1706	546	847	587
71	206027	188987	171023	247027
710	5609	1092	268	1572
7100	149	254	117	73
7101	3	1	0	0
7102	573	336	367	547
7103	34866	40536	48280	15690
7104	79	19	7	20
7105	7257	7125	2918	9897
7106	715	782	138	339
7107	561	564	208	405
7108	1193	1349	601	2372
7109	1510	901	1190	1565
711	0	0	0	0
7110	1950	2021	1412	1508
7111	76	9	8	24
7112	5749	4350	3291	6366
7113	5090	13236	7456	9318
7114	67591	100165	79938	77104
7115	7	9	2	6
7116	2	10	3	5
7117	125	180	53	78
7118	31	66	36	14
712	1408	457	213	1131
7120	0	0	0	0
7122	457	110	65	192
7123	94	56	31	35
7124	41	9	6	21
7125	835	572	393	225
7126	2617	1973	2329	2265
7127	1215	831	238	795
7128	1518	1150	895	1498
713	1620	387	229	1275
7130	36	8	4	52
7132	4255	6471	3176	4173
7133	2081	582	1208	2228
7134	23	79	179	76
7135	138	345	191	368
7136	20	5	2	12
7137	119	148	131	249
7138	31	32	674	640
7139	24	30	94	39
714	1525	420	249	1008
7140	4	1	0	2
7141	0	0	0	0
7142	0	1	0	0
7143	8	2	2	7
7145	4937	631	483	1865
7146	8	1	0	1
7148	702	86	86	98
715	8779	1454	628	2486
7150	6027	4388	2381	6815
7151	11	28	7	5
7153	5717	2639	4512	10761
7155	6741	5168	3690	6057
7156	1157	676	987	1563
7157	6392	4156	4417	7358
7158	2721	708	754	1445
7159	1913	1787	1193	2019
716	11165	1442	647	2799
7161	104	105	7	87
7162	704	1369	556	106
7163	5571	6883	6436	7353
7164	1272	2526	668	1880
7165	6569	7604	2521	7129
7166	38	27	19	32
7167	22916	20673	19816	34384
7168	17225	5234	5325	7778
7169	7063	4490	1525	7083
717	1107	489	792	376
7170	12791	24528	10890	19079
7171	19080	19348	18666	25159
7172	1251	2735	1787	2740
7173	32	3	11	13
7174	2876	3675	2101	3203
7175	6521	4855	4978	7077
7177	704	17	10	7
7178	75213	104772	57206	78627
7179	0	0	0	0
718	13790	2004	265	1942
7180	0	3	0	0
7181	1163	1118	875	1410
7182	2281	2250	1563	1757
7184	35964	27993	20097	36747
7185	704	1092	213	509
7186	1335	1823	733	1949
7187	2165	1157	908	3593
7188	3919	6019	5640	3828
7189	972	1226	680	1167
719	238	39	36	108
7190	17	8	2	5
72	4013	1068	1063	1997
720	1034	78	24	33
7200	1	0	0	1
7201	1	0	1	0
7203	15066	14298	8955	24977
7204	7197	4226	2610	6233
7205	6751	3854	3725	6934
721	2056	61	22	83
7216	319	41	16	87
722	148	684	789	124
7220	87	20	27	130
7221	2	0	0	2
7222	14	2	1	7
7223	76	6	3	49
7224	1	0	0	0
7225	50	18	11	54
7226	991	69	782	1869
7227	183	43	1360	69
723778	0	0	0	0
723779	0	0	0	0
723809	150	614	30	100
723961	0	0	0	0
723972	7	2	4	2
724	0	0	0	0
724022	1	0	0	0
724023	0	0	0	0
724024	0	0	0	0
724025	0	0	0	0
724026	0	0	0	0
724027	0	0	3	1
724028	0	0	0	0
724029	2	1	0	0
724030	0	0	0	0
724031	0	1	3	4
724032	0	0	0	0
724033	0	0	0	0
724038	0	0	0	0
724059	0	0	0	0
724067	0	0	0	0
724068	0	0	0	0
724087	1	3	1	6
724101	0	0	0	0
724102	1392	2599	1071	1763
7247	6765	4664	2522	5616
7248	1476	3539	993	2017
7249	6096	6666	2839	4977
725	282	609	964	175
7251	2857	4426	1830	4340
7252	1	0	0	0
7253	13	7	5	4
7257	1045	1353	809	1190
7258	0	0	0	0
7259	3159	2219	1907	2836
726	5667	13101	6342	7586
7260	1343	2031	808	2864
7262	1098	3428	1396	3926
7263	5265	8390	9090	4308
7264	5096	5271	5576	8110
7265	2305	2543	978	1945
7266	3823	3043	2583	4479
7267	9348	9697	7443	12399
7268	57	30	15	48
727	240	159	85	368
7270	779	739	372	1003
7272	424	465	531	1435
7273	607	256	293	555
7274	81	153	498	590
7275	159	12	4	93
7276	143	9	1	2
727676	0	0	0	0
727677	69	145	156	208
727682	0	0	0	0
727684	1	4	4	7
727686	0	0	0	0
727699	1	0	0	0
7277	6925	5710	2223	8513
727701	0	0	1	1
727703	1	0	0	9
727704	0	0	0	1
727708	0	0	0	0
727713	0	0	0	0
727736	0	0	0	0
727747	2	2	1	4
727758	88	36	4	46
727792	0	0	0	0
727795	24	19	15	33
7278	1	0	0	0
727800	236	1065	192	602
727805	0	0	0	1
727810	0	2	0	3
727821	6	3	0	2
727826	79	53	29	40
727828	0	0	0	0
727830	0	0	0	0
727831	17	9	3	5
727832	0	0	0	0
727833	0	0	1	0
727835	0	3	0	1
727837	0	0	0	0
727838	0	0	0	0
727842	0	1	0	1
727851	60	34	3	54
727856	0	0	0	0
727857	3	76	1	6
727859	0	0	0	1
727865	11	11	2	1
727866	0	2	0	0
727874	0	0	0	0
727879	0	0	0	0
727896	2	0	3	3
727897	4313	144	10523	2058
727905	0	0	0	0
727909	5	0	0	1
727910	369	1545	1726	735
727914	4	2	1	5
727915	0	0	0	0
727919	19	20	9	18
727924	0	0	0	0
727930	5	0	0	1
727936	152	204	6	159
727940	0	0	1	0
727941	75	0	2	0
727944	0	0	0	0
727951	0	0	0	0
727956	0	0	0	0
727957	4426	5529	3776	6465
727964	0	0	0	0
727969	0	0	0	0
727970	3	2	0	3
727982	0	0	0	0
727984	4	3	1	1
727987	0	0	0	0
727991	4	11	8	10
727993	0	0	0	0
728	172	479	131	199
7280	353	788	862	308
728002	3	2	0	2
728005	17	11	6	3
728010	1	2	2	6
728012	0	0	0	0
728015	1	1	0	1
728019	3	0	2	1
728022	0	0	0	0
728023	6	3	2	4
728026	4	7	0	5
728034	76	47	26	178
728036	0	0	0	0
728039	22	46	11	17
728040	0	0	0	0
728042	0	0	0	0
728045	0	0	0	0
728047	3	1	1	1
728048	4	3	0	1
728049	0	0	0	0
728062	0	0	0	0
728064	0	0	0	0
728066	2	4	0	3
728072	0	0	0	0
728075	0	0	0	0
728081	0	0	0	0
728082	0	0	0	0
728084	5	1	2	2
728088	9	1	0	1
728090	0	0	0	0
728095	0	1	1	1
728096	0	0	0	0
728097	0	0	0	0
728106	0	1	1	2
728111	0	0	0	0
728113	0	0	0	0
728115	5	1	1	14
728116	1	2	1	2
728118	12	6	5	11
728121	16	15	16	8
728128	10	0	1	2
728130	45	13	27	38
728132	0	0	0	0
728134	6	7	2	9
728137	0	0	0	0
728139	72	73	55	94
728143	0	1	1	2
728157	1	0	0	0
728162	1	0	0	0
728167	1	7	1	3
728169	0	0	0	0
728170	9	4	0	5
728175	38	48	23	34
728178	25	58	9	20
728179	0	0	0	0
728190	958	968	765	1042
728192	115	80	81	186
728194	0	1	0	0
728195	0	0	0	0
728196	0	0	0	0
728202	6	5	1	3
728207	1	2	1	0
728215	36	6	4	16
728218	6	0	0	0
728224	0	0	0	0
728226	0	0	0	0
728228	11	10	1	5
728229	4	10	11	6
728231	0	0	0	0
728233	124	257	248	129
728234	1	0	0	0
728239	0	1	0	0
728248	0	0	0	0
728255	1	0	0	0
728262	16	18	13	155
728263	0	3	2	15
728264	1421	160	58	370
728269	0	0	0	0
728276	0	12	1	4
728279	0	0	0	0
728290	26	0	7	0
728294	1881	3068	1088	1894
728299	0	0	0	0
7283	1308	1257	1186	2132
728300	6	5	2	4
728310	0	0	1	1
728315	3	3	2	2
728317	0	0	0	0
728318	4	1	0	0
728323	47	39	28	54
728324	67	93	10	46
728327	0	0	0	0
728333	0	0	0	0
728339	9	21	2	6
728340	211	80	73	151
728342	121	187	119	78
728343	0	0	0	0
728344	1	3	0	2
728350	18	16	0	13
728358	0	0	0	0
728361	1	9	4	2
728365	0	0	0	0
728366	1	0	1	1
728369	0	0	0	0
728373	0	0	0	0
728374	7	3	1	1
728377	406	298	290	439
728378	3	3	0	4
728379	0	0	0	0
728380	6	1	0	1
728381	0	0	2	2
728386	0	0	0	0
728388	0	0	0	0
728393	0	0	0	0
728395	0	0	0	0
7284	9646	12786	8463	16109
728400	0	0	0	0
728402	0	2	0	2
728403	0	0	0	0
728405	0	0	0	0
728407	117	60	85	175
728409	1	0	0	0
728410	0	0	0	0
728411	295	190	108	205
728418	0	1	0	0
728419	0	0	0	0
728430	10	1	4	0
728431	133	337	98	151
728432	0	0	0	0
728433	0	0	0	0
728434	27	11	9	3
728441	3	1	1	1
728447	0	0	0	0
728448	210	208	108	116
728450	0	1	0	0
728458	0	0	0	0
728463	1	0	0	1
728464	31	1	2	2
728467	1	0	2	0
728468	0	0	0	0
728477	12	0	2	10
728484	2	2	0	1
728486	7	4	4	14
728489	4	11	11	11
728492	19	24	15	18
728493	0	0	0	0
728495	0	0	0	0
728498	20	7	5	2
728501	27	23	13	33
728505	0	0	0	0
728509	1	2	0	0
728513	0	0	0	0
728517	0	0	0	0
728519	21	13	4	4
728524	0	0	0	0
728532	17	18	5	10
728535	3	1	0	0
728537	137	131	89	143
728538	1	1	0	1
728549	0	1	0	0
728556	42	32	38	36
728558	90	54	38	75
728562	2	3	3	2
728564	1	8	7	9
728567	3	2	0	2
728568	415	496	282	600
728572	3	3	1	2
728576	13	16	2	7
728577	28	0	1	6
728586	36	71	31	36
728588	1	1	0	0
728589	20	12	22	30
728590	14	9	1	16
728591	5	26	0	1
728597	1	1	0	0
728599	1	2	0	0
7286	2430	3212	1058	2236
728602	0	0	0	0
728606	1	0	0	0
728609	665	468	199	536
728611	0	1	36	51
728613	196	372	172	137
728614	0	0	0	0
728615	0	1	0	0
728619	1	3	2	3
728620	1	0	0	1
728621	136	94	87	121
728622	1	1	1	0
728629	1	0	1	0
728632	23	11	3	7
728633	0	0	0	0
728635	3	0	6	2
728637	0	0	0	0
728638	552	133	76	243
728640	0	1	2	2
728641	10	17	3	18
728642	203	128	77	191
728643	4	2	1	0
728655	270	33	51	55
728656	0	0	0	0
728658	817	779	147	461
728661	2690	1997	1362	1579
728664	1	0	0	0
728666	14	49	24	32
728673	67	12	10	9
728675	0	0	0	0
728689	29	25	59	75
728695	0	0	0	1
728698	5	7	2	5
7287	12	5	2	2
728700	1	2	0	4
728706	3	4	3	4
728710	0	0	0	0
728712	0	0	0	0
728716	34	0	0	1
728723	43	67	17	35
728729	3	1	1	1
728730	399	449	206	330
728732	3	1	0	4
728734	1	0	0	0
728737	3	11	1	2
728741	1	12	3	21
728746	0	0	0	0
728747	0	1	7	3
728748	2	0	0	0
728752	66	34	21	30
728753	0	0	0	0
728755	0	0	0	0
728758	6	3	1	5
728763	8	2	190	22
728769	458	708	226	235
728770	0	0	0	0
728773	1	0	0	0
728774	0	0	0	0
728776	25	17	11	26
728780	415	608	165	179
728782	19	12	3	18
728791	5	5	0	9
728798	0	0	0	12
7288	2	8	4	6
728806	4	9	13	3
728815	0	0	0	0
728819	60	53	0	1
728820	2	3	1	3
728825	8	9	0	4
728833	11	14	9	77
728841	252	92	110	409
728843	3	1	0	0
728851	18	12	5	7
728855	415	64	61	80
728858	3	9	5	3
728873	1	1	1	2
728882	13	13	4	34
728887	0	0	0	0
728888	41	152	78	71
7289	1021	1046	613	1194
728911	0	0	0	0
728913	0	0	1	0
728917	0	4	0	4
728920	0	0	0	0
728921	0	0	0	0
728927	1094	994	507	1048
728929	0	0	0	0
728931	3	2	0	3
728933	0	0	0	0
728938	5	1	0	1
728945	0	0	0	0
728947	2	0	0	2
728953	15	15	7	14
728957	0	0	0	0
728962	2	0	0	0
728963	23	6	5	9
728970	0	0	0	0
728971	0	2	0	1
728975	134	530	93	181
728978	1	31	60	9
728990	1	1	0	0
728992	22	18	7	20
728996	0	0	0	4
729	7	9	4	9
7290	765	497	445	877
729004	3	3	3	6
729009	35	131	12	42
729012	1	1	2	5
729013	227	414	113	275
729020	2	0	0	8
729023	0	0	0	3
729025	1	0	0	0
729032	0	0	0	0
729041	21	10	10	16
729042	1	1	0	0
729046	18	31	9	26
729050	1	3	0	0
729056	1	0	1	0
729057	1	3	4	0
729059	16	0	1	2
729073	15	18	1	28
729075	0	0	0	1
729079	1	1	0	0
729082	2580	2326	2692	2900
729083	2	0	2	4
729085	28	8	2	4
729092	6	5	10	4
729096	15	10	18	24
729097	22	7	3	6
7291	45	31	5	39
729101	0	1	0	1
729102	2	2	0	0
729119	5	0	1	1
729121	0	0	0	0
729123	4	1	0	1
729131	19	4	7	7
729146	12	11	12	14
729148	54	30	20	75
729150	1	1	4	2
729156	1	3	3	2
729159	0	0	0	0
729163	6	1	1	1
729171	0	0	0	0
729176	1	3	0	0
729177	16	6	0	0
729178	50	98	89	16
729182	2	1	0	2
729188	13	12	1	1
729196	2	10	1	5
729198	1	0	0	0
7292	62	50	7	70
729201	0	1	0	1
729203	1	2	0	0
729208	3	7	2	7
729209	0	0	0	0
729211	7	5	3	3
729212	163	185	54	93
729215	0	0	0	0
729224	1	1	0	1
729230	108	13	1	8
729233	0	0	0	0
729234	128	179	67	261
729236	50	74	6	32
729238	37	76	364	22
729240	0	0	0	0
729241	1	5	0	1
729246	0	0	0	0
729248	1	0	1	2
729249	6	4	5	23
729250	0	0	0	0
729252	0	0	0	0
729259	4	1	1	1
729262	9	2	1	3
729264	0	0	0	0
729277	1	0	0	0
729288	58	17	17	52
729298	1	1	0	1
729299	0	0	0	0
7293	237	58	19	75
729301	6	7	11	7
729305	1	0	0	1
729307	0	0	0	0
729308	0	0	0	0
729310	0	0	0	0
729313	2	4	1	3
729317	23	47	8	20
729321	0	0	0	0
729323	0	0	0	0
729327	1	1	0	0
729330	0	0	0	0
729332	1	0	0	0
729338	8	0	5	14
729340	29	29	13	26
729342	10	5	2	2
729344	28	8	4	5
729347	1	0	0	0
729348	0	0	0	1
729349	3	5	3	4
729355	0	0	0	0
729356	0	0	0	0
729359	50	1626	88	56
729362	882	520	292	1022
729366	0	1	0	1
729375	66	109	83	99
729384	0	0	0	0
729389	33	21	14	41
729391	0	1	1	0
729392	0	0	0	0
729396	0	0	0	0
729399	2	1	2	0
7294	96	26	59	19
729402	173	329	197	291
729403	6	7	1	6
729406	0	2	2	0
729409	15	2	3	4
729412	4	1	1	3
729416	25	36	2	32
729420	1	0	0	0
729422	0	0	0	0
729423	6	0	3	2
729428	0	0	0	0
729431	0	0	0	0
729435	0	0	0	0
729438	536	838	294	641
729440	648	1237	397	534
729442	0	0	0	0
729447	0	0	0	0
729449	3	15	4	3
729450	0	0	0	0
729451	0	1	1	7
729453	0	2	0	1
729454	0	0	0	0
729458	0	0	0	0
729461	0	0	0	0
729468	3	0	0	0
729475	8	17	23	41
729484	3	5	0	2
729486	0	17	20	5
729490	0	0	0	0
729493	6	7	1	2
729494	23	33	6	12
729495	0	1	0	0
729497	1	1	0	0
7295	15597	19132	7272	15449
729500	7	7	8	19
729501	0	0	0	0
729505	0	0	0	1
729506	0	0	0	0
729515	654	742	536	770
729522	1	0	1	7
729524	0	0	1	0
729528	0	1	0	0
729530	3	0	0	1
729533	30	22	38	140
729535	17	2	6	16
729536	3	7	0	0
729540	0	1	0	0
729561	19	6	4	20
729564	9	3	6	13
729565	14	6	6	6
729566	0	0	0	0
729582	7	1	1	1
729583	6	22	5	10
729595	5	9	6	15
729597	28	31	21	52
7296	5163	7003	3816	5156
729602	9	30	2	13
729603	0	0	0	0
729608	1	1	0	0
729610	7	3	2	10
729611	0	1	1	1
729614	196	159	77	135
729617	0	0	0	0
729621	1	0	0	1
729627	0	0	0	0
729630	0	0	0	1
729633	1	1	1	2
729635	0	0	0	0
729646	38	29	5	18
729648	1	1	2	3
729650	0	0	0	0
729652	1	4	0	3
729658	0	0	1	0
729659	3	1	0	0
729662	10	2	3	3
729665	51	15	6	38
729666	8	3	2	22
729667	0	0	0	1
729668	0	0	0	0
729674	25	21	6	24
729677	4	5	3	10
729678	140	178	52	164
729682	0	0	0	0
729686	1	0	0	0
729687	2	0	0	1
729689	2	0	3	10
7297	4417	4966	2509	3781
729708	62	42	19	35
729723	28	51	14	25
729727	0	0	1	0
729739	5	0	0	2
729747	9	21	10	19
729756	1	1	0	0
729759	0	0	0	0
729760	1	0	0	0
729764	0	0	0	0
729767	1	19	1	26
729769	0	0	0	0
729779	1	0	0	0
729786	0	0	0	0
729789	9	7	2	5
729790	0	0	0	0
729798	0	0	0	0
729799	32	19	21	21
7298	248	87	141	328
729806	1308	1594	824	881
729809	0	1	2	0
729816	1	0	0	0
729817	1	0	0	0
729828	0	0	0	0
729830	965	624	799	917
729835	1	0	0	0
729838	3	0	0	1
729852	530	836	324	603
729856	0	0	0	0
729857	0	0	0	1
729859	2	3	0	1
729862	0	0	0	0
729873	0	0	6	0
729877	0	0	0	0
729894	0	0	0	0
729898	2	4	14	27
7299	39	0	0	0
729909	4	2	0	4
729911	0	0	0	0
729920	139	111	72	104
729944	0	0	0	3
729948	27	4	30	26
729950	21	49	3	5
729952	3	1	0	0
729956	1	0	2	5
729960	1	0	0	0
729962	0	0	0	0
729966	4	8	469	6
729967	314	285	258	348
729970	187	112	74	171
729974	1	1	0	0
729978	82	39	4	4
729987	0	0	0	0
729991	335	476	280	338
729993	8	1	2	176
73	20	19	5	7
730	799	53	15	267
7300	0	0	0	0
730005	11	1	2	1
730010	8	17	6	12
730013	31	51	12	32
730016	1	1	0	0
730021	2	0	0	0
730023	7	14	0	0
730029	10	9	4	3
730041	2	1	1	2
730043	2	0	3	0
730051	802	1918	329	572
730052	7	5	2	3
730058	0	0	0	0
730061	0	2	0	0
730069	33	30	5	19
730086	3	3	0	4
730087	10	36	4	1
730091	27	170	23	45
730092	861	1624	317	744
730094	472	480	203	511
7301	340	336	164	798
730102	1315	1473	5296	2157
730109	0	0	0	0
730112	8	33	5	44
730129	0	0	0	0
730130	2	0	0	0
730138	6	18	4	11
730144	5	4	3	0
730152	0	0	0	0
730153	4	18	5	5
730159	0	0	0	0
730174	4	0	0	1
730180	1	1	0	1
730187	5	13	2	14
730190	1	1	1	1
730196	0	0	0	0
730198	0	0	0	0
7302	1	1	2	2
730202	49	76	23	49
730211	1	4	0	1
730213	5	1	0	0
730222	298	449	320	369
730227	5	5	1	3
730232	0	0	0	2
730239	4	2	6	6
730246	15	9	8	7
730249	0	0	0	0
730255	0	2	3	0
730262	1	1	0	0
730268	0	0	0	0
730291	0	0	0	0
7305	600	172	74	249
7306	167	2	12	7
730647	2	0	0	0
7307	4	107	119	90
730747	10	13	5	7
730755	0	0	0	3
730792	0	0	0	0
730811	0	0	0	0
730861	0	0	0	1
730888	2	0	0	0
730971	8	8	4	7
730974	0	0	0	0
730978	3	0	0	3
730993	0	0	0	0
731	0	1	0	0
7310	0	0	0	0
7311	23767	28122	15609	30220
731220	11	2	5	8
731223	2	8	7	9
731275	11	7	2	45
731308	0	1	0	0
7314	8234	6257	5423	7808
731424	1	0	1	1
7315	8	6	1	5
7316	24465	33533	15108	21059
731605	3	0	1	1
731642	2	4	0	2
731656	36	42	22	39
731688	5	7	0	6
7317	21321	15407	13303	24675
731741	1	1	0	0
731755	0	0	0	0
731779	2	0	7	0
731789	1	0	0	1
7318	3038	2472	1030	768
7319	3621	3367	2621	5966
732	0	1	0	0
7320	2776	4275	1339	2307
7321	1055	1121	706	1194
732199	1	6	3	0
7322	4390	4755	2387	4420
732253	1	0	0	0
732265	0	0	0	0
732275	0	0	0	0
7323	9020	5897	5748	8910
7324	661	474	393	805
732448	0	1	0	0
7325	133	52	20	129
732538	1	2	0	1
7326	1778	1084	1527	2003
7327	4284	6704	3614	5489
7328	9299	5141	4051	6926
7329	3928	4983	2184	4030
733	29	136	32	41
7332	3641	2816	2439	3558
7333	5	10	4	3
7334	4405	4694	3927	6098
7335	121	179	64	154
7336	2017	1846	2119	3775
7337	3446	1393	1904	2630
7339	0	0	0	0
734	1025	857	685	1741
7341	3929	4752	2065	5131
7342	4063	4613	3346	5449
7343	8023	4577	3369	6444
7345	164	47	5	13
7347	110	215	84	78
7348	0	6	1	4
7349	88	142	46	104
735	5	8	9	2
7350	1	2	0	0
7351	2954	1048	1736	787
7352	61	77	19	40
7353	1849	1243	842	1553
735301	82	171	67	104
7355	2419	3390	1888	4649
7356	2	1	0	2
7357	1514	1688	697	1418
7358	2500	1451	1568	2092
7360	3901	4096	3043	5723
7363	4	32	1	1
7364	418	31	23	16
7365	2	4	0	2
7366	21	15	65	5
7367	100	303	650	10
7368	3483	1616	2028	2509
7369	0	0	0	0
7371	1876	2348	1132	3266
7372	1769	1829	1393	3067
7373	5149	307	242	1077
7374	2969	2496	1977	3546
7375	3177	3169	1031	2511
7376	3010	4115	2848	2561
7378	909	2287	614	1449
7379	8	8	1	78
738	6302	7063	2478	7625
7380	13	96	97	101
7381	6579	7239	6196	9959
7384	10295	20944	10971	10964
7385	8609	12265	6787	12969
7386	3117	3958	3055	4302
7388	7033	7662	3923	8858
7389	1289	1229	906	1259
7390	1552	1375	831	2174
7391	2069	2526	997	1826
7392	4397	5033	2417	3328
7398	2037	847	1241	2076
7399	14	10	9	5
74	0	0	0	0
740	2335	2036	1333	3517
7401	0	0	0	0
7402	4629	1951	1496	878
7403	2235	813	838	1508
7404	1	1694	0	26
7405	794	1170	435	1438
7407	7630	6493	4715	7834
7408	7985	13707	9414	8497
7409	349	631	48	143
741	450	515	256	517
7410	4358	1300	108	4511
7411	2071	1452	956	3328
7412	851	117	28	250
7414	6371	3756	7849	8350
7415	15549	15007	9433	21915
7416	19331	18831	12298	20576
7417	2874	4352	2938	6134
7418	0	1	0	1
7419	4982	2518	4631	4209
7421	3744	4659	3386	4872
7422	7445	10029	3087	17843
7423	2685	4460	940	2454
7424	166	55	9	84
7425	281	232	21	32
7428	2022	2199	1251	2123
7429	21957	14007	10473	15113
7430	14111	21596	18203	23600
7431	6120	2059	832	2913
7432	300	263	1	19
7433	2219	5373	867	591
7434	64	12	2	10
7436	338	16	130	149
7439	76	35	23	153
744	47	6	0	12
7441	0	0	0	0
7442	204	503	221	306
7443	642	416	595	1485
7444	601	404	455	920
7447	349	577	375	3117
7448	14	291	1	11
745	1882	1622	1486	1637
7450	4493	1003	950	2705
7451	16	2	3	12
7453	3944	1656	1962	5586
7454	331	137	68	107
7455	0	2	1	0
7456	1383	360	188	626
7458	13343	7746	7002	15710
746	1779	2285	1170	2532
7461	6894	5564	2574	3789
7462	548	119	67	285
7464	2279	3829	2077	3612
7465	1838	1377	1233	2693
7466	7046	850	1504	2852
7468	6106	2196	2452	6942
7469	3563	1956	1507	2772
747	2100	2315	645	1665
7471	3	18	3	0
7472	269	151	16	138
7473	205	200	30	515
7474	2191	228	787	457
7475	1330	16	0	17
7476	2	5	0	1
7477	19	0	3	105
7478	0	0	0	0
7479	4	6	4	26
7480	42	79	12	134
7481	1813	152	1047	1070
7482	589	243	112	166
7483	127	22	24	19
7484	19	2	0	1
7485	416	724	222	642
7486	1445	482	1023	892
7490	188	2	24	352
7494	14323	4492	5201	4847
7495	20	12	8	5
7498	822	579	790	490
7499	31	3	22	389
75	32	49	19	27
750	18	14	12	11
7500	0	0	0	0
7503	20121	13	4966	2
7504	1410	2163	1570	2079
7507	514	651	259	610
7508	1317	672	630	789
751071	86	110	137	305
7511	3405	3167	2721	5084
7512	1632	1	7	51
7514	7108	6046	4259	11583
7515	1520	1600	883	1166
751580	118	139	39	87
751599	1	0	0	1
7516	323	255	214	1146
7517	700	714	389	2302
7518	449	464	186	399
751837	1	0	0	0
752	795	303	124	275
7520	16764	11413	7621	19705
752014	0	0	0	0
7525	1791	1906	1128	2590
7526	5	1	5	4
7528	4889	4225	3376	5600
7529	19154	23168	7959	28842
753	1668	402	346	151
7531	15387	13786	17160	20108
7532	12584	9141	6972	14553
7533	5115	4044	4016	6176
7534	40527	42138	46291	55429
7535	534	153	66	58
7536	11730	11003	6257	13118
7538	5272	13590	3952	8575
7539	185	34	29	74
754	11523	21972	9710	12319
7541	651	338	222	378
7542	185	230	100	154
7543	2125	755	912	1597
7544	0	839	0	18
7545	2	2	0	0
7546	0	3	224	132
7547	0	0	0	0
7549	264	232	118	284
755	265	384	190	335
7551	4721	2201	1367	2947
7552	733	562	913	674
7553	1059	1286	744	1581
7554	471	577	375	614
7555	11878	11785	7462	14957
7556	377	283	312	264
7559	2280	2526	803	1987
7561	332	397	194	316
7562	433	339	202	278
7564	552	555	463	802
7565	153	167	90	150
7566	420	330	412	348
7567	217	263	70	180
7568	18	35	16	15
7569	591	474	238	734
757	1657	2309	1272	1664
7570	948	948	606	853
7571	55	70	43	53
7572	2573	1649	1221	2216
7574	896	1066	640	998
7576	741	996	588	1038
7577	2	0	0	2
7579	224	102	65	198
758	0	0	0	0
7580	789	1040	301	830
7581	2200	2845	1851	2077
7582	2017	3171	1345	2558
7584	276	334	175	261
7586	18725	6663	6064	9625
7587	1059	1003	876	1295
7589	301	194	131	337
759	2	43	248	6
7592	691	552	433	1022
7593	1588	2395	1057	1268
7594	637	1060	13	17
7596	608	296	315	428
7597	618	458	290	882
760	655	1803	1969	573
7608	43	57	31	61
761	38	61	50	26
7617	68	148	52	79
762	2	52	367	2
7620	662	2150	474	416
7621	291	166	122	311
7625	1508	632	436	1250
7626	1523	1054	538	1592
7627	317	670	174	374
7628	0	0	0	0
7629	1725	1721	905	1437
763	3	1	2	0
7633	220	201	110	211
7634	10	2	1	1
7637	2900	1756	817	1190
7638	41	23	22	25
7639	198	258	18	189
764	0	0	0	0
7643	58	236	3	150
7644	1544	1054	938	894
765	17	0	0	4
7652	4	0	0	0
766	14	18	56	43
7661	0	1	0	0
767	299	25	110	381
7673	103	96	43	61
7675	2245	2704	1644	3608
767557	2	1	0	1
767561	0	0	0	0
767562	0	0	0	0
767563	0	0	0	0
767564	0	0	0	0
767565	0	0	0	0
767566	0	0	0	0
767567	0	0	0	0
767568	0	0	0	0
767569	0	0	0	1
767577	0	0	0	0
767578	0	0	0	0
767579	0	0	0	0
767580	0	0	0	0
767581	0	0	0	0
767582	0	0	0	0
767583	0	0	0	0
767585	0	0	0	0
767588	0	0	0	0
767589	0	0	0	0
767590	0	0	0	0
767591	0	0	0	0
767592	0	0	0	0
767593	0	0	0	0
767594	0	0	0	0
767595	0	0	0	0
767596	0	0	0	0
767597	0	0	0	0
767598	0	0	0	1
767599	0	0	0	0
767600	0	0	0	0
767603	0	0	0	0
767604	0	0	0	0
767605	0	0	0	0
767606	0	0	0	0
767608	0	0	0	0
767609	0	0	0	0
767610	0	0	0	0
767611	0	0	0	0
767612	0	0	0	0
7678	284	326	250	414
767846	11	2	3	7
767850	1	1	0	0
767851	3	0	3	1
767853	0	0	0	0
768	1039	95	361	2292
768086	2	4	0	0
768096	24	91	45	62
768097	8	29	43	6
7681	2	0	2	6
7682	4	4	0	0
768206	36	41	10	15
768211	437	342	120	477
768212	0	0	0	0
768213	0	0	0	0
768214	0	0	0	0
768215	0	0	0	0
768216	0	0	1	0
768217	0	0	0	0
768218	0	0	0	1
768219	0	0	0	0
768220	6	7	3	3
768222	0	0	0	0
768239	0	0	0	2
7683	8	14	6	11
7686	0	0	0	1
7690	1651	1263	713	1713
7691	92	66	74	159
7692	1238	1487	386	1512
7693	134	437	30	52
7694	63	6	6	20
7695	435	438	168	290
7696	147	292	121	185
7697	475	547	196	672
7699	963	610	371	559
770	186	93	53	159
7700	864	737	328	759
7701	1864	1508	976	2224
7702	564	546	303	548
7703	1014	895	431	856
7704	69	35	102	23
7705	4994	3027	2955	4749
7706	2990	3857	2527	3769
7707	1830	1694	1132	2074
7709	1284	921	458	778
771	5667	25777	14967	4832
7710	100	51	14	74
7711	86	81	36	53
7712	3	0	1	0
7716	3298	1713	1372	1972
7718	150	160	215	564
7726	3524	5586	2201	4087
7727	329	471	165	444
7728	460	299	121	297
773	59	20	9	28
7730	2	0	0	0
7732	67	449	12	69
7733	456	289	200	390
7737	1427	1095	437	1912
7738	464	411	242	462
7739	2089	1254	2096	2148
774	11	0	1	2
7741	497	449	114	301
7743	1539	1098	463	722
7745	1786	1484	737	1388
7746	742	646	254	504
7748	2541	2113	1039	2316
775	871	1244	2133	373
7750	3921	5227	2698	4176
7752	551	628	329	630
7753	1238	1139	480	1235
7754	288	612	165	182
7755	579	994	289	649
7756	7223	7011	4732	7615
7757	16	2	1	3
776	1465	663	546	848
7760	908	1393	599	1130
7761	102	64	18	86
7762	304	306	229	360
7763	5324	5262	2646	4138
7764	3308	4657	974	2382
7766	55	37	87	27
7767	709	910	399	400
7768	238	170	143	100
7769	864	1011	392	539
777	16	1	6	11
7770	423	313	231	311
7771	261	290	95	145
7772	24	2	8	12
7773	185	244	115	126
7775	541	393	392	381
7776	590	398	302	585
777774	0	0	0	0
7779	2309	1952	1922	1958
778	72	63	36	12
7780	119	51	5	30
7781	6	3	0	19
7782	483	308	164	288
7783	17	4	0	8
7784	675	748	471	1432
7786	409	196	79	231
7789	238	154	74	233
779	12	1	8	4
7791	12176	8657	5500	9005
7798	2946	1275	1606	2196
7799	2808	1164	1594	1694
780	16295	20296	9721	15574
7802	109	14	157	128
7803	8	9	11	1
7804	669	317	741	1893
7805	1668	460	270	657
780776	43	56	15	28
780810	1	0	0	0
780811	0	1	0	0
780812	0	0	1	0
780813	7	4	0	7
780814	18	10	12	10
780815	0	0	0	0
780816	0	0	0	0
780851	59	174	94	109
780852	1	0	0	0
780853	0	0	0	0
780854	0	0	0	0
7809	0	0	1	1
781	152	22	12	63
7812	21839	9029	11114	15379
7813	1041	485	497	838
7818	4104	5190	2983	7597
782	350	536	205	385
7827	3	37	6	0
783	224	154	188	87
7832	9975	8105	3351	6425
7837	2559	365	534	1254
784	2744	3794	2193	2258
7840	1397	691	654	2257
7841	6627	6305	2371	6054
7844	1637	2554	1163	1611
7845	0	0	0	0
7846	4166	2107	1689	1605
7849	1058	71	61	52
785	143	20	41	6
7850	125	321	566	513
7851	244	143	274	481
7852	1424	629	600	602
7855	3012	5487	2096	4667
7857	242	132	43	693
786	1	1	0	5
7862	1358	1340	965	1584
7866	3139	3943	2152	4337
7867	2814	4165	1972	4634
7869	1241	7107	6034	2266
7871	2663	2637	2005	2460
7873	2992	3742	1822	3837
7874	8481	10273	5147	10452
7879	10040	15194	7594	14912
788	744	1174	562	494
7881	52	55	28	27
7884	2548	1323	1397	3517
789	0	0	0	0
78986	28	9	1	6
78987	126	268	95	70
78988	2048	4069	2080	2278
78989	39	21	4	115
78990	114	86	266	241
78991	890	538	669	517
78992	2019	1959	1307	1786
78994	1920	3078	1261	2685
78995	295	275	255	646
78996	650	357	235	626
78997	7	8	0	8
78998	62	59	37	119
78999	1169	4008	910	2338
790	6365	3353	2393	10375
79000	151	261	138	387
79001	202	333	140	288
79002	4099	6881	3529	5643
79003	621	540	541	672
79004	2237	1863	1274	3094
79005	933	1521	508	1071
79006	266	2687	586	1734
79007	500	2698	890	1537
79008	0	0	2	3
79009	2099	1555	1136	2857
79012	45	17	2	243
79015	0	0	0	0
79016	1471	3082	1858	2116
79017	1282	2195	1201	2915
79018	511	582	542	835
79019	435	249	416	888
79020	11	27	3	12
79022	7057	7628	3366	5327
79023	1554	768	610	1367
79024	1	3	6	4
79025	16	343	28	78
79026	21115	25964	28882	20692
79027	2360	388	865	613
79029	893	338	449	715
7903	236	78	36	101
79031	1309	1434	725	1949
79033	1672	1224	3822	2111
79034	2077	2206	730	1523
79035	2553	2295	1487	2694
79036	1477	1958	1097	2559
79037	10	8	2	2
79038	969	859	744	1710
79039	5220	3505	3473	5479
79041	95	449	89	505
79042	1755	3412	1641	3746
79047	1175	1235	209	809
79048	3381	4234	1735	3765
7905	6492	9396	4470	5572
79050	2149	1797	1062	1768
79053	1700	2273	940	2216
79054	19	0	7	6
79055	0	0	0	0
79056	647	1430	507	1628
79057	25	6	2	8
79058	3509	4045	1088	2206
79064	629	1279	473	916
79065	1224	1016	675	1564
79066	1602	694	960	1716
79068	1493	1078	766	1149
79070	194	147	60	189
79071	1572	710	1120	1823
79072	309	468	228	682
79073	4406	4045	2750	7693
79074	1137	874	547	1463
79075	371	243	431	1253
79077	1660	2241	1563	3243
79078	108	61	45	60
79080	1097	1144	705	2092
79081	107	65	70	105
79083	5376	5036	3508	1401
79084	1841	1363	835	1330
79085	1537	5413	3797	1834
79086	1209	1402	820	1677
79087	544	429	232	586
79088	1023	496	259	505
79089	2378	3664	1835	2044
79090	1308	2251	1587	1667
79091	596	700	297	747
79092	121	590	164	307
79094	174	213	83	639
79095	1839	6392	1616	2633
790952	0	1	0	0
790955	290	629	231	653
79096	2614	1890	1651	2190
79097	0	0	0	0
79098	2742	3902	1950	2509
79100	4	0	0	1
79101	4788	3594	2194	5770
79102	1053	954	638	2158
79104	3	0	0	5
79109	3001	3193	1628	3805
791114	1	0	3	0
791115	0	0	0	0
7913	7086	6997	4254	10280
79132	985	492	401	316
79133	1310	1161	389	691
79134	3626	2811	1182	4977
79135	448	486	401	1548
79136	20	16	8	9
79137	5630	9145	3053	6557
79139	3455	3873	3720	6154
79140	170	124	86	152
79142	1426	1023	1517	1966
79143	3735	7342	3450	5060
79144	16410	45389	8475	8427
79145	1249	2531	1586	3424
79147	819	392	386	727
79148	91	1222	1072	219
79149	168	201	141	195
7915	1151	2064	460	2074
79152	2327	3221	1917	1555
79153	143	875	483	182
79154	702	1946	1520	1555
79155	2276	2086	881	2878
79156	158	428	73	124
79157	730	908	693	761
79158	3435	2124	2098	2599
79159	266	324	191	170
7916	17009	12001	8631	21904
79160	11	3	1	4
79161	1069	906	361	1173
79165	391	580	201	528
79166	1	2	0	1
79167	0	0	0	0
79168	31	3	8	45
79169	884	1457	581	1185
7917	10453	13393	6378	11679
79170	5528	8522	5243	10457
79171	3790	5608	2508	3930
79172	441	345	256	1005
79173	144	804	513	164
79174	1441	1490	844	1302
79175	1016	721	365	874
79176	642	1304	506	852
79177	444	441	328	509
79178	227	52	73	148
7918	743	882	337	793
79180	7828	6769	5428	7413
79183	1714	798	462	2155
79184	2379	1903	1598	3935
79187	28	40	10	64
79188	3027	6110	2373	3422
7919	4853	6458	2390	6279
79190	3	0	0	0
79191	98	6	4	5
79192	0	0	0	0
7920	154	188	61	90
7922	7395	7870	3869	7744
79228	1348	1184	630	2090
7923	455	683	467	807
79230	465	422	334	431
79231	0	0	0	0
79232	8	0	0	0
79258	136	170	40	33
79269	1816	1538	1092	2679
79272	0	0	0	0
79273	0	0	0	0
79274	0	0	0	0
79282	0	0	0	0
79283	0	0	0	0
79289	1	0	0	0
79290	5	4	3	3
79291	0	0	0	0
79294	0	0	0	0
79295	0	0	0	1
79296	0	0	0	0
79297	0	0	0	0
79299	0	0	0	0
793	26	7	15	2444
79300	0	0	0	0
79301	0	0	0	0
79302	0	0	0	0
79306	0	0	0	0
79308	0	0	0	0
79309	0	0	0	0
79310	0	0	0	0
79312	0	0	0	0
79313	0	1	0	0
79314	0	0	0	0
79315	28	8	77	6
79316	0	0	0	0
79317	0	0	0	0
79318	0	0	0	0
7932	0	4	1	2
79321	0	0	0	0
79322	0	0	0	0
79323	0	0	0	0
79324	0	0	0	0
79331	0	0	0	0
79334	0	0	0	0
79336	0	0	0	0
79339	0	0	0	2
79342	0	0	0	0
79345	0	0	0	0
79346	0	0	0	0
7936	3008	4660	1578	3273
79363	229	96	82	172
79364	1617	1839	1114	1889
79365	793	1706	812	244
79366	317	145	326	512
79368	97	49	7	2
79369	23	58	68	60
79370	1196	781	988	2177
794	138	116	1	672
7940	225	97	20	104
79400	8	0	7	5
7941	160	41	11	63
79411	675	377	120	202
79412	38	126	6	80
79413	10	7	1	23
79414	951	867	536	724
79415	3503	4958	1516	3146
7942	958	1489	664	833
79441	766	478	319	789
79442	545	233	52	214
79443	3431	1598	1541	1356
79444	35	10	4	21
79446	423	189	188	368
79447	419	496	325	590
79465	153	441	203	561
79469	26	6	9	7
79470	1	0	0	0
79473	0	0	0	0
79476	0	0	0	0
79482	0	0	0	0
79483	0	0	0	0
79488	0	0	0	0
79490	0	0	0	0
79491	0	0	0	0
79492	0	0	0	0
79494	0	0	0	0
79498	0	0	0	0
79499	0	0	0	0
795	0	1	0	2
79501	0	0	0	0
79504	0	0	0	0
79508	0	0	0	0
79512	3	6	5	1
79513	0	0	0	0
79514	0	0	0	0
79515	0	0	0	0
79518	0	0	0	0
79521	0	0	0	0
79523	0	0	0	0
79525	0	0	0	0
79526	0	0	0	0
79528	0	0	0	0
79529	0	0	0	0
79530	0	0	0	0
79532	0	0	0	0
79533	0	0	0	0
79534	0	0	0	0
79537	0	0	0	0
79538	0	0	0	0
79540	0	0	0	0
79541	3	2	1	0
79544	0	0	0	0
79546	0	0	0	0
79547	0	0	0	0
79549	2	0	0	0
7955	22	63	0	103
79550	0	0	0	0
79567	1429	2547	504	2807
79568	640	717	381	861
7957	210	115	104	109
79570	2	0	0	12
79571	2448	1365	988	2707
79572	4826	4316	2664	8173
79573	883	1718	535	1111
79574	9656	10670	8977	7840
79575	161	215	66	137
79576	1249	715	445	1674
79577	1595	1211	1192	1485
79581	4562	5017	8944	5416
79582	812	879	76	586
79583	376	328	261	645
79585	559	1063	265	659
79586	9214	8313	3179	8795
79587	3304	5295	2144	3798
79589	8210	3352	2338	4458
79590	2592	4793	1992	3089
79591	1557	1692	1469	1936
79594	1395	1035	781	1327
79595	1777	1594	899	1993
79596	555	847	345	548
79598	383	218	245	461
796	308	3	73	8
79600	1983	991	527	1590
79602	5502	7291	5128	6276
79603	212	76	11	346
79605	236	240	4	96
79607	1060	1291	609	1079
79608	55	5	2	6
79609	273	224	190	321
79611	177	13	9	25
79612	788	805	561	780
79613	634	585	260	917
79616	486	174	115	162
79618	904	520	570	472
79621	1907	1920	992	1689
79622	827	1215	652	1821
79623	17	2	1	3
79624	1222	818	571	1045
79625	474	28	121	104
79626	85	31	19	33
79627	498	470	274	282
79628	1140	2577	986	2023
79629	346	895	692	684
79630	185	109	61	119
79631	2158	892	1063	1247
79632	32	6	2	9
79633	849	111	120	317
79634	659	764	481	894
79635	182	127	22	129
79637	761	1653	646	939
79639	505	308	484	520
79640	1037	415	450	754
79641	493	1003	350	375
79642	474	31	178	577
79643	701	792	350	625
79644	816	525	441	614
79645	9	2	2	1
79646	3560	3441	3532	3940
79647	2582	988	1314	2132
79648	1056	297	754	641
79649	283	177	286	1138
7965	922	1136	580	1600
79650	2018	3234	995	2969
79651	3280	2729	1700	3344
79652	663	244	81	391
79654	2438	3369	2915	2100
79656	38	8	0	5
79657	1531	1170	918	1746
79658	419	34	104	127
79659	257	49	57	123
79660	2217	907	553	1280
79661	1014	1596	769	825
79663	406	762	240	523
79664	2906	978	963	1785
79665	2607	1500	1255	2244
79666	1047	1084	926	986
79667	292	142	77	71
79668	1704	146	772	433
79669	1051	889	1090	925
79670	1939	1705	1423	1638
79671	912	833	360	1203
79672	2189	4520	1596	2241
79673	478	416	205	323
79674	15	8	7	11
79675	1629	2267	1303	2249
79676	47	19	19	27
79677	1556	1776	1210	2816
79679	4	1	39	10
79680	2282	864	1066	1097
79682	358	167	541	1392
79683	719	926	491	498
79684	508	1128	298	776
79685	2176	2611	836	2288
79689	51	38	49	28
79690	458	1452	338	396
79691	1612	1483	1155	2098
79692	222	221	118	224
79693	873	500	551	1153
79694	738	430	319	638
79695	712	3263	1262	2418
79696	218	184	128	265
79697	590	422	450	888
79698	7	0	1	1
79699	1214	682	977	1094
797	4	1	8	2
79701	2874	2188	1072	1899
79703	488	1606	654	768
79705	3347	1510	1653	1728
79706	1661	1919	677	2026
79707	1146	643	604	1231
79709	5222	6204	4305	10165
79710	2059	1203	592	3315
79711	17	10	13	40
79712	770	497	324	560
79713	17	8	12	10
79714	751	1635	836	1377
79716	703	1327	216	498
79717	2233	1438	1477	1991
79718	4932	6528	3177	6401
79719	3036	1340	1581	2447
79720	2655	4067	2988	2767
79722	5	2	3	2
79723	384	464	360	922
79724	2438	4808	1431	2491
79725	236	138	100	171
79726	2016	3308	1275	2583
79727	0	0	1	0
79728	734	724	442	1045
79729	309	948	413	1300
79730	549	269	341	443
79731	907	895	730	1539
79733	335	219	342	1039
79734	1506	902	898	402
79735	1979	2977	1258	1334
79736	330	334	185	350
79738	629	377	183	369
79739	225	10	21	30
79740	1	0	0	0
79741	137	142	98	80
79742	431	146	42	257
79744	439	399	112	308
79745	199	21	30	35
79746	38	1075	8	1669
79747	44	15	17	18
79748	1	0	2	0
7975	2183	3530	1351	3061
79750	26	3	4	3
79751	1283	1885	797	2350
79752	1831	1612	1468	3693
79753	722	443	437	571
79754	1846	2459	1414	3034
79755	39	3	10	22
79758	327	887	235	285
79759	181	202	90	167
7976	1507	363	1234	1092
79760	34	53	16	40
79762	1550	2607	572	447
79763	1840	3784	2059	4026
79767	2670	5634	2616	4838
79768	1162	860	709	861
79770	2099	1238	680	1210
79772	432	113	34	388
79774	1190	3313	1681	907
79776	77	3	7	43
79777	778	1295	448	802
79778	2067	4685	824	3152
7978	436	387	207	600
79780	877	1448	506	782
79781	10	5	1	8
79782	378	820	240	419
79783	42	55	52	81
79784	24192	28517	35075	22867
79785	25	2	0	0
79786	2542	3576	1322	2489
79788	129	5	28	5
79789	2179	2093	1946	3376
7979	6870	6501	3181	6993
79791	2558	3642	1275	1908
79792	4650	5538	2827	4488
79794	3088	2764	2176	2869
79796	347	369	214	446
79797	786	1077	405	898
79798	924	895	300	718
79799	294	93	139	4
798	0	0	0	0
7980	161	12	8	11
79800	518	533	227	329
79801	336	299	304	1012
79802	6	7	3	3
79803	1215	1398	1325	1868
79804	51	6	1	16
79805	194	55	37	117
79807	514	271	362	729
79809	826	703	367	1111
79810	617	496	350	632
79811	5820	2612	2804	3847
79812	839	227	107	452
79813	3225	3322	1626	2835
79814	1557	610	798	2550
79815	2253	2399	3078	1958
79816	38	47	43	211
79817	695	1616	743	1355
79818	541	992	521	290
79819	237	50	164	60
7982	1214	953	573	1496
79820	44	92	153	42
79822	109	31	31	35
79823	469	693	287	321
79825	798	85	141	94
79827	580	43	48	108
79828	964	819	789	1789
79829	1294	1472	751	2121
79830	591	453	344	624
79831	201	121	78	144
79832	1465	940	253	2607
79833	832	832	300	643
79834	2548	991	1249	1597
79836	357	86	335	165
79837	2708	3128	2064	3336
79838	3537	6652	2095	2703
79839	51	76	26	54
7984	1816	1874	1252	1970
79840	480	533	224	697
79841	101	133	35	54
79842	277	342	133	340
79843	45	4	5	14
79844	194	318	413	339
79845	250	219	157	192
79846	279	202	244	339
79847	485	800	597	1146
79848	1011	942	1056	2166
79849	226	3167	266	915
79850	1183	1442	1310	2645
79852	6	124	8	24
79853	93	7	59	47
79854	43	42	20	28
79856	114	43	27	50
79858	330	317	347	392
79861	156	319	49	656
79862	248	143	154	272
79863	434	531	260	435
79864	257	389	43	92
79865	94	23	4	106
79866	252	367	265	482
79867	631	256	378	606
79868	1989	1457	1202	2532
79869	3675	4064	2087	4830
79870	24	7	3	5
79871	938	504	480	634
79872	2024	1487	1243	1891
79873	510	267	213	337
79874	2550	2260	897	1669
79875	1044	614	1261	1252
79876	1607	1894	1089	2111
79877	1920	2237	997	2310
79879	526	202	452	874
7988	1080	1185	475	1083
79882	1975	967	1135	2503
79883	216	653	458	96
79884	81	4	10	219
79885	1115	2614	1093	1458
79886	1359	2015	756	1818
79887	5051	3349	5592	3871
79888	2299	3019	1285	5122
79890	1584	894	1027	2008
79891	82	29	14	44
79892	3109	2962	2615	5603
79893	3668	3900	2238	3613
79894	1509	1458	1249	1964
79895	144	33	21	40
79896	657	471	461	615
79897	68	122	28	73
79898	232	489	159	190
79899	2180	6187	2118	4017
799	8	0	2	4
79901	2890	3042	144	660
79902	2631	4392	1884	3656
79903	2704	4808	1757	2940
79905	656	1801	524	1135
79906	227	251	130	208
79908	424	850	111	10
7991	285	40	32	87
79912	636	309	280	321
79913	905	1494	343	1312
79915	391	373	317	933
79917	261	564	59	209
79918	979	1332	355	1223
79919	940	104	242	414
79921	3160	1417	821	3383
79922	881	802	661	682
79923	4	1	0	0
79924	503	612	159	388
79925	400	232	161	510
79927	47	22	7	23
79929	4	9	4	14
7993	628	252	522	561
79930	240	176	145	283
79931	18	13	14	8
79932	5487	2861	2099	3322
79933	4	4	4	27
79934	1414	1432	803	880
79935	65	128	178	177
79937	16	1	1	0
79939	2112	2024	1482	3150
7994	3476	1072	2049	1970
79940	40	14	3	12
79943	757	778	636	1091
79944	522	250	445	1076
79946	4	3	4	1
79947	1750	1239	1532	1099
79948	0	3	1	3
79949	628	2209	1319	1938
79953	114	21	5	42
79954	1372	1195	830	2678
79955	39	213	73	266
79956	2751	3015	2220	6856
79957	138	260	157	69
79958	1541	1594	1196	1493
79959	243	232	174	296
79960	816	335	254	489
79961	1861	1485	1354	1263
79962	1888	1531	1708	2220
79963	79	122	38	37
79966	1087	446	17	113
79968	320	172	274	650
79969	1051	2071	671	1146
79970	898	943	297	659
79971	4755	1698	1883	2561
79973	85	138	40	20
79974	846	76	61	193
79977	3727	3528	2302	4168
79979	1804	1075	822	2904
79980	1135	1303	507	2114
79981	156	5780	912	1083
79982	1544	982	913	1033
79983	11694	3894	11254	4997
79986	313	119	142	50
79987	483	96	53	239
79989	562	235	233	923
79990	1405	1871	665	1000
79991	925	1428	1013	1819
79993	1256	1401	156	1216
79998	16	7	9	8
800	8445	1407	1249	3680
8000	5	7	90	3
80000	11	4	3	6
80003	1483	1127	447	1958
80004	2880	8965	2906	4355
80005	2470	2079	2287	1967
80006	982	669	446	737
80007	394	435	224	660
80008	62	30	21	11
8001	2	1	0	2
80010	712	574	301	760
80011	2999	7316	1881	4037
80012	2243	3282	1348	2381
80013	1060	987	1107	1264
80014	559	69	165	309
80017	2482	1788	2797	2328
80018	2129	1113	1275	2047
80019	259	329	56	446
80020	1104	337	524	1844
80021	1073	1078	842	732
80022	7298	26701	4517	11111
80023	437	104	48	185
80024	2415	2936	1830	1699
80025	1334	565	380	894
80028	453	428	245	600
80031	504	209	59	77
80032	7	1	0	2
80034	83	6	65	19
80036	67	0	1	0
80039	10	2	11	8
80045	731	1234	1277	1903
80052	1	2	0	2
80054	271	1008	89	372
80055	889	519	517	1542
80059	12	0	1	1
80060	1	2	1	0
80063	790	1138	94	423
80067	1037	869	519	1142
80069	4	1	2	10
80070	0	0	0	0
80071	117	87	46	281
80072	55	30	15	7
80078	38	104	0	27
80086	5	3	0	4
80095	382	259	10	154
80097	1155	1261	570	1436
80099	0	0	0	1
801	17358	13143	14928	16259
80108	124	43	16	17
80110	406	478	253	275
80111	25	20	14	27
80114	517	59	35	158
80115	3005	3914	1792	1588
80117	289	1180	467	279
80119	390	238	191	618
80122	6	2	0	4
80124	1437	1453	1321	2057
80125	96	2	11	10
80127	92	47	80	76
80128	51	70	18	44
80129	1019	343	127	84
8013	54	23	131	91
80131	28	17	65	46
80133	1	0	0	0
80135	1347	690	1002	1402
80139	18491	17619	9030	11031
80142	3537	5099	2492	5047
80143	1418	911	935	1268
80144	233	115	113	162
80145	2126	4259	1802	2490
80146	1939	2632	979	4683
80148	1369	1693	698	1604
80149	905	2717	1223	2111
80150	560	128	38	92
80152	1154	2907	796	1685
80153	1646	822	597	1462
80154	227	92	70	188
80155	2435	1170	1711	3021
80157	47	52	354	82
80161	227	510	57	156
80162	16678	5496	1835	1636
80164	1133	179	733	352
80167	678	445	556	712
80168	139	1706	1465	578
80169	1433	1017	1258	1136
80173	1075	1169	510	1346
80174	706	518	269	1062
80176	1398	850	515	834
80177	165	42	20	101
80178	266	327	147	766
80179	3227	2367	2163	4928
80183	4585	4882	2117	3665
80184	1015	968	907	1158
80185	487	191	373	427
8019	1923	1067	670	2136
80194	1458	2192	1350	1147
80195	967	803	809	1000
80196	1834	1467	980	1530
80198	1729	2458	942	2261
80199	296	288	109	379
802	0	0	0	0
80201	4583	3959	1215	4604
80204	1250	740	591	834
80205	2354	1836	1282	1058
80206	1115	66	83	89
80207	1224	1430	1172	1797
80208	4536	1359	2385	2365
80209	6331	10108	3161	4275
8021	3894	4381	2431	4252
80210	815	543	285	755
80212	2739	1285	792	1172
80213	2368	1345	992	1138
80216	1036	599	752	1050
80217	37	12	18	30
80218	5014	4841	5291	8861
80219	952	1289	783	1478
8022	0	1	0	1
80221	988	3529	914	1841
80222	1849	1737	1473	2106
80223	7164	1664	7221	4302
80224	841	377	560	1152
80227	1215	1084	386	1595
80228	1843	669	406	2069
80230	2649	2895	1488	2314
80231	53	26	8	13
80232	3672	3852	3114	3630
80233	2926	4569	1259	3357
80235	1801	5960	903	3147
80237	5	23	22	16
80243	195	34	17	61
80254	857	1182	598	907
80255	5531	7205	3351	4836
80256	541	2273	766	1557
80258	17	42	2	1
80262	748	897	374	1080
80263	155	160	71	167
80264	456	434	259	379
80267	2039	2478	2293	2254
8027	1091	798	807	1326
80270	508	1151	526	434
80271	1392	2509	1400	1560
80273	2316	1454	1712	4559
80274	281	53	83	75
80279	1014	1094	514	1160
8028	1355	1058	952	1525
8029	49	13	6	24
80298	555	705	207	385
8030	4164	3809	3209	5626
80301	1076	392	167	964
80303	173	39	20	58
80304	421	330	222	727
80305	2407	2006	1556	2826
80306	3294	1539	1432	2714
80307	652	3913	4413	4039
80308	2039	2483	1238	2239
80309	4	0	0	1
8031	7168	6313	5152	7938
80310	307	107	98	148
80311	472	242	232	994
80312	71	50	6	101
80313	575	776	265	525
80314	1369	1029	623	921
80315	1087	660	663	553
80316	0	0	0	0
80317	272	282	150	262
80318	220	258	62	194
80319	462	196	123	69
80320	1245	253	1134	1568
80321	498	1007	569	574
80323	283	38	279	256
80324	2270	2889	1766	2994
80325	1463	5521	1553	1733
80326	710	655	38	174
80327	0	1	0	5
80328	33	198	26	354
80329	71	31	5	106
80331	6796	7262	2892	7356
80332	615	40	44	53
80333	16	7	4	9
80335	6394	6444	4543	5862
80336	1834	5885	481	2283
80339	25	1	9	13
8034	814	2357	955	1046
80341	0	0	1	0
80342	300	91	34	52
80343	1	0	1	0
80344	2778	2706	2043	2882
80345	315	443	104	255
80346	1746	2122	2075	2345
80347	4723	5275	3119	5842
80349	1979	1243	955	1421
80350	117	105	38	72
80351	2957	2312	1955	3160
80352	180	535	129	236
8036	1763	2033	1411	2133
8038	215	67	60	214
80380	50	4	2	18
80381	4222	1744	1497	2965
804	0	0	0	0
8045	2609	11174	1920	3861
8048	2	0	0	1
805	15005	17977	8505	12109
8050	923	1336	851	1660
806	38	43	29	40
8061	138	617	1042	2457
8065	1273	1106	775	1983
807	2	0	0	1
80700	3928	5822	3065	3817
80701	0	0	0	0
80704	461	666	26	1046
80705	398	281	170	372
80709	2296	3474	1098	2169
80712	0	0	0	0
80713	2	1	0	4
80714	124	498	220	271
80723	48	52	13	39
80724	1623	1869	1722	1872
80725	1402	1356	540	925
80726	139	737	157	46
80727	8349	5783	5162	5450
80728	1382	1742	1204	1966
8073	7248	6912	5305	9063
80731	10	0	0	1
80736	9946	26384	10383	6253
80737	181	592	223	248
80739	50	126	88	42
8074	1	0	1	10
80740	60	598	268	106
80741	103	230	57	78
80742	636	529	240	757
80745	625	646	346	589
80746	896	1383	715	1732
80755	124	191	123	140
80757	27	8	3	23
80758	257	408	255	577
80759	6	125	1	91
8076	104	20	27	23
80760	1643	347	206	485
80762	5778	6174	4462	4600
80763	2	0	0	3
80764	964	569	548	841
80765	212	167	69	52
80772	1165	1652	1268	1396
80774	832	809	90	246
80775	963	851	468	1443
80776	210	148	117	195
80777	5834	11647	3063	7147
80778	297	285	193	320
8078	6120	4429	3190	4049
80781	4935	1005	546	3038
80789	1751	1442	1042	2124
8079	9847	12061	8580	8330
80790	5206	3863	3184	3285
808	8016	9364	7092	7536
80816	19	5	1	5
80817	554	391	382	640
80818	792	331	416	392
8082	407	268	72	122
80820	3428	2993	886	3082
80821	830	254	416	858
80823	5	0	0	1
80824	8421	3624	4274	3078
80829	2997	2286	1699	3610
80830	3440	838	1515	1937
80831	0	1	0	0
80832	1193	94	104	151
80833	876	156	102	204
80834	0	0	1	0
80835	6	0	3	3
8085	8056	4091	4687	7481
80851	1472	2031	1258	1731
80852	178	15	86	37
80853	6127	3969	3680	4741
80854	3635	1030	2218	3779
80856	2274	1666	1311	2485
8086	2471	2379	1657	2841
80862	240	334	81	435
80863	96	106	57	53
80864	88	102	36	97
80868	21	18	4	8
8087	3835	3085	1862	6248
8089	1131	871	614	1161
80895	1856	1797	777	1801
80896	381	582	206	350
8091	687	631	183	910
8092	6	107	0	0
80975	115	56	212	99
8099	3502	3467	2224	4039
81	33405	32369	30262	30823
810	3	0	1	0
8100	771	1238	761	825
81025	0	5	0	0
81027	24	14	13	10
81029	1231	75	334	139
81030	319	154	85	140
81031	1201	161	632	2373
81033	245	4	11	3
81034	9	11	12	11
81035	332	37	13	42
81037	8025	6828	3111	8006
81047	0	0	0	0
81050	0	0	0	0
8106	937	871	513	959
81061	0	0	0	0
81075	0	0	0	1
81076	0	0	0	0
81078	0	0	0	0
81079	0	0	0	0
81081	0	0	0	0
81090	0	0	0	0
81099	0	0	0	0
811	26825	42629	20944	37568
8110	32	162	23	120
81104	0	0	0	0
81109	0	0	0	0
8111	399	97	44	145
81110	0	0	0	0
81113	0	0	0	0
81114	0	0	0	0
81115	1	0	1	0
81116	0	0	0	0
81126	0	0	0	0
81127	0	0	0	0
81136	0	0	0	0
81137	1	0	7	0
81138	0	0	0	0
81140	0	0	0	0
8115	66	21	1	0
81153	0	0	1	0
81155	0	0	0	0
81156	1	0	0	0
81159	0	0	0	0
81160	1	0	0	0
81162	0	0	0	0
81163	0	0	0	0
81164	0	0	0	0
81166	0	0	0	0
81168	0	0	0	0
81169	0	0	0	0
81175	24	27	3	18
81176	8	32	0	6
81182	0	0	0	0
81185	0	0	0	0
81187	0	0	0	0
81188	0	0	0	0
81191	4	1	1	1
81192	0	0	0	0
81193	1	2	1	0
81194	0	0	0	0
81196	0	0	0	0
81198	0	0	0	0
8120	40	5	2	5
81201	0	0	0	0
81202	0	0	0	0
81203	0	0	0	0
81204	0	0	0	0
81205	0	0	0	1
81207	0	0	0	0
81208	0	0	0	0
81209	0	0	0	0
81210	15	22	97	3
81211	0	0	0	0
81215	0	0	0	0
81221	0	0	0	0
81223	0	0	0	0
81224	0	0	0	0
81226	0	0	0	0
81228	0	0	0	0
8123	0	0	0	0
81230	0	0	0	0
81236	0	0	0	0
81240	0	0	0	0
81242	1	0	0	1
81243	0	0	0	0
81244	0	0	0	0
81246	0	0	0	0
81248	1	0	0	0
8125	8186	3980	3236	6452
81251	0	0	0	0
81261	0	0	0	0
81264	0	0	0	0
81270	1	2	1	1
81274	0	0	0	0
81278	0	0	0	1
8128	13	7	1	7
81282	0	0	2	0
81285	112	28	13	43
81295	0	0	0	0
81298	0	0	0	0
81299	0	0	0	0
813	6414	3357	2956	8451
81300	0	0	0	0
81304	0	0	0	1
81309	0	0	0	0
8131	2492	2410	1394	2385
81310	0	0	0	0
81315	0	0	0	0
81316	0	0	0	0
81318	0	0	0	0
81320	0	0	0	0
81322	0	0	0	0
81324	0	0	0	0
81325	0	0	0	0
81327	0	0	0	0
81328	0	0	0	0
81330	0	0	0	0
81331	0	0	0	0
81336	0	0	0	0
81340	0	0	0	0
81341	0	0	0	0
81342	2	2	0	0
81343	2	4	0	3
81345	0	0	0	0
81352	1	0	1	3
81353	1	0	2	0
81354	0	0	0	1
81356	0	1	3	2
81358	0	1	0	0
81363	0	0	0	0
81366	0	0	0	0
81377	0	0	0	0
81382	0	0	0	0
81383	1	0	1	1
8139	797	1728	934	1331
81390	0	0	0	0
81392	0	0	0	1
81399	0	0	0	0
814	153	33	36	29
8140	8867	2807	4566	11830
81406	0	1	0	1
81407	0	0	0	0
81419	2	0	0	0
81421	0	0	0	0
81428	0	0	0	0
81430	0	0	0	0
81431	0	0	0	0
81438	0	0	0	0
81439	0	0	0	0
81440	0	0	0	0
81442	0	0	0	0
81448	0	0	0	0
81449	0	0	0	0
81458	0	0	0	0
81462	0	0	0	0
81465	0	0	0	0
81466	0	0	0	0
81469	0	0	0	0
81470	0	0	0	0
81472	1	0	0	0
81473	0	0	0	0
81474	0	0	0	0
81479	0	0	0	0
8148	12962	8639	6462	11695
81486	0	0	0	0
81487	0	0	0	0
81488	1277	536	371	650
81490	1718	1959	688	2495
81491	136	46	44	318
81492	1	2	0	1
81493	59	32	25	20
81494	0	0	0	0
815	18	17	1	8
81501	12	0	0	1
81502	10417	9936	3417	12886
8153	56	48	0	19
81532	1590	2843	928	2003
81533	2313	1951	1264	1456
81537	757	347	406	541
81539	13583	17514	10916	13770
81542	2171	950	1608	2422
81543	164	560	386	536
81544	1865	2269	558	3297
81545	2016	1656	880	1435
81550	1379	1490	907	982
81551	8	1	2	0
81552	3818	2976	1129	2467
81553	208	42	26	48
81554	3828	3090	2118	3945
81555	1732	1473	831	1570
81556	3099	1360	1317	2197
81557	1	2	0	0
81558	376	566	226	642
81559	1281	2065	993	2235
81562	1093	1492	376	1599
81563	959	4106	1638	1974
81565	1194	1340	1728	1537
81566	1978	1258	778	1530
81567	47	17	35	46
81569	68	3	15	330
81570	984	744	516	1610
81571	263	597	189	291
81572	1342	1524	548	1859
81573	920	806	928	701
81575	11977	293	506	3411
81576	1556	2658	1114	1320
81577	1278	1555	997	1313
81578	59	27	9	19
81579	1005	948	910	1326
816	17	7	3	291
81602	348	434	255	376
81603	5364	3542	3050	3186
81605	3081	4458	2245	3288
81606	2757	835	296	2336
81607	945	1904	1392	1354
81608	944	403	441	803
81609	1697	2076	978	1961
8161	1215	1064	734	1307
81610	746	440	548	2150
81611	1586	834	1592	2207
81614	2465	907	1258	1775
81615	77	18	8	30
81616	8	15	3	3
81617	5605	576	520	300
81618	15595	41692	22821	13108
81619	4952	5963	5181	5310
81620	1429	1173	591	3869
81621	420	666	666	1525
81622	2265	5585	1693	3234
81623	0	0	0	0
81624	538	287	560	887
81626	1	0	0	0
81627	911	754	547	840
81628	3416	4545	1547	4584
81629	18	8	2	11
81631	2935	5812	1567	2745
8165	12058	13343	7609	15055
81669	5965	6954	3445	6896
81671	12774	14140	5896	8012
81688	5462	6088	2124	5002
81689	979	1144	634	1324
81691	190	215	132	403
81693	1318	5214	1306	2891
81694	0	0	0	0
81695	0	0	0	0
81696	0	0	0	0
81697	0	0	0	0
817	2832	1907	1802	1570
8170	126	1	14	2
81704	854	211	400	86
81706	1293	2129	815	756
8174	162	38	73	19
8175	4749	2841	2814	4889
8178	980	943	648	1208
81786	34	75	82	58
81788	2437	2360	687	1396
81789	435	314	87	169
81790	1744	734	994	589
81792	509	122	70	568
81793	93	39	4	3
81794	326	68	18	85
81796	699	44	75	84
81797	0	0	0	0
818	2125	3071	2087	2561
81831	2615	48	73	503
81832	3	0	0	0
81833	0	0	0	0
81839	2781	1618	1983	1594
81844	6842	3358	2466	4475
81846	1448	1260	1053	1630
81847	1272	1428	545	1073
81848	3452	4791	1370	3057
81849	143	23	19	41
81850	0	0	0	0
81851	1	0	5	0
81853	917	1862	676	1401
81855	2100	3545	2505	5051
81856	364	352	155	350
81857	2923	4626	2335	3169
81858	2761	4304	2962	4980
8187	480	932	128	516
81870	0	0	0	0
81871	0	0	0	0
81872	0	0	0	0
81873	1925	3152	1440	3167
81875	2123	1830	1500	3620
81876	2436	3539	1868	2572
81887	4175	2633	1616	5529
81888	0	0	0	0
81889	1458	3240	1008	1705
8189	8187	7736	4358	5339
81890	4787	7438	2740	3793
81892	1434	1513	1099	2516
81893	0	0	0	0
81894	1076	2623	1125	1646
819	2535	2616	1019	2795
8190	1	7	0	5
8192	2129	2709	2310	3715
81926	1673	1403	1152	2117
81928	1160	1072	193	668
81929	1290	1276	980	2195
8193	14	26	6	46
81930	251	140	255	645
81931	173	288	60	284
81932	2891	5966	2091	3470
8195	1314	1969	699	1322
81993	5	10	4	3
82	2	1	1	3
820	2	1	0	2
8200	3	2	0	1
8202	3039	2490	1188	2631
8204	2717	1318	1240	1297
8208	549	438	306	1097
8209	228	1299	136	62
821	43437	27899	16768	34502
8214	4	0	5	0
8216	956	844	504	631
8218	564	129	184	368
822	6588	17330	6878	10116
8220	847	637	529	618
8224	27	114	228	366
8225	3561	5686	1703	3360
8226	1890	1305	958	2263
8227	4258	6814	1511	2993
8228	1614	488	374	1720
823	12254	16732	9810	13639
8233	1147	583	617	742
8237	3458	1499	1072	4430
8239	9582	4510	4947	10938
824	8217	14093	10413	10191
8241	5278	4782	2309	4636
8242	12714	5387	4842	8886
8243	10865	2673	4332	10405
825	280	200	255	207
8251	0	0	0	4
826	18472	18170	17425	11607
8260	1470	1627	680	2579
8266	2910	2447	1598	5602
8269	516	451	124	700
827	1929	596	53	191
8270	995	843	469	2351
8273	2489	1771	1489	3662
8277	1	1	9	4
828	294	747	648	309
8284	4	7098	0	147
8287	0	1296	0	41
8288	20	14	11	8
8289	6301	2724	3115	4603
829	6104	4452	4344	5945
8290	0	1	1	3
8291	730	204	148	521
8292	51	53	36	20
8293	1	3	1	1
8294	71	273	66	140
8295	8019	2967	2935	7252
83	2	2	2	11
830	7306	4789	3135	6627
8301	5790	7291	3259	8181
8302	4	0	1	0
8303	912	546	106	482
8309	2118	603	494	1225
831	12372	14800	8794	10579
8310	1107	914	608	1217
8312	3509	7715	3217	4930
8313	32278	4237	7304	4604
8314	4218	4350	2175	3800
8315	1815	1362	870	1147
8317	395	133	280	683
8318	542	288	385	1011
832	8902	6487	6147	6269
8320	20	12	7	10
8321	1405	252	195	453
8322	699	575	170	522
8323	1355	1303	1532	2171
8324	795	826	1212	704
8325	643	531	120	378
83259	0	0	0	0
8326	72	4	0	79
8327	1	0	1	1
8328	10	5	4	27
8329	5	5	2	5
833	2358	2663	1429	4192
8330	0	0	0	0
8331	2	1	2	1
8332	0	3	2	0
8333	0	1	0	2
8334	291	1660	446	467
8335	1	1	1	0
8336	0	0	1	0
8338	20	9	8	11
8339	13	66	20	45
83394	731	1207	1504	484
834	1092	269	556	239
8340	0	1	4	5
83401	9	8	2	7
8341	16	78	14	57
83416	324	145	50	31
83417	12	9	2	1
8342	1	2	1	0
8343	1	4	3	4
83439	426	245	61	387
8344	5	11	4	11
83440	2848	1949	1343	2758
83442	6385	8293	8308	5415
83443	3254	4257	2208	4884
83444	12	17	13	15
83445	0	0	0	0
83446	1	3	3	2
83447	0	0	0	0
83448	1477	1177	992	1279
83449	1004	79	78	101
8345	33	118	17	41
83450	107	107	99	103
83451	4033	6264	4973	6640
83452	450	251	302	387
8346	1	1	1	0
83460	19	14	23	31
83461	623	612	691	1738
83463	456	1140	316	486
83464	755	397	113	203
83468	464	76	37	116
8347	6	9	12	21
83473	40	33	15	13
83475	729	622	765	983
83478	155	30	14	77
83479	701	616	340	509
8348	0	2	0	3
83480	567	641	350	721
83481	1482	510	1310	1214
83482	3	3	0	5
83483	2727	1753	1023	2614
8349	118	739	80	280
835	3849	3563	1826	4936
8350	0	2	0	1
8351	0	0	0	0
8352	1	5	0	1
83528	2	2	0	1
8353	72	583	66	112
83530	8	8	2	7
83538	66	46	19	38
83539	5	0	0	0
8354	2	2	0	0
83540	346	326	359	1302
83541	942	955	566	1064
83543	234	249	34	1003
83544	506	180	394	629
83546	2	22	5	0
83547	252	765	553	422
83548	2711	3157	1349	1815
83549	1118	1381	433	1021
8355	7	30	12	23
83550	0	0	0	0
83551	0	0	0	0
83552	1	0	0	0
8356	2	3	2	1
8357	18	88	22	35
8358	1	2	2	1
8359	2	0	0	2
83590	3518	3327	1847	4293
83591	316	305	133	213
83592	113	201	110	402
83593	775	176	213	243
83594	1141	1233	568	12
83595	79	29	21	65
83596	903	1049	623	1709
83597	1	0	0	0
83598	8	14	3	9
836	1888	1324	1362	1868
8360	0	5	1	2
83604	992	97	82	160
83605	2539	3385	1150	3421
83606	3843	2250	2166	3483
83607	2559	2037	1254	2608
83608	323	345	154	390
8361	0	0	0	1
8362	4	6	4	4
8363	1	8	0	0
83636	1020	1126	684	1082
83637	13665	13949	5337	11506
83638	1264	2241	626	1236
83639	0	1	1	0
8364	1	2	2	2
83640	218	103	49	104
83641	1611	1194	642	1299
83642	1138	1323	687	1630
83643	752	257	76	862
83647	0	0	0	0
83648	441	16	77	27
8365	29	52	7	41
83650	2	5	0	1
83655	0	0	0	0
83656	1	0	0	0
83657	14	0	1	1
83658	397	1033	272	736
83659	1	0	2	4
8366	1	7	1	0
83660	1439	2480	2327	2647
83661	55	2231	32	453
83666	1632	2155	1100	1725
83667	1728	704	491	1140
8367	6	45	10	13
8368	0	4	0	0
8369	0	0	0	0
83690	140	17	7	116
83692	2388	1859	473	1764
83693	812	1079	402	735
83694	758	555	336	798
83695	1153	1174	791	1774
83696	2528	2159	2682	2396
83697	10	17	11	19
83698	3	3	3	3
83699	4498	8558	4222	3976
837	2826	325	379	880
8370	1	5	0	9
83700	305	40	39	107
83706	896	287	233	270
83707	1019	1770	686	1308
83714	372	264	98	153
83715	333	2672	261	1119
83716	1657	414	585	744
83719	932	3794	719	778
8372	126	277	159	341
83723	4	4	5	3
83729	5	1	2	32
8373	3	0	0	3
83732	1227	1037	882	2084
83733	27	31	18	10
83734	523	399	208	307
83737	3483	2852	1137	3933
83740	0	0	0	0
83741	0	0	0	0
83742	2012	4190	2420	4538
83743	2316	1875	1648	2533
83744	187	122	84	180
83746	1406	804	656	1227
83752	3917	3778	2467	3637
83755	0	0	0	0
83756	45	25	10	50
83757	0	1	0	0
83758	371	89	75	141
83759	713	1068	325	821
83786	1557	2294	1119	2682
83787	3184	2602	1266	4491
8379	22	7	5	20
83795	0	0	0	0
838	153	22	149	163
8382	6	26	3	97
8383	0	1	0	0
8384	0	0	0	0
83844	1	0	0	1
83849	19	2	1	1
83850	48	5	28	240
83851	2	0	2	0
83852	1357	1116	624	615
83853	4	1	3	3
83854	15	16	8	15
83855	1525	1170	1507	2859
83856	504	1066	144	522
83857	215	56	31	114
83858	1639	1906	985	1806
8386	0	0	0	0
83860	458	217	273	794
83861	850	805	599	933
83862	1547	4631	1053	1990
83863	0	0	0	0
83866	0	0	0	0
83867	0	0	0	0
83868	0	14	0	0
83869	1	8	0	2
8387	1	0	0	0
83871	656	136	70	302
83872	573	70	81	134
83873	6	10	4	6
83874	433	424	425	272
83875	59	196	94	70
83876	6	2	1	9
83877	1596	1208	1247	1165
83878	80	44	13	48
83879	8545	5180	1240	13389
8388	0	0	0	0
83881	9	15	4	1
83882	54	130	16	24
83884	4	6	2	4
83886	26	37	9	22
83887	155	41	3	109
83888	11	9	6	3
83889	0	1	0	0
8389	0	0	0	0
83890	31	10	4	4
83891	916	650	335	2162
83892	3958	2632	2773	3083
83893	0	0	0	0
83894	1	0	0	0
83895	1	0	0	0
83896	3	0	4	5
83897	8	0	1	0
83899	0	0	0	0
839	2254	1825	1213	1628
8390	0	0	0	0
83900	0	0	0	0
83901	0	0	0	0
83902	0	0	1	0
83903	141	61	169	351
8391	0	0	0	0
8392	0	0	0	2
83930	1650	1742	702	1650
83931	3609	3457	1483	3050
83932	323	442	350	542
83933	121	190	58	130
83937	706	407	97	685
83938	312	618	17	40
83939	4808	5459	3124	8880
8394	1978	1228	1141	2579
83940	1023	693	653	1518
83941	916	577	675	822
83942	0	0	0	0
83943	862	462	254	629
8395	1703	4003	805	1533
83953	56	297	20	106
83955	13	16	4	7
83956	1	0	0	0
83957	0	2	0	0
83959	203	827	460	184
8396	3445	3237	1811	4185
8398	902	756	559	341
83982	1092	1066	647	753
83983	109	133	34	118
83985	61	78	21	43
83986	5050	9173	4741	4829
83987	248	24	16	72
83988	841	269	407	306
83989	1126	626	450	670
8399	50	576	191	115
83990	389	360	431	799
83992	2681	363	201	922
83998	29244	615	7119	784
83999	1656	976	1613	1578
840	1026	4115	3620	2659
84000	1992	287	474	1234
84002	1494	701	1237	1083
8402	1807	2054	2278	2878
8403	366	23	111	13
84033	676	328	75	335
84034	690	469	391	329
8404	5963	617	407	1269
8405	2764	1860	1298	2621
84054	19	1	0	4
84055	8	30	2	6
84056	279	322	153	135
84057	2	4	3	1
84058	350	204	200	706
84059	25	12	1	13
8406	207	79	34	369
84060	780	691	293	579
84061	4116	3476	2861	6148
84062	1035	1657	421	1157
84063	4	44	2	2
84064	28	34	13	34
84065	1936	1324	1167	1865
84066	1	0	3	0
84067	3358	5790	2271	4104
84068	482	314	262	316
84069	111	261	127	485
8407	24348	26336	23867	38841
84070	37	31	20	24
84071	264	109	39	145
84072	12	9	18	3
84073	22	20	5	9
84074	158	373	127	305
84075	0	0	0	0
84076	2	3	2	0
84077	2	3	5	0
84078	488	482	274	299
84079	1855	3273	1811	3389
8408	3038	2829	1183	2010
84080	534	1589	511	1230
84081	1862	1451	997	2030
84083	423	179	167	485
84084	4	0	1	24
84085	830	856	481	794
84086	0	0	0	0
84087	0	0	1	0
84088	0	0	5	12
84089	0	0	0	0
8409	2054	2185	1353	4684
84090	0	0	0	0
84091	0	0	0	0
84096	1	0	0	0
84097	0	0	0	0
84099	0	0	0	1
841	2378	2018	1104	1808
8410	0	0	0	0
84100	213	158	121	287
84101	15	4	0	4
84102	968	1586	616	659
84103	0	0	0	0
84105	991	1128	634	995
84106	88	30	21	30
84107	0	1	0	0
84108	301	276	232	427
84109	4	2	99	0
8411	1973	1863	1233	1528
8412	813	508	317	426
84124	1633	1627	924	1582
84125	11	1	5	11
84126	593	837	475	902
84128	2412	2353	1450	4182
84129	14	9	13	26
84131	807	740	598	1494
84132	1143	1194	612	1321
84133	4943	792	1026	2243
84134	307	392	241	592
84135	1154	911	561	1049
84138	325	208	103	235
84140	148	127	71	462
84141	1078	72	17	672
84142	371	101	150	576
84144	346	101	164	177
84146	1824	998	1024	1249
84148	2056	2912	936	1854
84152	14051	34350	20914	10777
84153	1031	1771	508	1211
84154	1560	1986	1113	2834
84159	2494	1257	600	1723
8416	504	545	240	536
84162	3056	1727	2425	2404
84163	252	249	80	68
84164	3254	2330	1993	2397
84166	1407	3577	2312	3058
84167	232	138	115	300
84168	4835	391	365	1414
8417	1915	3625	1816	3010
84171	158	14	17	79
84172	2742	1783	1249	4406
84173	1155	1121	427	1060
84174	46	36	26	27
84176	16	13	4	35
84179	93	122	26	60
8418	337	64	230	51
84181	3994	2137	857	2808
84182	88	76	13	65
84186	1211	1493	630	2316
84187	3619	4847	3755	7141
84188	2509	3620	2764	3458
84189	612	12	374	11
8419	9	3	1	0
84190	188	218	183	187
84191	2390	1378	1289	2163
84193	2966	2009	2016	4447
84196	2505	1440	1640	2397
84197	1566	654	1678	1138
842	863	419	564	480
8420	1975	2547	1545	2344
84203	1	0	0	1
84206	196	17	9	32
84210	1	2	0	0
84215	93	5	1	7
84216	355	497	320	485
84217	54	22	16	23
84218	0	5	0	5
84219	579	519	246	591
84220	0	1	0	0
84221	360	483	399	2
84222	124	219	240	318
84223	218	86	174	369
84224	360	339	203	223
84225	117	285	137	106
84226	239	31	27	136
84229	2	0	0	4
84230	337	86	81	152
84231	5250	3869	3281	5205
84232	4440	5278	4503	6727
84233	502	1027	319	720
84236	1359	993	803	1400
84239	39	1484	50	10
8424	4	0	1	3
84240	1331	1077	431	1020
84243	1486	1132	1267	2175
84245	637	893	381	839
84246	1408	1203	645	1493
84247	2220	606	950	2385
84248	2019	1833	1562	2559
84249	1	4	20	16
8425	5112	23513	9461	4092
84250	402	257	147	413
84251	352	75	15	118
84253	167	376	112	618
84254	731	1545	875	1443
84255	4422	2934	2185	4648
84256	1425	2718	684	1549
84258	15	1	0	7
84259	1100	916	623	2186
84260	1372	583	618	933
84261	456	542	414	545
84262	1444	2706	1095	3041
84263	2690	2326	2004	2861
84264	315	1465	385	1077
84265	370	608	211	485
84266	1541	3888	1602	2672
84267	863	433	239	926
84268	1214	998	1143	1152
84269	961	1069	493	1087
8427	3333	2202	1295	3133
84270	636	2292	732	2038
84271	4082	2193	2177	4004
84272	3480	4990	1782	2437
84273	2102	721	1074	2234
84274	1270	1423	782	1395
84275	426	358	331	583
84276	0	0	0	0
84277	714	596	383	573
84278	1662	2264	924	1635
84279	420	1134	697	1441
8428	4401	5123	4129	4773
84280	1195	1241	861	1406
84281	263	374	581	121
84282	1517	1975	637	1396
84283	309	433	237	389
84284	1765	2174	1607	1617
84285	1272	1599	852	1864
84286	1401	1054	388	793
84287	1454	2398	1227	2412
84288	373	141	136	249
84289	2083	3781	1132	2892
84290	1	0	0	1
84292	125	328	138	157
84293	3934	5687	3869	5826
84294	1124	683	840	1554
84295	2242	1249	959	3346
84296	235	48	232	345
84298	807	730	620	736
84299	1186	1770	1100	1587
843	1282	1700	1105	1047
84300	1450	1320	674	1875
84301	2936	1824	1705	2479
84302	1037	3265	1210	2159
84303	656	827	421	1241
84304	854	1057	556	1095
84305	1476	1953	1330	1657
84306	230	251	193	395
84307	1490	881	598	1257
84309	1051	2116	675	876
8431	318	18	0	4
84310	4474	5964	1745	4374
84311	2472	1982	1565	3424
84312	263	87	146	365
84313	3236	2396	2153	2820
84314	250	287	360	324
84315	677	995	456	700
84316	888	891	1195	1533
84317	1914	3443	1265	2194
84318	424	333	358	606
84319	920	934	837	2986
84320	1726	2405	918	2407
84321	527	669	381	1139
84322	0	0	0	0
84324	12	7	2	9
84326	2040	4042	1594	3903
84327	1244	889	522	1361
84328	1932	1806	1270	2077
84329	154	142	13	56
8433	0	0	0	0
84330	740	684	367	704
84331	1960	6163	2021	4459
84332	5	4	0	3
84333	3178	3474	1952	2758
84334	683	440	530	1420
84335	2431	4848	2344	3232
84336	1992	2166	758	2395
84337	1916	2756	1480	2852
8434	394	53	41	303
84340	1047	588	626	1049
84342	448	704	276	558
84343	997	669	400	1295
8435	3	2	0	1
8436	360	125	63	73
84364	4560	5015	2448	4750
84365	1858	1491	854	2799
84366	0	0	957	14
8437	1768	1662	2415	1140
84376	1921	498	1058	711
8438	279	119	169	736
8439	2373	1980	1492	2996
844	18	7	4	2
8440	3428	3383	1013	3010
84417	51	0	0	4
84418	4181	9844	3910	3244
84419	423	3454	1429	1571
8443	2430	3107	1783	2689
84432	0	0	0	0
84433	2057	72	413	88
84435	2	1	0	2
84436	140	29	15	52
84437	586	562	239	871
84439	101	59	9	55
8444	285	125	61	274
84440	4288	3390	2428	3500
84441	1008	1668	647	1328
84443	48	39	228	95
84444	2205	1136	1819	2621
84445	3152	3731	1364	3987
84446	242	228	36	95
84447	4658	5467	1889	5039
84448	2118	896	505	1006
84449	658	554	203	448
8445	4294	2447	2463	2088
84450	1184	519	304	777
84451	1110	1274	974	2608
84455	260	148	192	211
84456	634	796	168	402
84457	269	4	0	0
84458	2388	2748	2283	4285
8446	976	972	589	1339
84460	1001	173	130	318
84461	836	671	688	1106
84464	570	455	287	577
84465	623	19	5	12
84466	5	0	0	6
84467	93	1	0	0
8447	257	52	546	57
8448	35	416	68	343
8449	2308	3030	1278	2796
84498	1726	1434	929	1470
845	51	1	4	5
8450	4640	2738	1798	4308
84501	4435	10294	2936	3577
84502	38	7	3	4
84503	215	298	158	192
84504	0	0	0	0
8451	6211	7612	5082	6027
84513	2863	1485	1180	1028
84514	2688	3057	1579	2875
84515	442	421	205	437
84516	3659	4008	1817	3740
84517	26	94	56	102
84518	29	205	206	60
84519	218	140	120	53
8452	2870	1827	1529	2820
84520	273	458	202	379
84522	1652	2994	1377	1634
84524	1180	1013	581	1684
84525	217	46	19	135
84527	218	501	186	221
84528	1	0	0	0
84529	517	199	235	383
8453	1349	1424	997	1877
84530	2	1	0	1
84532	3333	7246	983	3596
84536	71	54	36	56
84539	0	0	0	0
8454	4734	2705	1959	4992
84541	188	71	154	158
84542	565	859	532	793
84545	1737	2167	1605	2582
84546	0	0	0	0
84547	213	114	51	260
84548	403	396	205	649
84549	857	508	925	1051
8455	3146	1455	737	2442
84552	136	91	30	162
84553	63	221	6	354
84557	1840	3271	728	1138
84559	0	0	2	0
8456	12	68	29	14
84560	49	0	0	1
84561	1011	1222	521	1697
84569	0	0	0	0
84570	10	1	4	3
84572	2240	2651	1263	2047
8458	982	943	1009	1784
8459	2172	749	514	862
846	2	2	3	0
8460	302	50	28	334
84612	637	1124	301	859
84614	566	635	295	478
84616	0	0	0	2
84617	1019	323	181	666
84618	0	0	0	0
84619	430	563	118	230
8462	682	1003	476	1142
84620	20	3	10	207
84622	73	229	95	274
84623	13	4	17	8
84624	1514	113	94	312
84626	116	206	9	38
84627	160	32	30	171
84628	109	40	17	29
84629	11804	19792	6730	14318
8463	1672	1328	345	687
84630	77	245	581	225
84631	1	4	0	0
84632	1028	1165	1566	890
84634	1	3	3	5
84636	78	28	9	13
84639	0	0	0	1
8464	406	214	193	397
84640	1706	802	1140	1298
84641	2764	2985	1541	4814
84643	0	0	0	0
84645	59	46	39	64
84647	159	2	2	128
84648	2	0	0	1
84649	2167	797	300	1939
84650	1778	3429	1657	3333
84651	1	0	8	4
84654	1	6	1	6
84656	5323	5897	2847	5453
84657	32	109	46	45
84658	15	2	3	6
84659	16	31	8	1
84660	15	16	11	6
84661	1658	2173	899	1234
84662	646	138	63	300
84664	0	0	0	0
84665	12	18	21	5
84666	396	38	2096	105
84667	6	5	1	3
84668	299	147	58	271
84669	1565	2591	931	1757
8467	5813	1832	2984	4419
84671	225	255	21	29
84672	0	0	0	0
84673	0	0	0	0
84674	781	58	172	71
84675	9	5	0	0
84676	17	3	0	2
84677	0	0	0	0
84678	1619	1225	847	1777
84679	589	88	46	2015
8468	1	1	1	3
84680	716	969	188	423
84681	8	15	9	20
84684	0	0	0	0
84687	4426	2934	1559	3811
84688	27	161	52	44
84689	26	19	6	16
84690	2	2	0	0
84691	1	1	1	1
84692	0	1	3	0
84693	333	429	248	474
84694	0	0	0	0
84695	215	133	42	323
84696	40	15	8	155
84698	240	117	74	53
84699	16	50	1	34
847	2935	3705	3380	2560
8470	2147	292	403	834
84700	5	3	35	2
84701	50	15	11	26
84705	1081	1650	1024	2231
84706	2595	3205	1579	5375
84707	671	418	5	44
84708	1244	362	371	322
84709	11	3	1	1
8471	0	0	0	0
84717	2325	3043	1896	3232
84720	2552	2115	1330	3278
84722	376	300	270	904
84725	1048	782	411	1234
84727	647	1222	342	743
8473	9925	18524	6731	20122
84733	424	800	683	548
84734	190	212	45	130
84735	7	4	0	1
84740	41	8	21	1608
84747	1856	990	813	1297
84749	1230	1396	660	877
84750	505	210	402	439
84752	364	249	66	246
84759	818	1063	323	1535
8476	2600	2206	1643	2028
84765	439	1215	248	459
84766	1338	1025	983	981
84767	0	0	0	0
84769	404	793	463	1065
8477	84	10	7	16
84771	76	4	40	1
84775	414	556	187	346
84777	434	743	347	989
84779	0	1	1	0
84787	1410	1567	764	869
8479	833	591	442	821
84790	4881	3225	3471	6450
84791	311	388	251	210
84792	868	966	321	1119
84793	415	1249	208	475
84795	578	528	543	532
84798	7607	2836	2391	8166
8480	3171	2172	957	2744
84803	240	108	62	210
84804	2027	1634	1203	2478
84807	329	451	221	247
84808	2	1	1	4
84809	2389	1944	1056	3174
8481	2464	2489	1612	2922
84811	1107	1045	495	1834
84812	20	2	4	9
84814	67	20	6	28
84816	361	583	290	680
84817	1465	1972	1926	2375
84818	868	1482	481	583
8482	575	141	206	298
84820	145	320	66	121
84823	7297	2949	4621	13521
84824	103	39	3	1
84826	0	0	0	0
8483	226	11	21	16
84830	48	3944	238	37
84832	0	0	0	0
84833	2365	6028	2935	4319
84836	3616	7490	5363	3553
84837	78	81	52	124
84838	2079	1163	759	1867
84839	2	0	1	0
8484	1	1	0	0
84842	487	746	424	1202
84844	1009	739	712	1175
84847	97	34	5	69
84848	57	27	2	220
84850	0	44	7	4
84851	828	1297	323	470
84852	804	372	204	307
84856	7	18	2	27
84858	3074	693	307	981
84859	1442	1719	1027	1941
84861	681	363	197	450
84864	1250	1036	892	1545
84865	633	459	174	785
84866	222	45	31	181
84867	47	1	3	8
84868	194	45	19	72
84869	1114	700	731	1070
8487	349	190	219	523
84870	228	14	14	34
84871	9	3	1	7
84872	286	203	138	251
84873	49	25	39	16
84874	1779	2782	623	1486
84875	4176	4226	2053	4730
84876	1413	1539	714	1429
84878	992	789	741	845
84879	1691	951	1505	1100
8488	2	1	1	8
84881	1638	1537	879	2693
84883	1567	2211	1405	2827
84885	1776	2771	2196	2455
84886	2291	1886	1920	3279
84888	2922	2214	1961	1201
84889	21	0	2	0
8489	5	1	1	3
84890	1093	1056	849	1744
84891	0	0	0	1
84892	633	666	342	1080
84893	2776	3248	1598	3034
84894	330	55	37	225
84895	1401	3742	1223	2220
84896	2162	2796	2094	3306
84897	1124	1828	796	1570
84898	1451	106	763	433
84899	2058	2710	1170	1863
8490	3383	1417	473	3276
84900	177	186	250	222
84901	1783	3440	1600	2737
84902	1173	1414	804	1532
84904	497	486	280	1459
84905	412	475	163	327
84908	3039	2710	1640	3990
84909	1133	1657	1893	808
8491	1805	1402	832	1023
84910	3623	4690	2283	4355
84911	129	52	13	24
84912	783	489	258	1302
84913	445	22	359	65
84914	1781	2121	1229	1101
84915	1159	22	35	250
84916	2141	2904	1598	3512
84918	76	69	33	98
84919	3020	2861	3199	4068
8492	298	230	413	261
84920	169	115	107	179
84922	1056	953	466	1010
84923	787	952	432	929
84924	471	410	224	356
84925	396	889	382	880
84926	3570	3407	2150	2195
84928	1535	921	640	1522
84929	620	48	35	204
8493	699	1053	525	801
84930	504	359	405	962
84931	24	2	1	12
84932	737	431	475	890
84933	120	197	118	150
84934	970	1052	535	1124
84935	89	9	36	23
84936	876	907	677	1018
84937	961	1284	595	983
84938	474	184	297	318
84939	1690	1426	1047	1689
84940	56	15	15	55
84941	886	1812	864	1330
84942	272	104	132	186
84944	5	4	4	7
84945	1353	1170	875	730
84946	897	1024	456	1367
84947	396	577	332	650
84948	502	924	755	1098
8495	2747	3135	925	2391
84950	2554	1678	1298	1940
84951	4925	3815	755	7914
84952	1311	51	66	74
84954	513	1154	571	823
84955	1104	841	1103	2282
84957	199	100	95	624
84958	662	1806	1115	610
84959	172	61	128	294
8496	2245	1056	1156	1282
84960	79	483	74	151
84961	1242	1397	645	1075
84962	1640	690	207	1816
84964	182	172	66	130
84966	37	1	1	19
84967	757	639	450	821
84968	183	11	0	0
84969	173	92	23	72
8497	75	40	11	308
84970	3	1	0	0
84971	741	1456	712	1464
84973	1479	2538	1097	2459
84975	1630	2538	1241	1503
84976	524	371	221	221
84978	579	57	103	618
8498	3498	3805	1957	3701
84981	222	606	851	307
84983	50	31	15	112
84984	61	50	33	146
84985	9	90	41	52
84986	325	387	336	753
84987	937	1068	829	1048
84988	1794	4143	2151	3393
84989	6	7	5	4
8499	26	4	2	8
84991	3394	4710	2638	5842
84992	0	0	0	0
84993	2188	1084	1052	1552
84996	119	204	115	101
8500	2121	2284	1199	2992
85002	64	9	134	201
85003	1	0	1	0
85004	238	24	10	41
85007	2868	4886	1757	1718
8501	987	1882	460	3377
85012	511	266	71	392
85013	891	477	511	739
85014	1697	4472	1356	5884
85015	572	716	431	829
85016	100	44	7	208
85019	434	237	182	392
8502	4866	2974	1626	6731
85021	2217	1698	1324	3058
85025	596	1557	393	838
85026	477	967	342	529
85027	1715	1097	459	336
85028	1013	1033	797	1202
8503	826	325	560	339
8504	410	384	421	537
8505	1097	988	774	1518
8506	371	800	59	232
8507	11697	6130	5237	5868
8508	2424	610	1266	2138
8509	22	8	10	17
8510	8	5	5	3
8511	30	0	3	27
8512	9	1	0	9
8513	1	0	0	0
8514	1917	1867	171	2447
8515	94	31	13	31
8516	297	80	92	183
8517	355	232	147	462
8518	2718	2169	1384	3072
8519	3100	10830	4916	3274
8520	1705	1491	919	2187
8521	6	0	0	1
8522	1258	102	298	321
85235	1	2	1	2
85236	139	646	178	362
8525	4863	4432	2058	5985
8526	577	878	285	1296
8527	3869	9541	1310	5365
8528	240	213	52	30
85280	0	0	0	0
85285	58	4	10	9
85289	0	0	0	0
8529	480	262	1598	1162
85290	0	0	0	0
85291	0	0	0	0
85293	2	0	0	0
85294	0	0	0	0
8530	86	26	61	58
85300	2	4	1	2
85301	1343	151	62	410
85302	189	305	70	377
85303	0	0	0	0
8531	6653	6474	6074	7916
85313	999	933	736	1545
85314	40	44	35	9
85315	4869	2120	2740	2375
85319	0	0	0	0
8532	20	4	5	11
85320	18	8	8	9
85329	6	1	1	0
8533	1766	863	1809	2495
8534	131	25	10	59
85340	0	0	0	1
85343	0	0	0	0
85344	4	0	0	0
85345	1	0	0	0
85347	0	0	0	0
85348	5	0	2	1
85349	24	4	7	9
8535	1437	2664	712	1854
85352	40	6	10	16
85354	0	0	0	0
85358	980	468	167	1122
85359	852	701	613	1167
8536	85	81	26	39
85360	623	191	61	341
85363	942	827	377	739
85364	1921	1341	559	1527
85365	1647	2191	1057	2095
85366	61	19	6	37
85369	2328	1325	1172	1306
8537	1040	1432	2272	463
85376	4	1	0	1
85377	1377	719	886	1339
85378	3826	3471	1465	3081
85379	5715	2391	3814	3556
8538	215	94	332	31
85388	0	0	0	0
85389	0	0	0	0
8539	4209	3791	2374	4950
85390	0	0	0	0
85391	4	9	15	39
85395	765	772	564	1092
85397	5	0	0	0
8540	3606	1548	1636	3457
85403	1062	1375	713	1437
85406	882	472	415	813
85407	34417	599	5247	2252
85409	484	181	1349	1516
8541	680	2508	686	2449
85413	3	1	0	4
85414	1228	1751	1069	2185
85415	3775	2380	2599	4158
85416	0	1	93	76
85417	16	11	21	10
8542	3903	1020	2633	2993
8543	1130	612	426	736
85437	1713	2157	1119	1965
85438	0	0	0	0
85439	362	362	302	318
8544	317	334	305	1123
85440	2063	989	1294	1630
85441	4359	7835	1601	4479
85442	36	220	20	84
85443	25	8	9	47
85444	1211	609	930	1709
85445	0	0	0	0
85446	259	67	118	220
85449	753	124	28	162
8545	3235	3262	1889	2292
85450	547	598	402	1317
85451	2049	2645	741	1778
85452	40	55	5	36
85453	189	37	11	66
85455	80	182	960	90
85456	7892	8115	5119	7404
85457	1126	854	789	1189
85458	589	322	226	617
85459	633	300	412	903
8546	3922	2850	2118	2701
85460	220	431	39	665
85461	2277	1538	1396	2244
85462	2079	1456	2196	2971
85463	596	858	445	224
85464	2158	1549	1217	1788
85465	3059	2707	1799	6234
8547	30	22	9	80
85474	36	86	37	36
85476	2140	2519	2093	3583
85477	558	1331	548	23
85478	82	95	56	97
85479	11	2	1	5
8548	780	873	498	852
85480	52	55	9	9
85481	4	0	0	0
85486	7	12	0	8
8549	7113	759	1711	10633
85495	0	0	0	0
8550	3029	2432	2187	2435
85508	0	0	0	0
85509	0	0	0	0
8551	0	0	0	0
8552	151	132	100	173
8553	6878	7051	5692	10923
8554	1657	732	668	951
8555	1900	2545	497	934
8556	289	185	163	220
85569	0	0	0	571
8557	54	95	12	34
8558	5932	11234	2226	3862
8559	204	153	148	237
8560	1318	1146	473	1763
8562	3593	3072	2387	4118
8563	1197	435	444	1226
8564	27	5	8	8
8565	5707	2727	2974	6310
8566	7149	16789	8778	12706
8567	3258	4164	1763	4283
8568	1974	3259	1958	2776
8569	1029	900	776	954
857	1397	402	346	710
8570	11238	6767	7361	14277
8572	291	155	49	100
8573	5430	3765	2436	4993
8574	1511	1190	1054	391
8575	1407	838	555	1219
8576	1728	1963	776	1949
8577	0	0	0	0
8578	257	602	194	289
858	725	183	543	367
8580	0	0	0	0
8581	12	0	38	3
8582	0	0	0	0
85824	17	11	3	6
8583	0	0	0	0
8585	0	0	0	1
8586	1	1	0	0
85865	2051	849	789	1917
8587	0	0	1	0
8588	1	0	0	0
859	0	2	0	1
8590	2	2	2	2
8591	1	0	0	0
8594	0	0	0	0
8595	0	0	0	0
8596	0	0	0	0
86	1835	2306	1527	3959
860	764	81	66	169
8600	418	95	38	25
8601	11	4	2	3
8602	3170	862	1713	3534
8603	1964	883	743	1305
8604	1277	1358	968	1490
8605	849	236	79	185
8607	2130	2872	1927	5058
8608	14	13	9	16
8609	1341	876	499	1501
861	8176	2374	1963	2563
8611	999	1044	308	515
8612	7207	6291	6666	5209
86123	56	29	77	70
8613	1510	510	162	619
8614	416	403	253	6038
8615	4698	2032	2399	4745
8618	2181	171	85	533
862	263	34	7	93
8620	0	0	0	0
8621	4120	4058	1906	3736
8622	85	41	20	25
8623	996	1285	729	1762
8624	1468	2192	1111	4746
8625	1329	1857	1434	1995
8626	21	3	18	4
8629	1210	1013	854	1917
863	325	38	65	43
8630	206	17	28	66
8631	1616	596	77	721
8632	122	354	56	235
8633	145	28	39	80
8634	1575	1129	1145	1551
8635	1921	6629	2893	3379
8636	2139	3885	1545	2937
8637	54	49	28	93
8638	281	589	464	314
8639	1976	179	193	390
864	605	98	166	184
8641	10	127	1	1
8642	1523	389	203	1242
8643	239	56	19	62
8644	1345	4404	795	405
8645	1473	3088	813	3704
8646	430	61	36	67
8647	6	12	14	23
8648	1962	2249	773	2386
8649	1803	1261	1114	1158
865	2346	3171	1562	2805
8650	3149	2261	2028	3050
8651	98	141	38	59
8653	3	3680	1	126
8654	1084	368	551	547
8655	6088	8368	4461	8794
8658	3374	1093	1698	1800
8659	1789	483	1338	885
866	244	7	8	6
8660	2029	11095	927	1437
8661	20349	8638	12304	18858
86614	0	0	0	0
8662	18149	21370	9486	23311
8663	616	297	192	287
8664	15043	7256	8275	15405
8665	8260	9292	4274	13265
8666	7625	8206	3787	7539
8667	14770	10472	10748	24689
8668	11140	6685	7190	11137
8669	4333	2547	2145	4267
867	1580	1581	899	3149
8671	353	25	237	9
8672	4640	2574	2742	3540
8673	3578	8492	2706	5207
8674	718	582	344	500
8675	5703	4772	1553	4048
8676	97	20	20	30
8677	1684	3429	1458	2529
8678	4175	2094	2323	2547
86781	57	63	13	53
868	1329	2131	1012	1323
8681	198	314	148	234
8682	4011	5262	2023	5387
8683	2968	2103	1730	2835
8685	28	1	2	49
8686	18	0	0	0
8687	45	0	2	4
8688	38	0	0	0
8689	50	0	10	2
869	16	27	5	43
8690	797	1475	448	973
8692	2196	2007	1179	1846
8693	118	23	61	30
8694	4552	10548	7406	9313
8697	1556	1367	881	1718
8698	77	70	20	17
87	14559	5589	7032	8955
8701	19	17	98	23
8702	1588	2839	1006	1955
8703	1656	2480	926	3364
8704	2458	2094	1514	3059
8705	322	983	276	254
8706	213	237	58	135
8707	37	17	8	16
8708	80	277	50	69
871	7101	6380	2540	7895
8710	3	1	3	1
8711	765	997	960	1094
8712	0	0	0	0
8714	7890	22467	10702	12403
8715	6	1	8	0
8717	1129	2032	546	749
87171	6	10	3	4
87178	2078	1650	1397	4012
8718	1483	1708	421	1240
8720	5608	6202	3306	5607
8721	10647	13455	5570	9442
8722	1007	1080	69	158
8723	1159	1777	1369	1708
8724	3891	4386	2554	5432
8725	3800	4499	2874	4824
8726	867	1124	462	1237
8727	836	344	340	1092
8728	1925	739	579	4495
8729	4929	4604	3542	5401
873	1307	3237	1213	2719
8731	1794	1363	745	1890
8732	661	573	422	1105
8733	5278	5320	3419	6923
8735	14	1	3	3
8736	67	14	16	45
8737	2076	2286	1394	1963
8738	396	135	233	274
8739	9	11	1	5
874	23	170	33	48
8740	83	23	1	23
8741	368	526	859	325
8742	319	611	57	176
8743	2228	2667	980	1085
8744	70	239	95	110
8745	245	21	5	26
8747	2	1	2	4
8748	1	2	3	6
8749	0	0	0	0
875	7	9	2	36
8751	6352	10194	5210	11703
8754	7084	1258	4466	3954
8755	0	0	0	0
8756	0	0	0	0
8759	0	0	0	0
8760	3487	5346	1483	2594
8761	8656	4709	5900	9430
8763	17349	30413	18840	14475
8764	4179	5330	1984	2956
8766	10393	5392	7110	6170
8767	938	825	849	1944
87688	81	78	63	91
8771	0	0	0	0
8772	130	184	111	210
8773	447	324	275	363
8774	1099	784	914	1279
8775	2398	3028	1435	1275
8776	2566	1136	1073	3067
87769	355	723	362	288
8777	450	36	31	98
8778	4	0	0	4
8780	1755	2451	1740	2244
8781	1	156	228	652
8784	169	53	12	23
8785	4	12	2	9
8786	43	1615	431	41
8787	104	257	88	205
8788	0	0	8	0
8789	10	22	5	9
8790	693	409	405	437
8792	856	1378	502	2275
8793	743	405	570	664
8794	246	2	34	8
8795	8647	3488	5618	4478
8796	15	9	306	55
8797	1516	457	1280	978
8798	1092	701	627	719
8799	907	1661	724	1417
88	16	1	1	1
8800	1010	757	681	468
8801	3144	4758	4664	4420
8802	5200	7458	3006	9392
8803	1562	2605	2105	1662
8804	3897	5054	2408	6490
8805	3966	1559	1326	2154
8807	18	13	17	22
8808	384	404	139	112
8809	174	46	42	48
881	4	1	0	0
8811	7	5	4	6
8812	400	164	243	463
8813	2058	2626	844	2544
8814	212	162	216	319
8815	4844	6226	3210	5190
8816	2714	1351	1148	2489
8817	158	72	98	48
8818	2258	3652	1323	3210
8819	287	152	191	407
8820	18	5	9	20
8821	1779	421	1302	926
8822	44	123	22	14
8823	0	0	0	0
8824	3623	5645	2189	3330
8825	711	45	13	52
8826	16768	9160	11316	10066
8828	1010	484	588	3246
8829	1554	235	140	736
883	3	1	1	13
8831	849	935	496	1487
8832	282	34	35	47
8833	2989	2744	1893	6842
8834	1344	7681	944	940
8835	555	296	146	293
8836	2657	4767	13204	10292
8837	3950	3767	2613	2761
8838	6	10	309	29
8839	7	1	0	18
8840	340	44	40	157
8841	2361	2480	1155	3078
8842	7609	6727	5575	2163
8843	0	0	0	6
8844	1582	1231	590	1168
88455	1555	1865	986	1576
8846	406	283	229	607
8847	153	318	109	160
8848	20054	10133	10452	8732
885	0	0	0	1
8850	453	606	409	142
8851	262	112	81	336
8852	8	0	0	0
8853	1321	1092	1033	1456
8854	12	0	34	1
8856	2493	3535	1579	3174
8857	92002	11962	55915	1281
8858	14	113	20	26
8859	511	588	240	435
886	0	0	0	0
8861	4928	4665	1628	4047
8862	278	61	54	406
8863	158	171	92	80
8864	2208	2212	2405	1409
8867	484	495	245	359
8869	612	68	62	76
887	0	1	0	1
8870	2207	5616	1148	5831
8871	2136	4431	1776	3319
8872	2029	2423	1884	3548
8874	3558	5577	2631	3230
88745	1077	1204	842	1777
8875	19	13	2	9
8876	28	57	141	80
8877	167	65	30	155
8878	14083	23116	3926	9048
8879	4589	4036	3163	4387
8880	5362	4063	2529	3579
8881	4482	6766	3832	3661
8882	2749	2798	1531	4752
8883	2552	2336	1299	2902
8884	8233	4512	1904	7402
8886	5701	3416	2579	8651
8887	6594	9721	4535	7811
8888	3287	1690	1918	2471
889	425	436	246	457
8890	1952	1959	814	2357
8891	891	515	562	853
8892	1136	677	543	958
8893	3065	3713	2333	5133
8894	6600	5466	2084	9611
8895	4359	5708	5595	7212
8896	1846	1136	928	2380
8897	376	301	179	201
8898	1602	1091	1222	2063
8899	3894	3513	2439	3863
89	3	1	1	0
890	1147	369	1186	2207
8900	3	0	2	2
8904	5176	13141	2350	12449
8905	651	612	256	884
8906	3066	3260	1723	3762
8907	1796	1610	1192	1915
8908	1491	722	185	1541
8909	33	3	5	3
891	2688	1540	2073	4632
8910	338	84	22	86
8911	73	5	3	5
8912	1040	212	202	547
89122	4003	1708	1341	3437
8913	159	4	6	0
8914	2479	1333	1593	3572
8915	1358	1125	1328	1251
8916	15	7	5	8
8917	0	0	0	0
8918	0	0	0	0
892	1906	1969	1052	2162
8924	5410	2106	2776	3261
8925	2958	1084	1373	1598
8926	2	0	0	4
8927	87	35	7	83
8928	13	44	115	260
8929	4	1	0	0
8930	1281	1481	1051	1872
8932	2474	2549	2099	2518
8933	843	3385	109	2590
8934	711	651	630	886
8935	2921	3287	751	2242
8936	111	219	195	469
8938	400	2180	104	518
8939	3045	2786	1572	3387
894	14979	688	11752	3600
8940	10	6	14	6
8941	86	81	5	20
8942	86	635	88	63
8943	10598	5380	6701	9767
8944	0	0	0	0
8945	1328	1023	671	1464
895	0	0	0	0
896	1664	4130	1425	2810
8968	1	3	2	1
8969	28	92	13	62
897	0	0	0	1
8970	17	33	14	33
8971	2189	4040	921	2596
8972	22	22	3	23
8973	9	0	0	0
8974	3273	3600	1441	2901
8975	533	110	140	1146
89758	0	0	0	0
8976	4462	3936	2792	4381
89761	2	1	0	1
89765	205	206	194	264
89766	91	30	6	75
89777	0	0	0	0
89778	0	0	1	0
89780	1	10	1	2
89781	3683	1880	1375	2124
89782	451	308	380	1070
89790	229	42	42	96
89792	0	0	0	1
89795	187	5	12	31
89796	1705	1316	1870	889
89797	1512	1195	906	1239
898	325	340	497	628
89801	63	62	37	189
89822	51	8	1	6
89832	2	0	0	0
89837	0	0	0	0
89838	0	0	0	0
89839	22	32	59	35
89845	2328	2454	1382	2233
89846	874	458	198	266
89848	1462	1924	522	1179
89849	1299	743	781	1263
8985	9750	12967	4167	10643
89853	984	1777	642	2002
89857	245	98	77	55
89858	84	26	13	45
8986	2564	5293	1672	5646
89866	35	45	71	14
89869	0	0	0	0
8987	132	98	52	107
89870	1078	1976	1126	1736
89872	1	0	0	0
89874	88	2	6	5
89876	21	2	4	2
8988	2	16	1	1
89882	0	0	0	0
89883	0	0	0	0
89884	79	63	31	78
89885	32	3	0	4
89886	3	0	3	15
89887	420	416	260	467
8989	324	41	531	48
89890	537	332	302	621
89891	2819	4488	2315	6610
89894	426	393	151	263
899	678	693	578	1773
8991	17133	24003	21962	8055
89910	3349	2625	2087	2605
8992	7248	9586	3176	5621
89927	354	140	363	125
8993	8	4	9	16
89932	460	301	56	161
8994	1452	1487	997	1455
89941	4406	8051	2091	4734
89944	2543	3166	4181	5332
8995	15	2	0	2
89953	2180	4870	1867	1207
89958	1288	1345	1062	4231
8996	826	3838	536	1626
8997	2271	4609	1264	3063
89970	2063	1608	944	1640
89978	386	208	252	383
8999	31	134	26	21
9	474	321	689	288
90	2203	1051	433	1203
900	4598	4977	2819	5842
90007	5271	4659	4232	7120
9001	16	21	4	66
90011	1	1	1	0
90019	89	63	50	72
9002	96	104	101	178
90025	253	322	197	432
90050	1	1	0	0
90060	1989	1787	1342	2538
90070	0	0	0	0
90075	283	279	92	260
901	1918	1180	659	1103
90102	1575	63	55	161
90113	54	22	10	63
90120	2672	3784	1376	3891
90121	2560	2284	1667	4689
9013	2283	4059	1081	1920
90133	260	806	145	370
90134	15	2	2	5
90135	2101	2080	1625	3151
90139	621	134	82	317
9014	519	364	279	754
90141	229	209	178	396
9015	274	201	153	386
9016	572	473	202	1104
90161	148	23	178	3486
90167	0	0	0	1
90187	23	14	6	9
9019	7457	10557	4380	8426
90193	11	17	11	13
90196	1377	1370	555	2051
90199	0	0	0	6
902	941	1123	507	1028
9020	853	824	270	702
90203	602	886	229	571
90204	1019	1285	411	1221
9021	1218	1441	362	1936
9022	65	874	363	184
90226	13	2	2	5
9023	564	98	13	212
90231	3845	3044	2437	4231
90233	344	352	201	382
9024	599	464	145	872
90249	18	4	0	4
9025	814	1035	529	1716
9026	4418	6991	3262	3273
90268	1315	1102	607	1817
9027	0	2	3	0
90271	776	793	446	1647
90273	41	20	6	13
9028	120	552	91	236
90288	3	9	7	18
90293	319	122	272	377
9031	8462	3453	3529	9611
90313	1847	4103	722	2180
90316	0	0	0	0
90317	638	587	327	491
9032	466	1681	268	643
90321	1513	1280	527	944
90324	2249	2291	1369	2093
90326	463	459	231	467
9033	6	6	2	3
90332	206	131	46	280
90333	974	1162	671	1033
90338	1511	1648	893	1225
9034	562	1745	395	433
90342	31	5	3	12
90352	0	1	0	0
90353	261	451	156	327
90355	1028	2276	1061	1757
90362	76	9	3	30
9037	2978	3112	2988	3045
90378	2081	2896	2093	3103
90379	1679	3095	1773	2026
9038	0	0	0	0
90381	608	190	312	1284
9039	1751	1838	1117	1276
90390	466	566	299	1034
904	2373	1632	1178	2257
9040	2895	3351	2478	4515
90407	1638	1419	1150	2595
90410	779	878	490	675
90411	3615	2599	1279	3129
90416	207	373	260	251
90417	359	348	527	1221
90423	298	281	109	258
90427	1077	596	256	336
9043	3987	3628	1987	3803
9044	2952	2230	1698	2444
90441	2653	2241	830	2205
9045	31890	45904	28710	50723
90459	929	341	707	810
9046	240	71	35	54
9047	409	267	219	516
9048	47	56	62	179
90480	1985	2775	1572	3176
90485	22	5	0	5
90488	1841	1134	564	912
9049	2134	2799	1007	2929
905	2179	2188	979	1857
9050	1205	80	252	405
90506	46	31	36	61
90507	1839	2174	1332	1585
9051	212	83	45	75
9052	17735	23294	45705	37741
90522	1133	1402	1021	1374
90523	4	1	0	0
90525	312	146	1359	613
90527	7	545	25	14
90529	482	511	419	430
9053	5403	4685	3168	5575
9054	1207	1807	580	2095
9055	31	10	16	37
90550	2152	3019	2828	2997
90557	192	162	95	685
9056	492	699	197	1234
9057	909	502	494	1044
90576	322	623	200	224
9058	392	143	57	28
90580	652	707	495	872
90586	12	2	2	4
90589	1	1	0	0
90592	916	1302	400	659
90594	416	429	19	66
9060	2163	3010	3713	3672
9061	2088	1405	1124	1927
90624	856	1204	644	973
90625	5	6	11	15
90627	1515	1563	247	491
9063	592	388	373	707
90634	397	884	45	76
90637	582	893	351	808
90639	1631	1989	884	1657
9064	535	1489	1155	1086
90649	459	741	564	588
90655	0	0	0	0
9066	4623	3157	2400	5400
90665	0	22	0	0
90668	137	493	186	104
90673	504	713	251	494
90678	1949	2576	1209	2317
9068	53	5	4	2
9069	5910	2655	2821	6963
90693	405	371	128	163
9070	2264	827	1510	1345
90701	1565	1277	801	1159
9071	5	1	1	20
9073	0	1	23	1
90736	390	345	236	708
90737	4	1	1	0
9074	0	0	1	2
9075	28301	8448	1755	4835
9076	4269	6516	1906	5338
90768	2	5	0	1
9077	51	9	17	8
90780	2322	2863	1233	3026
9079	358	110	43	179
90799	1889	3709	1399	2641
908	14236	12406	7407	18464
9080	30	83	5	79
90806	1250	1367	891	1368
90809	1799	1446	971	1950
9081	0	0	0	0
9082	0	0	0	0
90826	472	120	235	222
90827	0	0	0	0
9083	0	0	0	0
90835	12	33	14	24
9084	0	0	0	0
90843	2696	1147	636	2158
9085	0	0	0	0
90850	2678	2324	1396	3473
90853	73	59	22	104
90859	9	11	6	16
9086	1	2241	0	29
90861	3815	6488	3674	8604
90864	11	17	9	10
90865	2703	3505	487	6837
9087	0	547	0	2
90871	2138	3852	1426	3855
90874	429	180	331	555
9088	733	717	560	2151
909	53	14	0	1
9091	1535	3010	962	2034
9092	4680	4816	1831	4823
9093	3822	4624	2428	5495
90933	2031	2040	907	1719
9094	1507	1670	784	2256
9095	139	132	64	116
90952	678	669	262	668
90956	1543	1748	1117	1756
90957	1313	698	504	824
9096	40	1025	2	910
9097	2318	1534	1495	3212
9098	23	21	8	9
90987	1139	1321	743	1326
9099	47	100	78	83
90990	835	8152	2133	3405
90993	3275	15538	4638	3498
91	7599	6126	3321	4044
910	30	1	2	0
9100	3419	4048	2548	3899
9101	2374	788	1172	1341
91010	1370	295	261	741
91012	1543	2079	698	1968
9103	58	18	5	27
91039	2947	4544	2292	3946
9104	129	119	3	174
91050	1840	548	679	790
91056	1369	1359	849	1922
91057	579	782	402	1183
9107	1905	1795	1763	1398
91074	0	0	2	2
9108	59	39	49	20
911	130	32	12	6
9110	2655	2052	1370	2831
91107	906	1749	1189	1794
9111	1547	818	385	303
9112	3142	2029	1398	5557
91120	152	316	116	10
9113	1479	1416	730	1383
91133	576	260	7	37
91137	2979	2102	1530	1576
9114	4141	4740	2802	3587
91147	352	243	308	648
91149	1	1	0	1
91151	25	30	10	18
91156	366	5	4289	29
9117	1067	1134	705	1545
91179	281	61	37	186
9118	17	11	2	0
91181	2	4	1	6
9119	47	2	27	49
912	247	125	18	62
9120	113	18	34	30
9121	779	3927	2675	1470
91219	2	2	0	0
9122	353	591	268	242
91227	2	0	0	0
9123	1731	6780	2272	4699
9124	13107	17940	13132	12533
9125	3112	2608	1407	4431
91252	1759	2708	782	1723
9126	2658	2381	1984	5114
9127	29	8	5	5
91272	2600	1816	783	2604
9128	2094	1722	1328	3187
91283	549	748	210	545
91289	2323	2088	1249	2128
9129	3037	3005	1155	3310
91298	750	721	523	849
913	92	23	14	2
9130	5236	5201	2114	6508
91300	4700	4342	4922	5938
91304	6511	5145	3393	6533
9131	3813	3231	2596	6744
91316	70	57	30	46
91319	456	50	45	23
9132	139	152	410	641
9133	1265	576	957	2111
9134	117	89	197	212
9135	1231	678	961	1294
91351	999	588	789	424
91353	0	0	0	0
91355	526	250	208	393
9136	1983	2642	1292	3564
91368	999	1020	481	814
91369	1639	1325	992	2355
91370	30	18	27	28
91373	454	4162	395	1028
9138	6305	10830	3376	8840
91380	0	0	0	0
9139	4301	3246	1143	2886
91392	397	596	219	469
914	395	185	62	79
9140	2652	2928	923	1800
91404	1773	1243	842	1134
91405	3	0	0	1
91408	1302	831	850	1424
91409	22	19	26	105
9141	2966	4804	2581	4611
91419	407	659	221	458
9143	56	362	93	90
91433	1054	815	617	1016
9144	10283	32449	13584	17975
91442	148	112	109	259
91445	1101	737	611	869
9145	194	35	20	70
91452	1983	1433	2083	2512
9146	4934	9261	2609	4767
91461	2312	3851	91	3241
91464	617	2143	514	463
9147	1196	446	785	1430
9148	743	16	383	72
9149	1076	1233	610	549
915	267	113	28	38
9150	1483	1422	983	895
9152	0	0	0	0
91522	25	6	8	20
91523	970	147	283	250
91526	687	327	152	102
9153	10	99	12	2128
9154	3	2	0	6
91543	137	321	56	230
91544	786	831	568	1265
91548	0	1	2	2
9156	326	205	337	1036
91574	709	917	460	903
9158	2509	2780	1470	3255
91582	2538	1433	1646	2673
91584	257	13	65	84
9159	1548	2433	3027	1488
916	537	232	91	64
91603	1248	999	406	926
91607	1106	102	59	176
91608	98	16	4	212
91612	1654	1445	931	1015
91614	855	249	38	262
9162	54	6	11	18
91624	585	81	94	151
91646	6	2	3	6
91647	355	362	513	506
91653	649	40	37	111
9166	1183	1293	1289	1568
91661	525	830	423	534
91662	2	1	0	6
91663	2788	4517	3396	2907
91664	443	620	284	485
9167	4453	5046	1823	4279
9168	58222	83010	34979	92449
91683	7	32	3	9
91687	258	249	151	433
91689	1532	1589	1000	1362
9169	5781	3704	3799	4220
91694	1316	596	846	1127
91695	382	220	138	380
917	124	35	22	14
9170	1267	2143	803	1435
91703	321	390	237	329
9172	225	115	58	158
9173	66	2	14	11
91734	0	0	4	2
91746	4452	2248	1832	3203
91748	1469	1335	1225	2325
91749	706	1251	489	1207
9175	1337	2315	1135	2177
91750	343	224	149	433
91752	4	1	1	0
91754	4179	1749	1381	4341
91768	1502	129	176	376
9177	0	1	0	1
91775	365	223	110	267
91782	3053	1259	2037	1942
9179	1489	1095	561	1092
9180	1017	107	121	274
91801	400	408	166	589
91807	11	3	1	6
9181	5305	7076	3005	3942
9182	115	24	14	32
91828	559	617	209	643
9183	1091	887	581	1496
91833	864	652	555	1257
9184	4280	5393	3918	6822
9185	398	2055	1959	4650
91851	1293	36	65	101
91860	49	22	12	22
91862	1256	1972	985	1276
91869	946	1133	876	1030
9187	1112	171	507	261
91875	514	270	296	700
9188	7766	4272	7601	12601
9189	5716	5230	1629	3250
91893	106	111	58	99
91894	0	2	0	1
919	276	86	32	39
9191	997	1303	707	1118
91937	11	9	1	27
9194	177	13	18	17
91942	999	1425	456	1248
91947	724	576	1133	1122
91948	22	5	32	9
91949	1082	1794	764	1316
9196	67	132	135	98
91966	807	648	340	1156
9197	984	981	544	829
91975	811	257	224	21
91977	31	3	8	10
91978	171	95	133	197
92	703	599	364	433
920	1556	302	293	345
9200	64	144	30	164
92002	1268	1222	725	2614
9201	77	15	6	12
92014	347	207	124	457
92017	832	356	309	690
9202	2457	1178	1122	1963
9203	2397	1638	1269	3639
9204	519	682	404	406
9205	682	1171	671	681
9206	0	0	0	1
9207	8	3	23	1
92070	848	440	390	687
9208	5590	5048	3987	6321
92086	6	0	0	0
9209	1733	3724	1331	1971
92092	559	280	288	663
921	838	91	466	88
9210	0	0	0	0
92104	538	343	96	390
92105	960	973	557	1204
92106	733	1085	643	834
9211	7	1	0	1
9212	646	588	1097	1920
92126	66	13	8	12
92129	5	9	3	3
9213	1431	1225	558	1396
9214	307	257	107	27
92140	8005	5574	7449	10926
9215	909	966	645	837
92154	657	73	224	550
92162	76	85	65	85
9217	3754	3497	1776	4069
92170	185	356	188	249
9218	3362	2324	2442	3556
92181	1585	1348	679	1115
9219	5222	6139	3953	7256
92196	21	1	5	13
922	0	0	0	0
9221	8031	5958	6931	12931
92211	2660	13171	8737	3943
9223	1490	1201	1057	1002
92235	11463	2	7795	592
92241	502	175	117	192
92249	1351	1288	660	1503
92255	1236	1124	695	1096
92259	1013	1556	759	984
9227	3	3	1	7
92270	246	171	161	250
9228	6	6	1	14
92283	274	228	61	97
92285	695	819	277	467
9229	15	0	5	40
92291	239	36	55	117
92292	195	208	2	19
92293	26	22	1	0
923	480	172	173	135
9230	4604	5973	3056	3214
92304	0	1	1	3
92305	2891	2614	2197	2570
9231	1858	1008	1927	2233
92312	2437	511	328	1402
9232	944	1342	926	3028
92335	280	225	182	178
92340	35	19	18	54
92342	262	317	123	335
92344	710	876	254	434
92345	552	260	401	637
92346	65	5	4	17
9235	4723	4510	925	4220
92359	1095	1603	1481	1602
9236	710	411	209	237
92369	25	2	2	4
92370	1054	950	647	1373
9238	7071	11380	5045	9892
92399	2585	3939	1873	4857
924	235	101	69	40
9240	625	406	287	1092
92400	1392	1289	711	1481
9241	4	1	0	2
9242	285	108	24	91
92421	1475	1621	744	1782
92427	10	11	3	8
9244	22	30	13	27
9245	415	2188	1392	3306
9246	1701	2180	637	1163
9247	0	0	0	0
9248	0	0	0	1
92482	429	423	287	354
92483	2	9	6	4
9249	6175	2241	2996	1997
925	112	110	47	148
92507	19	10	2	6
9252	466	543	231	764
92521	1039	6584	910	1374
9253	669	1041	284	623
9254	765	177	465	57
9255	3318	2785	1902	3311
92552	0	0	0	0
92558	1075	1347	728	783
9256	1129	955	453	2023
92565	171	313	216	152
92579	3769	3355	1998	2252
9258	4713	1649	1993	3115
92591	98	86	43	59
92595	422	457	282	404
92597	1889	573	448	1089
926	116	85	17	149
9260	2543	1866	516	2385
92609	2944	3452	2002	4119
9261	5705	6205	3066	6264
92610	449	198	274	678
9262	1450	1311	827	1121
9263	1293	1163	642	1391
9265	1717	1315	597	1562
92659	242	484	147	622
9266	4682	5231	3412	4889
92667	1527	1333	683	1244
9267	3364	5938	2203	3239
92675	987	1227	405	1504
92682	69	89	24	72
92689	1556	1282	1291	1408
92691	27	7	1	10
927	34	40	1	29
9270	1509	2546	1106	3113
92703	1370	1918	1429	1782
9271	124	96	15	131
92714	2630	7072	1870	4292
92715	1551	2388	728	2092
92736	1	2	18	0
92737	30	7	2	6
9274	822	1713	476	1010
92745	3039	586	3013	11685
92747	0	0	1	0
92749	2	1	1	10
9275	2456	2620	1646	3569
92755	41	11	10	30
9276	6507	7127	4482	7528
9277	3015	4372	1742	3378
9278	811	970	500	824
92797	91	39	85	92
92799	3399	5935	2517	3537
928	19963	35596	31770	22132
92806	484	380	136	546
92815	253	444	269	643
9282	4431	3454	3232	6333
92822	943	1516	669	833
9283	51	140	77	129
9284	251	142	122	330
92840	527	523	1184	836
92856	3708	4172	2555	5667
9287	0	0	0	0
9288	0	1	0	1
9289	23169	9967	6515	9871
929	1015	727	172	737
9290	32	16	17	4
92906	1839	1072	839	1295
92912	2664	1262	1348	1516
9292	2	0	0	0
92922	294	212	25	276
9293	1	0	0	1
92935	1017	718	887	1667
9294	348	277	148	392
92949	242	76	205	37
9295	6342	4168	4486	5433
9296	2532	2171	1842	2978
92960	181	262	170	178
92979	1457	2038	988	1715
9299	0	0	0	0
92999	583	276	345	379
93	782	729	274	760
930	141	98	11	48
9300	0	0	0	0
9301	0	0	0	0
93010	146	65	626	143
9302	0	0	0	0
9303	0	0	0	0
93034	9	2	2	6
93035	65	16	8	6
9304	0	0	0	0
93058	244	184	138	245
9306	1190	922	1060	850
9308	325	184	53	305
93081	153	152	86	186
93082	85	45	2	22
93099	744	540	1107	3757
931	394	178	14	1
9310	175	145	104	105
93100	198	5290	1337	1684
93107	0	0	0	1
93109	1043	2154	1012	1659
9311	45	222	220	84
9312	4	1	5	7
93129	306	439	122	560
9313	0	2	1	19
93134	1590	1284	528	961
9314	1677	1949	2445	1275
93144	11	4	7	10
93145	391	755	29	293
9315	153	59	31	74
93164	119	33	46	29
93166	87	34	23	27
9317	1119	741	600	970
9318	3405	1466	1548	2425
93183	1358	1397	657	1236
93185	2781	6834	1710	2820
9319	1025	646	699	2025
93190	0	0	0	0
932	1	0	0	0
9320	9316	5423	3823	7891
93202	1	1	0	0
9321	2170	928	1048	1828
93210	3964	4211	1578	2074
9322	2053	5835	1751	4470
93233	45	46	8	42
9324	1137	1422	700	1020
9325	1424	768	722	740
9326	1284	1015	735	1739
93273	35	12	732	114
9328	3042	2945	1593	3568
9329	2055	1359	1148	2701
933	369	132	7	11
9330	2257	1566	998	2765
9331	442	465	151	318
9332	444	37	53	201
93323	315	561	385	709
9333	1	0	0	0
9334	6594	5449	2938	7563
93343	1338	2704	1354	2552
93349	1241	585	396	675
9337	3423	2979	1501	2697
93377	0	0	0	0
9338	1155	366	301	862
93380	2111	1328	1154	3215
9340	29	6	25	29
93408	1	2	0	0
9341	3718	3163	3046	3847
9342	1180	982	1001	1140
93426	1	4	0	3
9343	7771	5477	4041	9085
93432	1273	84	105	733
93436	1868	2078	1402	2657
9344	3179	3203	2045	3584
93474	223	265	121	252
9348	27	5	6	13
93487	3793	2617	2489	4896
9349	45962	48723	22403	58587
93492	2	2	1	1
935	0	0	0	1
9350	5	4	1	2
9351	2554	3623	1268	3073
93517	575	573	24	276
9352	2533	1970	1389	2329
9353	253	121	258	94
9354	1552	829	1129	2217
9355	8	2	2	4
93550	384	220	212	369
93556	0	0	0	1
9356	0	0	0	0
9358	153	9	3	63
93587	275	86	155	227
93589	201	153	40	208
93594	277	265	321	1029
936	3	0	0	0
9360	3882	3101	1980	3836
9361	7146	5052	3620	8074
93611	857	1322	162	1038
9362	9	13	12	26
93621	11781	4472	4758	9968
93622	662	621	492	1062
93624	1732	765	929	1439
93627	1499	449	500	434
9363	30	13	2	16
9364	599	483	319	598
93643	1766	1994	692	1969
93649	468	57	65	104
9365	322	8	7	5
93650	6	6	6	9
93653	36	13	8	26
93654	0	1	0	4
93659	2	0	0	9
9366	0	0	0	0
93661	0	0	0	0
93663	3504	2632	2427	2091
93664	1892	439	814	228
93668	2	0	1	2
9367	836	795	685	1252
9368	4168	5225	2560	5563
9369	2059	17	165	57
9370	0	0	0	1
9371	5015	3376	2040	6775
9372	989	413	470	740
9373	1959	1955	1267	2841
9374	426	455	271	473
9375	14506	15893	11025	9943
9376	1	1	0	0
9377	7140	5902	4641	7107
9378	15	1	1	0
9379	175	29	10	121
938	15	25	8	5
9380	3016	3481	1862	5405
9381	3	7	26	9
9382	2441	4421	1195	1929
9383	35	28	8	1
9384	6	81	104	101
9385	0	0	0	0
9386	3	8	2	3
9388	1140	2009	1329	3547
9389	5	2	17	4
939	133	63	33	9
9390	5	4	10	6
9391	4846	5540	2701	6684
9392	2715	2022	1159	3497
9394	3477	849	347	1316
93948	3	1	0	1
93953	73	93	43	59
9397	472	1008	421	1247
93973	1294	1044	763	865
93974	3859	6310	3304	3644
93978	0	0	0	0
93979	12	0	0	0
9398	98	45	70	22
93986	760	495	380	17
9399	1105	517	478	467
93997	0	0	0	0
94	2673	8115	4097	2434
940	145	36	17	15
9400	1840	3443	1293	2269
94005	2290	2229	1937	2887
94009	3	15	1	5
9401	1102	1638	1034	3263
94015	144	68	16	445
9402	233	50	20	23
94025	2	3	8	5
94026	5	5	0	2
94027	3	3	0	0
9403	6394	3704	4211	5137
94030	137	25	25	49
94031	3348	313	98	999
94032	26	21	24	38
94033	0	0	0	0
94039	478	764	296	465
9404	1419	357	233	319
94056	2214	3691	3244	7871
94059	515	382	365	925
9406	2895	3615	2057	2291
9407	0	0	2	0
94081	2629	1122	914	2914
94086	15	40	4	1
9409	2116	2813	756	2034
94097	825	1030	190	735
941	29	5	7	12
9410	1304	636	774	1652
94101	2073	3308	957	2163
94103	5425	4164	2363	3386
94104	1833	2124	1344	1749
94107	1139	2069	764	1904
9411	849	173	195	499
94115	0	0	1	2
9412	1054	980	895	1215
94120	152	107	139	115
94121	389	291	279	676
94122	301	98	1458	848
9413	35	17	12	9
94134	2381	3015	1812	2600
94137	47	1	55	7
9414	191	203	123	162
9415	1034	352	802	716
94150	0	0	0	0
94151	0	0	0	0
94158	10	22	14	12
9416	9544	5975	4243	6076
94160	1	0	0	0
94161	41	9	8	11
94162	1	0	0	0
94163	0	0	0	0
9419	873	1418	423	606
942	161	45	28	46
9420	170	103	13	71
9421	0	0	0	10
9422	1163	1051	61	773
9423	555	51	51	67
94233	0	0	3	1
94234	3727	2059	1370	10746
94235	4	1	0	4
94236	1	1	19	0
94239	7343	7482	4001	9158
9424	1104	3151	1729	1690
94240	1501	1622	939	447
94241	1619	1008	1310	377
9425	1181	1258	848	1479
9426	0	0	0	0
9427	33	1	5	3
94274	314	182	32	408
9429	123	20	12	28
94297	0	2	0	0
94298	0	0	0	0
943	54	18	3	13
9430	0	0	0	0
94302	2	2	0	0
94304	0	0	0	0
9431	2	5	3	6
9432	0	0	0	0
9435	258	70	35	74
9436	0	0	0	0
9437	3	0	3	2
9439	1799	1687	1160	1772
944	44	22	13	5
9440	363	329	196	283
9441	272	463	239	422
9442	565	787	328	843
9443	599	827	266	434
9444	1042	216	131	316
9445	12134	22500	7769	5622
9446	3481	5787	3354	6377
9447	37	78	8	30
9448	5451	1961	1429	3929
945	80	14	7	26
9450	116	46	7	23
9451	1079	999	556	1270
9452	325	137	61	87
9453	478	735	445	786
9454	305	311	23	287
9455	98	9	14	56
9456	467	251	207	498
9457	47	13	6	29
9459	715	127	72	155
946	81	3	2	3
9462	1223	905	1726	1430
9463	1859	1509	882	1162
9464	49	7	1	24
9465	558	193	96	937
9466	619	639	954	432
9467	325	43	119	99
9468	15	1	1	9
9469	391	94	42	809
947	1637	559	240	1082
9470	3135	3731	2232	3235
9472	233	34	33	62
9473	772	225	152	369
9474	1819	2348	1174	2640
9475	5711	4632	4003	8623
9476	31	84	14	48
9477	801	800	417	1094
9478	76	216	4	77
9479	469	244	71	232
948	159	46	47	56
9480	209	45	32	208
9481	1020	1033	267	884
9482	745	435	700	902
9486	333	27	7	35
9487	454	803	688	634
9488	541	235	279	289
9489	1356	2130	649	1422
949	6629	5557	4101	6068
9491	9909	6885	3481	6963
9493	947	383	874	1777
9495	185	160	90	74
9496	19	2	1482	9
9497	1083	438	713	821
9498	1444	443	361	136
9499	1	0	0	0
95	59	34	25	51
950	13770	6812	6400	8484
9500	6299	4052	4674	6679
9501	578	474	747	668
9502	0	0	0	0
9506	0	0	0	0
9507	364	114	103	840
9508	26	5	6	10
9509	329	185	85	878
951	601	190	35	123
9510	1025	190	137	540
9512	4415	2961	2254	5234
9513	1309	1104	1285	1708
9514	175	448	75	122
9515	7	84	3	12
9516	4927	8271	2587	5435
9517	4179	5172	4278	8103
9518	11117	11249	2525	7211
9519	772	574	289	967
952	276	106	39	22
9520	3812	3103	2396	3638
9521	292	391	158	310
9522	2437	2793	1627	1951
9524	4865	7931	4274	6770
9525	2109	1839	1702	1962
9526	1584	2262	2275	2291
9527	3138	2150	1619	2916
9528	12480	10984	7667	6161
9529	2695	1649	2122	5334
953	1388	537	386	859
9530	784	387	667	687
9531	1748	2110	2269	2930
9532	211	185	262	1091
9533	1143	1573	1077	2281
9534	796	572	285	469
9535	402	173	54	140
9536	586	486	96	391
9537	3972	9836	2422	5493
9538	4753	6826	4295	11353
954	906	6099	1786	1398
9540	2407	1613	962	1170
9541	1853	2134	727	1588
9542	5	2	1	6
9543	3	0	0	2
9545	1509	639	833	1656
9546	884	726	374	667
9547	14681	2149	16794	4477
955	10574	29423	3862	14243
9550	4154	4330	2506	4067
9551	1478	2344	1377	1591
9552	1386	1114	1574	1295
9553	1311	777	691	1732
9554	1957	709	965	1132
9555	15969	12269	7205	12250
9556	2992	3094	2180	6911
9557	32	19	20	43
9559	2618	3409	2328	3921
956	36	26	69	7
9560	100	58	3	84
9562	1310	992	562	1243
9563	7075	3892	2238	2918
9564	3603	4571	2299	3170
9567	2864	2202	1823	2694
9568	36	4	2	5
95681	974	340	248	1055
9569	8196	5161	2799	4929
957	2082	3635	2077	2101
9570	2542	1980	1112	2416
9572	845	1317	292	1667
9573	2	0	0	0
9575	1985	680	1816	1821
9576	0	0	0	0
9577	1772	1169	793	2013
9578	4982	2275	3482	7326
958	306	91	24	120
9580	1759	1379	1052	1959
9581	2398	1941	1016	1454
9582	87	40	77	110
9583	4189	1549	2879	2006
9584	12414	20411	5021	14158
9585	730	520	1054	1723
9586	902	81	282	224
9587	884	1456	810	1475
9588	4643	9254	4368	11352
9589	2479	3060	1452	2871
959	42	20	19	17
9590	1393	75	181	467
9592	4296	8972	1790	6093
9595	687	115	128	121
9596	0	0	0	0
9597	0	0	0	0
960	17158	11939	11420	20403
9600	2155	4533	2095	2766
9601	25312	11447	8350	26353
9603	3872	5063	1546	5491
9604	2111	2539	1070	1591
9605	371	2326	344	492
9607	4	9	1	2
9609	626	327	513	967
961	4291	5589	3981	5566
9610	1189	2320	501	2411
9611	4954	3323	5106	4478
9612	12936	9217	6496	7983
9615	471	1400	449	468
9616	1795	2860	1372	2085
9617	617	844	501	483
9618	5346	7331	3077	5109
9619	2978	1893	1571	1134
962	126	72	24	24
9620	2205	2157	1486	3329
9622	150	7	2	1
9623	1	1	1	0
9625	193	531	926	635
9626	0	0	0	0
9627	1102	126	72	30
9628	31	3	3	2
9629	1	3	1	8
963	901	224	153	232
9630	310	124	132	236
9631	2328	1352	1022	3452
9632	2249	1340	1531	2070
9633	610	667	250	857
9635	8	1	12	4
9636	1371	844	646	1247
9637	1374	1787	739	909
9638	239	73	23	109
9639	40	43	65	36
9640	3322	1104	1425	1977
9641	745	1618	741	1112
9643	10796	7238	5806	14330
9644	5812	3006	3397	4997
9645	4016	5771	3129	6853
96459	2092	1894	608	1276
9646	2719	1665	1368	2728
9647	1441	770	578	1677
9648	3364	1402	1337	2261
9649	1220	2370	765	1398
965	633	596	649	621
9650	1230	1189	1571	3659
9651	335	259	494	169
9652	4432	3653	2814	3277
9653	2118	818	933	1904
9654	2438	1216	848	2223
9655	912	713	460	600
9656	1712	1176	850	3043
9657	1425	1556	632	1966
9658	1020	628	410	619
9659	1283	971	572	1123
96597	31	31	8	2
966	6345	12358	2916	4952
96610	8	5	7	9
9662	507	242	217	517
96626	0	0	0	1
9663	1927	1304	785	1599
9665	3402	3687	2301	2658
9666	736	403	427	894
9667	3225	4292	2194	3053
9668	560	1127	419	606
9669	5750	3860	3835	9016
967	32314	43387	15623	20056
9670	1779	1148	1045	1203
9671	9	0	2	13
9672	6367	3370	3094	3946
9673	1190	1565	953	1759
9674	1330	3188	1447	2563
9675	2267	1758	651	2804
96764	1782	1123	2469	3315
9677	557	888	814	1046
9678	3337	2462	1605	2858
9679	1834	2517	1389	3121
968	0	1	2	4
9681	736	581	438	647
9682	1075	558	632	775
9683	2291	3263	1291	1988
9684	1314	1480	1104	2034
9685	4939	4721	4333	4584
9686	2706	1285	1009	1252
9687	174	14	14	46
9688	1846	2183	1278	2787
9689	5519	3922	2553	5681
969	131	53	15	7
9690	7260	3964	4660	8862
9692	214	139	198	255
9693	2686	983	1403	2386
9694	1588	1356	1569	2406
9695	2066	2860	1734	2481
9696	2081	1764	635	1537
9697	2747	1744	1044	2365
9698	6180	3006	3389	3987
9699	19	1	3	0
97	348	486	258	462
970	14	16	3	9
9700	1101	637	1168	2086
9701	3366	2862	1635	3909
9702	1256	1166	722	1786
9703	6765	4352	4922	9239
9704	2554	3046	1336	2914
9705	71	0	8	15
9706	915	3514	450	606
9708	0	21	1	1
9709	4484	3814	2087	3175
971	108	80	54	48
9710	2036	1978	970	1366
9711	366	288	297	444
9712	2761	1093	1439	2132
9715	371	1010	62	305
9716	4083	1141	1618	2199
9717	7	25	9	13
9718	0	0	0	0
9719	2551	411	100	309
972	29120	22326	8107	9898
9720	38	5	0	0
9721	482	135	249	156
9722	143	40	89	169
9723	1	1	2	2
9724	0	0	0	0
9725	13908	15978	7571	16543
9726	1813	1812	715	1550
9727	2825	2028	977	3055
9728	2400	775	1118	1100
9729	3	0	0	0
973	1020	323	119	33
9730	2230	1911	1478	2738
9731	1782	912	1104	1436
9732	319	52	271	128
9733	3377	2459	1482	2844
9734	290	80	92	33
9735	1687	1425	1085	2476
9736	3269	1140	1549	2800
9737	517	260	40	330
9738	815	567	377	968
9739	2272	2239	1252	3002
974	112	44	9	12
9741	11926	15163	5990	13197
9742	1195	1463	945	1509
9743	4040	4235	4444	4406
9744	570	288	122	142
9745	60	27	8	10
9746	3680	1719	795	1693
9747	1284	484	608	1290
9748	4243	4476	4694	6362
9749	1414	1258	665	1398
975	21078	18515	7671	31013
9750	358	66	31	142
9751	373	156	33	65
9752	0	0	7	1
9753	263	213	53	422
9754	172	49	41	95
9755	488	453	127	1272
9757	5461	4827	2962	5209
9758	0	1	0	0
9759	1288	988	641	1451
976	7140	9403	7589	10177
9760	1286	46	935	51
9761	36990	25403	14726	24499
9762	2969	3459	1529	2438
9764	626	2863	530	418
9765	1324	822	547	792
9766	3641	1636	1698	2275
9767	1502	827	527	2387
9768	317	151	300	558
977	11464	18400	7952	11533
9770	719	145	137	244
9771	1785	2247	857	1901
9772	5561	8344	4018	6159
9774	5626	4271	3242	5099
9775	4323	5337	3744	6496
9776	2180	3323	1465	3658
9777	7407	11124	4084	11695
9778	3891	1290	1981	2279
9779	3109	2270	1414	1769
978	155	127	94	484
9780	5978	8201	3508	9065
9781	853	342	230	636
9782	128	102	67	134
9783	610	128	177	198
9784	5321	5258	2546	7020
9785	3496	3661	1621	2875
9786	778	368	542	821
9787	826	159	576	1374
9788	1356	596	745	254
9789	1687	2110	910	1776
9790	3207	2821	2451	4872
9791	4817	3365	4404	8793
9792	1181	1313	906	2298
9793	5471	4663	3943	11734
9794	3129	2448	1324	2607
9796	184	54	23	34
9797	1184	1816	759	1639
9798	6204	9109	3625	6489
98	379	316	193	292
9801	1992	1478	1338	3703
9802	11898	16215	8134	11815
9804	11107	11682	8918	18619
9805	3840	2320	274	4644
9806	1513	670	700	231
9807	2066	3019	1581	2234
9808	6	2	0	3
9810	3154	2453	1544	3203
9811	1119	577	465	593
9812	4846	3974	2093	3740
9813	11572	4193	3402	4694
9814	2003	1539	857	1430
9815	704	409	293	400
9816	1060	653	989	1294
9817	4035	5245	2918	4615
9818	2780	2277	1606	3501
9819	1182	1067	899	1373
9820	1949	2326	753	1122
9821	2178	1953	2025	4102
9823	371	354	29	134
9824	933	259	843	1491
9825	1942	2193	939	2596
9826	4263	4828	2042	4022
9827	1443	1649	1076	2599
9828	1524	504	171	1450
9829	211	7	63	277
983	1415	1380	2004	5342
9830	2112	4239	1577	4109
9831	2344	1859	1235	2807
9832	39	3	1	12
9833	789	635	715	2458
9834	184	65	18	6
9836	395	256	249	453
9837	962	916	507	2080
9839	1191	157	115	329
984	1899	1394	1479	1649
9840	147	33	21	8
9841	682	839	445	1022
9842	1804	4164	1594	2207
9843	23900	8420	10393	17039
9844	538	114	72	129
9846	1643	1584	817	2051
9847	3051	1414	2319	2414
9848	167	274	391	237
9849	1833	1607	1577	1663
9851	878	584	654	1000
9852	1398	1828	477	385
9853	1367	1433	107	1294
9854	773	1561	919	1642
9855	3443	2701	2316	4173
9856	99	332	485	1135
9857	1916	1552	1140	2570
9858	2048	3536	911	2693
9859	439	148	157	367
9860	1188	1024	682	980
9861	2269	3038	2085	2296
9862	5813	5117	3864	4928
9863	342	324	78	121
9865	753	51	74	93
9866	1290	883	681	1175
9867	3643	2356	1494	1644
9868	4077	4898	3150	7548
9869	1464	1334	730	1252
987	5822	1840	3973	3738
9870	2327	1381	1470	3043
9871	2218	728	1104	1368
9873	1056	731	465	945
9874	3410	1994	1315	2781
9875	2740	1652	1943	3907
9877	10	2	5	6
9878	2448	1333	1473	3018
9879	3843	2386	1928	3838
988	2692	1859	1515	3039
9880	1064	584	507	1027
9881	1436	1241	672	510
9882	4940	2918	1626	3091
9883	2729	1300	1033	2951
9884	26	132	12	35
9885	3950	7278	1941	4146
9886	1736	594	256	407
9887	10466	5559	3364	6794
9889	2045	1234	1288	2553
989	7206	5828	3133	6116
9890	37	17	12	83
9891	878	107	230	292
9892	31	2	0	0
9894	2950	3769	1395	3355
9895	1443	487	664	1513
9896	1006	1024	802	706
9897	2402	1558	2201	3600
9898	7257	5949	4503	8669
9899	43	7	1	3
990	1117	794	993	2795
9900	213	24	20	127
9901	329	270	148	280
9902	3223	494	279	1085
9903	1285	1376	1022	2292
9904	2081	2320	1239	1533
9905	1811	1048	1323	1412
9906	84	73	32	33
9907	3883	6023	1271	3164
9908	10305	3151	5025	7002
9909	2706	2914	1079	3119
991	1567	826	1863	3170
9910	2295	2847	1166	1748
9911	81	27	13	70
9912	282	807	519	540
9913	2558	2012	779	2838
9914	2815	2482	1466	1508
9915	951	60	28	84
9917	1989	2326	1349	3038
9918	4784	3737	3566	8467
9919	7739	6308	4168	8499
9920	2362	1544	2316	1601
9921	7303	7577	5404	6662
9922	3437	1833	1106	2237
9923	1924	1361	782	1517
9924	2311	2000	1254	1870
9925	930	851	577	1627
9926	3690	4788	2360	3865
9927	5009	3207	2808	4573
9928	340	231	464	837
9929	3111	2777	2487	3699
993	487	875	747	2152
9931	2338	2821	1345	2425
9933	2020	1706	1249	4643
9934	170	19	33	28
9935	529	104	70	121
9936	115	83	22	105
9937	386	538	494	1282
9938	368	146	53	132
9939	1896	2442	1352	2145
994	7851	7714	2351	9499
9940	175	252	95	69
9941	431	298	211	471
9942	601	629	176	907
9943	2526	3685	2786	2874
9945	150	25	16	79
9946	585	823	606	636
9947	0	0	0	1
9948	22768	10233	11003	14769
9949	1696	843	686	1570
995	203	270	227	668
9950	2124	1371	1235	3041
9951	9	0	0	0
9953	165	31	29	56
9955	47	2	7	26
9956	15	1	1	5
9957	735	190	229	471
9958	1899	1824	1473	1577
9959	2	7	0	0
996	2293	1603	1429	2582
9960	2339	592	687	861
9961	14763	40918	11659	12463
9962	2213	1499	472	1661
9963	144	70	10	26
9965	501	8	21	110
9966	916	2176	508	720
9967	6553	3719	4658	5948
9968	3661	2843	1751	4224
9969	4976	3975	2282	4523
997	3617	2211	2965	3533
9970	8	23	15	31
9971	85	50	21	2
9972	2649	1963	1476	3371
9973	1739	2309	672	1869
9975	1301	1832	773	892
9976	118	47	16	43
9978	1607	1552	1146	1303
998	8179	5347	5787	6709
9980	3007	1864	2674	2980
9982	243	198	937	1353
9984	830	716	424	1011
9985	405	915	223	723
9986	999	1933	498	1516
9987	11627	6885	6883	9371
9988	2812	1955	1672	2488
9989	2040	1231	1354	1834
999	30660	35069	13756	22556
9990	1350	662	587	746
9991	13549	8898	5050	11095
9992	0	0	0	0
9993	6675	5061	3993	5503
9994	641	693	399	1080
9995	0	0	0	0
9997	15	17	9	17
